Season,Week,TRUFFLE,Pos,Player,NFL,Opp,OpRk,PaCmp,PaAtt,PaYd,PaTD,PaInt,RuAtt,RuYd,RuTD,RuFD,Tar,Rec,ReYd,ReTD,ReFD,FL,Avg,FPts
2024,1,AFL,QB,Jayden Daniels,WAS,@TB,31,17.0,24.0,184.0,0.0,0.0,16.0,88.0,2.0,8.0,0.0,0.0,0.0,0.0,0.0,0.0,36.16,36.16
2024,1,AFL,WR,AJ Brown,PHI,GB,26,0.0,0.0,0.0,0.0,0.0,0.0,0.0,0.0,0.0,10.0,5.0,119.0,1.0,5.0,0.0,22.9,22.9
2024,1,AFL,RB,Jahmyr Gibbs,DET,LAR,30,0.0,0.0,0.0,0.0,0.0,11.0,40.0,1.0,3.0,6.0,4.0,34.0,0.0,2.0,0.0,18.4,18.4
2024,1,AFL,QB,Kyler Murray,ARI,@BUF,13,21.0,31.0,162.0,1.0,0.0,5.0,57.0,0.0,3.0,0.0,0.0,0.0,0.0,0.0,1.0,17.18,17.18
2024,1,AFL,TE,Brock Bowers,LV,@LAC,20,0.0,0.0,0.0,0.0,0.0,0.0,0.0,0.0,0.0,8.0,6.0,58.0,0.0,3.0,0.0,8.8,8.8
2024,1,AFL,WR,Zay Flowers,BAL,@KC,9,0.0,0.0,0.0,0.0,0.0,2.0,14.0,0.0,0.0,10.0,6.0,37.0,0.0,1.0,0.0,6.1,6.1
2024,1,AFL,RB,D'Andre Swift,CHI,TEN,11,0.0,0.0,0.0,0.0,0.0,10.0,30.0,0.0,1.0,1.0,0.0,0.0,0.0,0.0,0.0,6,6.0
2024,1,AFL,TE,Travis Kelce,KC,BAL,27,0.0,0.0,0.0,0.0,0.0,0.0,0.0,0.0,0.0,4.0,3.0,34.0,0.0,2.0,0.0,5.4,5.4
2024,1,AFL,RB,Jaleel McLaughlin,DEN,@SEA,22,0.0,0.0,0.0,0.0,0.0,10.0,27.0,0.0,2.0,5.0,5.0,1.0,0.0,0.0,1.0,2.8,2.8
2024,1,AFL,RB,Dameon Pierce,HOU,@IND,26,0.0,0.0,0.0,0.0,0.0,3.0,16.0,0.0,1.0,0.0,0.0,0.0,0.0,0.0,0.0,2.6,2.6
2024,1,AFL,WR,Chris Olave,NO,CAR,23,0.0,0.0,0.0,0.0,0.0,0.0,0.0,0.0,0.0,2.0,2.0,11.0,0.0,1.0,0.0,2.1,2.1
2024,1,AFL,WR,Curtis Samuel,BUF,ARI,17,0.0,0.0,0.0,0.0,0.0,0.0,0.0,0.0,0.0,2.0,2.0,15.0,0.0,0.0,0.0,1.5,1.5
2024,1,AFL,TE,Greg Dulcich,DEN,@SEA,26,0.0,0.0,0.0,0.0,0.0,0.0,0.0,0.0,0.0,3.0,2.0,12.0,0.0,0.0,0.0,1.2,1.2
2024,1,AFL,WR,Adonai Mitchell,IND,HOU,20,0.0,0.0,0.0,0.0,0.0,0.0,0.0,0.0,0.0,5.0,1.0,2.0,0.0,0.0,0.0,0.2,0.2
2024,1,AFL,QB,Spencer Rattler,NO,CAR,26,0.0,0.0,0.0,0.0,0.0,0.0,0.0,0.0,0.0,0.0,0.0,0.0,0.0,0.0,0.0,-,0.0
2024,1,AFL,WR,Jahan Dotson,PHI,GB,26,0.0,0.0,0.0,0.0,0.0,0.0,0.0,0.0,0.0,1.0,0.0,0.0,0.0,0.0,0.0,0,0.0
2024,1,AFL,WR,Tee Higgins,CIN,NE,15,0.0,0.0,0.0,0.0,0.0,0.0,0.0,0.0,0.0,0.0,0.0,0.0,0.0,0.0,0.0,-,0.0
2024,1,AFL,QB,Russell Wilson,PIT,@ATL,24,0.0,0.0,0.0,0.0,0.0,0.0,0.0,0.0,0.0,0.0,0.0,0.0,0.0,0.0,0.0,-,0.0
2024,1,AFL,DST,Cowboys,DAL,@CLE,29,,,,,,,,,,,,,,,,21,21.0
2024,1,CC,RB,David Montgomery,DET,LAR,29,0.0,0.0,0.0,0.0,0.0,17.0,91.0,1.0,6.0,1.0,1.0,2.0,0.0,0.0,0.0,21.3,21.3
2024,1,CC,WR,Deebo Samuel,SF,NYJ,7,0.0,0.0,0.0,0.0,0.0,8.0,23.0,1.0,1.0,9.0,5.0,54.0,0.0,3.0,0.0,17.7,17.7
2024,1,CC,RB,James Cook,BUF,ARI,27,0.0,0.0,0.0,0.0,0.0,19.0,71.0,0.0,3.0,3.0,3.0,32.0,0.0,1.0,0.0,14.3,14.3
2024,1,CC,WR,Brian Thomas,JAC,@MIA,4,0.0,0.0,0.0,0.0,0.0,0.0,0.0,0.0,0.0,4.0,4.0,47.0,1.0,3.0,0.0,13.7,13.7
2024,1,CC,WR,George Pickens,PIT,@ATL,19,0.0,0.0,0.0,0.0,0.0,1.0,-10.0,0.0,0.0,7.0,6.0,85.0,0.0,4.0,0.0,12.5,12.5
2024,1,CC,QB,Brock Purdy,SF,NYJ,3,19.0,29.0,231.0,0.0,0.0,1.0,11.0,0.0,1.0,0.0,0.0,0.0,0.0,0.0,0.0,11.34,11.34
2024,1,CC,QB,Daniel Jones,NYG,MIN,8,22.0,42.0,186.0,0.0,2.0,6.0,15.0,0.0,2.0,0.0,0.0,0.0,0.0,0.0,0.0,6.94,6.94
2024,1,CC,TE,Trey McBride,ARI,@BUF,11,0.0,0.0,0.0,0.0,0.0,0.0,0.0,0.0,0.0,9.0,5.0,30.0,0.0,2.0,0.0,5,5.0
2024,1,CC,WR,DK Metcalf,SEA,DEN,2,0.0,0.0,0.0,0.0,0.0,0.0,0.0,0.0,0.0,4.0,3.0,29.0,0.0,2.0,0.0,4.9,4.9
2024,1,CC,WR,Quentin Johnston,LAC,LV,16,0.0,0.0,0.0,0.0,0.0,0.0,0.0,0.0,0.0,5.0,3.0,38.0,0.0,1.0,0.0,4.8,4.8
2024,1,CC,WR,Amon-Ra St Brown,DET,LAR,22,0.0,0.0,0.0,0.0,0.0,0.0,0.0,0.0,0.0,6.0,3.0,13.0,0.0,0.0,0.0,1.3,1.3
2024,1,CC,WR,Ja'Lynn Polk,NE,@CIN,18,0.0,0.0,0.0,0.0,0.0,0.0,0.0,0.0,0.0,1.0,1.0,6.0,0.0,0.0,0.0,0.6,0.6
2024,1,CC,RB,Antonio Gibson Dead Cap,NE,0,0,0.0,0.0,0.0,0.0,0.0,0.0,0.0,0.0,0.0,0.0,0.0,0.0,0.0,0.0,0.0,-,0.0
2024,1,CC,QB,Drake Maye,NE,@CIN,29,0.0,0.0,0.0,0.0,0.0,0.0,0.0,0.0,0.0,0.0,0.0,0.0,0.0,0.0,0.0,-,0.0
2024,1,CC,WR,Javon Baker,NE,@CIN,18,0.0,0.0,0.0,0.0,0.0,0.0,0.0,0.0,0.0,0.0,0.0,0.0,0.0,0.0,0.0,-,0.0
2024,1,CC,WR,Ricky Pearsall,SF,NYJ,7,0.0,0.0,0.0,0.0,0.0,0.0,0.0,0.0,0.0,0.0,0.0,0.0,0.0,0.0,0.0,-,0.0
2024,1,CC,RB,Jonathon Brooks,CAR,@NO,12,0.0,0.0,0.0,0.0,0.0,0.0,0.0,0.0,0.0,0.0,0.0,0.0,0.0,0.0,0.0,-,0.0
2024,1,CC,WR,Malachi Corley,NYJ,@SF,14,0.0,0.0,0.0,0.0,0.0,0.0,0.0,0.0,0.0,0.0,0.0,0.0,0.0,0.0,0.0,0,0.0
2024,1,CC,DST,Browns,CLE,DAL,10,,,,,,,,,,,,,,,,2,2.0
2024,1,CRB,TE,Isaiah Likely,BAL,@KC,32,0.0,0.0,0.0,0.0,0.0,0.0,0.0,0.0,0.0,12.0,9.0,111.0,1.0,5.0,0.0,22.1,22.1
2024,1,CRB,RB,De'Von Achane,MIA,JAC,23,0.0,0.0,0.0,0.0,0.0,10.0,24.0,1.0,1.0,7.0,7.0,76.0,0.0,2.0,0.0,19,19.0
2024,1,CRB,QB,Jalen Hurts,PHI,GB,12,20.0,34.0,278.0,2.0,2.0,13.0,33.0,0.0,2.0,0.0,0.0,0.0,0.0,0.0,1.0,18.42,18.42
2024,1,CRB,RB,Josh Jacobs,GB,@PHI,19,0.0,0.0,0.0,0.0,0.0,16.0,84.0,0.0,4.0,3.0,2.0,20.0,0.0,1.0,0.0,15.4,15.4
2024,1,CRB,RB,Jonathan Taylor,IND,HOU,9,0.0,0.0,0.0,0.0,0.0,16.0,48.0,1.0,4.0,0.0,0.0,0.0,0.0,0.0,0.0,14.8,14.8
2024,1,CRB,QB,Bo Nix,DEN,@SEA,19,26.0,42.0,138.0,0.0,2.0,5.0,35.0,1.0,3.0,0.0,0.0,0.0,0.0,0.0,0.0,14.02,14.02
2024,1,CRB,WR,DeVonta Smith,PHI,GB,26,0.0,0.0,0.0,0.0,0.0,0.0,0.0,0.0,0.0,8.0,7.0,84.0,0.0,5.0,0.0,13.4,13.4
2024,1,CRB,WR,Jalen McMillan,TB,WAS,27,0.0,0.0,0.0,0.0,0.0,0.0,0.0,0.0,0.0,3.0,1.0,32.0,1.0,1.0,0.0,10.2,10.2
2024,1,CRB,WR,Davante Adams,LV,@LAC,3,0.0,0.0,0.0,0.0,0.0,0.0,0.0,0.0,0.0,6.0,5.0,59.0,0.0,3.0,0.0,8.9,8.9
2024,1,CRB,WR,Romeo Doubs,GB,@PHI,30,0.0,0.0,0.0,0.0,0.0,0.0,0.0,0.0,0.0,7.0,4.0,50.0,0.0,2.0,0.0,7,7.0
2024,1,CRB,WR,Courtland Sutton,DEN,@SEA,10,0.0,0.0,0.0,0.0,0.0,0.0,0.0,0.0,0.0,12.0,4.0,38.0,0.0,2.0,0.0,5.8,5.8
2024,1,CRB,WR,Keenan Allen,CHI,TEN,1,0.0,0.0,0.0,0.0,0.0,0.0,0.0,0.0,0.0,11.0,4.0,29.0,0.0,2.0,0.0,4.9,4.9
2024,1,CRB,RB,Zamir White,LV,@LAC,5,0.0,0.0,0.0,0.0,0.0,13.0,44.0,0.0,1.0,2.0,2.0,2.0,0.0,0.0,1.0,3.6,3.6
2024,1,CRB,WR,Luke McCaffrey,WAS,@TB,25,0.0,0.0,0.0,0.0,0.0,0.0,0.0,0.0,0.0,3.0,3.0,18.0,0.0,1.0,0.0,2.8,2.8
2024,1,CRB,RB,Antonio Gibson,NE,@CIN,25,0.0,0.0,0.0,0.0,0.0,7.0,18.0,0.0,0.0,0.0,0.0,0.0,0.0,0.0,0.0,1.8,1.8
2024,1,CRB,WR,Mike Williams,NYJ,@SF,14,0.0,0.0,0.0,0.0,0.0,0.0,0.0,0.0,0.0,0.0,0.0,0.0,0.0,0.0,0.0,0,0.0
2024,1,CRB,TE,Ben Sinnott,WAS,@TB,10,0.0,0.0,0.0,0.0,0.0,0.0,0.0,0.0,0.0,0.0,0.0,0.0,0.0,0.0,0.0,0,0.0
2024,1,CRB,DST,Dolphins,MIA,JAC,20,7.0,7.0,,,,,,,,,,,,,,,
2024,1,CRB,DST,Texans,HOU,@IND,14,,,,,,,,,,,,,,,,6,6.0
2024,1,ELP,QB,Josh Allen,BUF,ARI,27,18.0,23.0,232.0,2.0,0.0,9.0,39.0,2.0,4.0,0.0,0.0,0.0,0.0,0.0,1.0,35.18,35.18
2024,1,ELP,WR,Jayden Reed,GB,@PHI,30,0.0,0.0,0.0,0.0,0.0,1.0,33.0,1.0,1.0,6.0,4.0,138.0,1.0,3.0,0.0,33.1,33.1
2024,1,ELP,WR,Jameson Williams,DET,LAR,22,0.0,0.0,0.0,0.0,0.0,1.0,13.0,0.0,1.0,9.0,5.0,121.0,1.0,3.0,0.0,23.4,23.4
2024,1,ELP,WR,Tyreek Hill,MIA,JAC,32,0.0,0.0,0.0,0.0,0.0,0.0,0.0,0.0,0.0,12.0,7.0,130.0,1.0,4.0,0.0,23,23.0
2024,1,ELP,RB,Kenneth Walker,SEA,DEN,10,0.0,0.0,0.0,0.0,0.0,20.0,103.0,1.0,4.0,3.0,2.0,6.0,0.0,1.0,0.0,21.9,21.9
2024,1,ELP,RB,Jerome Ford,CLE,DAL,28,0.0,0.0,0.0,0.0,0.0,12.0,44.0,1.0,2.0,7.0,6.0,25.0,0.0,0.0,0.0,14.9,14.9
2024,1,ELP,WR,Khalil Shakir,BUF,ARI,17,0.0,0.0,0.0,0.0,0.0,0.0,0.0,0.0,0.0,3.0,3.0,42.0,1.0,2.0,0.0,12.2,12.2
2024,1,ELP,WR,Jalen Nailor,MIN,@NYG,11,0.0,0.0,0.0,0.0,0.0,0.0,0.0,0.0,0.0,1.0,1.0,21.0,1.0,1.0,0.0,9.1,9.1
2024,1,ELP,QB,Kirk Cousins,ATL,PIT,7,16.0,26.0,155.0,1.0,2.0,1.0,0.0,0.0,0.0,0.0,0.0,0.0,0.0,0.0,0.0,6.2,6.2
2024,1,ELP,WR,Xavier Legette,CAR,@NO,12,0.0,0.0,0.0,0.0,0.0,0.0,0.0,0.0,0.0,7.0,4.0,35.0,0.0,2.0,0.0,5.5,5.5
2024,1,ELP,TE,Theo Johnson,NYG,MIN,25,0.0,0.0,0.0,0.0,0.0,0.0,0.0,0.0,0.0,4.0,1.0,18.0,0.0,1.0,0.0,2.8,2.8
2024,1,ELP,RB,Audric Estime,DEN,@SEA,22,0.0,0.0,0.0,0.0,0.0,2.0,14.0,0.0,1.0,0.0,0.0,0.0,0.0,0.0,0.0,2.4,2.4
2024,1,ELP,TE,Mark Andrews,BAL,@KC,32,0.0,0.0,0.0,0.0,0.0,0.0,0.0,0.0,0.0,2.0,2.0,14.0,0.0,1.0,0.0,2.4,2.4
2024,1,ELP,WR,Demario Douglas,NE,@CIN,18,0.0,0.0,0.0,0.0,0.0,0.0,0.0,0.0,0.0,3.0,2.0,12.0,0.0,1.0,0.0,2.2,2.2
2024,1,ELP,RB,Khalil Herbert,CHI,TEN,11,0.0,0.0,0.0,0.0,0.0,2.0,4.0,0.0,1.0,0.0,0.0,0.0,0.0,0.0,0.0,1.4,1.4
2024,1,ELP,RB,Tyrone Tracy,NYG,MIN,1,0.0,0.0,0.0,0.0,0.0,2.0,2.0,0.0,0.0,3.0,1.0,5.0,0.0,0.0,0.0,0.7,0.7
2024,1,ELP,RB,Nick Chubb,CLE,DAL,28,0.0,0.0,0.0,0.0,0.0,0.0,0.0,0.0,0.0,0.0,0.0,0.0,0.0,0.0,0.0,-,0.0
2024,1,ELP,WR,Jordan Whittington,LAR,@DET,28,0.0,0.0,0.0,0.0,0.0,0.0,0.0,0.0,0.0,0.0,0.0,0.0,0.0,0.0,0.0,0,0.0
2024,1,ELP,WR,Odell Beckham,MIA,JAC,32,0.0,0.0,0.0,0.0,0.0,0.0,0.0,0.0,0.0,0.0,0.0,0.0,0.0,0.0,0.0,-,0.0
2024,1,ELP,WR,Marvin Mims,DEN,@SEA,10,0.0,0.0,0.0,0.0,0.0,0.0,0.0,0.0,0.0,1.0,0.0,0.0,0.0,0.0,0.0,0,0.0
2024,1,ELP,DST,49ers,SF,NYJ,23,,,,,,,,,,,,,,,,8,8.0
2024,1,FRR,RB,Jordan Mason,SF,NYJ,9,0.0,0.0,0.0,0.0,0.0,28.0,147.0,1.0,8.0,1.0,1.0,5.0,0.0,1.0,0.0,30.2,30.2
2024,1,FRR,RB,Rhamondre Stevenson,NE,@CIN,25,0.0,0.0,0.0,0.0,0.0,25.0,120.0,1.0,8.0,3.0,3.0,6.0,0.0,0.0,0.0,26.6,26.6
2024,1,FRR,RB,Isiah Pacheco,KC,BAL,3,0.0,0.0,0.0,0.0,0.0,15.0,45.0,1.0,2.0,3.0,2.0,33.0,0.0,2.0,0.0,17.8,17.8
2024,1,FRR,QB,Sam Darnold,MIN,@NYG,18,19.0,24.0,208.0,2.0,1.0,3.0,3.0,0.0,1.0,0.0,0.0,0.0,0.0,0.0,0.0,15.62,15.62
2024,1,FRR,WR,Jaylen Waddle,MIA,JAC,32,0.0,0.0,0.0,0.0,0.0,1.0,3.0,0.0,0.0,5.0,5.0,109.0,0.0,4.0,0.0,15.2,15.2
2024,1,FRR,QB,Patrick Mahomes,KC,BAL,28,20.0,28.0,291.0,1.0,1.0,2.0,3.0,0.0,1.0,1.0,1.0,2.0,0.0,0.0,0.0,15.14,15.14
2024,1,FRR,RB,Rachaad White,TB,WAS,18,0.0,0.0,0.0,0.0,0.0,15.0,31.0,0.0,1.0,6.0,6.0,75.0,0.0,2.0,0.0,13.6,13.6
2024,1,FRR,QB,Trevor Lawrence,JAC,@MIA,2,12.0,21.0,162.0,1.0,0.0,1.0,8.0,0.0,1.0,0.0,0.0,0.0,0.0,0.0,0.0,12.28,12.28
2024,1,FRR,QB,Gardner Minshew,LV,@LAC,4,25.0,33.0,257.0,1.0,1.0,3.0,5.0,0.0,0.0,0.0,0.0,0.0,0.0,0.0,1.0,10.78,10.78
2024,1,FRR,WR,Ja'Marr Chase,CIN,NE,15,0.0,0.0,0.0,0.0,0.0,0.0,0.0,0.0,0.0,6.0,6.0,62.0,0.0,3.0,0.0,9.2,9.2
2024,1,FRR,WR,Greg Dortch,ARI,@BUF,5,0.0,0.0,0.0,0.0,0.0,1.0,4.0,0.0,0.0,8.0,6.0,47.0,0.0,4.0,0.0,9.1,9.1
2024,1,FRR,WR,Tank Dell,HOU,@IND,24,0.0,0.0,0.0,0.0,0.0,2.0,19.0,0.0,1.0,7.0,3.0,40.0,0.0,2.0,0.0,8.9,8.9
2024,1,FRR,TE,Taysom Hill,NO,CAR,29,0.0,0.0,0.0,0.0,0.0,5.0,35.0,0.0,4.0,2.0,1.0,1.0,0.0,0.0,0.0,7.6,7.6
2024,1,FRR,WR,Drake London,ATL,PIT,13,0.0,0.0,0.0,0.0,0.0,0.0,0.0,0.0,0.0,3.0,2.0,15.0,0.0,1.0,0.0,2.5,2.5
2024,1,FRR,TE,Dalton Kincaid,BUF,ARI,18,0.0,0.0,0.0,0.0,0.0,0.0,0.0,0.0,0.0,2.0,1.0,11.0,0.0,1.0,0.0,2.1,2.1
2024,1,FRR,TE,TJ Hockenson,MIN,@NYG,9,0.0,0.0,0.0,0.0,0.0,0.0,0.0,0.0,0.0,0.0,0.0,0.0,0.0,0.0,0.0,-,0.0
2024,1,FRR,RB,Blake Corum,LAR,@DET,4,0.0,0.0,0.0,0.0,0.0,0.0,0.0,0.0,0.0,0.0,0.0,0.0,0.0,0.0,0.0,0,0.0
2024,1,FRR,WR,Roman Wilson,PIT,@ATL,19,0.0,0.0,0.0,0.0,0.0,0.0,0.0,0.0,0.0,0.0,0.0,0.0,0.0,0.0,0.0,-,0.0
2024,1,FRR,WR,Marquise Brown,KC,BAL,31,0.0,0.0,0.0,0.0,0.0,0.0,0.0,0.0,0.0,0.0,0.0,0.0,0.0,0.0,0.0,-,0.0
2024,1,FRR,DST,Steelers,PIT,@ATL,10,,,,,,,,,,,,,,,,14,14.0
2024,1,GF,RB,JK Dobbins,LAC,LV,24,0.0,0.0,0.0,0.0,0.0,10.0,135.0,1.0,4.0,3.0,3.0,4.0,0.0,0.0,0.0,23.9,23.9
2024,1,GF,RB,Aaron Jones,MIN,@NYG,14,0.0,0.0,0.0,0.0,0.0,14.0,94.0,1.0,6.0,2.0,2.0,15.0,0.0,0.0,0.0,22.9,22.9
2024,1,GF,RB,Brian Robinson,WAS,@TB,13,0.0,0.0,0.0,0.0,0.0,12.0,40.0,1.0,3.0,4.0,3.0,49.0,0.0,1.0,0.0,18.9,18.9
2024,1,GF,QB,Jordan Love,GB,@PHI,17,17.0,34.0,260.0,2.0,1.0,0.0,0.0,0.0,0.0,0.0,0.0,0.0,0.0,0.0,0.0,16.4,16.4
2024,1,GF,RB,Ezekiel Elliott,DAL,@CLE,16,0.0,0.0,0.0,0.0,0.0,10.0,40.0,1.0,2.0,2.0,2.0,9.0,0.0,1.0,0.0,13.9,13.9
2024,1,GF,WR,Brandin Cooks,DAL,@CLE,21,0.0,0.0,0.0,0.0,0.0,1.0,5.0,0.0,0.0,7.0,4.0,40.0,1.0,2.0,0.0,12.5,12.5
2024,1,GF,QB,Bryce Young,CAR,@NO,5,13.0,30.0,161.0,0.0,2.0,4.0,12.0,1.0,1.0,0.0,0.0,0.0,0.0,0.0,0.0,10.64,10.64
2024,1,GF,WR,Christian Watson,GB,@PHI,30,0.0,0.0,0.0,0.0,0.0,0.0,0.0,0.0,0.0,5.0,3.0,13.0,1.0,1.0,0.0,8.3,8.3
2024,1,GF,WR,Calvin Ridley,TEN,@CHI,6,0.0,0.0,0.0,0.0,0.0,0.0,0.0,0.0,0.0,7.0,3.0,50.0,0.0,2.0,0.0,7,7.0
2024,1,GF,WR,Adam Thielen,CAR,@NO,11,0.0,0.0,0.0,0.0,0.0,0.0,0.0,0.0,0.0,4.0,3.0,49.0,0.0,2.0,0.0,6.9,6.9
2024,1,GF,WR,Michael Pittman,IND,HOU,20,0.0,0.0,0.0,0.0,0.0,0.0,0.0,0.0,0.0,8.0,4.0,31.0,0.0,1.0,0.0,4.1,4.1
2024,1,GF,WR,Jaxon Smith-Njigba,SEA,DEN,2,0.0,0.0,0.0,0.0,0.0,0.0,0.0,0.0,0.0,2.0,2.0,19.0,0.0,2.0,0.0,3.9,3.9
2024,1,GF,RB,Gus Edwards,LAC,LV,24,0.0,0.0,0.0,0.0,0.0,11.0,26.0,0.0,1.0,1.0,1.0,2.0,0.0,0.0,0.0,3.8,3.8
2024,1,GF,TE,Jake Ferguson,DAL,@CLE,6,0.0,0.0,0.0,0.0,0.0,0.0,0.0,0.0,0.0,5.0,3.0,15.0,0.0,0.0,0.0,1.5,1.5
2024,1,GF,QB,Michael Penix,ATL,PIT,7,0.0,0.0,0.0,0.0,0.0,0.0,0.0,0.0,0.0,0.0,0.0,0.0,0.0,0.0,0.0,-,0.0
2024,1,GF,TE,Luke Musgrave,GB,@PHI,4,0.0,0.0,0.0,0.0,0.0,0.0,0.0,0.0,0.0,2.0,0.0,0.0,0.0,0.0,0.0,0,0.0
2024,1,GF,QB,JJ McCarthy,MIN,@NYG,18,0.0,0.0,0.0,0.0,0.0,0.0,0.0,0.0,0.0,0.0,0.0,0.0,0.0,0.0,0.0,-,0.0
2024,1,GF,RB,MarShawn Lloyd,GB,@PHI,19,0.0,0.0,0.0,0.0,0.0,0.0,0.0,0.0,0.0,0.0,0.0,0.0,0.0,0.0,0.0,-,0.0
2024,1,GF,WR,Dontayvion Wicks,GB,@PHI,30,0.0,0.0,0.0,0.0,0.0,0.0,0.0,0.0,0.0,3.0,0.0,0.0,0.0,0.0,0.0,0,0.0
2024,1,GF,DST,Packers,GB,@PHI,25,,,,,,,,,,,,,,,,9,9.0
2024,1,MAM,RB,Saquon Barkley,PHI,GB,17,0.0,0.0,0.0,0.0,0.0,24.0,109.0,2.0,6.0,2.0,2.0,23.0,1.0,1.0,0.0,38.2,38.2
2024,1,MAM,RB,Alvin Kamara,NO,CAR,32,0.0,0.0,0.0,0.0,0.0,15.0,83.0,1.0,5.0,5.0,5.0,27.0,0.0,0.0,0.0,22,22.0
2024,1,MAM,RB,James Conner,ARI,@BUF,31,0.0,0.0,0.0,0.0,0.0,16.0,50.0,1.0,3.0,4.0,3.0,33.0,0.0,1.0,0.0,20.3,20.3
2024,1,MAM,QB,Tua Tagovailoa,MIA,JAC,32,23.0,37.0,338.0,1.0,0.0,1.0,11.0,0.0,1.0,0.0,0.0,0.0,0.0,0.0,0.0,19.62,19.62
2024,1,MAM,QB,Geno Smith,SEA,DEN,6,18.0,25.0,171.0,1.0,1.0,4.0,30.0,1.0,1.0,0.0,0.0,0.0,0.0,0.0,0.0,18.84,18.84
2024,1,MAM,WR,Rashid Shaheed,NO,CAR,23,0.0,0.0,0.0,0.0,0.0,0.0,0.0,0.0,0.0,5.0,3.0,73.0,1.0,2.0,0.0,15.3,15.3
2024,1,MAM,WR,Rashee Rice,KC,BAL,31,0.0,0.0,0.0,0.0,0.0,0.0,0.0,0.0,0.0,9.0,7.0,103.0,0.0,5.0,0.0,15.3,15.3
2024,1,MAM,WR,Jerry Jeudy,CLE,DAL,8,0.0,0.0,0.0,0.0,0.0,0.0,0.0,0.0,0.0,8.0,3.0,25.0,1.0,2.0,0.0,10.5,10.5
2024,1,MAM,WR,Garrett Wilson,NYJ,@SF,14,0.0,0.0,0.0,0.0,0.0,0.0,0.0,0.0,0.0,11.0,6.0,60.0,0.0,3.0,0.0,9,9.0
2024,1,MAM,QB,Caleb Williams,CHI,TEN,14,14.0,29.0,93.0,0.0,0.0,5.0,15.0,0.0,1.0,0.0,0.0,0.0,0.0,0.0,0.0,8.22,8.22
2024,1,MAM,WR,DJ Moore,CHI,TEN,1,0.0,0.0,0.0,0.0,0.0,1.0,14.0,0.0,1.0,8.0,5.0,36.0,0.0,2.0,0.0,8,8.0
2024,1,MAM,WR,Michael Wilson,ARI,@BUF,5,0.0,0.0,0.0,0.0,0.0,0.0,0.0,0.0,0.0,2.0,1.0,5.0,1.0,1.0,0.0,7.5,7.5
2024,1,MAM,TE,David Njoku,CLE,DAL,12,0.0,0.0,0.0,0.0,0.0,0.0,0.0,0.0,0.0,5.0,4.0,44.0,0.0,1.0,0.0,5.4,5.4
2024,1,MAM,RB,Jaylen Warren,PIT,@ATL,6,0.0,0.0,0.0,0.0,0.0,2.0,7.0,0.0,1.0,2.0,2.0,13.0,0.0,0.0,0.0,3,3.0
2024,1,MAM,RB,Kenneth Gainwell,PHI,GB,17,0.0,0.0,0.0,0.0,0.0,1.0,2.0,0.0,0.0,1.0,1.0,10.0,0.0,1.0,0.0,2.2,2.2
2024,1,MAM,TE,Dalton Schultz,HOU,@IND,30,0.0,0.0,0.0,0.0,0.0,0.0,0.0,0.0,0.0,3.0,3.0,16.0,0.0,0.0,0.0,1.6,1.6
2024,1,MAM,WR,Jermaine Burton,CIN,NE,15,0.0,0.0,0.0,0.0,0.0,0.0,0.0,0.0,0.0,0.0,0.0,0.0,0.0,0.0,0.0,0,0.0
2024,1,MAM,RB,Roschon Johnson,CHI,TEN,11,0.0,0.0,0.0,0.0,0.0,0.0,0.0,0.0,0.0,0.0,0.0,0.0,0.0,0.0,0.0,-,0.0
2024,1,MAM,RB,Kendre Miller,NO,CAR,32,0.0,0.0,0.0,0.0,0.0,0.0,0.0,0.0,0.0,0.0,0.0,0.0,0.0,0.0,0.0,-,0.0
2024,1,MAM,DST,Ravens,BAL,@KC,10,,,,,,,,,,,,,,,,5,5.0
2024,1,MCM,RB,Joe Mixon,HOU,@IND,26,0.0,0.0,0.0,0.0,0.0,30.0,159.0,1.0,9.0,3.0,3.0,19.0,0.0,1.0,0.0,33.8,33.8
2024,1,MCM,QB,Derek Carr,NO,CAR,26,19.0,23.0,200.0,3.0,0.0,2.0,13.0,0.0,1.0,0.0,0.0,0.0,0.0,0.0,0.0,22.3,22.3
2024,1,MCM,RB,Zack Moss,CIN,NE,20,0.0,0.0,0.0,0.0,0.0,9.0,44.0,1.0,4.0,4.0,2.0,17.0,0.0,1.0,0.0,17.1,17.1
2024,1,MCM,RB,Travis Etienne,JAC,@MIA,29,0.0,0.0,0.0,0.0,0.0,12.0,44.0,1.0,3.0,3.0,2.0,15.0,0.0,1.0,1.0,13.9,13.9
2024,1,MCM,QB,Justin Herbert,LAC,LV,16,17.0,26.0,144.0,1.0,0.0,4.0,6.0,0.0,0.0,0.0,0.0,0.0,0.0,0.0,0.0,10.36,10.36
2024,1,MCM,WR,Jordan Addison,MIN,@NYG,12,0.0,0.0,0.0,0.0,0.0,0.0,0.0,0.0,0.0,4.0,3.0,35.0,0.0,2.0,0.0,5.5,5.5
2024,1,MCM,WR,Puka Nacua,LAR,@DET,28,0.0,0.0,0.0,0.0,0.0,1.0,7.0,0.0,0.0,4.0,4.0,35.0,0.0,1.0,0.0,5.2,5.2
2024,1,MCM,RB,Ray Davis,BUF,ARI,27,0.0,0.0,0.0,0.0,0.0,3.0,13.0,0.0,1.0,1.0,1.0,14.0,0.0,1.0,0.0,4.7,4.7
2024,1,MCM,WR,Andrei Iosivas,CIN,NE,15,0.0,0.0,0.0,0.0,0.0,0.0,0.0,0.0,0.0,6.0,3.0,26.0,0.0,2.0,0.0,4.6,4.6
2024,1,MCM,WR,Christian Kirk,JAC,@MIA,4,0.0,0.0,0.0,0.0,0.0,0.0,0.0,0.0,0.0,4.0,1.0,30.0,0.0,1.0,0.0,4,4.0
2024,1,MCM,TE,Jonnu Smith,MIA,JAC,16,0.0,0.0,0.0,0.0,0.0,0.0,0.0,0.0,0.0,2.0,1.0,7.0,0.0,0.0,0.0,0.7,0.7
2024,1,MCM,RB,Carson Steele,KC,BAL,3,0.0,0.0,0.0,0.0,0.0,2.0,3.0,0.0,0.0,0.0,0.0,0.0,0.0,0.0,0.0,0.3,0.3
2024,1,MCM,RB,Jaylen Wright,MIA,JAC,23,0.0,0.0,0.0,0.0,0.0,0.0,0.0,0.0,0.0,0.0,0.0,0.0,0.0,0.0,0.0,-,0.0
2024,1,MCM,RB,Keaton Mitchell,BAL,@KC,2,0.0,0.0,0.0,0.0,0.0,0.0,0.0,0.0,0.0,0.0,0.0,0.0,0.0,0.0,0.0,-,0.0
2024,1,MCM,WR,Tim Patrick,DET,LAR,22,0.0,0.0,0.0,0.0,0.0,0.0,0.0,0.0,0.0,0.0,0.0,0.0,0.0,0.0,0.0,-,0.0
2024,1,MCM,RB,Kimani Vidal,LAC,LV,24,0.0,0.0,0.0,0.0,0.0,0.0,0.0,0.0,0.0,0.0,0.0,0.0,0.0,0.0,0.0,-,0.0
2024,1,MCM,RB,Christian McCaffrey,SF,NYJ,8,0.0,0.0,0.0,0.0,0.0,0.0,0.0,0.0,0.0,0.0,0.0,0.0,0.0,0.0,0.0,-,0.0
2024,1,MCM,DST,Seahawks,SEA,DEN,13,11.0,11.0,,,,,,,,,,,,,,,
2024,1,MCM,DST,Eagles,PHI,GB,16,,,,,,,,,,,,,,,,4,4.0
2024,1,MWM,RB,Tony Pollard,TEN,@CHI,21,0.0,0.0,0.0,0.0,0.0,16.0,82.0,1.0,5.0,4.0,3.0,12.0,0.0,0.0,0.0,20.4,20.4
2024,1,MWM,RB,Bijan Robinson,ATL,PIT,7,0.0,0.0,0.0,0.0,0.0,18.0,68.0,0.0,5.0,5.0,5.0,43.0,0.0,3.0,0.0,19.1,19.1
2024,1,MWM,QB,Matthew Stafford,LAR,@DET,23,34.0,49.0,317.0,1.0,1.0,0.0,0.0,0.0,0.0,0.0,0.0,0.0,0.0,0.0,0.0,14.68,14.68
2024,1,MWM,WR,Tyler Lockett,SEA,DEN,2,0.0,0.0,0.0,0.0,0.0,0.0,0.0,0.0,0.0,7.0,6.0,77.0,0.0,5.0,0.0,12.7,12.7
2024,1,MWM,RB,Najee Harris,PIT,@ATL,6,0.0,0.0,0.0,0.0,0.0,20.0,70.0,0.0,3.0,2.0,1.0,9.0,0.0,0.0,0.0,10.9,10.9
2024,1,MWM,RB,Austin Ekeler,WAS,@TB,14,0.0,0.0,0.0,0.0,0.0,2.0,10.0,0.0,1.0,4.0,4.0,52.0,0.0,2.0,0.0,9.2,9.2
2024,1,MWM,WR,Gabe Davis,JAC,@MIA,4,0.0,0.0,0.0,0.0,0.0,0.0,0.0,0.0,0.0,3.0,3.0,62.0,0.0,3.0,0.0,9.2,9.2
2024,1,MWM,QB,Aaron Rodgers,NYJ,@SF,11,13.0,21.0,167.0,1.0,1.0,1.0,-1.0,0.0,0.0,0.0,0.0,0.0,0.0,0.0,0.0,8.68,8.68
2024,1,MWM,WR,Jakobi Meyers,LV,@LAC,3,0.0,0.0,0.0,0.0,0.0,1.0,3.0,0.0,0.0,3.0,3.0,61.0,0.0,2.0,0.0,8.4,8.4
2024,1,MWM,TE,George Kittle,SF,NYJ,3,0.0,0.0,0.0,0.0,0.0,0.0,0.0,0.0,0.0,5.0,4.0,40.0,0.0,1.0,0.0,5,5.0
2024,1,MWM,WR,Brandon Aiyuk,SF,NYJ,7,0.0,0.0,0.0,0.0,0.0,0.0,0.0,0.0,0.0,5.0,2.0,28.0,0.0,2.0,0.0,4.8,4.8
2024,1,MWM,WR,Jonathan Mingo,CAR,@NO,12,0.0,0.0,0.0,0.0,0.0,1.0,3.0,0.0,0.0,5.0,2.0,40.0,0.0,1.0,1.0,3.3,3.3
2024,1,MWM,WR,DeAndre Hopkins,TEN,@CHI,6,0.0,0.0,0.0,0.0,0.0,0.0,0.0,0.0,0.0,1.0,1.0,8.0,0.0,0.0,0.0,0.8,0.8
2024,1,MWM,TE,Cole Kmet,CHI,TEN,1,0.0,0.0,0.0,0.0,0.0,0.0,0.0,0.0,0.0,1.0,1.0,4.0,0.0,0.0,0.0,0.4,0.4
2024,1,MWM,WR,Kendrick Bourne,NE,@CIN,18,0.0,0.0,0.0,0.0,0.0,0.0,0.0,0.0,0.0,0.0,0.0,0.0,0.0,0.0,0.0,-,0.0
2024,1,MWM,QB,Hendon Hooker,DET,LAR,25,0.0,0.0,0.0,0.0,0.0,0.0,0.0,0.0,0.0,0.0,0.0,0.0,0.0,0.0,0.0,-,0.0
2024,1,MWM,DST,Chiefs,KC,BAL,1,5.0,5.0,,,,,,,,,,,,,,,
2024,1,MWM,DST,Bengals,CIN,NE,28,,,,,,,,,,,,,,,,2,2.0
2024,1,NN,WR,Xavier Worthy,KC,BAL,31,0.0,0.0,0.0,0.0,0.0,1.0,21.0,1.0,1.0,3.0,2.0,47.0,1.0,2.0,0.0,21.8,21.8
2024,1,NN,RB,Breece Hall,NYJ,@SF,15,0.0,0.0,0.0,0.0,0.0,16.0,54.0,1.0,2.0,6.0,5.0,39.0,0.0,2.0,1.0,17.3,17.3
2024,1,NN,RB,Derrick Henry,BAL,@KC,2,0.0,0.0,0.0,0.0,0.0,13.0,46.0,1.0,5.0,2.0,0.0,0.0,0.0,0.0,0.0,15.6,15.6
2024,1,NN,WR,Justin Jefferson,MIN,@NYG,11,0.0,0.0,0.0,0.0,0.0,0.0,0.0,0.0,0.0,6.0,4.0,59.0,1.0,2.0,0.0,13.9,13.9
2024,1,NN,QB,Dak Prescott,DAL,@CLE,10,19.0,32.0,179.0,1.0,0.0,1.0,3.0,0.0,1.0,0.0,0.0,0.0,0.0,0.0,0.0,12.46,12.46
2024,1,NN,RB,Zach Charbonnet,SEA,DEN,10,0.0,0.0,0.0,0.0,0.0,8.0,12.0,0.0,0.0,3.0,2.0,29.0,1.0,1.0,0.0,11.1,11.1
2024,1,NN,QB,Joe Burrow,CIN,NE,9,21.0,29.0,164.0,0.0,0.0,4.0,15.0,0.0,1.0,0.0,0.0,0.0,0.0,0.0,0.0,9.06,9.06
2024,1,NN,QB,Will Levis,TEN,@CHI,1,19.0,32.0,127.0,1.0,2.0,4.0,36.0,0.0,2.0,0.0,0.0,0.0,0.0,0.0,1.0,8.68,8.68
2024,1,NN,WR,Malik Nabers,NYG,MIN,29,0.0,0.0,0.0,0.0,0.0,0.0,0.0,0.0,0.0,7.0,5.0,66.0,0.0,2.0,0.0,8.6,8.6
2024,1,NN,WR,Keon Coleman,BUF,ARI,17,0.0,0.0,0.0,0.0,0.0,0.0,0.0,0.0,0.0,5.0,4.0,51.0,0.0,2.0,0.0,7.1,7.1
2024,1,NN,RB,Ty Chandler,MIN,@NYG,14,0.0,0.0,0.0,0.0,0.0,8.0,17.0,0.0,0.0,3.0,3.0,25.0,0.0,2.0,0.0,6.2,6.2
2024,1,NN,TE,Pat Freiermuth,PIT,@ATL,24,0.0,0.0,0.0,0.0,0.0,0.0,0.0,0.0,0.0,4.0,4.0,27.0,0.0,2.0,0.0,4.7,4.7
2024,1,NN,WR,Amari Cooper,CLE,DAL,8,0.0,0.0,0.0,0.0,0.0,0.0,0.0,0.0,0.0,9.0,2.0,16.0,0.0,2.0,0.0,3.6,3.6
2024,1,NN,RB,Tyler Allgeier,ATL,PIT,7,0.0,0.0,0.0,0.0,0.0,3.0,21.0,0.0,1.0,0.0,0.0,0.0,0.0,0.0,0.0,3.1,3.1
2024,1,NN,RB,Braelon Allen,NYJ,@SF,15,0.0,0.0,0.0,0.0,0.0,1.0,8.0,0.0,1.0,1.0,1.0,9.0,0.0,0.0,0.0,2.7,2.7
2024,1,NN,WR,Darnell Mooney,ATL,PIT,13,0.0,0.0,0.0,0.0,0.0,0.0,0.0,0.0,0.0,3.0,1.0,15.0,0.0,1.0,0.0,2.5,2.5
2024,1,NN,TE,Evan Engram,JAC,@MIA,5,0.0,0.0,0.0,0.0,0.0,0.0,0.0,0.0,0.0,4.0,1.0,5.0,0.0,0.0,0.0,0.5,0.5
2024,1,NN,WR,Troy Franklin,DEN,@SEA,10,0.0,0.0,0.0,0.0,0.0,0.0,0.0,0.0,0.0,0.0,0.0,0.0,0.0,0.0,0.0,-,0.0
2024,1,NN,DST,Jets,NYJ,@SF,18,,,,,,,,,,,,,,,,2,2.0
2024,1,VD,QB,Anthony Richardson,IND,HOU,21,9.0,19.0,212.0,2.0,1.0,6.0,56.0,1.0,5.0,0.0,0.0,0.0,0.0,0.0,0.0,31.08,31.08
2024,1,VD,QB,Baker Mayfield,TB,WAS,20,24.0,30.0,289.0,4.0,0.0,3.0,21.0,0.0,1.0,0.0,0.0,0.0,0.0,0.0,0.0,30.66,30.66
2024,1,VD,WR,Chris Godwin,TB,WAS,27,0.0,0.0,0.0,0.0,0.0,0.0,0.0,0.0,0.0,8.0,8.0,83.0,1.0,7.0,0.0,21.3,21.3
2024,1,VD,WR,Stefon Diggs,HOU,@IND,24,0.0,0.0,0.0,0.0,0.0,1.0,6.0,0.0,0.0,6.0,6.0,33.0,2.0,3.0,0.0,18.9,18.9
2024,1,VD,QB,Justin Fields,PIT,@ATL,24,17.0,23.0,156.0,0.0,0.0,14.0,57.0,0.0,5.0,0.0,0.0,0.0,0.0,0.0,0.0,16.94,16.94
2024,1,VD,QB,Deshaun Watson,CLE,DAL,22,24.0,45.0,169.0,1.0,2.0,5.0,39.0,0.0,2.0,0.0,0.0,0.0,0.0,0.0,0.0,12.66,12.66
2024,1,VD,WR,Ladd McConkey,LAC,LV,16,0.0,0.0,0.0,0.0,0.0,0.0,0.0,0.0,0.0,7.0,5.0,39.0,1.0,2.0,0.0,11.9,11.9
2024,1,VD,TE,Kyle Pitts,ATL,PIT,15,0.0,0.0,0.0,0.0,0.0,0.0,0.0,0.0,0.0,3.0,3.0,26.0,1.0,1.0,0.0,9.6,9.6
2024,1,VD,RB,Bucky Irving,TB,WAS,18,0.0,0.0,0.0,0.0,0.0,9.0,62.0,0.0,2.0,3.0,2.0,14.0,0.0,0.0,0.0,9.6,9.6
2024,1,VD,RB,Tank Bigsby,JAC,@MIA,29,0.0,0.0,0.0,0.0,0.0,12.0,73.0,0.0,2.0,0.0,0.0,0.0,0.0,0.0,0.0,9.3,9.3
2024,1,VD,RB,Tyjae Spears,TEN,@CHI,21,0.0,0.0,0.0,0.0,0.0,4.0,21.0,0.0,2.0,4.0,4.0,11.0,0.0,1.0,0.0,6.2,6.2
2024,1,VD,TE,Dallas Goedert,PHI,GB,22,0.0,0.0,0.0,0.0,0.0,0.0,0.0,0.0,0.0,5.0,4.0,31.0,0.0,1.0,0.0,4.1,4.1
2024,1,VD,RB,Javonte Williams,DEN,@SEA,22,0.0,0.0,0.0,0.0,0.0,8.0,23.0,0.0,1.0,2.0,1.0,0.0,0.0,0.0,0.0,3.3,3.3
2024,1,VD,RB,Trey Benson,ARI,@BUF,31,0.0,0.0,0.0,0.0,0.0,3.0,13.0,0.0,1.0,1.0,1.0,5.0,0.0,0.0,0.0,2.8,2.8
2024,1,VD,WR,Terry McLaurin,WAS,@TB,25,0.0,0.0,0.0,0.0,0.0,0.0,0.0,0.0,0.0,4.0,2.0,17.0,0.0,1.0,0.0,2.7,2.7
2024,1,VD,WR,Rome Odunze,CHI,TEN,1,0.0,0.0,0.0,0.0,0.0,0.0,0.0,0.0,0.0,4.0,1.0,11.0,0.0,1.0,0.0,2.1,2.1
2024,1,VD,WR,Marvin Harrison,ARI,@BUF,5,0.0,0.0,0.0,0.0,0.0,0.0,0.0,0.0,0.0,3.0,1.0,4.0,0.0,0.0,0.0,0.4,0.4
2024,1,VD,RB,Jerick McKinnon Dead Cap,KC,0,0,0.0,0.0,0.0,0.0,0.0,0.0,0.0,0.0,0.0,0.0,0.0,0.0,0.0,0.0,0.0,-,0.0
2024,1,VD,WR,Josh Downs,IND,HOU,20,0.0,0.0,0.0,0.0,0.0,0.0,0.0,0.0,0.0,0.0,0.0,0.0,0.0,0.0,0.0,-,0.0
2024,1,VD,DST,Bears,CHI,TEN,32,,,,,,,,,,,,,,,,25,25.0
2024,1,WLW,QB,Lamar Jackson,BAL,@KC,15,26.0,41.0,273.0,1.0,0.0,16.0,122.0,0.0,7.0,0.0,0.0,0.0,0.0,0.0,1.0,32.12,32.12
2024,1,WLW,WR,Cooper Kupp,LAR,@DET,28,0.0,0.0,0.0,0.0,0.0,2.0,10.0,0.0,1.0,21.0,14.0,110.0,1.0,6.0,0.0,25,25.0
2024,1,WLW,WR,Mike Evans,TB,WAS,27,0.0,0.0,0.0,0.0,0.0,0.0,0.0,0.0,0.0,6.0,5.0,61.0,2.0,4.0,0.0,22.1,22.1
2024,1,WLW,QB,CJ Stroud,HOU,@IND,30,24.0,32.0,234.0,2.0,0.0,4.0,13.0,0.0,0.0,0.0,0.0,0.0,0.0,0.0,0.0,18.66,18.66
2024,1,WLW,WR,Nico Collins,HOU,@IND,24,0.0,0.0,0.0,0.0,0.0,0.0,0.0,0.0,0.0,8.0,6.0,117.0,0.0,6.0,0.0,17.7,17.7
2024,1,WLW,RB,Kyren Williams,LAR,@DET,4,0.0,0.0,0.0,0.0,0.0,18.0,50.0,1.0,5.0,3.0,3.0,4.0,0.0,0.0,0.0,16.4,16.4
2024,1,WLW,WR,CeeDee Lamb,DAL,@CLE,21,0.0,0.0,0.0,0.0,0.0,3.0,25.0,0.0,2.0,10.0,5.0,61.0,0.0,2.0,0.0,12.6,12.6
2024,1,WLW,QB,Jared Goff,DET,LAR,25,18.0,28.0,217.0,1.0,1.0,1.0,7.0,0.0,1.0,0.0,0.0,0.0,0.0,0.0,0.0,12.38,12.38
2024,1,WLW,TE,Chigoziem Okonkwo,TEN,@CHI,7,0.0,0.0,0.0,0.0,0.0,0.0,0.0,0.0,0.0,2.0,2.0,15.0,1.0,1.0,0.0,8.5,8.5
2024,1,WLW,WR,Rashod Bateman,BAL,@KC,9,0.0,0.0,0.0,0.0,0.0,0.0,0.0,0.0,0.0,5.0,2.0,53.0,0.0,2.0,0.0,7.3,7.3
2024,1,WLW,RB,Devin Singletary,NYG,MIN,1,0.0,0.0,0.0,0.0,0.0,10.0,37.0,0.0,1.0,5.0,4.0,15.0,0.0,1.0,0.0,7.2,7.2
2024,1,WLW,TE,Sam LaPorta,DET,LAR,31,0.0,0.0,0.0,0.0,0.0,0.0,0.0,0.0,0.0,5.0,4.0,45.0,0.0,2.0,0.0,6.5,6.5
2024,1,WLW,RB,Rico Dowdle,DAL,@CLE,16,0.0,0.0,0.0,0.0,0.0,8.0,26.0,0.0,2.0,1.0,1.0,6.0,0.0,0.0,0.0,5.2,5.2
2024,1,WLW,WR,Diontae Johnson,CAR,@NO,11,0.0,0.0,0.0,0.0,0.0,0.0,0.0,0.0,0.0,6.0,2.0,19.0,0.0,2.0,0.0,3.9,3.9
2024,1,WLW,RB,Raheem Mostert,MIA,JAC,23,0.0,0.0,0.0,0.0,0.0,6.0,9.0,0.0,0.0,3.0,2.0,10.0,0.0,1.0,0.0,2.9,2.9
2024,1,WLW,WR,Josh Palmer,LAC,LV,16,0.0,0.0,0.0,0.0,0.0,0.0,0.0,0.0,0.0,4.0,2.0,15.0,0.0,1.0,0.0,2.5,2.5
2024,1,WLW,RB,Chuba Hubbard,CAR,@NO,12,0.0,0.0,0.0,0.0,0.0,6.0,14.0,0.0,1.0,0.0,0.0,0.0,0.0,0.0,0.0,2.4,2.4
2024,1,WLW,RB,Chase Brown,CIN,NE,20,0.0,0.0,0.0,0.0,0.0,3.0,11.0,0.0,0.0,3.0,3.0,12.0,0.0,0.0,0.0,2.3,2.3
2024,1,WLW,DST,Bills,BUF,ARI,14,,,,,,,,,,,,,,,,6,6.0
2024,2,AFL,QB,Kyler Murray,ARI,LAR,25,17.0,21.0,266.0,3.0,0.0,5.0,59.0,0.0,2.0,0.0,0.0,0.0,0.0,0.0,0.0,30.54,30.54
2024,2,AFL,WR,Zay Flowers,BAL,LV,16,0.0,0.0,0.0,0.0,0.0,0.0,0.0,0.0,0.0,11.0,7.0,91.0,1.0,4.0,0.0,19.1,19.1
2024,2,AFL,RB,Jahmyr Gibbs,DET,TB,13,0.0,0.0,0.0,0.0,0.0,13.0,84.0,0.0,3.0,7.0,7.0,22.0,0.0,2.0,0.0,15.6,15.6
2024,2,AFL,QB,Jayden Daniels,WAS,NYG,18,23.0,29.0,226.0,0.0,0.0,10.0,44.0,0.0,2.0,0.0,0.0,0.0,0.0,0.0,0.0,15.44,15.44
2024,2,AFL,TE,Brock Bowers,LV,@BAL,27,0.0,0.0,0.0,0.0,0.0,0.0,0.0,0.0,0.0,9.0,9.0,98.0,0.0,5.0,0.0,14.8,14.8
2024,2,AFL,WR,Chris Olave,NO,@DAL,8,0.0,0.0,0.0,0.0,0.0,1.0,7.0,0.0,1.0,6.0,4.0,81.0,0.0,4.0,0.0,13.8,13.8
2024,2,AFL,RB,D'Andre Swift,CHI,@HOU,9,0.0,0.0,0.0,0.0,0.0,14.0,18.0,0.0,0.0,5.0,4.0,24.0,0.0,0.0,0.0,4.2,4.2
2024,2,AFL,WR,Adonai Mitchell,IND,@GB,26,0.0,0.0,0.0,0.0,0.0,0.0,0.0,0.0,0.0,4.0,1.0,30.0,0.0,1.0,0.0,4,4.0
2024,2,AFL,TE,Greg Dulcich,DEN,PIT,15,0.0,0.0,0.0,0.0,0.0,0.0,0.0,0.0,0.0,8.0,3.0,16.0,0.0,0.0,0.0,1.6,1.6
2024,2,AFL,RB,Jaleel McLaughlin,DEN,PIT,7,0.0,0.0,0.0,0.0,0.0,3.0,6.0,0.0,1.0,0.0,0.0,0.0,0.0,0.0,0.0,1.6,1.6
2024,2,AFL,WR,Jahan Dotson,PHI,ATL,19,0.0,0.0,0.0,0.0,0.0,0.0,0.0,0.0,0.0,1.0,1.0,6.0,0.0,1.0,0.0,1.6,1.6
2024,2,AFL,TE,Travis Kelce,KC,CIN,28,0.0,0.0,0.0,0.0,0.0,1.0,1.0,0.0,0.0,3.0,1.0,5.0,0.0,0.0,0.0,0.6,0.6
2024,2,AFL,WR,Curtis Samuel,BUF,@MIA,4,0.0,0.0,0.0,0.0,0.0,0.0,0.0,0.0,0.0,2.0,1.0,3.0,0.0,0.0,0.0,0.3,0.3
2024,2,AFL,QB,Russell Wilson,PIT,@DEN,6,0.0,0.0,0.0,0.0,0.0,0.0,0.0,0.0,0.0,0.0,0.0,0.0,0.0,0.0,0.0,-,0.0
2024,2,AFL,WR,AJ Brown,PHI,ATL,19,0.0,0.0,0.0,0.0,0.0,0.0,0.0,0.0,0.0,0.0,0.0,0.0,0.0,0.0,0.0,-,0.0
2024,2,AFL,RB,Dameon Pierce,HOU,CHI,21,0.0,0.0,0.0,0.0,0.0,0.0,0.0,0.0,0.0,0.0,0.0,0.0,0.0,0.0,0.0,-,0.0
2024,2,AFL,WR,Tee Higgins,CIN,@KC,9,0.0,0.0,0.0,0.0,0.0,0.0,0.0,0.0,0.0,0.0,0.0,0.0,0.0,0.0,0.0,-,0.0
2024,2,AFL,QB,Spencer Rattler,NO,@DAL,22,0.0,0.0,0.0,0.0,0.0,0.0,0.0,0.0,0.0,0.0,0.0,0.0,0.0,0.0,0.0,-,0.0
2024,2,AFL,DST,Cowboys,DAL,NO,13,,,,,,,,,,,,,,,,0,0.0
2024,2,CC,RB,James Cook,BUF,@MIA,29,0.0,0.0,0.0,0.0,0.0,11.0,78.0,2.0,5.0,1.0,1.0,17.0,1.0,1.0,0.0,33.5,33.5
2024,2,CC,WR,DK Metcalf,SEA,@NE,15,0.0,0.0,0.0,0.0,0.0,0.0,0.0,0.0,0.0,14.0,10.0,129.0,1.0,3.0,0.0,21.9,21.9
2024,2,CC,WR,Quentin Johnston,LAC,@CAR,23,0.0,0.0,0.0,0.0,0.0,0.0,0.0,0.0,0.0,6.0,5.0,51.0,2.0,3.0,0.0,20.1,20.1
2024,2,CC,QB,Daniel Jones,NYG,@WAS,20,16.0,28.0,178.0,2.0,0.0,5.0,32.0,0.0,1.0,0.0,0.0,0.0,0.0,0.0,0.0,19.32,19.32
2024,2,CC,WR,Amon-Ra St Brown,DET,TB,25,0.0,0.0,0.0,0.0,0.0,0.0,0.0,0.0,0.0,18.0,11.0,119.0,0.0,7.0,0.0,18.9,18.9
2024,2,CC,WR,Deebo Samuel,SF,@MIN,29,0.0,0.0,0.0,0.0,0.0,2.0,-10.0,0.0,0.0,10.0,8.0,110.0,0.0,6.0,0.0,17,17.0
2024,2,CC,RB,David Montgomery,DET,TB,14,0.0,0.0,0.0,0.0,0.0,11.0,35.0,1.0,2.0,4.0,4.0,35.0,0.0,1.0,0.0,16,16.0
2024,2,CC,QB,Brock Purdy,SF,@MIN,8,28.0,36.0,319.0,1.0,1.0,2.0,12.0,0.0,1.0,0.0,0.0,0.0,0.0,0.0,1.0,14.96,14.96
2024,2,CC,TE,Trey McBride,ARI,LAR,31,0.0,0.0,0.0,0.0,0.0,0.0,0.0,0.0,0.0,6.0,6.0,67.0,0.0,2.0,0.0,14.7,14.7
2024,2,CC,WR,Brian Thomas,JAC,CLE,21,0.0,0.0,0.0,0.0,0.0,0.0,0.0,0.0,0.0,4.0,2.0,94.0,0.0,2.0,0.0,11.4,11.4
2024,2,CC,WR,Ja'Lynn Polk,NE,SEA,10,0.0,0.0,0.0,0.0,0.0,1.0,0.0,0.0,0.0,3.0,2.0,12.0,1.0,1.0,0.0,8.2,8.2
2024,2,CC,WR,George Pickens,PIT,@DEN,2,0.0,0.0,0.0,0.0,0.0,0.0,0.0,0.0,0.0,4.0,2.0,29.0,0.0,2.0,0.0,4.9,4.9
2024,2,CC,WR,Malachi Corley,NYJ,@TEN,1,0.0,0.0,0.0,0.0,0.0,0.0,0.0,0.0,0.0,1.0,1.0,4.0,0.0,0.0,0.0,0.4,0.4
2024,2,CC,RB,Jonathon Brooks,CAR,LAC,5,0.0,0.0,0.0,0.0,0.0,0.0,0.0,0.0,0.0,0.0,0.0,0.0,0.0,0.0,0.0,-,0.0
2024,2,CC,WR,Javon Baker,NE,SEA,10,0.0,0.0,0.0,0.0,0.0,0.0,0.0,0.0,0.0,0.0,0.0,0.0,0.0,0.0,0.0,0,0.0
2024,2,CC,WR,Ricky Pearsall,SF,@MIN,29,0.0,0.0,0.0,0.0,0.0,0.0,0.0,0.0,0.0,0.0,0.0,0.0,0.0,0.0,0.0,-,0.0
2024,2,CC,RB,Antonio Gibson Dead Cap,NE,0,0,0.0,0.0,0.0,0.0,0.0,0.0,0.0,0.0,0.0,0.0,0.0,0.0,0.0,0.0,0.0,-,0.0
2024,2,CC,QB,Drake Maye,NE,SEA,19,0.0,0.0,0.0,0.0,0.0,0.0,0.0,0.0,0.0,0.0,0.0,0.0,0.0,0.0,0.0,-,0.0
2024,2,CC,DST,Browns,CLE,@JAC,20,,,,,,,,,,,,,,,,10,10.0
2024,2,CRB,RB,De'Von Achane,MIA,BUF,31,0.0,0.0,0.0,0.0,0.0,22.0,96.0,0.0,4.0,7.0,7.0,69.0,1.0,5.0,0.0,31.5,31.5
2024,2,CRB,QB,Jalen Hurts,PHI,ATL,24,23.0,30.0,183.0,1.0,1.0,13.0,85.0,1.0,7.0,0.0,0.0,0.0,0.0,0.0,0.0,30.82,30.82
2024,2,CRB,WR,Davante Adams,LV,@BAL,31,0.0,0.0,0.0,0.0,0.0,0.0,0.0,0.0,0.0,12.0,9.0,110.0,1.0,5.0,0.0,22,22.0
2024,2,CRB,RB,Jonathan Taylor,IND,@GB,17,0.0,0.0,0.0,0.0,0.0,12.0,103.0,0.0,6.0,4.0,2.0,32.0,0.0,2.0,0.0,21.5,21.5
2024,2,CRB,RB,Josh Jacobs,GB,IND,26,0.0,0.0,0.0,0.0,0.0,32.0,151.0,0.0,8.0,0.0,0.0,0.0,0.0,0.0,1.0,21.1,21.1
2024,2,CRB,WR,DeVonta Smith,PHI,ATL,19,0.0,0.0,0.0,0.0,0.0,0.0,0.0,0.0,0.0,10.0,7.0,76.0,1.0,4.0,0.0,17.6,17.6
2024,2,CRB,RB,Antonio Gibson,NE,SEA,22,0.0,0.0,0.0,0.0,0.0,11.0,96.0,0.0,5.0,1.0,1.0,7.0,0.0,1.0,0.0,16.3,16.3
2024,2,CRB,QB,Bo Nix,DEN,PIT,7,20.0,35.0,246.0,0.0,2.0,4.0,25.0,0.0,2.0,0.0,0.0,0.0,0.0,0.0,0.0,10.34,10.34
2024,2,CRB,WR,Romeo Doubs,GB,IND,24,0.0,0.0,0.0,0.0,0.0,0.0,0.0,0.0,0.0,3.0,3.0,62.0,0.0,3.0,0.0,9.2,9.2
2024,2,CRB,RB,Zamir White,LV,@BAL,3,0.0,0.0,0.0,0.0,0.0,9.0,24.0,0.0,0.0,4.0,3.0,14.0,0.0,1.0,0.0,4.8,4.8
2024,2,CRB,TE,Isaiah Likely,BAL,LV,17,0.0,0.0,0.0,0.0,0.0,0.0,0.0,0.0,0.0,3.0,2.0,26.0,0.0,2.0,0.0,4.6,4.6
2024,2,CRB,WR,Courtland Sutton,DEN,PIT,13,0.0,0.0,0.0,0.0,0.0,0.0,0.0,0.0,0.0,4.0,1.0,26.0,0.0,1.0,0.0,3.6,3.6
2024,2,CRB,WR,Jalen McMillan,TB,@DET,28,0.0,0.0,0.0,0.0,0.0,0.0,0.0,0.0,0.0,2.0,1.0,21.0,0.0,1.0,0.0,3.1,3.1
2024,2,CRB,WR,Mike Williams,NYJ,@TEN,1,0.0,0.0,0.0,0.0,0.0,0.0,0.0,0.0,0.0,1.0,1.0,19.0,0.0,1.0,0.0,2.9,2.9
2024,2,CRB,TE,Ben Sinnott,WAS,NYG,9,0.0,0.0,0.0,0.0,0.0,0.0,0.0,0.0,0.0,0.0,0.0,0.0,0.0,0.0,0.0,0,0.0
2024,2,CRB,WR,Keenan Allen,CHI,@HOU,20,0.0,0.0,0.0,0.0,0.0,0.0,0.0,0.0,0.0,0.0,0.0,0.0,0.0,0.0,0.0,-,0.0
2024,2,CRB,WR,Luke McCaffrey,WAS,NYG,11,0.0,0.0,0.0,0.0,0.0,0.0,0.0,0.0,0.0,0.0,0.0,0.0,0.0,0.0,0.0,0,0.0
2024,2,CRB,DST,Texans,HOU,CHI,17,18.0,18.0,,,,,,,,,,,,,,,
2024,2,CRB,DST,Dolphins,MIA,BUF,3,,,,,,,,,,,,,,,,0,0.0
2024,2,ELP,QB,Kirk Cousins,ATL,@PHI,17,20.0,29.0,241.0,2.0,0.0,4.0,-1.0,0.0,0.0,0.0,0.0,0.0,0.0,0.0,0.0,17.64,17.64
2024,2,ELP,WR,Jalen Nailor,MIN,SF,14,0.0,0.0,0.0,0.0,0.0,0.0,0.0,0.0,0.0,4.0,3.0,54.0,1.0,3.0,0.0,14.4,14.4
2024,2,ELP,WR,Jameson Williams,DET,TB,25,0.0,0.0,0.0,0.0,0.0,1.0,15.0,0.0,1.0,11.0,5.0,79.0,0.0,2.0,0.0,12.4,12.4
2024,2,ELP,QB,Josh Allen,BUF,@MIA,2,13.0,19.0,139.0,1.0,0.0,2.0,2.0,0.0,0.0,0.0,0.0,0.0,0.0,0.0,0.0,9.76,9.76
2024,2,ELP,RB,Jerome Ford,CLE,@JAC,23,0.0,0.0,0.0,0.0,0.0,7.0,64.0,0.0,3.0,2.0,1.0,0.0,0.0,0.0,0.0,9.4,9.4
2024,2,ELP,TE,Mark Andrews,BAL,LV,16,0.0,0.0,0.0,0.0,0.0,0.0,0.0,0.0,0.0,5.0,4.0,51.0,0.0,4.0,0.0,9.1,9.1
2024,2,ELP,WR,Khalil Shakir,BUF,@MIA,4,0.0,0.0,0.0,0.0,0.0,1.0,2.0,0.0,0.0,5.0,5.0,54.0,0.0,3.0,0.0,8.6,8.6
2024,2,ELP,WR,Tyreek Hill,MIA,BUF,5,0.0,0.0,0.0,0.0,0.0,1.0,12.0,0.0,1.0,6.0,3.0,24.0,0.0,2.0,0.0,6.6,6.6
2024,2,ELP,WR,Jayden Reed,GB,IND,24,0.0,0.0,0.0,0.0,0.0,2.0,37.0,0.0,2.0,2.0,2.0,9.0,0.0,0.0,0.0,6.6,6.6
2024,2,ELP,RB,Justice Hill,BAL,LV,24,0.0,0.0,0.0,0.0,0.0,4.0,22.0,0.0,1.0,2.0,2.0,10.0,0.0,0.0,0.0,4.2,4.2
2024,2,ELP,WR,Tyler Johnson,LAR,@ARI,17,0.0,0.0,0.0,0.0,0.0,0.0,0.0,0.0,0.0,3.0,2.0,20.0,0.0,1.0,0.0,3,3.0
2024,2,ELP,TE,Colby Parkinson,LAR,@ARI,18,0.0,0.0,0.0,0.0,0.0,0.0,0.0,0.0,0.0,2.0,1.0,12.0,0.0,1.0,0.0,2.2,2.2
2024,2,ELP,RB,Nick Chubb,CLE,@JAC,23,0.0,0.0,0.0,0.0,0.0,0.0,0.0,0.0,0.0,0.0,0.0,0.0,0.0,0.0,0.0,-,0.0
2024,2,ELP,WR,Demario Douglas,NE,SEA,10,0.0,0.0,0.0,0.0,0.0,0.0,0.0,0.0,0.0,0.0,0.0,0.0,0.0,0.0,0.0,0,0.0
2024,2,ELP,RB,George Holani,SEA,@NE,20,0.0,0.0,0.0,0.0,0.0,0.0,0.0,0.0,0.0,0.0,0.0,0.0,0.0,0.0,0.0,0,0.0
2024,2,ELP,WR,Xavier Legette,CAR,LAC,3,0.0,0.0,0.0,0.0,0.0,0.0,0.0,0.0,0.0,0.0,0.0,0.0,0.0,0.0,0.0,0,0.0
2024,2,ELP,RB,Audric Estime,DEN,PIT,7,0.0,0.0,0.0,0.0,0.0,0.0,0.0,0.0,0.0,0.0,0.0,0.0,0.0,0.0,0.0,-,0.0
2024,2,ELP,RB,Will Shipley,PHI,ATL,6,0.0,0.0,0.0,0.0,0.0,0.0,0.0,0.0,0.0,0.0,0.0,0.0,0.0,0.0,0.0,0,0.0
2024,2,ELP,RB,Kenneth Walker,SEA,@NE,20,0.0,0.0,0.0,0.0,0.0,0.0,0.0,0.0,0.0,0.0,0.0,0.0,0.0,0.0,0.0,-,0.0
2024,2,ELP,DST,49ers,SF,@MIN,20,,,,,,,,,,,,,,,,9,9.0
2024,2,FRR,QB,Sam Darnold,MIN,SF,11,17.0,26.0,268.0,2.0,1.0,5.0,32.0,0.0,2.0,0.0,0.0,0.0,0.0,0.0,0.0,21.92,21.92
2024,2,FRR,RB,Jordan Mason,SF,@MIN,1,0.0,0.0,0.0,0.0,0.0,20.0,100.0,1.0,4.0,1.0,1.0,4.0,0.0,1.0,0.0,21.4,21.4
2024,2,FRR,RB,Rhamondre Stevenson,NE,SEA,22,0.0,0.0,0.0,0.0,0.0,21.0,81.0,1.0,3.0,5.0,2.0,9.0,0.0,0.0,0.0,18,18.0
2024,2,FRR,RB,Isiah Pacheco,KC,CIN,25,0.0,0.0,0.0,0.0,0.0,19.0,90.0,0.0,4.0,5.0,5.0,21.0,0.0,1.0,0.0,16.1,16.1
2024,2,FRR,QB,Trevor Lawrence,JAC,CLE,9,14.0,30.0,220.0,0.0,0.0,2.0,45.0,0.0,2.0,0.0,0.0,0.0,0.0,0.0,0.0,15.3,15.3
2024,2,FRR,QB,Patrick Mahomes,KC,CIN,29,18.0,25.0,151.0,2.0,2.0,4.0,29.0,0.0,1.0,0.0,0.0,0.0,0.0,0.0,0.0,13.94,13.94
2024,2,FRR,WR,Drake London,ATL,@PHI,30,0.0,0.0,0.0,0.0,0.0,0.0,0.0,0.0,0.0,7.0,6.0,54.0,1.0,2.0,0.0,13.4,13.4
2024,2,FRR,QB,Gardner Minshew,LV,@BAL,28,30.0,38.0,276.0,1.0,1.0,1.0,-1.0,0.0,0.0,0.0,0.0,0.0,0.0,0.0,0.0,13.04,13.04
2024,2,FRR,WR,Jaylen Waddle,MIA,BUF,5,0.0,0.0,0.0,0.0,0.0,1.0,4.0,0.0,0.0,4.0,4.0,41.0,0.0,2.0,0.0,6.5,6.5
2024,2,FRR,WR,Demarcus Robinson,LAR,@ARI,17,0.0,0.0,0.0,0.0,0.0,0.0,0.0,0.0,0.0,4.0,2.0,50.0,0.0,1.0,0.0,6,6.0
2024,2,FRR,WR,Ja'Marr Chase,CIN,@KC,9,0.0,0.0,0.0,0.0,0.0,0.0,0.0,0.0,0.0,5.0,4.0,35.0,0.0,2.0,0.0,5.5,5.5
2024,2,FRR,RB,Blake Corum,LAR,@ARI,27,0.0,0.0,0.0,0.0,0.0,8.0,28.0,0.0,2.0,0.0,0.0,0.0,0.0,0.0,0.0,4.8,4.8
2024,2,FRR,TE,Dalton Kincaid,BUF,@MIA,5,0.0,0.0,0.0,0.0,0.0,0.0,0.0,0.0,0.0,4.0,4.0,33.0,0.0,0.0,0.0,3.3,3.3
2024,2,FRR,TE,Taysom Hill,NO,@DAL,13,0.0,0.0,0.0,0.0,0.0,3.0,18.0,0.0,1.0,1.0,1.0,1.0,0.0,0.0,0.0,2.9,2.9
2024,2,FRR,WR,Tank Dell,HOU,CHI,6,0.0,0.0,0.0,0.0,0.0,3.0,16.0,0.0,1.0,4.0,1.0,-3.0,0.0,0.0,0.0,2.6,2.6
2024,2,FRR,RB,Rachaad White,TB,@DET,4,0.0,0.0,0.0,0.0,0.0,10.0,18.0,0.0,0.0,1.0,1.0,5.0,0.0,0.0,0.0,2.3,2.3
2024,2,FRR,WR,Marquise Brown,KC,CIN,18,0.0,0.0,0.0,0.0,0.0,0.0,0.0,0.0,0.0,0.0,0.0,0.0,0.0,0.0,0.0,-,0.0
2024,2,FRR,WR,Roman Wilson,PIT,@DEN,2,0.0,0.0,0.0,0.0,0.0,0.0,0.0,0.0,0.0,0.0,0.0,0.0,0.0,0.0,0.0,-,0.0
2024,2,FRR,QB,Tom Brady,TB,@DET,23,0.0,0.0,0.0,0.0,0.0,0.0,0.0,0.0,0.0,0.0,0.0,0.0,0.0,0.0,0.0,-,0.0
2024,2,FRR,TE,TJ Hockenson,MIN,SF,14,0.0,0.0,0.0,0.0,0.0,0.0,0.0,0.0,0.0,0.0,0.0,0.0,0.0,0.0,0.0,-,0.0
2024,2,FRR,DST,Steelers,PIT,@DEN,12,,,,,,,,,,,,,,,,16,16.0
2024,2,GF,RB,JK Dobbins,LAC,@CAR,32,0.0,0.0,0.0,0.0,0.0,17.0,131.0,1.0,7.0,1.0,1.0,0.0,0.0,0.0,0.0,26.1,26.1
2024,2,GF,WR,Calvin Ridley,TEN,NYJ,7,0.0,0.0,0.0,0.0,0.0,1.0,10.0,1.0,1.0,6.0,4.0,77.0,1.0,3.0,0.0,24.7,24.7
2024,2,GF,RB,Brian Robinson,WAS,NYG,14,0.0,0.0,0.0,0.0,0.0,17.0,133.0,0.0,6.0,3.0,1.0,3.0,0.0,0.0,0.0,19.6,19.6
2024,2,GF,WR,Jaxon Smith-Njigba,SEA,@NE,15,0.0,0.0,0.0,0.0,0.0,0.0,0.0,0.0,0.0,16.0,12.0,117.0,0.0,5.0,0.0,16.7,16.7
2024,2,GF,QB,Malik Willis,GB,IND,30,12.0,14.0,122.0,1.0,0.0,6.0,41.0,0.0,1.0,0.0,0.0,0.0,0.0,0.0,0.0,13.98,13.98
2024,2,GF,WR,Dontayvion Wicks,GB,IND,24,0.0,0.0,0.0,0.0,0.0,0.0,0.0,0.0,0.0,4.0,3.0,26.0,1.0,2.0,0.0,10.6,10.6
2024,2,GF,RB,Gus Edwards,LAC,@CAR,32,0.0,0.0,0.0,0.0,0.0,18.0,59.0,0.0,1.0,0.0,0.0,0.0,0.0,0.0,0.0,6.9,6.9
2024,2,GF,RB,Aaron Jones,MIN,SF,15,0.0,0.0,0.0,0.0,0.0,9.0,32.0,0.0,1.0,6.0,5.0,36.0,0.0,1.0,1.0,6.8,6.8
2024,2,GF,RB,Ezekiel Elliott,DAL,NO,12,0.0,0.0,0.0,0.0,0.0,6.0,16.0,0.0,1.0,3.0,2.0,16.0,0.0,1.0,0.0,5.2,5.2
2024,2,GF,WR,Brandin Cooks,DAL,NO,11,0.0,0.0,0.0,0.0,0.0,1.0,-3.0,0.0,0.0,2.0,2.0,19.0,0.0,2.0,0.0,3.9,3.9
2024,2,GF,WR,Michael Pittman,IND,@GB,26,0.0,0.0,0.0,0.0,0.0,0.0,0.0,0.0,0.0,7.0,3.0,21.0,0.0,1.0,0.0,3.1,3.1
2024,2,GF,QB,Bryce Young,CAR,LAC,4,18.0,26.0,84.0,0.0,1.0,1.0,6.0,0.0,0.0,0.0,0.0,0.0,0.0,0.0,0.0,1.96,1.96
2024,2,GF,RB,MarShawn Lloyd,GB,IND,26,0.0,0.0,0.0,0.0,0.0,6.0,15.0,0.0,0.0,1.0,1.0,3.0,0.0,0.0,0.0,1.8,1.8
2024,2,GF,TE,Luke Musgrave,GB,IND,30,0.0,0.0,0.0,0.0,0.0,0.0,0.0,0.0,0.0,1.0,1.0,6.0,0.0,0.0,0.0,0.6,0.6
2024,2,GF,QB,Michael Penix,ATL,@PHI,17,0.0,0.0,0.0,0.0,0.0,0.0,0.0,0.0,0.0,0.0,0.0,0.0,0.0,0.0,0.0,-,0.0
2024,2,GF,WR,Christian Watson,GB,IND,24,0.0,0.0,0.0,0.0,0.0,0.0,0.0,0.0,0.0,0.0,0.0,0.0,0.0,0.0,0.0,0,0.0
2024,2,GF,TE,Jake Ferguson,DAL,NO,23,0.0,0.0,0.0,0.0,0.0,0.0,0.0,0.0,0.0,0.0,0.0,0.0,0.0,0.0,0.0,-,0.0
2024,2,GF,QB,Jordan Love,GB,IND,30,0.0,0.0,0.0,0.0,0.0,0.0,0.0,0.0,0.0,0.0,0.0,0.0,0.0,0.0,0.0,-,0.0
2024,2,GF,QB,JJ McCarthy,MIN,SF,11,0.0,0.0,0.0,0.0,0.0,0.0,0.0,0.0,0.0,0.0,0.0,0.0,0.0,0.0,0.0,-,0.0
2024,2,GF,DST,Packers,GB,IND,14,,,,,,,,,,,,,,,,15,15.0
2024,2,MAM,RB,Alvin Kamara,NO,@DAL,28,0.0,0.0,0.0,0.0,0.0,20.0,115.0,3.0,8.0,3.0,2.0,65.0,1.0,1.0,0.0,51,51.0
2024,2,MAM,RB,James Conner,ARI,LAR,29,0.0,0.0,0.0,0.0,0.0,21.0,122.0,1.0,9.0,1.0,1.0,2.0,0.0,0.0,0.0,27.4,27.4
2024,2,MAM,WR,Rashid Shaheed,NO,@DAL,8,0.0,0.0,0.0,0.0,0.0,3.0,13.0,0.0,1.0,4.0,4.0,96.0,1.0,3.0,0.0,20.9,20.9
2024,2,MAM,QB,Geno Smith,SEA,@NE,10,33.0,44.0,327.0,1.0,0.0,5.0,8.0,0.0,3.0,0.0,0.0,0.0,0.0,0.0,0.0,20.88,20.88
2024,2,MAM,RB,Saquon Barkley,PHI,ATL,6,0.0,0.0,0.0,0.0,0.0,22.0,95.0,0.0,3.0,5.0,4.0,21.0,0.0,3.0,0.0,19.6,19.6
2024,2,MAM,WR,Rashee Rice,KC,CIN,18,0.0,0.0,0.0,0.0,0.0,0.0,0.0,0.0,0.0,6.0,5.0,75.0,1.0,3.0,0.0,16.5,16.5
2024,2,MAM,WR,Jerry Jeudy,CLE,@JAC,32,0.0,0.0,0.0,0.0,0.0,0.0,0.0,0.0,0.0,6.0,5.0,73.0,0.0,3.0,0.0,10.3,10.3
2024,2,MAM,WR,Garrett Wilson,NYJ,@TEN,1,0.0,0.0,0.0,0.0,0.0,1.0,5.0,0.0,1.0,6.0,4.0,57.0,0.0,3.0,0.0,10.2,10.2
2024,2,MAM,QB,Caleb Williams,CHI,@HOU,21,23.0,37.0,174.0,0.0,2.0,5.0,44.0,0.0,1.0,0.0,0.0,0.0,0.0,0.0,0.0,8.36,8.36
2024,2,MAM,WR,DJ Moore,CHI,@HOU,20,0.0,0.0,0.0,0.0,0.0,0.0,0.0,0.0,0.0,10.0,6.0,53.0,0.0,3.0,0.0,8.3,8.3
2024,2,MAM,RB,Jaylen Warren,PIT,@DEN,10,0.0,0.0,0.0,0.0,0.0,9.0,42.0,0.0,1.0,2.0,2.0,19.0,0.0,1.0,0.0,8.1,8.1
2024,2,MAM,QB,Tua Tagovailoa,MIA,BUF,13,17.0,25.0,145.0,1.0,3.0,2.0,17.0,0.0,2.0,0.0,0.0,0.0,0.0,0.0,0.0,7.5,7.5
2024,2,MAM,WR,Jermaine Burton,CIN,@KC,9,0.0,0.0,0.0,0.0,0.0,0.0,0.0,0.0,0.0,2.0,1.0,47.0,0.0,1.0,0.0,5.7,5.7
2024,2,MAM,WR,Michael Wilson,ARI,LAR,22,0.0,0.0,0.0,0.0,0.0,0.0,0.0,0.0,0.0,2.0,2.0,31.0,0.0,2.0,0.0,5.1,5.1
2024,2,MAM,TE,Dalton Schultz,HOU,CHI,7,0.0,0.0,0.0,0.0,0.0,0.0,0.0,0.0,0.0,3.0,2.0,21.0,0.0,1.0,0.0,3.1,3.1
2024,2,MAM,RB,Kenneth Gainwell,PHI,ATL,6,0.0,0.0,0.0,0.0,0.0,2.0,6.0,0.0,0.0,0.0,0.0,0.0,0.0,0.0,0.0,0.6,0.6
2024,2,MAM,RB,Kendre Miller,NO,@DAL,28,0.0,0.0,0.0,0.0,0.0,0.0,0.0,0.0,0.0,0.0,0.0,0.0,0.0,0.0,0.0,-,0.0
2024,2,MAM,TE,David Njoku,CLE,@JAC,16,0.0,0.0,0.0,0.0,0.0,0.0,0.0,0.0,0.0,0.0,0.0,0.0,0.0,0.0,0.0,-,0.0
2024,2,MAM,RB,Roschon Johnson,CHI,@HOU,8,0.0,0.0,0.0,0.0,0.0,0.0,0.0,0.0,0.0,0.0,0.0,0.0,0.0,0.0,0.0,0,0.0
2024,2,MAM,DST,Ravens,BAL,LV,30,,,,,,,,,,,,,,,,9,9.0
2024,2,MCM,QB,Derek Carr,NO,@DAL,22,11.0,16.0,243.0,2.0,1.0,1.0,1.0,1.0,1.0,0.0,0.0,0.0,0.0,0.0,0.0,22.82,22.82
2024,2,MCM,RB,Travis Etienne,JAC,CLE,16,0.0,0.0,0.0,0.0,0.0,13.0,52.0,1.0,4.0,4.0,3.0,6.0,0.0,1.0,0.0,16.8,16.8
2024,2,MCM,WR,Andrei Iosivas,CIN,@KC,9,0.0,0.0,0.0,0.0,0.0,0.0,0.0,0.0,0.0,4.0,2.0,7.0,2.0,2.0,0.0,14.7,14.7
2024,2,MCM,QB,Justin Herbert,LAC,@CAR,26,14.0,20.0,130.0,2.0,1.0,6.0,18.0,0.0,1.0,0.0,0.0,0.0,0.0,0.0,1.0,12,12.0
2024,2,MCM,RB,Zack Moss,CIN,@KC,2,0.0,0.0,0.0,0.0,0.0,12.0,34.0,0.0,2.0,1.0,1.0,13.0,0.0,1.0,0.0,7.7,7.7
2024,2,MCM,TE,Jonnu Smith,MIA,BUF,11,0.0,0.0,0.0,0.0,0.0,0.0,0.0,0.0,0.0,7.0,6.0,53.0,0.0,2.0,0.0,7.3,7.3
2024,2,MCM,RB,Joe Mixon,HOU,CHI,21,0.0,0.0,0.0,0.0,0.0,9.0,25.0,0.0,1.0,5.0,3.0,25.0,0.0,1.0,0.0,7,7.0
2024,2,MCM,RB,Ray Davis,BUF,@MIA,30,0.0,0.0,0.0,0.0,0.0,9.0,29.0,0.0,2.0,1.0,1.0,-1.0,0.0,0.0,0.0,4.9,4.9
2024,2,MCM,RB,Carson Steele,KC,CIN,25,0.0,0.0,0.0,0.0,0.0,7.0,24.0,0.0,4.0,0.0,0.0,0.0,0.0,0.0,1.0,4.4,4.4
2024,2,MCM,RB,Jaylen Wright,MIA,BUF,31,0.0,0.0,0.0,0.0,0.0,5.0,4.0,0.0,0.0,0.0,0.0,0.0,0.0,0.0,0.0,0.4,0.4
2024,2,MCM,WR,AT Perry,DEN,@DAL,8,0.0,0.0,0.0,0.0,0.0,0.0,0.0,0.0,0.0,0.0,0.0,0.0,0.0,0.0,0.0,-,0.0
2024,2,MCM,QB,Ryan Tannehill,TEN,NYJ,3,0.0,0.0,0.0,0.0,0.0,0.0,0.0,0.0,0.0,0.0,0.0,0.0,0.0,0.0,0.0,-,0.0
2024,2,MCM,RB,Kimani Vidal,LAC,@CAR,32,0.0,0.0,0.0,0.0,0.0,0.0,0.0,0.0,0.0,0.0,0.0,0.0,0.0,0.0,0.0,-,0.0
2024,2,MCM,RB,Christian McCaffrey,SF,@MIN,1,0.0,0.0,0.0,0.0,0.0,0.0,0.0,0.0,0.0,0.0,0.0,0.0,0.0,0.0,0.0,-,0.0
2024,2,MCM,RB,Keaton Mitchell,BAL,LV,24,0.0,0.0,0.0,0.0,0.0,0.0,0.0,0.0,0.0,0.0,0.0,0.0,0.0,0.0,0.0,-,0.0
2024,2,MCM,WR,Jordan Addison,MIN,SF,14,0.0,0.0,0.0,0.0,0.0,0.0,0.0,0.0,0.0,0.0,0.0,0.0,0.0,0.0,0.0,-,0.0
2024,2,MCM,WR,Puka Nacua,LAR,@ARI,17,0.0,0.0,0.0,0.0,0.0,0.0,0.0,0.0,0.0,0.0,0.0,0.0,0.0,0.0,0.0,-,0.0
2024,2,MCM,WR,Christian Kirk,JAC,CLE,21,0.0,0.0,0.0,0.0,0.0,0.0,0.0,0.0,0.0,3.0,1.0,-1.0,0.0,0.0,0.0,0,0.0
2024,2,MCM,DST,Chargers,LAC,@CAR,24,14.0,14.0,,,,,,,,,,,,,,,
2024,2,MCM,DST,Eagles,PHI,ATL,10,,,,,,,,,,,,,,,,2,2.0
2024,2,MWM,RB,Bijan Robinson,ATL,@PHI,19,0.0,0.0,0.0,0.0,0.0,14.0,97.0,0.0,5.0,5.0,4.0,25.0,0.0,1.0,0.0,18.2,18.2
2024,2,MWM,TE,George Kittle,SF,@MIN,25,0.0,0.0,0.0,0.0,0.0,0.0,0.0,0.0,0.0,8.0,7.0,76.0,1.0,4.0,0.0,17.6,17.6
2024,2,MWM,RB,Tony Pollard,TEN,NYJ,8,0.0,0.0,0.0,0.0,0.0,17.0,62.0,0.0,3.0,6.0,5.0,40.0,0.0,2.0,0.0,15.2,15.2
2024,2,MWM,QB,Aaron Rodgers,NYJ,@TEN,14,18.0,30.0,176.0,2.0,0.0,2.0,1.0,0.0,0.0,0.0,0.0,0.0,0.0,0.0,0.0,15.14,15.14
2024,2,MWM,RB,Austin Ekeler,WAS,NYG,13,0.0,0.0,0.0,0.0,0.0,8.0,38.0,0.0,1.0,3.0,3.0,47.0,0.0,2.0,0.0,11.5,11.5
2024,2,MWM,RB,Najee Harris,PIT,@DEN,10,0.0,0.0,0.0,0.0,0.0,17.0,69.0,0.0,2.0,2.0,1.0,5.0,0.0,0.0,0.0,9.4,9.4
2024,2,MWM,QB,Matthew Stafford,LAR,@ARI,27,19.0,27.0,216.0,0.0,0.0,0.0,0.0,0.0,0.0,0.0,0.0,0.0,0.0,0.0,1.0,6.64,6.64
2024,2,MWM,WR,Brandon Aiyuk,SF,@MIN,29,0.0,0.0,0.0,0.0,0.0,0.0,0.0,0.0,0.0,5.0,4.0,43.0,0.0,2.0,0.0,6.3,6.3
2024,2,MWM,WR,Gabe Davis,JAC,CLE,21,0.0,0.0,0.0,0.0,0.0,0.0,0.0,0.0,0.0,7.0,3.0,43.0,0.0,2.0,0.0,6.3,6.3
2024,2,MWM,WR,Jakobi Meyers,LV,@BAL,31,0.0,0.0,0.0,0.0,0.0,0.0,0.0,0.0,0.0,5.0,4.0,29.0,0.0,2.0,0.0,4.9,4.9
2024,2,MWM,TE,Cole Kmet,CHI,@HOU,2,0.0,0.0,0.0,0.0,0.0,0.0,0.0,0.0,0.0,5.0,4.0,27.0,0.0,1.0,0.0,3.7,3.7
2024,2,MWM,WR,Tyler Lockett,SEA,@NE,15,0.0,0.0,0.0,0.0,0.0,0.0,0.0,0.0,0.0,2.0,2.0,15.0,0.0,1.0,0.0,2.5,2.5
2024,2,MWM,WR,DeAndre Hopkins,TEN,NYJ,7,0.0,0.0,0.0,0.0,0.0,0.0,0.0,0.0,0.0,2.0,1.0,9.0,0.0,0.0,0.0,0.9,0.9
2024,2,MWM,WR,DJ Chark,LAC,@CAR,23,0.0,0.0,0.0,0.0,0.0,0.0,0.0,0.0,0.0,0.0,0.0,0.0,0.0,0.0,0.0,-,0.0
2024,2,MWM,QB,Hendon Hooker,DET,TB,31,0.0,0.0,0.0,0.0,0.0,0.0,0.0,0.0,0.0,0.0,0.0,0.0,0.0,0.0,0.0,-,0.0
2024,2,MWM,WR,Kendrick Bourne,NE,SEA,10,0.0,0.0,0.0,0.0,0.0,0.0,0.0,0.0,0.0,0.0,0.0,0.0,0.0,0.0,0.0,-,0.0
2024,2,MWM,DST,Bengals,CIN,@KC,11,11.0,11.0,,,,,,,,,,,,,,,
2024,2,MWM,DST,Chiefs,KC,CIN,7,,,,,,,,,,,,,,,,11,11.0
2024,2,NN,WR,Malik Nabers,NYG,@WAS,27,0.0,0.0,0.0,0.0,0.0,0.0,0.0,0.0,0.0,18.0,10.0,127.0,1.0,7.0,0.0,25.7,25.7
2024,2,NN,RB,Braelon Allen,NYJ,@TEN,11,0.0,0.0,0.0,0.0,0.0,7.0,33.0,1.0,2.0,4.0,2.0,23.0,1.0,2.0,0.0,21.6,21.6
2024,2,NN,RB,Breece Hall,NYJ,@TEN,11,0.0,0.0,0.0,0.0,0.0,14.0,62.0,0.0,3.0,8.0,7.0,52.0,1.0,1.0,0.0,21.4,21.4
2024,2,NN,WR,Justin Jefferson,MIN,SF,14,0.0,0.0,0.0,0.0,0.0,0.0,0.0,0.0,0.0,7.0,4.0,133.0,1.0,2.0,0.0,21.3,21.3
2024,2,NN,QB,Joe Burrow,CIN,@KC,15,23.0,36.0,258.0,2.0,0.0,6.0,9.0,0.0,3.0,0.0,0.0,0.0,0.0,0.0,1.0,20.22,20.22
2024,2,NN,RB,Derrick Henry,BAL,LV,24,0.0,0.0,0.0,0.0,0.0,18.0,84.0,1.0,3.0,1.0,1.0,12.0,0.0,1.0,0.0,19.6,19.6
2024,2,NN,RB,Zach Charbonnet,SEA,@NE,20,0.0,0.0,0.0,0.0,0.0,14.0,38.0,1.0,2.0,5.0,5.0,31.0,0.0,1.0,0.0,15.9,15.9
2024,2,NN,QB,Will Levis,TEN,NYJ,3,19.0,28.0,192.0,1.0,1.0,4.0,38.0,0.0,3.0,0.0,0.0,0.0,0.0,0.0,1.0,14.48,14.48
2024,2,NN,QB,Dak Prescott,DAL,NO,5,27.0,39.0,293.0,1.0,2.0,2.0,12.0,0.0,1.0,0.0,0.0,0.0,0.0,0.0,0.0,13.92,13.92
2024,2,NN,RB,Ty Chandler,MIN,SF,15,0.0,0.0,0.0,0.0,0.0,10.0,82.0,0.0,5.0,0.0,0.0,0.0,0.0,0.0,0.0,13.2,13.2
2024,2,NN,RB,Tyler Allgeier,ATL,@PHI,19,0.0,0.0,0.0,0.0,0.0,9.0,53.0,0.0,4.0,1.0,1.0,12.0,0.0,1.0,0.0,11.5,11.5
2024,2,NN,RB,Alexander Mattison,LV,@BAL,3,0.0,0.0,0.0,0.0,0.0,4.0,1.0,1.0,1.0,0.0,0.0,0.0,0.0,0.0,0.0,7.1,7.1
2024,2,NN,TE,Pat Freiermuth,PIT,@DEN,21,0.0,0.0,0.0,0.0,0.0,0.0,0.0,0.0,0.0,4.0,4.0,39.0,0.0,2.0,0.0,5.9,5.9
2024,2,NN,WR,Xavier Worthy,KC,CIN,18,0.0,0.0,0.0,0.0,0.0,1.0,5.0,0.0,0.0,4.0,2.0,17.0,0.0,1.0,0.0,3.2,3.2
2024,2,NN,WR,Amari Cooper,CLE,@JAC,32,0.0,0.0,0.0,0.0,0.0,0.0,0.0,0.0,0.0,8.0,3.0,11.0,0.0,0.0,0.0,1.1,1.1
2024,2,NN,WR,Troy Franklin,DEN,PIT,13,0.0,0.0,0.0,0.0,0.0,0.0,0.0,0.0,0.0,1.0,0.0,0.0,0.0,0.0,0.0,0,0.0
2024,2,NN,WR,Keon Coleman,BUF,@MIA,4,0.0,0.0,0.0,0.0,0.0,0.0,0.0,0.0,0.0,1.0,0.0,0.0,0.0,0.0,0.0,0,0.0
2024,2,NN,TE,Evan Engram,JAC,CLE,8,0.0,0.0,0.0,0.0,0.0,0.0,0.0,0.0,0.0,0.0,0.0,0.0,0.0,0.0,0.0,-,0.0
2024,2,NN,DST,Jets,NYJ,@TEN,32,,,,,,,,,,,,,,,,11,11.0
2024,2,VD,WR,Marvin Harrison,ARI,LAR,22,0.0,0.0,0.0,0.0,0.0,0.0,0.0,0.0,0.0,8.0,4.0,130.0,2.0,4.0,0.0,29,29.0
2024,2,VD,WR,Chris Godwin,TB,@DET,28,0.0,0.0,0.0,0.0,0.0,0.0,0.0,0.0,0.0,8.0,7.0,117.0,1.0,5.0,0.0,22.7,22.7
2024,2,VD,QB,Baker Mayfield,TB,@DET,23,12.0,19.0,185.0,1.0,1.0,5.0,34.0,1.0,3.0,0.0,0.0,0.0,0.0,0.0,0.0,21.8,21.8
2024,2,VD,QB,Deshaun Watson,CLE,@JAC,32,22.0,34.0,186.0,0.0,0.0,5.0,20.0,1.0,1.0,0.0,0.0,0.0,0.0,0.0,0.0,16.44,16.44
2024,2,VD,QB,Justin Fields,PIT,@DEN,6,13.0,20.0,117.0,1.0,0.0,8.0,27.0,0.0,1.0,0.0,0.0,0.0,0.0,0.0,0.0,12.38,12.38
2024,2,VD,QB,Anthony Richardson,IND,@GB,12,17.0,34.0,204.0,1.0,3.0,4.0,37.0,0.0,2.0,0.0,0.0,0.0,0.0,0.0,0.0,11.86,11.86
2024,2,VD,RB,Javonte Williams,DEN,PIT,7,0.0,0.0,0.0,0.0,0.0,11.0,17.0,0.0,1.0,5.0,5.0,48.0,0.0,2.0,0.0,9.5,9.5
2024,2,VD,RB,Tyjae Spears,TEN,NYJ,8,0.0,0.0,0.0,0.0,0.0,6.0,20.0,0.0,2.0,2.0,2.0,11.0,0.0,0.0,0.0,5.1,5.1
2024,2,VD,TE,Dallas Goedert,PHI,ATL,24,0.0,0.0,0.0,0.0,0.0,0.0,0.0,0.0,0.0,4.0,3.0,38.0,0.0,1.0,0.0,4.8,4.8
2024,2,VD,WR,Stefon Diggs,HOU,CHI,6,0.0,0.0,0.0,0.0,0.0,0.0,0.0,0.0,0.0,6.0,4.0,37.0,0.0,1.0,0.0,4.7,4.7
2024,2,VD,WR,Ladd McConkey,LAC,@CAR,23,0.0,0.0,0.0,0.0,0.0,0.0,0.0,0.0,0.0,4.0,2.0,26.0,0.0,2.0,0.0,4.6,4.6
2024,2,VD,WR,Rome Odunze,CHI,@HOU,20,0.0,0.0,0.0,0.0,0.0,0.0,0.0,0.0,0.0,5.0,2.0,33.0,0.0,1.0,0.0,4.3,4.3
2024,2,VD,WR,Terry McLaurin,WAS,NYG,11,0.0,0.0,0.0,0.0,0.0,0.0,0.0,0.0,0.0,8.0,6.0,22.0,0.0,1.0,0.0,3.2,3.2
2024,2,VD,TE,Kyle Pitts,ATL,@PHI,4,0.0,0.0,0.0,0.0,0.0,0.0,0.0,0.0,0.0,4.0,3.0,20.0,0.0,1.0,0.0,3,3.0
2024,2,VD,RB,Trey Benson,ARI,LAR,29,0.0,0.0,0.0,0.0,0.0,11.0,10.0,0.0,1.0,1.0,1.0,7.0,0.0,0.0,0.0,2.7,2.7
2024,2,VD,RB,Bucky Irving,TB,@DET,4,0.0,0.0,0.0,0.0,0.0,7.0,22.0,0.0,0.0,0.0,0.0,0.0,0.0,0.0,0.0,2.2,2.2
2024,2,VD,RB,Jerick McKinnon Dead Cap,KC,0,0,0.0,0.0,0.0,0.0,0.0,0.0,0.0,0.0,0.0,0.0,0.0,0.0,0.0,0.0,0.0,-,0.0
2024,2,VD,RB,Tank Bigsby,JAC,CLE,16,0.0,0.0,0.0,0.0,0.0,0.0,0.0,0.0,0.0,0.0,0.0,0.0,0.0,0.0,0.0,0,0.0
2024,2,VD,WR,Josh Downs,IND,@GB,26,0.0,0.0,0.0,0.0,0.0,0.0,0.0,0.0,0.0,0.0,0.0,0.0,0.0,0.0,0.0,-,0.0
2024,2,VD,DST,Bears,CHI,@HOU,19,,,,,,,,,,,,,,,,6,6.0
2024,2,WLW,WR,Nico Collins,HOU,CHI,6,0.0,0.0,0.0,0.0,0.0,0.0,0.0,0.0,0.0,10.0,8.0,135.0,1.0,6.0,0.0,25.5,25.5
2024,2,WLW,WR,CeeDee Lamb,DAL,NO,12,0.0,0.0,0.0,0.0,0.0,0.0,0.0,0.0,0.0,7.0,4.0,90.0,1.0,3.0,0.0,18,18.0
2024,2,WLW,RB,Devin Singletary,NYG,@WAS,18,0.0,0.0,0.0,0.0,0.0,16.0,95.0,1.0,4.0,1.0,1.0,0.0,0.0,0.0,1.0,17.5,17.5
2024,2,WLW,QB,Lamar Jackson,BAL,LV,16,21.0,34.0,247.0,1.0,1.0,5.0,45.0,0.0,1.0,0.0,0.0,0.0,0.0,0.0,0.0,17.38,17.38
2024,2,WLW,QB,CJ Stroud,HOU,CHI,1,23.0,36.0,260.0,1.0,0.0,1.0,-1.0,0.0,0.0,0.0,0.0,0.0,0.0,0.0,0.0,14.4,14.4
2024,2,WLW,RB,Kyren Williams,LAR,@ARI,27,0.0,0.0,0.0,0.0,0.0,12.0,25.0,1.0,2.0,5.0,4.0,27.0,0.0,1.0,0.0,14.2,14.2
2024,2,WLW,RB,Chuba Hubbard,CAR,LAC,5,0.0,0.0,0.0,0.0,0.0,10.0,64.0,0.0,3.0,5.0,4.0,12.0,0.0,0.0,0.0,10.6,10.6
2024,2,WLW,QB,Jared Goff,DET,TB,31,34.0,55.0,307.0,0.0,2.0,2.0,5.0,0.0,1.0,0.0,0.0,0.0,0.0,0.0,0.0,9.78,9.78
2024,2,WLW,RB,Rico Dowdle,DAL,NO,12,0.0,0.0,0.0,0.0,0.0,7.0,30.0,0.0,3.0,5.0,4.0,29.0,0.0,0.0,0.0,8.9,8.9
2024,2,WLW,WR,Mike Evans,TB,@DET,28,0.0,0.0,0.0,0.0,0.0,0.0,0.0,0.0,0.0,6.0,3.0,42.0,0.0,3.0,0.0,7.2,7.2
2024,2,WLW,WR,Rashod Bateman,BAL,LV,16,0.0,0.0,0.0,0.0,0.0,0.0,0.0,0.0,0.0,4.0,3.0,40.0,0.0,2.0,0.0,6,6.0
2024,2,WLW,WR,Cooper Kupp,LAR,@ARI,17,0.0,0.0,0.0,0.0,0.0,0.0,0.0,0.0,0.0,6.0,4.0,37.0,0.0,1.0,0.0,4.7,4.7
2024,2,WLW,RB,Chase Brown,CIN,@KC,2,0.0,0.0,0.0,0.0,0.0,4.0,31.0,0.0,1.0,0.0,0.0,0.0,0.0,0.0,0.0,4.1,4.1
2024,2,WLW,WR,Josh Palmer,LAC,@CAR,23,0.0,0.0,0.0,0.0,0.0,0.0,0.0,0.0,0.0,2.0,2.0,19.0,0.0,1.0,0.0,2.9,2.9
2024,2,WLW,WR,Diontae Johnson,CAR,LAC,3,0.0,0.0,0.0,0.0,0.0,0.0,0.0,0.0,0.0,6.0,3.0,15.0,0.0,1.0,0.0,2.5,2.5
2024,2,WLW,TE,Sam LaPorta,DET,TB,10,0.0,0.0,0.0,0.0,0.0,0.0,0.0,0.0,0.0,3.0,2.0,13.0,0.0,1.0,0.0,2.3,2.3
2024,2,WLW,TE,Chigoziem Okonkwo,TEN,NYJ,3,0.0,0.0,0.0,0.0,0.0,0.0,0.0,0.0,0.0,3.0,3.0,16.0,0.0,0.0,0.0,1.6,1.6
2024,2,WLW,RB,Raheem Mostert,MIA,BUF,31,0.0,0.0,0.0,0.0,0.0,0.0,0.0,0.0,0.0,0.0,0.0,0.0,0.0,0.0,0.0,-,0.0
2024,2,WLW,DST,Colts,IND,@GB,16,,,,,,,,,,,,,,,,3,3.0
2024,3,AFL,QB,Jayden Daniels,WAS,@CIN,29,21.0,23.0,254.0,2.0,0.0,12.0,39.0,1.0,5.0,0.0,0.0,0.0,0.0,0.0,0.0,33.06,33.06
2024,3,AFL,RB,Jahmyr Gibbs,DET,@ARI,27,0.0,0.0,0.0,0.0,0.0,16.0,83.0,0.0,4.0,0.0,0.0,20.0,1.0,1.0,0.0,21.3,21.3
2024,3,AFL,WR,Chris Olave,NO,PHI,30,0.0,0.0,0.0,0.0,0.0,0.0,0.0,0.0,0.0,6.0,6.0,86.0,1.0,5.0,0.0,19.6,19.6
2024,3,AFL,QB,Kyler Murray,ARI,DET,23,21.0,34.0,207.0,1.0,1.0,5.0,45.0,0.0,2.0,0.0,0.0,0.0,0.0,0.0,0.0,16.78,16.78
2024,3,AFL,WR,Tutu Atwell,LAR,SF,14,0.0,1.0,0.0,0.0,0.0,0.0,0.0,0.0,0.0,5.0,4.0,93.0,0.0,3.0,0.0,12.3,12.3
2024,3,AFL,TE,Brock Bowers,LV,CAR,29,0.0,0.0,0.0,0.0,0.0,0.0,0.0,0.0,0.0,4.0,3.0,41.0,0.0,2.0,0.0,6.1,6.1
2024,3,AFL,WR,Tee Higgins,CIN,WAS,27,0.0,0.0,0.0,0.0,0.0,0.0,0.0,0.0,0.0,6.0,3.0,39.0,0.0,2.0,0.0,5.9,5.9
2024,3,AFL,RB,D'Andre Swift,CHI,@IND,26,0.0,0.0,0.0,0.0,0.0,13.0,20.0,0.0,0.0,4.0,2.0,22.0,0.0,1.0,0.0,5.2,5.2
2024,3,AFL,TE,Travis Kelce,KC,@ATL,24,0.0,0.0,0.0,0.0,0.0,0.0,0.0,0.0,0.0,5.0,4.0,30.0,0.0,2.0,0.0,5,5.0
2024,3,AFL,WR,Zay Flowers,BAL,@DAL,8,0.0,0.0,0.0,0.0,0.0,1.0,3.0,0.0,0.0,4.0,3.0,20.0,0.0,1.0,0.0,3.3,3.3
2024,3,AFL,WR,Curtis Samuel,BUF,JAC,32,0.0,0.0,0.0,0.0,0.0,1.0,0.0,0.0,0.0,3.0,3.0,22.0,0.0,1.0,0.0,3.2,3.2
2024,3,AFL,WR,Jahan Dotson,PHI,@NO,11,0.0,0.0,0.0,0.0,0.0,0.0,0.0,0.0,0.0,3.0,2.0,8.0,0.0,0.0,0.0,0.8,0.8
2024,3,AFL,QB,Spencer Rattler,NO,PHI,17,0.0,0.0,0.0,0.0,0.0,0.0,0.0,0.0,0.0,0.0,0.0,0.0,0.0,0.0,0.0,-,0.0
2024,3,AFL,WR,AJ Brown,PHI,@NO,11,0.0,0.0,0.0,0.0,0.0,0.0,0.0,0.0,0.0,0.0,0.0,0.0,0.0,0.0,0.0,-,0.0
2024,3,AFL,WR,Adonai Mitchell,IND,CHI,6,0.0,0.0,0.0,0.0,0.0,0.0,0.0,0.0,0.0,1.0,0.0,0.0,0.0,0.0,0.0,0,0.0
2024,3,AFL,RB,Dameon Pierce,HOU,@MIN,1,0.0,0.0,0.0,0.0,0.0,0.0,0.0,0.0,0.0,0.0,0.0,0.0,0.0,0.0,0.0,-,0.0
2024,3,AFL,QB,Russell Wilson,PIT,LAC,4,0.0,0.0,0.0,0.0,0.0,0.0,0.0,0.0,0.0,0.0,0.0,0.0,0.0,0.0,0.0,-,0.0
2024,3,AFL,TE,Greg Dulcich,DEN,@TB,10,0.0,0.0,0.0,0.0,0.0,0.0,0.0,0.0,0.0,0.0,0.0,0.0,0.0,0.0,0.0,0,0.0
2024,3,AFL,DST,Cowboys,DAL,BAL,1,,,,,,,,,,,,,,,,-1,-1.0
2024,3,CC,QB,Brock Purdy,SF,@LAR,25,22.0,30.0,292.0,3.0,0.0,10.0,41.0,0.0,4.0,0.0,0.0,0.0,0.0,0.0,1.0,29.78,29.78
2024,3,CC,RB,David Montgomery,DET,@ARI,27,0.0,0.0,0.0,0.0,0.0,23.0,105.0,1.0,7.0,3.0,3.0,17.0,0.0,0.0,0.0,25.2,25.2
2024,3,CC,QB,Daniel Jones,NYG,@CLE,9,24.0,34.0,236.0,2.0,0.0,8.0,20.0,0.0,1.0,0.0,0.0,0.0,0.0,0.0,0.0,20.44,20.44
2024,3,CC,RB,James Cook,BUF,JAC,23,0.0,0.0,0.0,0.0,0.0,11.0,39.0,1.0,2.0,5.0,4.0,48.0,0.0,3.0,0.0,19.7,19.7
2024,3,CC,WR,Amon-Ra St Brown,DET,@ARI,17,0.0,0.0,0.0,0.0,0.0,0.0,0.0,0.0,0.0,8.0,7.0,75.0,1.0,5.0,0.0,18.5,18.5
2024,3,CC,WR,DK Metcalf,SEA,MIA,4,0.0,0.0,0.0,0.0,0.0,0.0,0.0,0.0,0.0,6.0,4.0,104.0,1.0,2.0,0.0,18.4,18.4
2024,3,CC,WR,Quentin Johnston,LAC,@PIT,13,0.0,0.0,0.0,0.0,0.0,0.0,0.0,0.0,0.0,2.0,2.0,44.0,1.0,2.0,0.0,12.4,12.4
2024,3,CC,WR,George Pickens,PIT,LAC,3,0.0,0.0,0.0,0.0,0.0,0.0,0.0,0.0,0.0,7.0,5.0,57.0,0.0,3.0,0.0,8.7,8.7
2024,3,CC,WR,Brian Thomas,JAC,@BUF,5,0.0,0.0,0.0,0.0,0.0,0.0,0.0,0.0,0.0,9.0,5.0,48.0,0.0,3.0,0.0,7.8,7.8
2024,3,CC,QB,Drake Maye,NE,@NYJ,3,4.0,8.0,22.0,0.0,0.0,2.0,12.0,0.0,1.0,0.0,0.0,0.0,0.0,0.0,0.0,3.08,3.08
2024,3,CC,TE,Trey McBride,ARI,DET,13,0.0,0.0,0.0,0.0,0.0,0.0,0.0,0.0,0.0,6.0,3.0,25.0,0.0,0.0,0.0,2.5,2.5
2024,3,CC,WR,Ja'Lynn Polk,NE,@NYJ,7,0.0,0.0,0.0,0.0,0.0,0.0,0.0,0.0,0.0,2.0,2.0,13.0,0.0,0.0,0.0,1.3,1.3
2024,3,CC,WR,Ricky Pearsall,SF,@LAR,22,0.0,0.0,0.0,0.0,0.0,0.0,0.0,0.0,0.0,0.0,0.0,0.0,0.0,0.0,0.0,-,0.0
2024,3,CC,RB,Jonathon Brooks,CAR,@LV,24,0.0,0.0,0.0,0.0,0.0,0.0,0.0,0.0,0.0,0.0,0.0,0.0,0.0,0.0,0.0,-,0.0
2024,3,CC,RB,Antonio Gibson Dead Cap,NE,0,0,0.0,0.0,0.0,0.0,0.0,0.0,0.0,0.0,0.0,0.0,0.0,0.0,0.0,0.0,0.0,-,0.0
2024,3,CC,WR,Malachi Corley,NYJ,NE,15,0.0,0.0,0.0,0.0,0.0,0.0,0.0,0.0,0.0,0.0,0.0,0.0,0.0,0.0,0.0,0,0.0
2024,3,CC,WR,Deebo Samuel,SF,@LAR,22,0.0,0.0,0.0,0.0,0.0,0.0,0.0,0.0,0.0,0.0,0.0,0.0,0.0,0.0,0.0,-,0.0
2024,3,CC,WR,Javon Baker,NE,@NYJ,7,0.0,0.0,0.0,0.0,0.0,0.0,0.0,0.0,0.0,0.0,0.0,0.0,0.0,0.0,0.0,0,0.0
2024,3,CC,DST,Browns,CLE,NYG,27,,,,,,,,,,,,,,,,6,6.0
2024,3,CRB,RB,Jonathan Taylor,IND,CHI,21,0.0,0.0,0.0,0.0,0.0,23.0,110.0,2.0,6.0,2.0,1.0,25.0,0.0,1.0,0.0,32.5,32.5
2024,3,CRB,QB,Bo Nix,DEN,@TB,31,25.0,36.0,216.0,0.0,0.0,9.0,47.0,1.0,6.0,0.0,0.0,0.0,0.0,0.0,0.0,25.34,25.34
2024,3,CRB,QB,Jalen Hurts,PHI,@NO,5,29.0,38.0,311.0,0.0,1.0,8.0,25.0,0.0,1.0,0.0,0.0,0.0,0.0,0.0,1.0,11.94,11.94
2024,3,CRB,WR,DeVonta Smith,PHI,@NO,12,0.0,0.0,0.0,0.0,0.0,0.0,0.0,0.0,0.0,10.0,7.0,79.0,0.0,4.0,0.0,11.9,11.9
2024,3,CRB,WR,Courtland Sutton,DEN,@TB,25,0.0,0.0,0.0,0.0,0.0,0.0,0.0,0.0,0.0,11.0,7.0,68.0,0.0,5.0,0.0,11.8,11.8
2024,3,CRB,RB,De'Von Achane,MIA,@SEA,22,0.0,0.0,0.0,0.0,0.0,11.0,30.0,0.0,2.0,5.0,3.0,28.0,0.0,1.0,0.0,8.8,8.8
2024,3,CRB,WR,Luke McCaffrey,WAS,@CIN,18,0.0,0.0,0.0,0.0,0.0,0.0,0.0,0.0,0.0,3.0,3.0,44.0,0.0,2.0,0.0,6.4,6.4
2024,3,CRB,WR,Davante Adams,LV,CAR,23,0.0,0.0,0.0,0.0,0.0,0.0,0.0,0.0,0.0,9.0,4.0,40.0,0.0,2.0,0.0,6,6.0
2024,3,CRB,RB,Josh Jacobs,GB,@TEN,11,0.0,0.0,0.0,0.0,0.0,14.0,43.0,0.0,1.0,1.0,1.0,5.0,0.0,0.0,0.0,5.8,5.8
2024,3,CRB,RB,Antonio Gibson,NE,@NYJ,9,0.0,0.0,0.0,0.0,0.0,5.0,29.0,0.0,2.0,3.0,3.0,8.0,0.0,0.0,0.0,5.7,5.7
2024,3,CRB,WR,Mike Williams,NYJ,NE,15,0.0,0.0,0.0,0.0,0.0,0.0,0.0,0.0,0.0,4.0,3.0,34.0,0.0,2.0,0.0,5.4,5.4
2024,3,CRB,RB,Zamir White,LV,CAR,32,0.0,0.0,0.0,0.0,0.0,10.0,34.0,0.0,1.0,0.0,0.0,0.0,0.0,0.0,0.0,4.4,4.4
2024,3,CRB,WR,Romeo Doubs,GB,@TEN,1,0.0,0.0,0.0,0.0,0.0,0.0,0.0,0.0,0.0,2.0,1.0,18.0,0.0,1.0,0.0,2.8,2.8
2024,3,CRB,WR,Jalen McMillan,TB,DEN,2,0.0,0.0,0.0,0.0,0.0,0.0,0.0,0.0,0.0,1.0,1.0,6.0,0.0,1.0,0.0,1.6,1.6
2024,3,CRB,TE,Isaiah Likely,BAL,@DAL,13,0.0,0.0,0.0,0.0,0.0,0.0,0.0,0.0,0.0,1.0,1.0,4.0,0.0,0.0,0.0,0.4,0.4
2024,3,CRB,WR,Keenan Allen,CHI,@IND,24,0.0,0.0,0.0,0.0,0.0,0.0,0.0,0.0,0.0,0.0,0.0,0.0,0.0,0.0,0.0,-,0.0
2024,3,CRB,TE,Ben Sinnott,WAS,@CIN,28,0.0,0.0,0.0,0.0,0.0,0.0,0.0,0.0,0.0,0.0,0.0,0.0,0.0,0.0,0.0,0,0.0
2024,3,CRB,DST,Buccaneers,TB,DEN,13,3.0,3.0,,,,,,,,,,,,,,,
2024,3,CRB,DST,Texans,HOU,@MIN,20,,,,,,,,,,,,,,,,3,3.0
2024,3,ELP,QB,Josh Allen,BUF,JAC,32,23.0,30.0,263.0,4.0,0.0,6.0,44.0,0.0,5.0,0.0,0.0,0.0,0.0,0.0,0.0,35.92,35.92
2024,3,ELP,WR,Khalil Shakir,BUF,JAC,32,0.0,0.0,0.0,0.0,0.0,0.0,0.0,0.0,0.0,6.0,6.0,72.0,1.0,5.0,0.0,18.2,18.2
2024,3,ELP,WR,Jalen Nailor,MIN,HOU,20,0.0,0.0,0.0,0.0,0.0,1.0,3.0,0.0,1.0,4.0,3.0,31.0,1.0,3.0,0.0,13.4,13.4
2024,3,ELP,RB,Jerome Ford,CLE,NYG,13,0.0,0.0,0.0,0.0,0.0,10.0,37.0,0.0,4.0,4.0,3.0,33.0,0.0,2.0,0.0,13,13.0
2024,3,ELP,QB,Kirk Cousins,ATL,KC,15,20.0,29.0,230.0,1.0,1.0,1.0,-1.0,0.0,0.0,0.0,0.0,0.0,0.0,0.0,0.0,11.2,11.2
2024,3,ELP,WR,Demario Douglas,NE,@NYJ,7,0.0,0.0,0.0,0.0,0.0,1.0,9.0,0.0,0.0,9.0,7.0,69.0,0.0,3.0,0.0,10.8,10.8
2024,3,ELP,RB,Cam Akers,HOU,@MIN,1,0.0,0.0,0.0,0.0,0.0,9.0,21.0,0.0,0.0,3.0,1.0,8.0,1.0,1.0,0.0,9.9,9.9
2024,3,ELP,RB,Justice Hill,BAL,@DAL,28,0.0,0.0,0.0,0.0,0.0,5.0,33.0,0.0,2.0,2.0,2.0,21.0,0.0,2.0,0.0,9.4,9.4
2024,3,ELP,WR,Jayden Reed,GB,@TEN,1,0.0,0.0,0.0,0.0,0.0,2.0,19.0,0.0,1.0,6.0,4.0,50.0,0.0,1.0,0.0,8.9,8.9
2024,3,ELP,WR,Tyreek Hill,MIA,@SEA,10,0.0,0.0,0.0,0.0,0.0,0.0,0.0,0.0,0.0,5.0,3.0,40.0,0.0,2.0,0.0,6,6.0
2024,3,ELP,WR,Xavier Legette,CAR,@LV,16,0.0,0.0,0.0,0.0,0.0,0.0,0.0,0.0,0.0,3.0,2.0,42.0,0.0,1.0,0.0,5.2,5.2
2024,3,ELP,TE,Colby Parkinson,LAR,SF,14,0.0,0.0,0.0,0.0,0.0,0.0,0.0,0.0,0.0,5.0,3.0,21.0,0.0,1.0,0.0,3.1,3.1
2024,3,ELP,WR,Tyler Johnson,LAR,SF,14,0.0,0.0,0.0,0.0,0.0,0.0,0.0,0.0,0.0,4.0,3.0,20.0,0.0,0.0,0.0,2,2.0
2024,3,ELP,WR,Jameson Williams,DET,@ARI,17,0.0,0.0,0.0,0.0,0.0,1.0,-7.0,0.0,0.0,3.0,1.0,9.0,0.0,1.0,0.0,1.9,1.9
2024,3,ELP,RB,Audric Estime,DEN,@TB,14,0.0,0.0,0.0,0.0,0.0,0.0,0.0,0.0,0.0,0.0,0.0,0.0,0.0,0.0,0.0,-,0.0
2024,3,ELP,RB,Kenneth Walker,SEA,MIA,30,0.0,0.0,0.0,0.0,0.0,0.0,0.0,0.0,0.0,0.0,0.0,0.0,0.0,0.0,0.0,-,0.0
2024,3,ELP,QB,Tyler Huntley,MIA,@SEA,19,0.0,0.0,0.0,0.0,0.0,0.0,0.0,0.0,0.0,0.0,0.0,0.0,0.0,0.0,0.0,-,0.0
2024,3,ELP,RB,Nick Chubb,CLE,NYG,13,0.0,0.0,0.0,0.0,0.0,0.0,0.0,0.0,0.0,0.0,0.0,0.0,0.0,0.0,0.0,-,0.0
2024,3,ELP,TE,Mark Andrews,BAL,@DAL,12,0.0,0.0,0.0,0.0,0.0,0.0,0.0,0.0,0.0,1.0,0.0,0.0,0.0,0.0,0.0,0,0.0
2024,3,ELP,DST,49ers,SF,@LAR,22,,,,,,,,,,,,,,,,3,3.0
2024,3,FRR,WR,Ja'Marr Chase,CIN,WAS,27,0.0,0.0,0.0,0.0,0.0,0.0,0.0,0.0,0.0,7.0,6.0,118.0,2.0,4.0,0.0,27.8,27.8
2024,3,FRR,QB,Sam Darnold,MIN,HOU,21,17.0,28.0,181.0,4.0,0.0,0.0,0.0,0.0,0.0,0.0,0.0,0.0,0.0,0.0,0.0,23.24,23.24
2024,3,FRR,QB,Patrick Mahomes,KC,@ATL,24,26.0,39.0,217.0,2.0,1.0,6.0,17.0,0.0,1.0,0.0,0.0,0.0,0.0,0.0,0.0,17.38,17.38
2024,3,FRR,WR,Drake London,ATL,KC,9,0.0,0.0,0.0,0.0,0.0,0.0,0.0,0.0,0.0,9.0,6.0,67.0,1.0,4.0,0.0,16.7,16.7
2024,3,FRR,QB,Gardner Minshew,LV,CAR,26,18.0,28.0,214.0,1.0,1.0,3.0,14.0,0.0,1.0,0.0,0.0,0.0,0.0,0.0,0.0,14.96,14.96
2024,3,FRR,RB,Jordan Mason,SF,@LAR,30,0.0,0.0,0.0,0.0,0.0,19.0,77.0,0.0,4.0,2.0,2.0,11.0,0.0,1.0,0.0,13.8,13.8
2024,3,FRR,TE,Dalton Kincaid,BUF,JAC,16,0.0,0.0,0.0,0.0,0.0,0.0,0.0,0.0,0.0,5.0,3.0,41.0,1.0,2.0,0.0,12.1,12.1
2024,3,FRR,RB,Brian Robinson,WAS,@CIN,25,0.0,0.0,0.0,0.0,0.0,16.0,33.0,1.0,2.0,1.0,1.0,4.0,0.0,0.0,0.0,11.7,11.7
2024,3,FRR,WR,Tank Dell,HOU,@MIN,29,0.0,0.0,0.0,0.0,0.0,0.0,0.0,0.0,0.0,6.0,5.0,62.0,0.0,3.0,0.0,9.2,9.2
2024,3,FRR,RB,Samaje Perine,KC,@ATL,6,0.0,0.0,0.0,0.0,0.0,6.0,25.0,0.0,1.0,4.0,3.0,15.0,0.0,0.0,0.0,5,5.0
2024,3,FRR,RB,Rachaad White,TB,DEN,10,0.0,0.0,0.0,0.0,0.0,6.0,17.0,0.0,1.0,6.0,5.0,18.0,0.0,0.0,0.0,4.5,4.5
2024,3,FRR,WR,Jaylen Waddle,MIA,@SEA,10,0.0,0.0,0.0,0.0,0.0,0.0,0.0,0.0,0.0,5.0,4.0,26.0,0.0,1.0,0.0,3.6,3.6
2024,3,FRR,WR,Calvin Ridley,TEN,GB,26,0.0,0.0,0.0,0.0,0.0,0.0,0.0,0.0,0.0,3.0,1.0,9.0,0.0,0.0,0.0,0.9,0.9
2024,3,FRR,RB,Rhamondre Stevenson,NE,@NYJ,8,0.0,0.0,0.0,0.0,0.0,6.0,23.0,0.0,0.0,0.0,0.0,0.0,0.0,0.0,1.0,0.3,0.3
2024,3,FRR,TE,Taysom Hill,NO,PHI,4,0.0,0.0,0.0,0.0,0.0,0.0,0.0,0.0,0.0,0.0,0.0,0.0,0.0,0.0,0.0,-,0.0
2024,3,FRR,RB,Isiah Pacheco,KC,@ATL,6,0.0,0.0,0.0,0.0,0.0,0.0,0.0,0.0,0.0,0.0,0.0,0.0,0.0,0.0,0.0,-,0.0
2024,3,FRR,QB,Bryce Young,CAR,@LV,16,0.0,0.0,0.0,0.0,0.0,0.0,0.0,0.0,0.0,0.0,0.0,0.0,0.0,0.0,0.0,-,0.0
2024,3,FRR,RB,Blake Corum,LAR,SF,15,0.0,0.0,0.0,0.0,0.0,0.0,0.0,0.0,0.0,0.0,0.0,0.0,0.0,0.0,0.0,0,0.0
2024,3,FRR,TE,TJ Hockenson,MIN,HOU,2,0.0,0.0,0.0,0.0,0.0,0.0,0.0,0.0,0.0,0.0,0.0,0.0,0.0,0.0,0.0,-,0.0
2024,3,FRR,WR,Roman Wilson,PIT,LAC,3,0.0,0.0,0.0,0.0,0.0,0.0,0.0,0.0,0.0,0.0,0.0,0.0,0.0,0.0,0.0,-,0.0
2024,3,FRR,DST,Steelers,PIT,LAC,4,,,,,,,,,,,,,,,,9,9.0
2024,3,GF,RB,Aaron Jones,MIN,HOU,8,0.0,0.0,0.0,0.0,0.0,19.0,102.0,0.0,4.0,6.0,5.0,46.0,1.0,2.0,0.0,26.8,26.8
2024,3,GF,TE,Jake Ferguson,DAL,BAL,27,0.0,0.0,0.0,0.0,0.0,0.0,0.0,0.0,0.0,11.0,6.0,95.0,0.0,4.0,0.0,13.5,13.5
2024,3,GF,QB,Trevor Lawrence,JAC,@BUF,13,21.0,38.0,178.0,1.0,1.0,2.0,3.0,0.0,1.0,0.0,0.0,0.0,0.0,0.0,0.0,10.42,10.42
2024,3,GF,WR,Christian Watson,GB,@TEN,1,0.0,0.0,0.0,0.0,0.0,0.0,0.0,0.0,0.0,2.0,2.0,67.0,0.0,2.0,0.0,8.7,8.7
2024,3,GF,RB,JK Dobbins,LAC,@PIT,7,0.0,0.0,0.0,0.0,0.0,15.0,44.0,0.0,2.0,3.0,3.0,10.0,0.0,0.0,0.0,7.4,7.4
2024,3,GF,WR,Jaxon Smith-Njigba,SEA,MIA,4,0.0,0.0,0.0,0.0,0.0,0.0,0.0,0.0,0.0,3.0,3.0,39.0,0.0,2.0,0.0,5.9,5.9
2024,3,GF,WR,Michael Pittman,IND,CHI,6,0.0,0.0,0.0,0.0,0.0,0.0,0.0,0.0,0.0,5.0,4.0,36.0,0.0,1.0,0.0,4.6,4.6
2024,3,GF,WR,Demarcus Robinson,LAR,SF,14,0.0,0.0,0.0,0.0,0.0,0.0,0.0,0.0,0.0,4.0,1.0,32.0,0.0,1.0,0.0,4.2,4.2
2024,3,GF,WR,Brandin Cooks,DAL,BAL,31,0.0,0.0,0.0,0.0,0.0,0.0,0.0,0.0,0.0,6.0,2.0,16.0,0.0,1.0,0.0,2.6,2.6
2024,3,GF,RB,Ezekiel Elliott,DAL,BAL,3,0.0,0.0,0.0,0.0,0.0,3.0,6.0,0.0,1.0,2.0,1.0,6.0,0.0,0.0,0.0,2.2,2.2
2024,3,GF,RB,Gus Edwards,LAC,@PIT,7,0.0,0.0,0.0,0.0,0.0,3.0,9.0,0.0,0.0,0.0,0.0,0.0,0.0,0.0,0.0,0.9,0.9
2024,3,GF,TE,Luke Musgrave,GB,@TEN,1,0.0,0.0,0.0,0.0,0.0,0.0,0.0,0.0,0.0,1.0,1.0,3.0,0.0,0.0,0.0,0.3,0.3
2024,3,GF,QB,Michael Penix,ATL,KC,15,0.0,0.0,0.0,0.0,0.0,0.0,0.0,0.0,0.0,0.0,0.0,0.0,0.0,0.0,0.0,-,0.0
2024,3,GF,WR,Dontayvion Wicks,GB,@TEN,1,0.0,0.0,0.0,0.0,0.0,0.0,0.0,0.0,0.0,2.0,0.0,0.0,0.0,0.0,0.0,0,0.0
2024,3,GF,QB,JJ McCarthy,MIN,HOU,21,0.0,0.0,0.0,0.0,0.0,0.0,0.0,0.0,0.0,0.0,0.0,0.0,0.0,0.0,0.0,-,0.0
2024,3,GF,RB,MarShawn Lloyd,GB,@TEN,11,0.0,0.0,0.0,0.0,0.0,0.0,0.0,0.0,0.0,0.0,0.0,0.0,0.0,0.0,0.0,-,0.0
2024,3,GF,WR,Marquise Brown,KC,@ATL,19,0.0,0.0,0.0,0.0,0.0,0.0,0.0,0.0,0.0,0.0,0.0,0.0,0.0,0.0,0.0,-,0.0
2024,3,GF,QB,Jordan Love,GB,@TEN,14,0.0,0.0,0.0,0.0,0.0,0.0,0.0,0.0,0.0,0.0,0.0,0.0,0.0,0.0,0.0,-,0.0
2024,3,GF,DST,Packers,GB,@TEN,32,,,,,,,,,,,,,,,,24,24.0
2024,3,MAM,RB,Saquon Barkley,PHI,@NO,12,0.0,0.0,0.0,0.0,0.0,17.0,147.0,2.0,7.0,4.0,4.0,9.0,0.0,0.0,0.0,36.6,36.6
2024,3,MAM,WR,Rashee Rice,KC,@ATL,19,0.0,0.0,0.0,0.0,0.0,1.0,1.0,0.0,1.0,14.0,12.0,110.0,1.0,7.0,0.0,25.1,25.1
2024,3,MAM,QB,Andy Dalton,CAR,@LV,16,26.0,37.0,319.0,3.0,0.0,2.0,-2.0,0.0,0.0,0.0,0.0,0.0,0.0,0.0,0.0,24.76,24.76
2024,3,MAM,RB,Alvin Kamara,NO,PHI,19,0.0,0.0,0.0,0.0,0.0,26.0,87.0,0.0,5.0,3.0,3.0,40.0,0.0,1.0,0.0,18.7,18.7
2024,3,MAM,QB,Caleb Williams,CHI,@IND,30,33.0,52.0,363.0,2.0,2.0,1.0,8.0,0.0,1.0,0.0,0.0,0.0,0.0,0.0,1.0,18.32,18.32
2024,3,MAM,WR,Garrett Wilson,NYJ,NE,15,0.0,0.0,0.0,0.0,0.0,0.0,0.0,0.0,0.0,9.0,5.0,33.0,1.0,3.0,0.0,12.3,12.3
2024,3,MAM,QB,Geno Smith,SEA,MIA,2,26.0,34.0,289.0,1.0,2.0,2.0,-2.0,0.0,0.0,0.0,0.0,0.0,0.0,0.0,0.0,11.56,11.56
2024,3,MAM,WR,DJ Moore,CHI,@IND,24,0.0,0.0,0.0,0.0,0.0,1.0,-6.0,0.0,0.0,10.0,8.0,78.0,0.0,3.0,0.0,10.8,10.8
2024,3,MAM,RB,Roschon Johnson,CHI,@IND,26,0.0,0.0,0.0,0.0,0.0,8.0,30.0,0.0,3.0,5.0,4.0,32.0,0.0,1.0,0.0,10.2,10.2
2024,3,MAM,WR,Michael Wilson,ARI,DET,28,0.0,0.0,0.0,0.0,0.0,0.0,0.0,0.0,0.0,9.0,8.0,64.0,0.0,2.0,0.0,8.4,8.4
2024,3,MAM,WR,Jerry Jeudy,CLE,NYG,11,0.0,0.0,0.0,0.0,0.0,0.0,0.0,0.0,0.0,7.0,4.0,27.0,0.0,1.0,0.0,5.7,5.7
2024,3,MAM,RB,James Conner,ARI,DET,4,0.0,0.0,0.0,0.0,0.0,9.0,17.0,0.0,0.0,1.0,1.0,8.0,0.0,0.0,0.0,2.5,2.5
2024,3,MAM,TE,Dalton Schultz,HOU,@MIN,25,0.0,0.0,0.0,0.0,0.0,0.0,0.0,0.0,0.0,5.0,2.0,11.0,0.0,1.0,0.0,2.1,2.1
2024,3,MAM,RB,Jaylen Warren,PIT,LAC,5,0.0,0.0,0.0,0.0,0.0,3.0,5.0,0.0,1.0,1.0,1.0,-4.0,0.0,0.0,0.0,1.5,1.5
2024,3,MAM,RB,Kenneth Gainwell,PHI,@NO,12,0.0,0.0,0.0,0.0,0.0,0.0,0.0,0.0,0.0,3.0,2.0,12.0,0.0,0.0,0.0,1.2,1.2
2024,3,MAM,WR,Jermaine Burton,CIN,WAS,27,0.0,0.0,0.0,0.0,0.0,0.0,0.0,0.0,0.0,0.0,0.0,0.0,0.0,0.0,0.0,0,0.0
2024,3,MAM,WR,Rashid Shaheed,NO,PHI,30,0.0,0.0,0.0,0.0,0.0,0.0,0.0,0.0,0.0,5.0,0.0,0.0,0.0,0.0,0.0,0,0.0
2024,3,MAM,TE,David Njoku,CLE,NYG,9,0.0,0.0,0.0,0.0,0.0,0.0,0.0,0.0,0.0,0.0,0.0,0.0,0.0,0.0,0.0,-,0.0
2024,3,MAM,QB,Tua Tagovailoa,MIA,@SEA,19,0.0,0.0,0.0,0.0,0.0,0.0,0.0,0.0,0.0,0.0,0.0,0.0,0.0,0.0,0.0,-,0.0
2024,3,MAM,RB,Kendre Miller,NO,PHI,19,0.0,0.0,0.0,0.0,0.0,0.0,0.0,0.0,0.0,0.0,0.0,0.0,0.0,0.0,0.0,-,0.0
2024,3,MAM,DST,Ravens,BAL,@DAL,9,,,,,,,,,,,,,,,,6,6.0
2024,3,MCM,WR,Jauan Jennings,SF,@LAR,22,0.0,0.0,0.0,0.0,0.0,0.0,0.0,0.0,0.0,12.0,11.0,175.0,3.0,7.0,0.0,42.5,42.5
2024,3,MCM,RB,Zack Moss,CIN,WAS,18,0.0,0.0,0.0,0.0,0.0,12.0,58.0,1.0,6.0,6.0,5.0,39.0,0.0,2.0,0.0,23.7,23.7
2024,3,MCM,WR,Andrei Iosivas,CIN,WAS,27,0.0,0.0,0.0,0.0,0.0,0.0,0.0,0.0,0.0,7.0,5.0,52.0,1.0,4.0,0.0,15.2,15.2
2024,3,MCM,RB,Carson Steele,KC,@ATL,6,0.0,0.0,0.0,0.0,0.0,17.0,72.0,0.0,6.0,2.0,1.0,2.0,0.0,0.0,0.0,13.4,13.4
2024,3,MCM,WR,Christian Kirk,JAC,@BUF,5,0.0,0.0,0.0,0.0,0.0,0.0,0.0,0.0,0.0,10.0,8.0,79.0,0.0,5.0,0.0,12.9,12.9
2024,3,MCM,RB,Travis Etienne,JAC,@BUF,31,0.0,0.0,0.0,0.0,0.0,11.0,68.0,0.0,4.0,6.0,4.0,17.0,0.0,0.0,0.0,12.5,12.5
2024,3,MCM,RB,Ray Davis,BUF,JAC,23,0.0,0.0,0.0,0.0,0.0,7.0,22.0,1.0,1.0,1.0,1.0,1.0,0.0,0.0,0.0,9.3,9.3
2024,3,MCM,QB,Justin Herbert,LAC,@PIT,7,12.0,18.0,125.0,1.0,0.0,1.0,0.0,0.0,0.0,0.0,0.0,0.0,0.0,0.0,0.0,9,9.0
2024,3,MCM,QB,Derek Carr,NO,PHI,17,14.0,25.0,142.0,1.0,1.0,2.0,3.0,0.0,0.0,0.0,0.0,0.0,0.0,0.0,0.0,7.98,7.98
2024,3,MCM,TE,Jonnu Smith,MIA,@SEA,26,0.0,0.0,0.0,0.0,0.0,0.0,0.0,0.0,0.0,3.0,2.0,18.0,0.0,1.0,0.0,2.8,2.8
2024,3,MCM,RB,Jaylen Wright,MIA,@SEA,22,0.0,0.0,0.0,0.0,0.0,2.0,17.0,0.0,0.0,0.0,0.0,0.0,0.0,0.0,0.0,1.7,1.7
2024,3,MCM,WR,Jordan Addison,MIN,HOU,20,0.0,0.0,0.0,0.0,0.0,0.0,0.0,0.0,0.0,0.0,0.0,0.0,0.0,0.0,0.0,-,0.0
2024,3,MCM,WR,Puka Nacua,LAR,SF,14,0.0,0.0,0.0,0.0,0.0,0.0,0.0,0.0,0.0,0.0,0.0,0.0,0.0,0.0,0.0,-,0.0
2024,3,MCM,QB,Ryan Tannehill,TEN,GB,12,0.0,0.0,0.0,0.0,0.0,0.0,0.0,0.0,0.0,0.0,0.0,0.0,0.0,0.0,0.0,-,0.0
2024,3,MCM,WR,AT Perry,DEN,PHI,30,0.0,0.0,0.0,0.0,0.0,0.0,0.0,0.0,0.0,0.0,0.0,0.0,0.0,0.0,0.0,-,0.0
2024,3,MCM,RB,Kimani Vidal,LAC,@PIT,7,0.0,0.0,0.0,0.0,0.0,0.0,0.0,0.0,0.0,0.0,0.0,0.0,0.0,0.0,0.0,-,0.0
2024,3,MCM,RB,Christian McCaffrey,SF,@LAR,30,0.0,0.0,0.0,0.0,0.0,0.0,0.0,0.0,0.0,0.0,0.0,0.0,0.0,0.0,0.0,-,0.0
2024,3,MCM,RB,Joe Mixon,HOU,@MIN,1,0.0,0.0,0.0,0.0,0.0,0.0,0.0,0.0,0.0,0.0,0.0,0.0,0.0,0.0,0.0,-,0.0
2024,3,MCM,RB,Keaton Mitchell,BAL,@DAL,28,0.0,0.0,0.0,0.0,0.0,0.0,0.0,0.0,0.0,0.0,0.0,0.0,0.0,0.0,0.0,-,0.0
2024,3,MCM,DST,Chargers,LAC,@PIT,7,,,,,,,,,,,,,,,,6,6.0
2024,3,MWM,QB,Aaron Rodgers,NYJ,NE,10,27.0,35.0,281.0,2.0,0.0,3.0,18.0,0.0,2.0,0.0,0.0,0.0,0.0,0.0,0.0,23.04,23.04
2024,3,MWM,TE,Cole Kmet,CHI,@IND,30,0.0,0.0,0.0,0.0,0.0,0.0,0.0,0.0,0.0,11.0,10.0,97.0,1.0,7.0,0.0,22.7,22.7
2024,3,MWM,WR,DeAndre Hopkins,TEN,GB,26,0.0,0.0,0.0,0.0,0.0,0.0,0.0,0.0,0.0,7.0,6.0,73.0,1.0,5.0,0.0,18.3,18.3
2024,3,MWM,WR,Jakobi Meyers,LV,CAR,23,0.0,0.0,0.0,0.0,0.0,0.0,0.0,0.0,0.0,9.0,7.0,62.0,1.0,4.0,0.0,18.2,18.2
2024,3,MWM,RB,Austin Ekeler,WAS,@CIN,25,0.0,0.0,0.0,0.0,0.0,3.0,35.0,1.0,1.0,2.0,2.0,22.0,0.0,2.0,0.0,14.7,14.7
2024,3,MWM,RB,Bijan Robinson,ATL,KC,2,0.0,0.0,0.0,0.0,0.0,16.0,31.0,1.0,2.0,2.0,2.0,21.0,0.0,1.0,0.0,14.2,14.2
2024,3,MWM,QB,Matthew Stafford,LAR,SF,11,16.0,25.0,221.0,1.0,0.0,0.0,0.0,0.0,0.0,0.0,0.0,0.0,0.0,0.0,0.0,12.84,12.84
2024,3,MWM,RB,Najee Harris,PIT,LAC,5,0.0,0.0,0.0,0.0,0.0,18.0,70.0,0.0,3.0,5.0,5.0,16.0,0.0,0.0,0.0,11.6,11.6
2024,3,MWM,WR,Darnell Mooney,ATL,KC,9,0.0,0.0,0.0,0.0,0.0,0.0,0.0,0.0,0.0,8.0,8.0,66.0,0.0,3.0,0.0,9.6,9.6
2024,3,MWM,WR,Brandon Aiyuk,SF,@LAR,22,0.0,0.0,0.0,0.0,0.0,0.0,0.0,0.0,0.0,10.0,5.0,48.0,0.0,4.0,0.0,8.8,8.8
2024,3,MWM,WR,Tyler Lockett,SEA,MIA,4,0.0,0.0,0.0,0.0,0.0,0.0,0.0,0.0,0.0,8.0,5.0,46.0,0.0,4.0,0.0,8.6,8.6
2024,3,MWM,RB,Tony Pollard,TEN,GB,17,0.0,0.0,0.0,0.0,0.0,6.0,14.0,0.0,1.0,4.0,3.0,15.0,0.0,0.0,0.0,3.9,3.9
2024,3,MWM,WR,Gabe Davis,JAC,@BUF,5,0.0,0.0,0.0,0.0,0.0,0.0,0.0,0.0,0.0,6.0,2.0,18.0,0.0,1.0,0.0,2.8,2.8
2024,3,MWM,WR,DJ Chark,LAC,@PIT,13,0.0,0.0,0.0,0.0,0.0,0.0,0.0,0.0,0.0,0.0,0.0,0.0,0.0,0.0,0.0,-,0.0
2024,3,MWM,WR,Kendrick Bourne,NE,@NYJ,7,0.0,0.0,0.0,0.0,0.0,0.0,0.0,0.0,0.0,0.0,0.0,0.0,0.0,0.0,0.0,-,0.0
2024,3,MWM,QB,Hendon Hooker,DET,@ARI,27,0.0,0.0,0.0,0.0,0.0,0.0,0.0,0.0,0.0,0.0,0.0,0.0,0.0,0.0,0.0,-,0.0
2024,3,MWM,TE,George Kittle,SF,@LAR,31,0.0,0.0,0.0,0.0,0.0,0.0,0.0,0.0,0.0,0.0,0.0,0.0,0.0,0.0,0.0,-,0.0
2024,3,MWM,DST,Bills,BUF,JAC,20,,,,,,,,,,,,,,,,18,18.0
2024,3,NN,RB,Derrick Henry,BAL,@DAL,28,0.0,0.0,0.0,0.0,0.0,25.0,151.0,2.0,8.0,1.0,1.0,23.0,0.0,1.0,0.0,38.4,38.4
2024,3,NN,QB,Dak Prescott,DAL,BAL,28,28.0,51.0,379.0,2.0,0.0,2.0,7.0,1.0,1.0,0.0,0.0,0.0,0.0,0.0,0.0,30.86,30.86
2024,3,NN,RB,Zach Charbonnet,SEA,MIA,29,0.0,0.0,0.0,0.0,0.0,18.0,91.0,2.0,6.0,4.0,3.0,16.0,0.0,0.0,0.0,28.7,28.7
2024,3,NN,QB,Joe Burrow,CIN,WAS,20,29.0,38.0,324.0,3.0,0.0,1.0,4.0,0.0,1.0,0.0,0.0,0.0,0.0,0.0,0.0,26.36,26.36
2024,3,NN,WR,Malik Nabers,NYG,@CLE,21,0.0,1.0,0.0,0.0,0.0,2.0,4.0,0.0,1.0,12.0,8.0,78.0,2.0,5.0,0.0,26.2,26.2
2024,3,NN,WR,Amari Cooper,CLE,NYG,11,0.0,0.0,0.0,0.0,0.0,0.0,0.0,0.0,0.0,12.0,7.0,86.0,2.0,4.0,0.0,24.6,24.6
2024,3,NN,WR,Justin Jefferson,MIN,HOU,20,0.0,0.0,0.0,0.0,0.0,0.0,0.0,0.0,0.0,8.0,6.0,81.0,1.0,6.0,0.0,20.1,20.1
2024,3,NN,RB,Breece Hall,NYJ,NE,20,0.0,0.0,0.0,0.0,0.0,16.0,54.0,1.0,4.0,5.0,4.0,29.0,0.0,1.0,0.0,19.3,19.3
2024,3,NN,QB,Will Levis,TEN,GB,12,26.0,34.0,260.0,2.0,2.0,3.0,12.0,0.0,2.0,0.0,0.0,0.0,0.0,0.0,1.0,15.6,15.6
2024,3,NN,RB,Alexander Mattison,LV,CAR,32,0.0,0.0,0.0,0.0,0.0,3.0,7.0,1.0,1.0,3.0,3.0,37.0,0.0,2.0,0.0,13.4,13.4
2024,3,NN,WR,Keon Coleman,BUF,JAC,32,0.0,0.0,0.0,0.0,0.0,0.0,0.0,0.0,0.0,1.0,1.0,24.0,1.0,1.0,0.0,9.4,9.4
2024,3,NN,RB,Braelon Allen,NYJ,NE,20,0.0,0.0,0.0,0.0,0.0,11.0,55.0,0.0,2.0,3.0,3.0,13.0,0.0,0.0,0.0,8.8,8.8
2024,3,NN,TE,Pat Freiermuth,PIT,LAC,20,0.0,0.0,0.0,0.0,0.0,0.0,0.0,0.0,0.0,5.0,4.0,33.0,0.0,2.0,0.0,5.3,5.3
2024,3,NN,RB,Tyler Allgeier,ATL,KC,2,0.0,0.0,0.0,0.0,0.0,7.0,32.0,0.0,1.0,0.0,0.0,0.0,0.0,0.0,0.0,4.2,4.2
2024,3,NN,WR,Xavier Worthy,KC,@ATL,19,0.0,0.0,0.0,0.0,0.0,3.0,13.0,0.0,0.0,4.0,2.0,17.0,0.0,1.0,0.0,4,4.0
2024,3,NN,RB,Ty Chandler,MIN,HOU,9,0.0,0.0,0.0,0.0,0.0,7.0,13.0,0.0,0.0,0.0,0.0,0.0,0.0,0.0,0.0,1.3,1.3
2024,3,NN,WR,Troy Franklin,DEN,@TB,25,0.0,0.0,0.0,0.0,0.0,0.0,0.0,0.0,0.0,5.0,2.0,11.0,0.0,0.0,0.0,1.1,1.1
2024,3,NN,TE,Evan Engram,JAC,@BUF,11,0.0,0.0,0.0,0.0,0.0,0.0,0.0,0.0,0.0,0.0,0.0,0.0,0.0,0.0,0.0,-,0.0
2024,3,NN,DST,Jets,NYJ,NE,28,,,,,,,,,,,,,,,,16,16.0
2024,3,VD,WR,Rome Odunze,CHI,@IND,24,0.0,0.0,0.0,0.0,0.0,1.0,2.0,0.0,0.0,11.0,6.0,112.0,1.0,5.0,0.0,22.4,22.4
2024,3,VD,TE,Dallas Goedert,PHI,@NO,23,0.0,0.0,0.0,0.0,0.0,0.0,0.0,0.0,0.0,11.0,10.0,170.0,0.0,5.0,0.0,22,22.0
2024,3,VD,WR,Terry McLaurin,WAS,@CIN,18,0.0,0.0,0.0,0.0,0.0,0.0,0.0,0.0,0.0,6.0,4.0,100.0,1.0,4.0,0.0,20,20.0
2024,3,VD,QB,Justin Fields,PIT,LAC,4,25.0,32.0,245.0,1.0,1.0,6.0,6.0,1.0,1.0,0.0,0.0,0.0,0.0,0.0,0.0,19.4,19.4
2024,3,VD,QB,Deshaun Watson,CLE,NYG,18,21.0,37.0,196.0,2.0,0.0,4.0,26.0,0.0,2.0,0.0,0.0,0.0,0.0,0.0,2.0,18.44,18.44
2024,3,VD,WR,Marvin Harrison,ARI,DET,28,0.0,0.0,0.0,0.0,0.0,0.0,0.0,0.0,0.0,11.0,5.0,64.0,1.0,5.0,0.0,17.4,17.4
2024,3,VD,WR,Chris Godwin,TB,DEN,2,0.0,0.0,0.0,0.0,0.0,0.0,0.0,0.0,0.0,9.0,6.0,53.0,1.0,5.0,0.0,16.3,16.3
2024,3,VD,WR,Stefon Diggs,HOU,@MIN,29,1.0,1.0,13.0,0.0,0.0,0.0,0.0,0.0,0.0,12.0,10.0,94.0,0.0,6.0,0.0,15.92,15.92
2024,3,VD,RB,Bucky Irving,TB,DEN,10,0.0,0.0,0.0,0.0,0.0,9.0,70.0,0.0,3.0,3.0,3.0,14.0,0.0,1.0,0.0,12.4,12.4
2024,3,VD,QB,Baker Mayfield,TB,DEN,6,25.0,33.0,163.0,1.0,1.0,0.0,0.0,0.0,0.0,0.0,0.0,0.0,0.0,0.0,0.0,8.52,8.52
2024,3,VD,RB,Tyjae Spears,TEN,GB,17,0.0,0.0,0.0,0.0,0.0,2.0,7.0,0.0,0.0,4.0,4.0,54.0,0.0,2.0,0.0,8.1,8.1
2024,3,VD,TE,Kyle Pitts,ATL,KC,32,0.0,0.0,0.0,0.0,0.0,0.0,0.0,0.0,0.0,5.0,2.0,59.0,0.0,2.0,0.0,7.9,7.9
2024,3,VD,WR,Ladd McConkey,LAC,@PIT,13,0.0,0.0,0.0,0.0,0.0,0.0,0.0,0.0,0.0,6.0,3.0,44.0,0.0,3.0,0.0,7.4,7.4
2024,3,VD,QB,Anthony Richardson,IND,CHI,1,10.0,20.0,167.0,0.0,2.0,8.0,24.0,0.0,1.0,0.0,0.0,0.0,0.0,0.0,0.0,6.08,6.08
2024,3,VD,WR,Josh Downs,IND,CHI,6,0.0,0.0,0.0,0.0,0.0,0.0,0.0,0.0,0.0,5.0,3.0,22.0,0.0,0.0,0.0,2.2,2.2
2024,3,VD,RB,Javonte Williams,DEN,@TB,14,0.0,0.0,0.0,0.0,0.0,5.0,12.0,0.0,0.0,4.0,4.0,29.0,0.0,0.0,1.0,2.1,2.1
2024,3,VD,RB,Tank Bigsby,JAC,@BUF,31,0.0,0.0,0.0,0.0,0.0,2.0,9.0,0.0,1.0,0.0,0.0,0.0,0.0,0.0,0.0,1.9,1.9
2024,3,VD,RB,Trey Benson,ARI,DET,4,0.0,0.0,0.0,0.0,0.0,2.0,8.0,0.0,0.0,0.0,0.0,0.0,0.0,0.0,0.0,0.8,0.8
2024,3,VD,RB,Jerick McKinnon Dead Cap,KC,0,0,0.0,0.0,0.0,0.0,0.0,0.0,0.0,0.0,0.0,0.0,0.0,0.0,0.0,0.0,0.0,-,0.0
2024,3,VD,DST,Bears,CHI,@IND,15,,,,,,,,,,,,,,,,8,8.0
2024,3,WLW,RB,Kyren Williams,LAR,SF,15,0.0,0.0,0.0,0.0,0.0,24.0,89.0,2.0,7.0,2.0,2.0,27.0,1.0,1.0,0.0,37.6,37.6
2024,3,WLW,RB,Chuba Hubbard,CAR,@LV,24,0.0,0.0,0.0,0.0,0.0,21.0,114.0,0.0,7.0,5.0,5.0,55.0,1.0,4.0,0.0,33.9,33.9
2024,3,WLW,QB,Lamar Jackson,BAL,@DAL,22,12.0,15.0,182.0,1.0,0.0,14.0,87.0,1.0,6.0,0.0,0.0,0.0,0.0,0.0,0.0,31.98,31.98
2024,3,WLW,WR,Diontae Johnson,CAR,@LV,16,0.0,0.0,0.0,0.0,0.0,0.0,0.0,0.0,0.0,14.0,8.0,122.0,1.0,6.0,0.0,24.2,24.2
2024,3,WLW,RB,Devin Singletary,NYG,@CLE,16,0.0,0.0,0.0,0.0,0.0,16.0,65.0,1.0,4.0,4.0,4.0,43.0,0.0,1.0,1.0,19.8,19.8
2024,3,WLW,QB,Jared Goff,DET,@ARI,27,18.0,23.0,199.0,2.0,1.0,3.0,6.0,0.0,1.0,0.0,0.0,0.0,0.0,0.0,0.0,15.56,15.56
2024,3,WLW,WR,Nico Collins,HOU,@MIN,29,0.0,0.0,0.0,0.0,0.0,0.0,0.0,0.0,0.0,10.0,4.0,86.0,0.0,4.0,0.0,12.6,12.6
2024,3,WLW,RB,Chase Brown,CIN,WAS,18,0.0,0.0,0.0,0.0,0.0,7.0,62.0,0.0,4.0,3.0,2.0,7.0,0.0,0.0,0.0,10.9,10.9
2024,3,WLW,QB,CJ Stroud,HOU,@MIN,8,20.0,31.0,215.0,1.0,2.0,3.0,12.0,0.0,0.0,0.0,0.0,0.0,0.0,0.0,0.0,9.8,9.8
2024,3,WLW,TE,Mike Gesicki,CIN,WAS,6,0.0,0.0,0.0,0.0,0.0,0.0,0.0,0.0,0.0,5.0,4.0,47.0,0.0,4.0,0.0,8.7,8.7
2024,3,WLW,WR,CeeDee Lamb,DAL,BAL,31,0.0,0.0,0.0,0.0,0.0,0.0,0.0,0.0,0.0,7.0,4.0,67.0,0.0,3.0,1.0,7.7,7.7
2024,3,WLW,RB,Rico Dowdle,DAL,BAL,3,0.0,0.0,0.0,0.0,0.0,8.0,32.0,0.0,0.0,5.0,3.0,24.0,0.0,1.0,0.0,6.6,6.6
2024,3,WLW,TE,Sam LaPorta,DET,@ARI,18,0.0,0.0,0.0,0.0,0.0,0.0,0.0,0.0,0.0,2.0,2.0,36.0,0.0,2.0,0.0,5.6,5.6
2024,3,WLW,WR,Alec Pierce,IND,CHI,6,0.0,0.0,0.0,0.0,0.0,0.0,0.0,0.0,0.0,2.0,1.0,44.0,0.0,1.0,0.0,5.4,5.4
2024,3,WLW,WR,Jordan Whittington,LAR,SF,14,0.0,0.0,0.0,0.0,0.0,0.0,0.0,0.0,0.0,3.0,3.0,28.0,0.0,2.0,0.0,4.8,4.8
2024,3,WLW,WR,Mike Evans,TB,DEN,2,0.0,0.0,0.0,0.0,0.0,0.0,0.0,0.0,0.0,3.0,2.0,17.0,0.0,0.0,0.0,1.7,1.7
2024,3,WLW,WR,Cooper Kupp,LAR,SF,14,0.0,0.0,0.0,0.0,0.0,0.0,0.0,0.0,0.0,0.0,0.0,0.0,0.0,0.0,0.0,-,0.0
2024,3,WLW,RB,Raheem Mostert,MIA,@SEA,22,0.0,0.0,0.0,0.0,0.0,0.0,0.0,0.0,0.0,0.0,0.0,0.0,0.0,0.0,0.0,-,0.0
2024,3,WLW,DST,Colts,IND,CHI,18,,,,,,,,,,,,,,,,14,14.0
2024,4,AFL,RB,D'Andre Swift,CHI,LAR,29,0.0,0.0,0.0,0.0,0.0,16.0,93.0,1.0,2.0,7.0,7.0,72.0,0.0,3.0,0.0,27.5,27.5
2024,4,AFL,QB,Jayden Daniels,WAS,@ARI,27,26.0,30.0,233.0,1.0,1.0,8.0,47.0,1.0,3.0,0.0,0.0,0.0,0.0,0.0,0.0,27.02,27.02
2024,4,AFL,RB,Jahmyr Gibbs,DET,SEA,22,0.0,0.0,0.0,0.0,0.0,14.0,78.0,2.0,5.0,0.0,0.0,0.0,0.0,0.0,0.0,24.8,24.8
2024,4,AFL,WR,Chris Olave,NO,@ATL,19,0.0,0.0,0.0,0.0,0.0,0.0,0.0,0.0,0.0,10.0,8.0,87.0,0.0,5.0,0.0,13.7,13.7
2024,4,AFL,WR,Tutu Atwell,LAR,@CHI,6,0.0,0.0,0.0,0.0,0.0,0.0,0.0,0.0,0.0,6.0,4.0,82.0,0.0,4.0,0.0,12.2,12.2
2024,4,AFL,WR,Tee Higgins,CIN,@CAR,23,0.0,0.0,0.0,0.0,0.0,0.0,0.0,0.0,0.0,10.0,6.0,60.0,0.0,5.0,0.0,11,11.0
2024,4,AFL,TE,Travis Kelce,KC,@LAC,19,0.0,0.0,0.0,0.0,0.0,0.0,0.0,0.0,0.0,9.0,7.0,89.0,0.0,2.0,0.0,10.9,10.9
2024,4,AFL,QB,Kyler Murray,ARI,WAS,20,16.0,22.0,142.0,1.0,0.0,1.0,3.0,0.0,0.0,0.0,0.0,0.0,0.0,0.0,0.0,9.98,9.98
2024,4,AFL,WR,Allen Lazard,NYJ,DEN,2,0.0,0.0,0.0,0.0,0.0,0.0,0.0,0.0,0.0,8.0,5.0,58.0,0.0,3.0,0.0,8.8,8.8
2024,4,AFL,TE,Brock Bowers,LV,CLE,8,0.0,0.0,0.0,0.0,0.0,1.0,12.0,0.0,1.0,3.0,2.0,19.0,0.0,1.0,0.0,5.1,5.1
2024,4,AFL,WR,Zay Flowers,BAL,BUF,5,0.0,0.0,0.0,0.0,0.0,0.0,0.0,0.0,0.0,2.0,1.0,10.0,0.0,1.0,0.0,2,2.0
2024,4,AFL,WR,Adonai Mitchell,IND,PIT,13,0.0,0.0,0.0,0.0,0.0,1.0,10.0,0.0,1.0,3.0,0.0,0.0,0.0,0.0,0.0,2,2.0
2024,4,AFL,WR,Curtis Samuel,BUF,@BAL,31,0.0,0.0,0.0,0.0,0.0,1.0,7.0,0.0,0.0,2.0,2.0,8.0,0.0,0.0,0.0,1.5,1.5
2024,4,AFL,RB,Dameon Pierce,HOU,JAC,23,0.0,0.0,0.0,0.0,0.0,0.0,0.0,0.0,0.0,0.0,0.0,0.0,0.0,0.0,0.0,-,0.0
2024,4,AFL,QB,Spencer Rattler,NO,@ATL,24,0.0,0.0,0.0,0.0,0.0,0.0,0.0,0.0,0.0,0.0,0.0,0.0,0.0,0.0,0.0,-,0.0
2024,4,AFL,QB,Russell Wilson,PIT,@IND,30,0.0,0.0,0.0,0.0,0.0,0.0,0.0,0.0,0.0,0.0,0.0,0.0,0.0,0.0,0.0,-,0.0
2024,4,AFL,WR,AJ Brown,PHI,@TB,25,0.0,0.0,0.0,0.0,0.0,0.0,0.0,0.0,0.0,0.0,0.0,0.0,0.0,0.0,0.0,-,0.0
2024,4,AFL,DST,Cowboys,DAL,@NYG,27,,,,,,,,,,,,,,,,6,6.0
2024,4,CC,WR,Brian Thomas,JAC,@HOU,20,0.0,0.0,0.0,0.0,0.0,1.0,13.0,0.0,1.0,9.0,6.0,86.0,1.0,5.0,0.0,21.9,21.9
2024,4,CC,RB,David Montgomery,DET,SEA,22,0.0,0.0,0.0,0.0,0.0,12.0,40.0,1.0,3.0,1.0,1.0,40.0,0.0,1.0,0.0,18,18.0
2024,4,CC,WR,Amon-Ra St Brown,DET,SEA,10,1.0,1.0,7.0,1.0,0.0,0.0,0.0,0.0,0.0,6.0,6.0,45.0,1.0,2.0,0.0,16.78,16.78
2024,4,CC,QB,Brock Purdy,SF,NE,10,15.0,27.0,288.0,1.0,1.0,5.0,11.0,0.0,2.0,0.0,0.0,0.0,0.0,0.0,0.0,16.62,16.62
2024,4,CC,WR,DK Metcalf,SEA,@DET,28,0.0,0.0,0.0,0.0,0.0,0.0,0.0,0.0,0.0,12.0,7.0,104.0,0.0,4.0,1.0,12.4,12.4
2024,4,CC,WR,George Pickens,PIT,@IND,24,0.0,0.0,0.0,0.0,0.0,0.0,0.0,0.0,0.0,11.0,7.0,113.0,0.0,3.0,1.0,12.3,12.3
2024,4,CC,QB,Daniel Jones,NYG,DAL,22,29.0,40.0,281.0,0.0,1.0,4.0,3.0,0.0,1.0,0.0,0.0,0.0,0.0,0.0,0.0,10.54,10.54
2024,4,CC,WR,Deebo Samuel,SF,NE,15,0.0,0.0,0.0,0.0,0.0,2.0,14.0,0.0,0.0,5.0,3.0,58.0,0.0,1.0,0.0,8.2,8.2
2024,4,CC,RB,James Cook,BUF,@BAL,3,0.0,0.0,0.0,0.0,0.0,9.0,39.0,0.0,1.0,1.0,1.0,9.0,0.0,0.0,0.0,5.8,5.8
2024,4,CC,WR,Ja'Lynn Polk,NE,@SF,14,0.0,0.0,0.0,0.0,0.0,0.0,0.0,0.0,0.0,7.0,3.0,30.0,0.0,1.0,0.0,4,4.0
2024,4,CC,WR,Quentin Johnston,LAC,KC,9,0.0,0.0,0.0,0.0,0.0,1.0,4.0,0.0,0.0,5.0,1.0,9.0,0.0,1.0,0.0,2.3,2.3
2024,4,CC,RB,Jonathon Brooks,CAR,CIN,25,0.0,0.0,0.0,0.0,0.0,0.0,0.0,0.0,0.0,0.0,0.0,0.0,0.0,0.0,0.0,-,0.0
2024,4,CC,WR,Ricky Pearsall,SF,NE,15,0.0,0.0,0.0,0.0,0.0,0.0,0.0,0.0,0.0,0.0,0.0,0.0,0.0,0.0,0.0,-,0.0
2024,4,CC,RB,Antonio Gibson Dead Cap,NE,0,0,0.0,0.0,0.0,0.0,0.0,0.0,0.0,0.0,0.0,0.0,0.0,0.0,0.0,0.0,0.0,-,0.0
2024,4,CC,WR,Javon Baker,NE,@SF,14,0.0,0.0,0.0,0.0,0.0,0.0,0.0,0.0,0.0,0.0,0.0,0.0,0.0,0.0,0.0,-,0.0
2024,4,CC,WR,Malachi Corley,NYJ,DEN,2,0.0,0.0,0.0,0.0,0.0,0.0,0.0,0.0,0.0,0.0,0.0,0.0,0.0,0.0,0.0,-,0.0
2024,4,CC,TE,Trey McBride,ARI,WAS,7,0.0,0.0,0.0,0.0,0.0,0.0,0.0,0.0,0.0,0.0,0.0,0.0,0.0,0.0,0.0,-,0.0
2024,4,CC,QB,Drake Maye,NE,@SF,11,0.0,0.0,0.0,0.0,0.0,0.0,0.0,0.0,0.0,0.0,0.0,0.0,0.0,0.0,0.0,-,0.0
2024,4,CC,DST,Browns,CLE,@LV,30,,,,,,,,,,,,,,,,11,11.0
2024,4,CRB,QB,Jalen Hurts,PHI,@TB,31,18.0,30.0,158.0,1.0,0.0,8.0,20.0,1.0,6.0,0.0,0.0,0.0,0.0,0.0,1.0,22.32,22.32
2024,4,CRB,RB,Jonathan Taylor,IND,PIT,7,0.0,0.0,0.0,0.0,0.0,21.0,88.0,1.0,4.0,4.0,3.0,20.0,0.0,1.0,0.0,21.8,21.8
2024,4,CRB,WR,Courtland Sutton,DEN,@NYJ,7,0.0,0.0,0.0,0.0,0.0,0.0,0.0,0.0,0.0,9.0,3.0,60.0,1.0,3.0,0.0,15,15.0
2024,4,CRB,RB,Antonio Gibson,NE,@SF,15,0.0,0.0,0.0,0.0,0.0,6.0,12.0,0.0,0.0,4.0,3.0,67.0,0.0,2.0,0.0,9.9,9.9
2024,4,CRB,RB,Josh Jacobs,GB,MIN,1,0.0,0.0,0.0,0.0,0.0,9.0,51.0,0.0,2.0,6.0,4.0,27.0,0.0,0.0,0.0,9.8,9.8
2024,4,CRB,WR,Mike Williams,NYJ,DEN,2,0.0,0.0,0.0,0.0,0.0,0.0,0.0,0.0,0.0,5.0,4.0,67.0,0.0,3.0,0.0,9.7,9.7
2024,4,CRB,WR,Romeo Doubs,GB,MIN,29,0.0,0.0,0.0,0.0,0.0,0.0,0.0,0.0,0.0,8.0,4.0,39.0,0.0,3.0,0.0,6.9,6.9
2024,4,CRB,QB,Bo Nix,DEN,@NYJ,3,12.0,25.0,60.0,1.0,0.0,5.0,3.0,0.0,0.0,0.0,0.0,0.0,0.0,0.0,0.0,6.7,6.7
2024,4,CRB,RB,Zamir White,LV,CLE,16,0.0,0.0,0.0,0.0,0.0,17.0,50.0,0.0,1.0,1.0,0.0,0.0,0.0,0.0,1.0,4,4.0
2024,4,CRB,TE,Isaiah Likely,BAL,BUF,11,0.0,0.0,0.0,0.0,0.0,0.0,0.0,0.0,0.0,2.0,1.0,26.0,0.0,1.0,0.0,3.6,3.6
2024,4,CRB,RB,De'Von Achane,MIA,TEN,11,0.0,0.0,0.0,0.0,0.0,10.0,15.0,0.0,0.0,3.0,3.0,14.0,0.0,0.0,0.0,2.9,2.9
2024,4,CRB,WR,Keenan Allen,CHI,LAR,22,0.0,0.0,0.0,0.0,0.0,0.0,0.0,0.0,0.0,3.0,3.0,19.0,0.0,1.0,0.0,2.9,2.9
2024,4,CRB,WR,Luke McCaffrey,WAS,@ARI,17,0.0,0.0,0.0,0.0,0.0,0.0,0.0,0.0,0.0,1.0,1.0,17.0,0.0,1.0,0.0,2.7,2.7
2024,4,CRB,WR,DeVonta Smith,PHI,@TB,25,0.0,0.0,0.0,0.0,0.0,0.0,0.0,0.0,0.0,0.0,0.0,0.0,0.0,0.0,0.0,-,0.0
2024,4,CRB,TE,Ben Sinnott,WAS,@ARI,18,0.0,0.0,0.0,0.0,0.0,0.0,0.0,0.0,0.0,0.0,0.0,0.0,0.0,0.0,0.0,0,0.0
2024,4,CRB,WR,Jalen McMillan,TB,PHI,30,0.0,0.0,0.0,0.0,0.0,0.0,0.0,0.0,0.0,0.0,0.0,0.0,0.0,0.0,0.0,-,0.0
2024,4,CRB,WR,Davante Adams,LV,CLE,21,0.0,0.0,0.0,0.0,0.0,0.0,0.0,0.0,0.0,0.0,0.0,0.0,0.0,0.0,0.0,-,0.0
2024,4,CRB,DST,Buccaneers,TB,PHI,25,12.0,12.0,,,,,,,,,,,,,,,
2024,4,CRB,DST,Texans,HOU,JAC,21,,,,,,,,,,,,,,,,3,3.0
2024,4,ELP,RB,Kenneth Walker,SEA,@DET,4,0.0,0.0,0.0,0.0,0.0,12.0,80.0,3.0,5.0,5.0,4.0,36.0,0.0,2.0,0.0,36.6,36.6
2024,4,ELP,WR,Jayden Reed,GB,MIN,29,0.0,0.0,0.0,0.0,0.0,1.0,2.0,0.0,0.0,8.0,7.0,139.0,1.0,6.0,0.0,26.1,26.1
2024,4,ELP,RB,Justice Hill,BAL,BUF,31,0.0,0.0,0.0,0.0,0.0,4.0,18.0,0.0,1.0,6.0,6.0,78.0,1.0,4.0,0.0,20.6,20.6
2024,4,ELP,WR,Xavier Legette,CAR,CIN,18,0.0,0.0,0.0,0.0,0.0,2.0,10.0,0.0,0.0,10.0,6.0,66.0,1.0,5.0,0.0,18.6,18.6
2024,4,ELP,WR,Jameson Williams,DET,SEA,10,0.0,0.0,0.0,0.0,0.0,0.0,0.0,0.0,0.0,2.0,2.0,80.0,1.0,2.0,0.0,16,16.0
2024,4,ELP,QB,Tyler Huntley,MIA,TEN,14,14.0,22.0,96.0,0.0,0.0,8.0,40.0,1.0,3.0,0.0,0.0,0.0,0.0,0.0,1.0,14.84,14.84
2024,4,ELP,RB,Jerome Ford,CLE,@LV,24,0.0,0.0,0.0,0.0,0.0,10.0,58.0,0.0,4.0,7.0,7.0,27.0,0.0,0.0,0.0,12.5,12.5
2024,4,ELP,RB,Cordarrelle Patterson,PIT,@IND,26,0.0,0.0,0.0,0.0,0.0,6.0,43.0,0.0,3.0,2.0,2.0,19.0,0.0,1.0,0.0,10.2,10.2
2024,4,ELP,QB,Josh Allen,BUF,@BAL,28,16.0,29.0,180.0,0.0,0.0,5.0,21.0,0.0,2.0,0.0,0.0,0.0,0.0,0.0,1.0,9.3,9.3
2024,4,ELP,QB,Kirk Cousins,ATL,NO,5,21.0,35.0,238.0,0.0,1.0,0.0,0.0,0.0,0.0,0.0,0.0,0.0,0.0,0.0,0.0,7.52,7.52
2024,4,ELP,WR,Khalil Shakir,BUF,@BAL,31,0.0,0.0,0.0,0.0,0.0,0.0,0.0,0.0,0.0,5.0,4.0,62.0,0.0,1.0,0.0,7.2,7.2
2024,4,ELP,RB,Cam Akers,HOU,JAC,23,0.0,0.0,0.0,0.0,0.0,13.0,53.0,0.0,1.0,0.0,0.0,0.0,0.0,0.0,0.0,6.3,6.3
2024,4,ELP,WR,Tyreek Hill,MIA,TEN,1,0.0,0.0,0.0,0.0,0.0,3.0,19.0,0.0,1.0,7.0,4.0,23.0,0.0,1.0,0.0,6.2,6.2
2024,4,ELP,WR,Demario Douglas,NE,@SF,14,0.0,0.0,0.0,0.0,0.0,0.0,0.0,0.0,0.0,3.0,3.0,13.0,0.0,1.0,0.0,2.3,2.3
2024,4,ELP,TE,Brock Wright,DET,SEA,26,0.0,0.0,0.0,0.0,0.0,0.0,0.0,0.0,0.0,2.0,2.0,13.0,0.0,1.0,0.0,2.3,2.3
2024,4,ELP,WR,Jalen Nailor,MIN,@GB,26,0.0,0.0,0.0,0.0,0.0,1.0,0.0,0.0,0.0,2.0,1.0,31.0,0.0,1.0,1.0,2.1,2.1
2024,4,ELP,RB,Nick Chubb,CLE,@LV,24,0.0,0.0,0.0,0.0,0.0,0.0,0.0,0.0,0.0,0.0,0.0,0.0,0.0,0.0,0.0,-,0.0
2024,4,ELP,RB,Audric Estime,DEN,@NYJ,8,0.0,0.0,0.0,0.0,0.0,0.0,0.0,0.0,0.0,0.0,0.0,0.0,0.0,0.0,0.0,-,0.0
2024,4,ELP,TE,Mark Andrews,BAL,BUF,11,0.0,0.0,0.0,0.0,0.0,0.0,0.0,0.0,0.0,1.0,0.0,0.0,0.0,0.0,0.0,0,0.0
2024,4,ELP,DST,49ers,SF,NE,28,,,,,,,,,,,,,,,,25,25.0
2024,4,FRR,RB,Jordan Mason,SF,NE,20,0.0,0.0,0.0,0.0,0.0,24.0,123.0,1.0,4.0,3.0,2.0,37.0,0.0,2.0,0.0,28,28.0
2024,4,FRR,RB,Brian Robinson,WAS,@ARI,27,0.0,0.0,0.0,0.0,0.0,21.0,101.0,1.0,6.0,3.0,3.0,12.0,0.0,0.0,0.0,23.3,23.3
2024,4,FRR,QB,Sam Darnold,MIN,@GB,12,20.0,28.0,275.0,3.0,1.0,7.0,15.0,0.0,2.0,0.0,0.0,0.0,0.0,0.0,1.0,22.5,22.5
2024,4,FRR,TE,Taysom Hill,NO,@ATL,24,0.0,0.0,0.0,0.0,0.0,6.0,24.0,2.0,4.0,0.0,0.0,0.0,0.0,0.0,0.0,18.4,18.4
2024,4,FRR,WR,Ja'Marr Chase,CIN,@CAR,23,0.0,0.0,0.0,0.0,0.0,0.0,0.0,0.0,0.0,6.0,3.0,85.0,1.0,3.0,0.0,17.5,17.5
2024,4,FRR,WR,Terry McLaurin,WAS,@ARI,17,0.0,0.0,0.0,0.0,0.0,0.0,0.0,0.0,0.0,10.0,7.0,52.0,1.0,4.0,0.0,15.2,15.2
2024,4,FRR,RB,Rachaad White,TB,PHI,19,0.0,0.0,0.0,0.0,0.0,10.0,49.0,0.0,4.0,3.0,2.0,35.0,0.0,2.0,0.0,14.4,14.4
2024,4,FRR,QB,Patrick Mahomes,KC,@LAC,4,19.0,29.0,245.0,1.0,1.0,5.0,12.0,0.0,1.0,0.0,0.0,0.0,0.0,0.0,0.0,14,14.0
2024,4,FRR,WR,Drake London,ATL,NO,12,0.0,0.0,0.0,0.0,0.0,0.0,0.0,0.0,0.0,12.0,6.0,64.0,0.0,2.0,0.0,8.4,8.4
2024,4,FRR,TE,Dalton Kincaid,BUF,@BAL,27,0.0,0.0,0.0,0.0,0.0,0.0,0.0,0.0,0.0,7.0,5.0,47.0,0.0,3.0,0.0,7.7,7.7
2024,4,FRR,RB,Rhamondre Stevenson,NE,@SF,15,0.0,0.0,0.0,0.0,0.0,13.0,43.0,0.0,1.0,5.0,4.0,19.0,0.0,1.0,1.0,6.2,6.2
2024,4,FRR,WR,Jaylen Waddle,MIA,TEN,1,0.0,0.0,0.0,0.0,0.0,0.0,0.0,0.0,0.0,6.0,4.0,36.0,0.0,2.0,0.0,5.6,5.6
2024,4,FRR,QB,Gardner Minshew,LV,CLE,10,14.0,24.0,130.0,0.0,0.0,2.0,-2.0,0.0,0.0,0.0,0.0,0.0,0.0,0.0,0.0,5.2,5.2
2024,4,FRR,WR,Calvin Ridley,TEN,@MIA,4,0.0,0.0,0.0,0.0,0.0,1.0,10.0,0.0,1.0,3.0,1.0,5.0,0.0,0.0,0.0,2.5,2.5
2024,4,FRR,RB,Blake Corum,LAR,@CHI,21,0.0,0.0,0.0,0.0,0.0,0.0,0.0,0.0,0.0,0.0,0.0,0.0,0.0,0.0,0.0,0,0.0
2024,4,FRR,RB,Isiah Pacheco,KC,@LAC,5,0.0,0.0,0.0,0.0,0.0,0.0,0.0,0.0,0.0,0.0,0.0,0.0,0.0,0.0,0.0,-,0.0
2024,4,FRR,RB,Clyde Edwards-Helaire,KC,@LAC,5,0.0,0.0,0.0,0.0,0.0,0.0,0.0,0.0,0.0,0.0,0.0,0.0,0.0,0.0,0.0,-,0.0
2024,4,FRR,WR,Tank Dell,HOU,JAC,32,0.0,0.0,0.0,0.0,0.0,0.0,0.0,0.0,0.0,0.0,0.0,0.0,0.0,0.0,0.0,-,0.0
2024,4,FRR,WR,Roman Wilson,PIT,@IND,24,0.0,0.0,0.0,0.0,0.0,0.0,0.0,0.0,0.0,0.0,0.0,0.0,0.0,0.0,0.0,-,0.0
2024,4,FRR,TE,TJ Hockenson,MIN,@GB,22,0.0,0.0,0.0,0.0,0.0,0.0,0.0,0.0,0.0,0.0,0.0,0.0,0.0,0.0,0.0,-,0.0
2024,4,FRR,DST,Steelers,PIT,@IND,15,,,,,,,,,,,,,,,,2,2.0
2024,4,GF,QB,Jordan Love,GB,MIN,8,32.0,54.0,389.0,4.0,3.0,1.0,6.0,0.0,1.0,0.0,0.0,0.0,0.0,0.0,0.0,29.16,29.16
2024,4,GF,WR,Dontayvion Wicks,GB,MIN,29,0.0,0.0,0.0,0.0,0.0,0.0,0.0,0.0,0.0,13.0,5.0,78.0,2.0,5.0,0.0,24.8,24.8
2024,4,GF,RB,Aaron Jones,MIN,@GB,17,0.0,0.0,0.0,0.0,0.0,22.0,93.0,0.0,5.0,5.0,4.0,46.0,0.0,2.0,0.0,20.9,20.9
2024,4,GF,WR,Michael Pittman,IND,PIT,13,0.0,0.0,0.0,0.0,0.0,0.0,0.0,0.0,0.0,9.0,6.0,113.0,0.0,5.0,0.0,16.3,16.3
2024,4,GF,QB,Trevor Lawrence,JAC,@HOU,21,18.0,33.0,169.0,2.0,0.0,3.0,5.0,0.0,0.0,0.0,0.0,-5.0,0.0,0.0,0.0,15.26,15.26
2024,4,GF,RB,JK Dobbins,LAC,KC,2,0.0,0.0,0.0,0.0,0.0,14.0,32.0,0.0,1.0,4.0,3.0,30.0,0.0,2.0,0.0,9.2,9.2
2024,4,GF,WR,Jaxon Smith-Njigba,SEA,@DET,28,0.0,0.0,0.0,0.0,0.0,0.0,0.0,0.0,0.0,12.0,8.0,51.0,0.0,3.0,0.0,8.1,8.1
2024,4,GF,TE,Jake Ferguson,DAL,@NYG,9,0.0,0.0,0.0,0.0,0.0,0.0,0.0,0.0,0.0,7.0,7.0,49.0,0.0,2.0,0.0,6.9,6.9
2024,4,GF,WR,Demarcus Robinson,LAR,@CHI,6,0.0,0.0,0.0,0.0,0.0,0.0,0.0,0.0,0.0,3.0,2.0,37.0,0.0,2.0,0.0,5.7,5.7
2024,4,GF,RB,Gus Edwards,LAC,KC,2,0.0,0.0,0.0,0.0,0.0,6.0,19.0,0.0,1.0,0.0,0.0,0.0,0.0,0.0,0.0,2.9,2.9
2024,4,GF,WR,Brandin Cooks,DAL,@NYG,12,0.0,0.0,0.0,0.0,0.0,0.0,0.0,0.0,0.0,4.0,1.0,16.0,0.0,1.0,0.0,2.6,2.6
2024,4,GF,RB,Ezekiel Elliott,DAL,@NYG,14,0.0,0.0,0.0,0.0,0.0,5.0,19.0,0.0,0.0,1.0,1.0,5.0,0.0,0.0,0.0,2.4,2.4
2024,4,GF,TE,Luke Musgrave,GB,MIN,25,0.0,0.0,0.0,0.0,0.0,0.0,0.0,0.0,0.0,3.0,3.0,13.0,0.0,1.0,0.0,2.3,2.3
2024,4,GF,WR,Christian Watson,GB,MIN,29,0.0,0.0,0.0,0.0,0.0,0.0,0.0,0.0,0.0,1.0,0.0,0.0,0.0,0.0,0.0,0,0.0
2024,4,GF,QB,Michael Penix,ATL,NO,5,0.0,0.0,0.0,0.0,0.0,0.0,0.0,0.0,0.0,0.0,0.0,0.0,0.0,0.0,0.0,-,0.0
2024,4,GF,RB,MarShawn Lloyd,GB,MIN,1,0.0,0.0,0.0,0.0,0.0,0.0,0.0,0.0,0.0,0.0,0.0,0.0,0.0,0.0,0.0,-,0.0
2024,4,GF,WR,Marquise Brown,KC,@LAC,3,0.0,0.0,0.0,0.0,0.0,0.0,0.0,0.0,0.0,0.0,0.0,0.0,0.0,0.0,0.0,-,0.0
2024,4,GF,QB,JJ McCarthy,MIN,@GB,12,0.0,0.0,0.0,0.0,0.0,0.0,0.0,0.0,0.0,0.0,0.0,0.0,0.0,0.0,0.0,-,0.0
2024,4,GF,DST,Packers,GB,MIN,21,,,,,,,,,,,,,,,,9,9.0
2024,4,MAM,RB,Alvin Kamara,NO,@ATL,6,0.0,0.0,0.0,0.0,0.0,19.0,77.0,1.0,7.0,9.0,7.0,42.0,0.0,2.0,0.0,26.9,26.9
2024,4,MAM,QB,Geno Smith,SEA,@DET,23,38.0,56.0,395.0,1.0,1.0,5.0,38.0,0.0,4.0,0.0,0.0,0.0,0.0,0.0,0.0,25.6,25.6
2024,4,MAM,RB,James Conner,ARI,WAS,18,0.0,0.0,0.0,0.0,0.0,18.0,104.0,1.0,8.0,1.0,1.0,9.0,0.0,0.0,0.0,25.3,25.3
2024,4,MAM,QB,Andy Dalton,CAR,CIN,29,25.0,40.0,220.0,2.0,1.0,3.0,9.0,0.0,1.0,0.0,0.0,0.0,0.0,0.0,0.0,16.7,16.7
2024,4,MAM,RB,Saquon Barkley,PHI,@TB,13,0.0,0.0,0.0,0.0,0.0,10.0,84.0,0.0,2.0,4.0,2.0,32.0,0.0,1.0,0.0,14.6,14.6
2024,4,MAM,RB,Roschon Johnson,CHI,LAR,30,0.0,0.0,0.0,0.0,0.0,7.0,26.0,1.0,4.0,0.0,0.0,0.0,0.0,0.0,0.0,12.6,12.6
2024,4,MAM,QB,Caleb Williams,CHI,LAR,25,17.0,23.0,157.0,1.0,0.0,5.0,12.0,0.0,1.0,0.0,0.0,0.0,0.0,0.0,0.0,12.48,12.48
2024,4,MAM,WR,Rashid Shaheed,NO,@ATL,19,0.0,0.0,0.0,0.0,0.0,2.0,14.0,0.0,1.0,11.0,8.0,83.0,0.0,3.0,1.0,11.7,11.7
2024,4,MAM,WR,Jerry Jeudy,CLE,@LV,16,0.0,0.0,0.0,0.0,0.0,0.0,0.0,0.0,0.0,9.0,6.0,72.0,0.0,4.0,0.0,11.2,11.2
2024,4,MAM,WR,DJ Moore,CHI,LAR,22,0.0,0.0,0.0,0.0,0.0,0.0,0.0,0.0,0.0,6.0,3.0,22.0,1.0,1.0,0.0,9.2,9.2
2024,4,MAM,WR,Garrett Wilson,NYJ,DEN,2,0.0,0.0,0.0,0.0,0.0,0.0,0.0,0.0,0.0,8.0,5.0,41.0,0.0,2.0,1.0,4.1,4.1
2024,4,MAM,WR,Michael Wilson,ARI,WAS,27,0.0,0.0,0.0,0.0,0.0,0.0,0.0,0.0,0.0,7.0,3.0,38.0,0.0,1.0,1.0,2.8,2.8
2024,4,MAM,TE,Tyler Conklin,NYJ,DEN,21,0.0,0.0,0.0,0.0,0.0,0.0,0.0,0.0,0.0,8.0,4.0,17.0,0.0,1.0,0.0,2.7,2.7
2024,4,MAM,RB,Kenneth Gainwell,PHI,@TB,13,0.0,0.0,0.0,0.0,0.0,2.0,9.0,0.0,1.0,1.0,0.0,0.0,0.0,0.0,0.0,1.9,1.9
2024,4,MAM,RB,Jaylen Warren,PIT,@IND,26,0.0,0.0,0.0,0.0,0.0,0.0,0.0,0.0,0.0,0.0,0.0,0.0,0.0,0.0,0.0,-,0.0
2024,4,MAM,RB,Kendre Miller,NO,@ATL,6,0.0,0.0,0.0,0.0,0.0,0.0,0.0,0.0,0.0,0.0,0.0,0.0,0.0,0.0,0.0,-,0.0
2024,4,MAM,WR,Jermaine Burton,CIN,@CAR,23,0.0,0.0,0.0,0.0,0.0,0.0,0.0,0.0,0.0,0.0,0.0,0.0,0.0,0.0,0.0,0,0.0
2024,4,MAM,WR,Rashee Rice,KC,@LAC,3,0.0,0.0,0.0,0.0,0.0,0.0,0.0,0.0,0.0,0.0,0.0,0.0,0.0,0.0,0.0,0,0.0
2024,4,MAM,QB,Tua Tagovailoa,MIA,TEN,14,0.0,0.0,0.0,0.0,0.0,0.0,0.0,0.0,0.0,0.0,0.0,0.0,0.0,0.0,0.0,-,0.0
2024,4,MAM,TE,David Njoku,CLE,@LV,17,0.0,0.0,0.0,0.0,0.0,0.0,0.0,0.0,0.0,0.0,0.0,0.0,0.0,0.0,0.0,-,0.0
2024,4,MAM,DST,Ravens,BAL,BUF,3,,,,,,,,,,,,,,,,9,9.0
2024,4,MCM,WR,Jordan Addison,MIN,@GB,26,0.0,0.0,0.0,0.0,0.0,1.0,7.0,1.0,1.0,4.0,3.0,72.0,1.0,3.0,0.0,23.9,23.9
2024,4,MCM,RB,Zack Moss,CIN,@CAR,32,0.0,0.0,0.0,0.0,0.0,15.0,51.0,0.0,1.0,4.0,4.0,27.0,1.0,2.0,0.0,16.8,16.8
2024,4,MCM,WR,Christian Kirk,JAC,@HOU,20,0.0,0.0,0.0,0.0,0.0,0.0,0.0,0.0,0.0,12.0,7.0,61.0,1.0,4.0,0.0,16.1,16.1
2024,4,MCM,QB,Justin Herbert,LAC,KC,15,16.0,27.0,179.0,1.0,0.0,3.0,0.0,0.0,1.0,0.0,0.0,0.0,0.0,0.0,0.0,12.16,12.16
2024,4,MCM,WR,Jauan Jennings,SF,NE,15,0.0,0.0,0.0,0.0,0.0,0.0,0.0,0.0,0.0,6.0,3.0,88.0,0.0,3.0,0.0,11.8,11.8
2024,4,MCM,RB,Travis Etienne,JAC,@HOU,9,0.0,0.0,0.0,0.0,0.0,11.0,50.0,0.0,2.0,2.0,1.0,10.0,0.0,1.0,0.0,9,9.0
2024,4,MCM,QB,Derek Carr,NO,@ATL,24,28.0,36.0,239.0,0.0,1.0,3.0,5.0,0.0,0.0,0.0,0.0,0.0,0.0,0.0,0.0,8.06,8.06
2024,4,MCM,TE,Zach Ertz,WAS,@ARI,18,0.0,0.0,0.0,0.0,0.0,0.0,0.0,0.0,0.0,3.0,3.0,22.0,0.0,1.0,0.0,5.2,5.2
2024,4,MCM,RB,Jaylen Wright,MIA,TEN,11,0.0,0.0,0.0,0.0,0.0,9.0,32.0,0.0,2.0,1.0,0.0,0.0,0.0,0.0,0.0,5.2,5.2
2024,4,MCM,WR,Andrei Iosivas,CIN,@CAR,23,0.0,0.0,0.0,0.0,0.0,0.0,0.0,0.0,0.0,1.0,1.0,29.0,0.0,1.0,0.0,3.9,3.9
2024,4,MCM,RB,Ray Davis,BUF,@BAL,3,0.0,0.0,0.0,0.0,0.0,7.0,11.0,0.0,1.0,0.0,0.0,0.0,0.0,0.0,0.0,2.1,2.1
2024,4,MCM,RB,Joe Mixon,HOU,JAC,23,0.0,0.0,0.0,0.0,0.0,0.0,0.0,0.0,0.0,0.0,0.0,0.0,0.0,0.0,0.0,-,0.0
2024,4,MCM,RB,Keaton Mitchell,BAL,BUF,31,0.0,0.0,0.0,0.0,0.0,0.0,0.0,0.0,0.0,0.0,0.0,0.0,0.0,0.0,0.0,-,0.0
2024,4,MCM,QB,Ryan Tannehill,TEN,@MIA,2,0.0,0.0,0.0,0.0,0.0,0.0,0.0,0.0,0.0,0.0,0.0,0.0,0.0,0.0,0.0,-,0.0
2024,4,MCM,RB,Christian McCaffrey,SF,NE,20,0.0,0.0,0.0,0.0,0.0,0.0,0.0,0.0,0.0,0.0,0.0,0.0,0.0,0.0,0.0,-,0.0
2024,4,MCM,RB,Kimani Vidal,LAC,KC,2,0.0,0.0,0.0,0.0,0.0,0.0,0.0,0.0,0.0,0.0,0.0,0.0,0.0,0.0,0.0,-,0.0
2024,4,MCM,WR,Puka Nacua,LAR,@CHI,6,0.0,0.0,0.0,0.0,0.0,0.0,0.0,0.0,0.0,0.0,0.0,0.0,0.0,0.0,0.0,-,0.0
2024,4,MCM,WR,AT Perry,DEN,@ATL,19,0.0,0.0,0.0,0.0,0.0,0.0,0.0,0.0,0.0,0.0,0.0,0.0,0.0,0.0,0.0,-,0.0
2024,4,MCM,RB,Carson Steele,KC,@LAC,5,0.0,0.0,0.0,0.0,0.0,2.0,6.0,0.0,0.0,3.0,1.0,0.0,0.0,0.0,1.0,-1.4,-1.4
2024,4,MCM,DST,Chiefs,KC,@LAC,4,,,,,,,,,,,,,,,,7,7.0
2024,4,MWM,RB,Tony Pollard,TEN,@MIA,29,0.0,0.0,0.0,0.0,0.0,22.0,88.0,1.0,3.0,2.0,2.0,20.0,0.0,1.0,0.0,20.8,20.8
2024,4,MWM,TE,George Kittle,SF,NE,19,0.0,0.0,0.0,0.0,0.0,0.0,0.0,0.0,0.0,4.0,4.0,45.0,1.0,3.0,0.0,13.5,13.5
2024,4,MWM,QB,Aaron Rodgers,NYJ,DEN,6,24.0,42.0,225.0,0.0,0.0,5.0,26.0,0.0,1.0,0.0,0.0,0.0,0.0,0.0,0.0,12.6,12.6
2024,4,MWM,RB,Najee Harris,PIT,@IND,26,0.0,0.0,0.0,0.0,0.0,13.0,19.0,0.0,2.0,6.0,3.0,54.0,0.0,2.0,0.0,11.3,11.3
2024,4,MWM,RB,Bijan Robinson,ATL,NO,12,0.0,0.0,0.0,0.0,0.0,7.0,28.0,0.0,1.0,4.0,4.0,46.0,0.0,2.0,0.0,10.4,10.4
2024,4,MWM,WR,Tyler Lockett,SEA,@DET,28,0.0,0.0,0.0,0.0,0.0,0.0,0.0,0.0,0.0,9.0,5.0,61.0,0.0,4.0,0.0,10.1,10.1
2024,4,MWM,WR,Jakobi Meyers,LV,CLE,21,0.0,0.0,0.0,0.0,0.0,0.0,0.0,0.0,0.0,10.0,5.0,49.0,0.0,3.0,0.0,7.9,7.9
2024,4,MWM,WR,Darnell Mooney,ATL,NO,11,0.0,0.0,0.0,0.0,0.0,0.0,0.0,0.0,0.0,6.0,3.0,56.0,0.0,2.0,0.0,7.6,7.6
2024,4,MWM,WR,Brandon Aiyuk,SF,NE,15,0.0,0.0,0.0,0.0,0.0,0.0,0.0,0.0,0.0,5.0,2.0,48.0,0.0,2.0,0.0,6.8,6.8
2024,4,MWM,TE,Cole Kmet,CHI,LAR,31,0.0,0.0,0.0,0.0,0.0,0.0,0.0,0.0,0.0,3.0,3.0,34.0,0.0,2.0,0.0,5.4,5.4
2024,4,MWM,QB,Matthew Stafford,LAR,@CHI,1,20.0,29.0,224.0,0.0,1.0,1.0,-1.0,0.0,0.0,0.0,0.0,0.0,0.0,0.0,1.0,4.96,4.96
2024,4,MWM,WR,DeAndre Hopkins,TEN,@MIA,4,0.0,0.0,0.0,0.0,0.0,0.0,0.0,0.0,0.0,4.0,2.0,31.0,0.0,1.0,0.0,4.1,4.1
2024,4,MWM,WR,Gabe Davis,JAC,@HOU,20,0.0,0.0,0.0,0.0,0.0,0.0,0.0,0.0,0.0,5.0,1.0,-2.0,0.0,0.0,0.0,0,0.0
2024,4,MWM,WR,Kendrick Bourne,NE,@SF,14,0.0,0.0,0.0,0.0,0.0,0.0,0.0,0.0,0.0,0.0,0.0,0.0,0.0,0.0,0.0,-,0.0
2024,4,MWM,QB,Hendon Hooker,DET,SEA,19,0.0,0.0,0.0,0.0,0.0,0.0,0.0,0.0,0.0,0.0,0.0,0.0,0.0,0.0,0.0,-,0.0
2024,4,MWM,WR,DJ Chark,LAC,KC,9,0.0,0.0,0.0,0.0,0.0,0.0,0.0,0.0,0.0,0.0,0.0,0.0,0.0,0.0,0.0,-,0.0
2024,4,MWM,RB,Austin Ekeler,WAS,@ARI,27,0.0,0.0,0.0,0.0,0.0,0.0,0.0,0.0,0.0,0.0,0.0,0.0,0.0,0.0,0.0,-,0.0
2024,4,MWM,DST,Bills,BUF,@BAL,1,,,,,,,,,,,,,,,,2,2.0
2024,4,NN,RB,Derrick Henry,BAL,BUF,31,0.0,0.0,0.0,0.0,0.0,24.0,199.0,1.0,7.0,3.0,3.0,10.0,1.0,1.0,0.0,40.9,40.9
2024,4,NN,WR,Justin Jefferson,MIN,@GB,26,0.0,0.0,0.0,0.0,0.0,0.0,0.0,0.0,0.0,8.0,6.0,85.0,1.0,4.0,0.0,18.5,18.5
2024,4,NN,QB,Joe Burrow,CIN,@CAR,26,22.0,31.0,232.0,2.0,1.0,1.0,10.0,0.0,1.0,0.0,0.0,0.0,0.0,0.0,0.0,17.28,17.28
2024,4,NN,QB,Dak Prescott,DAL,@NYG,18,22.0,27.0,221.0,2.0,0.0,2.0,-1.0,0.0,0.0,0.0,0.0,0.0,0.0,0.0,0.0,16.84,16.84
2024,4,NN,WR,Malik Nabers,NYG,DAL,8,0.0,0.0,0.0,0.0,0.0,1.0,-4.0,0.0,0.0,15.0,12.0,115.0,0.0,5.0,0.0,16.5,16.5
2024,4,NN,WR,Xavier Worthy,KC,@LAC,3,0.0,0.0,0.0,0.0,0.0,0.0,0.0,0.0,0.0,4.0,3.0,73.0,1.0,3.0,0.0,16.3,16.3
2024,4,NN,TE,Pat Freiermuth,PIT,@IND,30,0.0,0.0,0.0,0.0,0.0,0.0,0.0,0.0,0.0,7.0,5.0,57.0,1.0,2.0,0.0,13.7,13.7
2024,4,NN,RB,Tyler Allgeier,ATL,NO,12,0.0,0.0,0.0,0.0,0.0,8.0,60.0,0.0,3.0,2.0,2.0,20.0,0.0,1.0,0.0,12,12.0
2024,4,NN,RB,Alexander Mattison,LV,CLE,16,0.0,0.0,0.0,0.0,0.0,5.0,60.0,0.0,3.0,1.0,0.0,0.0,0.0,0.0,0.0,9,9.0
2024,4,NN,RB,Braelon Allen,NYJ,DEN,10,0.0,0.0,0.0,0.0,0.0,8.0,34.0,0.0,3.0,1.0,1.0,12.0,0.0,1.0,0.0,8.6,8.6
2024,4,NN,RB,Zach Charbonnet,SEA,@DET,4,0.0,0.0,0.0,0.0,0.0,2.0,15.0,0.0,1.0,5.0,5.0,39.0,0.0,1.0,0.0,7.4,7.4
2024,4,NN,WR,Keon Coleman,BUF,@BAL,31,0.0,0.0,0.0,0.0,0.0,0.0,0.0,0.0,0.0,4.0,3.0,51.0,0.0,2.0,0.0,7.1,7.1
2024,4,NN,WR,Amari Cooper,CLE,@LV,16,0.0,0.0,0.0,0.0,0.0,0.0,0.0,0.0,0.0,8.0,4.0,35.0,0.0,2.0,0.0,5.5,5.5
2024,4,NN,RB,Breece Hall,NYJ,DEN,10,0.0,0.0,0.0,0.0,0.0,10.0,4.0,0.0,0.0,5.0,2.0,14.0,0.0,0.0,0.0,1.8,1.8
2024,4,NN,RB,Ty Chandler,MIN,@GB,17,0.0,0.0,0.0,0.0,0.0,3.0,5.0,0.0,0.0,1.0,1.0,8.0,0.0,0.0,0.0,1.3,1.3
2024,4,NN,QB,Will Levis,TEN,@MIA,2,3.0,4.0,25.0,0.0,1.0,2.0,5.0,0.0,1.0,0.0,0.0,0.0,0.0,0.0,0.0,0.5,0.5
2024,4,NN,TE,Evan Engram,JAC,@HOU,2,0.0,0.0,0.0,0.0,0.0,0.0,0.0,0.0,0.0,0.0,0.0,0.0,0.0,0.0,0.0,-,0.0
2024,4,NN,WR,Troy Franklin,DEN,@NYJ,7,0.0,0.0,0.0,0.0,0.0,0.0,0.0,0.0,0.0,4.0,2.0,-2.0,0.0,0.0,0.0,0,0.0
2024,4,NN,DST,Jets,NYJ,DEN,12,,,,,,,,,,,,,,,,6,6.0
2024,4,VD,QB,Justin Fields,PIT,@IND,30,22.0,34.0,312.0,1.0,0.0,10.0,55.0,2.0,4.0,0.0,0.0,0.0,0.0,0.0,1.0,35.98,35.98
2024,4,VD,QB,Baker Mayfield,TB,PHI,17,30.0,47.0,347.0,2.0,0.0,4.0,10.0,1.0,2.0,0.0,0.0,0.0,0.0,0.0,0.0,30.88,30.88
2024,4,VD,WR,Josh Downs,IND,PIT,13,0.0,0.0,0.0,0.0,0.0,0.0,0.0,0.0,0.0,9.0,8.0,82.0,1.0,6.0,0.0,20.2,20.2
2024,4,VD,WR,Stefon Diggs,HOU,JAC,32,0.0,0.0,0.0,0.0,0.0,1.0,6.0,1.0,1.0,9.0,5.0,69.0,0.0,4.0,0.0,18.5,18.5
2024,4,VD,WR,Ladd McConkey,LAC,KC,9,0.0,0.0,0.0,0.0,0.0,0.0,0.0,0.0,0.0,7.0,5.0,67.0,1.0,3.0,0.0,15.7,15.7
2024,4,VD,RB,Javonte Williams,DEN,@NYJ,8,0.0,0.0,0.0,0.0,0.0,16.0,77.0,0.0,7.0,3.0,2.0,3.0,0.0,0.0,0.0,15,15.0
2024,4,VD,RB,Bucky Irving,TB,PHI,19,0.0,0.0,0.0,0.0,0.0,10.0,49.0,1.0,3.0,2.0,1.0,6.0,0.0,0.0,0.0,14.5,14.5
2024,4,VD,WR,Marvin Harrison,ARI,WAS,27,0.0,0.0,0.0,0.0,0.0,0.0,0.0,0.0,0.0,6.0,5.0,45.0,1.0,3.0,0.0,13.5,13.5
2024,4,VD,QB,Deshaun Watson,CLE,@LV,16,24.0,32.0,176.0,1.0,1.0,8.0,32.0,0.0,1.0,0.0,0.0,0.0,0.0,0.0,0.0,13.24,13.24
2024,4,VD,RB,Tyjae Spears,TEN,@MIA,29,0.0,0.0,0.0,0.0,0.0,15.0,39.0,1.0,3.0,2.0,2.0,0.0,0.0,0.0,0.0,12.9,12.9
2024,4,VD,RB,Tank Bigsby,JAC,@HOU,9,0.0,0.0,0.0,0.0,0.0,7.0,90.0,0.0,2.0,0.0,0.0,0.0,0.0,0.0,0.0,11,11.0
2024,4,VD,WR,Chris Godwin,TB,PHI,30,0.0,0.0,0.0,0.0,0.0,0.0,0.0,0.0,0.0,9.0,6.0,69.0,0.0,4.0,0.0,10.9,10.9
2024,4,VD,RB,Trey Benson,ARI,WAS,18,0.0,0.0,0.0,0.0,0.0,9.0,50.0,0.0,3.0,0.0,0.0,0.0,0.0,0.0,0.0,8,8.0
2024,4,VD,QB,Anthony Richardson,IND,PIT,7,3.0,4.0,71.0,0.0,0.0,3.0,24.0,0.0,2.0,0.0,0.0,0.0,0.0,0.0,0.0,7.24,7.24
2024,4,VD,TE,Dallas Goedert,PHI,@TB,10,0.0,0.0,0.0,0.0,0.0,0.0,0.0,0.0,0.0,8.0,7.0,62.0,0.0,1.0,0.0,7.2,7.2
2024,4,VD,WR,Rome Odunze,CHI,LAR,22,0.0,0.0,0.0,0.0,0.0,0.0,0.0,0.0,0.0,3.0,1.0,10.0,0.0,0.0,0.0,1,1.0
2024,4,VD,TE,Kyle Pitts,ATL,NO,23,0.0,0.0,0.0,0.0,0.0,0.0,0.0,0.0,0.0,3.0,0.0,0.0,0.0,0.0,0.0,0,0.0
2024,4,VD,RB,Jerick McKinnon Dead Cap,KC,0,0,0.0,0.0,0.0,0.0,0.0,0.0,0.0,0.0,0.0,0.0,0.0,0.0,0.0,0.0,0.0,-,0.0
2024,4,VD,QB,Bryce Young,CAR,CIN,29,0.0,0.0,0.0,0.0,0.0,0.0,0.0,0.0,0.0,0.0,0.0,0.0,0.0,0.0,0.0,-,0.0
2024,4,VD,DST,Bears,CHI,LAR,22,,,,,,,,,,,,,,,,9,9.0
2024,4,WLW,WR,Nico Collins,HOU,JAC,32,0.0,0.0,0.0,0.0,0.0,0.0,0.0,0.0,0.0,15.0,12.0,151.0,1.0,9.0,0.0,30.1,30.1
2024,4,WLW,QB,Jared Goff,DET,SEA,19,18.0,18.0,292.0,2.0,0.0,2.0,-2.0,0.0,0.0,1.0,1.0,7.0,1.0,1.0,0.0,27.38,27.38
2024,4,WLW,RB,Chase Brown,CIN,@CAR,32,0.0,0.0,0.0,0.0,0.0,15.0,80.0,2.0,4.0,3.0,2.0,12.0,0.0,1.0,0.0,26.2,26.2
2024,4,WLW,QB,Lamar Jackson,BAL,BUF,13,13.0,18.0,156.0,2.0,0.0,6.0,54.0,1.0,2.0,0.0,0.0,0.0,0.0,0.0,1.0,25.64,25.64
2024,4,WLW,QB,CJ Stroud,HOU,JAC,32,27.0,40.0,345.0,2.0,0.0,3.0,17.0,0.0,2.0,0.0,0.0,0.0,0.0,0.0,0.0,25.5,25.5
2024,4,WLW,RB,Chuba Hubbard,CAR,CIN,25,0.0,0.0,0.0,0.0,0.0,18.0,104.0,1.0,6.0,4.0,4.0,17.0,0.0,1.0,0.0,25.1,25.1
2024,4,WLW,RB,Kyren Williams,LAR,@CHI,21,0.0,0.0,0.0,0.0,0.0,19.0,94.0,1.0,6.0,4.0,4.0,10.0,0.0,0.0,0.0,22.4,22.4
2024,4,WLW,WR,Mike Evans,TB,PHI,30,0.0,0.0,0.0,0.0,0.0,0.0,0.0,0.0,0.0,14.0,8.0,94.0,1.0,6.0,0.0,21.4,21.4
2024,4,WLW,WR,CeeDee Lamb,DAL,@NYG,11,0.0,0.0,0.0,0.0,0.0,3.0,8.0,0.0,0.0,8.0,7.0,98.0,1.0,3.0,0.0,19.6,19.6
2024,4,WLW,WR,Diontae Johnson,CAR,CIN,18,0.0,0.0,0.0,0.0,0.0,0.0,0.0,0.0,0.0,13.0,7.0,83.0,1.0,4.0,0.0,18.3,18.3
2024,4,WLW,RB,Rico Dowdle,DAL,@NYG,14,0.0,0.0,0.0,0.0,0.0,11.0,46.0,0.0,3.0,1.0,1.0,15.0,1.0,1.0,0.0,16.1,16.1
2024,4,WLW,WR,Jordan Whittington,LAR,@CHI,6,0.0,0.0,0.0,0.0,0.0,0.0,0.0,0.0,0.0,8.0,6.0,62.0,0.0,3.0,0.0,9.2,9.2
2024,4,WLW,TE,Sam LaPorta,DET,SEA,26,0.0,0.0,0.0,0.0,0.0,0.0,0.0,0.0,0.0,4.0,4.0,53.0,0.0,3.0,0.0,8.3,8.3
2024,4,WLW,RB,Devin Singletary,NYG,DAL,28,0.0,0.0,0.0,0.0,0.0,14.0,24.0,0.0,3.0,1.0,1.0,14.0,0.0,1.0,0.0,7.8,7.8
2024,4,WLW,WR,Alec Pierce,IND,PIT,13,0.0,0.0,0.0,0.0,0.0,0.0,0.0,0.0,0.0,2.0,1.0,9.0,0.0,0.0,0.0,0.9,0.9
2024,4,WLW,WR,Cooper Kupp,LAR,@CHI,6,0.0,0.0,0.0,0.0,0.0,0.0,0.0,0.0,0.0,0.0,0.0,0.0,0.0,0.0,0.0,-,0.0
2024,4,WLW,TE,Mike Gesicki,CIN,@CAR,29,0.0,0.0,0.0,0.0,0.0,0.0,0.0,0.0,0.0,1.0,1.0,-9.0,0.0,0.0,0.0,0,0.0
2024,4,WLW,RB,Raheem Mostert,MIA,TEN,11,0.0,0.0,0.0,0.0,0.0,0.0,0.0,0.0,0.0,0.0,0.0,0.0,0.0,0.0,0.0,-,0.0
2024,4,WLW,DST,Broncos,DEN,@NYJ,23,,,,,,,,,,,,,,,,12,12.0
2024,5,AFL,QB,Kyler Murray,ARI,@SF,11,19.0,30.0,195.0,1.0,1.0,7.0,83.0,1.0,3.0,0.0,0.0,0.0,0.0,0.0,0.0,27.1,27.1
2024,5,AFL,WR,Tee Higgins,CIN,BAL,31,0.0,0.0,0.0,0.0,0.0,0.0,0.0,0.0,0.0,14.0,9.0,83.0,2.0,6.0,0.0,26.3,26.3
2024,5,AFL,RB,D'Andre Swift,CHI,CAR,32,0.0,0.0,0.0,0.0,0.0,21.0,73.0,1.0,5.0,2.0,2.0,47.0,0.0,1.0,0.0,24,24.0
2024,5,AFL,QB,Jayden Daniels,WAS,CLE,9,14.0,25.0,238.0,1.0,1.0,11.0,82.0,0.0,4.0,0.0,0.0,0.0,0.0,0.0,0.0,23.72,23.72
2024,5,AFL,TE,Brock Bowers,LV,@DEN,21,0.0,0.0,0.0,0.0,0.0,0.0,0.0,0.0,0.0,12.0,8.0,97.0,1.0,4.0,0.0,19.7,19.7
2024,5,AFL,WR,Zay Flowers,BAL,@CIN,18,0.0,0.0,0.0,0.0,0.0,1.0,9.0,0.0,0.0,12.0,7.0,111.0,0.0,6.0,0.0,18,18.0
2024,5,AFL,RB,Trey Sermon,IND,@JAC,23,0.0,0.0,0.0,0.0,0.0,10.0,38.0,1.0,4.0,6.0,6.0,25.0,0.0,1.0,0.0,17.3,17.3
2024,5,AFL,TE,Travis Kelce,KC,NO,23,0.0,0.0,0.0,0.0,0.0,0.0,0.0,0.0,0.0,10.0,9.0,70.0,0.0,4.0,0.0,11,11.0
2024,5,AFL,WR,Tutu Atwell,LAR,GB,26,0.0,0.0,0.0,0.0,0.0,1.0,7.0,0.0,0.0,10.0,6.0,58.0,0.0,2.0,0.0,8.5,8.5
2024,5,AFL,WR,Adonai Mitchell,IND,@JAC,32,1.0,1.0,24.0,0.0,0.0,1.0,4.0,0.0,0.0,7.0,4.0,38.0,0.0,2.0,0.0,7.16,7.16
2024,5,AFL,WR,Chris Olave,NO,@KC,9,0.0,0.0,0.0,0.0,0.0,0.0,0.0,0.0,0.0,4.0,2.0,10.0,0.0,1.0,0.0,2,2.0
2024,5,AFL,RB,Jahmyr Gibbs,DET,BYE,---,0.0,0.0,0.0,0.0,0.0,0.0,0.0,0.0,0.0,0.0,0.0,0.0,0.0,0.0,0.0,-,0.0
2024,5,AFL,QB,Russell Wilson,PIT,DAL,22,0.0,0.0,0.0,0.0,0.0,0.0,0.0,0.0,0.0,0.0,0.0,0.0,0.0,0.0,0.0,-,0.0
2024,5,AFL,WR,AJ Brown,PHI,BYE,---,0.0,0.0,0.0,0.0,0.0,0.0,0.0,0.0,0.0,0.0,0.0,0.0,0.0,0.0,0.0,-,0.0
2024,5,AFL,WR,Curtis Samuel,BUF,@HOU,20,0.0,0.0,0.0,0.0,0.0,1.0,-1.0,0.0,0.0,4.0,1.0,0.0,0.0,0.0,0.0,0,0.0
2024,5,AFL,QB,Spencer Rattler,NO,@KC,15,0.0,0.0,0.0,0.0,0.0,0.0,0.0,0.0,0.0,0.0,0.0,0.0,0.0,0.0,0.0,-,0.0
2024,5,AFL,DST,Cowboys,DAL,@PIT,7,,,,,,,,,,,,,,,,6,6.0
2024,5,CC,QB,Daniel Jones,NYG,@SEA,19,23.0,34.0,257.0,2.0,0.0,11.0,38.0,0.0,3.0,0.0,0.0,0.0,0.0,0.0,0.0,25.08,25.08
2024,5,CC,RB,James Cook,BUF,@HOU,8,0.0,0.0,0.0,0.0,0.0,20.0,82.0,1.0,5.0,3.0,2.0,17.0,0.0,1.0,0.0,21.9,21.9
2024,5,CC,WR,Brian Thomas,JAC,IND,24,0.0,0.0,0.0,0.0,0.0,0.0,0.0,0.0,0.0,8.0,5.0,122.0,1.0,3.0,0.0,21.2,21.2
2024,5,CC,QB,Brock Purdy,SF,ARI,27,19.0,35.0,244.0,1.0,2.0,4.0,33.0,0.0,3.0,0.0,0.0,0.0,0.0,0.0,0.0,16.06,16.06
2024,5,CC,TE,Trey McBride,ARI,@SF,14,0.0,0.0,0.0,0.0,0.0,0.0,0.0,0.0,0.0,9.0,6.0,53.0,0.0,2.0,0.0,7.3,7.3
2024,5,CC,WR,DK Metcalf,SEA,NYG,11,0.0,0.0,0.0,0.0,0.0,0.0,0.0,0.0,0.0,7.0,4.0,55.0,0.0,2.0,1.0,5.5,5.5
2024,5,CC,WR,George Pickens,PIT,DAL,8,0.0,0.0,0.0,0.0,0.0,0.0,0.0,0.0,0.0,7.0,3.0,26.0,0.0,1.0,0.0,3.6,3.6
2024,5,CC,RB,Emanuel Wilson,GB,@LAR,29,0.0,0.0,0.0,0.0,0.0,6.0,24.0,0.0,1.0,1.0,1.0,-9.0,0.0,0.0,0.0,3.4,3.4
2024,5,CC,WR,Deebo Samuel,SF,ARI,17,0.0,0.0,0.0,0.0,0.0,3.0,9.0,0.0,0.0,3.0,1.0,11.0,0.0,1.0,0.0,3,3.0
2024,5,CC,WR,Ja'Lynn Polk,NE,MIA,4,0.0,0.0,0.0,0.0,0.0,0.0,0.0,0.0,0.0,6.0,1.0,13.0,0.0,1.0,0.0,2.3,2.3
2024,5,CC,TE,Zach Ertz,WAS,CLE,8,0.0,0.0,0.0,0.0,0.0,0.0,0.0,0.0,0.0,8.0,2.0,10.0,0.0,0.0,0.0,1,1.0
2024,5,CC,WR,Javon Baker,NE,MIA,4,0.0,0.0,0.0,0.0,0.0,0.0,0.0,0.0,0.0,0.0,0.0,0.0,0.0,0.0,0.0,-,0.0
2024,5,CC,WR,Malachi Corley,NYJ,@MIN,29,0.0,0.0,0.0,0.0,0.0,0.0,0.0,0.0,0.0,0.0,0.0,0.0,0.0,0.0,0.0,-,0.0
2024,5,CC,RB,David Montgomery,DET,BYE,---,0.0,0.0,0.0,0.0,0.0,0.0,0.0,0.0,0.0,0.0,0.0,0.0,0.0,0.0,0.0,-,0.0
2024,5,CC,WR,Quentin Johnston,LAC,BYE,---,0.0,0.0,0.0,0.0,0.0,0.0,0.0,0.0,0.0,0.0,0.0,0.0,0.0,0.0,0.0,-,0.0
2024,5,CC,WR,Ricky Pearsall,SF,ARI,17,0.0,0.0,0.0,0.0,0.0,0.0,0.0,0.0,0.0,0.0,0.0,0.0,0.0,0.0,0.0,-,0.0
2024,5,CC,QB,Drake Maye,NE,MIA,2,0.0,0.0,0.0,0.0,0.0,0.0,0.0,0.0,0.0,0.0,0.0,0.0,0.0,0.0,0.0,-,0.0
2024,5,CC,WR,Amon-Ra St Brown,DET,BYE,---,0.0,0.0,0.0,0.0,0.0,0.0,0.0,0.0,0.0,0.0,0.0,0.0,0.0,0.0,0.0,-,0.0
2024,5,CC,RB,Antonio Gibson Dead Cap,NE,0,0,0.0,0.0,0.0,0.0,0.0,0.0,0.0,0.0,0.0,0.0,0.0,0.0,0.0,0.0,0.0,-,0.0
2024,5,CC,RB,Jonathon Brooks,CAR,@CHI,21,0.0,0.0,0.0,0.0,0.0,0.0,0.0,0.0,0.0,0.0,0.0,0.0,0.0,0.0,0.0,-,0.0
2024,5,CC,DST,Browns,CLE,@WAS,2,,,,,,,,,,,,,,,,7,7.0
2024,5,CRB,QB,Bo Nix,DEN,LV,16,19.0,27.0,206.0,2.0,0.0,8.0,9.0,1.0,2.0,0.0,0.0,0.0,0.0,0.0,0.0,25.14,25.14
2024,5,CRB,RB,Josh Jacobs,GB,@LAR,30,0.0,0.0,0.0,0.0,0.0,19.0,73.0,1.0,6.0,1.0,1.0,21.0,0.0,1.0,0.0,22.4,22.4
2024,5,CRB,TE,Isaiah Likely,BAL,@CIN,28,0.0,0.0,0.0,0.0,0.0,0.0,0.0,0.0,0.0,3.0,3.0,13.0,2.0,2.0,0.0,15.3,15.3
2024,5,CRB,RB,Antonio Gibson,NE,MIA,29,0.0,0.0,0.0,0.0,0.0,6.0,52.0,0.0,2.0,1.0,1.0,4.0,0.0,0.0,0.0,7.6,7.6
2024,5,CRB,WR,Courtland Sutton,DEN,LV,16,0.0,0.0,0.0,0.0,0.0,0.0,0.0,0.0,0.0,5.0,2.0,32.0,0.0,2.0,0.0,5.2,5.2
2024,5,CRB,WR,Keenan Allen,CHI,CAR,23,0.0,0.0,0.0,0.0,0.0,0.0,0.0,0.0,0.0,6.0,3.0,33.0,0.0,1.0,0.0,4.3,4.3
2024,5,CRB,WR,Mike Williams,NYJ,@MIN,29,0.0,0.0,0.0,0.0,0.0,0.0,0.0,0.0,0.0,4.0,2.0,25.0,0.0,1.0,0.0,3.5,3.5
2024,5,CRB,WR,Luke McCaffrey,WAS,CLE,21,0.0,0.0,0.0,0.0,0.0,0.0,0.0,0.0,0.0,3.0,3.0,19.0,0.0,1.0,0.0,2.9,2.9
2024,5,CRB,RB,De'Von Achane,MIA,@NE,20,0.0,0.0,0.0,0.0,0.0,3.0,18.0,0.0,1.0,1.0,1.0,-1.0,0.0,0.0,0.0,2.8,2.8
2024,5,CRB,RB,Zamir White,LV,@DEN,10,0.0,0.0,0.0,0.0,0.0,0.0,0.0,0.0,0.0,0.0,0.0,0.0,0.0,0.0,0.0,-,0.0
2024,5,CRB,WR,Jalen McMillan,TB,@ATL,19,0.0,0.0,0.0,0.0,0.0,0.0,0.0,0.0,0.0,0.0,0.0,0.0,0.0,0.0,0.0,-,0.0
2024,5,CRB,WR,Romeo Doubs,GB,@LAR,22,0.0,0.0,0.0,0.0,0.0,0.0,0.0,0.0,0.0,0.0,0.0,0.0,0.0,0.0,0.0,-,0.0
2024,5,CRB,RB,Jonathan Taylor,IND,@JAC,23,0.0,0.0,0.0,0.0,0.0,0.0,0.0,0.0,0.0,0.0,0.0,0.0,0.0,0.0,0.0,-,0.0
2024,5,CRB,TE,Ben Sinnott,WAS,CLE,7,0.0,0.0,0.0,0.0,0.0,0.0,0.0,0.0,0.0,0.0,0.0,0.0,0.0,0.0,0.0,0,0.0
2024,5,CRB,QB,Jalen Hurts,PHI,BYE,---,0.0,0.0,0.0,0.0,0.0,0.0,0.0,0.0,0.0,0.0,0.0,0.0,0.0,0.0,0.0,-,0.0
2024,5,CRB,WR,Davante Adams,LV,@DEN,2,0.0,0.0,0.0,0.0,0.0,0.0,0.0,0.0,0.0,0.0,0.0,0.0,0.0,0.0,0.0,-,0.0
2024,5,CRB,WR,DeVonta Smith,PHI,BYE,---,0.0,0.0,0.0,0.0,0.0,0.0,0.0,0.0,0.0,0.0,0.0,0.0,0.0,0.0,0.0,-,0.0
2024,5,CRB,DST,Buccaneers,TB,@ATL,9,4.0,4.0,,,,,,,,,,,,,,,
2024,5,CRB,DST,Texans,HOU,BUF,3,,,,,,,,,,,,,,,,2,2.0
2024,5,ELP,QB,Kirk Cousins,ATL,TB,31,42.0,58.0,509.0,4.0,1.0,0.0,0.0,0.0,0.0,0.0,0.0,0.0,0.0,0.0,0.0,34.36,34.36
2024,5,ELP,RB,Tyrone Tracy,NYG,@SEA,22,0.0,0.0,0.0,0.0,0.0,18.0,129.0,0.0,5.0,2.0,1.0,1.0,0.0,0.0,0.0,18,18.0
2024,5,ELP,QB,Josh Allen,BUF,@HOU,21,9.0,30.0,131.0,1.0,0.0,4.0,54.0,0.0,3.0,0.0,0.0,0.0,0.0,0.0,0.0,17.64,17.64
2024,5,ELP,WR,Jayden Reed,GB,@LAR,22,0.0,0.0,0.0,0.0,0.0,2.0,19.0,0.0,1.0,6.0,4.0,78.0,0.0,2.0,0.0,12.7,12.7
2024,5,ELP,RB,Cam Akers,HOU,BUF,31,0.0,0.0,0.0,0.0,0.0,9.0,42.0,1.0,2.0,3.0,2.0,5.0,0.0,0.0,0.0,12.7,12.7
2024,5,ELP,RB,Kenneth Walker,SEA,NYG,14,0.0,0.0,0.0,0.0,0.0,5.0,19.0,0.0,0.0,8.0,7.0,57.0,0.0,5.0,0.0,12.6,12.6
2024,5,ELP,WR,Tyreek Hill,MIA,@NE,15,0.0,0.0,0.0,0.0,0.0,0.0,0.0,0.0,0.0,10.0,6.0,69.0,0.0,3.0,0.0,9.9,9.9
2024,5,ELP,WR,Demario Douglas,NE,MIA,4,0.0,0.0,0.0,0.0,0.0,0.0,0.0,0.0,0.0,9.0,6.0,59.0,0.0,3.0,0.0,8.9,8.9
2024,5,ELP,TE,Mark Andrews,BAL,@CIN,28,0.0,0.0,0.0,0.0,0.0,0.0,0.0,0.0,0.0,5.0,4.0,55.0,0.0,3.0,0.0,8.5,8.5
2024,5,ELP,RB,Jerome Ford,CLE,@WAS,18,0.0,0.0,0.0,0.0,0.0,9.0,47.0,0.0,3.0,3.0,3.0,2.0,0.0,0.0,0.0,7.9,7.9
2024,5,ELP,QB,Tyler Huntley,MIA,@NE,10,18.0,31.0,194.0,0.0,1.0,3.0,7.0,0.0,1.0,0.0,0.0,0.0,0.0,0.0,0.0,7.46,7.46
2024,5,ELP,RB,Justice Hill,BAL,@CIN,25,0.0,0.0,0.0,0.0,0.0,5.0,17.0,0.0,3.0,2.0,1.0,8.0,0.0,0.0,0.0,5.5,5.5
2024,5,ELP,WR,Xavier Legette,CAR,@CHI,6,0.0,0.0,0.0,0.0,0.0,0.0,0.0,0.0,0.0,1.0,1.0,8.0,0.0,1.0,0.0,1.8,1.8
2024,5,ELP,WR,Jameson Williams,DET,BYE,---,0.0,0.0,0.0,0.0,0.0,0.0,0.0,0.0,0.0,0.0,0.0,0.0,0.0,0.0,0.0,-,0.0
2024,5,ELP,RB,Audric Estime,DEN,LV,24,0.0,0.0,0.0,0.0,0.0,0.0,0.0,0.0,0.0,0.0,0.0,0.0,0.0,0.0,0.0,-,0.0
2024,5,ELP,WR,Khalil Shakir,BUF,@HOU,20,0.0,0.0,0.0,0.0,0.0,0.0,0.0,0.0,0.0,0.0,0.0,0.0,0.0,0.0,0.0,-,0.0
2024,5,ELP,WR,Jalen Nailor,MIN,NYJ,7,0.0,0.0,0.0,0.0,0.0,0.0,0.0,0.0,0.0,0.0,0.0,0.0,0.0,0.0,0.0,0,0.0
2024,5,ELP,TE,Brock Wright,DET,BYE,---,0.0,0.0,0.0,0.0,0.0,0.0,0.0,0.0,0.0,0.0,0.0,0.0,0.0,0.0,0.0,-,0.0
2024,5,ELP,RB,Nick Chubb,CLE,@WAS,18,0.0,0.0,0.0,0.0,0.0,0.0,0.0,0.0,0.0,0.0,0.0,0.0,0.0,0.0,0.0,-,0.0
2024,5,ELP,DST,49ers,SF,ARI,14,,,,,,,,,,,,,,,,10,10.0
2024,5,FRR,WR,Ja'Marr Chase,CIN,BAL,31,0.0,0.0,0.0,0.0,0.0,0.0,0.0,0.0,0.0,12.0,10.0,193.0,2.0,8.0,0.0,39.3,39.3
2024,5,FRR,WR,Drake London,ATL,TB,25,0.0,0.0,0.0,0.0,0.0,0.0,0.0,0.0,0.0,13.0,12.0,154.0,1.0,9.0,0.0,30.4,30.4
2024,5,FRR,RB,Rhamondre Stevenson,NE,MIA,30,0.0,0.0,0.0,0.0,0.0,12.0,89.0,1.0,3.0,4.0,4.0,3.0,0.0,1.0,0.0,19.2,19.2
2024,5,FRR,QB,Patrick Mahomes,KC,NO,5,28.0,39.0,331.0,0.0,1.0,6.0,22.0,0.0,3.0,0.0,0.0,0.0,0.0,0.0,0.0,16.44,16.44
2024,5,FRR,RB,Brian Robinson,WAS,CLE,16,0.0,0.0,0.0,0.0,0.0,7.0,18.0,2.0,2.0,0.0,0.0,0.0,0.0,0.0,0.0,15.8,15.8
2024,5,FRR,WR,Terry McLaurin,WAS,CLE,21,0.0,0.0,0.0,0.0,0.0,1.0,2.0,0.0,0.0,8.0,4.0,112.0,0.0,4.0,1.0,13.4,13.4
2024,5,FRR,RB,Jordan Mason,SF,ARI,27,0.0,0.0,0.0,0.0,0.0,14.0,89.0,0.0,5.0,1.0,1.0,9.0,0.0,0.0,1.0,12.8,12.8
2024,5,FRR,WR,Josh Downs,IND,@JAC,32,0.0,0.0,0.0,0.0,0.0,0.0,0.0,0.0,0.0,12.0,9.0,69.0,0.0,5.0,0.0,11.9,11.9
2024,5,FRR,QB,Gardner Minshew,LV,@DEN,6,12.0,17.0,137.0,1.0,2.0,2.0,22.0,0.0,2.0,0.0,0.0,0.0,0.0,0.0,0.0,9.68,9.68
2024,5,FRR,RB,Rachaad White,TB,@ATL,6,0.0,0.0,0.0,0.0,0.0,10.0,72.0,0.0,2.0,3.0,3.0,-6.0,0.0,0.0,0.0,9.2,9.2
2024,5,FRR,WR,Jaylen Waddle,MIA,@NE,15,0.0,0.0,0.0,0.0,0.0,0.0,0.0,0.0,0.0,8.0,4.0,46.0,0.0,2.0,0.0,6.6,6.6
2024,5,FRR,RB,Blake Corum,LAR,GB,17,0.0,0.0,0.0,0.0,0.0,5.0,25.0,0.0,3.0,1.0,1.0,8.0,0.0,0.0,0.0,6.3,6.3
2024,5,FRR,QB,Sam Darnold,MIN,NYJ,3,14.0,31.0,179.0,0.0,1.0,5.0,11.0,0.0,2.0,0.0,0.0,0.0,0.0,0.0,1.0,6.26,6.26
2024,5,FRR,WR,Tank Dell,HOU,BUF,5,0.0,0.0,0.0,0.0,0.0,1.0,-5.0,0.0,0.0,4.0,4.0,38.0,0.0,1.0,0.0,4.8,4.8
2024,5,FRR,TE,Dalton Kincaid,BUF,@HOU,2,0.0,0.0,0.0,0.0,0.0,0.0,0.0,0.0,0.0,6.0,2.0,34.0,0.0,1.0,0.0,4.4,4.4
2024,5,FRR,TE,TJ Hockenson,MIN,NYJ,3,0.0,0.0,0.0,0.0,0.0,0.0,0.0,0.0,0.0,0.0,0.0,0.0,0.0,0.0,0.0,-,0.0
2024,5,FRR,WR,Roman Wilson,PIT,DAL,8,0.0,0.0,0.0,0.0,0.0,0.0,0.0,0.0,0.0,0.0,0.0,0.0,0.0,0.0,0.0,-,0.0
2024,5,FRR,TE,Taysom Hill,NO,@KC,32,0.0,0.0,0.0,0.0,0.0,0.0,0.0,0.0,0.0,0.0,0.0,0.0,0.0,0.0,0.0,-,0.0
2024,5,FRR,WR,Calvin Ridley,TEN,BYE,---,0.0,0.0,0.0,0.0,0.0,0.0,0.0,0.0,0.0,0.0,0.0,0.0,0.0,0.0,0.0,-,0.0
2024,5,FRR,RB,Isiah Pacheco,KC,NO,12,0.0,0.0,0.0,0.0,0.0,0.0,0.0,0.0,0.0,0.0,0.0,0.0,0.0,0.0,0.0,-,0.0
2024,5,FRR,DST,Steelers,PIT,DAL,9,,,,,,,,,,,,,,,,11,11.0
2024,5,GF,QB,Trevor Lawrence,JAC,IND,30,28.0,34.0,371.0,2.0,1.0,2.0,4.0,0.0,2.0,0.0,0.0,0.0,0.0,0.0,0.0,23.24,23.24
2024,5,GF,QB,Jordan Love,GB,@LAR,25,15.0,26.0,224.0,2.0,1.0,3.0,10.0,0.0,1.0,0.0,0.0,0.0,0.0,0.0,0.0,16.96,16.96
2024,5,GF,WR,Demarcus Robinson,LAR,GB,26,0.0,0.0,0.0,0.0,0.0,0.0,0.0,0.0,0.0,5.0,3.0,28.0,1.0,3.0,0.0,11.8,11.8
2024,5,GF,WR,Michael Pittman,IND,@JAC,32,0.0,0.0,0.0,0.0,0.0,0.0,0.0,0.0,0.0,8.0,5.0,37.0,1.0,2.0,0.0,11.7,11.7
2024,5,GF,WR,Jaxon Smith-Njigba,SEA,NYG,11,0.0,0.0,0.0,0.0,0.0,0.0,0.0,0.0,0.0,7.0,4.0,31.0,1.0,2.0,0.0,11.1,11.1
2024,5,GF,TE,Jake Ferguson,DAL,@PIT,15,0.0,0.0,0.0,0.0,0.0,0.0,0.0,0.0,0.0,7.0,6.0,70.0,0.0,3.0,0.0,10,10.0
2024,5,GF,RB,Aaron Jones,MIN,NYJ,9,0.0,0.0,0.0,0.0,0.0,7.0,29.0,0.0,0.0,1.0,1.0,24.0,0.0,1.0,0.0,6.3,6.3
2024,5,GF,RB,Ezekiel Elliott,DAL,@PIT,7,0.0,0.0,0.0,0.0,0.0,6.0,17.0,0.0,2.0,1.0,0.0,0.0,0.0,0.0,0.0,3.7,3.7
2024,5,GF,WR,Dontayvion Wicks,GB,@LAR,22,0.0,0.0,0.0,0.0,0.0,0.0,0.0,0.0,0.0,7.0,2.0,20.0,0.0,1.0,0.0,3,3.0
2024,5,GF,RB,JK Dobbins,LAC,BYE,---,0.0,0.0,0.0,0.0,0.0,0.0,0.0,0.0,0.0,0.0,0.0,0.0,0.0,0.0,0.0,-,0.0
2024,5,GF,RB,MarShawn Lloyd,GB,@LAR,29,0.0,0.0,0.0,0.0,0.0,0.0,0.0,0.0,0.0,0.0,0.0,0.0,0.0,0.0,0.0,-,0.0
2024,5,GF,RB,Gus Edwards,LAC,BYE,---,0.0,0.0,0.0,0.0,0.0,0.0,0.0,0.0,0.0,0.0,0.0,0.0,0.0,0.0,0.0,-,0.0
2024,5,GF,WR,Christian Watson,GB,@LAR,22,0.0,0.0,0.0,0.0,0.0,0.0,0.0,0.0,0.0,0.0,0.0,0.0,0.0,0.0,0.0,-,0.0
2024,5,GF,TE,Luke Musgrave,GB,@LAR,31,0.0,0.0,0.0,0.0,0.0,0.0,0.0,0.0,0.0,0.0,0.0,0.0,0.0,0.0,0.0,-,0.0
2024,5,GF,WR,Marquise Brown,KC,NO,12,0.0,0.0,0.0,0.0,0.0,0.0,0.0,0.0,0.0,0.0,0.0,0.0,0.0,0.0,0.0,-,0.0
2024,5,GF,WR,Brandin Cooks,DAL,@PIT,13,0.0,0.0,0.0,0.0,0.0,0.0,0.0,0.0,0.0,0.0,0.0,0.0,0.0,0.0,0.0,-,0.0
2024,5,GF,QB,JJ McCarthy,MIN,NYJ,3,0.0,0.0,0.0,0.0,0.0,0.0,0.0,0.0,0.0,0.0,0.0,0.0,0.0,0.0,0.0,-,0.0
2024,5,GF,QB,Michael Penix,ATL,TB,31,0.0,0.0,0.0,0.0,0.0,0.0,0.0,0.0,0.0,0.0,0.0,0.0,0.0,0.0,0.0,-,0.0
2024,5,GF,DST,Packers,GB,@LAR,22,,,,,,,,,,,,,,,,14,14.0
2024,5,MAM,QB,Caleb Williams,CHI,CAR,26,20.0,29.0,304.0,2.0,0.0,5.0,34.0,0.0,3.0,0.0,0.0,0.0,0.0,0.0,0.0,26.56,26.56
2024,5,MAM,WR,DJ Moore,CHI,CAR,23,0.0,0.0,0.0,0.0,0.0,0.0,0.0,0.0,0.0,8.0,5.0,105.0,2.0,4.0,0.0,26.5,26.5
2024,5,MAM,QB,Geno Smith,SEA,NYG,18,28.0,40.0,284.0,1.0,0.0,4.0,72.0,0.0,2.0,0.0,0.0,0.0,0.0,0.0,0.0,24.56,24.56
2024,5,MAM,TE,Tucker Kraft,GB,@LAR,31,0.0,0.0,0.0,0.0,0.0,0.0,0.0,0.0,0.0,5.0,4.0,88.0,2.0,3.0,0.0,23.8,23.8
2024,5,MAM,WR,Garrett Wilson,NYJ,@MIN,29,0.0,0.0,0.0,0.0,0.0,0.0,0.0,0.0,0.0,23.0,13.0,101.0,1.0,7.0,0.0,23.1,23.1
2024,5,MAM,RB,James Conner,ARI,@SF,15,0.0,0.0,0.0,0.0,0.0,19.0,86.0,0.0,6.0,3.0,2.0,14.0,0.0,1.0,0.0,19,19.0
2024,5,MAM,WR,Rashid Shaheed,NO,@KC,9,0.0,0.0,0.0,0.0,0.0,0.0,0.0,0.0,0.0,9.0,4.0,86.0,1.0,3.0,0.0,17.6,17.6
2024,5,MAM,RB,Roschon Johnson,CHI,CAR,32,0.0,0.0,0.0,0.0,0.0,10.0,25.0,2.0,3.0,0.0,0.0,0.0,0.0,0.0,0.0,17.5,17.5
2024,5,MAM,WR,Wan'Dale Robinson,NYG,@SEA,10,0.0,0.0,0.0,0.0,0.0,1.0,4.0,0.0,0.0,9.0,6.0,36.0,1.0,3.0,0.0,13,13.0
2024,5,MAM,WR,Michael Wilson,ARI,@SF,14,0.0,0.0,0.0,0.0,0.0,0.0,0.0,0.0,0.0,6.0,5.0,78.0,0.0,4.0,0.0,11.8,11.8
2024,5,MAM,RB,Alvin Kamara,NO,@KC,2,0.0,0.0,0.0,0.0,0.0,11.0,26.0,0.0,1.0,8.0,6.0,40.0,0.0,3.0,0.0,10.6,10.6
2024,5,MAM,QB,Andy Dalton,CAR,@CHI,1,18.0,28.0,136.0,0.0,1.0,1.0,3.0,0.0,0.0,0.0,0.0,0.0,0.0,0.0,0.0,3.74,3.74
2024,5,MAM,WR,Jerry Jeudy,CLE,@WAS,27,0.0,0.0,0.0,0.0,0.0,0.0,0.0,0.0,0.0,3.0,1.0,16.0,0.0,1.0,0.0,2.6,2.6
2024,5,MAM,TE,David Njoku,CLE,@WAS,6,0.0,0.0,0.0,0.0,0.0,0.0,0.0,0.0,0.0,3.0,1.0,14.0,0.0,1.0,0.0,2.4,2.4
2024,5,MAM,QB,Tua Tagovailoa,MIA,@NE,10,0.0,0.0,0.0,0.0,0.0,0.0,0.0,0.0,0.0,0.0,0.0,0.0,0.0,0.0,0.0,-,0.0
2024,5,MAM,RB,Kendre Miller,NO,@KC,2,0.0,0.0,0.0,0.0,0.0,0.0,0.0,0.0,0.0,0.0,0.0,0.0,0.0,0.0,0.0,-,0.0
2024,5,MAM,RB,Kenneth Gainwell,PHI,BYE,---,0.0,0.0,0.0,0.0,0.0,0.0,0.0,0.0,0.0,0.0,0.0,0.0,0.0,0.0,0.0,-,0.0
2024,5,MAM,RB,Jaylen Warren,PIT,DAL,28,0.0,0.0,0.0,0.0,0.0,0.0,0.0,0.0,0.0,0.0,0.0,0.0,0.0,0.0,0.0,-,0.0
2024,5,MAM,WR,Rashee Rice,KC,NO,12,0.0,0.0,0.0,0.0,0.0,0.0,0.0,0.0,0.0,0.0,0.0,0.0,0.0,0.0,0.0,-,0.0
2024,5,MAM,RB,Saquon Barkley,PHI,BYE,---,0.0,0.0,0.0,0.0,0.0,0.0,0.0,0.0,0.0,0.0,0.0,0.0,0.0,0.0,0.0,-,0.0
2024,5,MAM,DST,Ravens,BAL,@CIN,8,,,,,,,,,,,,,,,,2,2.0
2024,5,MCM,QB,Joe Flacco,IND,@JAC,32,33.0,44.0,359.0,3.0,0.0,3.0,22.0,0.0,2.0,0.0,0.0,0.0,0.0,0.0,1.0,28.56,28.56
2024,5,MCM,QB,Derek Carr,NO,@KC,15,18.0,28.0,165.0,2.0,1.0,0.0,0.0,0.0,0.0,0.0,0.0,0.0,0.0,0.0,0.0,12.6,12.6
2024,5,MCM,RB,Jaylen Wright,MIA,@NE,20,0.0,0.0,0.0,0.0,0.0,13.0,86.0,0.0,4.0,0.0,0.0,0.0,0.0,0.0,0.0,12.6,12.6
2024,5,MCM,RB,Jeremy McNichols,WAS,CLE,16,0.0,0.0,0.0,0.0,0.0,7.0,44.0,1.0,2.0,0.0,0.0,0.0,0.0,0.0,0.0,12.4,12.4
2024,5,MCM,WR,Christian Kirk,JAC,IND,24,0.0,0.0,0.0,0.0,0.0,0.0,0.0,0.0,0.0,4.0,4.0,88.0,0.0,2.0,0.0,10.8,10.8
2024,5,MCM,RB,Travis Etienne,JAC,IND,26,0.0,0.0,0.0,0.0,0.0,6.0,17.0,0.0,1.0,7.0,6.0,43.0,0.0,3.0,0.0,10,10.0
2024,5,MCM,TE,Cade Otton,TB,@ATL,24,0.0,0.0,0.0,0.0,0.0,0.0,0.0,0.0,0.0,4.0,3.0,44.0,0.0,2.0,0.0,6.4,6.4
2024,5,MCM,RB,Zack Moss,CIN,BAL,3,0.0,0.0,0.0,0.0,0.0,9.0,24.0,0.0,0.0,4.0,3.0,28.0,0.0,1.0,0.0,6.2,6.2
2024,5,MCM,WR,Andrei Iosivas,CIN,BAL,31,0.0,0.0,0.0,0.0,0.0,0.0,0.0,0.0,0.0,2.0,1.0,39.0,0.0,1.0,0.0,4.9,4.9
2024,5,MCM,WR,Jordan Addison,MIN,NYJ,7,0.0,0.0,0.0,0.0,0.0,0.0,0.0,0.0,0.0,8.0,3.0,36.0,0.0,1.0,0.0,4.6,4.6
2024,5,MCM,WR,Tre Tucker,LV,@DEN,2,0.0,0.0,0.0,0.0,0.0,2.0,8.0,0.0,0.0,5.0,2.0,18.0,0.0,1.0,0.0,3.6,3.6
2024,5,MCM,WR,Jauan Jennings,SF,ARI,17,0.0,0.0,0.0,0.0,0.0,0.0,0.0,0.0,0.0,4.0,1.0,13.0,0.0,1.0,0.0,2.3,2.3
2024,5,MCM,RB,Ray Davis,BUF,@HOU,8,0.0,0.0,0.0,0.0,0.0,0.0,0.0,0.0,0.0,2.0,1.0,4.0,0.0,0.0,0.0,0.4,0.4
2024,5,MCM,RB,Christian McCaffrey,SF,ARI,27,0.0,0.0,0.0,0.0,0.0,0.0,0.0,0.0,0.0,0.0,0.0,0.0,0.0,0.0,0.0,-,0.0
2024,5,MCM,RB,Kimani Vidal,LAC,BYE,---,0.0,0.0,0.0,0.0,0.0,0.0,0.0,0.0,0.0,0.0,0.0,0.0,0.0,0.0,0.0,-,0.0
2024,5,MCM,WR,Puka Nacua,LAR,GB,26,0.0,0.0,0.0,0.0,0.0,0.0,0.0,0.0,0.0,0.0,0.0,0.0,0.0,0.0,0.0,-,0.0
2024,5,MCM,RB,Joe Mixon,HOU,BUF,31,0.0,0.0,0.0,0.0,0.0,0.0,0.0,0.0,0.0,0.0,0.0,0.0,0.0,0.0,0.0,-,0.0
2024,5,MCM,QB,Justin Herbert,LAC,BYE,---,0.0,0.0,0.0,0.0,0.0,0.0,0.0,0.0,0.0,0.0,0.0,0.0,0.0,0.0,0.0,-,0.0
2024,5,MCM,DST,Vikings,MIN,NYJ,23,,,,,,,,,,,,,,,,20,20.0
2024,5,MWM,WR,Darnell Mooney,ATL,TB,25,0.0,1.0,0.0,0.0,0.0,0.0,0.0,0.0,0.0,16.0,9.0,105.0,2.0,6.0,0.0,28.5,28.5
2024,5,MWM,WR,Brandon Aiyuk,SF,ARI,17,0.0,0.0,0.0,0.0,0.0,0.0,0.0,0.0,0.0,12.0,8.0,147.0,0.0,6.0,0.0,20.7,20.7
2024,5,MWM,TE,George Kittle,SF,ARI,18,0.0,0.0,0.0,0.0,0.0,0.0,0.0,0.0,0.0,12.0,8.0,64.0,1.0,5.0,0.0,17.4,17.4
2024,5,MWM,RB,Najee Harris,PIT,DAL,28,0.0,0.0,0.0,0.0,0.0,14.0,42.0,0.0,4.0,2.0,2.0,35.0,0.0,2.0,0.0,13.7,13.7
2024,5,MWM,RB,Austin Ekeler,WAS,CLE,16,0.0,0.0,0.0,0.0,0.0,6.0,67.0,0.0,2.0,2.0,2.0,30.0,0.0,1.0,0.0,12.7,12.7
2024,5,MWM,QB,Matthew Stafford,LAR,GB,12,29.0,45.0,260.0,1.0,1.0,0.0,0.0,0.0,0.0,0.0,0.0,0.0,0.0,0.0,0.0,12.4,12.4
2024,5,MWM,QB,Aaron Rodgers,NYJ,@MIN,8,29.0,54.0,244.0,2.0,3.0,0.0,0.0,0.0,0.0,0.0,0.0,0.0,0.0,0.0,0.0,11.76,11.76
2024,5,MWM,WR,Jakobi Meyers,LV,@DEN,2,0.0,0.0,0.0,0.0,0.0,0.0,0.0,0.0,0.0,9.0,6.0,72.0,0.0,4.0,0.0,11.2,11.2
2024,5,MWM,WR,Tyler Lockett,SEA,NYG,12,0.0,0.0,0.0,0.0,0.0,0.0,0.0,0.0,0.0,6.0,4.0,75.0,0.0,3.0,0.0,10.5,10.5
2024,5,MWM,RB,Bijan Robinson,ATL,TB,13,0.0,0.0,0.0,0.0,0.0,12.0,61.0,0.0,1.0,3.0,3.0,16.0,0.0,1.0,0.0,9.7,9.7
2024,5,MWM,TE,Cole Kmet,CHI,CAR,29,0.0,0.0,0.0,0.0,0.0,0.0,0.0,0.0,0.0,4.0,3.0,57.0,0.0,2.0,0.0,7.7,7.7
2024,5,MWM,WR,Gabe Davis,JAC,IND,24,0.0,0.0,0.0,0.0,0.0,0.0,0.0,0.0,0.0,4.0,3.0,38.0,0.0,1.0,1.0,2.8,2.8
2024,5,MWM,WR,Kendrick Bourne,NE,MIA,4,0.0,0.0,0.0,0.0,0.0,0.0,0.0,0.0,0.0,1.0,1.0,6.0,0.0,0.0,0.0,0.6,0.6
2024,5,MWM,RB,Tony Pollard,TEN,BYE,---,0.0,0.0,0.0,0.0,0.0,0.0,0.0,0.0,0.0,0.0,0.0,0.0,0.0,0.0,0.0,-,0.0
2024,5,MWM,WR,DeAndre Hopkins,TEN,BYE,---,0.0,0.0,0.0,0.0,0.0,0.0,0.0,0.0,0.0,0.0,0.0,0.0,0.0,0.0,0.0,-,0.0
2024,5,MWM,QB,Hendon Hooker,DET,BYE,---,0.0,0.0,0.0,0.0,0.0,0.0,0.0,0.0,0.0,0.0,0.0,0.0,0.0,0.0,0.0,-,0.0
2024,5,MWM,WR,DJ Chark,LAC,BYE,---,0.0,0.0,0.0,0.0,0.0,0.0,0.0,0.0,0.0,0.0,0.0,0.0,0.0,0.0,0.0,-,0.0
2024,5,MWM,DST,Bills,BUF,@HOU,19,,,,,,,,,,,,,,,,7,7.0
2024,5,NN,QB,Joe Burrow,CIN,BAL,28,30.0,39.0,392.0,5.0,1.0,2.0,1.0,0.0,0.0,0.0,0.0,0.0,0.0,0.0,0.0,33.78,33.78
2024,5,NN,RB,Derrick Henry,BAL,@CIN,25,0.0,0.0,0.0,0.0,0.0,15.0,92.0,1.0,6.0,1.0,1.0,4.0,0.0,0.0,0.0,21.6,21.6
2024,5,NN,QB,Dak Prescott,DAL,@PIT,7,29.0,42.0,352.0,2.0,2.0,1.0,3.0,0.0,0.0,0.0,0.0,0.0,0.0,0.0,1.0,16.38,16.38
2024,5,NN,WR,Justin Jefferson,MIN,NYJ,7,0.0,0.0,0.0,0.0,0.0,0.0,0.0,0.0,0.0,14.0,6.0,92.0,0.0,4.0,0.0,13.2,13.2
2024,5,NN,WR,Keon Coleman,BUF,@HOU,20,0.0,0.0,0.0,0.0,0.0,0.0,0.0,0.0,0.0,5.0,1.0,49.0,1.0,1.0,0.0,11.9,11.9
2024,5,NN,RB,Alexander Mattison,LV,@DEN,10,0.0,0.0,0.0,0.0,0.0,15.0,38.0,0.0,1.0,3.0,2.0,23.0,0.0,2.0,0.0,11.1,11.1
2024,5,NN,WR,Xavier Worthy,KC,NO,12,0.0,0.0,0.0,0.0,0.0,1.0,3.0,1.0,1.0,6.0,3.0,25.0,0.0,1.0,0.0,10.8,10.8
2024,5,NN,TE,Pat Freiermuth,PIT,DAL,12,0.0,0.0,0.0,0.0,0.0,0.0,0.0,0.0,0.0,3.0,3.0,22.0,1.0,2.0,1.0,8.2,8.2
2024,5,NN,WR,Amari Cooper,CLE,@WAS,27,0.0,0.0,0.0,0.0,0.0,0.0,0.0,0.0,0.0,10.0,4.0,60.0,0.0,2.0,0.0,8,8.0
2024,5,NN,RB,Breece Hall,NYJ,@MIN,1,0.0,0.0,0.0,0.0,0.0,9.0,23.0,0.0,2.0,4.0,3.0,14.0,0.0,0.0,0.0,5.7,5.7
2024,5,NN,RB,Ty Chandler,MIN,NYJ,8,0.0,0.0,0.0,0.0,0.0,14.0,30.0,0.0,1.0,2.0,2.0,9.0,0.0,0.0,0.0,4.9,4.9
2024,5,NN,RB,Zach Charbonnet,SEA,NYG,14,0.0,0.0,0.0,0.0,0.0,2.0,11.0,0.0,1.0,5.0,3.0,19.0,0.0,0.0,0.0,4,4.0
2024,5,NN,RB,Braelon Allen,NYJ,@MIN,1,0.0,0.0,0.0,0.0,0.0,5.0,13.0,0.0,0.0,2.0,1.0,15.0,0.0,1.0,0.0,3.8,3.8
2024,5,NN,RB,Tyler Allgeier,ATL,TB,13,0.0,0.0,0.0,0.0,0.0,6.0,12.0,0.0,1.0,3.0,3.0,13.0,0.0,0.0,0.0,3.5,3.5
2024,5,NN,WR,Troy Franklin,DEN,LV,16,0.0,0.0,0.0,0.0,0.0,0.0,0.0,0.0,0.0,2.0,1.0,20.0,0.0,1.0,0.0,3,3.0
2024,5,NN,WR,Malik Nabers,NYG,@SEA,10,0.0,0.0,0.0,0.0,0.0,0.0,0.0,0.0,0.0,0.0,0.0,0.0,0.0,0.0,0.0,-,0.0
2024,5,NN,QB,Will Levis,TEN,BYE,---,0.0,0.0,0.0,0.0,0.0,0.0,0.0,0.0,0.0,0.0,0.0,0.0,0.0,0.0,0.0,-,0.0
2024,5,NN,TE,Evan Engram,JAC,IND,30,0.0,0.0,0.0,0.0,0.0,0.0,0.0,0.0,0.0,0.0,0.0,0.0,0.0,0.0,0.0,-,0.0
2024,5,NN,DST,Jets,NYJ,@MIN,21,,,,,,,,,,,,,,,,11,11.0
2024,5,VD,RB,Tank Bigsby,JAC,IND,26,0.0,0.0,0.0,0.0,0.0,13.0,101.0,2.0,3.0,1.0,1.0,28.0,0.0,1.0,0.0,28.9,28.9
2024,5,VD,QB,Baker Mayfield,TB,@ATL,24,19.0,24.0,180.0,3.0,0.0,6.0,42.0,0.0,2.0,0.0,0.0,0.0,0.0,0.0,0.0,25.4,25.4
2024,5,VD,RB,Kareem Hunt,KC,NO,12,0.0,0.0,0.0,0.0,0.0,27.0,102.0,1.0,5.0,1.0,1.0,15.0,0.0,1.0,0.0,23.7,23.7
2024,5,VD,QB,Justin Fields,PIT,DAL,22,15.0,27.0,131.0,2.0,0.0,6.0,27.0,0.0,2.0,0.0,0.0,0.0,0.0,0.0,0.0,17.94,17.94
2024,5,VD,RB,Javonte Williams,DEN,LV,24,0.0,0.0,0.0,0.0,0.0,13.0,61.0,0.0,3.0,6.0,5.0,50.0,0.0,1.0,0.0,15.1,15.1
2024,5,VD,WR,Stefon Diggs,HOU,BUF,5,0.0,0.0,0.0,0.0,0.0,0.0,0.0,0.0,0.0,8.0,6.0,82.0,0.0,5.0,0.0,13.2,13.2
2024,5,VD,TE,Kyle Pitts,ATL,TB,10,0.0,0.0,0.0,0.0,0.0,0.0,0.0,0.0,0.0,8.0,7.0,88.0,0.0,4.0,0.0,12.8,12.8
2024,5,VD,WR,Chris Godwin,TB,@ATL,19,0.0,0.0,0.0,0.0,0.0,1.0,2.0,0.0,1.0,6.0,5.0,64.0,0.0,4.0,0.0,11.6,11.6
2024,5,VD,QB,Deshaun Watson,CLE,@WAS,20,15.0,28.0,125.0,1.0,0.0,3.0,14.0,0.0,0.0,0.0,0.0,0.0,0.0,0.0,1.0,8.4,8.4
2024,5,VD,WR,Rome Odunze,CHI,CAR,23,0.0,0.0,0.0,0.0,0.0,0.0,0.0,0.0,0.0,6.0,5.0,40.0,0.0,3.0,0.0,7,7.0
2024,5,VD,RB,Bucky Irving,TB,@ATL,6,0.0,0.0,0.0,0.0,0.0,9.0,44.0,0.0,3.0,2.0,2.0,12.0,0.0,0.0,1.0,6.6,6.6
2024,5,VD,WR,Marvin Harrison,ARI,@SF,14,0.0,0.0,0.0,0.0,0.0,0.0,0.0,0.0,0.0,7.0,2.0,36.0,0.0,2.0,0.0,5.6,5.6
2024,5,VD,QB,Bryce Young,CAR,@CHI,1,4.0,7.0,58.0,0.0,0.0,1.0,8.0,0.0,0.0,0.0,0.0,0.0,0.0,0.0,0.0,3.12,3.12
2024,5,VD,QB,Anthony Richardson,IND,@JAC,32,0.0,0.0,0.0,0.0,0.0,0.0,0.0,0.0,0.0,0.0,0.0,0.0,0.0,0.0,0.0,-,0.0
2024,5,VD,TE,Dallas Goedert,PHI,BYE,---,0.0,0.0,0.0,0.0,0.0,0.0,0.0,0.0,0.0,0.0,0.0,0.0,0.0,0.0,0.0,-,0.0
2024,5,VD,RB,Tyjae Spears,TEN,BYE,---,0.0,0.0,0.0,0.0,0.0,0.0,0.0,0.0,0.0,0.0,0.0,0.0,0.0,0.0,0.0,-,0.0
2024,5,VD,WR,Ladd McConkey,LAC,BYE,---,0.0,0.0,0.0,0.0,0.0,0.0,0.0,0.0,0.0,0.0,0.0,0.0,0.0,0.0,0.0,-,0.0
2024,5,VD,RB,Jerick McKinnon Dead Cap,KC,0,0,0.0,0.0,0.0,0.0,0.0,0.0,0.0,0.0,0.0,0.0,0.0,0.0,0.0,0.0,0.0,-,0.0
2024,5,VD,RB,Trey Benson,ARI,@SF,15,0.0,0.0,0.0,0.0,0.0,0.0,0.0,0.0,0.0,0.0,0.0,0.0,0.0,0.0,0.0,-,0.0
2024,5,VD,DST,Bears,CHI,CAR,24,,,,,,,,,,,,,,,,17,17.0
2024,5,WLW,QB,Lamar Jackson,BAL,@CIN,29,26.0,42.0,348.0,4.0,0.0,12.0,55.0,0.0,1.0,0.0,0.0,0.0,0.0,0.0,1.0,34.42,34.42
2024,5,WLW,RB,Rico Dowdle,DAL,@PIT,7,0.0,0.0,0.0,0.0,0.0,20.0,87.0,0.0,6.0,2.0,2.0,27.0,1.0,2.0,0.0,25.4,25.4
2024,5,WLW,RB,Kyren Williams,LAR,GB,17,0.0,0.0,0.0,0.0,0.0,22.0,102.0,1.0,9.0,1.0,1.0,3.0,0.0,0.0,1.0,23.5,23.5
2024,5,WLW,WR,Mike Evans,TB,@ATL,19,0.0,0.0,0.0,0.0,0.0,0.0,0.0,0.0,0.0,7.0,5.0,62.0,2.0,5.0,0.0,23.2,23.2
2024,5,WLW,WR,Alec Pierce,IND,@JAC,32,0.0,0.0,0.0,0.0,0.0,0.0,0.0,0.0,0.0,3.0,3.0,134.0,1.0,3.0,0.0,22.4,22.4
2024,5,WLW,QB,CJ Stroud,HOU,BUF,13,28.0,38.0,331.0,1.0,1.0,3.0,27.0,0.0,2.0,0.0,0.0,0.0,0.0,0.0,1.0,17.94,17.94
2024,5,WLW,RB,Chase Brown,CIN,BAL,3,0.0,0.0,0.0,0.0,0.0,12.0,46.0,0.0,3.0,3.0,3.0,8.0,1.0,1.0,0.0,17.4,17.4
2024,5,WLW,RB,Chuba Hubbard,CAR,@CHI,21,0.0,0.0,0.0,0.0,0.0,13.0,97.0,1.0,3.0,4.0,4.0,-2.0,0.0,0.0,1.0,16.7,16.7
2024,5,WLW,WR,Nico Collins,HOU,BUF,5,0.0,0.0,0.0,0.0,0.0,0.0,0.0,0.0,0.0,2.0,2.0,78.0,1.0,2.0,0.0,15.8,15.8
2024,5,WLW,RB,Raheem Mostert,MIA,@NE,20,0.0,0.0,0.0,0.0,0.0,19.0,80.0,0.0,3.0,2.0,2.0,18.0,0.0,1.0,0.0,13.8,13.8
2024,5,WLW,WR,Jordan Whittington,LAR,GB,26,0.0,0.0,0.0,0.0,0.0,0.0,0.0,0.0,0.0,10.0,7.0,89.0,0.0,4.0,0.0,12.9,12.9
2024,5,WLW,WR,CeeDee Lamb,DAL,@PIT,13,0.0,0.0,0.0,0.0,0.0,1.0,2.0,0.0,0.0,9.0,5.0,62.0,0.0,2.0,0.0,8.4,8.4
2024,5,WLW,WR,Diontae Johnson,CAR,@CHI,6,0.0,0.0,0.0,0.0,0.0,2.0,6.0,0.0,1.0,6.0,3.0,23.0,0.0,1.0,0.0,4.9,4.9
2024,5,WLW,TE,Erick All,CIN,BAL,27,0.0,0.0,0.0,0.0,0.0,0.0,0.0,0.0,0.0,2.0,2.0,10.0,0.0,0.0,0.0,1,1.0
2024,5,WLW,RB,Devin Singletary,NYG,@SEA,22,0.0,0.0,0.0,0.0,0.0,0.0,0.0,0.0,0.0,0.0,0.0,0.0,0.0,0.0,0.0,-,0.0
2024,5,WLW,TE,Sam LaPorta,DET,BYE,---,0.0,0.0,0.0,0.0,0.0,0.0,0.0,0.0,0.0,0.0,0.0,0.0,0.0,0.0,0.0,-,0.0
2024,5,WLW,WR,Cooper Kupp,LAR,GB,26,0.0,0.0,0.0,0.0,0.0,0.0,0.0,0.0,0.0,0.0,0.0,0.0,0.0,0.0,0.0,-,0.0
2024,5,WLW,QB,Jared Goff,DET,BYE,---,0.0,0.0,0.0,0.0,0.0,0.0,0.0,0.0,0.0,0.0,0.0,0.0,0.0,0.0,0.0,-,0.0
2024,5,WLW,DST,Broncos,DEN,LV,30,,,,,,,,,,,,,,,,20,20.0
2024,6,AFL,RB,D'Andre Swift,CHI,JAC,23,0.0,0.0,0.0,0.0,0.0,17.0,91.0,1.0,5.0,4.0,4.0,28.0,0.0,1.0,0.0,23.9,23.9
2024,6,AFL,WR,AJ Brown,PHI,CLE,25,0.0,0.0,0.0,0.0,0.0,0.0,0.0,0.0,0.0,9.0,6.0,116.0,1.0,5.0,0.0,22.6,22.6
2024,6,AFL,QB,Jayden Daniels,WAS,@BAL,28,24.0,35.0,269.0,2.0,0.0,6.0,22.0,0.0,1.0,0.0,0.0,0.0,0.0,0.0,0.0,21.96,21.96
2024,6,AFL,WR,Allen Lazard,NYJ,BUF,8,0.0,0.0,0.0,0.0,0.0,0.0,0.0,0.0,0.0,7.0,6.0,114.0,1.0,4.0,0.0,21.4,21.4
2024,6,AFL,WR,Zay Flowers,BAL,WAS,29,0.0,0.0,0.0,0.0,0.0,1.0,2.0,0.0,0.0,9.0,9.0,132.0,0.0,7.0,0.0,20.4,20.4
2024,6,AFL,RB,Jahmyr Gibbs,DET,@DAL,31,0.0,0.0,0.0,0.0,0.0,12.0,63.0,0.0,5.0,5.0,3.0,28.0,0.0,1.0,0.0,15.1,15.1
2024,6,AFL,QB,Spencer Rattler,NO,TB,31,22.0,40.0,243.0,1.0,2.0,4.0,27.0,0.0,1.0,0.0,0.0,0.0,0.0,0.0,0.0,13.42,13.42
2024,6,AFL,QB,Kyler Murray,ARI,@GB,9,22.0,32.0,214.0,1.0,0.0,7.0,14.0,0.0,0.0,0.0,0.0,0.0,0.0,0.0,1.0,11.96,11.96
2024,6,AFL,WR,Tee Higgins,CIN,@NYG,12,0.0,0.0,0.0,0.0,0.0,0.0,0.0,0.0,0.0,7.0,7.0,77.0,0.0,4.0,0.0,11.7,11.7
2024,6,AFL,TE,Brock Bowers,LV,PIT,20,0.0,0.0,0.0,0.0,0.0,0.0,0.0,0.0,0.0,10.0,9.0,71.0,0.0,2.0,0.0,9.1,9.1
2024,6,AFL,RB,Trey Sermon,IND,@TEN,8,0.0,0.0,0.0,0.0,0.0,18.0,29.0,0.0,3.0,0.0,0.0,0.0,0.0,0.0,0.0,5.9,5.9
2024,6,AFL,WR,Adonai Mitchell,IND,@TEN,1,0.0,0.0,0.0,0.0,0.0,0.0,0.0,0.0,0.0,4.0,2.0,9.0,0.0,1.0,0.0,1.9,1.9
2024,6,AFL,WR,Tutu Atwell,LAR,BYE,---,0.0,0.0,0.0,0.0,0.0,0.0,0.0,0.0,0.0,0.0,0.0,0.0,0.0,0.0,0.0,-,0.0
2024,6,AFL,QB,Russell Wilson,PIT,@LV,24,0.0,0.0,0.0,0.0,0.0,0.0,0.0,0.0,0.0,0.0,0.0,0.0,0.0,0.0,0.0,-,0.0
2024,6,AFL,TE,Travis Kelce,KC,BYE,---,0.0,0.0,0.0,0.0,0.0,0.0,0.0,0.0,0.0,0.0,0.0,0.0,0.0,0.0,0.0,-,0.0
2024,6,AFL,WR,Chris Olave,NO,TB,22,0.0,0.0,0.0,0.0,0.0,0.0,0.0,0.0,0.0,1.0,1.0,5.0,0.0,0.0,1.0,-1.5,-1.5
2024,6,AFL,DST,Cowboys,DAL,DET,5,,,,,,,,,,,,,,,,0,0.0
2024,6,CC,QB,Brock Purdy,SF,@SEA,18,18.0,28.0,255.0,3.0,0.0,4.0,19.0,0.0,2.0,0.0,0.0,0.0,0.0,0.0,0.0,26.1,26.1
2024,6,CC,RB,David Montgomery,DET,@DAL,31,0.0,0.0,0.0,0.0,0.0,12.0,80.0,2.0,5.0,1.0,1.0,0.0,0.0,0.0,0.0,25,25.0
2024,6,CC,QB,Drake Maye,NE,HOU,23,20.0,33.0,243.0,3.0,2.0,5.0,38.0,0.0,3.0,0.0,0.0,0.0,0.0,0.0,1.0,22.52,22.52
2024,6,CC,WR,Deebo Samuel,SF,@SEA,9,0.0,0.0,0.0,0.0,0.0,4.0,15.0,0.0,0.0,5.0,3.0,102.0,1.0,2.0,0.0,19.7,19.7
2024,6,CC,QB,Daniel Jones,NYG,CIN,29,22.0,41.0,205.0,0.0,1.0,11.0,56.0,0.0,6.0,0.0,0.0,0.0,0.0,0.0,0.0,17.8,17.8
2024,6,CC,TE,Trey McBride,ARI,@GB,23,0.0,0.0,0.0,0.0,0.0,0.0,0.0,0.0,0.0,8.0,8.0,96.0,0.0,5.0,0.0,14.6,14.6
2024,6,CC,WR,Amon-Ra St Brown,DET,@DAL,16,0.0,0.0,0.0,0.0,0.0,0.0,0.0,0.0,0.0,4.0,4.0,37.0,1.0,4.0,0.0,13.7,13.7
2024,6,CC,TE,Zach Ertz,WAS,@BAL,30,0.0,0.0,0.0,0.0,0.0,0.0,0.0,0.0,0.0,5.0,4.0,68.0,0.0,4.0,0.0,10.8,10.8
2024,6,CC,RB,Emanuel Wilson,GB,ARI,25,0.0,0.0,0.0,0.0,0.0,7.0,54.0,0.0,2.0,2.0,1.0,19.0,0.0,1.0,0.0,10.3,10.3
2024,6,CC,WR,DK Metcalf,SEA,SF,13,0.0,0.0,0.0,0.0,0.0,0.0,0.0,0.0,0.0,11.0,3.0,48.0,0.0,3.0,0.0,7.8,7.8
2024,6,CC,WR,George Pickens,PIT,@LV,10,0.0,0.0,0.0,0.0,0.0,0.0,0.0,0.0,0.0,8.0,3.0,53.0,0.0,2.0,0.0,7.3,7.3
2024,6,CC,WR,Brian Thomas,JAC,@CHI,5,0.0,0.0,0.0,0.0,0.0,0.0,0.0,0.0,0.0,6.0,3.0,27.0,0.0,1.0,0.0,3.7,3.7
2024,6,CC,WR,Quentin Johnston,LAC,@DEN,2,0.0,0.0,0.0,0.0,0.0,1.0,0.0,0.0,0.0,4.0,3.0,22.0,0.0,1.0,0.0,3.2,3.2
2024,6,CC,WR,Ja'Lynn Polk,NE,HOU,19,0.0,0.0,0.0,0.0,0.0,0.0,0.0,0.0,0.0,4.0,1.0,4.0,0.0,0.0,0.0,0.4,0.4
2024,6,CC,RB,James Cook,BUF,@NYJ,11,0.0,0.0,0.0,0.0,0.0,0.0,0.0,0.0,0.0,0.0,0.0,0.0,0.0,0.0,0.0,-,0.0
2024,6,CC,WR,Javon Baker,NE,HOU,19,0.0,0.0,0.0,0.0,0.0,0.0,0.0,0.0,0.0,0.0,0.0,0.0,0.0,0.0,0.0,-,0.0
2024,6,CC,RB,Antonio Gibson Dead Cap,NE,0,0,0.0,0.0,0.0,0.0,0.0,0.0,0.0,0.0,0.0,0.0,0.0,0.0,0.0,0.0,0.0,-,0.0
2024,6,CC,RB,Jonathon Brooks,CAR,ATL,7,0.0,0.0,0.0,0.0,0.0,0.0,0.0,0.0,0.0,0.0,0.0,0.0,0.0,0.0,0.0,-,0.0
2024,6,CC,WR,Malachi Corley,NYJ,BUF,8,0.0,0.0,0.0,0.0,0.0,0.0,0.0,0.0,0.0,0.0,0.0,0.0,0.0,0.0,0.0,-,0.0
2024,6,CC,WR,Ricky Pearsall,SF,@SEA,9,0.0,0.0,0.0,0.0,0.0,0.0,0.0,0.0,0.0,0.0,0.0,0.0,0.0,0.0,0.0,-,0.0
2024,6,CC,DST,Browns,CLE,@PHI,23,,,,,,,,,,,,,,,,8,8.0
2024,6,CRB,QB,Jalen Hurts,PHI,CLE,16,16.0,25.0,264.0,2.0,0.0,14.0,33.0,0.0,5.0,0.0,0.0,0.0,0.0,0.0,0.0,26.86,26.86
2024,6,CRB,QB,Bo Nix,DEN,LAC,6,19.0,33.0,216.0,2.0,1.0,6.0,61.0,0.0,5.0,0.0,0.0,0.0,0.0,0.0,0.0,25.74,25.74
2024,6,CRB,WR,Keenan Allen,CHI,JAC,30,0.0,0.0,0.0,0.0,0.0,0.0,0.0,0.0,0.0,5.0,5.0,41.0,2.0,5.0,0.0,21.1,21.1
2024,6,CRB,WR,Romeo Doubs,GB,ARI,26,0.0,0.0,0.0,0.0,0.0,0.0,0.0,0.0,0.0,4.0,3.0,49.0,2.0,3.0,0.0,19.9,19.9
2024,6,CRB,WR,DeVonta Smith,PHI,CLE,25,0.0,0.0,0.0,0.0,0.0,0.0,0.0,0.0,0.0,4.0,3.0,64.0,1.0,2.0,0.0,14.4,14.4
2024,6,CRB,WR,Courtland Sutton,DEN,LAC,5,0.0,0.0,0.0,0.0,0.0,0.0,0.0,0.0,0.0,6.0,4.0,53.0,1.0,3.0,0.0,14.3,14.3
2024,6,CRB,RB,Josh Jacobs,GB,ARI,25,0.0,0.0,0.0,0.0,0.0,18.0,62.0,0.0,1.0,3.0,3.0,28.0,0.0,3.0,0.0,13,13.0
2024,6,CRB,RB,Antonio Gibson,NE,HOU,6,0.0,0.0,0.0,0.0,0.0,13.0,19.0,0.0,0.0,4.0,3.0,24.0,0.0,3.0,0.0,7.3,7.3
2024,6,CRB,TE,Isaiah Likely,BAL,WAS,14,0.0,0.0,0.0,0.0,0.0,0.0,0.0,0.0,0.0,4.0,2.0,27.0,0.0,1.0,0.0,3.7,3.7
2024,6,CRB,WR,Luke McCaffrey,WAS,@BAL,32,0.0,0.0,0.0,0.0,0.0,0.0,0.0,0.0,0.0,1.0,1.0,5.0,0.0,0.0,0.0,0.5,0.5
2024,6,CRB,RB,De'Von Achane,MIA,BYE,---,0.0,0.0,0.0,0.0,0.0,0.0,0.0,0.0,0.0,0.0,0.0,0.0,0.0,0.0,0.0,-,0.0
2024,6,CRB,WR,Mike Williams,NYJ,BUF,8,0.0,0.0,0.0,0.0,0.0,0.0,0.0,0.0,0.0,3.0,0.0,0.0,0.0,0.0,0.0,0,0.0
2024,6,CRB,RB,Zamir White,LV,PIT,9,0.0,0.0,0.0,0.0,0.0,0.0,0.0,0.0,0.0,0.0,0.0,0.0,0.0,0.0,0.0,-,0.0
2024,6,CRB,WR,Davante Adams,NYJ,PIT,11,0.0,0.0,0.0,0.0,0.0,0.0,0.0,0.0,0.0,0.0,0.0,0.0,0.0,0.0,0.0,-,0.0
2024,6,CRB,TE,Ben Sinnott,WAS,@BAL,30,0.0,0.0,0.0,0.0,0.0,0.0,0.0,0.0,0.0,0.0,0.0,0.0,0.0,0.0,0.0,0,0.0
2024,6,CRB,RB,Jonathan Taylor,IND,@TEN,8,0.0,0.0,0.0,0.0,0.0,0.0,0.0,0.0,0.0,0.0,0.0,0.0,0.0,0.0,0.0,-,0.0
2024,6,CRB,WR,Jalen McMillan,TB,@NO,15,0.0,0.0,0.0,0.0,0.0,0.0,0.0,0.0,0.0,1.0,0.0,0.0,0.0,0.0,0.0,0,0.0
2024,6,CRB,DST,Buccaneers,TB,@NO,27,19.0,19.0,,,,,,,,,,,,,,,
2024,6,CRB,DST,Texans,HOU,@NE,30,,,,,,,,,,,,,,,,14,14.0
2024,6,ELP,QB,Josh Allen,BUF,@NYJ,3,19.0,25.0,215.0,2.0,0.0,9.0,18.0,1.0,3.0,0.0,0.0,0.0,0.0,0.0,0.0,27.4,27.4
2024,6,ELP,RB,Tyrone Tracy,NYG,CIN,21,0.0,0.0,0.0,0.0,0.0,17.0,50.0,1.0,5.0,6.0,6.0,57.0,0.0,3.0,0.0,24.7,24.7
2024,6,ELP,WR,Demario Douglas,NE,HOU,19,0.0,0.0,0.0,0.0,0.0,0.0,0.0,0.0,0.0,9.0,6.0,92.0,1.0,4.0,0.0,19.2,19.2
2024,6,ELP,WR,Jameson Williams,DET,@DAL,16,0.0,0.0,0.0,0.0,0.0,1.0,11.0,0.0,1.0,4.0,3.0,76.0,1.0,3.0,0.0,18.7,18.7
2024,6,ELP,RB,Kenneth Walker,SEA,SF,15,0.0,0.0,0.0,0.0,0.0,14.0,32.0,1.0,2.0,8.0,8.0,37.0,0.0,2.0,0.0,16.9,16.9
2024,6,ELP,TE,Mark Andrews,BAL,WAS,14,0.0,0.0,0.0,0.0,0.0,0.0,0.0,0.0,0.0,4.0,3.0,66.0,1.0,3.0,0.0,15.6,15.6
2024,6,ELP,QB,Kirk Cousins,ATL,@CAR,19,19.0,30.0,225.0,1.0,0.0,4.0,-5.0,0.0,0.0,0.0,0.0,0.0,0.0,0.0,0.0,13,13.0
2024,6,ELP,QB,Aidan O'Connell,LV,PIT,4,27.0,40.0,227.0,1.0,1.0,0.0,0.0,0.0,0.0,0.0,0.0,0.0,0.0,0.0,0.0,11.08,11.08
2024,6,ELP,WR,Jayden Reed,GB,ARI,26,0.0,0.0,0.0,0.0,0.0,1.0,0.0,0.0,0.0,6.0,6.0,28.0,1.0,2.0,0.0,10.8,10.8
2024,6,ELP,WR,Xavier Legette,CAR,ATL,21,0.0,0.0,0.0,0.0,0.0,0.0,0.0,0.0,0.0,4.0,3.0,23.0,1.0,2.0,0.0,10.3,10.3
2024,6,ELP,RB,Ty Johnson,BUF,@NYJ,11,0.0,0.0,0.0,0.0,0.0,4.0,34.0,0.0,2.0,0.0,0.0,0.0,0.0,0.0,0.0,5.4,5.4
2024,6,ELP,TE,Dalton Schultz,HOU,@NE,17,0.0,0.0,0.0,0.0,0.0,0.0,0.0,0.0,0.0,8.0,4.0,27.0,0.0,1.0,0.0,3.7,3.7
2024,6,ELP,WR,Khalil Shakir,BUF,@NYJ,4,0.0,0.0,0.0,0.0,0.0,0.0,0.0,0.0,0.0,2.0,2.0,19.0,0.0,1.0,0.0,2.9,2.9
2024,6,ELP,RB,Jerome Ford,CLE,@PHI,18,0.0,0.0,0.0,0.0,0.0,2.0,14.0,0.0,1.0,0.0,0.0,0.0,0.0,0.0,0.0,2.4,2.4
2024,6,ELP,RB,Audric Estime,DEN,LAC,4,0.0,0.0,0.0,0.0,0.0,2.0,13.0,0.0,1.0,0.0,0.0,0.0,0.0,0.0,0.0,2.3,2.3
2024,6,ELP,WR,JuJu Smith-Schuster,KC,BYE,---,0.0,0.0,0.0,0.0,0.0,0.0,0.0,0.0,0.0,0.0,0.0,0.0,0.0,0.0,0.0,-,0.0
2024,6,ELP,RB,Nick Chubb,CLE,@PHI,18,0.0,0.0,0.0,0.0,0.0,0.0,0.0,0.0,0.0,0.0,0.0,0.0,0.0,0.0,0.0,-,0.0
2024,6,ELP,WR,Tyreek Hill,MIA,BYE,---,0.0,0.0,0.0,0.0,0.0,0.0,0.0,0.0,0.0,0.0,0.0,0.0,0.0,0.0,0.0,-,0.0
2024,6,ELP,DST,49ers,SF,@SEA,26,,,,,,,,,,,,,,,,10,10.0
2024,6,FRR,WR,Terry McLaurin,WAS,@BAL,32,0.0,0.0,0.0,0.0,0.0,1.0,0.0,0.0,0.0,7.0,6.0,53.0,2.0,5.0,0.0,22.3,22.3
2024,6,FRR,WR,Drake London,ATL,@CAR,23,0.0,0.0,0.0,0.0,0.0,0.0,0.0,0.0,0.0,10.0,6.0,74.0,1.0,4.0,0.0,17.4,17.4
2024,6,FRR,WR,Tank Dell,HOU,@NE,17,0.0,0.0,0.0,0.0,0.0,0.0,0.0,0.0,0.0,9.0,7.0,57.0,1.0,5.0,0.0,16.7,16.7
2024,6,FRR,QB,Andy Dalton,CAR,ATL,21,26.0,38.0,221.0,2.0,2.0,3.0,21.0,0.0,1.0,0.0,0.0,0.0,0.0,0.0,0.0,15.94,15.94
2024,6,FRR,RB,Jordan Mason,SF,@SEA,20,0.0,0.0,0.0,0.0,0.0,9.0,73.0,0.0,2.0,2.0,1.0,9.0,0.0,0.0,0.0,10.2,10.2
2024,6,FRR,WR,Ja'Marr Chase,CIN,@NYG,12,0.0,0.0,0.0,0.0,0.0,0.0,0.0,0.0,0.0,6.0,5.0,72.0,0.0,3.0,0.0,10.2,10.2
2024,6,FRR,TE,Dalton Kincaid,BUF,@NYJ,6,0.0,0.0,0.0,0.0,0.0,0.0,0.0,0.0,0.0,7.0,6.0,51.0,0.0,3.0,0.0,8.1,8.1
2024,6,FRR,WR,Brandon Aiyuk,SF,@SEA,9,0.0,0.0,0.0,0.0,0.0,0.0,0.0,0.0,0.0,4.0,2.0,37.0,0.0,2.0,0.0,5.7,5.7
2024,6,FRR,WR,Calvin Ridley,TEN,IND,24,0.0,0.0,0.0,0.0,0.0,1.0,9.0,0.0,0.0,8.0,0.0,0.0,0.0,0.0,0.0,0.9,0.9
2024,6,FRR,RB,Justice Hill,BAL,WAS,19,0.0,0.0,0.0,0.0,0.0,1.0,2.0,0.0,0.0,1.0,1.0,2.0,0.0,0.0,0.0,0.4,0.4
2024,6,FRR,RB,Brian Robinson,WAS,@BAL,3,0.0,0.0,0.0,0.0,0.0,0.0,0.0,0.0,0.0,0.0,0.0,0.0,0.0,0.0,0.0,-,0.0
2024,6,FRR,RB,Isiah Pacheco,KC,BYE,---,0.0,0.0,0.0,0.0,0.0,0.0,0.0,0.0,0.0,0.0,0.0,0.0,0.0,0.0,0.0,-,0.0
2024,6,FRR,TE,Taysom Hill,NO,TB,16,0.0,0.0,0.0,0.0,0.0,0.0,0.0,0.0,0.0,0.0,0.0,0.0,0.0,0.0,0.0,-,0.0
2024,6,FRR,QB,Sam Darnold,MIN,BYE,---,0.0,0.0,0.0,0.0,0.0,0.0,0.0,0.0,0.0,0.0,0.0,0.0,0.0,0.0,0.0,-,0.0
2024,6,FRR,TE,TJ Hockenson,MIN,BYE,---,0.0,0.0,0.0,0.0,0.0,0.0,0.0,0.0,0.0,0.0,0.0,0.0,0.0,0.0,0.0,-,0.0
2024,6,FRR,QB,Gardner Minshew,LV,PIT,4,0.0,0.0,0.0,0.0,0.0,0.0,0.0,0.0,0.0,0.0,0.0,0.0,0.0,0.0,0.0,-,0.0
2024,6,FRR,QB,Patrick Mahomes,KC,BYE,---,0.0,0.0,0.0,0.0,0.0,0.0,0.0,0.0,0.0,0.0,0.0,0.0,0.0,0.0,0.0,-,0.0
2024,6,FRR,RB,Blake Corum,LAR,BYE,---,0.0,0.0,0.0,0.0,0.0,0.0,0.0,0.0,0.0,0.0,0.0,0.0,0.0,0.0,0.0,-,0.0
2024,6,FRR,WR,Roman Wilson,PIT,@LV,10,0.0,0.0,0.0,0.0,0.0,0.0,0.0,0.0,0.0,0.0,0.0,0.0,0.0,0.0,0.0,0,0.0
2024,6,FRR,RB,Rhamondre Stevenson,NE,HOU,6,0.0,0.0,0.0,0.0,0.0,0.0,0.0,0.0,0.0,0.0,0.0,0.0,0.0,0.0,0.0,-,0.0
2024,6,FRR,DST,Steelers,PIT,@LV,29,,,,,,,,,,,,,,,,14,14.0
2024,6,GF,QB,Jordan Love,GB,ARI,30,22.0,32.0,258.0,4.0,1.0,5.0,13.0,0.0,2.0,0.0,0.0,0.0,0.0,0.0,0.0,27.62,27.62
2024,6,GF,RB,JK Dobbins,LAC,@DEN,14,0.0,0.0,0.0,0.0,0.0,25.0,96.0,1.0,6.0,2.0,2.0,6.0,0.0,0.0,0.0,22.2,22.2
2024,6,GF,QB,Trevor Lawrence,JAC,@CHI,2,23.0,35.0,234.0,2.0,1.0,4.0,17.0,0.0,1.0,0.0,0.0,0.0,0.0,0.0,0.0,18.06,18.06
2024,6,GF,WR,Christian Watson,GB,ARI,26,0.0,0.0,0.0,0.0,0.0,0.0,0.0,0.0,0.0,4.0,3.0,68.0,1.0,3.0,0.0,15.8,15.8
2024,6,GF,WR,Michael Pittman,IND,@TEN,1,0.0,0.0,0.0,0.0,0.0,0.0,0.0,0.0,0.0,5.0,3.0,35.0,1.0,2.0,0.0,11.5,11.5
2024,6,GF,WR,Jaxon Smith-Njigba,SEA,SF,13,0.0,0.0,0.0,0.0,0.0,0.0,0.0,0.0,0.0,9.0,5.0,53.0,0.0,3.0,0.0,8.3,8.3
2024,6,GF,WR,Dontayvion Wicks,GB,ARI,26,0.0,0.0,0.0,0.0,0.0,0.0,0.0,0.0,0.0,3.0,1.0,9.0,0.0,1.0,0.0,1.9,1.9
2024,6,GF,RB,Ezekiel Elliott,DAL,DET,5,0.0,0.0,0.0,0.0,0.0,8.0,17.0,0.0,0.0,0.0,0.0,0.0,0.0,0.0,0.0,1.7,1.7
2024,6,GF,TE,Jake Ferguson,DAL,DET,7,0.0,0.0,0.0,0.0,0.0,0.0,0.0,0.0,0.0,4.0,3.0,11.0,0.0,0.0,0.0,1.1,1.1
2024,6,GF,RB,Gus Edwards,LAC,@DEN,14,0.0,0.0,0.0,0.0,0.0,0.0,0.0,0.0,0.0,0.0,0.0,0.0,0.0,0.0,0.0,-,0.0
2024,6,GF,WR,Marquise Brown,KC,BYE,---,0.0,0.0,0.0,0.0,0.0,0.0,0.0,0.0,0.0,0.0,0.0,0.0,0.0,0.0,0.0,-,0.0
2024,6,GF,WR,Brandin Cooks,DAL,DET,28,0.0,0.0,0.0,0.0,0.0,0.0,0.0,0.0,0.0,0.0,0.0,0.0,0.0,0.0,0.0,-,0.0
2024,6,GF,WR,Demarcus Robinson,LAR,BYE,---,0.0,0.0,0.0,0.0,0.0,0.0,0.0,0.0,0.0,0.0,0.0,0.0,0.0,0.0,0.0,-,0.0
2024,6,GF,QB,JJ McCarthy,MIN,BYE,---,0.0,0.0,0.0,0.0,0.0,0.0,0.0,0.0,0.0,0.0,0.0,0.0,0.0,0.0,0.0,-,0.0
2024,6,GF,RB,MarShawn Lloyd,GB,ARI,25,0.0,0.0,0.0,0.0,0.0,0.0,0.0,0.0,0.0,0.0,0.0,0.0,0.0,0.0,0.0,-,0.0
2024,6,GF,RB,Aaron Jones,MIN,BYE,---,0.0,0.0,0.0,0.0,0.0,0.0,0.0,0.0,0.0,0.0,0.0,0.0,0.0,0.0,0.0,-,0.0
2024,6,GF,TE,Luke Musgrave,GB,ARI,18,0.0,0.0,0.0,0.0,0.0,0.0,0.0,0.0,0.0,0.0,0.0,0.0,0.0,0.0,0.0,-,0.0
2024,6,GF,QB,Michael Penix,ATL,@CAR,19,0.0,0.0,0.0,0.0,0.0,0.0,0.0,0.0,0.0,0.0,0.0,0.0,0.0,0.0,0.0,-,0.0
2024,6,GF,DST,Packers,GB,ARI,14,,,,,,,,,,,,,,,,10,10.0
2024,6,MAM,QB,Caleb Williams,CHI,JAC,32,23.0,29.0,226.0,4.0,1.0,4.0,56.0,0.0,3.0,0.0,0.0,0.0,0.0,0.0,0.0,31.64,31.64
2024,6,MAM,WR,Garrett Wilson,NYJ,BUF,8,0.0,0.0,0.0,0.0,0.0,0.0,0.0,0.0,0.0,10.0,8.0,107.0,1.0,6.0,0.0,22.7,22.7
2024,6,MAM,WR,Josh Downs,IND,@TEN,1,0.0,0.0,0.0,0.0,0.0,1.0,-1.0,0.0,0.0,9.0,7.0,66.0,1.0,4.0,0.0,16.6,16.6
2024,6,MAM,RB,Alvin Kamara,NO,TB,13,0.0,0.0,0.0,0.0,0.0,13.0,40.0,1.0,2.0,8.0,5.0,24.0,0.0,1.0,0.0,15.4,15.4
2024,6,MAM,QB,Geno Smith,SEA,SF,11,30.0,52.0,312.0,1.0,2.0,1.0,0.0,0.0,0.0,0.0,0.0,0.0,0.0,0.0,0.0,12.48,12.48
2024,6,MAM,WR,Michael Wilson,ARI,@GB,21,0.0,0.0,0.0,0.0,0.0,0.0,0.0,0.0,0.0,4.0,2.0,21.0,1.0,2.0,0.0,10.1,10.1
2024,6,MAM,WR,Wan'Dale Robinson,NYG,CIN,14,0.0,0.0,0.0,0.0,0.0,0.0,0.0,0.0,0.0,11.0,5.0,50.0,0.0,2.0,0.0,7,7.0
2024,6,MAM,RB,Saquon Barkley,PHI,CLE,12,0.0,0.0,0.0,0.0,0.0,18.0,47.0,0.0,1.0,2.0,2.0,7.0,0.0,0.0,0.0,6.4,6.4
2024,6,MAM,RB,Roschon Johnson,CHI,JAC,23,0.0,0.0,0.0,0.0,0.0,5.0,8.0,0.0,0.0,3.0,2.0,25.0,0.0,2.0,0.0,5.3,5.3
2024,6,MAM,TE,David Njoku,CLE,@PHI,2,0.0,0.0,0.0,0.0,0.0,0.0,0.0,0.0,0.0,7.0,5.0,31.0,0.0,2.0,0.0,5.1,5.1
2024,6,MAM,WR,Jerry Jeudy,CLE,@PHI,27,0.0,0.0,0.0,0.0,0.0,0.0,0.0,0.0,0.0,3.0,1.0,35.0,0.0,1.0,0.0,4.5,4.5
2024,6,MAM,RB,James Conner,ARI,@GB,17,0.0,0.0,0.0,0.0,0.0,7.0,24.0,0.0,1.0,5.0,4.0,22.0,0.0,0.0,1.0,3.6,3.6
2024,6,MAM,TE,Tucker Kraft,GB,ARI,18,0.0,0.0,0.0,0.0,0.0,1.0,2.0,0.0,1.0,4.0,2.0,13.0,0.0,1.0,0.0,3.5,3.5
2024,6,MAM,RB,Kenneth Gainwell,PHI,CLE,12,0.0,0.0,0.0,0.0,0.0,3.0,23.0,0.0,1.0,1.0,0.0,0.0,0.0,0.0,0.0,3.3,3.3
2024,6,MAM,RB,Jaylen Warren,PIT,@LV,22,0.0,0.0,0.0,0.0,0.0,6.0,7.0,0.0,1.0,3.0,3.0,11.0,0.0,0.0,0.0,2.8,2.8
2024,6,MAM,WR,Rashid Shaheed,NO,TB,22,0.0,0.0,0.0,0.0,0.0,1.0,2.0,0.0,0.0,7.0,1.0,11.0,0.0,1.0,0.0,2.3,2.3
2024,6,MAM,WR,DJ Moore,CHI,JAC,30,0.0,0.0,0.0,0.0,0.0,0.0,0.0,0.0,0.0,5.0,4.0,20.0,0.0,0.0,0.0,2,2.0
2024,6,MAM,QB,Tua Tagovailoa,MIA,BYE,---,0.0,0.0,0.0,0.0,0.0,0.0,0.0,0.0,0.0,0.0,0.0,0.0,0.0,0.0,0.0,-,0.0
2024,6,MAM,RB,Kendre Miller,NO,TB,13,0.0,0.0,0.0,0.0,0.0,0.0,0.0,0.0,0.0,0.0,0.0,0.0,0.0,0.0,0.0,-,0.0
2024,6,MAM,WR,Rashee Rice,KC,BYE,---,0.0,0.0,0.0,0.0,0.0,0.0,0.0,0.0,0.0,0.0,0.0,0.0,0.0,0.0,0.0,-,0.0
2024,6,MAM,DST,Ravens,BAL,WAS,2,,,,,,,,,,,,,,,,3,3.0
2024,6,MCM,RB,Joe Mixon,HOU,@NE,26,0.0,0.0,0.0,0.0,0.0,13.0,102.0,1.0,3.0,3.0,2.0,30.0,1.0,2.0,0.0,30.2,30.2
2024,6,MCM,RB,Ray Davis,BUF,@NYJ,11,0.0,0.0,0.0,0.0,0.0,20.0,97.0,0.0,5.0,3.0,3.0,55.0,0.0,1.0,0.0,21.2,21.2
2024,6,MCM,QB,Justin Herbert,LAC,@DEN,5,21.0,34.0,237.0,1.0,0.0,4.0,2.0,0.0,0.0,0.0,0.0,0.0,0.0,0.0,0.0,13.68,13.68
2024,6,MCM,QB,Joe Flacco,IND,@TEN,12,22.0,38.0,189.0,2.0,1.0,1.0,1.0,0.0,0.0,0.0,0.0,0.0,0.0,0.0,0.0,13.66,13.66
2024,6,MCM,RB,Kimani Vidal,LAC,@DEN,14,0.0,0.0,0.0,0.0,0.0,4.0,11.0,0.0,1.0,2.0,2.0,40.0,1.0,1.0,0.0,13.1,13.1
2024,6,MCM,TE,Cade Otton,TB,@NO,21,0.0,0.0,0.0,0.0,0.0,0.0,0.0,0.0,0.0,6.0,2.0,15.0,1.0,2.0,0.0,9.5,9.5
2024,6,MCM,WR,Christian Kirk,JAC,@CHI,5,0.0,0.0,0.0,0.0,0.0,0.0,0.0,0.0,0.0,6.0,3.0,39.0,0.0,3.0,0.0,6.9,6.9
2024,6,MCM,WR,Jauan Jennings,SF,@SEA,9,0.0,0.0,0.0,0.0,0.0,0.0,0.0,0.0,0.0,5.0,3.0,27.0,0.0,2.0,0.0,4.7,4.7
2024,6,MCM,WR,Andrei Iosivas,CIN,@NYG,12,0.0,0.0,0.0,0.0,0.0,0.0,0.0,0.0,0.0,3.0,2.0,36.0,0.0,1.0,0.0,4.6,4.6
2024,6,MCM,RB,Jeremy McNichols,WAS,@BAL,3,0.0,0.0,0.0,0.0,0.0,2.0,9.0,0.0,0.0,0.0,0.0,0.0,0.0,0.0,0.0,0.9,0.9
2024,6,MCM,RB,Christian McCaffrey,SF,@SEA,20,0.0,0.0,0.0,0.0,0.0,0.0,0.0,0.0,0.0,0.0,0.0,0.0,0.0,0.0,0.0,-,0.0
2024,6,MCM,QB,Derek Carr,NO,TB,31,0.0,0.0,0.0,0.0,0.0,0.0,0.0,0.0,0.0,0.0,0.0,0.0,0.0,0.0,0.0,-,0.0
2024,6,MCM,WR,Tre Tucker,LV,PIT,11,0.0,0.0,0.0,0.0,0.0,0.0,0.0,0.0,0.0,2.0,0.0,0.0,0.0,0.0,0.0,0,0.0
2024,6,MCM,RB,Jaylen Wright,MIA,BYE,---,0.0,0.0,0.0,0.0,0.0,0.0,0.0,0.0,0.0,0.0,0.0,0.0,0.0,0.0,0.0,-,0.0
2024,6,MCM,RB,Travis Etienne,JAC,@CHI,16,0.0,0.0,0.0,0.0,0.0,3.0,-1.0,0.0,0.0,1.0,0.0,0.0,0.0,0.0,0.0,0,0.0
2024,6,MCM,WR,Puka Nacua,LAR,BYE,---,0.0,0.0,0.0,0.0,0.0,0.0,0.0,0.0,0.0,0.0,0.0,0.0,0.0,0.0,0.0,-,0.0
2024,6,MCM,WR,Jordan Addison,MIN,BYE,---,0.0,0.0,0.0,0.0,0.0,0.0,0.0,0.0,0.0,0.0,0.0,0.0,0.0,0.0,0.0,-,0.0
2024,6,MCM,RB,Zack Moss,CIN,@NYG,10,0.0,0.0,0.0,0.0,0.0,6.0,13.0,0.0,0.0,1.0,1.0,2.0,0.0,0.0,1.0,-0.5,-0.5
2024,6,MCM,DST,Vikings,MIN,BYE,---,,,,,,,,,,,,,,,,-,0.0
2024,6,MWM,RB,Najee Harris,PIT,@LV,22,0.0,0.0,0.0,0.0,0.0,14.0,106.0,1.0,4.0,2.0,2.0,16.0,0.0,1.0,0.0,23.2,23.2
2024,6,MWM,TE,Cole Kmet,CHI,JAC,27,0.0,0.0,0.0,0.0,0.0,0.0,0.0,0.0,0.0,5.0,5.0,70.0,2.0,3.0,0.0,22,22.0
2024,6,MWM,TE,George Kittle,SF,@SEA,28,0.0,0.0,0.0,0.0,0.0,0.0,0.0,0.0,0.0,6.0,5.0,58.0,2.0,3.0,0.0,20.8,20.8
2024,6,MWM,WR,Gabe Davis,JAC,@CHI,6,0.0,0.0,0.0,0.0,0.0,0.0,0.0,0.0,0.0,8.0,5.0,45.0,2.0,4.0,0.0,20.5,20.5
2024,6,MWM,RB,Tony Pollard,TEN,IND,24,0.0,0.0,0.0,0.0,0.0,17.0,93.0,1.0,5.0,3.0,3.0,-5.0,0.0,0.0,0.0,20.3,20.3
2024,6,MWM,WR,Stefon Diggs,HOU,@NE,17,0.0,0.0,0.0,0.0,0.0,0.0,0.0,0.0,0.0,7.0,6.0,77.0,1.0,5.0,0.0,18.7,18.7
2024,6,MWM,QB,Aaron Rodgers,NYJ,BUF,14,23.0,35.0,294.0,2.0,1.0,0.0,0.0,0.0,0.0,0.0,0.0,0.0,0.0,0.0,0.0,17.76,17.76
2024,6,MWM,WR,Tyler Lockett,SEA,SF,13,0.0,0.0,0.0,0.0,0.0,0.0,0.0,0.0,0.0,8.0,4.0,65.0,1.0,4.0,0.0,16.5,16.5
2024,6,MWM,RB,Austin Ekeler,WAS,@BAL,3,0.0,0.0,0.0,0.0,0.0,9.0,21.0,0.0,0.0,5.0,4.0,47.0,0.0,2.0,0.0,8.8,8.8
2024,6,MWM,WR,Darnell Mooney,ATL,@CAR,23,0.0,0.0,0.0,0.0,0.0,0.0,0.0,0.0,0.0,5.0,3.0,38.0,0.0,3.0,0.0,6.8,6.8
2024,6,MWM,RB,Tank Bigsby,JAC,@CHI,16,0.0,0.0,0.0,0.0,0.0,7.0,24.0,0.0,1.0,0.0,0.0,0.0,0.0,0.0,0.0,3.4,3.4
2024,6,MWM,WR,Kendrick Bourne,NE,HOU,19,0.0,0.0,0.0,0.0,0.0,0.0,0.0,0.0,0.0,2.0,2.0,9.0,0.0,0.0,0.0,0.9,0.9
2024,6,MWM,QB,Hendon Hooker,DET,@DAL,27,1.0,2.0,19.0,0.0,0.0,1.0,-1.0,0.0,0.0,0.0,0.0,0.0,0.0,0.0,0.0,0.76,0.76
2024,6,MWM,QB,Matthew Stafford,LAR,BYE,---,0.0,0.0,0.0,0.0,0.0,0.0,0.0,0.0,0.0,0.0,0.0,0.0,0.0,0.0,0.0,-,0.0
2024,6,MWM,WR,Jakobi Meyers,LV,PIT,11,0.0,0.0,0.0,0.0,0.0,0.0,0.0,0.0,0.0,0.0,0.0,0.0,0.0,0.0,0.0,-,0.0
2024,6,MWM,WR,DJ Chark,LAC,@DEN,2,0.0,0.0,0.0,0.0,0.0,0.0,0.0,0.0,0.0,0.0,0.0,0.0,0.0,0.0,0.0,-,0.0
2024,6,MWM,RB,Rachaad White,TB,@NO,27,0.0,0.0,0.0,0.0,0.0,0.0,0.0,0.0,0.0,0.0,0.0,0.0,0.0,0.0,0.0,-,0.0
2024,6,MWM,WR,Jaylen Waddle,MIA,BYE,---,0.0,0.0,0.0,0.0,0.0,0.0,0.0,0.0,0.0,0.0,0.0,0.0,0.0,0.0,0.0,-,0.0
2024,6,MWM,DST,Bills,BUF,@NYJ,22,,,,,,,,,,,,,,,,7,7.0
2024,6,NN,RB,Derrick Henry,BAL,WAS,19,0.0,0.0,0.0,0.0,0.0,24.0,132.0,2.0,6.0,0.0,0.0,0.0,0.0,0.0,0.0,31.2,31.2
2024,6,NN,RB,Tyler Allgeier,ATL,@CAR,32,0.0,0.0,0.0,0.0,0.0,18.0,105.0,1.0,8.0,1.0,1.0,3.0,0.0,0.0,0.0,26.8,26.8
2024,6,NN,RB,Breece Hall,NYJ,BUF,30,0.0,0.0,0.0,0.0,0.0,18.0,113.0,0.0,4.0,6.0,5.0,56.0,0.0,2.0,0.0,22.9,22.9
2024,6,NN,QB,Joe Burrow,CIN,@NYG,20,19.0,28.0,208.0,0.0,0.0,4.0,55.0,1.0,2.0,0.0,0.0,0.0,0.0,0.0,0.0,21.82,21.82
2024,6,NN,RB,Alexander Mattison,LV,PIT,9,0.0,0.0,0.0,0.0,0.0,14.0,33.0,1.0,5.0,5.0,5.0,32.0,0.0,1.0,0.0,18.5,18.5
2024,6,NN,TE,Evan Engram,JAC,@CHI,10,0.0,0.0,0.0,0.0,0.0,0.0,0.0,0.0,0.0,10.0,10.0,102.0,0.0,4.0,1.0,12.2,12.2
2024,6,NN,WR,Troy Franklin,DEN,LAC,6,0.0,0.0,0.0,0.0,0.0,1.0,5.0,0.0,0.0,3.0,2.0,31.0,1.0,2.0,0.0,11.6,11.6
2024,6,NN,QB,Will Levis,TEN,IND,25,16.0,27.0,95.0,1.0,1.0,3.0,15.0,0.0,1.0,0.0,0.0,0.0,0.0,0.0,0.0,8.3,8.3
2024,6,NN,WR,Amari Cooper,BUF,@PHI,27,0.0,0.0,0.0,0.0,0.0,0.0,0.0,0.0,0.0,6.0,4.0,42.0,0.0,1.0,0.0,5.2,5.2
2024,6,NN,WR,Keon Coleman,BUF,@NYJ,4,0.0,0.0,0.0,0.0,0.0,0.0,0.0,0.0,0.0,4.0,3.0,26.0,0.0,2.0,0.0,4.6,4.6
2024,6,NN,RB,Zach Charbonnet,SEA,SF,15,0.0,0.0,0.0,0.0,0.0,5.0,20.0,0.0,1.0,1.0,1.0,15.0,0.0,0.0,0.0,4.5,4.5
2024,6,NN,QB,Dak Prescott,DAL,DET,15,17.0,33.0,178.0,0.0,2.0,1.0,1.0,0.0,0.0,0.0,0.0,0.0,0.0,0.0,0.0,3.22,3.22
2024,6,NN,RB,Braelon Allen,NYJ,BUF,30,0.0,0.0,0.0,0.0,0.0,3.0,8.0,0.0,1.0,2.0,0.0,0.0,0.0,0.0,0.0,1.8,1.8
2024,6,NN,TE,Pat Freiermuth,PIT,@LV,11,0.0,0.0,0.0,0.0,0.0,0.0,0.0,0.0,0.0,3.0,2.0,16.0,0.0,0.0,0.0,1.6,1.6
2024,6,NN,RB,Ty Chandler,MIN,BYE,---,0.0,0.0,0.0,0.0,0.0,0.0,0.0,0.0,0.0,0.0,0.0,0.0,0.0,0.0,0.0,-,0.0
2024,6,NN,WR,Justin Jefferson,MIN,BYE,---,0.0,0.0,0.0,0.0,0.0,0.0,0.0,0.0,0.0,0.0,0.0,0.0,0.0,0.0,0.0,-,0.0
2024,6,NN,WR,Xavier Worthy,KC,BYE,---,0.0,0.0,0.0,0.0,0.0,0.0,0.0,0.0,0.0,0.0,0.0,0.0,0.0,0.0,0.0,-,0.0
2024,6,NN,WR,Malik Nabers,NYG,CIN,14,0.0,0.0,0.0,0.0,0.0,0.0,0.0,0.0,0.0,0.0,0.0,0.0,0.0,0.0,0.0,-,0.0
2024,6,NN,DST,Jets,NYJ,BUF,3,,,,,,,,,,,,,,,,2,2.0
2024,6,VD,WR,Chris Godwin,TB,@NO,15,0.0,0.0,0.0,0.0,0.0,0.0,0.0,0.0,0.0,13.0,11.0,125.0,2.0,4.0,0.0,28.5,28.5
2024,6,VD,QB,Justin Fields,PIT,@LV,24,14.0,24.0,145.0,0.0,0.0,11.0,59.0,2.0,4.0,0.0,0.0,0.0,0.0,0.0,0.0,27.7,27.7
2024,6,VD,RB,Bijan Robinson,ATL,@CAR,32,0.0,0.0,0.0,0.0,0.0,15.0,95.0,2.0,5.0,4.0,3.0,10.0,0.0,0.0,0.0,27.5,27.5
2024,6,VD,QB,Baker Mayfield,TB,@NO,7,24.0,36.0,325.0,4.0,3.0,3.0,29.0,0.0,1.0,0.0,0.0,0.0,0.0,0.0,0.0,26.9,26.9
2024,6,VD,RB,Bucky Irving,TB,@NO,27,0.0,0.0,0.0,0.0,0.0,14.0,81.0,1.0,4.0,2.0,2.0,24.0,0.0,1.0,0.0,21.5,21.5
2024,6,VD,QB,Deshaun Watson,CLE,@PHI,13,16.0,23.0,168.0,0.0,0.0,4.0,17.0,0.0,1.0,0.0,0.0,0.0,0.0,0.0,0.0,9.42,9.42
2024,6,VD,TE,Kyle Pitts,ATL,@CAR,29,0.0,0.0,0.0,0.0,0.0,0.0,0.0,0.0,0.0,5.0,3.0,70.0,0.0,2.0,0.0,9,9.0
2024,6,VD,WR,Jalen Tolbert,DAL,DET,28,0.0,0.0,0.0,0.0,0.0,0.0,0.0,0.0,0.0,5.0,4.0,43.0,0.0,2.0,0.0,6.3,6.3
2024,6,VD,WR,Ladd McConkey,LAC,@DEN,2,0.0,0.0,0.0,0.0,0.0,0.0,0.0,0.0,0.0,8.0,4.0,43.0,0.0,2.0,0.0,6.3,6.3
2024,6,VD,WR,Rome Odunze,CHI,JAC,30,0.0,0.0,0.0,0.0,0.0,0.0,0.0,0.0,0.0,2.0,2.0,40.0,0.0,2.0,0.0,6,6.0
2024,6,VD,RB,Tyjae Spears,TEN,IND,24,0.0,0.0,0.0,0.0,0.0,6.0,27.0,0.0,1.0,0.0,0.0,0.0,0.0,0.0,0.0,3.7,3.7
2024,6,VD,RB,Trey Benson,ARI,@GB,17,0.0,0.0,0.0,0.0,0.0,5.0,26.0,0.0,1.0,0.0,0.0,0.0,0.0,0.0,0.0,3.6,3.6
2024,6,VD,RB,Javonte Williams,DEN,LAC,4,0.0,0.0,0.0,0.0,0.0,6.0,23.0,0.0,1.0,6.0,3.0,13.0,0.0,1.0,1.0,3.6,3.6
2024,6,VD,WR,Marvin Harrison,ARI,@GB,21,0.0,0.0,0.0,0.0,0.0,0.0,0.0,0.0,0.0,2.0,0.0,0.0,0.0,0.0,0.0,0,0.0
2024,6,VD,QB,Bryce Young,CAR,ATL,21,0.0,0.0,0.0,0.0,0.0,0.0,0.0,0.0,0.0,0.0,0.0,0.0,0.0,0.0,0.0,-,0.0
2024,6,VD,RB,Jerick McKinnon Dead Cap,KC,0,0,0.0,0.0,0.0,0.0,0.0,0.0,0.0,0.0,0.0,0.0,0.0,0.0,0.0,0.0,0.0,-,0.0
2024,6,VD,QB,Anthony Richardson,IND,@TEN,12,0.0,0.0,0.0,0.0,0.0,0.0,0.0,0.0,0.0,0.0,0.0,0.0,0.0,0.0,0.0,-,0.0
2024,6,VD,TE,Dallas Goedert,PHI,CLE,9,0.0,0.0,0.0,0.0,0.0,0.0,0.0,0.0,0.0,1.0,0.0,0.0,0.0,0.0,0.0,0,0.0
2024,6,VD,RB,Kareem Hunt,KC,BYE,---,0.0,0.0,0.0,0.0,0.0,0.0,0.0,0.0,0.0,0.0,0.0,0.0,0.0,0.0,0.0,-,0.0
2024,6,VD,DST,Bears,CHI,JAC,19,,,,,,,,,,,,,,,,10,10.0
2024,6,WLW,QB,Jared Goff,DET,@DAL,27,18.0,25.0,315.0,3.0,0.0,3.0,5.0,0.0,0.0,0.0,0.0,0.0,0.0,0.0,0.0,25.1,25.1
2024,6,WLW,QB,Lamar Jackson,BAL,WAS,22,20.0,26.0,323.0,1.0,1.0,11.0,40.0,0.0,3.0,0.0,0.0,0.0,0.0,0.0,0.0,21.92,21.92
2024,6,WLW,QB,CJ Stroud,HOU,@NE,10,20.0,31.0,192.0,3.0,1.0,3.0,7.0,0.0,1.0,0.0,0.0,0.0,0.0,0.0,0.0,19.38,19.38
2024,6,WLW,WR,Diontae Johnson,CAR,ATL,20,0.0,0.0,0.0,0.0,0.0,0.0,0.0,0.0,0.0,10.0,6.0,78.0,1.0,5.0,0.0,18.8,18.8
2024,6,WLW,RB,Chuba Hubbard,CAR,ATL,7,0.0,0.0,0.0,0.0,0.0,18.0,92.0,0.0,6.0,6.0,5.0,11.0,0.0,1.0,0.0,17.3,17.3
2024,6,WLW,RB,Chase Brown,CIN,@NYG,10,0.0,0.0,0.0,0.0,0.0,10.0,53.0,1.0,1.0,3.0,2.0,11.0,0.0,1.0,0.0,14.4,14.4
2024,6,WLW,TE,Sam LaPorta,DET,@DAL,15,0.0,0.0,0.0,0.0,0.0,0.0,0.0,0.0,0.0,1.0,1.0,52.0,1.0,1.0,0.0,12.2,12.2
2024,6,WLW,WR,CeeDee Lamb,DAL,DET,28,0.0,0.0,0.0,0.0,0.0,1.0,2.0,0.0,0.0,14.0,7.0,89.0,0.0,3.0,0.0,12.1,12.1
2024,6,WLW,RB,Rico Dowdle,DAL,DET,5,0.0,0.0,0.0,0.0,0.0,5.0,25.0,0.0,1.0,6.0,5.0,30.0,0.0,2.0,0.0,8.5,8.5
2024,6,WLW,WR,Mike Evans,TB,@NO,15,0.0,0.0,0.0,0.0,0.0,0.0,0.0,0.0,0.0,6.0,2.0,34.0,0.0,2.0,0.0,5.4,5.4
2024,6,WLW,TE,Erick All,CIN,@NYG,5,0.0,0.0,0.0,0.0,0.0,0.0,0.0,0.0,0.0,3.0,2.0,10.0,0.0,1.0,0.0,2,2.0
2024,6,WLW,WR,Cooper Kupp,LAR,BYE,---,0.0,0.0,0.0,0.0,0.0,0.0,0.0,0.0,0.0,0.0,0.0,0.0,0.0,0.0,0.0,-,0.0
2024,6,WLW,RB,Kyren Williams,LAR,BYE,---,0.0,0.0,0.0,0.0,0.0,0.0,0.0,0.0,0.0,0.0,0.0,0.0,0.0,0.0,0.0,-,0.0
2024,6,WLW,WR,Nico Collins,HOU,@NE,17,0.0,0.0,0.0,0.0,0.0,0.0,0.0,0.0,0.0,0.0,0.0,0.0,0.0,0.0,0.0,-,0.0
2024,6,WLW,WR,Alec Pierce,IND,@TEN,1,0.0,0.0,0.0,0.0,0.0,0.0,0.0,0.0,0.0,4.0,0.0,0.0,0.0,0.0,0.0,0,0.0
2024,6,WLW,RB,Devin Singletary,NYG,CIN,21,0.0,0.0,0.0,0.0,0.0,0.0,0.0,0.0,0.0,0.0,0.0,0.0,0.0,0.0,0.0,-,0.0
2024,6,WLW,RB,Raheem Mostert,MIA,BYE,---,0.0,0.0,0.0,0.0,0.0,0.0,0.0,0.0,0.0,0.0,0.0,0.0,0.0,0.0,0.0,-,0.0
2024,6,WLW,WR,Jordan Whittington,LAR,BYE,---,0.0,0.0,0.0,0.0,0.0,0.0,0.0,0.0,0.0,0.0,0.0,0.0,0.0,0.0,0.0,-,0.0
2024,6,WLW,DST,Broncos,DEN,LAC,5,,,,,,,,,,,,,,,,3,3.0
2024,7,AFL,RB,Jahmyr Gibbs,DET,@MIN,4,0.0,0.0,0.0,0.0,0.0,15.0,116.0,2.0,3.0,4.0,4.0,44.0,0.0,3.0,0.0,34,34.0
2024,7,AFL,QB,Russell Wilson,PIT,NYJ,6,16.0,29.0,264.0,2.0,0.0,3.0,3.0,1.0,2.0,0.0,0.0,0.0,0.0,0.0,0.0,26.86,26.86
2024,7,AFL,QB,Kyler Murray,ARI,LAC,11,14.0,26.0,145.0,1.0,1.0,6.0,64.0,1.0,2.0,0.0,0.0,0.0,0.0,0.0,0.0,22.2,22.2
2024,7,AFL,WR,AJ Brown,PHI,@NYG,10,0.0,0.0,0.0,0.0,0.0,0.0,0.0,0.0,0.0,5.0,5.0,89.0,1.0,5.0,0.0,19.9,19.9
2024,7,AFL,WR,Tee Higgins,CIN,@CLE,28,0.0,0.0,0.0,0.0,0.0,0.0,0.0,0.0,0.0,8.0,4.0,82.0,1.0,4.0,0.0,18.2,18.2
2024,7,AFL,TE,Brock Bowers,LV,@LAR,31,0.0,0.0,0.0,0.0,0.0,0.0,0.0,0.0,0.0,14.0,10.0,93.0,0.0,6.0,0.0,15.3,15.3
2024,7,AFL,RB,D'Ernest Johnson,JAC,NE,30,0.0,0.0,0.0,0.0,0.0,9.0,38.0,0.0,3.0,4.0,3.0,32.0,0.0,1.0,0.0,11,11.0
2024,7,AFL,RB,Trey Sermon,IND,MIA,28,0.0,0.0,0.0,0.0,0.0,8.0,36.0,0.0,4.0,1.0,1.0,13.0,0.0,1.0,0.0,9.9,9.9
2024,7,AFL,WR,Allen Lazard,NYJ,@PIT,13,0.0,0.0,0.0,0.0,0.0,0.0,0.0,0.0,0.0,4.0,4.0,58.0,0.0,4.0,0.0,9.8,9.8
2024,7,AFL,QB,Spencer Rattler,NO,DEN,4,25.0,35.0,172.0,0.0,0.0,5.0,34.0,0.0,2.0,0.0,0.0,0.0,0.0,0.0,2.0,8.28,8.28
2024,7,AFL,QB,Jayden Daniels,WAS,CAR,26,2.0,2.0,6.0,0.0,0.0,3.0,50.0,0.0,1.0,0.0,0.0,0.0,0.0,0.0,0.0,6.24,6.24
2024,7,AFL,WR,Zay Flowers,BAL,@TB,25,0.0,0.0,0.0,0.0,0.0,1.0,19.0,0.0,1.0,1.0,1.0,11.0,0.0,1.0,0.0,5,5.0
2024,7,AFL,WR,Adonai Mitchell,IND,MIA,2,0.0,0.0,0.0,0.0,0.0,0.0,0.0,0.0,0.0,3.0,2.0,30.0,0.0,2.0,0.0,5,5.0
2024,7,AFL,TE,Travis Kelce,KC,@SF,16,0.0,0.0,0.0,0.0,0.0,0.0,0.0,0.0,0.0,5.0,4.0,17.0,0.0,2.0,0.0,3.7,3.7
2024,7,AFL,WR,Chris Olave,NO,DEN,1,0.0,0.0,0.0,0.0,0.0,0.0,0.0,0.0,0.0,0.0,0.0,0.0,0.0,0.0,0.0,-,0.0
2024,7,AFL,RB,D'Andre Swift,CHI,BYE,---,0.0,0.0,0.0,0.0,0.0,0.0,0.0,0.0,0.0,0.0,0.0,0.0,0.0,0.0,0.0,-,0.0
2024,7,AFL,DST,Bengals,CIN,@CLE,29,18.0,18.0,,,,,,,,,,,,,,,
2024,7,AFL,DST,Cowboys,DAL,BYE,---,,,,,,,,,,,,,,,,-,0.0
2024,7,CC,WR,Amon-Ra St Brown,DET,@MIN,32,0.0,0.0,0.0,0.0,0.0,0.0,0.0,0.0,0.0,8.0,8.0,112.0,1.0,7.0,0.0,24.2,24.2
2024,7,CC,QB,Drake Maye,NE,@JAC,32,26.0,37.0,276.0,2.0,0.0,3.0,18.0,0.0,1.0,0.0,0.0,0.0,0.0,0.0,0.0,21.84,21.84
2024,7,CC,QB,Brock Purdy,SF,KC,21,17.0,31.0,212.0,0.0,3.0,8.0,27.0,2.0,4.0,0.0,0.0,0.0,0.0,0.0,0.0,21.18,21.18
2024,7,CC,WR,George Pickens,PIT,NYJ,7,0.0,0.0,0.0,0.0,0.0,0.0,0.0,0.0,0.0,9.0,5.0,111.0,1.0,4.0,0.0,21.1,21.1
2024,7,CC,WR,Brian Thomas,JAC,NE,20,0.0,0.0,0.0,0.0,0.0,2.0,2.0,0.0,0.0,5.0,5.0,89.0,1.0,4.0,0.0,21.1,21.1
2024,7,CC,WR,DK Metcalf,SEA,@ATL,21,0.0,0.0,0.0,0.0,0.0,0.0,0.0,0.0,0.0,7.0,4.0,99.0,1.0,3.0,0.0,18.9,18.9
2024,7,CC,TE,Zach Ertz,WAS,CAR,30,0.0,0.0,0.0,0.0,0.0,0.0,0.0,0.0,0.0,5.0,4.0,40.0,1.0,2.0,0.0,12,12.0
2024,7,CC,RB,James Cook,BUF,TEN,10,0.0,0.0,0.0,0.0,0.0,12.0,32.0,1.0,1.0,0.0,0.0,0.0,0.0,0.0,0.0,10.2,10.2
2024,7,CC,TE,Trey McBride,ARI,LAC,13,0.0,0.0,0.0,0.0,0.0,0.0,0.0,0.0,0.0,7.0,5.0,51.0,0.0,4.0,0.0,9.1,9.1
2024,7,CC,QB,Daniel Jones,NYG,PHI,8,14.0,21.0,99.0,0.0,0.0,5.0,20.0,0.0,1.0,0.0,0.0,0.0,0.0,0.0,0.0,6.96,6.96
2024,7,CC,RB,David Montgomery,DET,@MIN,4,0.0,0.0,0.0,0.0,0.0,9.0,31.0,0.0,0.0,4.0,3.0,39.0,0.0,1.0,1.0,6,6.0
2024,7,CC,WR,Ricky Pearsall,SF,KC,4,0.0,0.0,0.0,0.0,0.0,0.0,0.0,0.0,0.0,5.0,3.0,21.0,0.0,1.0,0.0,3.1,3.1
2024,7,CC,RB,Emanuel Wilson,GB,HOU,5,0.0,0.0,0.0,0.0,0.0,5.0,11.0,0.0,1.0,0.0,0.0,0.0,0.0,0.0,0.0,2.1,2.1
2024,7,CC,WR,Javon Baker,NE,@JAC,29,0.0,0.0,0.0,0.0,0.0,0.0,0.0,0.0,0.0,0.0,0.0,0.0,0.0,0.0,0.0,-,0.0
2024,7,CC,RB,Antonio Gibson Dead Cap,NE,0,0,0.0,0.0,0.0,0.0,0.0,0.0,0.0,0.0,0.0,0.0,0.0,0.0,0.0,0.0,0.0,-,0.0
2024,7,CC,WR,Quentin Johnston,LAC,@ARI,27,0.0,0.0,0.0,0.0,0.0,0.0,0.0,0.0,0.0,0.0,0.0,0.0,0.0,0.0,0.0,-,0.0
2024,7,CC,WR,Malachi Corley,NYJ,@PIT,13,0.0,0.0,0.0,0.0,0.0,0.0,0.0,0.0,0.0,0.0,0.0,0.0,0.0,0.0,0.0,-,0.0
2024,7,CC,WR,Ja'Lynn Polk,NE,@JAC,29,0.0,0.0,0.0,0.0,0.0,0.0,0.0,0.0,0.0,3.0,0.0,0.0,0.0,0.0,0.0,0,0.0
2024,7,CC,WR,Deebo Samuel,SF,KC,4,0.0,0.0,0.0,0.0,0.0,0.0,0.0,0.0,0.0,0.0,0.0,0.0,0.0,0.0,0.0,0,0.0
2024,7,CC,RB,Jonathon Brooks,CAR,@WAS,20,0.0,0.0,0.0,0.0,0.0,0.0,0.0,0.0,0.0,0.0,0.0,0.0,0.0,0.0,0.0,-,0.0
2024,7,CC,DST,Browns,CLE,CIN,7,,,,,,,,,,,,,,,,4,4.0
2024,7,CRB,QB,Jalen Hurts,PHI,@NYG,25,10.0,14.0,114.0,1.0,0.0,7.0,22.0,2.0,4.0,0.0,0.0,0.0,0.0,0.0,0.0,26.76,26.76
2024,7,CRB,RB,Josh Jacobs,GB,HOU,5,0.0,0.0,0.0,0.0,0.0,12.0,76.0,0.0,3.0,5.0,5.0,16.0,1.0,1.0,0.0,19.2,19.2
2024,7,CRB,QB,Bo Nix,DEN,@NO,7,16.0,26.0,164.0,0.0,0.0,10.0,75.0,0.0,4.0,0.0,0.0,0.0,0.0,0.0,0.0,18.06,18.06
2024,7,CRB,WR,Romeo Doubs,GB,HOU,23,0.0,0.0,0.0,0.0,0.0,0.0,0.0,0.0,0.0,10.0,8.0,94.0,0.0,6.0,0.0,15.4,15.4
2024,7,CRB,RB,De'Von Achane,MIA,@IND,22,0.0,0.0,0.0,0.0,0.0,15.0,77.0,0.0,3.0,3.0,2.0,8.0,0.0,0.0,0.0,11.5,11.5
2024,7,CRB,TE,Ben Sinnott,WAS,CAR,30,0.0,0.0,0.0,0.0,0.0,0.0,0.0,0.0,0.0,2.0,2.0,6.0,1.0,1.0,0.0,7.6,7.6
2024,7,CRB,WR,Jalen McMillan,TB,BAL,31,0.0,0.0,0.0,0.0,0.0,1.0,11.0,0.0,1.0,8.0,3.0,15.0,0.0,1.0,0.0,4.6,4.6
2024,7,CRB,WR,Davante Adams,NYJ,@PIT,13,0.0,0.0,0.0,0.0,0.0,0.0,0.0,0.0,0.0,9.0,3.0,30.0,0.0,1.0,0.0,4,4.0
2024,7,CRB,TE,Isaiah Likely,BAL,@TB,24,0.0,0.0,0.0,0.0,0.0,0.0,0.0,0.0,0.0,4.0,2.0,17.0,0.0,2.0,0.0,3.7,3.7
2024,7,CRB,RB,Zamir White,LV,@LAR,27,0.0,0.0,0.0,0.0,0.0,3.0,13.0,0.0,0.0,1.0,1.0,14.0,0.0,1.0,0.0,3.7,3.7
2024,7,CRB,WR,Mike Williams,NYJ,@PIT,13,0.0,0.0,0.0,0.0,0.0,0.0,0.0,0.0,0.0,2.0,1.0,15.0,0.0,1.0,0.0,2.5,2.5
2024,7,CRB,RB,Antonio Gibson,NE,@JAC,21,0.0,0.0,0.0,0.0,0.0,3.0,4.0,0.0,0.0,1.0,1.0,9.0,0.0,0.0,0.0,1.3,1.3
2024,7,CRB,WR,DeVonta Smith,PHI,@NYG,10,0.0,0.0,0.0,0.0,0.0,0.0,0.0,0.0,0.0,2.0,1.0,-2.0,0.0,0.0,0.0,0,0.0
2024,7,CRB,RB,Jonathan Taylor,IND,MIA,28,0.0,0.0,0.0,0.0,0.0,0.0,0.0,0.0,0.0,0.0,0.0,0.0,0.0,0.0,0.0,-,0.0
2024,7,CRB,WR,Luke McCaffrey,WAS,CAR,22,0.0,0.0,0.0,0.0,0.0,0.0,0.0,0.0,0.0,0.0,0.0,0.0,0.0,0.0,0.0,0,0.0
2024,7,CRB,WR,Keenan Allen,CHI,BYE,---,0.0,0.0,0.0,0.0,0.0,0.0,0.0,0.0,0.0,0.0,0.0,0.0,0.0,0.0,0.0,-,0.0
2024,7,CRB,WR,Courtland Sutton,DEN,@NO,18,0.0,0.0,0.0,0.0,0.0,0.0,0.0,0.0,0.0,0.0,0.0,0.0,0.0,0.0,0.0,0,0.0
2024,7,CRB,DST,Texans,HOU,@GB,14,11.0,11.0,,,,,,,,,,,,,,,
2024,7,CRB,DST,Buccaneers,TB,BAL,3,,,,,,,,,,,,,,,,0,0.0
2024,7,ELP,RB,Kenneth Walker,SEA,@ATL,7,0.0,0.0,0.0,0.0,0.0,14.0,69.0,1.0,4.0,2.0,2.0,24.0,1.0,2.0,0.0,27.3,27.3
2024,7,ELP,QB,Josh Allen,BUF,TEN,19,21.0,33.0,323.0,2.0,0.0,3.0,1.0,0.0,0.0,0.0,0.0,0.0,0.0,0.0,0.0,21.02,21.02
2024,7,ELP,TE,Mark Andrews,BAL,@TB,24,0.0,0.0,0.0,0.0,0.0,0.0,0.0,0.0,0.0,4.0,4.0,41.0,2.0,3.0,0.0,19.1,19.1
2024,7,ELP,RB,Nick Chubb,CLE,CIN,18,0.0,0.0,0.0,0.0,0.0,11.0,22.0,1.0,1.0,3.0,1.0,10.0,0.0,1.0,0.0,11.2,11.2
2024,7,ELP,WR,Khalil Shakir,BUF,TEN,5,0.0,0.0,0.0,0.0,0.0,0.0,0.0,0.0,0.0,7.0,7.0,65.0,0.0,2.0,0.0,8.5,8.5
2024,7,ELP,QB,Kirk Cousins,ATL,SEA,18,24.0,35.0,232.0,1.0,2.0,1.0,-1.0,0.0,0.0,0.0,0.0,0.0,0.0,0.0,1.0,7.28,7.28
2024,7,ELP,RB,Sean Tucker,TB,BAL,9,0.0,0.0,0.0,0.0,0.0,5.0,29.0,0.0,1.0,2.0,1.0,9.0,0.0,1.0,0.0,5.8,5.8
2024,7,ELP,RB,Tyrone Tracy,NYG,PHI,12,0.0,0.0,0.0,0.0,0.0,6.0,23.0,0.0,2.0,3.0,3.0,9.0,0.0,0.0,0.0,5.2,5.2
2024,7,ELP,TE,Dalton Schultz,HOU,@GB,22,0.0,0.0,0.0,0.0,0.0,0.0,0.0,0.0,0.0,2.0,1.0,28.0,0.0,1.0,0.0,3.8,3.8
2024,7,ELP,RB,Audric Estime,DEN,@NO,29,0.0,0.0,0.0,0.0,0.0,5.0,29.0,0.0,2.0,0.0,0.0,0.0,0.0,0.0,1.0,2.9,2.9
2024,7,ELP,WR,Demario Douglas,NE,@JAC,29,0.0,0.0,0.0,0.0,0.0,0.0,0.0,0.0,0.0,3.0,2.0,14.0,0.0,1.0,0.0,2.4,2.4
2024,7,ELP,QB,Aidan O'Connell,LV,@LAR,16,6.0,10.0,52.0,0.0,0.0,0.0,0.0,0.0,0.0,0.0,0.0,0.0,0.0,0.0,0.0,2.08,2.08
2024,7,ELP,WR,Xavier Legette,CAR,@WAS,26,0.0,0.0,0.0,0.0,0.0,1.0,6.0,0.0,1.0,3.0,2.0,3.0,0.0,0.0,0.0,1.9,1.9
2024,7,ELP,WR,Tyreek Hill,MIA,@IND,16,0.0,0.0,0.0,0.0,0.0,1.0,5.0,0.0,0.0,2.0,1.0,8.0,0.0,0.0,0.0,1.3,1.3
2024,7,ELP,WR,DeAndre Hopkins,TEN,@BUF,8,0.0,0.0,0.0,0.0,0.0,0.0,0.0,0.0,0.0,1.0,1.0,-2.0,0.0,1.0,0.0,1,1.0
2024,7,ELP,WR,Jayden Reed,GB,HOU,23,0.0,0.0,0.0,0.0,0.0,1.0,0.0,0.0,0.0,4.0,2.0,10.0,0.0,0.0,0.0,1,1.0
2024,7,ELP,WR,JuJu Smith-Schuster,KC,@SF,12,0.0,0.0,0.0,0.0,0.0,0.0,0.0,0.0,0.0,0.0,0.0,0.0,0.0,0.0,0.0,0,0.0
2024,7,ELP,WR,Jameson Williams,DET,@MIN,32,0.0,0.0,0.0,0.0,0.0,0.0,0.0,0.0,0.0,1.0,1.0,-4.0,0.0,0.0,0.0,0,0.0
2024,7,ELP,DST,49ers,SF,KC,13,,,,,,,,,,,,,,,,8,8.0
2024,7,FRR,RB,Brian Robinson,WAS,CAR,32,0.0,0.0,0.0,0.0,0.0,12.0,71.0,1.0,5.0,0.0,0.0,0.0,0.0,0.0,0.0,18.1,18.1
2024,7,FRR,WR,Drake London,ATL,SEA,11,0.0,0.0,0.0,0.0,0.0,0.0,0.0,0.0,0.0,8.0,6.0,63.0,1.0,5.0,0.0,17.3,17.3
2024,7,FRR,QB,Sam Darnold,MIN,DET,15,22.0,27.0,259.0,1.0,1.0,4.0,39.0,0.0,1.0,0.0,0.0,0.0,0.0,0.0,0.0,17.26,17.26
2024,7,FRR,WR,Ja'Marr Chase,CIN,@CLE,28,0.0,0.0,0.0,0.0,0.0,1.0,11.0,0.0,1.0,6.0,5.0,55.0,1.0,2.0,0.0,15.6,15.6
2024,7,FRR,QB,Patrick Mahomes,KC,@SF,12,16.0,27.0,154.0,0.0,2.0,5.0,39.0,1.0,3.0,0.0,0.0,0.0,0.0,0.0,0.0,15.06,15.06
2024,7,FRR,WR,Terry McLaurin,WAS,CAR,22,0.0,0.0,0.0,0.0,0.0,0.0,0.0,0.0,0.0,6.0,6.0,98.0,0.0,5.0,0.0,14.8,14.8
2024,7,FRR,RB,Jordan Mason,SF,KC,1,0.0,0.0,0.0,0.0,0.0,14.0,58.0,0.0,3.0,2.0,2.0,11.0,0.0,0.0,0.0,9.9,9.9
2024,7,FRR,TE,Dalton Kincaid,BUF,TEN,3,0.0,0.0,0.0,0.0,0.0,0.0,0.0,0.0,0.0,6.0,3.0,52.0,0.0,3.0,0.0,8.2,8.2
2024,7,FRR,WR,Calvin Ridley,TEN,@BUF,8,0.0,0.0,0.0,0.0,0.0,0.0,0.0,0.0,0.0,9.0,3.0,42.0,0.0,1.0,0.0,5.2,5.2
2024,7,FRR,RB,Rhamondre Stevenson,NE,@JAC,21,0.0,0.0,0.0,0.0,0.0,7.0,18.0,0.0,1.0,3.0,2.0,7.0,0.0,0.0,0.0,3.5,3.5
2024,7,FRR,WR,Brandon Aiyuk,SF,KC,4,0.0,0.0,0.0,0.0,0.0,0.0,0.0,0.0,0.0,6.0,2.0,23.0,0.0,1.0,0.0,3.3,3.3
2024,7,FRR,RB,Blake Corum,LAR,LV,24,0.0,0.0,0.0,0.0,0.0,3.0,11.0,0.0,1.0,0.0,0.0,0.0,0.0,0.0,0.0,2.1,2.1
2024,7,FRR,RB,Isaac Guerendo,SF,KC,1,0.0,0.0,0.0,0.0,0.0,1.0,2.0,0.0,0.0,1.0,1.0,5.0,0.0,1.0,0.0,1.7,1.7
2024,7,FRR,QB,Andy Dalton,CAR,@WAS,14,11.0,16.0,93.0,0.0,2.0,2.0,3.0,0.0,0.0,0.0,0.0,0.0,0.0,0.0,0.0,0.02,0.02
2024,7,FRR,WR,Roman Wilson,PIT,NYJ,7,0.0,0.0,0.0,0.0,0.0,0.0,0.0,0.0,0.0,0.0,0.0,0.0,0.0,0.0,0.0,-,0.0
2024,7,FRR,TE,Taysom Hill,NO,DEN,17,0.0,0.0,0.0,0.0,0.0,0.0,0.0,0.0,0.0,0.0,0.0,0.0,0.0,0.0,0.0,-,0.0
2024,7,FRR,WR,Tank Dell,HOU,@GB,17,0.0,0.0,0.0,0.0,0.0,0.0,0.0,0.0,0.0,4.0,0.0,0.0,0.0,0.0,0.0,0,0.0
2024,7,FRR,TE,TJ Hockenson,MIN,DET,5,0.0,0.0,0.0,0.0,0.0,0.0,0.0,0.0,0.0,0.0,0.0,0.0,0.0,0.0,0.0,-,0.0
2024,7,FRR,RB,Isiah Pacheco,KC,@SF,16,0.0,0.0,0.0,0.0,0.0,0.0,0.0,0.0,0.0,0.0,0.0,0.0,0.0,0.0,0.0,-,0.0
2024,7,FRR,QB,Gardner Minshew,LV,@LAR,16,15.0,34.0,154.0,0.0,3.0,1.0,2.0,0.0,1.0,0.0,0.0,0.0,0.0,0.0,1.0,-0.64,-0.64
2024,7,FRR,DST,Steelers,PIT,NYJ,21,,,,,,,,,,,,,,,,9,9.0
2024,7,GF,RB,Aaron Jones,MIN,DET,2,0.0,0.0,0.0,0.0,0.0,14.0,93.0,1.0,3.0,3.0,3.0,23.0,0.0,2.0,0.0,22.6,22.6
2024,7,GF,QB,Trevor Lawrence,JAC,NE,13,15.0,20.0,193.0,1.0,0.0,2.0,13.0,0.0,2.0,0.0,0.0,0.0,0.0,0.0,0.0,17.02,17.02
2024,7,GF,QB,Jordan Love,GB,HOU,24,24.0,33.0,220.0,3.0,2.0,0.0,0.0,0.0,0.0,0.0,0.0,0.0,0.0,0.0,0.0,16.8,16.8
2024,7,GF,WR,Dontayvion Wicks,GB,HOU,23,0.0,0.0,0.0,0.0,0.0,0.0,0.0,0.0,0.0,6.0,3.0,48.0,1.0,2.0,0.0,12.8,12.8
2024,7,GF,RB,JK Dobbins,LAC,@ARI,23,0.0,0.0,0.0,0.0,0.0,14.0,40.0,0.0,3.0,3.0,3.0,26.0,0.0,1.0,0.0,10.6,10.6
2024,7,GF,WR,Michael Pittman,IND,MIA,2,0.0,0.0,0.0,0.0,0.0,0.0,0.0,0.0,0.0,5.0,3.0,63.0,0.0,2.0,0.0,8.3,8.3
2024,7,GF,WR,Jaxon Smith-Njigba,SEA,@ATL,21,1.0,1.0,35.0,0.0,0.0,0.0,0.0,0.0,0.0,6.0,3.0,9.0,0.0,0.0,0.0,2.3,2.3
2024,7,GF,WR,Demarcus Robinson,LAR,LV,9,0.0,0.0,0.0,0.0,0.0,0.0,0.0,0.0,0.0,3.0,1.0,9.0,0.0,1.0,0.0,1.9,1.9
2024,7,GF,WR,Christian Watson,GB,HOU,23,0.0,0.0,0.0,0.0,0.0,1.0,-4.0,0.0,0.0,2.0,1.0,9.0,0.0,0.0,0.0,0.9,0.9
2024,7,GF,QB,Michael Penix,ATL,SEA,18,1.0,1.0,14.0,0.0,0.0,0.0,0.0,0.0,0.0,0.0,0.0,0.0,0.0,0.0,0.0,0.56,0.56
2024,7,GF,WR,Brandin Cooks,DAL,BYE,---,0.0,0.0,0.0,0.0,0.0,0.0,0.0,0.0,0.0,0.0,0.0,0.0,0.0,0.0,0.0,-,0.0
2024,7,GF,TE,Luke Musgrave,GB,HOU,7,0.0,0.0,0.0,0.0,0.0,0.0,0.0,0.0,0.0,0.0,0.0,0.0,0.0,0.0,0.0,-,0.0
2024,7,GF,TE,Jake Ferguson,DAL,BYE,---,0.0,0.0,0.0,0.0,0.0,0.0,0.0,0.0,0.0,0.0,0.0,0.0,0.0,0.0,0.0,-,0.0
2024,7,GF,RB,Gus Edwards,LAC,@ARI,23,0.0,0.0,0.0,0.0,0.0,0.0,0.0,0.0,0.0,0.0,0.0,0.0,0.0,0.0,0.0,-,0.0
2024,7,GF,WR,Marquise Brown,KC,@SF,12,0.0,0.0,0.0,0.0,0.0,0.0,0.0,0.0,0.0,0.0,0.0,0.0,0.0,0.0,0.0,-,0.0
2024,7,GF,QB,JJ McCarthy,MIN,DET,15,0.0,0.0,0.0,0.0,0.0,0.0,0.0,0.0,0.0,0.0,0.0,0.0,0.0,0.0,0.0,-,0.0
2024,7,GF,RB,MarShawn Lloyd,GB,HOU,5,0.0,0.0,0.0,0.0,0.0,0.0,0.0,0.0,0.0,0.0,0.0,0.0,0.0,0.0,0.0,-,0.0
2024,7,GF,RB,Ezekiel Elliott,DAL,BYE,---,0.0,0.0,0.0,0.0,0.0,0.0,0.0,0.0,0.0,0.0,0.0,0.0,0.0,0.0,0.0,-,0.0
2024,7,GF,DST,Packers,GB,HOU,9,,,,,,,,,,,,,,,,4,4.0
2024,7,MAM,RB,Saquon Barkley,PHI,@NYG,15,0.0,0.0,0.0,0.0,0.0,17.0,176.0,1.0,6.0,3.0,2.0,11.0,0.0,0.0,0.0,30.7,30.7
2024,7,MAM,RB,James Conner,ARI,LAC,3,0.0,0.0,0.0,0.0,0.0,19.0,101.0,0.0,7.0,4.0,2.0,51.0,0.0,2.0,0.0,24.2,24.2
2024,7,MAM,QB,Geno Smith,SEA,@ATL,22,18.0,28.0,207.0,2.0,0.0,4.0,15.0,0.0,0.0,0.0,0.0,0.0,0.0,0.0,0.0,17.78,17.78
2024,7,MAM,TE,David Njoku,CLE,CIN,29,0.0,0.0,0.0,0.0,0.0,0.0,0.0,0.0,0.0,14.0,10.0,76.0,1.0,4.0,0.0,17.6,17.6
2024,7,MAM,QB,Tyler Huntley,MIA,@IND,23,7.0,13.0,87.0,1.0,0.0,5.0,20.0,0.0,2.0,0.0,0.0,0.0,0.0,0.0,0.0,11.48,11.48
2024,7,MAM,TE,Tucker Kraft,GB,HOU,7,0.0,0.0,0.0,0.0,0.0,0.0,0.0,0.0,0.0,4.0,3.0,33.0,1.0,2.0,0.0,11.3,11.3
2024,7,MAM,WR,Garrett Wilson,NYJ,@PIT,13,0.0,0.0,0.0,0.0,0.0,0.0,0.0,0.0,0.0,9.0,5.0,61.0,0.0,3.0,0.0,11.1,11.1
2024,7,MAM,RB,Jaylen Warren,PIT,NYJ,13,0.0,0.0,0.0,0.0,0.0,12.0,44.0,0.0,2.0,3.0,2.0,15.0,0.0,1.0,0.0,8.9,8.9
2024,7,MAM,RB,Kendre Miller,NO,DEN,11,0.0,0.0,0.0,0.0,0.0,6.0,36.0,0.0,1.0,3.0,2.0,1.0,0.0,0.0,0.0,4.7,4.7
2024,7,MAM,RB,Alvin Kamara,NO,DEN,11,0.0,0.0,0.0,0.0,0.0,7.0,10.0,0.0,1.0,7.0,6.0,14.0,0.0,0.0,0.0,3.4,3.4
2024,7,MAM,WR,Jerry Jeudy,CLE,CIN,14,0.0,0.0,0.0,0.0,0.0,0.0,0.0,0.0,0.0,5.0,1.0,18.0,0.0,1.0,0.0,2.8,2.8
2024,7,MAM,WR,Michael Wilson,ARI,LAC,3,0.0,0.0,0.0,0.0,0.0,0.0,0.0,0.0,0.0,3.0,1.0,15.0,0.0,1.0,0.0,2.5,2.5
2024,7,MAM,WR,Wan'Dale Robinson,NYG,PHI,24,0.0,0.0,0.0,0.0,0.0,0.0,0.0,0.0,0.0,9.0,6.0,23.0,0.0,0.0,0.0,2.3,2.3
2024,7,MAM,WR,Josh Downs,IND,MIA,2,0.0,0.0,0.0,0.0,0.0,0.0,0.0,0.0,0.0,3.0,1.0,3.0,0.0,0.0,0.0,0.3,0.3
2024,7,MAM,WR,Rashee Rice,KC,@SF,12,0.0,0.0,0.0,0.0,0.0,0.0,0.0,0.0,0.0,0.0,0.0,0.0,0.0,0.0,0.0,-,0.0
2024,7,MAM,RB,Roschon Johnson,CHI,BYE,---,0.0,0.0,0.0,0.0,0.0,0.0,0.0,0.0,0.0,0.0,0.0,0.0,0.0,0.0,0.0,-,0.0
2024,7,MAM,QB,Tua Tagovailoa,MIA,@IND,23,0.0,0.0,0.0,0.0,0.0,0.0,0.0,0.0,0.0,0.0,0.0,0.0,0.0,0.0,0.0,-,0.0
2024,7,MAM,WR,Rashid Shaheed,NO,DEN,1,0.0,0.0,0.0,0.0,0.0,0.0,0.0,0.0,0.0,0.0,0.0,0.0,0.0,0.0,0.0,-,0.0
2024,7,MAM,QB,Caleb Williams,CHI,BYE,---,0.0,0.0,0.0,0.0,0.0,0.0,0.0,0.0,0.0,0.0,0.0,0.0,0.0,0.0,0.0,-,0.0
2024,7,MAM,WR,DJ Moore,CHI,BYE,---,0.0,0.0,0.0,0.0,0.0,0.0,0.0,0.0,0.0,0.0,0.0,0.0,0.0,0.0,0.0,-,0.0
2024,7,MAM,DST,Ravens,BAL,@TB,12,,,,,,,,,,,,,,,,8,8.0
2024,7,MCM,RB,Joe Mixon,HOU,@GB,19,0.0,0.0,0.0,0.0,0.0,25.0,115.0,2.0,6.0,3.0,2.0,9.0,0.0,1.0,0.0,31.4,31.4
2024,7,MCM,QB,Justin Herbert,LAC,@ARI,28,27.0,39.0,349.0,0.0,0.0,2.0,8.0,0.0,0.0,0.0,0.0,0.0,0.0,0.0,0.0,14.76,14.76
2024,7,MCM,TE,Cade Otton,TB,BAL,26,0.0,0.0,0.0,0.0,0.0,0.0,0.0,0.0,0.0,10.0,8.0,100.0,0.0,4.0,0.0,14,14.0
2024,7,MCM,RB,Ray Davis,BUF,TEN,10,0.0,0.0,0.0,0.0,0.0,5.0,41.0,1.0,2.0,1.0,1.0,6.0,0.0,0.0,0.0,12.7,12.7
2024,7,MCM,WR,Tre Tucker,LV,@LAR,15,0.0,0.0,0.0,0.0,0.0,1.0,11.0,0.0,1.0,8.0,3.0,36.0,0.0,2.0,0.0,7.7,7.7
2024,7,MCM,WR,Jordan Addison,MIN,DET,30,0.0,0.0,0.0,0.0,0.0,0.0,0.0,0.0,0.0,4.0,3.0,66.0,0.0,1.0,0.0,7.6,7.6
2024,7,MCM,RB,Zack Moss,CIN,@CLE,6,0.0,0.0,0.0,0.0,0.0,6.0,7.0,0.0,0.0,3.0,3.0,33.0,0.0,2.0,0.0,6,6.0
2024,7,MCM,RB,Jeremy McNichols,WAS,CAR,32,0.0,0.0,0.0,0.0,0.0,7.0,42.0,0.0,1.0,0.0,0.0,0.0,0.0,0.0,0.0,5.2,5.2
2024,7,MCM,RB,Jaylen Wright,MIA,@IND,22,0.0,0.0,0.0,0.0,0.0,5.0,33.0,0.0,1.0,0.0,0.0,0.0,0.0,0.0,0.0,4.3,4.3
2024,7,MCM,WR,Christian Kirk,JAC,NE,20,0.0,0.0,0.0,0.0,0.0,0.0,0.0,0.0,0.0,3.0,1.0,24.0,0.0,1.0,0.0,3.4,3.4
2024,7,MCM,RB,Kimani Vidal,LAC,@ARI,23,0.0,0.0,0.0,0.0,0.0,3.0,10.0,0.0,1.0,1.0,1.0,9.0,0.0,0.0,0.0,2.9,2.9
2024,7,MCM,WR,Puka Nacua,LAR,LV,9,0.0,0.0,0.0,0.0,0.0,0.0,0.0,0.0,0.0,0.0,0.0,0.0,0.0,0.0,0.0,-,0.0
2024,7,MCM,RB,Christian McCaffrey,SF,KC,1,0.0,0.0,0.0,0.0,0.0,0.0,0.0,0.0,0.0,0.0,0.0,0.0,0.0,0.0,0.0,-,0.0
2024,7,MCM,QB,Derek Carr,NO,DEN,4,0.0,0.0,0.0,0.0,0.0,0.0,0.0,0.0,0.0,0.0,0.0,0.0,0.0,0.0,0.0,-,0.0
2024,7,MCM,QB,Joe Flacco,IND,MIA,1,0.0,0.0,0.0,0.0,0.0,0.0,0.0,0.0,0.0,0.0,0.0,0.0,0.0,0.0,0.0,-,0.0
2024,7,MCM,WR,Andrei Iosivas,CIN,@CLE,28,0.0,0.0,0.0,0.0,0.0,0.0,0.0,0.0,0.0,1.0,0.0,0.0,0.0,0.0,0.0,0,0.0
2024,7,MCM,WR,Jauan Jennings,SF,KC,4,0.0,0.0,0.0,0.0,0.0,0.0,0.0,0.0,0.0,0.0,0.0,0.0,0.0,0.0,0.0,-,0.0
2024,7,MCM,RB,Travis Etienne,JAC,NE,30,0.0,0.0,0.0,0.0,0.0,0.0,0.0,0.0,0.0,0.0,0.0,0.0,0.0,0.0,0.0,-,0.0
2024,7,MCM,DST,Vikings,MIN,DET,10,,,,,,,,,,,,,,,,12,12.0
2024,7,MWM,RB,Tank Bigsby,JAC,NE,30,0.0,0.0,0.0,0.0,0.0,26.0,118.0,2.0,8.0,1.0,0.0,0.0,0.0,0.0,0.0,31.8,31.8
2024,7,MWM,RB,Rachaad White,TB,BAL,9,0.0,0.0,0.0,0.0,0.0,10.0,40.0,0.0,2.0,6.0,6.0,71.0,2.0,4.0,0.0,29.1,29.1
2024,7,MWM,RB,Najee Harris,PIT,NYJ,13,0.0,0.0,0.0,0.0,0.0,21.0,102.0,1.0,4.0,1.0,0.0,0.0,0.0,0.0,0.0,20.2,20.2
2024,7,MWM,QB,Aaron Rodgers,NYJ,@PIT,3,24.0,39.0,276.0,1.0,2.0,0.0,0.0,0.0,0.0,0.0,0.0,0.0,0.0,0.0,0.0,13.04,13.04
2024,7,MWM,TE,George Kittle,SF,KC,32,0.0,0.0,0.0,0.0,0.0,0.0,0.0,0.0,0.0,7.0,6.0,92.0,0.0,3.0,0.0,12.2,12.2
2024,7,MWM,WR,Darnell Mooney,ATL,SEA,11,0.0,0.0,0.0,0.0,0.0,0.0,0.0,0.0,0.0,8.0,5.0,46.0,0.0,4.0,0.0,8.6,8.6
2024,7,MWM,WR,Tyler Lockett,SEA,@ATL,21,0.0,0.0,0.0,0.0,0.0,0.0,0.0,0.0,0.0,6.0,4.0,45.0,0.0,4.0,0.0,8.5,8.5
2024,7,MWM,RB,Tony Pollard,TEN,@BUF,26,0.0,0.0,0.0,0.0,0.0,16.0,61.0,0.0,1.0,6.0,2.0,4.0,0.0,0.0,0.0,7.5,7.5
2024,7,MWM,WR,Stefon Diggs,HOU,@GB,17,0.0,0.0,0.0,0.0,0.0,0.0,0.0,0.0,0.0,7.0,5.0,23.0,0.0,3.0,0.0,5.3,5.3
2024,7,MWM,QB,Matthew Stafford,LAR,LV,20,14.0,23.0,154.0,0.0,1.0,2.0,-2.0,0.0,0.0,0.0,0.0,0.0,0.0,0.0,0.0,4.16,4.16
2024,7,MWM,WR,Kendrick Bourne,NE,@JAC,29,0.0,0.0,0.0,0.0,0.0,0.0,0.0,0.0,0.0,2.0,1.0,14.0,0.0,1.0,0.0,2.4,2.4
2024,7,MWM,WR,Gabe Davis,JAC,NE,20,0.0,0.0,0.0,0.0,0.0,0.0,0.0,0.0,0.0,2.0,1.0,13.0,0.0,1.0,0.0,2.3,2.3
2024,7,MWM,RB,Austin Ekeler,WAS,CAR,32,0.0,0.0,0.0,0.0,0.0,4.0,17.0,0.0,0.0,2.0,2.0,3.0,0.0,0.0,0.0,2,2.0
2024,7,MWM,WR,Jaylen Waddle,MIA,@IND,16,0.0,0.0,0.0,0.0,0.0,0.0,0.0,0.0,0.0,2.0,1.0,11.0,0.0,0.0,0.0,1.1,1.1
2024,7,MWM,TE,Cole Kmet,CHI,BYE,---,0.0,0.0,0.0,0.0,0.0,0.0,0.0,0.0,0.0,0.0,0.0,0.0,0.0,0.0,0.0,-,0.0
2024,7,MWM,WR,Jakobi Meyers,LV,@LAR,15,0.0,0.0,0.0,0.0,0.0,0.0,0.0,0.0,0.0,0.0,0.0,0.0,0.0,0.0,0.0,-,0.0
2024,7,MWM,WR,DJ Chark,LAC,@ARI,27,0.0,0.0,0.0,0.0,0.0,0.0,0.0,0.0,0.0,0.0,0.0,0.0,0.0,0.0,0.0,-,0.0
2024,7,MWM,QB,Hendon Hooker,DET,@MIN,9,0.0,0.0,0.0,0.0,0.0,0.0,0.0,0.0,0.0,0.0,0.0,0.0,0.0,0.0,0.0,-,0.0
2024,7,MWM,DST,Bills,BUF,TEN,30,,,,,,,,,,,,,,,,13,13.0
2024,7,NN,RB,Derrick Henry,BAL,@TB,17,0.0,0.0,0.0,0.0,0.0,15.0,169.0,0.0,3.0,1.0,1.0,13.0,1.0,1.0,0.0,28.2,28.2
2024,7,NN,RB,Breece Hall,NYJ,@PIT,8,0.0,0.0,0.0,0.0,0.0,12.0,38.0,1.0,2.0,9.0,6.0,103.0,0.0,3.0,0.0,25.1,25.1
2024,7,NN,WR,Justin Jefferson,MIN,DET,30,0.0,0.0,0.0,0.0,0.0,1.0,3.0,0.0,0.0,8.0,7.0,81.0,1.0,4.0,0.0,18.4,18.4
2024,7,NN,RB,Alexander Mattison,LV,@LAR,27,0.0,0.0,0.0,0.0,0.0,23.0,92.0,0.0,5.0,3.0,3.0,31.0,0.0,1.0,0.0,18.3,18.3
2024,7,NN,WR,Amari Cooper,BUF,TEN,5,0.0,0.0,0.0,0.0,0.0,0.0,0.0,0.0,0.0,5.0,4.0,66.0,1.0,4.0,0.0,16.6,16.6
2024,7,NN,WR,Keon Coleman,BUF,TEN,5,0.0,0.0,0.0,0.0,0.0,0.0,0.0,0.0,0.0,7.0,4.0,125.0,0.0,4.0,0.0,16.5,16.5
2024,7,NN,QB,Joe Burrow,CIN,@CLE,17,15.0,25.0,181.0,2.0,0.0,3.0,-3.0,0.0,0.0,0.0,0.0,0.0,0.0,0.0,0.0,15.24,15.24
2024,7,NN,WR,Malik Nabers,NYG,PHI,24,0.0,0.0,0.0,0.0,0.0,0.0,0.0,0.0,0.0,8.0,4.0,41.0,0.0,4.0,0.0,8.1,8.1
2024,7,NN,TE,Pat Freiermuth,PIT,NYJ,8,0.0,0.0,0.0,0.0,0.0,0.0,0.0,0.0,0.0,3.0,2.0,51.0,0.0,2.0,0.0,7.1,7.1
2024,7,NN,WR,Troy Franklin,DEN,@NO,18,0.0,0.0,0.0,0.0,0.0,0.0,0.0,0.0,0.0,6.0,5.0,50.0,0.0,2.0,0.0,7,7.0
2024,7,NN,RB,Tyler Allgeier,ATL,SEA,25,0.0,0.0,0.0,0.0,0.0,5.0,36.0,0.0,2.0,1.0,1.0,9.0,0.0,0.0,0.0,6.5,6.5
2024,7,NN,TE,Evan Engram,JAC,NE,12,0.0,0.0,0.0,0.0,0.0,0.0,0.0,0.0,0.0,5.0,5.0,35.0,0.0,2.0,0.0,5.5,5.5
2024,7,NN,WR,Xavier Worthy,KC,@SF,12,0.0,0.0,0.0,0.0,0.0,1.0,5.0,0.0,0.0,8.0,3.0,19.0,0.0,2.0,0.0,4.4,4.4
2024,7,NN,RB,Zach Charbonnet,SEA,@ATL,7,0.0,0.0,0.0,0.0,0.0,7.0,14.0,0.0,1.0,1.0,1.0,-5.0,0.0,0.0,0.0,2.4,2.4
2024,7,NN,RB,Braelon Allen,NYJ,@PIT,8,0.0,0.0,0.0,0.0,0.0,2.0,4.0,0.0,0.0,1.0,1.0,2.0,0.0,0.0,0.0,0.6,0.6
2024,7,NN,RB,Ty Chandler,MIN,DET,2,0.0,0.0,0.0,0.0,0.0,2.0,4.0,0.0,0.0,0.0,0.0,0.0,0.0,0.0,0.0,0.4,0.4
2024,7,NN,QB,Dak Prescott,DAL,BYE,---,0.0,0.0,0.0,0.0,0.0,0.0,0.0,0.0,0.0,0.0,0.0,0.0,0.0,0.0,0.0,-,0.0
2024,7,NN,QB,Will Levis,TEN,@BUF,10,0.0,0.0,0.0,0.0,0.0,0.0,0.0,0.0,0.0,0.0,0.0,0.0,0.0,0.0,0.0,-,0.0
2024,7,NN,DST,Jets,NYJ,@PIT,4,,,,,,,,,,,,,,,,-3,-3.0
2024,7,VD,RB,Javonte Williams,DEN,@NO,29,0.0,0.0,0.0,0.0,0.0,14.0,88.0,2.0,6.0,3.0,3.0,23.0,0.0,1.0,0.0,30.1,30.1
2024,7,VD,QB,Baker Mayfield,TB,BAL,30,31.0,45.0,370.0,3.0,2.0,5.0,22.0,0.0,1.0,0.0,0.0,0.0,0.0,0.0,0.0,28,28.0
2024,7,VD,RB,Bijan Robinson,ATL,SEA,25,0.0,0.0,0.0,0.0,0.0,21.0,103.0,1.0,5.0,5.0,3.0,40.0,0.0,1.0,0.0,26.3,26.3
2024,7,VD,RB,Kareem Hunt,KC,@SF,16,0.0,0.0,0.0,0.0,0.0,22.0,78.0,2.0,5.0,2.0,2.0,5.0,0.0,1.0,0.0,26.3,26.3
2024,7,VD,RB,Bucky Irving,TB,BAL,9,0.0,0.0,0.0,0.0,0.0,9.0,23.0,1.0,2.0,3.0,3.0,54.0,0.0,3.0,0.0,18.7,18.7
2024,7,VD,QB,Anthony Richardson,IND,MIA,1,10.0,24.0,129.0,0.0,0.0,14.0,56.0,0.0,3.0,0.0,0.0,0.0,0.0,0.0,1.0,11.76,11.76
2024,7,VD,WR,Chris Godwin,TB,BAL,31,0.0,0.0,0.0,0.0,0.0,0.0,0.0,0.0,0.0,9.0,7.0,65.0,0.0,3.0,0.0,9.5,9.5
2024,7,VD,TE,Kyle Pitts,ATL,SEA,25,0.0,0.0,0.0,0.0,0.0,0.0,0.0,0.0,0.0,9.0,7.0,65.0,0.0,2.0,0.0,8.5,8.5
2024,7,VD,WR,Ladd McConkey,LAC,@ARI,27,0.0,0.0,0.0,0.0,0.0,0.0,0.0,0.0,0.0,7.0,5.0,46.0,0.0,2.0,0.0,6.6,6.6
2024,7,VD,QB,Deshaun Watson,CLE,CIN,29,15.0,17.0,128.0,0.0,0.0,2.0,0.0,0.0,1.0,0.0,0.0,0.0,0.0,0.0,0.0,6.12,6.12
2024,7,VD,WR,Marvin Harrison,ARI,LAC,3,0.0,0.0,0.0,0.0,0.0,0.0,0.0,0.0,0.0,6.0,3.0,21.0,0.0,2.0,0.0,4.1,4.1
2024,7,VD,WR,Jalen Tolbert,DAL,BYE,---,0.0,0.0,0.0,0.0,0.0,0.0,0.0,0.0,0.0,0.0,0.0,0.0,0.0,0.0,0.0,-,0.0
2024,7,VD,RB,Jerick McKinnon Dead Cap,KC,0,0,0.0,0.0,0.0,0.0,0.0,0.0,0.0,0.0,0.0,0.0,0.0,0.0,0.0,0.0,0.0,-,0.0
2024,7,VD,QB,Justin Fields,PIT,NYJ,6,0.0,0.0,0.0,0.0,0.0,0.0,0.0,0.0,0.0,0.0,0.0,0.0,0.0,0.0,0.0,-,0.0
2024,7,VD,RB,Tyjae Spears,TEN,@BUF,26,0.0,0.0,0.0,0.0,0.0,0.0,0.0,0.0,0.0,0.0,0.0,0.0,0.0,0.0,0.0,-,0.0
2024,7,VD,QB,Bryce Young,CAR,@WAS,14,2.0,2.0,-4.0,0.0,0.0,0.0,0.0,0.0,0.0,0.0,0.0,0.0,0.0,0.0,0.0,0,0.0
2024,7,VD,RB,Trey Benson,ARI,LAC,3,0.0,0.0,0.0,0.0,0.0,0.0,0.0,0.0,0.0,0.0,0.0,0.0,0.0,0.0,0.0,0,0.0
2024,7,VD,WR,Rome Odunze,CHI,BYE,---,0.0,0.0,0.0,0.0,0.0,0.0,0.0,0.0,0.0,0.0,0.0,0.0,0.0,0.0,0.0,-,0.0
2024,7,VD,TE,Dallas Goedert,PHI,@NYG,4,0.0,0.0,0.0,0.0,0.0,0.0,0.0,0.0,0.0,0.0,0.0,0.0,0.0,0.0,0.0,-,0.0
2024,7,VD,DST,Lions,DET,@MIN,19,,,,,,,,,,,,,,,,7,7.0
2024,7,WLW,QB,Lamar Jackson,BAL,@TB,31,17.0,22.0,281.0,5.0,0.0,9.0,52.0,0.0,3.0,0.0,0.0,0.0,0.0,0.0,1.0,37.44,37.44
2024,7,WLW,RB,Kyren Williams,LAR,LV,24,0.0,0.0,0.0,0.0,0.0,21.0,76.0,2.0,5.0,0.0,0.0,0.0,0.0,0.0,0.0,24.6,24.6
2024,7,WLW,WR,Rashod Bateman,BAL,@TB,25,0.0,0.0,0.0,0.0,0.0,0.0,0.0,0.0,0.0,4.0,4.0,121.0,1.0,3.0,0.0,21.1,21.1
2024,7,WLW,QB,Jared Goff,DET,@MIN,9,22.0,25.0,280.0,2.0,0.0,2.0,-4.0,0.0,0.0,0.0,0.0,0.0,0.0,0.0,0.0,19.2,19.2
2024,7,WLW,RB,Chuba Hubbard,CAR,@WAS,20,0.0,0.0,0.0,0.0,0.0,17.0,52.0,1.0,2.0,0.0,0.0,0.0,0.0,0.0,0.0,13.2,13.2
2024,7,WLW,WR,Mike Evans,TB,BAL,31,0.0,0.0,0.0,0.0,0.0,0.0,0.0,0.0,0.0,3.0,1.0,25.0,1.0,1.0,0.0,9.5,9.5
2024,7,WLW,QB,CJ Stroud,HOU,@GB,5,10.0,21.0,86.0,0.0,0.0,5.0,19.0,0.0,2.0,0.0,0.0,0.0,0.0,0.0,0.0,7.34,7.34
2024,7,WLW,RB,Chase Brown,CIN,@CLE,6,0.0,0.0,0.0,0.0,0.0,15.0,44.0,0.0,2.0,2.0,2.0,9.0,0.0,0.0,0.0,7.3,7.3
2024,7,WLW,RB,Raheem Mostert,MIA,@IND,22,0.0,0.0,0.0,0.0,0.0,11.0,50.0,0.0,2.0,0.0,0.0,0.0,0.0,0.0,1.0,5,5.0
2024,7,WLW,TE,Sam LaPorta,DET,@MIN,20,0.0,0.0,0.0,0.0,0.0,0.0,0.0,0.0,0.0,2.0,1.0,25.0,0.0,1.0,0.0,3.5,3.5
2024,7,WLW,WR,Diontae Johnson,CAR,@WAS,26,0.0,0.0,0.0,0.0,0.0,0.0,0.0,0.0,0.0,3.0,1.0,17.0,0.0,1.0,0.0,2.7,2.7
2024,7,WLW,WR,Alec Pierce,IND,MIA,2,0.0,0.0,0.0,0.0,0.0,0.0,0.0,0.0,0.0,5.0,2.0,15.0,0.0,1.0,0.0,2.5,2.5
2024,7,WLW,RB,Devin Singletary,NYG,PHI,12,0.0,0.0,0.0,0.0,0.0,5.0,18.0,0.0,0.0,1.0,1.0,3.0,0.0,0.0,0.0,2.1,2.1
2024,7,WLW,TE,Erick All,CIN,@CLE,6,0.0,0.0,0.0,0.0,0.0,0.0,0.0,0.0,0.0,1.0,0.0,0.0,0.0,0.0,0.0,0,0.0
2024,7,WLW,WR,Cooper Kupp,LAR,LV,9,0.0,0.0,0.0,0.0,0.0,0.0,0.0,0.0,0.0,0.0,0.0,0.0,0.0,0.0,0.0,-,0.0
2024,7,WLW,WR,CeeDee Lamb,DAL,BYE,---,0.0,0.0,0.0,0.0,0.0,0.0,0.0,0.0,0.0,0.0,0.0,0.0,0.0,0.0,0.0,-,0.0
2024,7,WLW,WR,Jordan Whittington,LAR,LV,9,0.0,0.0,0.0,0.0,0.0,0.0,0.0,0.0,0.0,0.0,0.0,0.0,0.0,0.0,0.0,0,0.0
2024,7,WLW,WR,Nico Collins,HOU,@GB,17,0.0,0.0,0.0,0.0,0.0,0.0,0.0,0.0,0.0,0.0,0.0,0.0,0.0,0.0,0.0,-,0.0
2024,7,WLW,RB,Rico Dowdle,DAL,BYE,---,0.0,0.0,0.0,0.0,0.0,0.0,0.0,0.0,0.0,0.0,0.0,0.0,0.0,0.0,0.0,-,0.0
2024,7,WLW,DST,Broncos,DEN,@NO,28,,,,,,,,,,,,,,,,21,21.0
2024,8,AFL,QB,Jayden Daniels,WAS,CHI,2,21.0,38.0,326.0,1.0,0.0,8.0,52.0,0.0,2.0,0.0,0.0,0.0,0.0,0.0,0.0,24.24,24.24
2024,8,AFL,QB,Kyler Murray,ARI,@MIA,1,26.0,36.0,307.0,2.0,0.0,5.0,19.0,0.0,1.0,0.0,0.0,0.0,0.0,0.0,0.0,23.18,23.18
2024,8,AFL,RB,D'Andre Swift,CHI,@WAS,20,0.0,0.0,0.0,0.0,0.0,18.0,129.0,1.0,4.0,0.0,0.0,0.0,0.0,0.0,0.0,22.9,22.9
2024,8,AFL,RB,Jahmyr Gibbs,DET,TEN,16,0.0,0.0,0.0,0.0,0.0,11.0,127.0,1.0,3.0,1.0,1.0,6.0,0.0,0.0,0.0,22.3,22.3
2024,8,AFL,TE,Travis Kelce,KC,@LV,19,0.0,0.0,0.0,0.0,0.0,0.0,0.0,0.0,0.0,12.0,10.0,90.0,1.0,5.0,0.0,20,20.0
2024,8,AFL,WR,Zay Flowers,BAL,@CLE,28,0.0,0.0,0.0,0.0,0.0,0.0,0.0,0.0,0.0,12.0,7.0,115.0,0.0,5.0,0.0,16.5,16.5
2024,8,AFL,WR,Chris Olave,NO,@LAC,1,0.0,0.0,0.0,0.0,0.0,0.0,0.0,0.0,0.0,14.0,8.0,107.0,0.0,5.0,0.0,15.7,15.7
2024,8,AFL,QB,Russell Wilson,PIT,NYG,24,20.0,28.0,278.0,1.0,0.0,3.0,7.0,0.0,0.0,0.0,0.0,0.0,0.0,0.0,1.0,13.82,13.82
2024,8,AFL,WR,AJ Brown,PHI,@CIN,14,0.0,0.0,0.0,0.0,0.0,0.0,0.0,0.0,0.0,6.0,5.0,84.0,0.0,3.0,0.0,11.4,11.4
2024,8,AFL,TE,Brock Bowers,LV,KC,30,0.0,0.0,0.0,0.0,0.0,0.0,0.0,0.0,0.0,5.0,5.0,58.0,0.0,3.0,0.0,8.8,8.8
2024,8,AFL,QB,Spencer Rattler,NO,@LAC,7,12.0,24.0,156.0,0.0,0.0,0.0,0.0,0.0,0.0,0.0,0.0,0.0,0.0,0.0,0.0,6.24,6.24
2024,8,AFL,RB,D'Ernest Johnson,JAC,GB,15,0.0,0.0,0.0,0.0,0.0,1.0,3.0,0.0,0.0,2.0,1.0,20.0,0.0,1.0,0.0,3.3,3.3
2024,8,AFL,RB,Trey Sermon,IND,@HOU,5,0.0,0.0,0.0,0.0,0.0,0.0,0.0,0.0,0.0,1.0,1.0,14.0,0.0,1.0,0.0,2.4,2.4
2024,8,AFL,WR,Adonai Mitchell,IND,@HOU,24,0.0,0.0,0.0,0.0,0.0,0.0,0.0,0.0,0.0,4.0,1.0,9.0,0.0,0.0,0.0,0.9,0.9
2024,8,AFL,WR,Tee Higgins,CIN,PHI,21,0.0,0.0,0.0,0.0,0.0,0.0,0.0,0.0,0.0,0.0,0.0,0.0,0.0,0.0,0.0,-,0.0
2024,8,AFL,WR,Allen Lazard,NYJ,@NE,19,0.0,0.0,0.0,0.0,0.0,0.0,0.0,0.0,0.0,0.0,0.0,0.0,0.0,0.0,0.0,-,0.0
2024,8,AFL,DST,Chiefs,KC,@LV,31,9.0,9.0,,,,,,,,,,,,,,,
2024,8,AFL,DST,Cowboys,DAL,@SF,17,,,,,,,,,,,,,,,,2,2.0
2024,8,CC,RB,James Cook,BUF,@SEA,28,0.0,0.0,0.0,0.0,0.0,17.0,111.0,2.0,8.0,3.0,3.0,22.0,0.0,2.0,0.0,35.3,35.3
2024,8,CC,QB,Brock Purdy,SF,DAL,28,18.0,26.0,260.0,1.0,0.0,8.0,56.0,1.0,5.0,0.0,0.0,0.0,0.0,0.0,0.0,31,31.0
2024,8,CC,TE,Trey McBride,ARI,@MIA,5,0.0,0.0,0.0,0.0,0.0,0.0,0.0,0.0,0.0,11.0,9.0,124.0,0.0,6.0,0.0,18.4,18.4
2024,8,CC,RB,David Montgomery,DET,TEN,16,1.0,1.0,3.0,1.0,0.0,9.0,33.0,1.0,2.0,1.0,1.0,5.0,0.0,1.0,0.0,16.92,16.92
2024,8,CC,WR,Brian Thomas,JAC,GB,16,0.0,0.0,0.0,0.0,0.0,0.0,0.0,0.0,0.0,4.0,3.0,60.0,1.0,3.0,0.0,15,15.0
2024,8,CC,QB,Drake Maye,NE,NYJ,9,3.0,6.0,23.0,0.0,0.0,3.0,46.0,1.0,3.0,0.0,0.0,0.0,0.0,0.0,0.0,14.52,14.52
2024,8,CC,TE,Zach Ertz,WAS,CHI,15,0.0,0.0,0.0,0.0,0.0,0.0,0.0,0.0,0.0,11.0,7.0,77.0,0.0,6.0,0.0,13.7,13.7
2024,8,CC,WR,Deebo Samuel,SF,DAL,13,0.0,0.0,0.0,0.0,0.0,4.0,15.0,0.0,0.0,7.0,4.0,71.0,0.0,2.0,0.0,10.6,10.6
2024,8,CC,WR,George Pickens,PIT,NYG,12,0.0,0.0,0.0,0.0,0.0,0.0,0.0,0.0,0.0,5.0,4.0,74.0,0.0,3.0,0.0,10.4,10.4
2024,8,CC,WR,Ricky Pearsall,SF,DAL,13,0.0,0.0,0.0,0.0,0.0,1.0,39.0,0.0,1.0,4.0,4.0,38.0,0.0,1.0,0.0,9.7,9.7
2024,8,CC,WR,Amon-Ra St Brown,DET,TEN,4,0.0,0.0,0.0,0.0,0.0,0.0,0.0,0.0,0.0,2.0,2.0,7.0,1.0,1.0,0.0,7.7,7.7
2024,8,CC,QB,Daniel Jones,NYG,@PIT,3,24.0,38.0,264.0,0.0,1.0,3.0,1.0,0.0,1.0,0.0,0.0,0.0,0.0,0.0,1.0,7.66,7.66
2024,8,CC,WR,Javon Baker,NE,NYJ,3,0.0,0.0,0.0,0.0,0.0,0.0,0.0,0.0,0.0,0.0,0.0,0.0,0.0,0.0,0.0,0,0.0
2024,8,CC,RB,Antonio Gibson Dead Cap,NE,0,0,0.0,0.0,0.0,0.0,0.0,0.0,0.0,0.0,0.0,0.0,0.0,0.0,0.0,0.0,0.0,-,0.0
2024,8,CC,WR,Malachi Corley,NYJ,@NE,19,0.0,0.0,0.0,0.0,0.0,0.0,0.0,0.0,0.0,0.0,0.0,0.0,0.0,0.0,0.0,0,0.0
2024,8,CC,RB,Jonathon Brooks,CAR,@DEN,8,0.0,0.0,0.0,0.0,0.0,0.0,0.0,0.0,0.0,0.0,0.0,0.0,0.0,0.0,0.0,-,0.0
2024,8,CC,WR,DK Metcalf,SEA,BUF,6,0.0,0.0,0.0,0.0,0.0,0.0,0.0,0.0,0.0,0.0,0.0,0.0,0.0,0.0,0.0,-,0.0
2024,8,CC,WR,Ja'Lynn Polk,NE,NYJ,3,0.0,0.0,0.0,0.0,0.0,0.0,0.0,0.0,0.0,0.0,0.0,0.0,0.0,0.0,0.0,-,0.0
2024,8,CC,WR,Quentin Johnston,LAC,NO,22,0.0,0.0,0.0,0.0,0.0,0.0,0.0,0.0,0.0,0.0,0.0,0.0,0.0,0.0,0.0,-,0.0
2024,8,CC,DST,Browns,CLE,BAL,3,,,,,,,,,,,,,,,,5,5.0
2024,8,CRB,QB,Jalen Hurts,PHI,@CIN,30,16.0,20.0,236.0,1.0,0.0,10.0,37.0,3.0,7.0,0.0,0.0,0.0,0.0,0.0,0.0,42.14,42.14
2024,8,CRB,QB,Bo Nix,DEN,CAR,27,28.0,37.0,284.0,3.0,0.0,5.0,4.0,1.0,2.0,0.0,0.0,0.0,0.0,0.0,0.0,31.76,31.76
2024,8,CRB,RB,Josh Jacobs,GB,@JAC,23,0.0,0.0,0.0,0.0,0.0,25.0,127.0,2.0,5.0,2.0,1.0,-2.0,0.0,0.0,0.0,29.7,29.7
2024,8,CRB,RB,De'Von Achane,MIA,ARI,29,0.0,0.0,0.0,0.0,0.0,10.0,97.0,0.0,2.0,8.0,6.0,50.0,1.0,3.0,0.0,25.7,25.7
2024,8,CRB,RB,Jonathan Taylor,IND,@HOU,5,0.0,0.0,0.0,0.0,0.0,20.0,105.0,1.0,6.0,1.0,1.0,12.0,0.0,1.0,0.0,24.7,24.7
2024,8,CRB,WR,DeVonta Smith,PHI,@CIN,14,0.0,0.0,0.0,0.0,0.0,0.0,0.0,0.0,0.0,7.0,6.0,85.0,1.0,4.0,0.0,18.5,18.5
2024,8,CRB,WR,Courtland Sutton,DEN,CAR,20,1.0,1.0,28.0,0.0,0.0,0.0,0.0,0.0,0.0,11.0,8.0,100.0,0.0,4.0,1.0,13.12,13.12
2024,8,CRB,WR,Romeo Doubs,GB,@JAC,29,0.0,0.0,0.0,0.0,0.0,0.0,0.0,0.0,0.0,6.0,3.0,72.0,0.0,3.0,0.0,10.2,10.2
2024,8,CRB,WR,Davante Adams,NYJ,@NE,19,0.0,0.0,0.0,0.0,0.0,0.0,0.0,0.0,0.0,6.0,4.0,54.0,0.0,3.0,0.0,8.4,8.4
2024,8,CRB,WR,Jalen McMillan,TB,ATL,23,0.0,0.0,0.0,0.0,0.0,1.0,17.0,0.0,1.0,7.0,4.0,35.0,0.0,2.0,0.0,8.2,8.2
2024,8,CRB,TE,Isaiah Likely,BAL,@CLE,6,0.0,0.0,0.0,0.0,0.0,0.0,0.0,0.0,0.0,4.0,4.0,47.0,0.0,2.0,0.0,6.7,6.7
2024,8,CRB,WR,Keenan Allen,CHI,@WAS,26,0.0,0.0,0.0,0.0,0.0,0.0,0.0,0.0,0.0,7.0,2.0,39.0,0.0,2.0,0.0,5.9,5.9
2024,8,CRB,RB,Antonio Gibson,NE,NYJ,13,0.0,0.0,0.0,0.0,0.0,5.0,7.0,0.0,1.0,0.0,0.0,0.0,0.0,0.0,0.0,1.7,1.7
2024,8,CRB,WR,Luke McCaffrey,WAS,CHI,9,0.0,0.0,0.0,0.0,0.0,0.0,0.0,0.0,0.0,2.0,1.0,8.0,0.0,0.0,0.0,0.8,0.8
2024,8,CRB,RB,Zamir White,LV,KC,1,0.0,0.0,0.0,0.0,0.0,2.0,-1.0,0.0,0.0,0.0,0.0,0.0,0.0,0.0,0.0,0,0.0
2024,8,CRB,WR,Mike Williams,NYJ,@NE,19,0.0,0.0,0.0,0.0,0.0,0.0,0.0,0.0,0.0,0.0,0.0,0.0,0.0,0.0,0.0,0,0.0
2024,8,CRB,TE,Ben Sinnott,WAS,CHI,15,0.0,0.0,0.0,0.0,0.0,0.0,0.0,0.0,0.0,0.0,0.0,0.0,0.0,0.0,0.0,0,0.0
2024,8,CRB,DST,Texans,HOU,IND,10,11.0,11.0,,,,,,,,,,,,,,,
2024,8,CRB,DST,Commanders,WAS,CHI,16,,,,,,,,,,,,,,,,6,6.0
2024,8,ELP,QB,Kirk Cousins,ATL,@TB,32,23.0,29.0,276.0,4.0,0.0,3.0,16.0,0.0,1.0,0.0,0.0,0.0,0.0,0.0,0.0,29.64,29.64
2024,8,ELP,RB,Tyrone Tracy,NYG,@PIT,11,0.0,0.0,0.0,0.0,0.0,20.0,145.0,1.0,5.0,3.0,2.0,5.0,0.0,0.0,0.0,26,26.0
2024,8,ELP,QB,Josh Allen,BUF,@SEA,18,24.0,34.0,283.0,2.0,1.0,7.0,25.0,0.0,3.0,0.0,0.0,0.0,0.0,0.0,0.0,22.82,22.82
2024,8,ELP,WR,Khalil Shakir,BUF,@SEA,10,0.0,0.0,0.0,0.0,0.0,1.0,2.0,0.0,0.0,10.0,9.0,107.0,0.0,2.0,0.0,12.9,12.9
2024,8,ELP,TE,Mark Andrews,BAL,@CLE,6,0.0,0.0,0.0,0.0,0.0,0.0,0.0,0.0,0.0,5.0,5.0,36.0,1.0,2.0,0.0,11.6,11.6
2024,8,ELP,WR,Xavier Legette,CAR,@DEN,2,0.0,0.0,0.0,0.0,0.0,1.0,0.0,0.0,0.0,7.0,4.0,34.0,1.0,2.0,0.0,11.4,11.4
2024,8,ELP,WR,Tyreek Hill,MIA,ARI,27,0.0,0.0,0.0,0.0,0.0,0.0,0.0,0.0,0.0,9.0,6.0,72.0,0.0,3.0,0.0,10.2,10.2
2024,8,ELP,TE,Dalton Schultz,HOU,IND,27,0.0,0.0,0.0,0.0,0.0,0.0,0.0,0.0,0.0,6.0,4.0,52.0,0.0,3.0,0.0,8.2,8.2
2024,8,ELP,RB,Nick Chubb,CLE,BAL,6,0.0,0.0,0.0,0.0,0.0,16.0,52.0,0.0,2.0,2.0,0.0,0.0,0.0,0.0,0.0,7.2,7.2
2024,8,ELP,WR,Jayden Reed,GB,@JAC,29,0.0,0.0,0.0,0.0,0.0,1.0,0.0,0.0,0.0,3.0,2.0,55.0,0.0,1.0,0.0,6.5,6.5
2024,8,ELP,RB,Kenneth Walker,SEA,BUF,25,0.0,0.0,0.0,0.0,0.0,9.0,12.0,0.0,0.0,5.0,4.0,33.0,0.0,2.0,0.0,6.5,6.5
2024,8,ELP,WR,DeAndre Hopkins,KC,@LV,8,0.0,0.0,0.0,0.0,0.0,0.0,0.0,0.0,0.0,3.0,2.0,29.0,0.0,2.0,0.0,4.9,4.9
2024,8,ELP,RB,Sean Tucker,TB,ATL,10,0.0,0.0,0.0,0.0,0.0,2.0,3.0,0.0,0.0,1.0,1.0,12.0,0.0,1.0,0.0,2.5,2.5
2024,8,ELP,WR,Jalen Nailor,MIN,@LAR,15,0.0,0.0,0.0,0.0,0.0,0.0,0.0,0.0,0.0,4.0,2.0,16.0,0.0,0.0,0.0,1.6,1.6
2024,8,ELP,WR,Demario Douglas,NE,NYJ,3,0.0,0.0,0.0,0.0,0.0,0.0,0.0,0.0,0.0,3.0,2.0,12.0,0.0,0.0,0.0,1.2,1.2
2024,8,ELP,RB,Audric Estime,DEN,CAR,32,0.0,0.0,0.0,0.0,0.0,1.0,4.0,0.0,0.0,0.0,0.0,0.0,0.0,0.0,0.0,0.4,0.4
2024,8,ELP,WR,Adam Thielen,CAR,@DEN,2,0.0,0.0,0.0,0.0,0.0,0.0,0.0,0.0,0.0,0.0,0.0,0.0,0.0,0.0,0.0,-,0.0
2024,8,ELP,WR,Jameson Williams,DET,TEN,4,0.0,0.0,0.0,0.0,0.0,0.0,0.0,0.0,0.0,0.0,0.0,0.0,0.0,0.0,0.0,-,0.0
2024,8,ELP,WR,Tim Patrick,DET,TEN,4,0.0,0.0,0.0,0.0,0.0,0.0,0.0,0.0,0.0,1.0,0.0,0.0,0.0,0.0,0.0,0,0.0
2024,8,ELP,DST,49ers,SF,DAL,25,,,,,,,,,,,,,,,,9,9.0
2024,8,FRR,RB,Rhamondre Stevenson,NE,NYJ,13,0.0,0.0,0.0,0.0,0.0,20.0,48.0,2.0,5.0,3.0,3.0,17.0,0.0,0.0,0.0,25.5,25.5
2024,8,FRR,QB,Patrick Mahomes,KC,@LV,19,27.0,38.0,262.0,2.0,1.0,6.0,17.0,0.0,2.0,0.0,0.0,0.0,0.0,0.0,0.0,20.18,20.18
2024,8,FRR,QB,Sam Darnold,MIN,@LAR,16,18.0,25.0,240.0,2.0,0.0,3.0,6.0,0.0,1.0,0.0,0.0,0.0,0.0,0.0,0.0,19.2,19.2
2024,8,FRR,WR,Calvin Ridley,TEN,@DET,30,0.0,0.0,0.0,0.0,0.0,1.0,3.0,0.0,0.0,15.0,10.0,143.0,0.0,6.0,1.0,18.6,18.6
2024,8,FRR,WR,Terry McLaurin,WAS,CHI,9,0.0,0.0,0.0,0.0,0.0,0.0,0.0,0.0,0.0,8.0,5.0,125.0,0.0,5.0,0.0,17.5,17.5
2024,8,FRR,WR,Ja'Marr Chase,CIN,PHI,21,0.0,0.0,0.0,0.0,0.0,0.0,0.0,0.0,0.0,11.0,9.0,54.0,1.0,5.0,0.0,16.4,16.4
2024,8,FRR,TE,Dalton Kincaid,BUF,@SEA,24,0.0,0.0,0.0,0.0,0.0,0.0,0.0,0.0,0.0,7.0,4.0,31.0,1.0,3.0,0.0,12.1,12.1
2024,8,FRR,RB,Brian Robinson,WAS,CHI,12,0.0,0.0,0.0,0.0,0.0,16.0,65.0,0.0,3.0,1.0,1.0,11.0,0.0,1.0,0.0,11.6,11.6
2024,8,FRR,WR,Tank Dell,HOU,IND,17,0.0,0.0,0.0,0.0,0.0,0.0,0.0,0.0,0.0,4.0,4.0,35.0,1.0,2.0,0.0,11.5,11.5
2024,8,FRR,TE,Hunter Henry,NE,NYJ,8,0.0,0.0,0.0,0.0,0.0,0.0,0.0,0.0,0.0,6.0,5.0,45.0,0.0,3.0,0.0,7.5,7.5
2024,8,FRR,WR,Drake London,ATL,@TB,25,0.0,0.0,0.0,0.0,0.0,0.0,0.0,0.0,0.0,6.0,4.0,34.0,0.0,1.0,0.0,4.4,4.4
2024,8,FRR,TE,Taysom Hill,NO,@LAC,14,1.0,1.0,3.0,0.0,0.0,4.0,20.0,0.0,0.0,4.0,2.0,21.0,0.0,0.0,0.0,4.22,4.22
2024,8,FRR,RB,Blake Corum,LAR,MIN,4,0.0,0.0,0.0,0.0,0.0,4.0,9.0,0.0,0.0,1.0,1.0,9.0,0.0,1.0,0.0,2.8,2.8
2024,8,FRR,RB,Jordan Mason,SF,DAL,31,0.0,0.0,0.0,0.0,0.0,6.0,18.0,0.0,0.0,0.0,0.0,0.0,0.0,0.0,0.0,1.8,1.8
2024,8,FRR,QB,Andy Dalton,CAR,@DEN,4,0.0,0.0,0.0,0.0,0.0,0.0,0.0,0.0,0.0,0.0,0.0,0.0,0.0,0.0,0.0,-,0.0
2024,8,FRR,WR,Roman Wilson,PIT,NYG,12,0.0,0.0,0.0,0.0,0.0,0.0,0.0,0.0,0.0,0.0,0.0,0.0,0.0,0.0,0.0,-,0.0
2024,8,FRR,WR,Brandon Aiyuk,SF,DAL,13,0.0,0.0,0.0,0.0,0.0,0.0,0.0,0.0,0.0,0.0,0.0,0.0,0.0,0.0,0.0,-,0.0
2024,8,FRR,QB,Will Levis,TEN,@DET,17,0.0,0.0,0.0,0.0,0.0,0.0,0.0,0.0,0.0,0.0,0.0,0.0,0.0,0.0,0.0,-,0.0
2024,8,FRR,RB,Isiah Pacheco,KC,@LV,21,0.0,0.0,0.0,0.0,0.0,0.0,0.0,0.0,0.0,0.0,0.0,0.0,0.0,0.0,0.0,-,0.0
2024,8,FRR,TE,TJ Hockenson,MIN,@LAR,31,0.0,0.0,0.0,0.0,0.0,0.0,0.0,0.0,0.0,0.0,0.0,0.0,0.0,0.0,0.0,-,0.0
2024,8,FRR,DST,Steelers,PIT,NYG,29,,,,,,,,,,,,,,,,16,16.0
2024,8,GF,QB,Trevor Lawrence,JAC,GB,9,21.0,32.0,308.0,2.0,1.0,4.0,10.0,1.0,2.0,0.0,0.0,0.0,0.0,0.0,1.0,25.32,25.32
2024,8,GF,RB,JK Dobbins,LAC,NO,27,0.0,0.0,0.0,0.0,0.0,17.0,57.0,1.0,5.0,7.0,4.0,11.0,0.0,1.0,0.0,18.8,18.8
2024,8,GF,WR,Demarcus Robinson,LAR,MIN,32,0.0,0.0,0.0,0.0,0.0,0.0,0.0,0.0,0.0,3.0,2.0,35.0,2.0,2.0,0.0,17.5,17.5
2024,8,GF,RB,Aaron Jones,MIN,@LAR,24,0.0,0.0,0.0,0.0,0.0,19.0,58.0,0.0,2.0,2.0,2.0,37.0,0.0,2.0,0.0,13.5,13.5
2024,8,GF,WR,Jaxon Smith-Njigba,SEA,BUF,6,0.0,0.0,0.0,0.0,0.0,0.0,0.0,0.0,0.0,7.0,6.0,69.0,0.0,5.0,0.0,11.9,11.9
2024,8,GF,RB,Ezekiel Elliott,DAL,@SF,14,0.0,0.0,0.0,0.0,0.0,10.0,34.0,1.0,2.0,1.0,1.0,4.0,0.0,0.0,0.0,11.8,11.8
2024,8,GF,WR,Christian Watson,GB,@JAC,29,0.0,0.0,0.0,0.0,0.0,0.0,0.0,0.0,0.0,6.0,4.0,39.0,0.0,3.0,0.0,6.9,6.9
2024,8,GF,QB,Jordan Love,GB,@JAC,31,14.0,22.0,196.0,0.0,1.0,1.0,-1.0,0.0,0.0,0.0,0.0,0.0,0.0,0.0,0.0,5.84,5.84
2024,8,GF,TE,Jake Ferguson,DAL,@SF,11,0.0,0.0,0.0,0.0,0.0,0.0,0.0,0.0,0.0,8.0,6.0,23.0,0.0,1.0,0.0,3.3,3.3
2024,8,GF,WR,Michael Pittman,IND,@HOU,24,0.0,0.0,0.0,0.0,0.0,0.0,0.0,0.0,0.0,6.0,1.0,16.0,0.0,1.0,0.0,2.6,2.6
2024,8,GF,WR,Dontayvion Wicks,GB,@JAC,29,0.0,0.0,0.0,0.0,0.0,0.0,0.0,0.0,0.0,2.0,2.0,11.0,0.0,1.0,0.0,2.1,2.1
2024,8,GF,WR,Marquise Brown,KC,@LV,8,0.0,0.0,0.0,0.0,0.0,0.0,0.0,0.0,0.0,0.0,0.0,0.0,0.0,0.0,0.0,-,0.0
2024,8,GF,WR,Brandin Cooks,DAL,@SF,18,0.0,0.0,0.0,0.0,0.0,0.0,0.0,0.0,0.0,0.0,0.0,0.0,0.0,0.0,0.0,-,0.0
2024,8,GF,QB,JJ McCarthy,MIN,@LAR,16,0.0,0.0,0.0,0.0,0.0,0.0,0.0,0.0,0.0,0.0,0.0,0.0,0.0,0.0,0.0,-,0.0
2024,8,GF,RB,MarShawn Lloyd,GB,@JAC,23,0.0,0.0,0.0,0.0,0.0,0.0,0.0,0.0,0.0,0.0,0.0,0.0,0.0,0.0,0.0,-,0.0
2024,8,GF,QB,Michael Penix,ATL,@TB,32,0.0,0.0,0.0,0.0,0.0,0.0,0.0,0.0,0.0,0.0,0.0,0.0,0.0,0.0,0.0,-,0.0
2024,8,GF,RB,Gus Edwards,LAC,NO,27,0.0,0.0,0.0,0.0,0.0,0.0,0.0,0.0,0.0,0.0,0.0,0.0,0.0,0.0,0.0,-,0.0
2024,8,GF,TE,Luke Musgrave,GB,@JAC,28,0.0,0.0,0.0,0.0,0.0,0.0,0.0,0.0,0.0,0.0,0.0,0.0,0.0,0.0,0.0,-,0.0
2024,8,GF,DST,Packers,GB,@JAC,11,,,,,,,,,,,,,,,,6,6.0
2024,8,MAM,WR,Josh Downs,IND,@HOU,24,0.0,0.0,0.0,0.0,0.0,0.0,13.0,0.0,1.0,9.0,4.0,109.0,1.0,3.0,0.0,22.2,22.2
2024,8,MAM,RB,James Conner,ARI,@MIA,26,0.0,0.0,0.0,0.0,0.0,20.0,53.0,1.0,4.0,3.0,2.0,16.0,0.0,1.0,0.0,17.9,17.9
2024,8,MAM,TE,Tucker Kraft,GB,@JAC,28,0.0,0.0,0.0,0.0,0.0,0.0,0.0,0.0,0.0,3.0,3.0,78.0,1.0,3.0,0.0,16.8,16.8
2024,8,MAM,RB,Alvin Kamara,NO,@LAC,2,0.0,0.0,0.0,0.0,0.0,10.0,67.0,0.0,3.0,11.0,6.0,55.0,0.0,1.0,0.0,16.2,16.2
2024,8,MAM,RB,Saquon Barkley,PHI,@CIN,17,0.0,0.0,0.0,0.0,0.0,22.0,108.0,0.0,5.0,1.0,1.0,3.0,0.0,0.0,0.0,16.1,16.1
2024,8,MAM,QB,Tua Tagovailoa,MIA,ARI,26,28.0,38.0,234.0,1.0,0.0,3.0,13.0,0.0,1.0,0.0,0.0,0.0,0.0,0.0,0.0,15.66,15.66
2024,8,MAM,WR,Garrett Wilson,NYJ,@NE,19,0.0,0.0,0.0,0.0,0.0,0.0,0.0,0.0,0.0,8.0,5.0,113.0,0.0,4.0,0.0,15.3,15.3
2024,8,MAM,WR,Noah Brown,WAS,CHI,9,0.0,0.0,0.0,0.0,0.0,0.0,0.0,0.0,0.0,6.0,3.0,73.0,1.0,2.0,0.0,15.3,15.3
2024,8,MAM,TE,David Njoku,CLE,BAL,26,0.0,0.0,0.0,0.0,0.0,0.0,0.0,0.0,0.0,7.0,5.0,61.0,1.0,2.0,0.0,14.1,14.1
2024,8,MAM,WR,Jerry Jeudy,CLE,BAL,31,0.0,0.0,0.0,0.0,0.0,0.0,0.0,0.0,0.0,8.0,5.0,79.0,0.0,4.0,0.0,11.9,11.9
2024,8,MAM,QB,Caleb Williams,CHI,@WAS,11,10.0,24.0,131.0,0.0,0.0,10.0,41.0,0.0,2.0,0.0,0.0,0.0,0.0,0.0,1.0,11.34,11.34
2024,8,MAM,WR,Michael Wilson,ARI,@MIA,5,0.0,0.0,0.0,0.0,0.0,0.0,0.0,0.0,0.0,6.0,5.0,31.0,1.0,1.0,0.0,10.1,10.1
2024,8,MAM,QB,Geno Smith,SEA,BUF,5,21.0,29.0,212.0,0.0,1.0,5.0,16.0,0.0,1.0,0.0,0.0,0.0,0.0,0.0,0.0,9.08,9.08
2024,8,MAM,RB,Jaylen Warren,PIT,NYG,18,0.0,0.0,0.0,0.0,0.0,9.0,46.0,0.0,2.0,3.0,2.0,13.0,0.0,0.0,0.0,7.9,7.9
2024,8,MAM,RB,Roschon Johnson,CHI,@WAS,20,0.0,0.0,0.0,0.0,0.0,2.0,6.0,1.0,1.0,0.0,0.0,0.0,0.0,0.0,0.0,7.6,7.6
2024,8,MAM,WR,DJ Moore,CHI,@WAS,26,0.0,0.0,0.0,0.0,0.0,2.0,7.0,0.0,0.0,4.0,2.0,27.0,0.0,1.0,0.0,4.4,4.4
2024,8,MAM,WR,Wan'Dale Robinson,NYG,@PIT,11,0.0,0.0,0.0,0.0,0.0,0.0,0.0,0.0,0.0,5.0,5.0,30.0,0.0,1.0,0.0,4,4.0
2024,8,MAM,RB,Kendre Miller,NO,@LAC,2,0.0,0.0,0.0,0.0,0.0,3.0,16.0,0.0,1.0,0.0,0.0,0.0,0.0,0.0,0.0,2.6,2.6
2024,8,MAM,WR,Rashee Rice,KC,@LV,8,0.0,0.0,0.0,0.0,0.0,0.0,0.0,0.0,0.0,0.0,0.0,0.0,0.0,0.0,0.0,-,0.0
2024,8,MAM,WR,Rashid Shaheed,NO,@LAC,1,0.0,0.0,0.0,0.0,0.0,0.0,0.0,0.0,0.0,0.0,0.0,0.0,0.0,0.0,0.0,-,0.0
2024,8,MAM,DST,Ravens,BAL,@CLE,28,,,,,,,,,,,,,,,,3,3.0
2024,8,MCM,TE,Cade Otton,TB,ATL,23,0.0,0.0,0.0,0.0,0.0,0.0,0.0,0.0,0.0,10.0,9.0,81.0,2.0,5.0,0.0,25.1,25.1
2024,8,MCM,QB,Justin Herbert,LAC,NO,12,20.0,32.0,279.0,2.0,0.0,4.0,49.0,0.0,1.0,0.0,0.0,0.0,0.0,0.0,0.0,25.06,25.06
2024,8,MCM,RB,Joe Mixon,HOU,IND,22,0.0,0.0,0.0,0.0,0.0,25.0,102.0,1.0,4.0,6.0,4.0,32.0,0.0,1.0,0.0,24.4,24.4
2024,8,MCM,WR,Puka Nacua,LAR,MIN,32,0.0,0.0,0.0,0.0,0.0,2.0,5.0,0.0,0.0,9.0,7.0,106.0,0.0,6.0,0.0,17.1,17.1
2024,8,MCM,WR,Christian Kirk,JAC,GB,16,0.0,0.0,0.0,0.0,0.0,0.0,0.0,0.0,0.0,5.0,2.0,59.0,0.0,2.0,0.0,7.9,7.9
2024,8,MCM,RB,Zack Moss,CIN,PHI,9,0.0,0.0,0.0,0.0,0.0,5.0,11.0,0.0,0.0,4.0,4.0,28.0,0.0,2.0,0.0,5.9,5.9
2024,8,MCM,WR,Tre Tucker,LV,KC,7,0.0,0.0,0.0,0.0,0.0,1.0,7.0,0.0,0.0,3.0,2.0,26.0,0.0,2.0,0.0,5.3,5.3
2024,8,MCM,RB,Ray Davis,BUF,@SEA,28,0.0,0.0,0.0,0.0,0.0,6.0,29.0,0.0,2.0,0.0,0.0,0.0,0.0,0.0,0.0,4.9,4.9
2024,8,MCM,WR,Jordan Addison,MIN,@LAR,15,0.0,0.0,0.0,0.0,0.0,0.0,0.0,0.0,0.0,3.0,2.0,22.0,0.0,2.0,0.0,4.2,4.2
2024,8,MCM,RB,Jaylen Wright,MIA,ARI,29,0.0,0.0,0.0,0.0,0.0,2.0,18.0,0.0,0.0,0.0,0.0,0.0,0.0,0.0,0.0,1.8,1.8
2024,8,MCM,RB,Kimani Vidal,LAC,NO,27,0.0,0.0,0.0,0.0,0.0,6.0,16.0,0.0,0.0,0.0,0.0,0.0,0.0,0.0,0.0,1.6,1.6
2024,8,MCM,WR,Andrei Iosivas,CIN,PHI,21,0.0,0.0,0.0,0.0,0.0,0.0,0.0,0.0,0.0,3.0,0.0,0.0,0.0,0.0,0.0,0,0.0
2024,8,MCM,WR,Jauan Jennings,SF,DAL,13,0.0,0.0,0.0,0.0,0.0,0.0,0.0,0.0,0.0,0.0,0.0,0.0,0.0,0.0,0.0,-,0.0
2024,8,MCM,RB,Jeremy McNichols,WAS,CHI,12,0.0,0.0,0.0,0.0,0.0,1.0,-1.0,0.0,0.0,0.0,0.0,0.0,0.0,0.0,0.0,0,0.0
2024,8,MCM,QB,Marcus Mariota,WAS,CHI,2,0.0,0.0,0.0,0.0,0.0,0.0,0.0,0.0,0.0,0.0,0.0,0.0,0.0,0.0,0.0,-,0.0
2024,8,MCM,QB,Derek Carr,NO,@LAC,7,0.0,0.0,0.0,0.0,0.0,0.0,0.0,0.0,0.0,0.0,0.0,0.0,0.0,0.0,0.0,-,0.0
2024,8,MCM,RB,Travis Etienne,JAC,GB,15,0.0,0.0,0.0,0.0,0.0,0.0,0.0,0.0,0.0,0.0,0.0,0.0,0.0,0.0,0.0,-,0.0
2024,8,MCM,RB,Christian McCaffrey,SF,DAL,31,0.0,0.0,0.0,0.0,0.0,0.0,0.0,0.0,0.0,0.0,0.0,0.0,0.0,0.0,0.0,-,0.0
2024,8,MCM,DST,Vikings,MIN,@LAR,20,,,,,,,,,,,,,,,,2,2.0
2024,8,MWM,QB,Matthew Stafford,LAR,MIN,15,25.0,34.0,279.0,4.0,1.0,3.0,-4.0,0.0,0.0,0.0,0.0,0.0,0.0,0.0,0.0,25.16,25.16
2024,8,MWM,TE,George Kittle,SF,DAL,21,0.0,0.0,0.0,0.0,0.0,0.0,0.0,0.0,0.0,7.0,6.0,128.0,1.0,5.0,0.0,23.8,23.8
2024,8,MWM,RB,Tony Pollard,TEN,@DET,3,0.0,0.0,0.0,0.0,0.0,20.0,94.0,0.0,5.0,4.0,3.0,23.0,0.0,2.0,0.0,18.7,18.7
2024,8,MWM,WR,Darnell Mooney,ATL,@TB,25,0.0,0.0,0.0,0.0,0.0,0.0,0.0,0.0,0.0,6.0,4.0,86.0,1.0,4.0,0.0,18.6,18.6
2024,8,MWM,RB,Najee Harris,PIT,NYG,18,0.0,0.0,0.0,0.0,0.0,19.0,114.0,0.0,4.0,4.0,3.0,17.0,0.0,1.0,0.0,18.1,18.1
2024,8,MWM,QB,Aaron Rodgers,NYJ,@NE,13,17.0,28.0,233.0,2.0,0.0,0.0,0.0,0.0,0.0,0.0,0.0,0.0,0.0,0.0,0.0,17.32,17.32
2024,8,MWM,WR,Jakobi Meyers,LV,KC,7,0.0,0.0,0.0,0.0,0.0,0.0,0.0,0.0,0.0,7.0,6.0,52.0,1.0,4.0,0.0,15.2,15.2
2024,8,MWM,QB,Gardner Minshew,LV,KC,20,24.0,30.0,209.0,2.0,0.0,2.0,6.0,0.0,0.0,0.0,0.0,0.0,0.0,0.0,1.0,14.96,14.96
2024,8,MWM,RB,Rachaad White,TB,ATL,10,0.0,0.0,0.0,0.0,0.0,6.0,29.0,0.0,1.0,6.0,5.0,38.0,1.0,1.0,1.0,12.7,12.7
2024,8,MWM,WR,Stefon Diggs,HOU,IND,17,0.0,0.0,0.0,0.0,0.0,1.0,-4.0,0.0,0.0,9.0,5.0,81.0,0.0,4.0,0.0,12.1,12.1
2024,8,MWM,RB,Tank Bigsby,JAC,GB,15,0.0,0.0,0.0,0.0,0.0,18.0,78.0,0.0,3.0,3.0,2.0,8.0,0.0,0.0,0.0,11.6,11.6
2024,8,MWM,WR,Jaylen Waddle,MIA,ARI,27,0.0,0.0,0.0,0.0,0.0,0.0,0.0,0.0,0.0,6.0,4.0,45.0,0.0,3.0,0.0,7.5,7.5
2024,8,MWM,RB,Austin Ekeler,WAS,CHI,12,0.0,0.0,0.0,0.0,0.0,7.0,52.0,0.0,1.0,3.0,2.0,6.0,0.0,0.0,0.0,6.8,6.8
2024,8,MWM,TE,Cole Kmet,CHI,@WAS,9,0.0,0.0,0.0,0.0,0.0,0.0,0.0,0.0,0.0,1.0,1.0,14.0,0.0,1.0,0.0,4.4,4.4
2024,8,MWM,WR,Tyler Lockett,SEA,BUF,6,0.0,0.0,0.0,0.0,0.0,0.0,0.0,0.0,0.0,3.0,1.0,9.0,0.0,0.0,0.0,0.9,0.9
2024,8,MWM,QB,Hendon Hooker,DET,TEN,14,2.0,3.0,6.0,0.0,0.0,0.0,0.0,0.0,0.0,0.0,0.0,0.0,0.0,0.0,0.0,0.24,0.24
2024,8,MWM,WR,Kendrick Bourne,NE,NYJ,3,0.0,0.0,0.0,0.0,0.0,0.0,0.0,0.0,0.0,3.0,0.0,0.0,0.0,0.0,0.0,0,0.0
2024,8,MWM,WR,Gabe Davis,JAC,GB,16,0.0,0.0,0.0,0.0,0.0,0.0,0.0,0.0,0.0,0.0,0.0,0.0,0.0,0.0,0.0,0,0.0
2024,8,MWM,WR,DJ Chark,LAC,NO,22,0.0,0.0,0.0,0.0,0.0,0.0,0.0,0.0,0.0,0.0,0.0,0.0,0.0,0.0,0.0,-,0.0
2024,8,MWM,DST,Bills,BUF,@SEA,23,,,,,,,,,,,,,,,,11,11.0
2024,8,NN,WR,Justin Jefferson,MIN,@LAR,15,0.0,0.0,0.0,0.0,0.0,0.0,0.0,0.0,0.0,9.0,8.0,115.0,0.0,6.0,0.0,17.5,17.5
2024,8,NN,WR,Keon Coleman,BUF,@SEA,10,0.0,0.0,0.0,0.0,0.0,0.0,0.0,0.0,0.0,7.0,5.0,70.0,1.0,3.0,0.0,16,16.0
2024,8,NN,RB,Derrick Henry,BAL,@CLE,7,0.0,0.0,0.0,0.0,0.0,11.0,73.0,1.0,2.0,1.0,1.0,4.0,0.0,0.0,0.0,15.7,15.7
2024,8,NN,QB,Joe Burrow,CIN,PHI,6,26.0,37.0,234.0,1.0,1.0,3.0,15.0,0.0,1.0,0.0,0.0,0.0,0.0,0.0,0.0,13.86,13.86
2024,8,NN,QB,Dak Prescott,DAL,@SF,10,25.0,38.0,243.0,2.0,2.0,1.0,-1.0,0.0,0.0,0.0,0.0,0.0,0.0,0.0,0.0,13.72,13.72
2024,8,NN,RB,Braelon Allen,NYJ,@NE,30,0.0,0.0,0.0,0.0,0.0,12.0,32.0,1.0,4.0,0.0,0.0,0.0,0.0,0.0,0.0,13.2,13.2
2024,8,NN,WR,Xavier Worthy,KC,@LV,8,0.0,0.0,0.0,0.0,0.0,0.0,0.0,0.0,0.0,8.0,4.0,37.0,1.0,3.0,0.0,12.7,12.7
2024,8,NN,TE,Evan Engram,JAC,GB,22,0.0,0.0,0.0,0.0,0.0,0.0,0.0,0.0,0.0,5.0,4.0,36.0,1.0,2.0,0.0,11.6,11.6
2024,8,NN,WR,Malik Nabers,NYG,@PIT,11,0.0,0.0,0.0,0.0,0.0,0.0,0.0,0.0,0.0,13.0,7.0,71.0,0.0,4.0,0.0,11.1,11.1
2024,8,NN,RB,Breece Hall,NYJ,@NE,30,0.0,0.0,0.0,0.0,0.0,16.0,80.0,0.0,2.0,3.0,1.0,9.0,0.0,0.0,0.0,10.9,10.9
2024,8,NN,RB,Zach Charbonnet,SEA,BUF,25,0.0,0.0,0.0,0.0,0.0,3.0,4.0,1.0,1.0,4.0,3.0,20.0,0.0,1.0,0.0,10.4,10.4
2024,8,NN,RB,Alexander Mattison,LV,KC,1,0.0,0.0,0.0,0.0,0.0,14.0,15.0,0.0,1.0,5.0,5.0,29.0,0.0,1.0,0.0,6.4,6.4
2024,8,NN,RB,Tyler Allgeier,ATL,@TB,19,0.0,0.0,0.0,0.0,0.0,12.0,33.0,0.0,3.0,0.0,0.0,0.0,0.0,0.0,0.0,6.3,6.3
2024,8,NN,RB,Justice Hill,BAL,@CLE,7,0.0,0.0,0.0,0.0,0.0,2.0,5.0,0.0,1.0,1.0,1.0,14.0,0.0,1.0,0.0,3.9,3.9
2024,8,NN,TE,Pat Freiermuth,PIT,NYG,2,0.0,0.0,0.0,0.0,0.0,0.0,0.0,0.0,0.0,2.0,2.0,19.0,0.0,1.0,0.0,2.9,2.9
2024,8,NN,WR,Troy Franklin,DEN,CAR,20,0.0,0.0,0.0,0.0,0.0,1.0,3.0,0.0,0.0,2.0,1.0,6.0,0.0,0.0,0.0,0.9,0.9
2024,8,NN,WR,Amari Cooper,BUF,@SEA,10,0.0,0.0,0.0,0.0,0.0,0.0,0.0,0.0,0.0,2.0,1.0,3.0,0.0,0.0,0.0,0.3,0.3
2024,8,NN,RB,Ty Chandler,MIN,@LAR,24,0.0,0.0,0.0,0.0,0.0,0.0,0.0,0.0,0.0,0.0,0.0,0.0,0.0,0.0,0.0,0,0.0
2024,8,NN,DST,Jets,NYJ,@NE,24,,,,,,,,,,,,,,,,2,2.0
2024,8,VD,WR,Ladd McConkey,LAC,NO,22,0.0,0.0,0.0,0.0,0.0,0.0,0.0,0.0,0.0,6.0,6.0,111.0,2.0,5.0,0.0,28.1,28.1
2024,8,VD,QB,Jameis Winston,CLE,BAL,29,27.0,41.0,334.0,3.0,0.0,2.0,2.0,0.0,2.0,0.0,0.0,0.0,0.0,0.0,1.0,25.56,25.56
2024,8,VD,QB,Baker Mayfield,TB,ATL,25,37.0,50.0,330.0,3.0,2.0,3.0,11.0,0.0,2.0,0.0,0.0,0.0,0.0,0.0,0.0,24.3,24.3
2024,8,VD,TE,Kyle Pitts,ATL,@TB,29,0.0,0.0,0.0,0.0,0.0,0.0,0.0,0.0,0.0,5.0,4.0,91.0,2.0,3.0,0.0,24.1,24.1
2024,8,VD,WR,Marvin Harrison,ARI,@MIA,5,0.0,0.0,0.0,0.0,0.0,0.0,0.0,0.0,0.0,7.0,6.0,111.0,1.0,5.0,0.0,22.1,22.1
2024,8,VD,RB,Bijan Robinson,ATL,@TB,19,0.0,0.0,0.0,0.0,0.0,13.0,63.0,0.0,3.0,7.0,7.0,43.0,1.0,2.0,0.0,21.6,21.6
2024,8,VD,RB,Kareem Hunt,KC,@LV,21,0.0,0.0,0.0,0.0,0.0,21.0,59.0,1.0,3.0,1.0,1.0,4.0,0.0,1.0,0.0,16.3,16.3
2024,8,VD,QB,Anthony Richardson,IND,@HOU,23,10.0,32.0,175.0,1.0,1.0,6.0,45.0,0.0,3.0,0.0,0.0,0.0,0.0,0.0,1.0,14.5,14.5
2024,8,VD,QB,Bryce Young,CAR,@DEN,4,24.0,37.0,224.0,2.0,2.0,3.0,6.0,0.0,0.0,0.0,0.0,0.0,0.0,0.0,0.0,13.56,13.56
2024,8,VD,RB,Bucky Irving,TB,ATL,10,0.0,0.0,0.0,0.0,0.0,9.0,44.0,0.0,4.0,7.0,7.0,40.0,0.0,1.0,0.0,13.4,13.4
2024,8,VD,WR,Rome Odunze,CHI,@WAS,26,0.0,0.0,0.0,0.0,0.0,2.0,13.0,0.0,1.0,6.0,3.0,41.0,0.0,2.0,0.0,8.4,8.4
2024,8,VD,RB,Javonte Williams,DEN,CAR,32,0.0,0.0,0.0,0.0,0.0,17.0,44.0,0.0,0.0,5.0,4.0,8.0,0.0,1.0,0.0,6.2,6.2
2024,8,VD,RB,Dalvin Cook,DAL,@SF,14,0.0,0.0,0.0,0.0,0.0,6.0,12.0,0.0,0.0,1.0,1.0,10.0,0.0,1.0,0.0,3.2,3.2
2024,8,VD,RB,Trey Benson,ARI,@MIA,26,0.0,0.0,0.0,0.0,0.0,1.0,10.0,0.0,1.0,0.0,0.0,0.0,0.0,0.0,0.0,2,2.0
2024,8,VD,WR,Sterling Shepard,TB,ATL,23,0.0,0.0,0.0,0.0,0.0,0.0,0.0,0.0,0.0,5.0,3.0,18.0,0.0,0.0,0.0,1.8,1.8
2024,8,VD,WR,Chris Godwin,TB,ATL,23,0.0,0.0,0.0,0.0,0.0,0.0,0.0,0.0,0.0,0.0,0.0,0.0,0.0,0.0,0.0,-,0.0
2024,8,VD,RB,Jerick McKinnon Dead Cap,KC,0,0,0.0,0.0,0.0,0.0,0.0,0.0,0.0,0.0,0.0,0.0,0.0,0.0,0.0,0.0,0.0,-,0.0
2024,8,VD,RB,Tyjae Spears,TEN,@DET,3,0.0,0.0,0.0,0.0,0.0,0.0,0.0,0.0,0.0,0.0,0.0,0.0,0.0,0.0,0.0,-,0.0
2024,8,VD,QB,Justin Fields,PIT,NYG,24,0.0,0.0,0.0,0.0,0.0,0.0,0.0,0.0,0.0,0.0,0.0,0.0,0.0,0.0,0.0,-,0.0
2024,8,VD,TE,Dallas Goedert,PHI,@CIN,25,0.0,0.0,0.0,0.0,0.0,0.0,0.0,0.0,0.0,0.0,0.0,0.0,0.0,0.0,0.0,-,0.0
2024,8,VD,DST,Lions,DET,TEN,32,,,,,,,,,,,,,,,,19,19.0
2024,8,WLW,WR,CeeDee Lamb,DAL,@SF,18,0.0,0.0,0.0,0.0,0.0,0.0,0.0,0.0,0.0,17.0,13.0,146.0,2.0,9.0,0.0,35.6,35.6
2024,8,WLW,QB,Lamar Jackson,BAL,@CLE,21,23.0,38.0,289.0,2.0,0.0,8.0,46.0,0.0,2.0,0.0,0.0,0.0,0.0,0.0,0.0,26.16,26.16
2024,8,WLW,RB,Kyren Williams,LAR,MIN,4,0.0,0.0,0.0,0.0,0.0,23.0,97.0,0.0,5.0,7.0,5.0,19.0,1.0,1.0,0.0,23.6,23.6
2024,8,WLW,RB,Raheem Mostert,MIA,ARI,29,0.0,0.0,0.0,0.0,0.0,9.0,19.0,2.0,3.0,2.0,1.0,11.0,0.0,1.0,0.0,19,19.0
2024,8,WLW,QB,Jared Goff,DET,TEN,14,12.0,15.0,85.0,3.0,0.0,1.0,1.0,0.0,0.0,0.0,0.0,0.0,0.0,0.0,0.0,15.5,15.5
2024,8,WLW,TE,Sam LaPorta,DET,TEN,7,0.0,0.0,0.0,0.0,0.0,0.0,0.0,0.0,0.0,6.0,6.0,48.0,1.0,4.0,0.0,14.8,14.8
2024,8,WLW,QB,CJ Stroud,HOU,IND,22,25.0,37.0,285.0,1.0,0.0,1.0,-10.0,0.0,0.0,0.0,0.0,0.0,0.0,0.0,1.0,13.4,13.4
2024,8,WLW,WR,Cooper Kupp,LAR,MIN,32,0.0,0.0,0.0,0.0,0.0,0.0,0.0,0.0,0.0,8.0,5.0,51.0,1.0,2.0,0.0,13.1,13.1
2024,8,WLW,RB,Chase Brown,CIN,PHI,9,0.0,0.0,0.0,0.0,0.0,12.0,32.0,1.0,2.0,4.0,2.0,2.0,0.0,0.0,0.0,11.4,11.4
2024,8,WLW,RB,Chuba Hubbard,CAR,@DEN,8,0.0,0.0,0.0,0.0,0.0,15.0,56.0,0.0,2.0,2.0,2.0,15.0,0.0,0.0,0.0,9.1,9.1
2024,8,WLW,TE,Erick All,CIN,PHI,4,0.0,0.0,0.0,0.0,0.0,0.0,0.0,0.0,0.0,2.0,2.0,32.0,0.0,1.0,0.0,4.2,4.2
2024,8,WLW,WR,Rashod Bateman,BAL,@CLE,28,0.0,0.0,0.0,0.0,0.0,0.0,0.0,0.0,0.0,5.0,1.0,28.0,0.0,1.0,0.0,3.8,3.8
2024,8,WLW,RB,Devin Singletary,NYG,@PIT,11,0.0,0.0,0.0,0.0,0.0,2.0,11.0,0.0,0.0,3.0,2.0,12.0,0.0,0.0,0.0,2.3,2.3
2024,8,WLW,WR,Alec Pierce,IND,@HOU,24,0.0,0.0,0.0,0.0,0.0,0.0,0.0,0.0,0.0,4.0,1.0,11.0,0.0,1.0,0.0,2.1,2.1
2024,8,WLW,WR,Jordan Whittington,LAR,MIN,32,0.0,0.0,0.0,0.0,0.0,0.0,0.0,0.0,0.0,0.0,0.0,0.0,0.0,0.0,0.0,-,0.0
2024,8,WLW,WR,Diontae Johnson,CAR,@DEN,2,0.0,0.0,0.0,0.0,0.0,0.0,0.0,0.0,0.0,0.0,0.0,0.0,0.0,0.0,0.0,-,0.0
2024,8,WLW,RB,Rico Dowdle,DAL,@SF,14,0.0,0.0,0.0,0.0,0.0,0.0,0.0,0.0,0.0,0.0,0.0,0.0,0.0,0.0,0.0,-,0.0
2024,8,WLW,WR,Nico Collins,HOU,IND,17,0.0,0.0,0.0,0.0,0.0,0.0,0.0,0.0,0.0,0.0,0.0,0.0,0.0,0.0,0.0,-,0.0
2024,8,WLW,WR,Mike Evans,TB,ATL,23,0.0,0.0,0.0,0.0,0.0,0.0,0.0,0.0,0.0,0.0,0.0,0.0,0.0,0.0,0.0,-,0.0
2024,8,WLW,DST,Broncos,DEN,CAR,27,,,,,,,,,,,,,,,,12,12.0
2024,9,AFL,WR,Zay Flowers,BAL,DEN,9,0.0,0.0,0.0,0.0,0.0,0.0,0.0,0.0,0.0,6.0,5.0,127.0,2.0,4.0,0.0,28.7,28.7
2024,9,AFL,QB,Jayden Daniels,WAS,@NYG,25,15.0,22.0,209.0,2.0,0.0,8.0,35.0,0.0,3.0,0.0,0.0,0.0,0.0,0.0,0.0,22.86,22.86
2024,9,AFL,RB,Jahmyr Gibbs,DET,@GB,17,0.0,0.0,0.0,0.0,0.0,11.0,65.0,1.0,2.0,2.0,1.0,11.0,0.0,1.0,0.0,16.6,16.6
2024,9,AFL,RB,D'Andre Swift,CHI,@ARI,27,0.0,0.0,0.0,0.0,0.0,16.0,51.0,0.0,5.0,6.0,6.0,31.0,0.0,1.0,0.0,14.2,14.2
2024,9,AFL,TE,Travis Kelce,KC,TB,28,0.0,0.0,0.0,0.0,0.0,0.0,0.0,0.0,0.0,16.0,14.0,100.0,0.0,6.0,1.0,14,14.0
2024,9,AFL,TE,Brock Bowers,LV,@CIN,26,0.0,0.0,0.0,0.0,0.0,0.0,0.0,0.0,0.0,8.0,5.0,45.0,1.0,2.0,0.0,12.5,12.5
2024,9,AFL,QB,Kyler Murray,ARI,CHI,1,13.0,20.0,154.0,0.0,0.0,2.0,6.0,0.0,1.0,0.0,0.0,0.0,0.0,0.0,1.0,5.76,5.76
2024,9,AFL,WR,AJ Brown,PHI,JAC,28,0.0,0.0,0.0,0.0,0.0,0.0,0.0,0.0,0.0,4.0,2.0,36.0,0.0,1.0,0.0,4.6,4.6
2024,9,AFL,WR,Chris Olave,NO,@CAR,12,0.0,0.0,0.0,0.0,0.0,0.0,0.0,0.0,0.0,1.0,1.0,13.0,0.0,1.0,0.0,2.3,2.3
2024,9,AFL,WR,Adonai Mitchell,IND,@MIN,31,0.0,0.0,0.0,0.0,0.0,0.0,0.0,0.0,0.0,1.0,1.0,22.0,0.0,0.0,0.0,2.2,2.2
2024,9,AFL,RB,Trey Sermon,IND,@MIN,3,0.0,0.0,0.0,0.0,0.0,2.0,4.0,0.0,0.0,2.0,1.0,9.0,0.0,0.0,0.0,1.3,1.3
2024,9,AFL,RB,D'Ernest Johnson,JAC,@PHI,5,0.0,0.0,0.0,0.0,0.0,2.0,6.0,0.0,0.0,1.0,0.0,0.0,0.0,0.0,0.0,0.6,0.6
2024,9,AFL,WR,Tee Higgins,CIN,LV,8,0.0,0.0,0.0,0.0,0.0,0.0,0.0,0.0,0.0,0.0,0.0,0.0,0.0,0.0,0.0,-,0.0
2024,9,AFL,QB,Russell Wilson,PIT,BYE,---,0.0,0.0,0.0,0.0,0.0,0.0,0.0,0.0,0.0,0.0,0.0,0.0,0.0,0.0,0.0,-,0.0
2024,9,AFL,QB,Spencer Rattler,NO,@CAR,27,0.0,0.0,0.0,0.0,0.0,0.0,0.0,0.0,0.0,0.0,0.0,0.0,0.0,0.0,0.0,-,0.0
2024,9,AFL,WR,Allen Lazard,NYJ,HOU,27,0.0,0.0,0.0,0.0,0.0,0.0,0.0,0.0,0.0,0.0,0.0,0.0,0.0,0.0,0.0,-,0.0
2024,9,AFL,DST,Cowboys,DAL,@ATL,11,4.0,4.0,,,,,,,,,,,,,,,
2024,9,AFL,DST,Chiefs,KC,TB,18,,,,,,,,,,,,,,,,2,2.0
2024,9,CC,QB,Daniel Jones,NYG,WAS,17,20.0,26.0,174.0,2.0,0.0,7.0,54.0,1.0,6.0,0.0,0.0,0.0,0.0,0.0,1.0,30.36,30.36
2024,9,CC,WR,Quentin Johnston,LAC,@CLE,29,0.0,0.0,0.0,0.0,0.0,1.0,2.0,0.0,0.0,5.0,4.0,118.0,1.0,3.0,0.0,21,21.0
2024,9,CC,QB,Drake Maye,NE,@TEN,15,29.0,41.0,206.0,1.0,2.0,8.0,95.0,0.0,5.0,0.0,0.0,0.0,0.0,0.0,1.0,20.74,20.74
2024,9,CC,RB,David Montgomery,DET,@GB,17,0.0,0.0,0.0,0.0,0.0,17.0,73.0,0.0,6.0,3.0,3.0,23.0,0.0,1.0,0.0,16.6,16.6
2024,9,CC,WR,Amon-Ra St Brown,DET,@GB,13,0.0,0.0,0.0,0.0,0.0,0.0,0.0,0.0,0.0,7.0,7.0,56.0,1.0,4.0,0.0,15.6,15.6
2024,9,CC,TE,Trey McBride,ARI,CHI,19,0.0,0.0,0.0,0.0,0.0,1.0,2.0,1.0,1.0,4.0,3.0,35.0,0.0,2.0,0.0,12.7,12.7
2024,9,CC,RB,James Cook,BUF,MIA,28,0.0,0.0,0.0,0.0,0.0,10.0,44.0,0.0,2.0,6.0,5.0,25.0,0.0,1.0,0.0,9.9,9.9
2024,9,CC,WR,Brian Thomas,JAC,@PHI,15,0.0,0.0,0.0,0.0,0.0,0.0,0.0,0.0,0.0,4.0,2.0,22.0,0.0,1.0,0.0,5.2,5.2
2024,9,CC,TE,Zach Ertz,WAS,@NYG,1,0.0,0.0,0.0,0.0,0.0,0.0,0.0,0.0,0.0,1.0,1.0,5.0,0.0,0.0,0.0,0.5,0.5
2024,9,CC,QB,Brock Purdy,SF,BYE,---,0.0,0.0,0.0,0.0,0.0,0.0,0.0,0.0,0.0,0.0,0.0,0.0,0.0,0.0,0.0,-,0.0
2024,9,CC,WR,Ja'Lynn Polk,NE,@TEN,1,0.0,0.0,0.0,0.0,0.0,0.0,0.0,0.0,0.0,1.0,0.0,0.0,0.0,0.0,0.0,0,0.0
2024,9,CC,WR,George Pickens,PIT,BYE,---,0.0,0.0,0.0,0.0,0.0,0.0,0.0,0.0,0.0,0.0,0.0,0.0,0.0,0.0,0.0,-,0.0
2024,9,CC,RB,Antonio Gibson Dead Cap,NE,0,0,0.0,0.0,0.0,0.0,0.0,0.0,0.0,0.0,0.0,0.0,0.0,0.0,0.0,0.0,0.0,-,0.0
2024,9,CC,WR,DK Metcalf,SEA,LAR,26,0.0,0.0,0.0,0.0,0.0,0.0,0.0,0.0,0.0,0.0,0.0,0.0,0.0,0.0,0.0,-,0.0
2024,9,CC,WR,Javon Baker,NE,@TEN,1,0.0,0.0,0.0,0.0,0.0,0.0,0.0,0.0,0.0,0.0,0.0,0.0,0.0,0.0,0.0,0,0.0
2024,9,CC,RB,Jonathon Brooks,CAR,NO,25,0.0,0.0,0.0,0.0,0.0,0.0,0.0,0.0,0.0,0.0,0.0,0.0,0.0,0.0,0.0,-,0.0
2024,9,CC,WR,Ricky Pearsall,SF,BYE,---,0.0,0.0,0.0,0.0,0.0,0.0,0.0,0.0,0.0,0.0,0.0,0.0,0.0,0.0,0.0,-,0.0
2024,9,CC,WR,Deebo Samuel,SF,BYE,---,0.0,0.0,0.0,0.0,0.0,0.0,0.0,0.0,0.0,0.0,0.0,0.0,0.0,0.0,0.0,-,0.0
2024,9,CC,WR,Malachi Corley,NYJ,HOU,27,0.0,0.0,0.0,0.0,0.0,1.0,18.0,0.0,0.0,0.0,0.0,0.0,0.0,0.0,1.0,-0.2,-0.2
2024,9,CC,DST,Browns,CLE,LAC,7,,,,,,,,,,,,,,,,6,6.0
2024,9,CRB,QB,Jalen Hurts,PHI,JAC,31,18.0,24.0,230.0,2.0,0.0,13.0,67.0,1.0,4.0,0.0,0.0,0.0,0.0,0.0,0.0,33.9,33.9
2024,9,CRB,RB,De'Von Achane,MIA,@BUF,30,0.0,0.0,0.0,0.0,0.0,12.0,63.0,1.0,5.0,8.0,8.0,58.0,1.0,4.0,0.0,33.1,33.1
2024,9,CRB,WR,Courtland Sutton,DEN,@BAL,32,1.0,1.0,2.0,1.0,0.0,0.0,0.0,0.0,0.0,10.0,7.0,122.0,0.0,5.0,0.0,21.28,21.28
2024,9,CRB,QB,Bo Nix,DEN,@BAL,30,19.0,33.0,223.0,0.0,1.0,6.0,36.0,0.0,3.0,1.0,1.0,2.0,1.0,1.0,0.0,20.72,20.72
2024,9,CRB,WR,Davante Adams,NYJ,HOU,27,0.0,0.0,0.0,0.0,0.0,0.0,0.0,0.0,0.0,11.0,7.0,91.0,1.0,4.0,0.0,19.1,19.1
2024,9,CRB,WR,DeVonta Smith,PHI,JAC,28,0.0,0.0,0.0,0.0,0.0,0.0,0.0,0.0,0.0,6.0,4.0,87.0,1.0,4.0,0.0,18.7,18.7
2024,9,CRB,RB,Josh Jacobs,GB,DET,7,0.0,0.0,0.0,0.0,0.0,13.0,95.0,0.0,4.0,3.0,2.0,13.0,0.0,1.0,0.0,15.8,15.8
2024,9,CRB,RB,Jonathan Taylor,IND,@MIN,3,0.0,0.0,0.0,0.0,0.0,13.0,48.0,0.0,2.0,5.0,3.0,11.0,0.0,1.0,0.0,8.9,8.9
2024,9,CRB,RB,Zamir White,LV,@CIN,13,0.0,0.0,0.0,0.0,0.0,6.0,10.0,1.0,1.0,0.0,0.0,0.0,0.0,0.0,0.0,8,8.0
2024,9,CRB,WR,Keenan Allen,CHI,@ARI,24,0.0,0.0,0.0,0.0,0.0,0.0,0.0,0.0,0.0,10.0,4.0,36.0,0.0,3.0,0.0,6.6,6.6
2024,9,CRB,WR,Romeo Doubs,GB,DET,30,0.0,0.0,0.0,0.0,0.0,0.0,0.0,0.0,0.0,5.0,4.0,28.0,0.0,0.0,0.0,2.8,2.8
2024,9,CRB,WR,Mike Williams,NYJ,HOU,27,0.0,0.0,0.0,0.0,0.0,0.0,0.0,0.0,0.0,2.0,1.0,6.0,0.0,1.0,0.0,1.6,1.6
2024,9,CRB,RB,Antonio Gibson,NE,@TEN,14,0.0,0.0,0.0,0.0,0.0,1.0,-1.0,0.0,0.0,1.0,1.0,12.0,0.0,0.0,0.0,1.2,1.2
2024,9,CRB,TE,Noah Fant,SEA,LAR,27,0.0,0.0,0.0,0.0,0.0,0.0,0.0,0.0,0.0,0.0,0.0,0.0,0.0,0.0,0.0,-,0.0
2024,9,CRB,TE,Isaiah Likely,BAL,DEN,8,0.0,0.0,0.0,0.0,0.0,0.0,0.0,0.0,0.0,1.0,0.0,0.0,0.0,0.0,0.0,0,0.0
2024,9,CRB,WR,Jalen McMillan,TB,@KC,7,0.0,0.0,0.0,0.0,0.0,0.0,0.0,0.0,0.0,0.0,0.0,0.0,0.0,0.0,0.0,-,0.0
2024,9,CRB,WR,Luke McCaffrey,WAS,@NYG,14,0.0,0.0,0.0,0.0,0.0,0.0,0.0,0.0,0.0,0.0,0.0,0.0,0.0,0.0,0.0,0,0.0
2024,9,CRB,DST,Commanders,WAS,@NYG,28,4.0,4.0,,,,,,,,,,,,,,,
2024,9,CRB,DST,Texans,HOU,@NYJ,17,,,,,,,,,,,,,,,,2,2.0
2024,9,ELP,WR,DeAndre Hopkins,KC,TB,25,0.0,0.0,0.0,0.0,0.0,0.0,0.0,0.0,0.0,9.0,8.0,86.0,2.0,5.0,0.0,25.6,25.6
2024,9,ELP,QB,Josh Allen,BUF,MIA,3,25.0,39.0,235.0,3.0,1.0,2.0,7.0,0.0,1.0,0.0,0.0,0.0,0.0,0.0,0.0,23.1,23.1
2024,9,ELP,QB,Kirk Cousins,ATL,DAL,28,19.0,24.0,222.0,3.0,0.0,4.0,-11.0,0.0,0.0,0.0,0.0,0.0,0.0,0.0,1.0,18.88,18.88
2024,9,ELP,WR,Jayden Reed,GB,DET,30,0.0,0.0,0.0,0.0,0.0,0.0,0.0,0.0,0.0,6.0,5.0,113.0,0.0,4.0,0.0,15.3,15.3
2024,9,ELP,RB,Kenneth Walker,SEA,LAR,21,0.0,0.0,0.0,0.0,0.0,25.0,83.0,0.0,3.0,3.0,3.0,24.0,0.0,1.0,0.0,14.7,14.7
2024,9,ELP,WR,Xavier Legette,CAR,NO,17,0.0,0.0,0.0,0.0,0.0,1.0,6.0,0.0,1.0,6.0,4.0,33.0,1.0,2.0,0.0,12.9,12.9
2024,9,ELP,WR,Tyreek Hill,MIA,@BUF,5,0.0,0.0,0.0,0.0,0.0,0.0,0.0,0.0,0.0,5.0,4.0,80.0,0.0,4.0,0.0,12,12.0
2024,9,ELP,WR,Khalil Shakir,BUF,MIA,4,0.0,0.0,0.0,0.0,0.0,0.0,0.0,0.0,0.0,7.0,6.0,50.0,0.0,4.0,0.0,9,9.0
2024,9,ELP,RB,Tyrone Tracy,NYG,WAS,16,0.0,0.0,0.0,0.0,0.0,16.0,66.0,0.0,2.0,1.0,1.0,3.0,0.0,0.0,0.0,8.9,8.9
2024,9,ELP,WR,Jalen Nailor,MIN,IND,22,0.0,0.0,0.0,0.0,0.0,0.0,0.0,0.0,0.0,1.0,1.0,7.0,1.0,1.0,0.0,7.7,7.7
2024,9,ELP,WR,Demario Douglas,NE,@TEN,1,0.0,0.0,0.0,0.0,0.0,0.0,0.0,0.0,0.0,9.0,7.0,35.0,0.0,3.0,0.0,6.5,6.5
2024,9,ELP,RB,Nick Chubb,CLE,LAC,2,0.0,0.0,0.0,0.0,0.0,15.0,39.0,0.0,2.0,1.0,1.0,-4.0,0.0,0.0,0.0,5.9,5.9
2024,9,ELP,TE,Mark Andrews,BAL,DEN,8,0.0,0.0,0.0,0.0,0.0,0.0,0.0,0.0,0.0,2.0,2.0,26.0,0.0,2.0,0.0,4.6,4.6
2024,9,ELP,RB,Audric Estime,DEN,@BAL,6,0.0,0.0,0.0,0.0,0.0,5.0,35.0,0.0,1.0,0.0,0.0,0.0,0.0,0.0,0.0,4.5,4.5
2024,9,ELP,TE,Dalton Schultz,HOU,@NYJ,6,0.0,0.0,0.0,0.0,0.0,0.0,0.0,0.0,0.0,6.0,3.0,21.0,0.0,0.0,0.0,2.1,2.1
2024,9,ELP,QB,Malik Willis,GB,DET,14,0.0,0.0,0.0,0.0,0.0,0.0,0.0,0.0,0.0,0.0,0.0,0.0,0.0,0.0,0.0,-,0.0
2024,9,ELP,WR,Jameson Williams,DET,@GB,13,0.0,0.0,0.0,0.0,0.0,0.0,0.0,0.0,0.0,0.0,0.0,0.0,0.0,0.0,0.0,-,0.0
2024,9,ELP,WR,Adam Thielen,CAR,NO,17,0.0,0.0,0.0,0.0,0.0,0.0,0.0,0.0,0.0,0.0,0.0,0.0,0.0,0.0,0.0,-,0.0
2024,9,ELP,DST,Saints,NO,@CAR,27,4.0,4.0,,,,,,,,,,,,,,,
2024,9,ELP,DST,49ers,SF,BYE,---,,,,,,,,,,,,,,,,-,0.0
2024,9,FRR,QB,Patrick Mahomes,KC,TB,32,34.0,44.0,291.0,3.0,0.0,2.0,9.0,0.0,1.0,0.0,0.0,0.0,0.0,0.0,0.0,25.54,25.54
2024,9,FRR,QB,Sam Darnold,MIN,IND,22,28.0,34.0,290.0,3.0,2.0,4.0,14.0,0.0,3.0,0.0,0.0,0.0,0.0,0.0,1.0,22,22.0
2024,9,FRR,RB,Rhamondre Stevenson,NE,@TEN,14,0.0,0.0,0.0,0.0,0.0,10.0,16.0,1.0,2.0,5.0,5.0,38.0,1.0,2.0,0.0,21.4,21.4
2024,9,FRR,TE,Taysom Hill,NO,@CAR,32,0.0,1.0,0.0,0.0,0.0,5.0,19.0,1.0,3.0,5.0,4.0,41.0,0.0,3.0,0.0,18,18.0
2024,9,FRR,WR,Tank Dell,HOU,@NYJ,3,0.0,0.0,0.0,0.0,0.0,0.0,0.0,0.0,0.0,9.0,6.0,126.0,0.0,4.0,0.0,16.6,16.6
2024,9,FRR,WR,Terry McLaurin,WAS,@NYG,14,0.0,0.0,0.0,0.0,0.0,0.0,0.0,0.0,0.0,3.0,2.0,19.0,2.0,2.0,0.0,15.9,15.9
2024,9,FRR,WR,Calvin Ridley,TEN,NE,19,0.0,0.0,0.0,0.0,0.0,0.0,0.0,0.0,0.0,8.0,5.0,73.0,0.0,4.0,0.0,11.3,11.3
2024,9,FRR,WR,Drake London,ATL,DAL,18,0.0,0.0,0.0,0.0,0.0,0.0,0.0,0.0,0.0,2.0,2.0,27.0,1.0,2.0,0.0,10.7,10.7
2024,9,FRR,WR,Ja'Marr Chase,CIN,LV,8,0.0,0.0,0.0,0.0,0.0,0.0,0.0,0.0,0.0,11.0,7.0,43.0,0.0,3.0,0.0,7.3,7.3
2024,9,FRR,WR,Jalen Coker,CAR,NO,17,0.0,0.0,0.0,0.0,0.0,0.0,0.0,0.0,0.0,3.0,2.0,36.0,0.0,2.0,0.0,5.6,5.6
2024,9,FRR,TE,Dalton Kincaid,BUF,MIA,7,0.0,0.0,0.0,0.0,0.0,0.0,0.0,0.0,0.0,10.0,4.0,32.0,0.0,1.0,0.0,4.2,4.2
2024,9,FRR,TE,TJ Hockenson,MIN,IND,30,0.0,0.0,0.0,0.0,0.0,0.0,0.0,0.0,0.0,4.0,3.0,27.0,0.0,1.0,0.0,3.7,3.7
2024,9,FRR,WR,Brandon Aiyuk,SF,BYE,---,0.0,0.0,0.0,0.0,0.0,0.0,0.0,0.0,0.0,0.0,0.0,0.0,0.0,0.0,0.0,-,0.0
2024,9,FRR,RB,Isiah Pacheco,KC,TB,22,0.0,0.0,0.0,0.0,0.0,0.0,0.0,0.0,0.0,0.0,0.0,0.0,0.0,0.0,0.0,-,0.0
2024,9,FRR,RB,Jordan Mason,SF,BYE,---,0.0,0.0,0.0,0.0,0.0,0.0,0.0,0.0,0.0,0.0,0.0,0.0,0.0,0.0,0.0,-,0.0
2024,9,FRR,QB,Will Levis,TEN,NE,13,0.0,0.0,0.0,0.0,0.0,0.0,0.0,0.0,0.0,0.0,0.0,0.0,0.0,0.0,0.0,-,0.0
2024,9,FRR,WR,Roman Wilson,PIT,BYE,---,0.0,0.0,0.0,0.0,0.0,0.0,0.0,0.0,0.0,0.0,0.0,0.0,0.0,0.0,0.0,-,0.0
2024,9,FRR,RB,Brian Robinson,WAS,@NYG,18,0.0,0.0,0.0,0.0,0.0,0.0,0.0,0.0,0.0,0.0,0.0,0.0,0.0,0.0,0.0,-,0.0
2024,9,FRR,RB,Blake Corum,LAR,@SEA,24,0.0,0.0,0.0,0.0,0.0,1.0,-1.0,0.0,0.0,0.0,0.0,0.0,0.0,0.0,0.0,0,0.0
2024,9,FRR,DST,Bengals,CIN,LV,31,11.0,11.0,,,,,,,,,,,,,,,
2024,9,FRR,DST,Steelers,PIT,BYE,---,,,,,,,,,,,,,,,,-,0.0
2024,9,GF,WR,Jaxon Smith-Njigba,SEA,LAR,26,0.0,0.0,0.0,0.0,0.0,0.0,0.0,0.0,0.0,13.0,7.0,180.0,2.0,5.0,0.0,35,35.0
2024,9,GF,RB,JK Dobbins,LAC,@CLE,8,0.0,0.0,0.0,0.0,0.0,14.0,85.0,2.0,3.0,2.0,2.0,20.0,0.0,1.0,0.0,26.5,26.5
2024,9,GF,WR,Demarcus Robinson,LAR,@SEA,20,0.0,0.0,0.0,0.0,0.0,0.0,0.0,0.0,0.0,9.0,6.0,94.0,2.0,5.0,0.0,26.4,26.4
2024,9,GF,QB,Trevor Lawrence,JAC,@PHI,12,16.0,31.0,169.0,0.0,2.0,5.0,8.0,2.0,2.0,0.0,0.0,0.0,0.0,0.0,0.0,21.56,21.56
2024,9,GF,RB,Aaron Jones,MIN,IND,20,0.0,0.0,0.0,0.0,0.0,21.0,64.0,0.0,4.0,4.0,4.0,18.0,0.0,1.0,0.0,13.2,13.2
2024,9,GF,QB,Jordan Love,GB,DET,14,23.0,39.0,273.0,0.0,1.0,3.0,0.0,0.0,0.0,0.0,0.0,0.0,0.0,0.0,0.0,10.92,10.92
2024,9,GF,TE,Jake Ferguson,DAL,@ATL,24,0.0,0.0,0.0,0.0,0.0,0.0,0.0,0.0,0.0,10.0,7.0,71.0,0.0,3.0,0.0,10.1,10.1
2024,9,GF,WR,Christian Watson,GB,DET,30,0.0,0.0,0.0,0.0,0.0,0.0,0.0,0.0,0.0,7.0,3.0,37.0,0.0,2.0,0.0,7.7,7.7
2024,9,GF,WR,Michael Pittman,IND,@MIN,31,0.0,0.0,0.0,0.0,0.0,0.0,0.0,0.0,0.0,4.0,1.0,14.0,0.0,0.0,0.0,1.4,1.4
2024,9,GF,QB,JJ McCarthy,MIN,IND,22,0.0,0.0,0.0,0.0,0.0,0.0,0.0,0.0,0.0,0.0,0.0,0.0,0.0,0.0,0.0,-,0.0
2024,9,GF,RB,Gus Edwards,LAC,@CLE,8,0.0,0.0,0.0,0.0,0.0,0.0,0.0,0.0,0.0,0.0,0.0,0.0,0.0,0.0,0.0,-,0.0
2024,9,GF,WR,Dontayvion Wicks,GB,DET,30,0.0,0.0,0.0,0.0,0.0,0.0,0.0,0.0,0.0,3.0,0.0,0.0,0.0,0.0,0.0,0,0.0
2024,9,GF,WR,Marquise Brown,KC,TB,25,0.0,0.0,0.0,0.0,0.0,0.0,0.0,0.0,0.0,0.0,0.0,0.0,0.0,0.0,0.0,-,0.0
2024,9,GF,RB,MarShawn Lloyd,GB,DET,7,0.0,0.0,0.0,0.0,0.0,0.0,0.0,0.0,0.0,0.0,0.0,0.0,0.0,0.0,0.0,-,0.0
2024,9,GF,WR,Brandin Cooks,DAL,@ATL,23,0.0,0.0,0.0,0.0,0.0,0.0,0.0,0.0,0.0,0.0,0.0,0.0,0.0,0.0,0.0,-,0.0
2024,9,GF,QB,Michael Penix,ATL,DAL,28,0.0,0.0,0.0,0.0,0.0,0.0,0.0,0.0,0.0,0.0,0.0,0.0,0.0,0.0,0.0,-,0.0
2024,9,GF,TE,Luke Musgrave,GB,DET,3,0.0,0.0,0.0,0.0,0.0,0.0,0.0,0.0,0.0,0.0,0.0,0.0,0.0,0.0,0.0,-,0.0
2024,9,GF,RB,Ezekiel Elliott,DAL,@ATL,10,0.0,0.0,0.0,0.0,0.0,0.0,0.0,0.0,0.0,0.0,0.0,0.0,0.0,0.0,0.0,-,0.0
2024,9,GF,DST,Packers,GB,DET,5,,,,,,,,,,,,,,,,2,2.0
2024,9,MAM,RB,Saquon Barkley,PHI,JAC,26,0.0,0.0,0.0,0.0,0.0,27.0,159.0,1.0,5.0,4.0,3.0,40.0,1.0,3.0,1.0,37.9,37.9
2024,9,MAM,RB,Alvin Kamara,NO,@CAR,32,0.0,0.0,0.0,0.0,0.0,29.0,155.0,0.0,7.0,9.0,6.0,60.0,0.0,3.0,0.0,31.5,31.5
2024,9,MAM,WR,Garrett Wilson,NYJ,HOU,27,0.0,0.0,0.0,0.0,0.0,0.0,0.0,0.0,0.0,10.0,9.0,90.0,2.0,4.0,0.0,25,25.0
2024,9,MAM,QB,Geno Smith,SEA,LAR,18,21.0,34.0,363.0,3.0,3.0,6.0,16.0,0.0,1.0,0.0,0.0,0.0,0.0,0.0,0.0,23.12,23.12
2024,9,MAM,QB,Tua Tagovailoa,MIA,@BUF,7,25.0,28.0,231.0,2.0,0.0,2.0,3.0,0.0,1.0,0.0,0.0,0.0,0.0,0.0,0.0,18.54,18.54
2024,9,MAM,RB,James Conner,ARI,CHI,19,0.0,0.0,0.0,0.0,0.0,18.0,107.0,0.0,5.0,3.0,3.0,12.0,0.0,0.0,0.0,16.9,16.9
2024,9,MAM,WR,Jerry Jeudy,CLE,LAC,6,0.0,0.0,0.0,0.0,0.0,0.0,0.0,0.0,0.0,11.0,7.0,73.0,0.0,5.0,0.0,12.3,12.3
2024,9,MAM,WR,Josh Downs,IND,@MIN,31,0.0,0.0,0.0,0.0,0.0,0.0,0.0,0.0,0.0,9.0,6.0,60.0,0.0,4.0,0.0,10,10.0
2024,9,MAM,QB,Caleb Williams,CHI,@ARI,21,22.0,41.0,217.0,0.0,0.0,4.0,5.0,0.0,0.0,0.0,0.0,0.0,0.0,0.0,0.0,9.18,9.18
2024,9,MAM,WR,Noah Brown,WAS,@NYG,14,0.0,0.0,0.0,0.0,0.0,0.0,0.0,0.0,0.0,6.0,5.0,60.0,0.0,2.0,0.0,8,8.0
2024,9,MAM,TE,Tucker Kraft,GB,DET,3,0.0,0.0,0.0,0.0,0.0,1.0,2.0,0.0,1.0,6.0,4.0,34.0,0.0,1.0,0.0,5.6,5.6
2024,9,MAM,WR,DJ Moore,CHI,@ARI,24,0.0,0.0,0.0,0.0,0.0,0.0,0.0,0.0,0.0,9.0,4.0,33.0,0.0,2.0,0.0,5.3,5.3
2024,9,MAM,TE,David Njoku,CLE,LAC,15,0.0,0.0,0.0,0.0,0.0,0.0,0.0,0.0,0.0,7.0,5.0,29.0,0.0,1.0,0.0,3.9,3.9
2024,9,MAM,RB,Roschon Johnson,CHI,@ARI,27,0.0,0.0,0.0,0.0,0.0,3.0,13.0,0.0,0.0,3.0,2.0,8.0,0.0,0.0,0.0,2.1,2.1
2024,9,MAM,WR,Wan'Dale Robinson,NYG,WAS,21,0.0,0.0,0.0,0.0,0.0,0.0,0.0,0.0,0.0,4.0,3.0,10.0,0.0,1.0,0.0,2,2.0
2024,9,MAM,WR,Rashid Shaheed,NO,@CAR,12,0.0,0.0,0.0,0.0,0.0,0.0,0.0,0.0,0.0,0.0,0.0,0.0,0.0,0.0,0.0,-,0.0
2024,9,MAM,WR,Rashee Rice,KC,TB,25,0.0,0.0,0.0,0.0,0.0,0.0,0.0,0.0,0.0,0.0,0.0,0.0,0.0,0.0,0.0,-,0.0
2024,9,MAM,WR,Michael Wilson,ARI,CHI,2,0.0,0.0,0.0,0.0,0.0,0.0,0.0,0.0,0.0,1.0,0.0,0.0,0.0,0.0,0.0,0,0.0
2024,9,MAM,RB,Jaylen Warren,PIT,BYE,---,0.0,0.0,0.0,0.0,0.0,0.0,0.0,0.0,0.0,0.0,0.0,0.0,0.0,0.0,0.0,-,0.0
2024,9,MAM,RB,Kendre Miller,NO,@CAR,32,0.0,0.0,0.0,0.0,0.0,0.0,0.0,0.0,0.0,0.0,0.0,0.0,0.0,0.0,0.0,-,0.0
2024,9,MAM,DST,Ravens,BAL,DEN,16,,,,,,,,,,,,,,,,15,15.0
2024,9,MCM,RB,Joe Mixon,HOU,@NYJ,12,0.0,1.0,0.0,0.0,0.0,24.0,106.0,1.0,6.0,0.0,0.0,0.0,0.0,0.0,0.0,22.6,22.6
2024,9,MCM,QB,Mason Rudolph,TEN,NE,13,20.0,33.0,240.0,2.0,1.0,4.0,19.0,0.0,2.0,0.0,0.0,0.0,0.0,0.0,0.0,19.5,19.5
2024,9,MCM,QB,Justin Herbert,LAC,@CLE,20,18.0,27.0,282.0,2.0,0.0,3.0,2.0,0.0,0.0,0.0,0.0,0.0,0.0,0.0,0.0,19.48,19.48
2024,9,MCM,RB,Ray Davis,BUF,MIA,28,0.0,0.0,0.0,0.0,0.0,4.0,20.0,0.0,0.0,2.0,2.0,70.0,1.0,2.0,0.0,17,17.0
2024,9,MCM,TE,Cade Otton,TB,@KC,31,0.0,0.0,0.0,0.0,0.0,0.0,0.0,0.0,0.0,11.0,8.0,77.0,1.0,3.0,0.0,16.7,16.7
2024,9,MCM,WR,Jordan Addison,MIN,IND,22,0.0,0.0,0.0,0.0,0.0,1.0,9.0,0.0,0.0,5.0,5.0,42.0,1.0,4.0,0.0,15.1,15.1
2024,9,MCM,WR,Nick Westbrook-Ikhine,TEN,NE,19,0.0,0.0,0.0,0.0,0.0,0.0,0.0,0.0,0.0,6.0,5.0,50.0,1.0,4.0,0.0,15,15.0
2024,9,MCM,QB,Derek Carr,NO,@CAR,27,18.0,31.0,236.0,1.0,0.0,0.0,0.0,0.0,0.0,0.0,0.0,0.0,0.0,0.0,0.0,13.44,13.44
2024,9,MCM,WR,Andrei Iosivas,CIN,LV,8,0.0,0.0,0.0,0.0,0.0,0.0,0.0,0.0,0.0,4.0,1.0,10.0,1.0,1.0,0.0,8,8.0
2024,9,MCM,RB,Travis Etienne,JAC,@PHI,5,0.0,0.0,0.0,0.0,0.0,3.0,24.0,0.0,1.0,3.0,2.0,6.0,0.0,0.0,0.0,4,4.0
2024,9,MCM,QB,Joe Flacco,IND,@MIN,8,16.0,27.0,179.0,0.0,1.0,2.0,-1.0,0.0,0.0,0.0,0.0,0.0,0.0,0.0,1.0,3.16,3.16
2024,9,MCM,RB,Jeremy McNichols,WAS,@NYG,18,0.0,0.0,0.0,0.0,0.0,8.0,20.0,0.0,1.0,1.0,0.0,0.0,0.0,0.0,0.0,3,3.0
2024,9,MCM,RB,Jaylen Wright,MIA,@BUF,30,0.0,0.0,0.0,0.0,0.0,6.0,18.0,0.0,1.0,0.0,0.0,0.0,0.0,0.0,0.0,2.8,2.8
2024,9,MCM,WR,Puka Nacua,LAR,@SEA,20,0.0,0.0,0.0,0.0,0.0,0.0,0.0,0.0,0.0,4.0,1.0,11.0,0.0,1.0,0.0,2.1,2.1
2024,9,MCM,RB,Kimani Vidal,LAC,@CLE,8,0.0,0.0,0.0,0.0,0.0,5.0,7.0,0.0,0.0,0.0,0.0,0.0,0.0,0.0,0.0,0.7,0.7
2024,9,MCM,RB,Isaac Guerendo,SF,BYE,---,0.0,0.0,0.0,0.0,0.0,0.0,0.0,0.0,0.0,0.0,0.0,0.0,0.0,0.0,0.0,-,0.0
2024,9,MCM,WR,Jauan Jennings,SF,BYE,---,0.0,0.0,0.0,0.0,0.0,0.0,0.0,0.0,0.0,0.0,0.0,0.0,0.0,0.0,0.0,-,0.0
2024,9,MCM,RB,Zack Moss,CIN,LV,23,0.0,0.0,0.0,0.0,0.0,0.0,0.0,0.0,0.0,0.0,0.0,0.0,0.0,0.0,0.0,-,0.0
2024,9,MCM,RB,Christian McCaffrey,SF,BYE,---,0.0,0.0,0.0,0.0,0.0,0.0,0.0,0.0,0.0,0.0,0.0,0.0,0.0,0.0,0.0,-,0.0
2024,9,MCM,DST,Vikings,MIN,IND,19,,,,,,,,,,,,,,,,13,13.0
2024,9,MWM,RB,Tony Pollard,TEN,NE,29,0.0,0.0,0.0,0.0,0.0,28.0,128.0,0.0,6.0,3.0,3.0,26.0,0.0,0.0,0.0,21.4,21.4
2024,9,MWM,QB,Aaron Rodgers,NYJ,HOU,23,22.0,32.0,211.0,3.0,0.0,1.0,-1.0,0.0,0.0,0.0,0.0,0.0,0.0,0.0,0.0,20.44,20.44
2024,9,MWM,RB,Austin Ekeler,WAS,@NYG,18,0.0,0.0,0.0,0.0,0.0,11.0,42.0,1.0,4.0,4.0,3.0,41.0,0.0,1.0,0.0,19.3,19.3
2024,9,MWM,WR,Darnell Mooney,ATL,DAL,18,0.0,0.0,0.0,0.0,0.0,0.0,0.0,0.0,0.0,9.0,5.0,88.0,1.0,4.0,0.0,18.8,18.8
2024,9,MWM,QB,Matthew Stafford,LAR,@SEA,16,25.0,44.0,298.0,2.0,1.0,1.0,0.0,0.0,0.0,0.0,0.0,0.0,0.0,0.0,0.0,17.92,17.92
2024,9,MWM,WR,Jakobi Meyers,LV,@CIN,10,0.0,0.0,0.0,0.0,0.0,0.0,0.0,0.0,0.0,11.0,8.0,105.0,0.0,6.0,0.0,16.5,16.5
2024,9,MWM,WR,Tyler Lockett,SEA,LAR,26,0.0,0.0,0.0,0.0,0.0,0.0,0.0,0.0,0.0,4.0,3.0,63.0,1.0,3.0,0.0,15.3,15.3
2024,9,MWM,RB,Rachaad White,TB,@KC,1,0.0,0.0,0.0,0.0,0.0,3.0,19.0,1.0,2.0,3.0,3.0,16.0,0.0,1.0,0.0,12.5,12.5
2024,9,MWM,WR,Jaylen Waddle,MIA,@BUF,5,0.0,0.0,0.0,0.0,0.0,0.0,0.0,0.0,0.0,2.0,2.0,-4.0,1.0,2.0,0.0,8,8.0
2024,9,MWM,WR,Kendrick Bourne,NE,@TEN,1,0.0,0.0,0.0,0.0,0.0,0.0,0.0,0.0,0.0,6.0,4.0,41.0,0.0,1.0,0.0,5.1,5.1
2024,9,MWM,RB,Tank Bigsby,JAC,@PHI,5,0.0,0.0,0.0,0.0,0.0,8.0,22.0,0.0,1.0,0.0,0.0,0.0,0.0,0.0,0.0,3.2,3.2
2024,9,MWM,QB,Gardner Minshew,LV,@CIN,29,10.0,17.0,124.0,0.0,0.0,1.0,0.0,0.0,0.0,0.0,0.0,0.0,0.0,0.0,1.0,2.96,2.96
2024,9,MWM,TE,Cole Kmet,CHI,@ARI,14,0.0,0.0,0.0,0.0,0.0,0.0,0.0,0.0,0.0,0.0,0.0,0.0,0.0,0.0,0.0,0,0.0
2024,9,MWM,QB,Hendon Hooker,DET,@GB,5,0.0,0.0,0.0,0.0,0.0,0.0,0.0,0.0,0.0,0.0,0.0,0.0,0.0,0.0,0.0,-,0.0
2024,9,MWM,TE,George Kittle,SF,BYE,---,0.0,0.0,0.0,0.0,0.0,0.0,0.0,0.0,0.0,0.0,0.0,0.0,0.0,0.0,0.0,-,0.0
2024,9,MWM,WR,Stefon Diggs,HOU,@NYJ,3,0.0,0.0,0.0,0.0,0.0,0.0,0.0,0.0,0.0,0.0,0.0,0.0,0.0,0.0,0.0,-,0.0
2024,9,MWM,RB,Najee Harris,PIT,BYE,---,0.0,0.0,0.0,0.0,0.0,0.0,0.0,0.0,0.0,0.0,0.0,0.0,0.0,0.0,0.0,-,0.0
2024,9,MWM,WR,DJ Chark,LAC,@CLE,29,0.0,0.0,0.0,0.0,0.0,0.0,0.0,0.0,0.0,0.0,0.0,0.0,0.0,0.0,0.0,-,0.0
2024,9,MWM,DST,Bears,CHI,@ARI,6,8.0,8.0,,,,,,,,,,,,,,,
2024,9,MWM,DST,Bills,BUF,MIA,25,,,,,,,,,,,,,,,,3,3.0
2024,9,NN,RB,Derrick Henry,BAL,DEN,15,0.0,0.0,0.0,0.0,0.0,23.0,106.0,2.0,5.0,1.0,1.0,27.0,0.0,1.0,0.0,31.3,31.3
2024,9,NN,QB,Joe Burrow,CIN,LV,24,27.0,39.0,251.0,5.0,1.0,3.0,11.0,0.0,2.0,0.0,0.0,0.0,0.0,0.0,0.0,31.14,31.14
2024,9,NN,WR,Justin Jefferson,MIN,IND,22,1.0,1.0,22.0,0.0,0.0,0.0,0.0,0.0,0.0,9.0,7.0,137.0,0.0,5.0,0.0,19.58,19.58
2024,9,NN,QB,Dak Prescott,DAL,@ATL,26,18.0,24.0,133.0,1.0,0.0,3.0,30.0,0.0,2.0,0.0,0.0,0.0,0.0,0.0,0.0,14.32,14.32
2024,9,NN,RB,Breece Hall,NYJ,HOU,4,0.0,0.0,0.0,0.0,0.0,15.0,74.0,0.0,3.0,4.0,2.0,11.0,0.0,1.0,0.0,12.5,12.5
2024,9,NN,WR,Malik Nabers,NYG,WAS,21,0.0,0.0,0.0,0.0,0.0,0.0,0.0,0.0,0.0,11.0,9.0,59.0,0.0,4.0,0.0,9.9,9.9
2024,9,NN,RB,Justice Hill,BAL,DEN,15,0.0,0.0,0.0,0.0,0.0,5.0,15.0,0.0,2.0,3.0,3.0,43.0,0.0,2.0,0.0,9.8,9.8
2024,9,NN,RB,Tyler Allgeier,ATL,DAL,31,0.0,0.0,0.0,0.0,0.0,6.0,18.0,1.0,1.0,0.0,0.0,0.0,0.0,0.0,0.0,8.8,8.8
2024,9,NN,TE,Evan Engram,JAC,@PHI,4,0.0,0.0,0.0,0.0,0.0,0.0,0.0,0.0,0.0,10.0,5.0,45.0,0.0,2.0,0.0,8.5,8.5
2024,9,NN,RB,Alexander Mattison,LV,@CIN,13,0.0,0.0,0.0,0.0,0.0,9.0,36.0,0.0,2.0,0.0,0.0,0.0,0.0,0.0,0.0,5.6,5.6
2024,9,NN,WR,Keon Coleman,BUF,MIA,4,0.0,0.0,0.0,0.0,0.0,0.0,0.0,0.0,0.0,2.0,1.0,21.0,0.0,1.0,0.0,5.1,5.1
2024,9,NN,RB,Zach Charbonnet,SEA,LAR,21,0.0,0.0,0.0,0.0,0.0,2.0,8.0,0.0,0.0,3.0,2.0,25.0,0.0,1.0,0.0,4.3,4.3
2024,9,NN,WR,Troy Franklin,DEN,@BAL,32,0.0,0.0,0.0,0.0,0.0,0.0,0.0,0.0,0.0,4.0,1.0,19.0,0.0,1.0,0.0,2.9,2.9
2024,9,NN,RB,Braelon Allen,NYJ,HOU,4,0.0,0.0,0.0,0.0,0.0,4.0,9.0,0.0,1.0,1.0,0.0,0.0,0.0,0.0,0.0,1.9,1.9
2024,9,NN,WR,Xavier Worthy,KC,TB,25,0.0,0.0,0.0,0.0,0.0,2.0,-10.0,0.0,0.0,2.0,0.0,0.0,0.0,0.0,0.0,0,0.0
2024,9,NN,WR,Amari Cooper,BUF,MIA,4,0.0,0.0,0.0,0.0,0.0,0.0,0.0,0.0,0.0,0.0,0.0,0.0,0.0,0.0,0.0,-,0.0
2024,9,NN,TE,Pat Freiermuth,PIT,BYE,---,0.0,0.0,0.0,0.0,0.0,0.0,0.0,0.0,0.0,0.0,0.0,0.0,0.0,0.0,0.0,-,0.0
2024,9,NN,RB,Ty Chandler,MIN,IND,20,0.0,0.0,0.0,0.0,0.0,0.0,0.0,0.0,0.0,0.0,0.0,0.0,0.0,0.0,0.0,0,0.0
2024,9,NN,DST,Chargers,LAC,@CLE,30,,,,,,,,,,,,,,,,20,20.0
2024,9,VD,RB,Kareem Hunt,KC,TB,22,0.0,0.0,0.0,0.0,0.0,27.0,106.0,1.0,7.0,1.0,1.0,11.0,0.0,1.0,0.0,25.7,25.7
2024,9,VD,RB,Bijan Robinson,ATL,DAL,31,0.0,0.0,0.0,0.0,0.0,19.0,86.0,0.0,4.0,7.0,7.0,59.0,0.0,4.0,0.0,22.5,22.5
2024,9,VD,QB,Baker Mayfield,TB,@KC,19,23.0,31.0,200.0,2.0,0.0,4.0,20.0,0.0,1.0,0.0,0.0,0.0,0.0,0.0,0.0,19,19.0
2024,9,VD,WR,Cedric Tillman,CLE,LAC,6,0.0,0.0,0.0,0.0,0.0,0.0,0.0,0.0,0.0,11.0,6.0,75.0,1.0,5.0,0.0,18.5,18.5
2024,9,VD,RB,Trey Benson,ARI,CHI,19,0.0,0.0,0.0,0.0,0.0,8.0,37.0,1.0,2.0,1.0,1.0,18.0,0.0,1.0,0.0,14.5,14.5
2024,9,VD,WR,Rome Odunze,CHI,@ARI,24,0.0,0.0,0.0,0.0,0.0,0.0,0.0,0.0,0.0,7.0,5.0,104.0,0.0,4.0,0.0,14.4,14.4
2024,9,VD,QB,Jameis Winston,CLE,LAC,6,26.0,46.0,235.0,1.0,3.0,5.0,27.0,0.0,4.0,0.0,0.0,0.0,0.0,0.0,0.0,14.1,14.1
2024,9,VD,RB,Javonte Williams,DEN,@BAL,6,0.0,0.0,0.0,0.0,0.0,12.0,42.0,0.0,2.0,3.0,2.0,42.0,0.0,2.0,0.0,12.4,12.4
2024,9,VD,QB,Bryce Young,CAR,NO,10,16.0,26.0,171.0,1.0,1.0,4.0,9.0,0.0,1.0,0.0,0.0,0.0,0.0,0.0,0.0,10.74,10.74
2024,9,VD,WR,Ladd McConkey,LAC,@CLE,29,0.0,0.0,0.0,0.0,0.0,0.0,0.0,0.0,0.0,7.0,5.0,64.0,0.0,4.0,0.0,10.4,10.4
2024,9,VD,RB,Bucky Irving,TB,@KC,1,0.0,0.0,0.0,0.0,0.0,7.0,24.0,0.0,1.0,3.0,3.0,10.0,0.0,0.0,0.0,4.4,4.4
2024,9,VD,WR,Marvin Harrison,ARI,CHI,2,0.0,0.0,0.0,0.0,0.0,0.0,0.0,0.0,0.0,5.0,2.0,34.0,0.0,0.0,1.0,1.4,1.4
2024,9,VD,TE,Kyle Pitts,ATL,DAL,18,0.0,0.0,0.0,0.0,0.0,0.0,0.0,0.0,0.0,1.0,1.0,11.0,0.0,0.0,0.0,1.1,1.1
2024,9,VD,TE,Dallas Goedert,PHI,JAC,25,0.0,0.0,0.0,0.0,0.0,0.0,0.0,0.0,0.0,0.0,0.0,0.0,0.0,0.0,0.0,-,0.0
2024,9,VD,RB,Tyjae Spears,TEN,NE,29,0.0,0.0,0.0,0.0,0.0,0.0,0.0,0.0,0.0,0.0,0.0,0.0,0.0,0.0,0.0,-,0.0
2024,9,VD,WR,Chris Godwin,TB,@KC,7,0.0,0.0,0.0,0.0,0.0,0.0,0.0,0.0,0.0,0.0,0.0,0.0,0.0,0.0,0.0,-,0.0
2024,9,VD,QB,Justin Fields,PIT,BYE,---,0.0,0.0,0.0,0.0,0.0,0.0,0.0,0.0,0.0,0.0,0.0,0.0,0.0,0.0,0.0,-,0.0
2024,9,VD,RB,Jerick McKinnon Dead Cap,KC,0,0,0.0,0.0,0.0,0.0,0.0,0.0,0.0,0.0,0.0,0.0,0.0,0.0,0.0,0.0,0.0,-,0.0
2024,9,VD,QB,Anthony Richardson,IND,@MIN,8,0.0,0.0,0.0,0.0,0.0,0.0,0.0,0.0,0.0,0.0,0.0,0.0,0.0,0.0,0.0,-,0.0
2024,9,VD,DST,Lions,DET,@GB,14,,,,,,,,,,,,,,,,11,11.0
2024,9,WLW,RB,Chase Brown,CIN,LV,23,0.0,0.0,0.0,0.0,0.0,27.0,120.0,0.0,3.0,5.0,5.0,37.0,1.0,4.0,0.0,28.7,28.7
2024,9,WLW,QB,Lamar Jackson,BAL,DEN,4,16.0,19.0,280.0,3.0,0.0,3.0,4.0,0.0,1.0,0.0,0.0,0.0,0.0,0.0,0.0,24.6,24.6
2024,9,WLW,RB,Rico Dowdle,DAL,@ATL,10,0.0,0.0,0.0,0.0,0.0,12.0,75.0,0.0,4.0,6.0,5.0,32.0,1.0,3.0,0.0,23.7,23.7
2024,9,WLW,RB,Chuba Hubbard,CAR,NO,25,0.0,0.0,0.0,0.0,0.0,15.0,72.0,2.0,3.0,3.0,2.0,0.0,0.0,0.0,0.0,22.2,22.2
2024,9,WLW,QB,CJ Stroud,HOU,@NYJ,9,11.0,30.0,191.0,0.0,0.0,8.0,59.0,0.0,3.0,1.0,0.0,0.0,0.0,0.0,1.0,14.54,14.54
2024,9,WLW,RB,Kyren Williams,LAR,@SEA,24,0.0,0.0,0.0,0.0,0.0,22.0,69.0,0.0,4.0,3.0,1.0,26.0,0.0,1.0,0.0,14.5,14.5
2024,9,WLW,WR,Cooper Kupp,LAR,@SEA,20,0.0,0.0,0.0,0.0,0.0,0.0,0.0,0.0,0.0,14.0,11.0,104.0,0.0,4.0,0.0,14.4,14.4
2024,9,WLW,RB,Raheem Mostert,MIA,@BUF,30,0.0,0.0,0.0,0.0,0.0,10.0,56.0,0.0,3.0,2.0,2.0,32.0,0.0,2.0,1.0,11.8,11.8
2024,9,WLW,WR,CeeDee Lamb,DAL,@ATL,23,0.0,0.0,0.0,0.0,0.0,2.0,15.0,0.0,1.0,12.0,8.0,47.0,0.0,2.0,0.0,11.2,11.2
2024,9,WLW,QB,Jared Goff,DET,@GB,5,18.0,22.0,145.0,1.0,0.0,3.0,-2.0,0.0,0.0,0.0,0.0,0.0,0.0,0.0,0.0,9.8,9.8
2024,9,WLW,WR,Alec Pierce,IND,@MIN,31,0.0,0.0,0.0,0.0,0.0,0.0,0.0,0.0,0.0,3.0,3.0,41.0,0.0,3.0,0.0,7.1,7.1
2024,9,WLW,RB,Devin Singletary,NYG,WAS,16,0.0,0.0,0.0,0.0,0.0,7.0,33.0,0.0,3.0,0.0,0.0,0.0,0.0,0.0,0.0,6.3,6.3
2024,9,WLW,TE,Sam LaPorta,DET,@GB,21,0.0,0.0,0.0,0.0,0.0,0.0,0.0,0.0,0.0,3.0,2.0,28.0,0.0,1.0,0.0,3.8,3.8
2024,9,WLW,WR,Rashod Bateman,BAL,DEN,9,0.0,0.0,0.0,0.0,0.0,0.0,0.0,0.0,0.0,4.0,3.0,25.0,0.0,1.0,0.0,3.5,3.5
2024,9,WLW,TE,Erick All,CIN,LV,29,0.0,0.0,0.0,0.0,0.0,0.0,0.0,0.0,0.0,2.0,2.0,24.0,0.0,1.0,0.0,3.4,3.4
2024,9,WLW,WR,Mike Evans,TB,@KC,7,0.0,0.0,0.0,0.0,0.0,0.0,0.0,0.0,0.0,0.0,0.0,0.0,0.0,0.0,0.0,-,0.0
2024,9,WLW,WR,Christian Kirk,JAC,@PHI,15,0.0,0.0,0.0,0.0,0.0,0.0,0.0,0.0,0.0,0.0,0.0,0.0,0.0,0.0,0.0,-,0.0
2024,9,WLW,WR,Nico Collins,HOU,@NYJ,3,0.0,0.0,0.0,0.0,0.0,0.0,0.0,0.0,0.0,0.0,0.0,0.0,0.0,0.0,0.0,-,0.0
2024,9,WLW,WR,Diontae Johnson,BAL,DEN,9,0.0,0.0,0.0,0.0,0.0,0.0,0.0,0.0,0.0,0.0,0.0,0.0,0.0,0.0,0.0,0,0.0
2024,9,WLW,DST,Broncos,DEN,@BAL,3,,,,,,,,,,,,,,,,-3,-3.0
2024,10,AFL,QB,Kyler Murray,ARI,NYJ,15,22.0,24.0,266.0,1.0,0.0,3.0,21.0,2.0,3.0,0.0,0.0,0.0,0.0,0.0,0.0,31.74,31.74
2024,10,AFL,QB,Russell Wilson,PIT,@WAS,18,14.0,28.0,195.0,3.0,1.0,4.0,3.0,0.0,1.0,0.0,0.0,0.0,0.0,0.0,0.0,19.1,19.1
2024,10,AFL,TE,Travis Kelce,KC,DEN,15,0.0,0.0,0.0,0.0,0.0,0.0,0.0,0.0,0.0,12.0,8.0,64.0,1.0,5.0,0.0,17.4,17.4
2024,10,AFL,WR,AJ Brown,PHI,@DAL,19,0.0,0.0,0.0,0.0,0.0,0.0,0.0,0.0,0.0,7.0,5.0,109.0,0.0,4.0,0.0,14.9,14.9
2024,10,AFL,RB,Jahmyr Gibbs,DET,@HOU,7,0.0,0.0,0.0,0.0,0.0,19.0,71.0,0.0,3.0,3.0,2.0,37.0,0.0,1.0,0.0,14.8,14.8
2024,10,AFL,WR,Adonai Mitchell,IND,BUF,8,0.0,0.0,0.0,0.0,0.0,0.0,0.0,0.0,0.0,6.0,6.0,71.0,0.0,5.0,0.0,12.1,12.1
2024,10,AFL,QB,Jayden Daniels,WAS,PIT,2,17.0,34.0,202.0,0.0,0.0,3.0,5.0,0.0,0.0,0.0,0.0,0.0,0.0,0.0,0.0,8.58,8.58
2024,10,AFL,RB,D'Andre Swift,CHI,NE,25,0.0,0.0,0.0,0.0,0.0,16.0,59.0,0.0,2.0,1.0,1.0,6.0,0.0,0.0,0.0,8.5,8.5
2024,10,AFL,WR,Zay Flowers,BAL,CIN,17,0.0,0.0,0.0,0.0,0.0,0.0,0.0,0.0,0.0,6.0,4.0,34.0,0.0,2.0,0.0,5.4,5.4
2024,10,AFL,WR,Josh Palmer,LAC,TEN,1,0.0,0.0,0.0,0.0,0.0,0.0,0.0,0.0,0.0,2.0,1.0,36.0,0.0,1.0,0.0,4.6,4.6
2024,10,AFL,WR,Tee Higgins,CIN,@BAL,32,0.0,0.0,0.0,0.0,0.0,0.0,0.0,0.0,0.0,0.0,0.0,0.0,0.0,0.0,0.0,-,0.0
2024,10,AFL,QB,Spencer Rattler,NO,ATL,27,0.0,0.0,0.0,0.0,0.0,0.0,0.0,0.0,0.0,0.0,0.0,0.0,0.0,0.0,0.0,-,0.0
2024,10,AFL,RB,D'Ernest Johnson,JAC,MIN,3,0.0,0.0,0.0,0.0,0.0,0.0,0.0,0.0,0.0,0.0,0.0,0.0,0.0,0.0,0.0,0,0.0
2024,10,AFL,WR,Allen Lazard,NYJ,@ARI,18,0.0,0.0,0.0,0.0,0.0,0.0,0.0,0.0,0.0,0.0,0.0,0.0,0.0,0.0,0.0,-,0.0
2024,10,AFL,TE,Brock Bowers,LV,BYE,---,0.0,0.0,0.0,0.0,0.0,0.0,0.0,0.0,0.0,0.0,0.0,0.0,0.0,0.0,0.0,-,0.0
2024,10,AFL,WR,Chris Olave,NO,ATL,24,0.0,0.0,0.0,0.0,0.0,0.0,0.0,0.0,0.0,0.0,0.0,0.0,0.0,0.0,0.0,-,0.0
2024,10,AFL,WR,Darius Slayton,NYG,@CAR,14,0.0,0.0,0.0,0.0,0.0,0.0,0.0,0.0,0.0,0.0,0.0,0.0,0.0,0.0,0.0,-,0.0
2024,10,AFL,DST,Cowboys,DAL,PHI,18,9.0,9.0,,,,,,,,,,,,,,,
2024,10,AFL,DST,Chiefs,KC,DEN,12,,,,,,,,,,,,,,,,3,3.0
2024,10,CC,QB,Brock Purdy,SF,@TB,32,25.0,36.0,353.0,2.0,0.0,4.0,17.0,0.0,1.0,0.0,0.0,0.0,0.0,0.0,0.0,24.82,24.82
2024,10,CC,WR,George Pickens,PIT,@WAS,23,0.0,0.0,0.0,0.0,0.0,1.0,4.0,0.0,0.0,7.0,5.0,91.0,1.0,4.0,0.0,19.5,19.5
2024,10,CC,RB,James Cook,BUF,@IND,22,0.0,0.0,0.0,0.0,0.0,19.0,80.0,1.0,4.0,3.0,1.0,5.0,0.0,0.0,0.0,18.5,18.5
2024,10,CC,WR,Ricky Pearsall,SF,@TB,28,0.0,0.0,0.0,0.0,0.0,0.0,0.0,0.0,0.0,6.0,4.0,73.0,1.0,3.0,0.0,16.3,16.3
2024,10,CC,QB,Daniel Jones,NYG,@CAR,26,22.0,37.0,190.0,0.0,2.0,7.0,26.0,1.0,4.0,0.0,0.0,0.0,0.0,0.0,0.0,16.2,16.2
2024,10,CC,WR,Amon-Ra St Brown,DET,@HOU,26,0.0,0.0,0.0,0.0,0.0,0.0,0.0,0.0,0.0,8.0,6.0,60.0,1.0,4.0,0.0,16,16.0
2024,10,CC,RB,David Montgomery,DET,@HOU,7,0.0,0.0,0.0,0.0,0.0,12.0,32.0,1.0,3.0,2.0,1.0,24.0,0.0,1.0,0.0,15.6,15.6
2024,10,CC,QB,Drake Maye,NE,@CHI,1,15.0,25.0,184.0,1.0,1.0,4.0,24.0,0.0,1.0,0.0,0.0,0.0,0.0,0.0,0.0,12.76,12.76
2024,10,CC,WR,Deebo Samuel,SF,@TB,28,0.0,0.0,0.0,0.0,0.0,3.0,14.0,0.0,1.0,6.0,5.0,62.0,0.0,3.0,0.0,11.6,11.6
2024,10,CC,TE,Trey McBride,ARI,NYJ,9,0.0,0.0,0.0,0.0,0.0,0.0,0.0,0.0,0.0,5.0,4.0,71.0,0.0,4.0,0.0,11.1,11.1
2024,10,CC,WR,Quentin Johnston,LAC,TEN,1,0.0,0.0,0.0,0.0,0.0,0.0,0.0,0.0,0.0,2.0,2.0,24.0,1.0,1.0,0.0,9.4,9.4
2024,10,CC,WR,Ja'Lynn Polk,NE,@CHI,2,0.0,0.0,0.0,0.0,0.0,0.0,0.0,0.0,0.0,1.0,1.0,2.0,1.0,1.0,0.0,7.2,7.2
2024,10,CC,TE,Zach Ertz,WAS,PIT,10,0.0,0.0,0.0,0.0,0.0,0.0,0.0,0.0,0.0,8.0,4.0,31.0,0.0,0.0,0.0,3.1,3.1
2024,10,CC,WR,Brian Thomas,JAC,MIN,31,0.0,0.0,0.0,0.0,0.0,0.0,0.0,0.0,0.0,3.0,2.0,12.0,0.0,1.0,0.0,2.2,2.2
2024,10,CC,WR,Malachi Corley,NYJ,@ARI,18,0.0,0.0,0.0,0.0,0.0,0.0,0.0,0.0,0.0,2.0,1.0,2.0,0.0,1.0,0.0,1.2,1.2
2024,10,CC,WR,DK Metcalf,SEA,BYE,---,0.0,0.0,0.0,0.0,0.0,0.0,0.0,0.0,0.0,0.0,0.0,0.0,0.0,0.0,0.0,-,0.0
2024,10,CC,RB,Antonio Gibson Dead Cap,NE,0,0,0.0,0.0,0.0,0.0,0.0,0.0,0.0,0.0,0.0,0.0,0.0,0.0,0.0,0.0,0.0,-,0.0
2024,10,CC,RB,Jonathon Brooks,CAR,NYG,21,0.0,0.0,0.0,0.0,0.0,0.0,0.0,0.0,0.0,0.0,0.0,0.0,0.0,0.0,0.0,-,0.0
2024,10,CC,WR,Javon Baker,NE,@CHI,2,0.0,0.0,0.0,0.0,0.0,0.0,0.0,0.0,0.0,0.0,0.0,0.0,0.0,0.0,0.0,0,0.0
2024,10,CC,DST,Giants,NYG,@CAR,26,,,,,,,,,,,,,,,,4,4.0
2024,10,CRB,QB,Jalen Hurts,PHI,@DAL,28,14.0,20.0,202.0,2.0,1.0,7.0,56.0,2.0,4.0,0.0,0.0,0.0,0.0,0.0,1.0,33.68,33.68
2024,10,CRB,WR,Courtland Sutton,DEN,@KC,9,0.0,0.0,0.0,0.0,0.0,0.0,0.0,0.0,0.0,9.0,6.0,70.0,1.0,4.0,0.0,17,17.0
2024,10,CRB,QB,Bo Nix,DEN,@KC,20,22.0,30.0,215.0,2.0,0.0,3.0,-5.0,0.0,0.0,0.0,0.0,0.0,0.0,0.0,0.0,16.6,16.6
2024,10,CRB,RB,Jonathan Taylor,IND,BUF,29,0.0,0.0,0.0,0.0,0.0,21.0,114.0,0.0,4.0,4.0,2.0,8.0,0.0,0.0,0.0,16.2,16.2
2024,10,CRB,WR,Mike Williams,PIT,@WAS,23,0.0,0.0,0.0,0.0,0.0,0.0,0.0,0.0,0.0,1.0,1.0,32.0,1.0,1.0,0.0,10.2,10.2
2024,10,CRB,RB,De'Von Achane,MIA,@LAR,16,0.0,0.0,0.0,0.0,0.0,12.0,37.0,0.0,2.0,5.0,5.0,15.0,0.0,1.0,0.0,8.2,8.2
2024,10,CRB,WR,Keenan Allen,CHI,NE,16,0.0,0.0,0.0,0.0,0.0,0.0,0.0,0.0,0.0,6.0,5.0,44.0,0.0,2.0,0.0,6.4,6.4
2024,10,CRB,WR,Davante Adams,NYJ,@ARI,18,0.0,0.0,0.0,0.0,0.0,0.0,0.0,0.0,0.0,13.0,6.0,31.0,0.0,1.0,0.0,4.1,4.1
2024,10,CRB,TE,Mike Gesicki,CIN,@BAL,24,0.0,0.0,0.0,0.0,0.0,0.0,0.0,0.0,0.0,9.0,4.0,30.0,0.0,1.0,0.0,4,4.0
2024,10,CRB,RB,Antonio Gibson,NE,@CHI,17,0.0,0.0,0.0,0.0,0.0,5.0,26.0,0.0,1.0,0.0,0.0,0.0,0.0,0.0,0.0,3.6,3.6
2024,10,CRB,WR,Luke McCaffrey,WAS,PIT,12,0.0,0.0,0.0,0.0,0.0,0.0,0.0,0.0,0.0,3.0,1.0,23.0,0.0,1.0,0.0,3.3,3.3
2024,10,CRB,WR,DeVonta Smith,PHI,@DAL,19,0.0,0.0,0.0,0.0,0.0,0.0,0.0,0.0,0.0,3.0,2.0,14.0,0.0,0.0,0.0,1.4,1.4
2024,10,CRB,RB,Chris Rodriguez,WAS,PIT,11,0.0,0.0,0.0,0.0,0.0,2.0,4.0,0.0,0.0,0.0,0.0,0.0,0.0,0.0,0.0,0.4,0.4
2024,10,CRB,WR,Romeo Doubs,GB,BYE,---,0.0,0.0,0.0,0.0,0.0,0.0,0.0,0.0,0.0,0.0,0.0,0.0,0.0,0.0,0.0,-,0.0
2024,10,CRB,WR,Jalen McMillan,TB,SF,11,0.0,0.0,0.0,0.0,0.0,0.0,0.0,0.0,0.0,0.0,0.0,0.0,0.0,0.0,0.0,-,0.0
2024,10,CRB,RB,Josh Jacobs,GB,BYE,---,0.0,0.0,0.0,0.0,0.0,0.0,0.0,0.0,0.0,0.0,0.0,0.0,0.0,0.0,0.0,-,0.0
2024,10,CRB,TE,Isaiah Likely,BAL,CIN,28,0.0,0.0,0.0,0.0,0.0,0.0,0.0,0.0,0.0,0.0,0.0,0.0,0.0,0.0,0.0,-,0.0
2024,10,CRB,DST,Eagles,PHI,@DAL,28,21.0,21.0,,,,,,,,,,,,,,,
2024,10,CRB,DST,Commanders,WAS,PIT,4,,,,,,,,,,,,,,,,8,8.0
2024,10,ELP,QB,Josh Allen,BUF,@IND,24,22.0,37.0,280.0,0.0,2.0,8.0,50.0,1.0,5.0,0.0,0.0,0.0,0.0,0.0,0.0,23.2,23.2
2024,10,ELP,RB,Tyrone Tracy,NYG,@CAR,32,0.0,0.0,0.0,0.0,0.0,18.0,103.0,1.0,5.0,2.0,1.0,1.0,0.0,0.0,1.0,19.4,19.4
2024,10,ELP,TE,Mark Andrews,BAL,CIN,28,0.0,0.0,0.0,0.0,0.0,0.0,0.0,0.0,0.0,7.0,6.0,68.0,1.0,4.0,0.0,16.8,16.8
2024,10,ELP,WR,Tyreek Hill,MIA,@LAR,25,0.0,0.0,0.0,0.0,0.0,2.0,11.0,0.0,0.0,4.0,3.0,16.0,1.0,2.0,0.0,10.7,10.7
2024,10,ELP,QB,Kirk Cousins,ATL,@NO,10,23.0,38.0,306.0,0.0,1.0,0.0,0.0,0.0,0.0,0.0,0.0,0.0,0.0,0.0,0.0,10.24,10.24
2024,10,ELP,WR,DeAndre Hopkins,KC,DEN,4,0.0,0.0,0.0,0.0,0.0,0.0,0.0,0.0,0.0,5.0,4.0,56.0,0.0,3.0,0.0,8.6,8.6
2024,10,ELP,RB,Audric Estime,DEN,@KC,1,0.0,0.0,0.0,0.0,0.0,14.0,53.0,0.0,3.0,0.0,0.0,0.0,0.0,0.0,0.0,8.3,8.3
2024,10,ELP,WR,Jameson Williams,DET,@HOU,26,0.0,0.0,0.0,0.0,0.0,0.0,0.0,0.0,0.0,5.0,3.0,53.0,0.0,3.0,0.0,8.3,8.3
2024,10,ELP,WR,Khalil Shakir,BUF,@IND,22,0.0,0.0,0.0,0.0,0.0,0.0,0.0,0.0,0.0,9.0,6.0,58.0,0.0,2.0,0.0,7.8,7.8
2024,10,ELP,RB,Cam Akers,MIN,@JAC,27,0.0,0.0,0.0,0.0,0.0,13.0,38.0,0.0,3.0,1.0,1.0,9.0,0.0,0.0,0.0,7.7,7.7
2024,10,ELP,QB,Mac Jones,JAC,MIN,5,14.0,22.0,111.0,0.0,2.0,5.0,8.0,1.0,2.0,0.0,0.0,0.0,0.0,0.0,1.0,7.24,7.24
2024,10,ELP,WR,Demario Douglas,NE,@CHI,2,0.0,0.0,0.0,0.0,0.0,0.0,0.0,0.0,0.0,5.0,4.0,50.0,0.0,2.0,0.0,7,7.0
2024,10,ELP,TE,Theo Johnson,NYG,@CAR,32,0.0,0.0,0.0,0.0,0.0,0.0,0.0,0.0,0.0,6.0,4.0,37.0,0.0,3.0,0.0,6.7,6.7
2024,10,ELP,WR,Xavier Legette,CAR,NYG,13,0.0,0.0,0.0,0.0,0.0,0.0,0.0,0.0,0.0,4.0,3.0,40.0,0.0,2.0,0.0,6,6.0
2024,10,ELP,QB,Trey Lance,DAL,PHI,4,4.0,6.0,21.0,0.0,1.0,3.0,17.0,0.0,2.0,0.0,0.0,0.0,0.0,0.0,0.0,2.54,2.54
2024,10,ELP,WR,Adam Thielen,CAR,NYG,13,0.0,0.0,0.0,0.0,0.0,0.0,0.0,0.0,0.0,0.0,0.0,0.0,0.0,0.0,0.0,-,0.0
2024,10,ELP,WR,Jayden Reed,GB,BYE,---,0.0,0.0,0.0,0.0,0.0,0.0,0.0,0.0,0.0,0.0,0.0,0.0,0.0,0.0,0.0,-,0.0
2024,10,ELP,RB,Kenneth Walker,SEA,BYE,---,0.0,0.0,0.0,0.0,0.0,0.0,0.0,0.0,0.0,0.0,0.0,0.0,0.0,0.0,0.0,-,0.0
2024,10,ELP,RB,Nick Chubb,CLE,BYE,---,0.0,0.0,0.0,0.0,0.0,0.0,0.0,0.0,0.0,0.0,0.0,0.0,0.0,0.0,0.0,-,0.0
2024,10,ELP,DST,49ers,SF,@TB,14,,,,,,,,,,,,,,,,3,3.0
2024,10,FRR,WR,Ja'Marr Chase,CIN,@BAL,32,0.0,0.0,0.0,0.0,0.0,0.0,0.0,0.0,0.0,17.0,11.0,264.0,3.0,11.0,0.0,55.4,55.4
2024,10,FRR,WR,Calvin Ridley,TEN,@LAC,7,0.0,0.0,0.0,0.0,0.0,0.0,0.0,0.0,0.0,9.0,5.0,84.0,2.0,4.0,0.0,24.4,24.4
2024,10,FRR,QB,Patrick Mahomes,KC,DEN,6,28.0,42.0,266.0,1.0,0.0,3.0,19.0,0.0,1.0,0.0,0.0,0.0,0.0,0.0,0.0,17.54,17.54
2024,10,FRR,WR,Drake London,ATL,@NO,21,0.0,0.0,0.0,0.0,0.0,0.0,0.0,0.0,0.0,12.0,8.0,97.0,0.0,6.0,0.0,15.7,15.7
2024,10,FRR,WR,Terry McLaurin,WAS,PIT,12,0.0,0.0,0.0,0.0,0.0,0.0,0.0,0.0,0.0,6.0,5.0,113.0,0.0,4.0,0.0,15.3,15.3
2024,10,FRR,RB,Kareem Hunt,KC,DEN,12,0.0,0.0,0.0,0.0,0.0,14.0,35.0,0.0,3.0,10.0,7.0,65.0,0.0,2.0,0.0,15,15.0
2024,10,FRR,TE,TJ Hockenson,MIN,@JAC,27,0.0,0.0,0.0,0.0,0.0,0.0,0.0,0.0,0.0,9.0,8.0,72.0,0.0,6.0,0.0,13.2,13.2
2024,10,FRR,RB,Rhamondre Stevenson,NE,@CHI,17,0.0,0.0,0.0,0.0,0.0,20.0,74.0,0.0,3.0,1.0,1.0,3.0,0.0,0.0,0.0,10.7,10.7
2024,10,FRR,QB,Sam Darnold,MIN,@JAC,31,24.0,38.0,241.0,0.0,3.0,7.0,28.0,0.0,3.0,0.0,0.0,0.0,0.0,0.0,0.0,9.44,9.44
2024,10,FRR,TE,Taysom Hill,NO,ATL,23,0.0,0.0,0.0,0.0,0.0,4.0,14.0,0.0,1.0,2.0,2.0,36.0,0.0,1.0,0.0,7,7.0
2024,10,FRR,WR,Tank Dell,HOU,DET,29,0.0,0.0,0.0,0.0,0.0,1.0,-6.0,0.0,0.0,9.0,5.0,39.0,0.0,3.0,0.0,6.9,6.9
2024,10,FRR,WR,Jalen Coker,CAR,NYG,13,0.0,0.0,0.0,0.0,0.0,0.0,0.0,0.0,0.0,8.0,3.0,41.0,0.0,1.0,0.0,5.1,5.1
2024,10,FRR,TE,Dalton Kincaid,BUF,@IND,26,0.0,0.0,0.0,0.0,0.0,0.0,0.0,0.0,0.0,5.0,2.0,24.0,0.0,1.0,0.0,3.4,3.4
2024,10,FRR,RB,Blake Corum,LAR,MIA,24,0.0,0.0,0.0,0.0,0.0,2.0,8.0,0.0,0.0,1.0,1.0,7.0,0.0,1.0,0.0,2.5,2.5
2024,10,FRR,TE,Hunter Henry,NE,@CHI,20,0.0,0.0,0.0,0.0,0.0,0.0,0.0,0.0,0.0,4.0,1.0,14.0,0.0,1.0,0.0,2.4,2.4
2024,10,FRR,RB,Isiah Pacheco,KC,DEN,12,0.0,0.0,0.0,0.0,0.0,0.0,0.0,0.0,0.0,0.0,0.0,0.0,0.0,0.0,0.0,-,0.0
2024,10,FRR,RB,Brian Robinson,WAS,PIT,11,0.0,0.0,0.0,0.0,0.0,0.0,0.0,0.0,0.0,0.0,0.0,0.0,0.0,0.0,0.0,-,0.0
2024,10,FRR,WR,Brandon Aiyuk,SF,@TB,28,0.0,0.0,0.0,0.0,0.0,0.0,0.0,0.0,0.0,0.0,0.0,0.0,0.0,0.0,0.0,-,0.0
2024,10,FRR,WR,Elijah Moore,CLE,BYE,---,0.0,0.0,0.0,0.0,0.0,0.0,0.0,0.0,0.0,0.0,0.0,0.0,0.0,0.0,0.0,-,0.0
2024,10,FRR,WR,Roman Wilson,PIT,@WAS,23,0.0,0.0,0.0,0.0,0.0,0.0,0.0,0.0,0.0,0.0,0.0,0.0,0.0,0.0,0.0,-,0.0
2024,10,FRR,DST,Steelers,PIT,@WAS,2,,,,,,,,,,,,,,,,6,6.0
2024,10,GF,RB,Aaron Jones,MIN,@JAC,27,0.0,0.0,0.0,0.0,0.0,17.0,88.0,0.0,3.0,3.0,2.0,13.0,0.0,0.0,0.0,13.1,13.1
2024,10,GF,RB,JK Dobbins,LAC,TEN,13,0.0,0.0,0.0,0.0,0.0,15.0,50.0,0.0,3.0,3.0,3.0,5.0,0.0,1.0,0.0,9.5,9.5
2024,10,GF,RB,Gus Edwards,LAC,TEN,13,0.0,0.0,0.0,0.0,0.0,10.0,55.0,0.0,2.0,0.0,0.0,0.0,0.0,0.0,0.0,7.5,7.5
2024,10,GF,WR,Demarcus Robinson,LAR,MIA,6,0.0,0.0,0.0,0.0,0.0,0.0,0.0,0.0,0.0,5.0,1.0,23.0,0.0,1.0,0.0,3.3,3.3
2024,10,GF,WR,Jalen Tolbert,DAL,PHI,10,0.0,0.0,0.0,0.0,0.0,0.0,0.0,0.0,0.0,5.0,3.0,14.0,0.0,0.0,0.0,1.4,1.4
2024,10,GF,TE,Jake Ferguson,DAL,PHI,2,0.0,0.0,0.0,0.0,0.0,0.0,0.0,0.0,0.0,5.0,4.0,24.0,0.0,1.0,1.0,1.4,1.4
2024,10,GF,RB,Ezekiel Elliott,DAL,PHI,4,0.0,0.0,0.0,0.0,0.0,6.0,22.0,0.0,0.0,0.0,0.0,0.0,0.0,0.0,1.0,0.2,0.2
2024,10,GF,WR,Marquise Brown,KC,DEN,4,0.0,0.0,0.0,0.0,0.0,0.0,0.0,0.0,0.0,0.0,0.0,0.0,0.0,0.0,0.0,-,0.0
2024,10,GF,TE,Luke Musgrave,GB,BYE,---,0.0,0.0,0.0,0.0,0.0,0.0,0.0,0.0,0.0,0.0,0.0,0.0,0.0,0.0,0.0,-,0.0
2024,10,GF,WR,Jaxon Smith-Njigba,SEA,BYE,---,0.0,0.0,0.0,0.0,0.0,0.0,0.0,0.0,0.0,0.0,0.0,0.0,0.0,0.0,0.0,-,0.0
2024,10,GF,QB,JJ McCarthy,MIN,@JAC,31,0.0,0.0,0.0,0.0,0.0,0.0,0.0,0.0,0.0,0.0,0.0,0.0,0.0,0.0,0.0,-,0.0
2024,10,GF,RB,MarShawn Lloyd,GB,BYE,---,0.0,0.0,0.0,0.0,0.0,0.0,0.0,0.0,0.0,0.0,0.0,0.0,0.0,0.0,0.0,-,0.0
2024,10,GF,WR,Christian Watson,GB,BYE,---,0.0,0.0,0.0,0.0,0.0,0.0,0.0,0.0,0.0,0.0,0.0,0.0,0.0,0.0,0.0,-,0.0
2024,10,GF,QB,Jordan Love,GB,BYE,---,0.0,0.0,0.0,0.0,0.0,0.0,0.0,0.0,0.0,0.0,0.0,0.0,0.0,0.0,0.0,-,0.0
2024,10,GF,QB,Trevor Lawrence,JAC,MIN,5,0.0,0.0,0.0,0.0,0.0,0.0,0.0,0.0,0.0,0.0,0.0,0.0,0.0,0.0,0.0,-,0.0
2024,10,GF,WR,Dontayvion Wicks,GB,BYE,---,0.0,0.0,0.0,0.0,0.0,0.0,0.0,0.0,0.0,0.0,0.0,0.0,0.0,0.0,0.0,-,0.0
2024,10,GF,QB,Michael Penix,ATL,@NO,10,0.0,0.0,0.0,0.0,0.0,0.0,0.0,0.0,0.0,0.0,0.0,0.0,0.0,0.0,0.0,-,0.0
2024,10,GF,WR,Michael Pittman,IND,BUF,8,0.0,0.0,0.0,0.0,0.0,0.0,0.0,0.0,0.0,0.0,0.0,0.0,0.0,0.0,0.0,-,0.0
2024,10,GF,DST,Patriots,NE,@CHI,21,,,,,,,,,,,,,,,,18,18.0
2024,10,MAM,RB,James Conner,ARI,NYJ,18,0.0,0.0,0.0,0.0,0.0,12.0,33.0,1.0,3.0,5.0,5.0,80.0,0.0,3.0,0.0,23.3,23.3
2024,10,MAM,RB,Alvin Kamara,NO,ATL,9,0.0,0.0,0.0,0.0,0.0,17.0,55.0,0.0,3.0,6.0,5.0,54.0,0.0,1.0,0.0,14.9,14.9
2024,10,MAM,RB,Saquon Barkley,PHI,@DAL,31,0.0,0.0,0.0,0.0,0.0,14.0,66.0,0.0,4.0,1.0,1.0,12.0,0.0,1.0,0.0,12.8,12.8
2024,10,MAM,RB,Jaylen Warren,PIT,@WAS,19,0.0,0.0,0.0,0.0,0.0,14.0,66.0,0.0,4.0,2.0,2.0,29.0,0.0,1.0,1.0,12.5,12.5
2024,10,MAM,WR,Josh Downs,IND,BUF,8,0.0,0.0,0.0,0.0,0.0,0.0,0.0,0.0,0.0,10.0,7.0,72.0,0.0,3.0,0.0,10.2,10.2
2024,10,MAM,WR,Garrett Wilson,NYJ,@ARI,18,0.0,0.0,0.0,0.0,0.0,0.0,0.0,0.0,0.0,6.0,5.0,41.0,0.0,5.0,0.0,9.1,9.1
2024,10,MAM,WR,Wan'Dale Robinson,NYG,@CAR,14,0.0,0.0,0.0,0.0,0.0,0.0,0.0,0.0,0.0,8.0,5.0,51.0,0.0,4.0,0.0,9.1,9.1
2024,10,MAM,QB,Caleb Williams,CHI,NE,11,16.0,30.0,120.0,0.0,0.0,2.0,15.0,0.0,2.0,0.0,0.0,0.0,0.0,0.0,0.0,8.3,8.3
2024,10,MAM,QB,Tua Tagovailoa,MIA,@LAR,14,20.0,28.0,207.0,1.0,1.0,1.0,-1.0,0.0,0.0,0.0,0.0,0.0,0.0,0.0,1.0,8.28,8.28
2024,10,MAM,TE,Jonnu Smith,MIA,@LAR,25,0.0,0.0,0.0,0.0,0.0,0.0,0.0,0.0,0.0,4.0,3.0,45.0,0.0,2.0,0.0,6.5,6.5
2024,10,MAM,WR,Noah Brown,WAS,PIT,12,0.0,0.0,0.0,0.0,0.0,0.0,0.0,0.0,0.0,7.0,3.0,33.0,0.0,2.0,0.0,5.3,5.3
2024,10,MAM,WR,Michael Wilson,ARI,NYJ,3,0.0,0.0,0.0,0.0,0.0,0.0,0.0,0.0,0.0,4.0,3.0,24.0,0.0,2.0,0.0,4.4,4.4
2024,10,MAM,WR,DJ Moore,CHI,NE,16,0.0,0.0,0.0,0.0,0.0,1.0,3.0,0.0,0.0,6.0,3.0,24.0,0.0,1.0,0.0,3.7,3.7
2024,10,MAM,RB,Roschon Johnson,CHI,NE,25,0.0,0.0,0.0,0.0,0.0,1.0,-4.0,0.0,0.0,2.0,1.0,5.0,0.0,0.0,0.0,0.5,0.5
2024,10,MAM,WR,Rashid Shaheed,NO,ATL,24,0.0,0.0,0.0,0.0,0.0,0.0,0.0,0.0,0.0,0.0,0.0,0.0,0.0,0.0,0.0,-,0.0
2024,10,MAM,WR,Rashee Rice,KC,DEN,4,0.0,0.0,0.0,0.0,0.0,0.0,0.0,0.0,0.0,0.0,0.0,0.0,0.0,0.0,0.0,-,0.0
2024,10,MAM,QB,Geno Smith,SEA,BYE,---,0.0,0.0,0.0,0.0,0.0,0.0,0.0,0.0,0.0,0.0,0.0,0.0,0.0,0.0,0.0,-,0.0
2024,10,MAM,TE,David Njoku,CLE,BYE,---,0.0,0.0,0.0,0.0,0.0,0.0,0.0,0.0,0.0,0.0,0.0,0.0,0.0,0.0,0.0,-,0.0
2024,10,MAM,TE,Tucker Kraft,GB,BYE,---,0.0,0.0,0.0,0.0,0.0,0.0,0.0,0.0,0.0,0.0,0.0,0.0,0.0,0.0,0.0,-,0.0
2024,10,MAM,WR,Jerry Jeudy,CLE,BYE,---,0.0,0.0,0.0,0.0,0.0,0.0,0.0,0.0,0.0,0.0,0.0,0.0,0.0,0.0,0.0,-,0.0
2024,10,MAM,DST,Ravens,BAL,CIN,9,,,,,,,,,,,,,,,,6,6.0
2024,10,MCM,QB,Justin Herbert,LAC,TEN,21,14.0,18.0,164.0,1.0,0.0,9.0,32.0,1.0,4.0,0.0,0.0,0.0,0.0,0.0,0.0,23.76,23.76
2024,10,MCM,QB,Derek Carr,NO,ATL,27,16.0,25.0,269.0,2.0,0.0,4.0,17.0,0.0,0.0,0.0,0.0,0.0,0.0,0.0,0.0,20.46,20.46
2024,10,MCM,RB,Joe Mixon,HOU,DET,6,0.0,0.0,0.0,0.0,0.0,25.0,46.0,1.0,3.0,4.0,2.0,44.0,0.0,1.0,0.0,19,19.0
2024,10,MCM,WR,Puka Nacua,LAR,MIA,6,0.0,0.0,0.0,0.0,0.0,0.0,0.0,0.0,0.0,14.0,9.0,98.0,0.0,5.0,0.0,14.8,14.8
2024,10,MCM,RB,Christian McCaffrey,SF,@TB,20,0.0,0.0,0.0,0.0,0.0,13.0,39.0,0.0,1.0,7.0,6.0,68.0,0.0,3.0,0.0,14.7,14.7
2024,10,MCM,WR,Jauan Jennings,SF,@TB,28,0.0,0.0,0.0,0.0,0.0,0.0,0.0,0.0,0.0,11.0,7.0,93.0,0.0,5.0,0.0,14.3,14.3
2024,10,MCM,QB,Joe Flacco,IND,BUF,7,26.0,35.0,272.0,2.0,3.0,0.0,0.0,0.0,0.0,0.0,0.0,0.0,0.0,0.0,1.0,10.88,10.88
2024,10,MCM,RB,Jeremy McNichols,WAS,PIT,11,0.0,0.0,0.0,0.0,0.0,4.0,7.0,1.0,2.0,0.0,0.0,0.0,0.0,0.0,0.0,8.7,8.7
2024,10,MCM,TE,Cade Otton,TB,SF,11,0.0,0.0,0.0,0.0,0.0,0.0,0.0,0.0,0.0,8.0,5.0,35.0,0.0,3.0,0.0,6.5,6.5
2024,10,MCM,RB,Travis Etienne,JAC,MIN,3,0.0,0.0,0.0,0.0,0.0,11.0,44.0,0.0,2.0,1.0,1.0,-1.0,0.0,0.0,0.0,6.4,6.4
2024,10,MCM,WR,Ray-Ray McCloud,ATL,@NO,21,0.0,0.0,0.0,0.0,0.0,1.0,6.0,0.0,0.0,4.0,3.0,30.0,0.0,2.0,0.0,5.6,5.6
2024,10,MCM,WR,Nick Westbrook-Ikhine,TEN,@LAC,7,0.0,0.0,0.0,0.0,0.0,0.0,0.0,0.0,0.0,3.0,3.0,31.0,0.0,2.0,0.0,5.1,5.1
2024,10,MCM,WR,Jordan Addison,MIN,@JAC,27,0.0,0.0,0.0,0.0,0.0,1.0,4.0,0.0,0.0,5.0,2.0,25.0,0.0,1.0,0.0,3.9,3.9
2024,10,MCM,RB,Ray Davis,BUF,@IND,22,0.0,0.0,0.0,0.0,0.0,3.0,6.0,0.0,0.0,0.0,0.0,0.0,0.0,0.0,0.0,0.6,0.6
2024,10,MCM,RB,Jaylen Wright,MIA,@LAR,16,0.0,0.0,0.0,0.0,0.0,5.0,3.0,0.0,0.0,0.0,0.0,0.0,0.0,0.0,0.0,0.3,0.3
2024,10,MCM,QB,Mason Rudolph,TEN,@LAC,13,0.0,0.0,0.0,0.0,0.0,0.0,0.0,0.0,0.0,0.0,0.0,0.0,0.0,0.0,0.0,-,0.0
2024,10,MCM,RB,Isaac Guerendo,SF,@TB,20,0.0,0.0,0.0,0.0,0.0,1.0,0.0,0.0,0.0,0.0,0.0,0.0,0.0,0.0,0.0,0,0.0
2024,10,MCM,RB,Zack Moss,CIN,@BAL,5,0.0,0.0,0.0,0.0,0.0,0.0,0.0,0.0,0.0,0.0,0.0,0.0,0.0,0.0,0.0,-,0.0
2024,10,MCM,RB,Kimani Vidal,LAC,TEN,13,0.0,0.0,0.0,0.0,0.0,0.0,0.0,0.0,0.0,0.0,0.0,0.0,0.0,0.0,0.0,-,0.0
2024,10,MCM,DST,Vikings,MIN,@JAC,20,,,,,,,,,,,,,,,,15,15.0
2024,10,MWM,RB,Austin Ekeler,WAS,PIT,11,0.0,0.0,0.0,0.0,0.0,13.0,44.0,2.0,7.0,2.0,1.0,7.0,0.0,0.0,0.0,24.1,24.1
2024,10,MWM,RB,Rachaad White,TB,SF,14,0.0,0.0,0.0,0.0,0.0,10.0,31.0,0.0,2.0,7.0,6.0,39.0,1.0,3.0,0.0,18,18.0
2024,10,MWM,RB,Najee Harris,PIT,@WAS,19,0.0,0.0,0.0,0.0,0.0,21.0,53.0,1.0,4.0,0.0,0.0,0.0,0.0,0.0,0.0,15.3,15.3
2024,10,MWM,TE,George Kittle,SF,@TB,30,0.0,0.0,0.0,0.0,0.0,0.0,0.0,0.0,0.0,4.0,3.0,57.0,1.0,3.0,0.0,14.7,14.7
2024,10,MWM,WR,Darnell Mooney,ATL,@NO,21,0.0,0.0,0.0,0.0,0.0,0.0,0.0,0.0,0.0,10.0,5.0,96.0,0.0,3.0,0.0,12.6,12.6
2024,10,MWM,QB,Matthew Stafford,LAR,MIA,3,32.0,46.0,293.0,0.0,1.0,1.0,0.0,0.0,0.0,0.0,0.0,0.0,0.0,0.0,0.0,9.72,9.72
2024,10,MWM,RB,Tony Pollard,TEN,@LAC,2,0.0,0.0,0.0,0.0,0.0,9.0,44.0,0.0,2.0,4.0,4.0,19.0,0.0,1.0,0.0,9.3,9.3
2024,10,MWM,WR,Jaylen Waddle,MIA,@LAR,25,0.0,0.0,0.0,0.0,0.0,1.0,-1.0,0.0,0.0,6.0,3.0,57.0,0.0,2.0,0.0,7.7,7.7
2024,10,MWM,QB,Aaron Rodgers,NYJ,@ARI,16,22.0,35.0,151.0,0.0,0.0,0.0,0.0,0.0,0.0,0.0,0.0,0.0,0.0,0.0,1.0,4.04,4.04
2024,10,MWM,TE,Cole Kmet,CHI,NE,17,0.0,0.0,0.0,0.0,0.0,0.0,0.0,0.0,0.0,4.0,2.0,13.0,0.0,1.0,0.0,2.3,2.3
2024,10,MWM,RB,Tank Bigsby,JAC,MIN,3,0.0,0.0,0.0,0.0,0.0,2.0,4.0,0.0,0.0,0.0,0.0,0.0,0.0,0.0,0.0,0.4,0.4
2024,10,MWM,WR,Jakobi Meyers,LV,BYE,---,0.0,0.0,0.0,0.0,0.0,0.0,0.0,0.0,0.0,0.0,0.0,0.0,0.0,0.0,0.0,-,0.0
2024,10,MWM,WR,Tyler Lockett,SEA,BYE,---,0.0,0.0,0.0,0.0,0.0,0.0,0.0,0.0,0.0,0.0,0.0,0.0,0.0,0.0,0.0,-,0.0
2024,10,MWM,WR,DJ Chark,LAC,TEN,1,0.0,0.0,0.0,0.0,0.0,0.0,0.0,0.0,0.0,0.0,0.0,0.0,0.0,0.0,0.0,0,0.0
2024,10,MWM,QB,Hendon Hooker,DET,@HOU,19,0.0,0.0,0.0,0.0,0.0,0.0,0.0,0.0,0.0,0.0,0.0,0.0,0.0,0.0,0.0,-,0.0
2024,10,MWM,WR,Kendrick Bourne,NE,@CHI,2,0.0,0.0,0.0,0.0,0.0,0.0,0.0,0.0,0.0,0.0,0.0,0.0,0.0,0.0,0.0,-,0.0
2024,10,MWM,QB,Gardner Minshew,LV,BYE,---,0.0,0.0,0.0,0.0,0.0,0.0,0.0,0.0,0.0,0.0,0.0,0.0,0.0,0.0,0.0,-,0.0
2024,10,MWM,WR,Stefon Diggs,HOU,DET,29,0.0,0.0,0.0,0.0,0.0,0.0,0.0,0.0,0.0,0.0,0.0,0.0,0.0,0.0,0.0,-,0.0
2024,10,MWM,DST,Bills,BUF,@IND,24,23.0,23.0,,,,,,,,,,,,,,,
2024,10,MWM,DST,Bears,CHI,NE,23,,,,,,,,,,,,,,,,5,5.0
2024,10,NN,QB,Joe Burrow,CIN,@BAL,29,34.0,56.0,428.0,4.0,0.0,2.0,6.0,0.0,0.0,0.0,0.0,0.0,0.0,0.0,0.0,33.72,33.72
2024,10,NN,RB,Derrick Henry,BAL,CIN,10,0.0,0.0,0.0,0.0,0.0,16.0,68.0,1.0,3.0,1.0,1.0,3.0,0.0,0.0,0.0,16.1,16.1
2024,10,NN,RB,Breece Hall,NYJ,@ARI,26,0.0,0.0,0.0,0.0,0.0,10.0,52.0,0.0,2.0,4.0,4.0,31.0,0.0,1.0,0.0,11.3,11.3
2024,10,NN,TE,Pat Freiermuth,PIT,@WAS,19,0.0,0.0,0.0,0.0,0.0,0.0,0.0,0.0,0.0,3.0,3.0,17.0,1.0,3.0,0.0,10.7,10.7
2024,10,NN,RB,Tyler Allgeier,ATL,@NO,30,0.0,0.0,0.0,0.0,0.0,11.0,59.0,0.0,3.0,0.0,0.0,0.0,0.0,0.0,0.0,8.9,8.9
2024,10,NN,WR,Justin Jefferson,MIN,@JAC,27,0.0,0.0,0.0,0.0,0.0,0.0,0.0,0.0,0.0,9.0,5.0,48.0,0.0,4.0,0.0,8.8,8.8
2024,10,NN,WR,Malik Nabers,NYG,@CAR,14,0.0,0.0,0.0,0.0,0.0,1.0,-2.0,0.0,0.0,10.0,6.0,50.0,0.0,3.0,0.0,8,8.0
2024,10,NN,RB,Braelon Allen,NYJ,@ARI,26,0.0,0.0,0.0,0.0,0.0,7.0,27.0,0.0,3.0,1.0,1.0,7.0,0.0,0.0,0.0,6.4,6.4
2024,10,NN,TE,Evan Engram,JAC,MIN,14,0.0,0.0,0.0,0.0,0.0,0.0,0.0,0.0,0.0,8.0,6.0,40.0,0.0,2.0,0.0,6,6.0
2024,10,NN,WR,Xavier Worthy,KC,DEN,4,0.0,0.0,0.0,0.0,0.0,0.0,0.0,0.0,0.0,4.0,1.0,11.0,0.0,1.0,0.0,2.1,2.1
2024,10,NN,RB,Justice Hill,BAL,CIN,10,0.0,0.0,0.0,0.0,0.0,2.0,-2.0,0.0,0.0,2.0,2.0,0.0,0.0,1.0,0.0,1,1.0
2024,10,NN,WR,Troy Franklin,DEN,@KC,9,0.0,0.0,0.0,0.0,0.0,0.0,0.0,0.0,0.0,2.0,1.0,9.0,0.0,0.0,0.0,0.9,0.9
2024,10,NN,WR,Keon Coleman,BUF,@IND,22,0.0,0.0,0.0,0.0,0.0,0.0,0.0,0.0,0.0,0.0,0.0,0.0,0.0,0.0,0.0,-,0.0
2024,10,NN,QB,Dak Prescott,DAL,PHI,4,0.0,0.0,0.0,0.0,0.0,0.0,0.0,0.0,0.0,0.0,0.0,0.0,0.0,0.0,0.0,-,0.0
2024,10,NN,WR,Amari Cooper,BUF,@IND,22,0.0,0.0,0.0,0.0,0.0,0.0,0.0,0.0,0.0,0.0,0.0,0.0,0.0,0.0,0.0,-,0.0
2024,10,NN,RB,Alexander Mattison,LV,BYE,---,0.0,0.0,0.0,0.0,0.0,0.0,0.0,0.0,0.0,0.0,0.0,0.0,0.0,0.0,0.0,-,0.0
2024,10,NN,RB,Zach Charbonnet,SEA,BYE,---,0.0,0.0,0.0,0.0,0.0,0.0,0.0,0.0,0.0,0.0,0.0,0.0,0.0,0.0,0.0,-,0.0
2024,10,NN,QB,Cooper Rush,DAL,PHI,4,13.0,23.0,45.0,0.0,0.0,2.0,2.0,0.0,1.0,0.0,0.0,0.0,0.0,0.0,2.0,-1,-1.0
2024,10,NN,DST,Chargers,LAC,TEN,31,,,,,,,,,,,,,,,,8,8.0
2024,10,VD,RB,Bijan Robinson,ATL,@NO,30,0.0,0.0,0.0,0.0,0.0,20.0,116.0,2.0,6.0,4.0,3.0,28.0,0.0,0.0,0.0,32.4,32.4
2024,10,VD,QB,Will Levis,TEN,@LAC,13,18.0,23.0,175.0,2.0,0.0,5.0,41.0,0.0,4.0,0.0,0.0,0.0,0.0,0.0,0.0,23.1,23.1
2024,10,VD,RB,Bucky Irving,TB,SF,14,0.0,0.0,0.0,0.0,0.0,13.0,73.0,1.0,4.0,3.0,3.0,14.0,0.0,1.0,0.0,19.7,19.7
2024,10,VD,WR,Marvin Harrison,ARI,NYJ,3,0.0,0.0,0.0,0.0,0.0,0.0,0.0,0.0,0.0,5.0,5.0,54.0,1.0,3.0,0.0,14.4,14.4
2024,10,VD,RB,Trey Benson,ARI,NYJ,18,0.0,0.0,0.0,0.0,0.0,10.0,62.0,0.0,3.0,2.0,2.0,25.0,0.0,2.0,0.0,13.7,13.7
2024,10,VD,QB,Bryce Young,CAR,NYG,23,15.0,25.0,126.0,1.0,0.0,2.0,30.0,0.0,1.0,0.0,0.0,0.0,0.0,0.0,0.0,13.04,13.04
2024,10,VD,TE,Dallas Goedert,PHI,@DAL,18,0.0,0.0,0.0,0.0,0.0,0.0,0.0,0.0,0.0,3.0,2.0,25.0,1.0,2.0,0.0,10.5,10.5
2024,10,VD,QB,Baker Mayfield,TB,SF,8,18.0,29.0,116.0,1.0,0.0,3.0,3.0,0.0,0.0,0.0,0.0,0.0,0.0,0.0,0.0,8.94,8.94
2024,10,VD,RB,Tyjae Spears,TEN,@LAC,2,0.0,0.0,0.0,0.0,0.0,7.0,47.0,0.0,2.0,3.0,3.0,4.0,0.0,1.0,0.0,8.1,8.1
2024,10,VD,WR,Ladd McConkey,LAC,TEN,1,0.0,0.0,0.0,0.0,0.0,0.0,0.0,0.0,0.0,2.0,2.0,52.0,0.0,2.0,0.0,7.2,7.2
2024,10,VD,TE,Kyle Pitts,ATL,@NO,16,0.0,0.0,0.0,0.0,0.0,0.0,0.0,0.0,0.0,6.0,4.0,55.0,0.0,1.0,0.0,6.5,6.5
2024,10,VD,WR,Rome Odunze,CHI,NE,16,0.0,0.0,0.0,0.0,0.0,0.0,0.0,0.0,0.0,6.0,3.0,23.0,0.0,2.0,0.0,4.3,4.3
2024,10,VD,RB,Javonte Williams,DEN,@KC,1,0.0,0.0,0.0,0.0,0.0,1.0,1.0,0.0,0.0,2.0,2.0,6.0,0.0,0.0,0.0,0.7,0.7
2024,10,VD,RB,Jordan Mason,SF,@TB,20,0.0,0.0,0.0,0.0,0.0,1.0,5.0,0.0,0.0,0.0,0.0,0.0,0.0,0.0,0.0,0.5,0.5
2024,10,VD,WR,Cedric Tillman,CLE,BYE,---,0.0,0.0,0.0,0.0,0.0,0.0,0.0,0.0,0.0,0.0,0.0,0.0,0.0,0.0,0.0,-,0.0
2024,10,VD,QB,Anthony Richardson,IND,BUF,7,0.0,0.0,0.0,0.0,0.0,0.0,0.0,0.0,0.0,0.0,0.0,0.0,0.0,0.0,0.0,-,0.0
2024,10,VD,QB,Justin Fields,PIT,@WAS,18,0.0,0.0,0.0,0.0,0.0,0.0,0.0,0.0,0.0,0.0,0.0,0.0,0.0,0.0,0.0,-,0.0
2024,10,VD,QB,Jameis Winston,CLE,BYE,---,0.0,0.0,0.0,0.0,0.0,0.0,0.0,0.0,0.0,0.0,0.0,0.0,0.0,0.0,0.0,-,0.0
2024,10,VD,RB,Jerick McKinnon Dead Cap,KC,0,0,0.0,0.0,0.0,0.0,0.0,0.0,0.0,0.0,0.0,0.0,0.0,0.0,0.0,0.0,0.0,-,0.0
2024,10,VD,WR,Chris Godwin,TB,SF,11,0.0,0.0,0.0,0.0,0.0,0.0,0.0,0.0,0.0,0.0,0.0,0.0,0.0,0.0,0.0,-,0.0
2024,10,VD,DST,Lions,DET,@HOU,12,,,,,,,,,,,,,,,,10,10.0
2024,10,WLW,QB,Lamar Jackson,BAL,CIN,30,25.0,33.0,290.0,4.0,0.0,7.0,33.0,0.0,2.0,0.0,0.0,0.0,0.0,0.0,0.0,34.9,34.9
2024,10,WLW,RB,Chuba Hubbard,CAR,NYG,21,0.0,0.0,0.0,0.0,0.0,28.0,153.0,1.0,7.0,6.0,4.0,16.0,0.0,1.0,1.0,28.9,28.9
2024,10,WLW,WR,Alec Pierce,IND,BUF,8,0.0,0.0,0.0,0.0,0.0,0.0,0.0,0.0,0.0,7.0,4.0,81.0,1.0,4.0,0.0,18.1,18.1
2024,10,WLW,RB,Chase Brown,CIN,@BAL,5,0.0,0.0,0.0,0.0,0.0,13.0,42.0,1.0,1.0,11.0,9.0,52.0,0.0,3.0,1.0,17.4,17.4
2024,10,WLW,WR,Rashod Bateman,BAL,CIN,17,0.0,0.0,0.0,0.0,0.0,0.0,0.0,0.0,0.0,8.0,6.0,54.0,1.0,4.0,0.0,15.4,15.4
2024,10,WLW,TE,Sam LaPorta,DET,@HOU,4,0.0,0.0,0.0,0.0,0.0,0.0,0.0,0.0,0.0,6.0,3.0,66.0,1.0,2.0,0.0,14.6,14.6
2024,10,WLW,RB,Kyren Williams,LAR,MIA,24,0.0,0.0,0.0,0.0,0.0,15.0,62.0,0.0,4.0,6.0,5.0,20.0,0.0,2.0,1.0,12.2,12.2
2024,10,WLW,WR,Cooper Kupp,LAR,MIA,6,0.0,0.0,0.0,0.0,0.0,0.0,0.0,0.0,0.0,7.0,7.0,80.0,0.0,4.0,0.0,12,12.0
2024,10,WLW,QB,CJ Stroud,HOU,DET,12,19.0,33.0,232.0,1.0,2.0,1.0,5.0,0.0,0.0,0.0,0.0,0.0,0.0,0.0,0.0,9.78,9.78
2024,10,WLW,QB,Jared Goff,DET,@HOU,19,15.0,30.0,240.0,2.0,5.0,1.0,2.0,0.0,1.0,0.0,0.0,0.0,0.0,0.0,0.0,8.8,8.8
2024,10,WLW,RB,Rico Dowdle,DAL,PHI,4,0.0,0.0,0.0,0.0,0.0,12.0,53.0,0.0,2.0,3.0,3.0,3.0,0.0,0.0,0.0,7.6,7.6
2024,10,WLW,RB,Devin Singletary,NYG,@CAR,32,0.0,0.0,0.0,0.0,0.0,8.0,40.0,0.0,2.0,1.0,1.0,5.0,0.0,0.0,0.0,6.5,6.5
2024,10,WLW,WR,CeeDee Lamb,DAL,PHI,10,0.0,0.0,0.0,0.0,0.0,1.0,3.0,0.0,0.0,10.0,6.0,21.0,0.0,3.0,0.0,5.4,5.4
2024,10,WLW,RB,Raheem Mostert,MIA,@LAR,16,0.0,0.0,0.0,0.0,0.0,0.0,0.0,0.0,0.0,3.0,2.0,34.0,0.0,2.0,0.0,5.4,5.4
2024,10,WLW,WR,Diontae Johnson,BAL,CIN,17,0.0,0.0,0.0,0.0,0.0,0.0,0.0,0.0,0.0,2.0,1.0,6.0,0.0,0.0,0.0,0.6,0.6
2024,10,WLW,WR,Nico Collins,HOU,DET,29,0.0,0.0,0.0,0.0,0.0,0.0,0.0,0.0,0.0,0.0,0.0,0.0,0.0,0.0,0.0,-,0.0
2024,10,WLW,WR,Mike Evans,TB,SF,11,0.0,0.0,0.0,0.0,0.0,0.0,0.0,0.0,0.0,0.0,0.0,0.0,0.0,0.0,0.0,-,0.0
2024,10,WLW,TE,Erick All,CIN,@BAL,24,0.0,0.0,0.0,0.0,0.0,0.0,0.0,0.0,0.0,0.0,0.0,0.0,0.0,0.0,0.0,-,0.0
2024,10,WLW,WR,Christian Kirk,JAC,MIN,31,0.0,0.0,0.0,0.0,0.0,0.0,0.0,0.0,0.0,0.0,0.0,0.0,0.0,0.0,0.0,-,0.0
2024,10,WLW,DST,Broncos,DEN,@KC,8,,,,,,,,,,,,,,,,5,5.0
2024,11,AFL,TE,Brock Bowers,LV,@MIA,18,0.0,0.0,0.0,0.0,0.0,1.0,-3.0,0.0,0.0,16.0,13.0,126.0,1.0,10.0,0.0,28.60,28.6
2024,11,AFL,WR,Tee Higgins,CIN,@LAC,15,0.0,0.0,0.0,0.0,0.0,0.0,0.0,0.0,0.0,13.0,9.0,148.0,1.0,6.0,0.0,26.80,26.8
2024,11,AFL,RB,Jahmyr Gibbs,DET,JAC,30,0.0,0.0,0.0,0.0,0.0,11.0,69.0,1.0,3.0,1.0,1.0,54.0,0.0,1.0,0.0,22.30,22.3
2024,11,AFL,RB,D'Andre Swift,CHI,GB,19,0.0,0.0,0.0,0.0,0.0,14.0,71.0,1.0,2.0,2.0,2.0,13.0,0.0,0.0,0.0,16.40,16.4
2024,11,AFL,QB,Jayden Daniels,WAS,@PHI,5,22.0,32.0,191.0,1.0,1.0,7.0,18.0,0.0,1.0,0.0,0.0,0.0,0.0,0.0,0.0,14.44,14.44
2024,11,AFL,WR,Zay Flowers,BAL,@PIT,8,0.0,0.0,0.0,0.0,0.0,0.0,0.0,0.0,0.0,6.0,2.0,39.0,1.0,2.0,0.0,11.90,11.9
2024,11,AFL,WR,AJ Brown,PHI,WAS,18,0.0,0.0,0.0,0.0,0.0,0.0,0.0,0.0,0.0,8.0,5.0,65.0,0.0,4.0,0.0,10.50,10.5
2024,11,AFL,QB,Russell Wilson,PIT,BAL,29,23.0,36.0,205.0,0.0,1.0,4.0,1.0,0.0,0.0,0.0,0.0,0.0,0.0,0.0,0.0,6.30,6.3
2024,11,AFL,WR,Adonai Mitchell,IND,@NYJ,6,0.0,0.0,0.0,0.0,0.0,1.0,2.0,0.0,0.0,2.0,1.0,33.0,0.0,1.0,0.0,4.50,4.5
2024,11,AFL,WR,Josh Palmer,LAC,CIN,21,0.0,0.0,0.0,0.0,0.0,0.0,0.0,0.0,0.0,4.0,2.0,23.0,0.0,2.0,0.0,4.30,4.3
2024,11,AFL,TE,Travis Kelce,KC,@BUF,13,0.0,0.0,0.0,0.0,0.0,0.0,0.0,0.0,0.0,4.0,2.0,8.0,0.0,0.0,0.0,0.80,0.8
2024,11,AFL,RB,D'Ernest Johnson,JAC,@DET,4,0.0,0.0,0.0,0.0,0.0,2.0,3.0,0.0,0.0,0.0,0.0,0.0,0.0,0.0,0.0,0.30,0.3
2024,11,AFL,QB,Spencer Rattler,NO,CLE,20,0.0,0.0,0.0,0.0,0.0,0.0,0.0,0.0,0.0,0.0,0.0,0.0,0.0,0.0,0.0,-,0.0
2024,11,AFL,WR,Darius Slayton,NYG,BYE,---,0.0,0.0,0.0,0.0,0.0,0.0,0.0,0.0,0.0,0.0,0.0,0.0,0.0,0.0,0.0,-,0.0
2024,11,AFL,WR,Chris Olave,NO,CLE,28,0.0,0.0,0.0,0.0,0.0,0.0,0.0,0.0,0.0,0.0,0.0,0.0,0.0,0.0,0.0,-,0.0
2024,11,AFL,WR,Allen Lazard,NYJ,IND,17,0.0,0.0,0.0,0.0,0.0,0.0,0.0,0.0,0.0,0.0,0.0,0.0,0.0,0.0,0.0,-,0.0
2024,11,AFL,QB,Kyler Murray,ARI,BYE,---,0.0,0.0,0.0,0.0,0.0,0.0,0.0,0.0,0.0,0.0,0.0,0.0,0.0,0.0,0.0,-,0.0
2024,11,AFL,DST,Cowboys,DAL,HOU,11,4.0,4.0,,,,,,,,,,,,,,,
2024,11,AFL,DST,Chiefs,KC,@BUF,1,,,,,,,,,,,,,,,,3.00,3.0
2024,11,CC,WR,Amon-Ra St Brown,DET,JAC,31,0.0,0.0,0.0,0.0,0.0,1.0,-4.0,0.0,0.0,11.0,11.0,161.0,2.0,9.0,0.0,37.10,37.1
2024,11,CC,RB,David Montgomery,DET,JAC,30,0.0,0.0,0.0,0.0,0.0,15.0,75.0,2.0,7.0,3.0,3.0,20.0,0.0,1.0,0.0,29.50,29.5
2024,11,CC,QB,Brock Purdy,SF,SEA,17,21.0,28.0,159.0,1.0,1.0,5.0,40.0,1.0,3.0,0.0,0.0,0.0,0.0,0.0,0.0,21.36,21.36
2024,11,CC,QB,Drake Maye,NE,LAR,13,30.0,40.0,282.0,2.0,1.0,3.0,27.0,0.0,1.0,0.0,0.0,0.0,0.0,0.0,1.0,18.98,18.98
2024,11,CC,TE,Zach Ertz,WAS,@PHI,3,0.0,0.0,0.0,0.0,0.0,0.0,0.0,0.0,0.0,7.0,6.0,47.0,1.0,5.0,0.0,17.70,17.7
2024,11,CC,RB,James Cook,BUF,KC,1,0.0,0.0,0.0,0.0,0.0,9.0,20.0,2.0,2.0,6.0,5.0,7.0,0.0,0.0,0.0,16.70,16.7
2024,11,CC,WR,George Pickens,PIT,BAL,32,0.0,0.0,0.0,0.0,0.0,0.0,0.0,0.0,0.0,12.0,8.0,89.0,0.0,4.0,0.0,12.90,12.9
2024,11,CC,WR,Quentin Johnston,LAC,CIN,21,0.0,0.0,0.0,0.0,0.0,0.0,0.0,0.0,0.0,8.0,2.0,48.0,1.0,2.0,0.0,12.80,12.8
2024,11,CC,WR,Brian Thomas,JAC,@DET,24,0.0,0.0,0.0,0.0,0.0,1.0,4.0,0.0,0.0,7.0,5.0,82.0,0.0,4.0,0.0,12.60,12.6
2024,11,CC,WR,DK Metcalf,SEA,@SF,12,0.0,0.0,0.0,0.0,0.0,0.0,0.0,0.0,0.0,9.0,7.0,70.0,0.0,3.0,0.0,10.00,10.0
2024,11,CC,WR,Deebo Samuel,SF,SEA,20,0.0,0.0,0.0,0.0,0.0,1.0,-1.0,0.0,0.0,7.0,4.0,22.0,0.0,2.0,0.0,4.20,4.2
2024,11,CC,WR,Malachi Corley,NYJ,IND,17,0.0,0.0,0.0,0.0,0.0,0.0,0.0,0.0,0.0,1.0,1.0,10.0,0.0,0.0,0.0,1.00,1.0
2024,11,CC,WR,Ja'Lynn Polk,NE,LAR,25,0.0,0.0,0.0,0.0,0.0,0.0,0.0,0.0,0.0,0.0,0.0,0.0,0.0,0.0,0.0,0.00,0.0
2024,11,CC,WR,Javon Baker,NE,LAR,25,0.0,0.0,0.0,0.0,0.0,0.0,0.0,0.0,0.0,0.0,0.0,0.0,0.0,0.0,0.0,0.00,0.0
2024,11,CC,TE,Trey McBride,ARI,BYE,---,0.0,0.0,0.0,0.0,0.0,0.0,0.0,0.0,0.0,0.0,0.0,0.0,0.0,0.0,0.0,-,0.0
2024,11,CC,RB,Jonathon Brooks,CAR,BYE,---,0.0,0.0,0.0,0.0,0.0,0.0,0.0,0.0,0.0,0.0,0.0,0.0,0.0,0.0,0.0,-,0.0
2024,11,CC,WR,Ricky Pearsall,SF,SEA,20,0.0,0.0,0.0,0.0,0.0,0.0,0.0,0.0,0.0,2.0,0.0,0.0,0.0,0.0,0.0,0.00,0.0
2024,11,CC,RB,Antonio Gibson Dead Cap,NE,0,0,0.0,0.0,0.0,0.0,0.0,0.0,0.0,0.0,0.0,0.0,0.0,0.0,0.0,0.0,0.0,-,0.0
2024,11,CC,QB,Daniel Jones,NYG,BYE,---,0.0,0.0,0.0,0.0,0.0,0.0,0.0,0.0,0.0,0.0,0.0,0.0,0.0,0.0,0.0,-,0.0
2024,11,CC,DST,Saints,NO,CLE,29,,,,,,,,,,,,,,,,6.00,6.0
2024,11,CRB,QB,Bo Nix,DEN,ATL,27,28.0,33.0,307.0,4.0,0.0,2.0,5.0,0.0,0.0,0.0,0.0,0.0,0.0,0.0,0.0,28.78,28.78
2024,11,CRB,RB,Josh Jacobs,GB,@CHI,20,0.0,0.0,0.0,0.0,0.0,18.0,76.0,1.0,5.0,5.0,4.0,58.0,0.0,2.0,0.0,26.40,26.4
2024,11,CRB,QB,Jalen Hurts,PHI,WAS,18,18.0,28.0,221.0,0.0,0.0,10.0,39.0,1.0,4.0,0.0,0.0,0.0,0.0,0.0,0.0,22.74,22.74
2024,11,CRB,RB,De'Von Achane,MIA,LV,23,0.0,0.0,0.0,0.0,0.0,17.0,73.0,1.0,4.0,4.0,4.0,32.0,0.0,1.0,0.0,21.50,21.5
2024,11,CRB,WR,Courtland Sutton,DEN,ATL,29,0.0,0.0,0.0,0.0,0.0,0.0,0.0,0.0,0.0,8.0,7.0,78.0,0.0,3.0,0.0,10.80,10.8
2024,11,CRB,WR,Davante Adams,NYJ,IND,17,0.0,0.0,0.0,0.0,0.0,0.0,0.0,0.0,0.0,7.0,6.0,72.0,0.0,3.0,0.0,10.20,10.2
2024,11,CRB,TE,Isaiah Likely,BAL,@PIT,10,0.0,0.0,0.0,0.0,0.0,0.0,0.0,0.0,0.0,5.0,4.0,75.0,0.0,3.0,1.0,8.50,8.5
2024,11,CRB,RB,Jonathan Taylor,IND,@NYJ,14,0.0,0.0,0.0,0.0,0.0,24.0,57.0,0.0,2.0,2.0,1.0,3.0,0.0,0.0,0.0,8.00,8.0
2024,11,CRB,WR,Keenan Allen,CHI,GB,14,0.0,0.0,0.0,0.0,0.0,0.0,0.0,0.0,0.0,8.0,4.0,41.0,0.0,2.0,0.0,6.10,6.1
2024,11,CRB,WR,DeVonta Smith,PHI,WAS,18,0.0,0.0,0.0,0.0,0.0,0.0,0.0,0.0,0.0,6.0,4.0,29.0,0.0,2.0,0.0,4.90,4.9
2024,11,CRB,RB,Antonio Gibson,NE,LAR,16,0.0,0.0,0.0,0.0,0.0,4.0,18.0,0.0,1.0,1.0,1.0,2.0,0.0,0.0,0.0,3.00,3.0
2024,11,CRB,WR,Romeo Doubs,GB,@CHI,3,0.0,0.0,0.0,0.0,0.0,0.0,0.0,0.0,0.0,2.0,1.0,17.0,0.0,1.0,0.0,2.70,2.7
2024,11,CRB,RB,Chris Rodriguez,WAS,@PHI,6,0.0,0.0,0.0,0.0,0.0,0.0,0.0,0.0,0.0,0.0,0.0,0.0,0.0,0.0,0.0,-,0.0
2024,11,CRB,WR,Luke McCaffrey,WAS,@PHI,5,0.0,0.0,0.0,0.0,0.0,0.0,0.0,0.0,0.0,1.0,0.0,0.0,0.0,0.0,0.0,0.00,0.0
2024,11,CRB,WR,Jalen McMillan,TB,BYE,---,0.0,0.0,0.0,0.0,0.0,0.0,0.0,0.0,0.0,0.0,0.0,0.0,0.0,0.0,0.0,-,0.0
2024,11,CRB,WR,Mike Williams,PIT,BAL,32,0.0,0.0,0.0,0.0,0.0,0.0,0.0,0.0,0.0,0.0,0.0,0.0,0.0,0.0,0.0,0.00,0.0
2024,11,CRB,TE,Mike Gesicki,CIN,@LAC,6,0.0,0.0,0.0,0.0,0.0,0.0,0.0,0.0,0.0,2.0,0.0,0.0,0.0,0.0,0.0,0.00,0.0
2024,11,CRB,DST,Eagles,PHI,WAS,3,8.0,8.0,,,,,,,,,,,,,,,
2024,11,CRB,DST,Commanders,WAS,@PHI,18,,,,,,,,,,,,,,,,2.00,2.0
2024,11,ELP,QB,Josh Allen,BUF,KC,21,27.0,40.0,262.0,1.0,1.0,12.0,55.0,1.0,4.0,0.0,0.0,0.0,0.0,0.0,0.0,27.98,27.98
2024,11,ELP,WR,Jameson Williams,DET,JAC,31,0.0,0.0,0.0,0.0,0.0,1.0,2.0,0.0,0.0,6.0,4.0,124.0,1.0,5.0,0.0,23.60,23.6
2024,11,ELP,WR,Tyreek Hill,MIA,LV,7,0.0,0.0,0.0,0.0,0.0,0.0,0.0,0.0,0.0,8.0,7.0,61.0,1.0,6.0,0.0,18.10,18.1
2024,11,ELP,RB,Kenneth Walker,SEA,@SF,16,0.0,0.0,0.0,0.0,0.0,14.0,54.0,1.0,4.0,2.0,2.0,5.0,0.0,0.0,0.0,15.90,15.9
2024,11,ELP,RB,Cam Akers,MIN,@TEN,13,0.0,0.0,0.0,0.0,0.0,10.0,25.0,0.0,1.0,2.0,2.0,11.0,1.0,1.0,0.0,11.60,11.6
2024,11,ELP,WR,Khalil Shakir,BUF,KC,13,0.0,0.0,0.0,0.0,0.0,0.0,0.0,0.0,0.0,12.0,8.0,70.0,0.0,4.0,0.0,11.00,11.0
2024,11,ELP,WR,Jayden Reed,GB,@CHI,3,0.0,0.0,0.0,0.0,0.0,1.0,-5.0,0.0,0.0,2.0,2.0,23.0,1.0,2.0,0.0,10.30,10.3
2024,11,ELP,WR,Demario Douglas,NE,LAR,24,0.0,0.0,0.0,0.0,0.0,0.0,0.0,0.0,0.0,7.0,5.0,59.0,0.0,3.0,0.0,8.90,8.9
2024,11,ELP,RB,Nick Chubb,CLE,@NO,29,0.0,0.0,0.0,0.0,0.0,11.0,50.0,0.0,3.0,0.0,0.0,0.0,0.0,0.0,0.0,8.00,8.0
2024,11,ELP,QB,Mac Jones,JAC,@DET,8,17.0,29.0,138.0,0.0,1.0,2.0,7.0,0.0,1.0,0.0,0.0,0.0,0.0,0.0,0.0,5.22,5.22
2024,11,ELP,QB,Kirk Cousins,ATL,@DEN,4,18.0,27.0,173.0,0.0,1.0,1.0,0.0,0.0,0.0,0.0,0.0,0.0,0.0,0.0,0.0,4.92,4.92
2024,11,ELP,WR,DeAndre Hopkins,KC,@BUF,9,0.0,0.0,0.0,0.0,0.0,0.0,0.0,0.0,0.0,4.0,3.0,29.0,0.0,2.0,0.0,4.90,4.9
2024,11,ELP,RB,Audric Estime,DEN,ATL,9,0.0,0.0,0.0,0.0,0.0,6.0,16.0,0.0,0.0,3.0,3.0,9.0,0.0,1.0,0.0,3.50,3.5
2024,11,ELP,TE,Mark Andrews,BAL,@PIT,9,0.0,0.0,0.0,0.0,0.0,0.0,0.0,0.0,0.0,3.0,2.0,22.0,0.0,1.0,0.0,3.20,3.2
2024,11,ELP,TE,Theo Johnson,NYG,BYE,---,0.0,0.0,0.0,0.0,0.0,0.0,0.0,0.0,0.0,0.0,0.0,0.0,0.0,0.0,0.0,-,0.0
2024,11,ELP,WR,Xavier Legette,CAR,BYE,---,0.0,0.0,0.0,0.0,0.0,0.0,0.0,0.0,0.0,0.0,0.0,0.0,0.0,0.0,0.0,-,0.0
2024,11,ELP,QB,Drew Lock,NYG,BYE,---,0.0,0.0,0.0,0.0,0.0,0.0,0.0,0.0,0.0,0.0,0.0,0.0,0.0,0.0,0.0,-,0.0
2024,11,ELP,RB,Tyrone Tracy,NYG,BYE,---,0.0,0.0,0.0,0.0,0.0,0.0,0.0,0.0,0.0,0.0,0.0,0.0,0.0,0.0,0.0,-,0.0
2024,11,ELP,DST,49ers,SF,SEA,27,,,,,,,,,,,,,,,,9.00,9.0
2024,11,FRR,TE,Taysom Hill,NO,CLE,24,1.0,2.0,18.0,0.0,1.0,7.0,138.0,3.0,4.0,10.0,8.0,50.0,0.0,2.0,1.0,39.52,39.52
2024,11,FRR,QB,Sam Darnold,MIN,@TEN,23,20.0,32.0,246.0,2.0,0.0,8.0,18.0,1.0,4.0,0.0,0.0,0.0,0.0,0.0,1.0,27.64,27.64
2024,11,FRR,WR,Ja'Marr Chase,CIN,@LAC,15,0.0,0.0,0.0,0.0,0.0,0.0,0.0,0.0,0.0,13.0,7.0,75.0,2.0,3.0,0.0,22.50,22.5
2024,11,FRR,RB,Brian Robinson,WAS,@PHI,6,0.0,0.0,0.0,0.0,0.0,16.0,63.0,1.0,4.0,1.0,1.0,9.0,0.0,0.0,0.0,17.20,17.2
2024,11,FRR,QB,Patrick Mahomes,KC,@BUF,7,23.0,33.0,196.0,3.0,2.0,0.0,0.0,0.0,0.0,0.0,0.0,0.0,0.0,0.0,0.0,15.84,15.84
2024,11,FRR,RB,Rhamondre Stevenson,NE,LAR,16,0.0,0.0,0.0,0.0,0.0,20.0,73.0,0.0,3.0,4.0,4.0,16.0,0.0,0.0,0.0,11.90,11.9
2024,11,FRR,TE,Hunter Henry,NE,LAR,26,0.0,0.0,0.0,0.0,0.0,0.0,0.0,0.0,0.0,9.0,6.0,63.0,0.0,4.0,0.0,10.30,10.3
2024,11,FRR,WR,Drake London,ATL,@DEN,1,0.0,0.0,0.0,0.0,0.0,0.0,0.0,0.0,0.0,7.0,3.0,61.0,0.0,3.0,0.0,9.10,9.1
2024,11,FRR,WR,Tank Dell,HOU,@DAL,16,0.0,0.0,0.0,0.0,0.0,1.0,4.0,0.0,0.0,7.0,4.0,54.0,0.0,3.0,0.0,8.80,8.8
2024,11,FRR,WR,Calvin Ridley,TEN,MIN,30,0.0,0.0,0.0,0.0,0.0,0.0,0.0,0.0,0.0,6.0,4.0,58.0,0.0,3.0,0.0,8.80,8.8
2024,11,FRR,RB,Kareem Hunt,KC,@BUF,28,0.0,0.0,0.0,0.0,0.0,14.0,60.0,0.0,2.0,0.0,0.0,0.0,0.0,0.0,0.0,8.00,8.0
2024,11,FRR,RB,Blake Corum,LAR,@NE,22,0.0,0.0,0.0,0.0,0.0,5.0,21.0,0.0,1.0,1.0,1.0,7.0,0.0,0.0,0.0,3.80,3.8
2024,11,FRR,TE,TJ Hockenson,MIN,@TEN,8,0.0,0.0,0.0,0.0,0.0,0.0,0.0,0.0,0.0,3.0,2.0,13.0,0.0,2.0,0.0,3.30,3.3
2024,11,FRR,WR,Terry McLaurin,WAS,@PHI,5,0.0,0.0,0.0,0.0,0.0,0.0,0.0,0.0,0.0,2.0,1.0,10.0,0.0,1.0,0.0,2.00,2.0
2024,11,FRR,RB,Isiah Pacheco,KC,@BUF,28,0.0,0.0,0.0,0.0,0.0,0.0,0.0,0.0,0.0,0.0,0.0,0.0,0.0,0.0,0.0,-,0.0
2024,11,FRR,WR,Jalen Coker,CAR,BYE,---,0.0,0.0,0.0,0.0,0.0,0.0,0.0,0.0,0.0,0.0,0.0,0.0,0.0,0.0,0.0,-,0.0
2024,11,FRR,WR,Brandon Aiyuk,SF,SEA,20,0.0,0.0,0.0,0.0,0.0,0.0,0.0,0.0,0.0,0.0,0.0,0.0,0.0,0.0,0.0,-,0.0
2024,11,FRR,TE,Dalton Kincaid,BUF,KC,28,0.0,0.0,0.0,0.0,0.0,0.0,0.0,0.0,0.0,0.0,0.0,0.0,0.0,0.0,0.0,-,0.0
2024,11,FRR,WR,Roman Wilson,PIT,BAL,32,0.0,0.0,0.0,0.0,0.0,0.0,0.0,0.0,0.0,0.0,0.0,0.0,0.0,0.0,0.0,-,0.0
2024,11,FRR,DST,Texans,HOU,@DAL,30,24.0,24.0,,,,,,,,,,,,,,,
2024,11,FRR,DST,Steelers,PIT,BAL,2,,,,,,,,,,,,,,,,10.00,10.0
2024,11,GF,QB,Jordan Love,GB,@CHI,2,13.0,17.0,261.0,1.0,1.0,4.0,18.0,1.0,2.0,0.0,0.0,0.0,0.0,0.0,0.0,22.24,22.24
2024,11,GF,RB,JK Dobbins,LAC,CIN,12,0.0,0.0,0.0,0.0,0.0,11.0,56.0,2.0,3.0,1.0,1.0,3.0,0.0,0.0,0.0,20.90,20.9
2024,11,GF,WR,Christian Watson,GB,@CHI,3,0.0,0.0,0.0,0.0,0.0,0.0,0.0,0.0,0.0,4.0,4.0,150.0,0.0,4.0,0.0,19.00,19.0
2024,11,GF,WR,Jaxon Smith-Njigba,SEA,@SF,12,0.0,0.0,0.0,0.0,0.0,1.0,8.0,0.0,1.0,11.0,10.0,110.0,0.0,6.0,0.0,18.80,18.8
2024,11,GF,WR,Michael Pittman,IND,@NYJ,6,0.0,0.0,0.0,0.0,0.0,0.0,0.0,0.0,0.0,8.0,5.0,46.0,0.0,2.0,0.0,6.60,6.6
2024,11,GF,RB,Aaron Jones,MIN,@TEN,13,0.0,0.0,0.0,0.0,0.0,15.0,39.0,0.0,0.0,1.0,1.0,4.0,0.0,0.0,0.0,4.30,4.3
2024,11,GF,RB,Gus Edwards,LAC,CIN,12,0.0,0.0,0.0,0.0,0.0,6.0,27.0,0.0,1.0,0.0,0.0,0.0,0.0,0.0,0.0,3.70,3.7
2024,11,GF,RB,Ezekiel Elliott,DAL,HOU,5,0.0,0.0,0.0,0.0,0.0,1.0,8.0,0.0,1.0,3.0,3.0,16.0,0.0,0.0,0.0,3.40,3.4
2024,11,GF,WR,Jalen Tolbert,DAL,HOU,27,0.0,0.0,0.0,0.0,0.0,0.0,0.0,0.0,0.0,5.0,2.0,21.0,0.0,1.0,0.0,3.10,3.1
2024,11,GF,WR,Demarcus Robinson,LAR,@NE,22,0.0,0.0,0.0,0.0,0.0,0.0,0.0,0.0,0.0,4.0,2.0,19.0,0.0,1.0,0.0,2.90,2.9
2024,11,GF,TE,Jake Ferguson,DAL,HOU,5,0.0,0.0,0.0,0.0,0.0,0.0,0.0,0.0,0.0,1.0,1.0,11.0,0.0,1.0,0.0,2.10,2.1
2024,11,GF,QB,Michael Penix,ATL,@DEN,4,2.0,4.0,24.0,0.0,0.0,0.0,0.0,0.0,0.0,0.0,0.0,0.0,0.0,0.0,0.0,0.96,0.96
2024,11,GF,WR,Dontayvion Wicks,GB,@CHI,3,0.0,0.0,0.0,0.0,0.0,0.0,0.0,0.0,0.0,1.0,0.0,0.0,0.0,0.0,0.0,0.00,0.0
2024,11,GF,WR,Marquise Brown,KC,@BUF,9,0.0,0.0,0.0,0.0,0.0,0.0,0.0,0.0,0.0,0.0,0.0,0.0,0.0,0.0,0.0,-,0.0
2024,11,GF,TE,Luke Musgrave,GB,@CHI,14,0.0,0.0,0.0,0.0,0.0,0.0,0.0,0.0,0.0,0.0,0.0,0.0,0.0,0.0,0.0,-,0.0
2024,11,GF,QB,Trevor Lawrence,JAC,@DET,8,0.0,0.0,0.0,0.0,0.0,0.0,0.0,0.0,0.0,0.0,0.0,0.0,0.0,0.0,0.0,-,0.0
2024,11,GF,RB,MarShawn Lloyd,GB,@CHI,20,0.0,0.0,0.0,0.0,0.0,0.0,0.0,0.0,0.0,0.0,0.0,0.0,0.0,0.0,0.0,-,0.0
2024,11,GF,QB,JJ McCarthy,MIN,@TEN,23,0.0,0.0,0.0,0.0,0.0,0.0,0.0,0.0,0.0,0.0,0.0,0.0,0.0,0.0,0.0,-,0.0
2024,11,GF,DST,Patriots,NE,LAR,14,,,,,,,,,,,,,,,,-1.00,-1.0
2024,11,MAM,RB,Saquon Barkley,PHI,WAS,26,0.0,0.0,0.0,0.0,0.0,26.0,146.0,2.0,7.0,3.0,2.0,52.0,0.0,1.0,0.0,39.80,39.8
2024,11,MAM,TE,Jonnu Smith,MIA,LV,31,0.0,0.0,0.0,0.0,0.0,0.0,0.0,0.0,0.0,8.0,6.0,101.0,2.0,6.0,0.0,28.10,28.1
2024,11,MAM,WR,Jerry Jeudy,CLE,@NO,23,0.0,0.0,0.0,0.0,0.0,0.0,0.0,0.0,0.0,11.0,6.0,142.0,1.0,4.0,0.0,24.20,24.2
2024,11,MAM,QB,Tua Tagovailoa,MIA,LV,25,28.0,36.0,288.0,3.0,0.0,0.0,0.0,0.0,0.0,0.0,0.0,0.0,0.0,0.0,0.0,23.52,23.52
2024,11,MAM,QB,Caleb Williams,CHI,GB,10,23.0,31.0,231.0,0.0,0.0,9.0,70.0,0.0,5.0,0.0,0.0,0.0,0.0,0.0,0.0,21.24,21.24
2024,11,MAM,WR,Josh Downs,IND,@NYJ,6,0.0,0.0,0.0,0.0,0.0,0.0,0.0,0.0,0.0,5.0,5.0,84.0,1.0,5.0,0.0,19.40,19.4
2024,11,MAM,QB,Geno Smith,SEA,@SF,9,25.0,32.0,221.0,0.0,1.0,4.0,29.0,1.0,2.0,0.0,0.0,0.0,0.0,0.0,0.0,17.74,17.74
2024,11,MAM,TE,David Njoku,CLE,@NO,20,0.0,0.0,0.0,0.0,0.0,0.0,0.0,0.0,0.0,9.0,9.0,81.0,0.0,4.0,0.0,14.10,14.1
2024,11,MAM,RB,Roschon Johnson,CHI,GB,19,0.0,0.0,0.0,0.0,0.0,10.0,33.0,1.0,3.0,1.0,1.0,8.0,0.0,1.0,0.0,14.10,14.1
2024,11,MAM,RB,Alvin Kamara,NO,CLE,8,0.0,0.0,0.0,0.0,0.0,16.0,67.0,0.0,3.0,4.0,4.0,22.0,0.0,1.0,0.0,12.90,12.9
2024,11,MAM,RB,Jaylen Warren,PIT,BAL,7,0.0,0.0,0.0,0.0,0.0,9.0,41.0,0.0,2.0,4.0,4.0,27.0,0.0,2.0,0.0,10.80,10.8
2024,11,MAM,WR,DJ Moore,CHI,GB,14,0.0,0.0,0.0,0.0,0.0,1.0,5.0,0.0,0.0,7.0,7.0,62.0,0.0,4.0,0.0,10.70,10.7
2024,11,MAM,WR,Garrett Wilson,NYJ,IND,17,0.0,0.0,0.0,0.0,0.0,0.0,0.0,0.0,0.0,8.0,4.0,18.0,0.0,0.0,0.0,1.80,1.8
2024,11,MAM,WR,Noah Brown,WAS,@PHI,5,0.0,0.0,0.0,0.0,0.0,0.0,0.0,0.0,0.0,4.0,1.0,4.0,0.0,0.0,0.0,0.40,0.4
2024,11,MAM,TE,Tucker Kraft,GB,@CHI,14,0.0,0.0,0.0,0.0,0.0,0.0,0.0,0.0,0.0,1.0,0.0,0.0,0.0,0.0,0.0,0.00,0.0
2024,11,MAM,WR,Rashid Shaheed,NO,CLE,28,0.0,0.0,0.0,0.0,0.0,0.0,0.0,0.0,0.0,0.0,0.0,0.0,0.0,0.0,0.0,-,0.0
2024,11,MAM,WR,Wan'Dale Robinson,NYG,BYE,---,0.0,0.0,0.0,0.0,0.0,0.0,0.0,0.0,0.0,0.0,0.0,0.0,0.0,0.0,0.0,-,0.0
2024,11,MAM,RB,James Conner,ARI,BYE,---,0.0,0.0,0.0,0.0,0.0,0.0,0.0,0.0,0.0,0.0,0.0,0.0,0.0,0.0,0.0,-,0.0
2024,11,MAM,WR,Michael Wilson,ARI,BYE,---,0.0,0.0,0.0,0.0,0.0,0.0,0.0,0.0,0.0,0.0,0.0,0.0,0.0,0.0,0.0,-,0.0
2024,11,MAM,WR,Rashee Rice,KC,@BUF,9,0.0,0.0,0.0,0.0,0.0,0.0,0.0,0.0,0.0,0.0,0.0,0.0,0.0,0.0,0.0,-,0.0
2024,11,MAM,DST,Ravens,BAL,@PIT,7,,,,,,,,,,,,,,,,9.00,9.0
2024,11,MCM,RB,Joe Mixon,HOU,@DAL,31,0.0,0.0,0.0,0.0,0.0,20.0,109.0,3.0,5.0,4.0,2.0,44.0,0.0,2.0,0.0,40.30,40.3
2024,11,MCM,QB,Justin Herbert,LAC,CIN,30,17.0,36.0,297.0,2.0,0.0,5.0,65.0,0.0,3.0,0.0,0.0,0.0,0.0,0.0,1.0,27.38,27.38
2024,11,MCM,WR,Puka Nacua,LAR,@NE,22,0.0,0.0,0.0,0.0,0.0,0.0,0.0,0.0,0.0,9.0,7.0,123.0,1.0,7.0,0.0,25.30,25.3
2024,11,MCM,WR,Jauan Jennings,SF,SEA,20,0.0,0.0,0.0,0.0,0.0,0.0,0.0,0.0,0.0,11.0,10.0,91.0,1.0,7.0,0.0,22.10,22.1
2024,11,MCM,QB,Derek Carr,NO,CLE,20,21.0,27.0,248.0,2.0,0.0,1.0,8.0,0.0,1.0,0.0,0.0,0.0,0.0,0.0,0.0,19.72,19.72
2024,11,MCM,WR,Nick Westbrook-Ikhine,TEN,MIN,30,0.0,0.0,0.0,0.0,0.0,0.0,0.0,0.0,0.0,6.0,2.0,117.0,1.0,1.0,0.0,18.70,18.7
2024,11,MCM,RB,Christian McCaffrey,SF,SEA,25,0.0,0.0,0.0,0.0,0.0,19.0,79.0,0.0,5.0,5.0,4.0,27.0,0.0,1.0,0.0,16.60,16.6
2024,11,MCM,WR,Jordan Addison,MIN,@TEN,2,0.0,0.0,0.0,0.0,0.0,0.0,0.0,0.0,0.0,8.0,3.0,61.0,1.0,2.0,0.0,14.10,14.1
2024,11,MCM,WR,Ray-Ray McCloud,ATL,@DEN,1,0.0,0.0,0.0,0.0,0.0,0.0,0.0,0.0,0.0,6.0,6.0,46.0,0.0,2.0,0.0,6.60,6.6
2024,11,MCM,TE,Dalton Schultz,HOU,@DAL,15,0.0,0.0,0.0,0.0,0.0,0.0,0.0,0.0,0.0,7.0,5.0,33.0,0.0,2.0,0.0,5.30,5.3
2024,11,MCM,RB,Travis Etienne,JAC,@DET,4,0.0,0.0,0.0,0.0,0.0,12.0,27.0,0.0,1.0,3.0,3.0,6.0,0.0,0.0,0.0,4.30,4.3
2024,11,MCM,RB,Ray Davis,BUF,KC,1,0.0,0.0,0.0,0.0,0.0,5.0,11.0,0.0,1.0,0.0,0.0,0.0,0.0,0.0,0.0,2.10,2.1
2024,11,MCM,RB,Jeremy McNichols,WAS,@PHI,6,0.0,0.0,0.0,0.0,0.0,3.0,5.0,0.0,1.0,1.0,1.0,1.0,0.0,0.0,0.0,1.60,1.6
2024,11,MCM,RB,Jaylen Wright,MIA,LV,23,0.0,0.0,0.0,0.0,0.0,5.0,4.0,0.0,0.0,1.0,1.0,2.0,0.0,0.0,0.0,0.60,0.6
2024,11,MCM,QB,Joe Flacco,IND,@NYJ,19,0.0,0.0,0.0,0.0,0.0,0.0,0.0,0.0,0.0,0.0,0.0,0.0,0.0,0.0,0.0,-,0.0
2024,11,MCM,RB,Zack Moss,CIN,@LAC,3,0.0,0.0,0.0,0.0,0.0,0.0,0.0,0.0,0.0,0.0,0.0,0.0,0.0,0.0,0.0,-,0.0
2024,11,MCM,RB,Isaac Guerendo,SF,SEA,25,0.0,0.0,0.0,0.0,0.0,0.0,0.0,0.0,0.0,0.0,0.0,0.0,0.0,0.0,0.0,0.00,0.0
2024,11,MCM,TE,Cade Otton,TB,BYE,---,0.0,0.0,0.0,0.0,0.0,0.0,0.0,0.0,0.0,0.0,0.0,0.0,0.0,0.0,0.0,-,0.0
2024,11,MCM,RB,Kimani Vidal,LAC,CIN,12,0.0,0.0,0.0,0.0,0.0,0.0,0.0,0.0,0.0,0.0,0.0,0.0,0.0,0.0,0.0,-,0.0
2024,11,MCM,DST,Vikings,MIN,@TEN,32,,,,,,,,,,,,,,,,14.00,14.0
2024,11,MWM,QB,Matthew Stafford,LAR,@NE,12,18.0,27.0,295.0,4.0,0.0,4.0,0.0,0.0,1.0,0.0,0.0,0.0,0.0,0.0,0.0,28.80,28.8
2024,11,MWM,QB,Gardner Minshew,LV,@MIA,3,30.0,43.0,282.0,2.0,1.0,2.0,7.0,0.0,1.0,0.0,0.0,0.0,0.0,0.0,0.0,18.98,18.98
2024,11,MWM,WR,Kendrick Bourne,NE,LAR,25,0.0,0.0,0.0,0.0,0.0,0.0,0.0,0.0,0.0,5.0,5.0,70.0,1.0,4.0,0.0,17.00,17.0
2024,11,MWM,QB,Aaron Rodgers,NYJ,IND,22,22.0,29.0,184.0,2.0,0.0,1.0,7.0,0.0,0.0,0.0,0.0,0.0,0.0,0.0,0.0,16.06,16.06
2024,11,MWM,RB,Najee Harris,PIT,BAL,7,0.0,0.0,0.0,0.0,0.0,18.0,63.0,0.0,5.0,5.0,4.0,30.0,0.0,1.0,0.0,15.30,15.3
2024,11,MWM,RB,Austin Ekeler,WAS,@PHI,6,0.0,0.0,0.0,0.0,0.0,2.0,7.0,0.0,0.0,9.0,8.0,89.0,0.0,3.0,0.0,12.60,12.6
2024,11,MWM,WR,Jakobi Meyers,LV,@MIA,4,0.0,0.0,0.0,0.0,0.0,1.0,20.0,0.0,1.0,6.0,4.0,28.0,0.0,1.0,0.0,6.80,6.8
2024,11,MWM,TE,Cole Kmet,CHI,GB,21,0.0,0.0,0.0,0.0,0.0,0.0,0.0,0.0,0.0,3.0,3.0,42.0,0.0,2.0,0.0,6.20,6.2
2024,11,MWM,WR,Jaylen Waddle,MIA,LV,7,0.0,0.0,0.0,0.0,0.0,0.0,0.0,0.0,0.0,3.0,2.0,37.0,0.0,2.0,0.0,5.70,5.7
2024,11,MWM,RB,Tony Pollard,TEN,MIN,2,0.0,0.0,0.0,0.0,0.0,9.0,15.0,0.0,1.0,4.0,2.0,14.0,0.0,1.0,0.0,4.90,4.9
2024,11,MWM,WR,Darnell Mooney,ATL,@DEN,1,0.0,0.0,0.0,0.0,0.0,0.0,0.0,0.0,0.0,4.0,2.0,27.0,0.0,1.0,0.0,3.70,3.7
2024,11,MWM,WR,Tyler Lockett,SEA,@SF,12,0.0,0.0,0.0,0.0,0.0,0.0,0.0,0.0,0.0,3.0,2.0,19.0,0.0,1.0,0.0,2.90,2.9
2024,11,MWM,QB,Hendon Hooker,DET,JAC,31,3.0,4.0,37.0,0.0,0.0,4.0,3.0,0.0,1.0,0.0,0.0,0.0,0.0,0.0,0.0,2.78,2.78
2024,11,MWM,RB,Rachaad White,TB,BYE,---,0.0,0.0,0.0,0.0,0.0,0.0,0.0,0.0,0.0,0.0,0.0,0.0,0.0,0.0,0.0,-,0.0
2024,11,MWM,WR,Stefon Diggs,HOU,@DAL,16,0.0,0.0,0.0,0.0,0.0,0.0,0.0,0.0,0.0,0.0,0.0,0.0,0.0,0.0,0.0,-,0.0
2024,11,MWM,WR,DJ Chark,LAC,CIN,21,0.0,0.0,0.0,0.0,0.0,0.0,0.0,0.0,0.0,0.0,0.0,0.0,0.0,0.0,0.0,-,0.0
2024,11,MWM,RB,Tank Bigsby,JAC,@DET,4,0.0,0.0,0.0,0.0,0.0,0.0,0.0,0.0,0.0,0.0,0.0,0.0,0.0,0.0,0.0,-,0.0
2024,11,MWM,TE,George Kittle,SF,SEA,19,0.0,0.0,0.0,0.0,0.0,0.0,0.0,0.0,0.0,0.0,0.0,0.0,0.0,0.0,0.0,-,0.0
2024,11,MWM,DST,Bills,BUF,KC,10,9.0,9.0,,,,,,,,,,,,,,,
2024,11,MWM,DST,Dolphins,MIA,LV,31,,,,,,,,,,,,,,,,7.00,7.0
2024,11,NN,QB,Joe Burrow,CIN,@LAC,15,28.0,50.0,356.0,3.0,0.0,2.0,28.0,0.0,2.0,0.0,0.0,0.0,0.0,0.0,0.0,31.04,31.04
2024,11,NN,RB,Breece Hall,NYJ,IND,21,0.0,0.0,0.0,0.0,0.0,16.0,78.0,1.0,3.0,7.0,7.0,43.0,1.0,1.0,0.0,28.10,28.1
2024,11,NN,QB,Cooper Rush,DAL,HOU,16,32.0,55.0,354.0,1.0,1.0,2.0,2.0,0.0,0.0,0.0,0.0,0.0,0.0,0.0,0.0,16.36,16.36
2024,11,NN,WR,Xavier Worthy,KC,@BUF,9,0.0,0.0,0.0,0.0,0.0,1.0,7.0,0.0,0.0,5.0,4.0,61.0,1.0,3.0,0.0,15.80,15.8
2024,11,NN,RB,Derrick Henry,BAL,@PIT,11,0.0,0.0,0.0,0.0,0.0,13.0,65.0,1.0,3.0,0.0,0.0,0.0,0.0,0.0,1.0,13.50,13.5
2024,11,NN,WR,Justin Jefferson,MIN,@TEN,2,0.0,0.0,0.0,0.0,0.0,0.0,0.0,0.0,0.0,8.0,6.0,81.0,0.0,3.0,0.0,11.10,11.1
2024,11,NN,RB,Alexander Mattison,LV,@MIA,24,0.0,0.0,0.0,0.0,0.0,5.0,19.0,0.0,1.0,3.0,3.0,50.0,0.0,1.0,0.0,8.90,8.9
2024,11,NN,WR,Troy Franklin,DEN,ATL,29,0.0,0.0,0.0,0.0,0.0,0.0,0.0,0.0,0.0,2.0,2.0,15.0,1.0,1.0,0.0,8.50,8.5
2024,11,NN,WR,Amari Cooper,BUF,KC,13,0.0,0.0,0.0,0.0,0.0,0.0,0.0,0.0,0.0,3.0,2.0,55.0,0.0,2.0,0.0,7.50,7.5
2024,11,NN,WR,Kayshon Boutte,NE,LAR,25,0.0,0.0,0.0,0.0,0.0,0.0,0.0,0.0,0.0,6.0,4.0,33.0,0.0,3.0,0.0,6.30,6.3
2024,11,NN,TE,Evan Engram,JAC,@DET,2,0.0,0.0,0.0,0.0,0.0,0.0,0.0,0.0,0.0,7.0,5.0,28.0,0.0,2.0,0.0,4.80,4.8
2024,11,NN,RB,Zach Charbonnet,SEA,@SF,15,0.0,0.0,0.0,0.0,0.0,4.0,3.0,0.0,1.0,2.0,2.0,2.0,0.0,0.0,0.0,1.50,1.5
2024,11,NN,TE,Pat Freiermuth,PIT,BAL,23,0.0,0.0,0.0,0.0,0.0,0.0,0.0,0.0,0.0,2.0,2.0,14.0,0.0,0.0,0.0,1.40,1.4
2024,11,NN,RB,Braelon Allen,NYJ,IND,21,0.0,0.0,0.0,0.0,0.0,2.0,6.0,0.0,0.0,0.0,0.0,0.0,0.0,0.0,0.0,0.60,0.6
2024,11,NN,RB,Tyler Allgeier,ATL,@DEN,10,0.0,0.0,0.0,0.0,0.0,0.0,0.0,0.0,0.0,1.0,1.0,-1.0,0.0,0.0,0.0,0.00,0.0
2024,11,NN,WR,Malik Nabers,NYG,BYE,---,0.0,0.0,0.0,0.0,0.0,0.0,0.0,0.0,0.0,0.0,0.0,0.0,0.0,0.0,0.0,-,0.0
2024,11,NN,WR,Keon Coleman,BUF,KC,13,0.0,0.0,0.0,0.0,0.0,0.0,0.0,0.0,0.0,0.0,0.0,0.0,0.0,0.0,0.0,-,0.0
2024,11,NN,QB,Dak Prescott,DAL,HOU,16,0.0,0.0,0.0,0.0,0.0,0.0,0.0,0.0,0.0,0.0,0.0,0.0,0.0,0.0,0.0,-,0.0
2024,11,NN,DST,Chargers,LAC,CIN,9,,,,,,,,,,,,,,,,3.00,3.0
2024,11,VD,QB,Anthony Richardson,IND,@NYJ,19,20.0,30.0,272.0,1.0,0.0,10.0,32.0,2.0,3.0,0.0,0.0,0.0,0.0,0.0,1.0,31.08,31.08
2024,11,VD,QB,Jameis Winston,CLE,@NO,11,30.0,46.0,395.0,2.0,0.0,1.0,8.0,0.0,0.0,0.0,0.0,0.0,0.0,0.0,0.0,26.60,26.6
2024,11,VD,RB,Javonte Williams,DEN,ATL,9,0.0,0.0,0.0,0.0,0.0,9.0,59.0,1.0,4.0,5.0,4.0,28.0,0.0,2.0,0.0,20.70,20.7
2024,11,VD,WR,Ladd McConkey,LAC,CIN,21,0.0,0.0,0.0,0.0,0.0,0.0,0.0,0.0,0.0,9.0,6.0,123.0,0.0,6.0,0.0,18.30,18.3
2024,11,VD,QB,Will Levis,TEN,MIN,6,17.0,31.0,295.0,1.0,1.0,7.0,18.0,0.0,2.0,0.0,0.0,0.0,0.0,0.0,0.0,17.60,17.6
2024,11,VD,WR,Rome Odunze,CHI,GB,14,0.0,0.0,0.0,0.0,0.0,0.0,0.0,0.0,0.0,10.0,6.0,65.0,0.0,3.0,0.0,9.50,9.5
2024,11,VD,RB,Bijan Robinson,ATL,@DEN,10,0.0,0.0,0.0,0.0,0.0,12.0,35.0,0.0,1.0,4.0,4.0,28.0,0.0,2.0,0.0,9.30,9.3
2024,11,VD,TE,Dallas Goedert,PHI,WAS,17,0.0,0.0,0.0,0.0,0.0,0.0,0.0,0.0,0.0,5.0,5.0,61.0,0.0,2.0,0.0,8.10,8.1
2024,11,VD,WR,Cedric Tillman,CLE,@NO,23,0.0,0.0,0.0,0.0,0.0,0.0,0.0,0.0,0.0,8.0,3.0,47.0,0.0,2.0,0.0,6.70,6.7
2024,11,VD,RB,Jordan Mason,SF,SEA,25,0.0,0.0,0.0,0.0,0.0,2.0,13.0,0.0,1.0,0.0,0.0,0.0,0.0,0.0,0.0,2.30,2.3
2024,11,VD,QB,Justin Fields,PIT,BAL,29,0.0,0.0,0.0,0.0,0.0,2.0,17.0,0.0,0.0,0.0,0.0,0.0,0.0,0.0,0.0,1.70,1.7
2024,11,VD,TE,Kyle Pitts,ATL,@DEN,12,0.0,0.0,0.0,0.0,0.0,0.0,0.0,0.0,0.0,3.0,1.0,9.0,0.0,0.0,0.0,0.90,0.9
2024,11,VD,RB,Tyjae Spears,TEN,MIN,2,0.0,0.0,0.0,0.0,0.0,3.0,0.0,0.0,0.0,3.0,2.0,8.0,0.0,0.0,0.0,0.80,0.8
2024,11,VD,QB,Bryce Young,CAR,BYE,---,0.0,0.0,0.0,0.0,0.0,0.0,0.0,0.0,0.0,0.0,0.0,0.0,0.0,0.0,0.0,-,0.0
2024,11,VD,RB,Jerick McKinnon Dead Cap,KC,0,0,0.0,0.0,0.0,0.0,0.0,0.0,0.0,0.0,0.0,0.0,0.0,0.0,0.0,0.0,0.0,-,0.0
2024,11,VD,RB,Bucky Irving,TB,BYE,---,0.0,0.0,0.0,0.0,0.0,0.0,0.0,0.0,0.0,0.0,0.0,0.0,0.0,0.0,0.0,-,0.0
2024,11,VD,WR,Marvin Harrison,ARI,BYE,---,0.0,0.0,0.0,0.0,0.0,0.0,0.0,0.0,0.0,0.0,0.0,0.0,0.0,0.0,0.0,-,0.0
2024,11,VD,WR,Chris Godwin,TB,BYE,---,0.0,0.0,0.0,0.0,0.0,0.0,0.0,0.0,0.0,0.0,0.0,0.0,0.0,0.0,0.0,-,0.0
2024,11,VD,RB,Trey Benson,ARI,BYE,---,0.0,0.0,0.0,0.0,0.0,0.0,0.0,0.0,0.0,0.0,0.0,0.0,0.0,0.0,0.0,-,0.0
2024,11,VD,QB,Baker Mayfield,TB,BYE,---,0.0,0.0,0.0,0.0,0.0,0.0,0.0,0.0,0.0,0.0,0.0,0.0,0.0,0.0,0.0,-,0.0
2024,11,VD,DST,Lions,DET,JAC,19,,,,,,,,,,,,,,,,12.00,12.0
2024,11,WLW,QB,Jared Goff,DET,JAC,31,24.0,29.0,412.0,4.0,0.0,4.0,21.0,0.0,2.0,0.0,0.0,0.0,0.0,0.0,0.0,36.58,36.58
2024,11,WLW,WR,Cooper Kupp,LAR,@NE,22,0.0,0.0,0.0,0.0,0.0,0.0,0.0,0.0,0.0,10.0,6.0,106.0,2.0,3.0,0.0,25.60,25.6
2024,11,WLW,RB,Chase Brown,CIN,@LAC,3,0.0,0.0,0.0,0.0,0.0,22.0,86.0,0.0,4.0,7.0,5.0,57.0,0.0,2.0,0.0,20.30,20.3
2024,11,WLW,QB,Lamar Jackson,BAL,@PIT,1,16.0,33.0,207.0,1.0,1.0,4.0,46.0,0.0,2.0,0.0,0.0,0.0,0.0,0.0,0.0,16.88,16.88
2024,11,WLW,WR,CeeDee Lamb,DAL,HOU,27,0.0,0.0,0.0,0.0,0.0,1.0,13.0,0.0,1.0,12.0,8.0,93.0,0.0,4.0,0.0,15.60,15.6
2024,11,WLW,QB,CJ Stroud,HOU,@DAL,28,23.0,34.0,257.0,0.0,1.0,3.0,26.0,0.0,1.0,0.0,0.0,0.0,0.0,0.0,0.0,11.88,11.88
2024,11,WLW,RB,Kyren Williams,LAR,@NE,22,0.0,0.0,0.0,0.0,0.0,15.0,86.0,0.0,3.0,0.0,0.0,0.0,0.0,0.0,0.0,11.60,11.6
2024,11,WLW,WR,Alec Pierce,IND,@NYJ,6,0.0,0.0,0.0,0.0,0.0,0.0,0.0,0.0,0.0,4.0,3.0,74.0,0.0,3.0,0.0,10.40,10.4
2024,11,WLW,WR,Nico Collins,HOU,@DAL,16,0.0,0.0,0.0,0.0,0.0,0.0,0.0,0.0,0.0,7.0,4.0,54.0,0.0,2.0,0.0,7.40,7.4
2024,11,WLW,TE,Dawson Knox,BUF,KC,28,0.0,0.0,0.0,0.0,0.0,0.0,0.0,0.0,0.0,6.0,4.0,40.0,0.0,2.0,0.0,6.00,6.0
2024,11,WLW,RB,Rico Dowdle,DAL,HOU,5,0.0,0.0,0.0,0.0,0.0,10.0,28.0,0.0,1.0,5.0,2.0,6.0,0.0,1.0,0.0,5.40,5.4
2024,11,WLW,WR,Rashod Bateman,BAL,@PIT,8,0.0,0.0,0.0,0.0,0.0,0.0,0.0,0.0,0.0,5.0,2.0,30.0,0.0,2.0,0.0,5.00,5.0
2024,11,WLW,WR,Diontae Johnson,BAL,@PIT,8,0.0,0.0,0.0,0.0,0.0,0.0,0.0,0.0,0.0,2.0,0.0,0.0,0.0,0.0,0.0,0.00,0.0
2024,11,WLW,RB,Raheem Mostert,MIA,LV,23,0.0,0.0,0.0,0.0,0.0,3.0,-2.0,0.0,0.0,0.0,0.0,0.0,0.0,0.0,0.0,0.00,0.0
2024,11,WLW,RB,Chuba Hubbard,CAR,BYE,---,0.0,0.0,0.0,0.0,0.0,0.0,0.0,0.0,0.0,0.0,0.0,0.0,0.0,0.0,0.0,-,0.0
2024,11,WLW,TE,Sam LaPorta,DET,JAC,27,0.0,0.0,0.0,0.0,0.0,0.0,0.0,0.0,0.0,0.0,0.0,0.0,0.0,0.0,0.0,-,0.0
2024,11,WLW,TE,Erick All,CIN,@LAC,6,0.0,0.0,0.0,0.0,0.0,0.0,0.0,0.0,0.0,0.0,0.0,0.0,0.0,0.0,0.0,-,0.0
2024,11,WLW,WR,Mike Evans,TB,BYE,---,0.0,0.0,0.0,0.0,0.0,0.0,0.0,0.0,0.0,0.0,0.0,0.0,0.0,0.0,0.0,-,0.0
2024,11,WLW,WR,Christian Kirk,JAC,@DET,24,0.0,0.0,0.0,0.0,0.0,0.0,0.0,0.0,0.0,0.0,0.0,0.0,0.0,0.0,0.0,-,0.0
2024,11,WLW,RB,Devin Singletary,NYG,BYE,---,0.0,0.0,0.0,0.0,0.0,0.0,0.0,0.0,0.0,0.0,0.0,0.0,0.0,0.0,0.0,-,0.0
2024,11,WLW,DST,Broncos,DEN,ATL,14,,,,,,,,,,,,,,,,14.00,14.0
2024,12,AFL,QB,Jayden Daniels,WAS,DAL,29,25.0,38.0,275.0,2.0,2.0,7.0,74.0,1.0,4.0,0.0,0.0,0.0,0.0,0.0,0.0,34.40,34.4
2024,12,AFL,RB,Jahmyr Gibbs,DET,@IND,28,0.0,0.0,0.0,0.0,0.0,21.0,90.0,2.0,7.0,3.0,3.0,9.0,0.0,1.0,0.0,29.90,29.9
2024,12,AFL,WR,AJ Brown,PHI,@LAR,24,0.0,0.0,0.0,0.0,0.0,0.0,0.0,0.0,0.0,7.0,6.0,109.0,1.0,6.0,0.0,22.90,22.9
2024,12,AFL,QB,Russell Wilson,PIT,@CLE,20,21.0,28.0,270.0,1.0,0.0,3.0,10.0,0.0,0.0,0.0,0.0,0.0,0.0,0.0,1.0,13.80,13.8
2024,12,AFL,QB,Kyler Murray,ARI,@SEA,14,24.0,37.0,285.0,0.0,1.0,2.0,9.0,0.0,0.0,0.0,0.0,0.0,0.0,0.0,0.0,10.30,10.3
2024,12,AFL,WR,Zay Flowers,BAL,@LAC,14,0.0,0.0,0.0,0.0,0.0,0.0,0.0,0.0,0.0,8.0,5.0,62.0,0.0,2.0,0.0,8.20,8.2
2024,12,AFL,TE,Travis Kelce,KC,@CAR,32,0.0,0.0,0.0,0.0,0.0,0.0,0.0,0.0,0.0,8.0,6.0,62.0,0.0,2.0,0.0,8.20,8.2
2024,12,AFL,RB,D'Andre Swift,CHI,MIN,2,0.0,0.0,0.0,0.0,0.0,13.0,30.0,0.0,0.0,4.0,3.0,35.0,0.0,1.0,0.0,7.50,7.5
2024,12,AFL,WR,Josh Palmer,LAC,BAL,32,0.0,0.0,0.0,0.0,0.0,0.0,0.0,0.0,0.0,8.0,3.0,38.0,0.0,3.0,0.0,6.80,6.8
2024,12,AFL,TE,Brock Bowers,LV,DEN,8,0.0,0.0,0.0,0.0,0.0,0.0,0.0,0.0,0.0,10.0,4.0,38.0,0.0,0.0,0.0,3.80,3.8
2024,12,AFL,WR,Adonai Mitchell,IND,DET,25,0.0,0.0,0.0,0.0,0.0,0.0,0.0,0.0,0.0,3.0,1.0,10.0,0.0,1.0,0.0,2.00,2.0
2024,12,AFL,WR,Allen Lazard,NYJ,BYE,---,0.0,0.0,0.0,0.0,0.0,0.0,0.0,0.0,0.0,0.0,0.0,0.0,0.0,0.0,0.0,-,0.0
2024,12,AFL,WR,Chris Olave,NO,BYE,---,0.0,0.0,0.0,0.0,0.0,0.0,0.0,0.0,0.0,0.0,0.0,0.0,0.0,0.0,0.0,-,0.0
2024,12,AFL,WR,Tee Higgins,CIN,BYE,---,0.0,0.0,0.0,0.0,0.0,0.0,0.0,0.0,0.0,0.0,0.0,0.0,0.0,0.0,0.0,-,0.0
2024,12,AFL,WR,Darius Slayton,NYG,TB,22,0.0,0.0,0.0,0.0,0.0,0.0,0.0,0.0,0.0,2.0,0.0,0.0,0.0,0.0,0.0,0.00,0.0
2024,12,AFL,QB,Spencer Rattler,NO,BYE,---,0.0,0.0,0.0,0.0,0.0,0.0,0.0,0.0,0.0,0.0,0.0,0.0,0.0,0.0,0.0,-,0.0
2024,12,AFL,DST,Cowboys,DAL,@WAS,5,24.0,24.0,,,,,,,,,,,,,,,
2024,12,AFL,DST,Chiefs,KC,@CAR,24,,,,,,,,,,,,,,,,2.00,2.0
2024,12,CC,TE,Trey McBride,ARI,@SEA,21,0.0,0.0,0.0,0.0,0.0,0.0,0.0,0.0,0.0,15.0,12.0,133.0,0.0,8.0,0.0,21.30,21.3
2024,12,CC,RB,David Montgomery,DET,@IND,28,0.0,0.0,0.0,0.0,0.0,8.0,37.0,1.0,2.0,3.0,3.0,36.0,0.0,2.0,0.0,17.30,17.3
2024,12,CC,QB,Drake Maye,NE,@MIA,2,22.0,37.0,222.0,1.0,1.0,5.0,26.0,0.0,0.0,0.0,0.0,0.0,0.0,0.0,1.0,13.48,13.48
2024,12,CC,TE,Zach Ertz,WAS,DAL,14,0.0,0.0,0.0,0.0,0.0,0.0,0.0,0.0,0.0,8.0,6.0,38.0,1.0,3.0,0.0,12.80,12.8
2024,12,CC,WR,Amon-Ra St Brown,DET,@IND,17,0.0,0.0,0.0,0.0,0.0,0.0,0.0,0.0,0.0,7.0,6.0,62.0,0.0,4.0,0.0,10.20,10.2
2024,12,CC,WR,DK Metcalf,SEA,ARI,19,0.0,0.0,0.0,0.0,0.0,0.0,0.0,0.0,0.0,5.0,4.0,59.0,0.0,2.0,0.0,7.90,7.9
2024,12,CC,WR,George Pickens,PIT,@CLE,28,0.0,0.0,0.0,0.0,0.0,0.0,0.0,0.0,0.0,7.0,4.0,48.0,0.0,2.0,0.0,6.80,6.8
2024,12,CC,WR,Deebo Samuel,SF,@GB,7,0.0,0.0,0.0,0.0,0.0,0.0,0.0,0.0,0.0,4.0,1.0,21.0,0.0,1.0,0.0,3.10,3.1
2024,12,CC,RB,Jonathon Brooks,CAR,KC,1,0.0,0.0,0.0,0.0,0.0,2.0,7.0,0.0,0.0,0.0,0.0,0.0,0.0,0.0,0.0,0.70,0.7
2024,12,CC,WR,Ja'Lynn Polk,NE,@MIA,1,0.0,0.0,0.0,0.0,0.0,0.0,0.0,0.0,0.0,2.0,1.0,7.0,0.0,0.0,0.0,0.70,0.7
2024,12,CC,RB,James Cook,BUF,BYE,---,0.0,0.0,0.0,0.0,0.0,0.0,0.0,0.0,0.0,0.0,0.0,0.0,0.0,0.0,0.0,-,0.0
2024,12,CC,WR,Quentin Johnston,LAC,BAL,32,0.0,0.0,0.0,0.0,0.0,0.0,0.0,0.0,0.0,5.0,0.0,0.0,0.0,0.0,0.0,0.00,0.0
2024,12,CC,QB,Brock Purdy,SF,@GB,8,0.0,0.0,0.0,0.0,0.0,0.0,0.0,0.0,0.0,0.0,0.0,0.0,0.0,0.0,0.0,-,0.0
2024,12,CC,WR,Ricky Pearsall,SF,@GB,7,0.0,0.0,0.0,0.0,0.0,0.0,0.0,0.0,0.0,0.0,0.0,0.0,0.0,0.0,0.0,0.00,0.0
2024,12,CC,WR,Brian Thomas,JAC,BYE,---,0.0,0.0,0.0,0.0,0.0,0.0,0.0,0.0,0.0,0.0,0.0,0.0,0.0,0.0,0.0,-,0.0
2024,12,CC,WR,Malachi Corley,NYJ,BYE,---,0.0,0.0,0.0,0.0,0.0,0.0,0.0,0.0,0.0,0.0,0.0,0.0,0.0,0.0,0.0,-,0.0
2024,12,CC,RB,Antonio Gibson Dead Cap,NE,0,0,0.0,0.0,0.0,0.0,0.0,0.0,0.0,0.0,0.0,0.0,0.0,0.0,0.0,0.0,0.0,-,0.0
2024,12,CC,QB,Daniel Jones,NYG,TB,31,0.0,0.0,0.0,0.0,0.0,0.0,0.0,0.0,0.0,0.0,0.0,0.0,0.0,0.0,0.0,-,0.0
2024,12,CC,WR,Javon Baker,NE,@MIA,1,0.0,0.0,0.0,0.0,0.0,0.0,0.0,0.0,0.0,1.0,0.0,0.0,0.0,0.0,0.0,0.00,0.0
2024,12,CC,DST,Bears,CHI,MIN,22,,,,,,,,,,,,,,,,5.00,5.0
2024,12,CRB,RB,Josh Jacobs,GB,SF,23,0.0,0.0,0.0,0.0,0.0,26.0,106.0,3.0,8.0,1.0,0.0,0.0,0.0,0.0,0.0,36.60,36.6
2024,12,CRB,WR,Courtland Sutton,DEN,@LV,12,0.0,0.0,0.0,0.0,0.0,0.0,0.0,0.0,0.0,10.0,8.0,97.0,2.0,6.0,0.0,27.70,27.7
2024,12,CRB,RB,De'Von Achane,MIA,NE,22,0.0,0.0,0.0,0.0,0.0,10.0,32.0,0.0,0.0,4.0,3.0,24.0,2.0,2.0,0.0,19.60,19.6
2024,12,CRB,QB,Bo Nix,DEN,@LV,25,25.0,42.0,273.0,2.0,0.0,1.0,5.0,0.0,0.0,0.0,0.0,0.0,0.0,0.0,0.0,19.42,19.42
2024,12,CRB,QB,Jalen Hurts,PHI,@LAR,13,15.0,22.0,179.0,1.0,0.0,12.0,39.0,0.0,4.0,0.0,0.0,0.0,0.0,0.0,0.0,19.06,19.06
2024,12,CRB,WR,Keenan Allen,CHI,MIN,31,0.0,0.0,0.0,0.0,0.0,0.0,0.0,0.0,0.0,15.0,9.0,86.0,1.0,4.0,0.0,18.60,18.6
2024,12,CRB,WR,Romeo Doubs,GB,SF,11,0.0,0.0,0.0,0.0,0.0,0.0,0.0,0.0,0.0,6.0,3.0,54.0,0.0,3.0,0.0,8.40,8.4
2024,12,CRB,RB,Antonio Gibson,NE,@MIA,18,0.0,0.0,0.0,0.0,0.0,6.0,31.0,0.0,2.0,2.0,1.0,14.0,0.0,1.0,0.0,7.50,7.5
2024,12,CRB,RB,Jonathan Taylor,IND,DET,3,0.0,0.0,0.0,0.0,0.0,11.0,35.0,0.0,0.0,0.0,0.0,0.0,0.0,0.0,0.0,3.50,3.5
2024,12,CRB,WR,Jalen McMillan,TB,@NYG,9,0.0,0.0,0.0,0.0,0.0,0.0,0.0,0.0,0.0,2.0,1.0,11.0,0.0,1.0,0.0,2.10,2.1
2024,12,CRB,WR,Luke McCaffrey,WAS,DAL,20,0.0,0.0,0.0,0.0,0.0,0.0,0.0,0.0,0.0,1.0,1.0,8.0,0.0,0.0,0.0,0.80,0.8
2024,12,CRB,WR,Mike Williams,PIT,@CLE,28,0.0,0.0,0.0,0.0,0.0,0.0,0.0,0.0,0.0,0.0,0.0,0.0,0.0,0.0,0.0,0.00,0.0
2024,12,CRB,TE,Mike Gesicki,CIN,BYE,---,0.0,0.0,0.0,0.0,0.0,0.0,0.0,0.0,0.0,0.0,0.0,0.0,0.0,0.0,0.0,-,0.0
2024,12,CRB,RB,Chris Rodriguez,WAS,DAL,30,0.0,0.0,0.0,0.0,0.0,0.0,0.0,0.0,0.0,0.0,0.0,0.0,0.0,0.0,0.0,-,0.0
2024,12,CRB,WR,DeVonta Smith,PHI,@LAR,24,0.0,0.0,0.0,0.0,0.0,0.0,0.0,0.0,0.0,0.0,0.0,0.0,0.0,0.0,0.0,-,0.0
2024,12,CRB,WR,Davante Adams,NYJ,BYE,---,0.0,0.0,0.0,0.0,0.0,0.0,0.0,0.0,0.0,0.0,0.0,0.0,0.0,0.0,0.0,-,0.0
2024,12,CRB,TE,Isaiah Likely,BAL,@LAC,9,0.0,0.0,0.0,0.0,0.0,0.0,0.0,0.0,0.0,0.0,0.0,0.0,0.0,0.0,0.0,0.00,0.0
2024,12,CRB,DST,Eagles,PHI,@LAR,14,8.0,8.0,,,,,,,,,,,,,,,
2024,12,CRB,DST,Commanders,WAS,DAL,28,,,,,,,,,,,,,,,,2.00,2.0
2024,12,ELP,RB,Nick Chubb,CLE,PIT,13,0.0,0.0,0.0,0.0,0.0,20.0,59.0,2.0,5.0,1.0,1.0,1.0,0.0,0.0,0.0,23.00,23.0
2024,12,ELP,RB,Ameer Abdullah,LV,DEN,10,0.0,0.0,0.0,0.0,0.0,8.0,28.0,0.0,2.0,6.0,5.0,37.0,1.0,2.0,0.0,16.50,16.5
2024,12,ELP,TE,Mark Andrews,BAL,@LAC,9,0.0,0.0,0.0,0.0,0.0,1.0,2.0,0.0,1.0,5.0,5.0,44.0,1.0,3.0,0.0,14.60,14.6
2024,12,ELP,RB,Kenneth Walker,SEA,ARI,24,0.0,0.0,0.0,0.0,0.0,16.0,41.0,0.0,2.0,6.0,4.0,52.0,0.0,3.0,0.0,14.30,14.3
2024,12,ELP,WR,DeAndre Hopkins,KC,@CAR,13,0.0,0.0,0.0,0.0,0.0,0.0,0.0,0.0,0.0,6.0,5.0,35.0,1.0,4.0,0.0,13.50,13.5
2024,12,ELP,WR,Jameson Williams,DET,@IND,17,0.0,0.0,0.0,0.0,0.0,1.0,4.0,0.0,0.0,7.0,5.0,64.0,0.0,4.0,0.0,10.80,10.8
2024,12,ELP,RB,Tyrone Tracy,NYG,TB,16,0.0,0.0,0.0,0.0,0.0,9.0,42.0,0.0,3.0,4.0,4.0,28.0,0.0,2.0,1.0,10.00,10.0
2024,12,ELP,QB,Brandon Allen,SF,@GB,8,17.0,29.0,199.0,1.0,1.0,2.0,5.0,0.0,0.0,0.0,0.0,0.0,0.0,0.0,1.0,8.46,8.46
2024,12,ELP,WR,Demario Douglas,NE,@MIA,1,0.0,0.0,0.0,0.0,0.0,1.0,1.0,0.0,0.0,7.0,5.0,62.0,0.0,2.0,0.0,8.30,8.3
2024,12,ELP,WR,Tyreek Hill,MIA,NE,23,0.0,0.0,0.0,0.0,0.0,0.0,0.0,0.0,0.0,6.0,5.0,48.0,0.0,3.0,0.0,7.80,7.8
2024,12,ELP,WR,Xavier Legette,CAR,KC,16,0.0,0.0,0.0,0.0,0.0,0.0,0.0,0.0,0.0,6.0,4.0,56.0,0.0,2.0,0.0,7.60,7.6
2024,12,ELP,TE,Theo Johnson,NYG,TB,28,0.0,0.0,0.0,0.0,0.0,0.0,0.0,0.0,0.0,6.0,3.0,39.0,0.0,3.0,0.0,6.90,6.9
2024,12,ELP,WR,Jayden Reed,GB,SF,11,0.0,0.0,0.0,0.0,0.0,0.0,0.0,0.0,0.0,3.0,3.0,26.0,0.0,1.0,0.0,3.60,3.6
2024,12,ELP,RB,Cam Akers,MIN,@CHI,20,0.0,0.0,0.0,0.0,0.0,3.0,19.0,0.0,1.0,1.0,1.0,6.0,0.0,0.0,0.0,3.50,3.5
2024,12,ELP,RB,Audric Estime,DEN,@LV,17,0.0,0.0,0.0,0.0,0.0,3.0,15.0,0.0,1.0,0.0,0.0,0.0,0.0,0.0,0.0,2.50,2.5
2024,12,ELP,WR,Khalil Shakir,BUF,BYE,---,0.0,0.0,0.0,0.0,0.0,0.0,0.0,0.0,0.0,0.0,0.0,0.0,0.0,0.0,0.0,-,0.0
2024,12,ELP,QB,Josh Allen,BUF,BYE,---,0.0,0.0,0.0,0.0,0.0,0.0,0.0,0.0,0.0,0.0,0.0,0.0,0.0,0.0,0.0,-,0.0
2024,12,ELP,QB,Kirk Cousins,ATL,BYE,---,0.0,0.0,0.0,0.0,0.0,0.0,0.0,0.0,0.0,0.0,0.0,0.0,0.0,0.0,0.0,-,0.0
2024,12,ELP,DST,49ers,SF,@GB,12,,,,,,,,,,,,,,,,-1.00,-1.0
2024,12,FRR,QB,Patrick Mahomes,KC,@CAR,27,27.0,37.0,269.0,3.0,0.0,5.0,60.0,0.0,3.0,0.0,0.0,0.0,0.0,0.0,0.0,31.76,31.76
2024,12,FRR,QB,Sam Darnold,MIN,@CHI,3,22.0,34.0,330.0,2.0,0.0,2.0,-1.0,0.0,1.0,0.0,0.0,0.0,0.0,0.0,0.0,22.20,22.2
2024,12,FRR,WR,Terry McLaurin,WAS,DAL,20,0.0,0.0,0.0,0.0,0.0,0.0,0.0,0.0,0.0,6.0,5.0,102.0,1.0,1.0,0.0,17.20,17.2
2024,12,FRR,TE,TJ Hockenson,MIN,@CHI,15,0.0,0.0,0.0,0.0,0.0,0.0,0.0,0.0,0.0,9.0,7.0,114.0,0.0,4.0,0.0,15.40,15.4
2024,12,FRR,RB,Kareem Hunt,KC,@CAR,32,0.0,0.0,0.0,0.0,0.0,16.0,68.0,0.0,4.0,4.0,3.0,19.0,0.0,1.0,0.0,13.70,13.7
2024,12,FRR,WR,Calvin Ridley,TEN,@HOU,27,0.0,0.0,0.0,0.0,0.0,0.0,0.0,0.0,0.0,6.0,5.0,93.0,0.0,3.0,0.0,12.30,12.3
2024,12,FRR,WR,Tank Dell,HOU,TEN,3,0.0,0.0,0.0,0.0,0.0,0.0,0.0,0.0,0.0,5.0,3.0,72.0,0.0,3.0,0.0,10.20,10.2
2024,12,FRR,RB,Sean Tucker,TB,@NYG,26,0.0,0.0,0.0,0.0,0.0,4.0,3.0,1.0,2.0,1.0,1.0,7.0,0.0,0.0,0.0,9.00,9.0
2024,12,FRR,TE,Hunter Henry,NE,@MIA,18,0.0,0.0,0.0,0.0,0.0,0.0,0.0,0.0,0.0,8.0,5.0,44.0,0.0,1.0,0.0,5.40,5.4
2024,12,FRR,RB,Brian Robinson,WAS,DAL,30,0.0,0.0,0.0,0.0,0.0,5.0,13.0,0.0,1.0,2.0,1.0,11.0,0.0,1.0,0.0,4.40,4.4
2024,12,FRR,RB,Rhamondre Stevenson,NE,@MIA,18,0.0,0.0,0.0,0.0,0.0,8.0,13.0,0.0,1.0,2.0,0.0,0.0,0.0,0.0,0.0,4.30,4.3
2024,12,FRR,RB,Blake Corum,LAR,PHI,5,0.0,0.0,0.0,0.0,0.0,1.0,5.0,0.0,1.0,0.0,0.0,0.0,0.0,0.0,0.0,1.50,1.5
2024,12,FRR,TE,Taysom Hill,NO,BYE,---,0.0,0.0,0.0,0.0,0.0,0.0,0.0,0.0,0.0,0.0,0.0,0.0,0.0,0.0,0.0,-,0.0
2024,12,FRR,WR,Roman Wilson,PIT,@CLE,28,0.0,0.0,0.0,0.0,0.0,0.0,0.0,0.0,0.0,0.0,0.0,0.0,0.0,0.0,0.0,-,0.0
2024,12,FRR,WR,Brandon Aiyuk,SF,@GB,7,0.0,0.0,0.0,0.0,0.0,0.0,0.0,0.0,0.0,0.0,0.0,0.0,0.0,0.0,0.0,-,0.0
2024,12,FRR,RB,Isiah Pacheco,KC,@CAR,32,0.0,0.0,0.0,0.0,0.0,0.0,0.0,0.0,0.0,0.0,0.0,0.0,0.0,0.0,0.0,-,0.0
2024,12,FRR,WR,Drake London,ATL,BYE,---,0.0,0.0,0.0,0.0,0.0,0.0,0.0,0.0,0.0,0.0,0.0,0.0,0.0,0.0,0.0,-,0.0
2024,12,FRR,TE,Dalton Kincaid,BUF,BYE,---,0.0,0.0,0.0,0.0,0.0,0.0,0.0,0.0,0.0,0.0,0.0,0.0,0.0,0.0,0.0,-,0.0
2024,12,FRR,WR,Ja'Marr Chase,CIN,BYE,---,0.0,0.0,0.0,0.0,0.0,0.0,0.0,0.0,0.0,0.0,0.0,0.0,0.0,0.0,0.0,-,0.0
2024,12,FRR,DST,Texans,HOU,TEN,32,20.0,20.0,,,,,,,,,,,,,,,
2024,12,FRR,DST,Steelers,PIT,@CLE,30,,,,,,,,,,,,,,,,8.00,8.0
2024,12,GF,RB,Aaron Jones,MIN,@CHI,20,0.0,0.0,0.0,0.0,0.0,22.0,106.0,1.0,5.0,4.0,3.0,23.0,0.0,1.0,1.0,22.90,22.9
2024,12,GF,WR,Jaxon Smith-Njigba,SEA,ARI,19,0.0,0.0,0.0,0.0,0.0,0.0,0.0,0.0,0.0,7.0,6.0,77.0,1.0,4.0,0.0,17.70,17.7
2024,12,GF,QB,Jordan Love,GB,SF,9,13.0,23.0,163.0,2.0,0.0,1.0,2.0,0.0,1.0,0.0,0.0,0.0,0.0,0.0,0.0,15.72,15.72
2024,12,GF,WR,Michael Pittman,IND,DET,25,0.0,0.0,0.0,0.0,0.0,0.0,0.0,0.0,0.0,7.0,6.0,96.0,0.0,4.0,0.0,13.60,13.6
2024,12,GF,WR,Jalen Tolbert,DAL,@WAS,18,0.0,0.0,0.0,0.0,0.0,0.0,0.0,0.0,0.0,4.0,2.0,22.0,1.0,2.0,0.0,10.20,10.2
2024,12,GF,RB,Gus Edwards,LAC,BAL,7,0.0,0.0,0.0,0.0,0.0,9.0,11.0,1.0,3.0,1.0,0.0,0.0,0.0,0.0,0.0,10.10,10.1
2024,12,GF,WR,Demarcus Robinson,LAR,PHI,10,0.0,0.0,0.0,0.0,0.0,0.0,0.0,0.0,0.0,3.0,2.0,15.0,1.0,2.0,0.0,9.50,9.5
2024,12,GF,RB,JK Dobbins,LAC,BAL,7,0.0,0.0,0.0,0.0,0.0,6.0,40.0,0.0,2.0,5.0,3.0,19.0,0.0,0.0,0.0,7.90,7.9
2024,12,GF,WR,Dontayvion Wicks,GB,SF,11,0.0,0.0,0.0,0.0,0.0,0.0,0.0,0.0,0.0,2.0,1.0,25.0,0.0,1.0,0.0,3.50,3.5
2024,12,GF,RB,Ezekiel Elliott,DAL,@WAS,21,0.0,0.0,0.0,0.0,0.0,3.0,6.0,0.0,0.0,0.0,0.0,0.0,0.0,0.0,0.0,0.60,0.6
2024,12,GF,WR,Christian Watson,GB,SF,11,0.0,0.0,0.0,0.0,0.0,1.0,4.0,0.0,0.0,3.0,0.0,0.0,0.0,0.0,0.0,0.40,0.4
2024,12,GF,QB,JJ McCarthy,MIN,@CHI,3,0.0,0.0,0.0,0.0,0.0,0.0,0.0,0.0,0.0,0.0,0.0,0.0,0.0,0.0,0.0,-,0.0
2024,12,GF,QB,Trevor Lawrence,JAC,BYE,---,0.0,0.0,0.0,0.0,0.0,0.0,0.0,0.0,0.0,0.0,0.0,0.0,0.0,0.0,0.0,-,0.0
2024,12,GF,QB,Michael Penix,ATL,BYE,---,0.0,0.0,0.0,0.0,0.0,0.0,0.0,0.0,0.0,0.0,0.0,0.0,0.0,0.0,0.0,-,0.0
2024,12,GF,WR,Marquise Brown,KC,@CAR,13,0.0,0.0,0.0,0.0,0.0,0.0,0.0,0.0,0.0,0.0,0.0,0.0,0.0,0.0,0.0,-,0.0
2024,12,GF,RB,MarShawn Lloyd,GB,SF,23,0.0,0.0,0.0,0.0,0.0,0.0,0.0,0.0,0.0,0.0,0.0,0.0,0.0,0.0,0.0,-,0.0
2024,12,GF,TE,Jake Ferguson,DAL,@WAS,17,0.0,0.0,0.0,0.0,0.0,0.0,0.0,0.0,0.0,0.0,0.0,0.0,0.0,0.0,0.0,-,0.0
2024,12,GF,TE,Luke Musgrave,GB,SF,5,0.0,0.0,0.0,0.0,0.0,0.0,0.0,0.0,0.0,0.0,0.0,0.0,0.0,0.0,0.0,-,0.0
2024,12,GF,DST,Patriots,NE,@MIA,25,,,,,,,,,,,,,,,,9.00,9.0
2024,12,MAM,RB,Saquon Barkley,PHI,@LAR,25,0.0,0.0,0.0,0.0,0.0,26.0,255.0,2.0,7.0,4.0,4.0,47.0,0.0,2.0,0.0,51.20,51.2
2024,12,MAM,QB,Caleb Williams,CHI,MIN,10,32.0,47.0,340.0,2.0,0.0,6.0,33.0,0.0,3.0,0.0,0.0,0.0,0.0,0.0,0.0,29.90,29.9
2024,12,MAM,QB,Tua Tagovailoa,MIA,NE,16,29.0,40.0,317.0,4.0,0.0,3.0,-2.0,0.0,0.0,0.0,0.0,0.0,0.0,0.0,0.0,28.68,28.68
2024,12,MAM,WR,DJ Moore,CHI,MIN,31,0.0,1.0,0.0,0.0,0.0,1.0,13.0,0.0,1.0,7.0,7.0,106.0,1.0,4.0,0.0,24.90,24.9
2024,12,MAM,TE,Jonnu Smith,MIA,NE,19,0.0,0.0,0.0,0.0,0.0,1.0,0.0,0.0,0.0,11.0,9.0,87.0,1.0,6.0,0.0,20.70,20.7
2024,12,MAM,RB,Jaylen Warren,PIT,@CLE,8,0.0,0.0,0.0,0.0,0.0,11.0,45.0,1.0,3.0,5.0,3.0,19.0,0.0,1.0,0.0,16.40,16.4
2024,12,MAM,WR,Jerry Jeudy,CLE,PIT,5,0.0,0.0,0.0,0.0,0.0,0.0,0.0,0.0,0.0,6.0,6.0,85.0,0.0,5.0,0.0,13.50,13.5
2024,12,MAM,QB,Geno Smith,SEA,ARI,12,22.0,31.0,254.0,1.0,1.0,3.0,2.0,0.0,0.0,0.0,0.0,0.0,0.0,0.0,0.0,12.36,12.36
2024,12,MAM,WR,Noah Brown,WAS,DAL,20,0.0,0.0,0.0,0.0,0.0,0.0,0.0,0.0,0.0,10.0,6.0,71.0,0.0,4.0,0.0,11.10,11.1
2024,12,MAM,TE,Tucker Kraft,GB,SF,5,0.0,0.0,0.0,0.0,0.0,0.0,0.0,0.0,0.0,2.0,2.0,26.0,1.0,2.0,0.0,10.60,10.6
2024,12,MAM,RB,Roschon Johnson,CHI,MIN,2,0.0,0.0,0.0,0.0,0.0,2.0,2.0,1.0,2.0,1.0,1.0,10.0,0.0,1.0,0.0,10.20,10.2
2024,12,MAM,WR,Michael Wilson,ARI,@SEA,15,0.0,0.0,0.0,0.0,0.0,0.0,0.0,0.0,0.0,4.0,2.0,54.0,0.0,2.0,0.0,7.40,7.4
2024,12,MAM,RB,James Conner,ARI,@SEA,19,0.0,0.0,0.0,0.0,0.0,7.0,8.0,0.0,0.0,5.0,5.0,41.0,0.0,2.0,0.0,6.90,6.9
2024,12,MAM,WR,Wan'Dale Robinson,NYG,TB,22,0.0,0.0,0.0,0.0,0.0,1.0,0.0,0.0,0.0,5.0,5.0,47.0,0.0,2.0,0.0,6.70,6.7
2024,12,MAM,WR,Josh Downs,IND,DET,25,0.0,0.0,0.0,0.0,0.0,0.0,0.0,0.0,0.0,7.0,3.0,27.0,0.0,1.0,0.0,3.70,3.7
2024,12,MAM,TE,David Njoku,CLE,PIT,12,0.0,0.0,0.0,0.0,0.0,0.0,0.0,0.0,0.0,5.0,1.0,9.0,0.0,0.0,0.0,2.90,2.9
2024,12,MAM,WR,Garrett Wilson,NYJ,BYE,---,0.0,0.0,0.0,0.0,0.0,0.0,0.0,0.0,0.0,0.0,0.0,0.0,0.0,0.0,0.0,-,0.0
2024,12,MAM,RB,Alvin Kamara,NO,BYE,---,0.0,0.0,0.0,0.0,0.0,0.0,0.0,0.0,0.0,0.0,0.0,0.0,0.0,0.0,0.0,-,0.0
2024,12,MAM,WR,Rashee Rice,KC,@CAR,13,0.0,0.0,0.0,0.0,0.0,0.0,0.0,0.0,0.0,0.0,0.0,0.0,0.0,0.0,0.0,-,0.0
2024,12,MAM,WR,Rashid Shaheed,NO,BYE,---,0.0,0.0,0.0,0.0,0.0,0.0,0.0,0.0,0.0,0.0,0.0,0.0,0.0,0.0,0.0,-,0.0
2024,12,MAM,DST,Ravens,BAL,@LAC,3,,,,,,,,,,,,,,,,4.00,4.0
2024,12,MCM,WR,Jordan Addison,MIN,@CHI,6,0.0,0.0,0.0,0.0,0.0,0.0,0.0,0.0,0.0,9.0,8.0,162.0,1.0,6.0,0.0,28.20,28.2
2024,12,MCM,QB,Justin Herbert,LAC,BAL,28,21.0,36.0,218.0,0.0,0.0,4.0,29.0,1.0,2.0,0.0,0.0,0.0,0.0,0.0,0.0,19.62,19.62
2024,12,MCM,WR,Puka Nacua,LAR,PHI,10,0.0,0.0,0.0,0.0,0.0,0.0,0.0,0.0,0.0,13.0,9.0,117.0,0.0,5.0,0.0,16.70,16.7
2024,12,MCM,WR,Nick Westbrook-Ikhine,TEN,@HOU,27,0.0,0.0,0.0,0.0,0.0,0.0,0.0,0.0,0.0,5.0,2.0,48.0,1.0,1.0,0.0,11.80,11.8
2024,12,MCM,RB,Christian McCaffrey,SF,@GB,15,0.0,0.0,0.0,0.0,0.0,11.0,31.0,0.0,2.0,4.0,3.0,37.0,0.0,1.0,1.0,7.80,7.8
2024,12,MCM,RB,Joe Mixon,HOU,TEN,9,0.0,0.0,0.0,0.0,0.0,14.0,22.0,0.0,0.0,6.0,5.0,23.0,0.0,1.0,0.0,5.50,5.5
2024,12,MCM,WR,Jauan Jennings,SF,@GB,7,0.0,0.0,0.0,0.0,0.0,0.0,0.0,0.0,0.0,7.0,5.0,40.0,0.0,1.0,0.0,5.00,5.0
2024,12,MCM,TE,Cade Otton,TB,@NYG,2,0.0,0.0,0.0,0.0,0.0,0.0,0.0,0.0,0.0,3.0,1.0,30.0,0.0,1.0,0.0,4.00,4.0
2024,12,MCM,RB,Jeremy McNichols,WAS,DAL,30,0.0,0.0,0.0,0.0,0.0,3.0,22.0,0.0,1.0,0.0,0.0,0.0,0.0,0.0,0.0,3.20,3.2
2024,12,MCM,TE,Dalton Schultz,HOU,TEN,10,0.0,0.0,0.0,0.0,0.0,0.0,0.0,0.0,0.0,2.0,2.0,20.0,0.0,1.0,0.0,3.00,3.0
2024,12,MCM,RB,Jaylen Wright,MIA,NE,21,0.0,0.0,0.0,0.0,0.0,7.0,28.0,0.0,2.0,1.0,0.0,0.0,0.0,0.0,1.0,2.80,2.8
2024,12,MCM,RB,Isaac Guerendo,SF,@GB,15,0.0,0.0,0.0,0.0,0.0,0.0,0.0,0.0,0.0,0.0,0.0,0.0,0.0,0.0,0.0,0.00,0.0
2024,12,MCM,RB,Kimani Vidal,LAC,BAL,7,0.0,0.0,0.0,0.0,0.0,0.0,0.0,0.0,0.0,0.0,0.0,0.0,0.0,0.0,0.0,-,0.0
2024,12,MCM,QB,Derek Carr,NO,BYE,---,0.0,0.0,0.0,0.0,0.0,0.0,0.0,0.0,0.0,0.0,0.0,0.0,0.0,0.0,0.0,-,0.0
2024,12,MCM,RB,Travis Etienne,JAC,BYE,---,0.0,0.0,0.0,0.0,0.0,0.0,0.0,0.0,0.0,0.0,0.0,0.0,0.0,0.0,0.0,-,0.0
2024,12,MCM,RB,Ray Davis,BUF,BYE,---,0.0,0.0,0.0,0.0,0.0,0.0,0.0,0.0,0.0,0.0,0.0,0.0,0.0,0.0,0.0,-,0.0
2024,12,MCM,QB,Joe Flacco,IND,DET,7,0.0,0.0,0.0,0.0,0.0,0.0,0.0,0.0,0.0,0.0,0.0,0.0,0.0,0.0,0.0,-,0.0
2024,12,MCM,WR,Ray-Ray McCloud,ATL,BYE,---,0.0,0.0,0.0,0.0,0.0,0.0,0.0,0.0,0.0,0.0,0.0,0.0,0.0,0.0,0.0,-,0.0
2024,12,MCM,RB,Zack Moss,CIN,BYE,---,0.0,0.0,0.0,0.0,0.0,0.0,0.0,0.0,0.0,0.0,0.0,0.0,0.0,0.0,0.0,-,0.0
2024,12,MCM,DST,Vikings,MIN,@CHI,20,,,,,,,,,,,,,,,,6.00,6.0
2024,12,MWM,WR,Jaylen Waddle,MIA,NE,23,0.0,0.0,0.0,0.0,0.0,0.0,0.0,0.0,0.0,9.0,8.0,144.0,1.0,7.0,0.0,27.40,27.4
2024,12,MWM,RB,Tony Pollard,TEN,@HOU,6,0.0,0.0,0.0,0.0,0.0,24.0,119.0,1.0,5.0,5.0,3.0,10.0,0.0,0.0,0.0,23.90,23.9
2024,12,MWM,QB,Matthew Stafford,LAR,PHI,5,24.0,36.0,243.0,2.0,0.0,1.0,15.0,0.0,1.0,0.0,0.0,0.0,0.0,0.0,0.0,20.22,20.22
2024,12,MWM,TE,George Kittle,SF,@GB,20,0.0,0.0,0.0,0.0,0.0,0.0,0.0,0.0,0.0,6.0,6.0,82.0,1.0,4.0,0.0,18.20,18.2
2024,12,MWM,WR,Jakobi Meyers,LV,DEN,2,0.0,0.0,0.0,0.0,0.0,0.0,0.0,0.0,0.0,15.0,10.0,121.0,0.0,6.0,0.0,18.10,18.1
2024,12,MWM,RB,Rachaad White,TB,@NYG,26,0.0,0.0,0.0,0.0,0.0,12.0,37.0,1.0,3.0,1.0,1.0,10.0,0.0,1.0,0.0,14.70,14.7
2024,12,MWM,QB,Tommy DeVito,NYG,TB,31,21.0,31.0,189.0,0.0,0.0,7.0,32.0,0.0,1.0,0.0,0.0,0.0,0.0,0.0,0.0,11.76,11.76
2024,12,MWM,QB,Gardner Minshew,LV,DEN,4,25.0,42.0,230.0,1.0,1.0,2.0,5.0,0.0,0.0,0.0,0.0,0.0,0.0,0.0,0.0,11.70,11.7
2024,12,MWM,TE,Cole Kmet,CHI,MIN,11,0.0,0.0,0.0,0.0,0.0,0.0,0.0,0.0,0.0,10.0,7.0,64.0,0.0,2.0,0.0,8.40,8.4
2024,12,MWM,RB,Najee Harris,PIT,@CLE,8,0.0,0.0,0.0,0.0,0.0,16.0,41.0,0.0,1.0,2.0,2.0,13.0,0.0,1.0,0.0,7.40,7.4
2024,12,MWM,WR,Kendrick Bourne,NE,@MIA,1,0.0,1.0,0.0,0.0,0.0,0.0,0.0,0.0,0.0,5.0,3.0,30.0,0.0,2.0,0.0,5.00,5.0
2024,12,MWM,RB,Austin Ekeler,WAS,DAL,30,0.0,0.0,0.0,0.0,0.0,9.0,22.0,0.0,1.0,3.0,2.0,2.0,0.0,0.0,0.0,3.40,3.4
2024,12,MWM,WR,Tyler Lockett,SEA,ARI,19,0.0,0.0,0.0,0.0,0.0,0.0,0.0,0.0,0.0,3.0,2.0,20.0,0.0,1.0,0.0,3.00,3.0
2024,12,MWM,RB,Tank Bigsby,JAC,BYE,---,0.0,0.0,0.0,0.0,0.0,0.0,0.0,0.0,0.0,0.0,0.0,0.0,0.0,0.0,0.0,-,0.0
2024,12,MWM,WR,Stefon Diggs,HOU,TEN,3,0.0,0.0,0.0,0.0,0.0,0.0,0.0,0.0,0.0,0.0,0.0,0.0,0.0,0.0,0.0,-,0.0
2024,12,MWM,WR,Darnell Mooney,ATL,BYE,---,0.0,0.0,0.0,0.0,0.0,0.0,0.0,0.0,0.0,0.0,0.0,0.0,0.0,0.0,0.0,-,0.0
2024,12,MWM,WR,DJ Chark,LAC,BAL,32,0.0,0.0,0.0,0.0,0.0,0.0,0.0,0.0,0.0,0.0,0.0,0.0,0.0,0.0,0.0,-,0.0
2024,12,MWM,QB,Aaron Rodgers,NYJ,BYE,---,0.0,0.0,0.0,0.0,0.0,0.0,0.0,0.0,0.0,0.0,0.0,0.0,0.0,0.0,0.0,-,0.0
2024,12,MWM,DST,Dolphins,MIA,NE,26,15.0,15.0,,,,,,,,,,,,,,,
2024,12,MWM,DST,Bills,BUF,BYE,---,,,,,,,,,,,,,,,,-,0.0
2024,12,NN,RB,Derrick Henry,BAL,@LAC,4,0.0,0.0,0.0,0.0,0.0,24.0,140.0,0.0,9.0,0.0,0.0,0.0,0.0,0.0,0.0,23.00,23.0
2024,12,NN,QB,Cooper Rush,DAL,@WAS,18,24.0,32.0,247.0,2.0,0.0,4.0,1.0,0.0,0.0,0.0,0.0,0.0,0.0,0.0,0.0,17.98,17.98
2024,12,NN,WR,Malik Nabers,NYG,TB,22,0.0,0.0,0.0,0.0,0.0,0.0,0.0,0.0,0.0,9.0,6.0,64.0,0.0,3.0,0.0,9.40,9.4
2024,12,NN,TE,Pat Freiermuth,PIT,@CLE,24,0.0,0.0,0.0,0.0,0.0,0.0,0.0,0.0,0.0,4.0,4.0,59.0,0.0,3.0,0.0,8.90,8.9
2024,12,NN,WR,Xavier Worthy,KC,@CAR,13,0.0,0.0,0.0,0.0,0.0,1.0,5.0,0.0,0.0,6.0,4.0,46.0,0.0,3.0,0.0,8.10,8.1
2024,12,NN,TE,Will Dissly,LAC,BAL,22,0.0,0.0,0.0,0.0,0.0,0.0,0.0,0.0,0.0,4.0,4.0,47.0,0.0,1.0,0.0,5.70,5.7
2024,12,NN,RB,Zach Charbonnet,SEA,ARI,24,0.0,0.0,0.0,0.0,0.0,6.0,22.0,0.0,2.0,0.0,0.0,0.0,0.0,0.0,0.0,4.20,4.2
2024,12,NN,WR,Troy Franklin,DEN,@LV,12,0.0,0.0,0.0,0.0,0.0,0.0,0.0,0.0,0.0,4.0,2.0,31.0,0.0,1.0,0.0,4.10,4.1
2024,12,NN,WR,Justin Jefferson,MIN,@CHI,6,0.0,0.0,0.0,0.0,0.0,0.0,0.0,0.0,0.0,5.0,2.0,27.0,0.0,1.0,0.0,3.70,3.7
2024,12,NN,WR,Kayshon Boutte,NE,@MIA,1,0.0,0.0,0.0,0.0,0.0,0.0,0.0,0.0,0.0,4.0,1.0,6.0,0.0,0.0,0.0,0.60,0.6
2024,12,NN,QB,Joe Burrow,CIN,BYE,---,0.0,0.0,0.0,0.0,0.0,0.0,0.0,0.0,0.0,0.0,0.0,0.0,0.0,0.0,0.0,-,0.0
2024,12,NN,RB,Breece Hall,NYJ,BYE,---,0.0,0.0,0.0,0.0,0.0,0.0,0.0,0.0,0.0,0.0,0.0,0.0,0.0,0.0,0.0,-,0.0
2024,12,NN,QB,Dak Prescott,DAL,@WAS,18,0.0,0.0,0.0,0.0,0.0,0.0,0.0,0.0,0.0,0.0,0.0,0.0,0.0,0.0,0.0,-,0.0
2024,12,NN,RB,Tyler Allgeier,ATL,BYE,---,0.0,0.0,0.0,0.0,0.0,0.0,0.0,0.0,0.0,0.0,0.0,0.0,0.0,0.0,0.0,-,0.0
2024,12,NN,WR,Keon Coleman,BUF,BYE,---,0.0,0.0,0.0,0.0,0.0,0.0,0.0,0.0,0.0,0.0,0.0,0.0,0.0,0.0,0.0,-,0.0
2024,12,NN,RB,Alexander Mattison,LV,DEN,10,0.0,0.0,0.0,0.0,0.0,0.0,0.0,0.0,0.0,0.0,0.0,0.0,0.0,0.0,0.0,-,0.0
2024,12,NN,TE,Evan Engram,JAC,BYE,---,0.0,0.0,0.0,0.0,0.0,0.0,0.0,0.0,0.0,0.0,0.0,0.0,0.0,0.0,0.0,-,0.0
2024,12,NN,RB,Braelon Allen,NYJ,BYE,---,0.0,0.0,0.0,0.0,0.0,0.0,0.0,0.0,0.0,0.0,0.0,0.0,0.0,0.0,0.0,-,0.0
2024,12,NN,WR,Amari Cooper,BUF,BYE,---,0.0,0.0,0.0,0.0,0.0,0.0,0.0,0.0,0.0,0.0,0.0,0.0,0.0,0.0,0.0,-,0.0
2024,12,NN,DST,Buccaneers,TB,@NYG,27,,,,,,,,,,,,,,,,12.00,12.0
2024,12,VD,RB,Bucky Irving,TB,@NYG,26,0.0,0.0,0.0,0.0,0.0,12.0,87.0,1.0,2.0,6.0,6.0,64.0,0.0,2.0,0.0,25.10,25.1
2024,12,VD,QB,Baker Mayfield,TB,@NYG,24,24.0,30.0,294.0,0.0,0.0,4.0,29.0,1.0,3.0,0.0,0.0,0.0,0.0,0.0,1.0,21.66,21.66
2024,12,VD,QB,Will Levis,TEN,@HOU,15,18.0,24.0,278.0,2.0,1.0,8.0,10.0,0.0,3.0,0.0,0.0,0.0,0.0,0.0,1.0,19.12,19.12
2024,12,VD,QB,Bryce Young,CAR,KC,23,21.0,35.0,263.0,1.0,0.0,3.0,20.0,0.0,1.0,0.0,0.0,0.0,0.0,0.0,0.0,17.52,17.52
2024,12,VD,QB,Jameis Winston,CLE,PIT,1,18.0,27.0,219.0,0.0,1.0,3.0,7.0,1.0,3.0,0.0,0.0,0.0,0.0,0.0,1.0,16.46,16.46
2024,12,VD,QB,Anthony Richardson,IND,DET,7,11.0,28.0,172.0,0.0,0.0,10.0,61.0,0.0,3.0,0.0,0.0,0.0,0.0,0.0,0.0,15.98,15.98
2024,12,VD,WR,Ladd McConkey,LAC,BAL,32,0.0,0.0,0.0,0.0,0.0,0.0,0.0,0.0,0.0,6.0,6.0,83.0,0.0,4.0,0.0,12.30,12.3
2024,12,VD,WR,Marvin Harrison,ARI,@SEA,15,0.0,0.0,0.0,0.0,0.0,0.0,0.0,0.0,0.0,6.0,3.0,47.0,0.0,3.0,0.0,7.70,7.7
2024,12,VD,WR,Rome Odunze,CHI,MIN,31,0.0,0.0,0.0,0.0,0.0,0.0,0.0,0.0,0.0,10.0,5.0,39.0,0.0,2.0,0.0,5.90,5.9
2024,12,VD,QB,Justin Fields,PIT,@CLE,20,0.0,1.0,0.0,0.0,0.0,3.0,26.0,0.0,1.0,0.0,0.0,0.0,0.0,0.0,0.0,3.60,3.6
2024,12,VD,TE,Dallas Goedert,PHI,@LAR,25,0.0,0.0,0.0,0.0,0.0,0.0,0.0,0.0,0.0,5.0,4.0,19.0,0.0,1.0,0.0,2.90,2.9
2024,12,VD,RB,Jordan Mason,SF,@GB,15,0.0,0.0,0.0,0.0,0.0,3.0,8.0,0.0,1.0,2.0,1.0,5.0,0.0,0.0,0.0,2.30,2.3
2024,12,VD,RB,Trey Benson,ARI,@SEA,19,0.0,0.0,0.0,0.0,0.0,4.0,18.0,0.0,0.0,0.0,0.0,0.0,0.0,0.0,0.0,1.80,1.8
2024,12,VD,WR,Cedric Tillman,CLE,PIT,5,0.0,0.0,0.0,0.0,0.0,0.0,0.0,0.0,0.0,4.0,2.0,28.0,0.0,0.0,1.0,0.80,0.8
2024,12,VD,RB,Javonte Williams,DEN,@LV,17,0.0,0.0,0.0,0.0,0.0,8.0,-2.0,0.0,0.0,4.0,2.0,6.0,0.0,0.0,0.0,0.60,0.6
2024,12,VD,RB,Jerick McKinnon Dead Cap,KC,0,0,0.0,0.0,0.0,0.0,0.0,0.0,0.0,0.0,0.0,0.0,0.0,0.0,0.0,0.0,0.0,-,0.0
2024,12,VD,RB,Bijan Robinson,ATL,BYE,---,0.0,0.0,0.0,0.0,0.0,0.0,0.0,0.0,0.0,0.0,0.0,0.0,0.0,0.0,0.0,-,0.0
2024,12,VD,TE,Kyle Pitts,ATL,BYE,---,0.0,0.0,0.0,0.0,0.0,0.0,0.0,0.0,0.0,0.0,0.0,0.0,0.0,0.0,0.0,-,0.0
2024,12,VD,RB,Tyjae Spears,TEN,@HOU,6,0.0,0.0,0.0,0.0,0.0,0.0,0.0,0.0,0.0,0.0,0.0,0.0,0.0,0.0,0.0,-,0.0
2024,12,VD,WR,Chris Godwin,TB,@NYG,9,0.0,0.0,0.0,0.0,0.0,0.0,0.0,0.0,0.0,0.0,0.0,0.0,0.0,0.0,0.0,-,0.0
2024,12,VD,DST,Lions,DET,@IND,23,,,,,,,,,,,,,,,,8.00,8.0
2024,12,WLW,QB,Lamar Jackson,BAL,@LAC,17,16.0,22.0,177.0,2.0,0.0,8.0,15.0,1.0,1.0,0.0,0.0,0.0,0.0,0.0,0.0,23.58,23.58
2024,12,WLW,RB,Chuba Hubbard,CAR,KC,1,0.0,0.0,0.0,0.0,0.0,16.0,58.0,1.0,5.0,5.0,1.0,2.0,0.0,0.0,0.0,19.00,19.0
2024,12,WLW,WR,Nico Collins,HOU,TEN,3,0.0,0.0,0.0,0.0,0.0,0.0,0.0,0.0,0.0,9.0,5.0,92.0,1.0,3.0,0.0,18.20,18.2
2024,12,WLW,RB,Kyren Williams,LAR,PHI,5,0.0,0.0,0.0,0.0,0.0,16.0,72.0,1.0,6.0,0.0,0.0,0.0,0.0,0.0,1.0,17.20,17.2
2024,12,WLW,QB,CJ Stroud,HOU,TEN,22,20.0,33.0,247.0,2.0,2.0,3.0,18.0,0.0,0.0,0.0,0.0,0.0,0.0,0.0,0.0,15.68,15.68
2024,12,WLW,WR,Cooper Kupp,LAR,PHI,10,0.0,0.0,0.0,0.0,0.0,0.0,0.0,0.0,0.0,11.0,8.0,60.0,1.0,1.0,0.0,13.00,13.0
2024,12,WLW,RB,Rico Dowdle,DAL,@WAS,21,0.0,0.0,0.0,0.0,0.0,19.0,86.0,0.0,3.0,3.0,3.0,12.0,0.0,1.0,1.0,11.80,11.8
2024,12,WLW,WR,Rashod Bateman,BAL,@LAC,14,0.0,0.0,0.0,0.0,0.0,0.0,0.0,0.0,0.0,3.0,2.0,43.0,1.0,1.0,0.0,11.30,11.3
2024,12,WLW,WR,CeeDee Lamb,DAL,@WAS,18,0.0,0.0,0.0,0.0,0.0,1.0,1.0,0.0,0.0,12.0,10.0,67.0,0.0,4.0,0.0,10.80,10.8
2024,12,WLW,QB,Jared Goff,DET,@IND,19,26.0,36.0,269.0,0.0,0.0,2.0,0.0,0.0,0.0,0.0,0.0,0.0,0.0,0.0,0.0,10.76,10.76
2024,12,WLW,WR,Mike Evans,TB,@NYG,9,0.0,0.0,0.0,0.0,0.0,0.0,0.0,0.0,0.0,6.0,5.0,68.0,0.0,3.0,0.0,9.80,9.8
2024,12,WLW,RB,Devin Singletary,NYG,TB,16,0.0,0.0,0.0,0.0,0.0,2.0,3.0,1.0,1.0,2.0,2.0,7.0,0.0,1.0,0.0,9.00,9.0
2024,12,WLW,WR,Alec Pierce,IND,DET,25,0.0,0.0,0.0,0.0,0.0,0.0,0.0,0.0,0.0,4.0,1.0,39.0,0.0,1.0,0.0,4.90,4.9
2024,12,WLW,TE,Sam LaPorta,DET,@IND,26,0.0,0.0,0.0,0.0,0.0,0.0,0.0,0.0,0.0,6.0,3.0,19.0,0.0,0.0,0.0,1.90,1.9
2024,12,WLW,RB,Raheem Mostert,MIA,NE,22,0.0,0.0,0.0,0.0,0.0,2.0,5.0,0.0,0.0,1.0,1.0,-3.0,0.0,0.0,0.0,0.50,0.5
2024,12,WLW,WR,Diontae Johnson,BAL,@LAC,14,0.0,0.0,0.0,0.0,0.0,0.0,0.0,0.0,0.0,1.0,0.0,0.0,0.0,0.0,0.0,0.00,0.0
2024,12,WLW,TE,Erick All,CIN,BYE,---,0.0,0.0,0.0,0.0,0.0,0.0,0.0,0.0,0.0,0.0,0.0,0.0,0.0,0.0,0.0,-,0.0
2024,12,WLW,TE,Dawson Knox,BUF,BYE,---,0.0,0.0,0.0,0.0,0.0,0.0,0.0,0.0,0.0,0.0,0.0,0.0,0.0,0.0,0.0,-,0.0
2024,12,WLW,RB,Chase Brown,CIN,BYE,---,0.0,0.0,0.0,0.0,0.0,0.0,0.0,0.0,0.0,0.0,0.0,0.0,0.0,0.0,0.0,-,0.0
2024,12,WLW,WR,Christian Kirk,JAC,BYE,---,0.0,0.0,0.0,0.0,0.0,0.0,0.0,0.0,0.0,0.0,0.0,0.0,0.0,0.0,0.0,-,0.0
2024,12,WLW,DST,Broncos,DEN,@LV,31,,,,,,,,,,,,,,,,11.00,11.0
2024,13,AFL,QB,Jayden Daniels,WAS,TEN,25,25.0,30.0,206.0,3.0,1.0,9.0,34.0,1.0,2.0,0.0,0.0,0.0,0.0,0.0,0.0,29.64,29.64
2024,13,AFL,QB,Russell Wilson,PIT,@CIN,30,29.0,38.0,414.0,3.0,1.0,3.0,3.0,0.0,0.0,0.0,0.0,0.0,0.0,0.0,0.0,26.86,26.86
2024,13,AFL,TE,Brock Bowers,LV,@KC,29,0.0,0.0,0.0,0.0,0.0,1.0,2.0,0.0,1.0,14.0,10.0,140.0,1.0,5.0,0.0,26.20,26.2
2024,13,AFL,QB,Kyler Murray,ARI,@MIN,8,31.0,45.0,260.0,1.0,2.0,7.0,48.0,0.0,2.0,0.0,0.0,0.0,0.0,0.0,0.0,17.20,17.2
2024,13,AFL,WR,Tee Higgins,CIN,PIT,11,0.0,0.0,0.0,0.0,0.0,0.0,0.0,0.0,0.0,10.0,5.0,69.0,1.0,4.0,0.0,16.90,16.9
2024,13,AFL,RB,Jahmyr Gibbs,DET,CHI,23,0.0,0.0,0.0,0.0,0.0,9.0,87.0,0.0,4.0,4.0,2.0,17.0,0.0,0.0,1.0,12.40,12.4
2024,13,AFL,TE,Travis Kelce,KC,LV,31,0.0,0.0,0.0,0.0,0.0,0.0,0.0,0.0,0.0,13.0,7.0,68.0,0.0,4.0,0.0,10.80,10.8
2024,13,AFL,WR,AJ Brown,PHI,@BAL,32,0.0,0.0,0.0,0.0,0.0,0.0,0.0,0.0,0.0,6.0,5.0,66.0,0.0,4.0,0.0,10.60,10.6
2024,13,AFL,WR,Zay Flowers,BAL,PHI,6,0.0,0.0,0.0,0.0,0.0,1.0,-3.0,0.0,0.0,7.0,3.0,74.0,0.0,3.0,0.0,10.40,10.4
2024,13,AFL,RB,D'Andre Swift,CHI,@DET,3,0.0,0.0,0.0,0.0,0.0,11.0,39.0,0.0,2.0,3.0,2.0,35.0,0.0,1.0,0.0,10.40,10.4
2024,13,AFL,WR,Josh Palmer,LAC,@ATL,26,0.0,0.0,0.0,0.0,0.0,0.0,0.0,0.0,0.0,1.0,1.0,11.0,0.0,1.0,0.0,4.10,4.1
2024,13,AFL,WR,Darius Slayton,NYG,@DAL,17,0.0,0.0,0.0,0.0,0.0,0.0,0.0,0.0,0.0,6.0,2.0,8.0,0.0,0.0,0.0,0.80,0.8
2024,13,AFL,WR,Chris Olave,NO,LAR,23,0.0,0.0,0.0,0.0,0.0,0.0,0.0,0.0,0.0,0.0,0.0,0.0,0.0,0.0,0.0,-,0.0
2024,13,AFL,QB,Spencer Rattler,NO,LAR,15,0.0,0.0,0.0,0.0,0.0,0.0,0.0,0.0,0.0,0.0,0.0,0.0,0.0,0.0,0.0,-,0.0
2024,13,AFL,WR,Allen Lazard,NYJ,SEA,14,0.0,0.0,0.0,0.0,0.0,0.0,0.0,0.0,0.0,0.0,0.0,0.0,0.0,0.0,0.0,-,0.0
2024,13,AFL,WR,Adonai Mitchell,IND,@NE,21,0.0,0.0,0.0,0.0,0.0,0.0,0.0,0.0,0.0,2.0,0.0,0.0,0.0,0.0,0.0,0.00,0.0
2024,13,AFL,DST,Cowboys,DAL,NYG,28,18.0,18.0,,,,,,,,,,,,,,,
2024,13,AFL,DST,Chiefs,KC,LV,31,,,,,,,,,,,,,,,,7.00,7.0
2024,13,CC,RB,James Cook,BUF,SF,25,0.0,0.0,0.0,0.0,0.0,14.0,107.0,1.0,3.0,1.0,1.0,13.0,0.0,1.0,0.0,22.00,22.0
2024,13,CC,QB,Drake Maye,NE,IND,20,24.0,30.0,238.0,1.0,1.0,5.0,59.0,0.0,2.0,0.0,0.0,0.0,0.0,0.0,0.0,21.42,21.42
2024,13,CC,RB,David Montgomery,DET,CHI,23,0.0,0.0,0.0,0.0,0.0,21.0,88.0,0.0,4.0,3.0,3.0,36.0,0.0,3.0,0.0,19.40,19.4
2024,13,CC,WR,Brian Thomas,JAC,HOU,29,0.0,0.0,0.0,0.0,0.0,1.0,11.0,0.0,1.0,10.0,4.0,76.0,1.0,3.0,0.0,18.70,18.7
2024,13,CC,TE,Trey McBride,ARI,@MIN,14,0.0,0.0,0.0,0.0,0.0,0.0,0.0,0.0,0.0,12.0,12.0,96.0,0.0,7.0,0.0,16.60,16.6
2024,13,CC,WR,George Pickens,PIT,@CIN,22,0.0,0.0,0.0,0.0,0.0,0.0,0.0,0.0,0.0,6.0,3.0,74.0,1.0,3.0,0.0,16.40,16.4
2024,13,CC,TE,Zach Ertz,WAS,TEN,9,0.0,0.0,0.0,0.0,0.0,0.0,0.0,0.0,0.0,6.0,3.0,35.0,1.0,2.0,0.0,11.50,11.5
2024,13,CC,WR,Amon-Ra St Brown,DET,CHI,5,0.0,0.0,0.0,0.0,0.0,0.0,0.0,0.0,0.0,7.0,5.0,73.0,0.0,2.0,0.0,9.30,9.3
2024,13,CC,WR,DK Metcalf,SEA,@NYJ,1,0.0,0.0,0.0,0.0,0.0,0.0,0.0,0.0,0.0,9.0,4.0,66.0,0.0,2.0,0.0,8.60,8.6
2024,13,CC,RB,Jonathon Brooks,CAR,TB,13,0.0,0.0,0.0,0.0,0.0,6.0,18.0,0.0,0.0,3.0,3.0,23.0,0.0,2.0,0.0,6.10,6.1
2024,13,CC,WR,Quentin Johnston,LAC,@ATL,26,0.0,0.0,0.0,0.0,0.0,0.0,0.0,0.0,0.0,4.0,2.0,12.0,0.0,1.0,0.0,2.20,2.2
2024,13,CC,QB,Brock Purdy,SF,@BUF,5,11.0,18.0,94.0,0.0,0.0,2.0,4.0,0.0,0.0,0.0,0.0,0.0,0.0,0.0,1.0,2.16,2.16
2024,13,CC,WR,Malachi Corley,NYJ,SEA,14,0.0,0.0,0.0,0.0,0.0,1.0,8.0,0.0,1.0,2.0,0.0,0.0,0.0,0.0,0.0,1.80,1.8
2024,13,CC,RB,Antonio Gibson Dead Cap,NE,0,0,0.0,0.0,0.0,0.0,0.0,0.0,0.0,0.0,0.0,0.0,0.0,0.0,0.0,0.0,0.0,-,0.0
2024,13,CC,QB,Daniel Jones,MIN,ARI,14,0.0,0.0,0.0,0.0,0.0,0.0,0.0,0.0,0.0,0.0,0.0,0.0,0.0,0.0,0.0,-,0.0
2024,13,CC,WR,Deebo Samuel,SF,@BUF,4,0.0,0.0,0.0,0.0,0.0,0.0,0.0,0.0,0.0,5.0,4.0,20.0,0.0,0.0,1.0,0.00,0.0
2024,13,CC,WR,Ja'Lynn Polk,NE,IND,16,0.0,0.0,0.0,0.0,0.0,0.0,0.0,0.0,0.0,1.0,0.0,0.0,0.0,0.0,0.0,0.00,0.0
2024,13,CC,WR,Ricky Pearsall,SF,@BUF,4,0.0,0.0,0.0,0.0,0.0,0.0,0.0,0.0,0.0,1.0,0.0,0.0,0.0,0.0,0.0,0.00,0.0
2024,13,CC,WR,Javon Baker,NE,IND,16,0.0,0.0,0.0,0.0,0.0,0.0,0.0,0.0,0.0,0.0,0.0,0.0,0.0,0.0,0.0,0.00,0.0
2024,13,CC,DST,Jets,NYJ,SEA,29,,,,,,,,,,,,,,,,15.00,15.0
2024,13,CRB,RB,Jonathan Taylor,IND,@NE,22,0.0,0.0,0.0,0.0,0.0,25.0,96.0,0.0,8.0,1.0,1.0,7.0,1.0,1.0,0.0,25.30,25.3
2024,13,CRB,RB,Josh Jacobs,GB,MIA,21,0.0,0.0,0.0,0.0,0.0,19.0,43.0,1.0,3.0,4.0,4.0,74.0,0.0,2.0,0.0,22.70,22.7
2024,13,CRB,WR,Keenan Allen,CHI,@DET,27,0.0,0.0,0.0,0.0,0.0,0.0,0.0,0.0,0.0,8.0,5.0,73.0,2.0,3.0,0.0,22.30,22.3
2024,13,CRB,QB,Jalen Hurts,PHI,@BAL,28,11.0,19.0,118.0,1.0,0.0,9.0,29.0,1.0,4.0,0.0,0.0,0.0,0.0,0.0,0.0,21.62,21.62
2024,13,CRB,RB,Chris Rodriguez,WAS,TEN,14,0.0,0.0,0.0,0.0,0.0,13.0,94.0,1.0,5.0,0.0,0.0,0.0,0.0,0.0,0.0,20.40,20.4
2024,13,CRB,WR,Davante Adams,NYJ,SEA,14,0.0,0.0,0.0,0.0,0.0,0.0,0.0,0.0,0.0,12.0,5.0,66.0,1.0,5.0,0.0,17.60,17.6
2024,13,CRB,RB,De'Von Achane,MIA,@GB,16,0.0,0.0,0.0,0.0,0.0,7.0,14.0,0.0,1.0,9.0,8.0,56.0,1.0,3.0,0.0,17.00,17.0
2024,13,CRB,RB,Antonio Gibson,NE,IND,28,0.0,0.0,0.0,0.0,0.0,7.0,62.0,1.0,4.0,0.0,0.0,0.0,0.0,0.0,0.0,16.20,16.2
2024,13,CRB,WR,Courtland Sutton,DEN,CLE,28,0.0,0.0,0.0,0.0,0.0,0.0,0.0,0.0,0.0,9.0,6.0,102.0,0.0,6.0,0.0,16.20,16.2
2024,13,CRB,WR,Elijah Moore,CLE,@DEN,2,0.0,0.0,0.0,0.0,0.0,1.0,1.0,0.0,0.0,14.0,8.0,111.0,0.0,5.0,0.0,16.20,16.2
2024,13,CRB,QB,Bo Nix,DEN,CLE,19,18.0,35.0,294.0,1.0,2.0,3.0,4.0,0.0,0.0,0.0,0.0,0.0,0.0,0.0,0.0,12.16,12.16
2024,13,CRB,TE,Isaiah Likely,BAL,PHI,10,0.0,0.0,0.0,0.0,0.0,0.0,0.0,0.0,0.0,8.0,5.0,38.0,1.0,2.0,0.0,11.80,11.8
2024,13,CRB,WR,Jalen McMillan,TB,@CAR,13,0.0,0.0,0.0,0.0,0.0,0.0,0.0,0.0,0.0,3.0,2.0,25.0,0.0,1.0,0.0,3.50,3.5
2024,13,CRB,WR,Luke McCaffrey,WAS,TEN,7,0.0,0.0,0.0,0.0,0.0,0.0,0.0,0.0,0.0,2.0,2.0,13.0,0.0,1.0,0.0,2.30,2.3
2024,13,CRB,WR,Romeo Doubs,GB,MIA,3,0.0,0.0,0.0,0.0,0.0,0.0,0.0,0.0,0.0,0.0,0.0,0.0,0.0,0.0,0.0,-,0.0
2024,13,CRB,WR,Mike Williams,PIT,@CIN,22,0.0,0.0,0.0,0.0,0.0,0.0,0.0,0.0,0.0,0.0,0.0,0.0,0.0,0.0,0.0,0.00,0.0
2024,13,CRB,WR,DeVonta Smith,PHI,@BAL,32,0.0,0.0,0.0,0.0,0.0,0.0,0.0,0.0,0.0,0.0,0.0,0.0,0.0,0.0,0.0,-,0.0
2024,13,CRB,DST,Commanders,WAS,TEN,32,8.0,8.0,,,,,,,,,,,,,,,
2024,13,CRB,DST,Eagles,PHI,@BAL,2,,,,,,,,,,,,,,,,5.00,5.0
2024,13,ELP,QB,Josh Allen,BUF,SF,11,13.0,17.0,148.0,2.0,0.0,3.0,18.0,1.0,3.0,0.0,0.0,7.0,1.0,1.0,0.0,32.42,32.42
2024,13,ELP,WR,Jayden Reed,GB,MIA,3,0.0,0.0,0.0,0.0,0.0,1.0,23.0,0.0,1.0,6.0,3.0,24.0,2.0,2.0,0.0,19.70,19.7
2024,13,ELP,WR,Tyreek Hill,MIA,@GB,9,0.0,0.0,0.0,0.0,0.0,0.0,0.0,0.0,0.0,9.0,6.0,83.0,1.0,4.0,0.0,18.30,18.3
2024,13,ELP,TE,Mark Andrews,BAL,PHI,10,0.0,0.0,0.0,0.0,0.0,1.0,2.0,0.0,1.0,7.0,6.0,67.0,1.0,3.0,0.0,16.90,16.9
2024,13,ELP,RB,Tyrone Tracy,NYG,@DAL,30,0.0,0.0,0.0,0.0,0.0,9.0,32.0,1.0,2.0,3.0,2.0,33.0,0.0,2.0,0.0,16.50,16.5
2024,13,ELP,RB,Nick Chubb,CLE,@DEN,10,0.0,0.0,0.0,0.0,0.0,9.0,21.0,0.0,1.0,2.0,2.0,24.0,1.0,2.0,0.0,13.50,13.5
2024,13,ELP,WR,DeAndre Hopkins,KC,LV,12,0.0,0.0,0.0,0.0,0.0,0.0,0.0,0.0,0.0,9.0,4.0,90.0,0.0,2.0,0.0,11.00,11.0
2024,13,ELP,RB,Ameer Abdullah,LV,@KC,1,0.0,0.0,0.0,0.0,0.0,10.0,39.0,0.0,2.0,2.0,2.0,14.0,0.0,1.0,0.0,8.30,8.3
2024,13,ELP,WR,Xavier Legette,CAR,TB,24,0.0,0.0,0.0,0.0,0.0,0.0,0.0,0.0,0.0,8.0,4.0,53.0,0.0,3.0,0.0,8.30,8.3
2024,13,ELP,WR,Jameson Williams,DET,CHI,5,0.0,0.0,0.0,0.0,0.0,2.0,18.0,0.0,1.0,7.0,5.0,28.0,0.0,2.0,0.0,7.60,7.6
2024,13,ELP,TE,Theo Johnson,NYG,@DAL,15,0.0,0.0,0.0,0.0,0.0,0.0,0.0,0.0,0.0,5.0,5.0,54.0,0.0,2.0,0.0,7.40,7.4
2024,13,ELP,RB,Kenneth Walker,SEA,@NYJ,12,0.0,0.0,0.0,0.0,0.0,16.0,49.0,0.0,2.0,3.0,2.0,-3.0,0.0,0.0,0.0,6.90,6.9
2024,13,ELP,WR,Khalil Shakir,BUF,SF,8,0.0,0.0,0.0,0.0,0.0,0.0,0.0,0.0,0.0,7.0,4.0,30.0,0.0,1.0,0.0,4.00,4.0
2024,13,ELP,RB,Cam Akers,MIN,ARI,20,0.0,0.0,0.0,0.0,0.0,4.0,22.0,0.0,1.0,0.0,0.0,0.0,0.0,0.0,0.0,3.20,3.2
2024,13,ELP,QB,Kirk Cousins,ATL,LAC,12,24.0,39.0,245.0,0.0,4.0,1.0,3.0,0.0,1.0,0.0,0.0,0.0,0.0,0.0,0.0,3.10,3.1
2024,13,ELP,WR,Demario Douglas,NE,IND,16,0.0,0.0,0.0,0.0,0.0,0.0,0.0,0.0,0.0,4.0,4.0,20.0,0.0,1.0,0.0,3.00,3.0
2024,13,ELP,RB,Audric Estime,DEN,CLE,8,0.0,0.0,0.0,0.0,0.0,3.0,12.0,0.0,0.0,0.0,0.0,0.0,0.0,0.0,0.0,1.20,1.2
2024,13,ELP,QB,Brandon Allen,SF,@BUF,5,0.0,0.0,0.0,0.0,0.0,0.0,0.0,0.0,0.0,0.0,0.0,0.0,0.0,0.0,0.0,-,0.0
2024,13,ELP,DST,49ers,SF,@BUF,1,,,,,,,,,,,,,,,,-1.00,-1.0
2024,13,FRR,WR,Terry McLaurin,WAS,TEN,7,0.0,0.0,0.0,0.0,0.0,0.0,0.0,0.0,0.0,8.0,8.0,73.0,2.0,6.0,0.0,25.30,25.3
2024,13,FRR,RB,Brian Robinson,WAS,TEN,14,0.0,0.0,0.0,0.0,0.0,16.0,103.0,1.0,4.0,1.0,1.0,6.0,0.0,0.0,0.0,20.90,20.9
2024,13,FRR,QB,Sam Darnold,MIN,ARI,14,21.0,31.0,235.0,2.0,0.0,4.0,22.0,0.0,1.0,0.0,0.0,0.0,0.0,0.0,0.0,20.60,20.6
2024,13,FRR,QB,Patrick Mahomes,KC,LV,24,26.0,46.0,306.0,1.0,0.0,2.0,4.0,0.0,0.0,0.0,0.0,0.0,0.0,0.0,0.0,16.64,16.64
2024,13,FRR,WR,Ja'Marr Chase,CIN,PIT,11,0.0,0.0,0.0,0.0,0.0,0.0,0.0,0.0,0.0,9.0,6.0,86.0,1.0,2.0,0.0,16.60,16.6
2024,13,FRR,WR,Drake London,ATL,LAC,15,0.0,0.0,0.0,0.0,0.0,1.0,-3.0,0.0,0.0,16.0,9.0,86.0,0.0,6.0,0.0,14.60,14.6
2024,13,FRR,RB,Rhamondre Stevenson,NE,IND,28,0.0,0.0,0.0,0.0,0.0,18.0,73.0,0.0,2.0,3.0,3.0,21.0,0.0,2.0,0.0,13.40,13.4
2024,13,FRR,TE,Hunter Henry,NE,IND,28,0.0,0.0,0.0,0.0,0.0,0.0,0.0,0.0,0.0,9.0,7.0,75.0,0.0,5.0,0.0,12.50,12.5
2024,13,FRR,TE,Taysom Hill,NO,LAR,25,0.0,0.0,0.0,0.0,0.0,5.0,10.0,0.0,1.0,7.0,5.0,37.0,0.0,2.0,0.0,7.70,7.7
2024,13,FRR,RB,Isiah Pacheco,KC,LV,15,0.0,0.0,0.0,0.0,0.0,7.0,44.0,0.0,2.0,1.0,1.0,5.0,0.0,0.0,0.0,6.90,6.9
2024,13,FRR,WR,Calvin Ridley,TEN,@WAS,20,0.0,0.0,0.0,0.0,0.0,0.0,0.0,0.0,0.0,7.0,2.0,45.0,0.0,2.0,0.0,6.50,6.5
2024,13,FRR,RB,Blake Corum,LAR,@NO,29,0.0,0.0,0.0,0.0,0.0,8.0,42.0,0.0,2.0,0.0,0.0,0.0,0.0,0.0,0.0,6.20,6.2
2024,13,FRR,TE,TJ Hockenson,MIN,ARI,11,0.0,0.0,0.0,0.0,0.0,0.0,0.0,0.0,0.0,6.0,3.0,28.0,0.0,3.0,0.0,5.80,5.8
2024,13,FRR,WR,Tank Dell,HOU,@JAC,30,0.0,0.0,0.0,0.0,0.0,0.0,0.0,0.0,0.0,4.0,1.0,23.0,0.0,1.0,0.0,3.30,3.3
2024,13,FRR,RB,Kareem Hunt,KC,LV,15,0.0,0.0,0.0,0.0,0.0,7.0,15.0,0.0,0.0,4.0,2.0,0.0,0.0,0.0,0.0,1.50,1.5
2024,13,FRR,WR,Brandon Aiyuk,SF,@BUF,4,0.0,0.0,0.0,0.0,0.0,0.0,0.0,0.0,0.0,0.0,0.0,0.0,0.0,0.0,0.0,-,0.0
2024,13,FRR,WR,Roman Wilson,PIT,@CIN,22,0.0,0.0,0.0,0.0,0.0,0.0,0.0,0.0,0.0,0.0,0.0,0.0,0.0,0.0,0.0,-,0.0
2024,13,FRR,TE,Dalton Kincaid,BUF,SF,5,0.0,0.0,0.0,0.0,0.0,0.0,0.0,0.0,0.0,0.0,0.0,0.0,0.0,0.0,0.0,-,0.0
2024,13,FRR,RB,Sean Tucker,TB,@CAR,32,0.0,0.0,0.0,0.0,0.0,0.0,0.0,0.0,0.0,0.0,0.0,0.0,0.0,0.0,0.0,0.00,0.0
2024,13,FRR,DST,Steelers,PIT,@CIN,17,16.0,16.0,,,,,,,,,,,,,,,
2024,13,FRR,DST,Texans,HOU,@JAC,18,,,,,,,,,,,,,,,,4.00,4.0
2024,13,GF,QB,Jordan Love,GB,MIA,2,21.0,28.0,274.0,2.0,0.0,0.0,0.0,0.0,0.0,0.0,0.0,0.0,0.0,0.0,0.0,18.96,18.96
2024,13,GF,WR,Demarcus Robinson,LAR,@NO,25,0.0,0.0,0.0,0.0,0.0,0.0,0.0,0.0,0.0,3.0,2.0,49.0,1.0,2.0,0.0,12.90,12.9
2024,13,GF,WR,Jaxon Smith-Njigba,SEA,@NYJ,1,0.0,0.0,0.0,0.0,0.0,1.0,5.0,0.0,0.0,4.0,4.0,74.0,0.0,3.0,0.0,10.90,10.9
2024,13,GF,RB,Aaron Jones,MIN,ARI,20,0.0,0.0,0.0,0.0,0.0,5.0,22.0,0.0,1.0,4.0,3.0,6.0,1.0,1.0,1.0,8.80,8.8
2024,13,GF,WR,Christian Watson,GB,MIA,3,0.0,0.0,0.0,0.0,0.0,0.0,0.0,0.0,0.0,4.0,2.0,67.0,0.0,2.0,0.0,8.70,8.7
2024,13,GF,RB,Gus Edwards,LAC,@ATL,9,0.0,0.0,0.0,0.0,0.0,6.0,32.0,0.0,2.0,1.0,1.0,1.0,0.0,0.0,0.0,5.30,5.3
2024,13,GF,WR,Jalen Tolbert,DAL,NYG,10,0.0,0.0,0.0,0.0,0.0,0.0,0.0,0.0,0.0,4.0,2.0,41.0,0.0,1.0,0.0,5.10,5.1
2024,13,GF,WR,Michael Pittman,IND,@NE,21,0.0,0.0,0.0,0.0,0.0,0.0,0.0,0.0,0.0,7.0,5.0,42.0,0.0,0.0,0.0,4.20,4.2
2024,13,GF,WR,Dontayvion Wicks,GB,MIA,3,0.0,0.0,0.0,0.0,0.0,0.0,0.0,0.0,0.0,5.0,4.0,30.0,0.0,1.0,0.0,4.00,4.0
2024,13,GF,RB,Ezekiel Elliott,DAL,NYG,26,0.0,0.0,0.0,0.0,0.0,1.0,4.0,0.0,1.0,0.0,0.0,0.0,0.0,0.0,0.0,1.40,1.4
2024,13,GF,QB,Trevor Lawrence,JAC,HOU,17,4.0,10.0,41.0,0.0,1.0,1.0,6.0,0.0,0.0,0.0,0.0,0.0,0.0,0.0,0.0,0.24,0.24
2024,13,GF,QB,JJ McCarthy,MIN,ARI,14,0.0,0.0,0.0,0.0,0.0,0.0,0.0,0.0,0.0,0.0,0.0,0.0,0.0,0.0,0.0,-,0.0
2024,13,GF,TE,Jake Ferguson,DAL,NYG,2,0.0,0.0,0.0,0.0,0.0,0.0,0.0,0.0,0.0,0.0,0.0,0.0,0.0,0.0,0.0,-,0.0
2024,13,GF,RB,JK Dobbins,LAC,@ATL,9,0.0,0.0,0.0,0.0,0.0,0.0,0.0,0.0,0.0,0.0,0.0,0.0,0.0,0.0,0.0,-,0.0
2024,13,GF,WR,Marquise Brown,KC,LV,12,0.0,0.0,0.0,0.0,0.0,0.0,0.0,0.0,0.0,0.0,0.0,0.0,0.0,0.0,0.0,-,0.0
2024,13,GF,QB,Michael Penix,ATL,LAC,12,0.0,0.0,0.0,0.0,0.0,0.0,0.0,0.0,0.0,0.0,0.0,0.0,0.0,0.0,0.0,-,0.0
2024,13,GF,RB,MarShawn Lloyd,GB,MIA,21,0.0,0.0,0.0,0.0,0.0,0.0,0.0,0.0,0.0,0.0,0.0,0.0,0.0,0.0,0.0,-,0.0
2024,13,GF,TE,Luke Musgrave,GB,MIA,21,0.0,0.0,0.0,0.0,0.0,0.0,0.0,0.0,0.0,0.0,0.0,0.0,0.0,0.0,0.0,-,0.0
2024,13,GF,DST,Patriots,NE,IND,22,,,,,,,,,,,,,,,,6.00,6.0
2024,13,MAM,WR,Jerry Jeudy,CLE,@DEN,2,0.0,0.0,0.0,0.0,0.0,0.0,0.0,0.0,0.0,13.0,9.0,235.0,1.0,9.0,0.0,40.50,40.5
2024,13,MAM,QB,Caleb Williams,CHI,@DET,7,20.0,39.0,256.0,3.0,0.0,4.0,39.0,0.0,1.0,0.0,0.0,0.0,0.0,0.0,0.0,27.14,27.14
2024,13,MAM,QB,Tua Tagovailoa,MIA,@GB,6,37.0,46.0,365.0,2.0,0.0,2.0,6.0,0.0,0.0,0.0,0.0,0.0,0.0,0.0,0.0,25.20,25.2
2024,13,MAM,RB,Saquon Barkley,PHI,@BAL,7,0.0,0.0,0.0,0.0,0.0,23.0,107.0,1.0,5.0,4.0,2.0,10.0,0.0,0.0,0.0,22.70,22.7
2024,13,MAM,TE,David Njoku,CLE,@DEN,7,0.0,0.0,0.0,0.0,0.0,0.0,0.0,0.0,0.0,17.0,9.0,52.0,2.0,3.0,0.0,20.20,20.2
2024,13,MAM,WR,DJ Moore,CHI,@DET,27,0.0,0.0,0.0,0.0,0.0,0.0,0.0,0.0,0.0,16.0,8.0,97.0,1.0,3.0,0.0,18.70,18.7
2024,13,MAM,TE,Jonnu Smith,MIA,@GB,23,0.0,0.0,0.0,0.0,0.0,0.0,0.0,0.0,0.0,11.0,10.0,113.0,0.0,7.0,0.0,18.30,18.3
2024,13,MAM,RB,Alvin Kamara,NO,LAR,24,0.0,0.0,0.0,0.0,0.0,23.0,112.0,0.0,5.0,6.0,4.0,7.0,0.0,0.0,0.0,16.90,16.9
2024,13,MAM,RB,James Conner,ARI,@MIN,2,0.0,0.0,0.0,0.0,0.0,17.0,68.0,0.0,6.0,4.0,3.0,13.0,0.0,0.0,0.0,14.10,14.1
2024,13,MAM,QB,Geno Smith,SEA,@NYJ,16,20.0,31.0,206.0,1.0,0.0,2.0,2.0,0.0,0.0,0.0,0.0,0.0,0.0,0.0,0.0,12.44,12.44
2024,13,MAM,TE,Tucker Kraft,GB,MIA,21,0.0,0.0,0.0,0.0,0.0,0.0,0.0,0.0,0.0,7.0,6.0,78.0,0.0,4.0,0.0,11.80,11.8
2024,13,MAM,RB,Jaylen Warren,PIT,@CIN,18,0.0,0.0,0.0,0.0,0.0,3.0,9.0,0.0,1.0,4.0,4.0,55.0,0.0,3.0,0.0,10.40,10.4
2024,13,MAM,WR,Garrett Wilson,NYJ,SEA,14,0.0,0.0,0.0,0.0,0.0,0.0,0.0,0.0,0.0,10.0,5.0,41.0,0.0,3.0,0.0,7.10,7.1
2024,13,MAM,WR,Noah Brown,WAS,TEN,7,0.0,0.0,0.0,0.0,0.0,0.0,0.0,0.0,0.0,4.0,3.0,27.0,0.0,1.0,0.0,3.70,3.7
2024,13,MAM,WR,Wan'Dale Robinson,NYG,@DAL,17,0.0,0.0,0.0,0.0,0.0,0.0,0.0,0.0,0.0,2.0,2.0,6.0,0.0,0.0,0.0,0.60,0.6
2024,13,MAM,WR,Rashee Rice,KC,LV,12,0.0,0.0,0.0,0.0,0.0,0.0,0.0,0.0,0.0,0.0,0.0,0.0,0.0,0.0,0.0,-,0.0
2024,13,MAM,WR,Josh Downs,IND,@NE,21,0.0,0.0,0.0,0.0,0.0,0.0,0.0,0.0,0.0,0.0,0.0,0.0,0.0,0.0,0.0,-,0.0
2024,13,MAM,RB,Roschon Johnson,CHI,@DET,3,0.0,0.0,0.0,0.0,0.0,0.0,0.0,0.0,0.0,0.0,0.0,0.0,0.0,0.0,0.0,0.00,0.0
2024,13,MAM,WR,Rashid Shaheed,NO,LAR,23,0.0,0.0,0.0,0.0,0.0,0.0,0.0,0.0,0.0,0.0,0.0,0.0,0.0,0.0,0.0,-,0.0
2024,13,MAM,DST,Colts,IND,@NE,26,7.0,7.0,,,,,,,,,,,,,,,
2024,13,MAM,DST,Ravens,BAL,PHI,13,,,,,,,,,,,,,,,,2.00,2.0
2024,13,MCM,RB,Joe Mixon,HOU,@JAC,31,0.0,0.0,0.0,0.0,0.0,20.0,101.0,1.0,9.0,6.0,4.0,18.0,0.0,0.0,0.0,26.90,26.9
2024,13,MCM,WR,Nick Westbrook-Ikhine,TEN,@WAS,20,0.0,0.0,0.0,0.0,0.0,0.0,0.0,0.0,0.0,8.0,3.0,61.0,2.0,3.0,0.0,21.10,21.1
2024,13,MCM,RB,Ray Davis,BUF,SF,25,0.0,0.0,0.0,0.0,0.0,11.0,63.0,1.0,5.0,1.0,1.0,4.0,0.0,0.0,0.0,17.70,17.7
2024,13,MCM,WR,Puka Nacua,LAR,@NO,25,0.0,0.0,0.0,0.0,0.0,1.0,7.0,0.0,0.0,8.0,5.0,56.0,1.0,4.0,0.0,16.30,16.3
2024,13,MCM,TE,Dalton Schultz,HOU,@JAC,27,0.0,0.0,0.0,0.0,0.0,0.0,0.0,0.0,0.0,7.0,5.0,61.0,1.0,4.0,0.0,16.10,16.1
2024,13,MCM,QB,Derek Carr,NO,LAR,15,24.0,37.0,184.0,1.0,0.0,2.0,12.0,0.0,1.0,0.0,0.0,0.0,0.0,0.0,0.0,15.56,15.56
2024,13,MCM,WR,Ray-Ray McCloud,ATL,LAC,15,0.0,0.0,0.0,0.0,0.0,1.0,-2.0,0.0,0.0,6.0,4.0,95.0,0.0,3.0,0.0,12.50,12.5
2024,13,MCM,RB,Christian McCaffrey,SF,@BUF,27,0.0,0.0,0.0,0.0,0.0,7.0,53.0,0.0,4.0,3.0,2.0,14.0,0.0,1.0,0.0,11.70,11.7
2024,13,MCM,QB,Justin Herbert,LAC,@ATL,26,16.0,23.0,147.0,0.0,0.0,5.0,1.0,0.0,2.0,0.0,0.0,0.0,0.0,0.0,0.0,9.98,9.98
2024,13,MCM,RB,Isaac Guerendo,SF,@BUF,27,0.0,0.0,0.0,0.0,0.0,4.0,19.0,1.0,1.0,1.0,1.0,-3.0,0.0,0.0,0.0,8.90,8.9
2024,13,MCM,WR,Jauan Jennings,SF,@BUF,4,0.0,0.0,0.0,0.0,0.0,0.0,0.0,0.0,0.0,5.0,3.0,56.0,0.0,3.0,0.0,8.60,8.6
2024,13,MCM,RB,Travis Etienne,JAC,HOU,4,0.0,0.0,0.0,0.0,0.0,13.0,46.0,0.0,2.0,3.0,3.0,12.0,0.0,0.0,0.0,7.80,7.8
2024,13,MCM,WR,Jordan Addison,MIN,ARI,19,0.0,0.0,0.0,0.0,0.0,0.0,0.0,0.0,0.0,6.0,4.0,54.0,0.0,2.0,0.0,7.40,7.4
2024,13,MCM,RB,Jeremy McNichols,WAS,TEN,14,0.0,0.0,0.0,0.0,0.0,6.0,32.0,0.0,2.0,0.0,0.0,0.0,0.0,0.0,0.0,5.20,5.2
2024,13,MCM,TE,Cade Otton,TB,@CAR,32,0.0,0.0,0.0,0.0,0.0,0.0,0.0,0.0,0.0,7.0,4.0,20.0,0.0,1.0,0.0,3.00,3.0
2024,13,MCM,RB,Kimani Vidal,LAC,@ATL,9,0.0,0.0,0.0,0.0,0.0,4.0,20.0,0.0,1.0,0.0,0.0,0.0,0.0,0.0,0.0,3.00,3.0
2024,13,MCM,QB,Joe Flacco,IND,@NE,22,0.0,0.0,0.0,0.0,0.0,0.0,0.0,0.0,0.0,0.0,0.0,0.0,0.0,0.0,0.0,-,0.0
2024,13,MCM,RB,Zack Moss,CIN,PIT,11,0.0,0.0,0.0,0.0,0.0,0.0,0.0,0.0,0.0,0.0,0.0,0.0,0.0,0.0,0.0,-,0.0
2024,13,MCM,RB,Jaylen Wright,MIA,@GB,16,0.0,0.0,0.0,0.0,0.0,0.0,0.0,0.0,0.0,0.0,0.0,0.0,0.0,0.0,0.0,0.00,0.0
2024,13,MCM,DST,Vikings,MIN,ARI,10,,,,,,,,,,,,,,,,8.00,8.0
2024,13,MWM,RB,Najee Harris,PIT,@CIN,18,0.0,0.0,0.0,0.0,0.0,16.0,75.0,1.0,2.0,6.0,6.0,54.0,0.0,3.0,0.0,23.90,23.9
2024,13,MWM,QB,Matthew Stafford,LAR,@NO,10,14.0,24.0,183.0,2.0,0.0,4.0,3.0,0.0,2.0,0.0,0.0,0.0,0.0,0.0,0.0,17.62,17.62
2024,13,MWM,QB,Aaron Rodgers,NYJ,SEA,13,21.0,39.0,185.0,2.0,1.0,2.0,6.0,0.0,1.0,0.0,0.0,0.0,0.0,0.0,0.0,15.00,15.0
2024,13,MWM,WR,Jakobi Meyers,LV,@KC,18,0.0,0.0,0.0,0.0,0.0,0.0,0.0,0.0,0.0,11.0,6.0,97.0,0.0,4.0,0.0,13.70,13.7
2024,13,MWM,RB,Rachaad White,TB,@CAR,32,0.0,0.0,0.0,0.0,0.0,11.0,76.0,0.0,3.0,1.0,1.0,2.0,0.0,0.0,0.0,10.80,10.8
2024,13,MWM,WR,Jaylen Waddle,MIA,@GB,9,0.0,0.0,0.0,0.0,0.0,0.0,0.0,0.0,0.0,4.0,4.0,53.0,0.0,3.0,0.0,10.30,10.3
2024,13,MWM,WR,Kendrick Bourne,NE,IND,16,0.0,0.0,0.0,0.0,0.0,1.0,6.0,0.0,1.0,3.0,3.0,39.0,0.0,2.0,0.0,7.50,7.5
2024,13,MWM,RB,Tony Pollard,TEN,@WAS,17,0.0,0.0,0.0,0.0,0.0,8.0,35.0,0.0,1.0,6.0,4.0,33.0,0.0,1.0,1.0,6.80,6.8
2024,13,MWM,RB,Tank Bigsby,JAC,HOU,4,0.0,0.0,0.0,0.0,0.0,7.0,28.0,0.0,2.0,1.0,1.0,7.0,0.0,0.0,0.0,5.50,5.5
2024,13,MWM,TE,Cole Kmet,CHI,@DET,1,0.0,0.0,0.0,0.0,0.0,0.0,0.0,0.0,0.0,3.0,3.0,26.0,0.0,2.0,0.0,4.60,4.6
2024,13,MWM,WR,Darnell Mooney,ATL,LAC,15,0.0,0.0,0.0,0.0,0.0,0.0,0.0,0.0,0.0,6.0,3.0,20.0,0.0,2.0,0.0,4.00,4.0
2024,13,MWM,WR,Tyler Lockett,SEA,@NYJ,1,0.0,0.0,0.0,0.0,0.0,0.0,0.0,0.0,0.0,3.0,3.0,16.0,0.0,1.0,0.0,2.60,2.6
2024,13,MWM,WR,Devaughn Vele,DEN,CLE,28,0.0,0.0,0.0,0.0,0.0,0.0,0.0,0.0,0.0,4.0,1.0,16.0,0.0,1.0,0.0,2.60,2.6
2024,13,MWM,TE,George Kittle,SF,@BUF,8,0.0,0.0,0.0,0.0,0.0,0.0,0.0,0.0,0.0,2.0,1.0,7.0,0.0,0.0,0.0,0.70,0.7
2024,13,MWM,WR,Stefon Diggs,HOU,@JAC,30,0.0,0.0,0.0,0.0,0.0,0.0,0.0,0.0,0.0,0.0,0.0,0.0,0.0,0.0,0.0,-,0.0
2024,13,MWM,QB,Tommy DeVito,NYG,@DAL,29,0.0,0.0,0.0,0.0,0.0,0.0,0.0,0.0,0.0,0.0,0.0,0.0,0.0,0.0,0.0,-,0.0
2024,13,MWM,WR,DJ Chark,LAC,@ATL,26,0.0,0.0,0.0,0.0,0.0,0.0,0.0,0.0,0.0,0.0,0.0,0.0,0.0,0.0,0.0,0.00,0.0
2024,13,MWM,RB,Austin Ekeler,WAS,TEN,14,0.0,0.0,0.0,0.0,0.0,0.0,0.0,0.0,0.0,0.0,0.0,0.0,0.0,0.0,0.0,-,0.0
2024,13,MWM,DST,Bills,BUF,SF,15,12.0,12.0,,,,,,,,,,,,,,,
2024,13,MWM,DST,Dolphins,MIA,@GB,9,,,,,,,,,,,,,,,,-1.00,-1.0
2024,13,NN,QB,Aidan O'Connell,LV,@KC,23,23.0,35.0,340.0,2.0,0.0,1.0,0.0,0.0,0.0,0.0,0.0,0.0,0.0,0.0,1.0,19.60,19.6
2024,13,NN,QB,Joe Burrow,CIN,PIT,1,28.0,38.0,309.0,3.0,1.0,2.0,9.0,0.0,0.0,0.0,0.0,0.0,0.0,0.0,2.0,19.26,19.26
2024,13,NN,RB,Derrick Henry,BAL,PHI,5,0.0,0.0,0.0,0.0,0.0,19.0,82.0,0.0,4.0,3.0,3.0,29.0,0.0,2.0,0.0,17.10,17.1
2024,13,NN,TE,Pat Freiermuth,PIT,@CIN,30,0.0,0.0,0.0,0.0,0.0,0.0,0.0,0.0,0.0,7.0,6.0,68.0,1.0,2.0,0.0,14.80,14.8
2024,13,NN,WR,Justin Jefferson,MIN,ARI,19,0.0,0.0,0.0,0.0,0.0,0.0,0.0,0.0,0.0,9.0,7.0,99.0,0.0,4.0,0.0,13.90,13.9
2024,13,NN,RB,Zach Charbonnet,SEA,@NYJ,12,0.0,0.0,0.0,0.0,0.0,4.0,28.0,1.0,3.0,3.0,2.0,13.0,0.0,0.0,0.0,13.10,13.1
2024,13,NN,QB,Cooper Rush,DAL,NYG,21,21.0,36.0,195.0,1.0,0.0,5.0,0.0,0.0,0.0,0.0,0.0,0.0,0.0,0.0,0.0,11.80,11.8
2024,13,NN,WR,Malik Nabers,NYG,@DAL,17,0.0,0.0,0.0,0.0,0.0,1.0,4.0,0.0,0.0,13.0,8.0,69.0,0.0,3.0,0.0,10.30,10.3
2024,13,NN,WR,Xavier Worthy,KC,LV,12,0.0,0.0,0.0,0.0,0.0,0.0,0.0,0.0,0.0,7.0,5.0,54.0,0.0,3.0,0.0,8.40,8.4
2024,13,NN,RB,Breece Hall,NYJ,SEA,19,0.0,0.0,0.0,0.0,0.0,12.0,60.0,0.0,1.0,1.0,0.0,0.0,0.0,0.0,1.0,7.00,7.0
2024,13,NN,TE,Evan Engram,JAC,HOU,6,0.0,0.0,0.0,0.0,0.0,0.0,0.0,0.0,0.0,9.0,7.0,41.0,0.0,2.0,0.0,6.10,6.1
2024,13,NN,WR,Troy Franklin,DEN,CLE,28,0.0,0.0,0.0,0.0,0.0,0.0,0.0,0.0,0.0,5.0,2.0,28.0,0.0,1.0,0.0,3.80,3.8
2024,13,NN,RB,Braelon Allen,NYJ,SEA,19,0.0,0.0,0.0,0.0,0.0,5.0,11.0,0.0,0.0,2.0,2.0,16.0,0.0,1.0,0.0,3.70,3.7
2024,13,NN,RB,Tyler Allgeier,ATL,LAC,6,0.0,0.0,0.0,0.0,0.0,8.0,16.0,0.0,1.0,1.0,1.0,6.0,0.0,0.0,0.0,3.20,3.2
2024,13,NN,RB,Justice Hill,BAL,PHI,5,0.0,0.0,0.0,0.0,0.0,3.0,6.0,0.0,0.0,6.0,4.0,15.0,0.0,0.0,0.0,2.10,2.1
2024,13,NN,WR,Amari Cooper,BUF,SF,8,0.0,0.0,0.0,0.0,0.0,0.0,0.0,0.0,0.0,3.0,3.0,12.0,0.0,0.0,0.0,1.20,1.2
2024,13,NN,WR,Keon Coleman,BUF,SF,8,0.0,0.0,0.0,0.0,0.0,0.0,0.0,0.0,0.0,0.0,0.0,0.0,0.0,0.0,0.0,-,0.0
2024,13,NN,QB,Dak Prescott,DAL,NYG,21,0.0,0.0,0.0,0.0,0.0,0.0,0.0,0.0,0.0,0.0,0.0,0.0,0.0,0.0,0.0,-,0.0
2024,13,NN,RB,Alexander Mattison,LV,@KC,1,0.0,0.0,0.0,0.0,0.0,0.0,0.0,0.0,0.0,0.0,0.0,0.0,0.0,0.0,0.0,-,0.0
2024,13,NN,DST,Buccaneers,TB,@CAR,23,,,,,,,,,,,,,,,,3.00,3.0
2024,13,VD,QB,Jameis Winston,CLE,@DEN,4,34.0,58.0,497.0,4.0,3.0,3.0,11.0,0.0,1.0,0.0,0.0,0.0,0.0,0.0,0.0,33.98,33.98
2024,13,VD,RB,Bucky Irving,TB,@CAR,32,0.0,0.0,0.0,0.0,0.0,25.0,152.0,1.0,7.0,3.0,3.0,33.0,0.0,2.0,0.0,33.50,33.5
2024,13,VD,QB,Anthony Richardson,IND,@NE,22,12.0,24.0,109.0,2.0,2.0,9.0,48.0,1.0,5.0,0.0,0.0,0.0,0.0,0.0,0.0,26.16,26.16
2024,13,VD,RB,Bijan Robinson,ATL,LAC,6,0.0,0.0,0.0,0.0,0.0,26.0,102.0,1.0,5.0,6.0,6.0,33.0,0.0,1.0,0.0,25.50,25.5
2024,13,VD,QB,Bryce Young,CAR,TB,32,26.0,46.0,298.0,1.0,0.0,3.0,17.0,1.0,1.0,0.0,0.0,0.0,0.0,0.0,0.0,24.62,24.62
2024,13,VD,QB,Will Levis,TEN,@WAS,18,18.0,37.0,212.0,2.0,0.0,2.0,-3.0,0.0,0.0,0.0,0.0,0.0,0.0,0.0,0.0,16.48,16.48
2024,13,VD,WR,Marvin Harrison,ARI,@MIN,31,0.0,0.0,0.0,0.0,0.0,0.0,0.0,0.0,0.0,12.0,5.0,60.0,1.0,3.0,0.0,15.00,15.0
2024,13,VD,WR,Ladd McConkey,LAC,@ATL,26,0.0,0.0,0.0,0.0,0.0,0.0,0.0,0.0,0.0,12.0,9.0,117.0,0.0,3.0,0.0,14.70,14.7
2024,13,VD,RB,Jordan Mason,SF,@BUF,27,0.0,0.0,0.0,0.0,0.0,13.0,78.0,0.0,5.0,0.0,0.0,0.0,0.0,0.0,0.0,12.80,12.8
2024,13,VD,TE,Dallas Goedert,PHI,@BAL,22,0.0,0.0,0.0,0.0,0.0,0.0,0.0,0.0,0.0,4.0,3.0,35.0,1.0,3.0,0.0,12.50,12.5
2024,13,VD,QB,Baker Mayfield,TB,@CAR,27,21.0,33.0,235.0,1.0,2.0,3.0,8.0,0.0,1.0,0.0,0.0,0.0,0.0,0.0,0.0,11.20,11.2
2024,13,VD,RB,Javonte Williams,DEN,CLE,8,0.0,0.0,0.0,0.0,0.0,4.0,1.0,1.0,1.0,2.0,1.0,3.0,0.0,0.0,0.0,7.40,7.4
2024,13,VD,WR,Rome Odunze,CHI,@DET,27,0.0,0.0,0.0,0.0,0.0,0.0,0.0,0.0,0.0,6.0,2.0,25.0,0.0,2.0,0.0,4.50,4.5
2024,13,VD,RB,Trey Benson,ARI,@MIN,2,0.0,0.0,0.0,0.0,0.0,3.0,20.0,0.0,1.0,0.0,0.0,0.0,0.0,0.0,0.0,3.00,3.0
2024,13,VD,QB,Justin Fields,PIT,@CIN,30,0.0,0.0,0.0,0.0,0.0,1.0,7.0,0.0,1.0,0.0,0.0,0.0,0.0,0.0,0.0,1.70,1.7
2024,13,VD,RB,Tyjae Spears,TEN,@WAS,17,0.0,0.0,0.0,0.0,0.0,1.0,3.0,0.0,0.0,0.0,0.0,0.0,0.0,0.0,0.0,0.30,0.3
2024,13,VD,TE,Kyle Pitts,ATL,LAC,3,0.0,0.0,0.0,0.0,0.0,0.0,0.0,0.0,0.0,2.0,0.0,0.0,0.0,0.0,0.0,0.00,0.0
2024,13,VD,WR,Cedric Tillman,CLE,@DEN,2,0.0,0.0,0.0,0.0,0.0,0.0,0.0,0.0,0.0,0.0,0.0,0.0,0.0,0.0,0.0,-,0.0
2024,13,VD,WR,Chris Godwin,TB,@CAR,13,0.0,0.0,0.0,0.0,0.0,0.0,0.0,0.0,0.0,0.0,0.0,0.0,0.0,0.0,0.0,-,0.0
2024,13,VD,RB,Jerick McKinnon Dead Cap,KC,0,0,0.0,0.0,0.0,0.0,0.0,0.0,0.0,0.0,0.0,0.0,0.0,0.0,0.0,0.0,0.0,-,0.0
2024,13,VD,DST,Lions,DET,CHI,20,,,,,,,,,,,,,,,,8.00,8.0
2024,13,WLW,QB,Lamar Jackson,BAL,PHI,9,23.0,36.0,237.0,2.0,0.0,8.0,79.0,0.0,5.0,0.0,0.0,0.0,0.0,0.0,0.0,30.38,30.38
2024,13,WLW,WR,Mike Evans,TB,@CAR,13,0.0,0.0,0.0,0.0,0.0,0.0,0.0,0.0,0.0,12.0,8.0,118.0,1.0,8.0,0.0,25.80,25.8
2024,13,WLW,RB,Kyren Williams,LAR,@NO,29,0.0,0.0,0.0,0.0,0.0,15.0,104.0,1.0,8.0,1.0,1.0,9.0,0.0,0.0,0.0,25.30,25.3
2024,13,WLW,RB,Rico Dowdle,DAL,NYG,26,0.0,0.0,0.0,0.0,0.0,22.0,112.0,1.0,6.0,3.0,3.0,11.0,0.0,0.0,0.0,24.30,24.3
2024,13,WLW,RB,Chase Brown,CIN,PIT,11,0.0,0.0,0.0,0.0,0.0,12.0,70.0,1.0,4.0,3.0,3.0,30.0,0.0,2.0,0.0,22.00,22.0
2024,13,WLW,QB,Jared Goff,DET,CHI,3,21.0,34.0,221.0,2.0,0.0,1.0,1.0,0.0,1.0,0.0,0.0,0.0,0.0,0.0,0.0,17.94,17.94
2024,13,WLW,WR,Nico Collins,HOU,@JAC,30,0.0,0.0,0.0,0.0,0.0,0.0,0.0,0.0,0.0,11.0,8.0,119.0,0.0,5.0,0.0,16.90,16.9
2024,13,WLW,TE,Sam LaPorta,DET,CHI,19,0.0,0.0,0.0,0.0,0.0,0.0,0.0,0.0,0.0,6.0,3.0,6.0,2.0,2.0,0.0,14.60,14.6
2024,13,WLW,QB,CJ Stroud,HOU,@JAC,31,22.0,34.0,242.0,1.0,0.0,5.0,7.0,0.0,0.0,0.0,0.0,0.0,0.0,0.0,0.0,14.38,14.38
2024,13,WLW,WR,Alec Pierce,IND,@NE,21,0.0,0.0,0.0,0.0,0.0,0.0,0.0,0.0,0.0,6.0,2.0,16.0,1.0,2.0,0.0,9.60,9.6
2024,13,WLW,TE,Dawson Knox,BUF,SF,5,0.0,0.0,0.0,0.0,0.0,0.0,0.0,0.0,0.0,2.0,2.0,56.0,0.0,2.0,0.0,7.60,7.6
2024,13,WLW,WR,CeeDee Lamb,DAL,NYG,10,0.0,0.0,0.0,0.0,0.0,0.0,0.0,0.0,0.0,6.0,2.0,39.0,0.0,2.0,0.0,5.90,5.9
2024,13,WLW,RB,Raheem Mostert,MIA,@GB,16,0.0,0.0,0.0,0.0,0.0,5.0,19.0,0.0,0.0,3.0,2.0,15.0,0.0,1.0,0.0,4.40,4.4
2024,13,WLW,RB,Devin Singletary,NYG,@DAL,30,0.0,0.0,0.0,0.0,0.0,7.0,23.0,0.0,2.0,1.0,0.0,0.0,0.0,0.0,0.0,4.30,4.3
2024,13,WLW,RB,Chuba Hubbard,CAR,TB,13,0.0,0.0,0.0,0.0,0.0,12.0,43.0,0.0,2.0,0.0,0.0,0.0,0.0,0.0,1.0,4.30,4.3
2024,13,WLW,WR,Cooper Kupp,LAR,@NO,25,0.0,0.0,0.0,0.0,0.0,0.0,0.0,0.0,0.0,6.0,3.0,17.0,0.0,0.0,0.0,1.70,1.7
2024,13,WLW,WR,Rashod Bateman,BAL,PHI,6,0.0,0.0,0.0,0.0,0.0,0.0,0.0,0.0,0.0,0.0,0.0,0.0,0.0,0.0,0.0,0.00,0.0
2024,13,WLW,WR,Diontae Johnson,BAL,PHI,6,0.0,0.0,0.0,0.0,0.0,0.0,0.0,0.0,0.0,0.0,0.0,0.0,0.0,0.0,0.0,-,0.0
2024,13,WLW,TE,Erick All,CIN,PIT,12,0.0,0.0,0.0,0.0,0.0,0.0,0.0,0.0,0.0,0.0,0.0,0.0,0.0,0.0,0.0,-,0.0
2024,13,WLW,WR,Christian Kirk,JAC,HOU,29,0.0,0.0,0.0,0.0,0.0,0.0,0.0,0.0,0.0,0.0,0.0,0.0,0.0,0.0,0.0,-,0.0
2024,13,WLW,DST,Broncos,DEN,CLE,30,,,,,,,,,,,,,,,,23.00,23.0
2024,14,AFL,RB,Rachaad White,TB,LV,17,0.0,0.0,0.0,0.0,0.0,17.0,90.0,1.0,6.0,3.0,2.0,19.0,1.0,2.0,0.0,30.90,30.9
2024,14,AFL,QB,Russell Wilson,PIT,CLE,15,15.0,26.0,158.0,2.0,0.0,6.0,17.0,0.0,3.0,0.0,0.0,0.0,0.0,0.0,0.0,19.02,19.02
2024,14,AFL,QB,Kyler Murray,ARI,SEA,14,25.0,38.0,259.0,2.0,2.0,3.0,16.0,0.0,1.0,0.0,0.0,0.0,0.0,0.0,0.0,18.96,18.96
2024,14,AFL,RB,Jahmyr Gibbs,DET,GB,18,0.0,0.0,0.0,0.0,0.0,15.0,43.0,0.0,2.0,6.0,6.0,30.0,1.0,2.0,0.0,17.30,17.3
2024,14,AFL,WR,Josh Palmer,LAC,@KC,17,0.0,0.0,0.0,0.0,0.0,0.0,0.0,0.0,0.0,9.0,6.0,78.0,0.0,4.0,0.0,11.80,11.8
2024,14,AFL,WR,AJ Brown,PHI,CAR,9,0.0,0.0,0.0,0.0,0.0,0.0,0.0,0.0,0.0,4.0,4.0,43.0,0.0,4.0,0.0,8.30,8.3
2024,14,AFL,TE,Brock Bowers,LV,@TB,27,0.0,0.0,0.0,0.0,0.0,1.0,3.0,0.0,0.0,5.0,3.0,49.0,0.0,3.0,0.0,8.20,8.2
2024,14,AFL,TE,Travis Kelce,KC,LAC,5,0.0,0.0,0.0,0.0,0.0,0.0,0.0,0.0,0.0,6.0,5.0,45.0,0.0,3.0,0.0,7.50,7.5
2024,14,AFL,RB,D'Andre Swift,CHI,@SF,23,0.0,0.0,0.0,0.0,0.0,14.0,38.0,0.0,3.0,2.0,1.0,2.0,0.0,0.0,0.0,7.00,7.0
2024,14,AFL,WR,Darius Slayton,NYG,NO,24,0.0,0.0,0.0,0.0,0.0,0.0,0.0,0.0,0.0,6.0,2.0,27.0,0.0,2.0,0.0,4.70,4.7
2024,14,AFL,WR,Tee Higgins,CIN,@DAL,22,0.0,0.0,0.0,0.0,0.0,0.0,0.0,0.0,0.0,5.0,2.0,23.0,0.0,1.0,0.0,3.30,3.3
2024,14,AFL,WR,Allen Lazard,NYJ,@MIA,6,0.0,0.0,0.0,0.0,0.0,0.0,0.0,0.0,0.0,1.0,1.0,18.0,0.0,1.0,0.0,2.80,2.8
2024,14,AFL,QB,Spencer Rattler,NO,@NYG,17,0.0,0.0,0.0,0.0,0.0,0.0,0.0,0.0,0.0,0.0,0.0,0.0,0.0,0.0,0.0,-,0.0
2024,14,AFL,WR,Chris Olave,NO,@NYG,2,0.0,0.0,0.0,0.0,0.0,0.0,0.0,0.0,0.0,0.0,0.0,0.0,0.0,0.0,0.0,-,0.0
2024,14,AFL,WR,Adonai Mitchell,IND,BYE,---,0.0,0.0,0.0,0.0,0.0,0.0,0.0,0.0,0.0,0.0,0.0,0.0,0.0,0.0,0.0,-,0.0
2024,14,AFL,QB,Jayden Daniels,WAS,BYE,---,0.0,0.0,0.0,0.0,0.0,0.0,0.0,0.0,0.0,0.0,0.0,0.0,0.0,0.0,0.0,-,0.0
2024,14,AFL,WR,Zay Flowers,BAL,BYE,---,0.0,0.0,0.0,0.0,0.0,0.0,0.0,0.0,0.0,0.0,0.0,0.0,0.0,0.0,0.0,-,0.0
2024,14,AFL,RB,Alexander Mattison,LV,@TB,12,0.0,0.0,0.0,0.0,0.0,0.0,0.0,0.0,0.0,0.0,0.0,0.0,0.0,0.0,0.0,-,0.0
2024,14,AFL,DST,Cowboys,DAL,CIN,14,6.0,6.0,,,,,,,,,,,,,,,
2024,14,AFL,DST,Chiefs,KC,LAC,7,,,,,,,,,,,,,,,,4.00,4.0
2024,14,CC,QB,Brock Purdy,SF,CHI,3,20.0,25.0,325.0,2.0,0.0,5.0,11.0,0.0,2.0,0.0,0.0,0.0,0.0,0.0,0.0,24.10,24.1
2024,14,CC,RB,David Montgomery,DET,GB,18,0.0,0.0,0.0,0.0,0.0,14.0,51.0,1.0,3.0,5.0,5.0,33.0,0.0,2.0,0.0,19.40,19.4
2024,14,CC,WR,Quentin Johnston,LAC,@KC,17,0.0,0.0,0.0,0.0,0.0,0.0,0.0,0.0,0.0,7.0,5.0,48.0,1.0,3.0,0.0,13.80,13.8
2024,14,CC,WR,Brian Thomas,JAC,@TEN,1,0.0,0.0,0.0,0.0,0.0,0.0,0.0,0.0,0.0,12.0,8.0,86.0,0.0,4.0,0.0,12.60,12.6
2024,14,CC,TE,Trey McBride,ARI,SEA,20,0.0,0.0,0.0,0.0,0.0,0.0,0.0,0.0,0.0,14.0,7.0,70.0,0.0,4.0,0.0,11.00,11.0
2024,14,CC,WR,Amon-Ra St Brown,DET,GB,10,0.0,0.0,0.0,0.0,0.0,1.0,10.0,0.0,1.0,6.0,5.0,43.0,0.0,2.0,0.0,8.30,8.3
2024,14,CC,WR,DK Metcalf,SEA,@ARI,18,0.0,0.0,0.0,0.0,0.0,0.0,0.0,0.0,0.0,6.0,4.0,49.0,0.0,2.0,0.0,6.90,6.9
2024,14,CC,WR,Deebo Samuel,SF,CHI,5,0.0,0.0,0.0,0.0,0.0,5.0,13.0,0.0,1.0,3.0,2.0,22.0,0.0,1.0,0.0,5.50,5.5
2024,14,CC,RB,James Cook,BUF,@LAR,20,0.0,0.0,0.0,0.0,0.0,6.0,20.0,0.0,0.0,2.0,2.0,9.0,0.0,0.0,0.0,2.90,2.9
2024,14,CC,WR,Ricky Pearsall,SF,CHI,5,0.0,0.0,0.0,0.0,0.0,0.0,0.0,0.0,0.0,2.0,1.0,5.0,0.0,0.0,0.0,0.50,0.5
2024,14,CC,WR,Ja'Lynn Polk,NE,BYE,---,0.0,0.0,0.0,0.0,0.0,0.0,0.0,0.0,0.0,0.0,0.0,0.0,0.0,0.0,0.0,-,0.0
2024,14,CC,QB,Drake Maye,NE,BYE,---,0.0,0.0,0.0,0.0,0.0,0.0,0.0,0.0,0.0,0.0,0.0,0.0,0.0,0.0,0.0,-,0.0
2024,14,CC,QB,Daniel Jones,MIN,ATL,27,0.0,0.0,0.0,0.0,0.0,0.0,0.0,0.0,0.0,0.0,0.0,0.0,0.0,0.0,0.0,-,0.0
2024,14,CC,TE,Zach Ertz,WAS,BYE,---,0.0,0.0,0.0,0.0,0.0,0.0,0.0,0.0,0.0,0.0,0.0,0.0,0.0,0.0,0.0,-,0.0
2024,14,CC,RB,Jonathon Brooks,CAR,@PHI,6,0.0,0.0,0.0,0.0,0.0,1.0,-3.0,0.0,0.0,0.0,0.0,0.0,0.0,0.0,0.0,0.00,0.0
2024,14,CC,RB,Antonio Gibson Dead Cap,NE,0,0,0.0,0.0,0.0,0.0,0.0,0.0,0.0,0.0,0.0,0.0,0.0,0.0,0.0,0.0,0.0,-,0.0
2024,14,CC,WR,Javon Baker,NE,BYE,---,0.0,0.0,0.0,0.0,0.0,0.0,0.0,0.0,0.0,0.0,0.0,0.0,0.0,0.0,0.0,-,0.0
2024,14,CC,WR,Malachi Corley,NYJ,@MIA,6,0.0,0.0,0.0,0.0,0.0,0.0,0.0,0.0,0.0,0.0,0.0,0.0,0.0,0.0,0.0,-,0.0
2024,14,CC,WR,George Pickens,PIT,CLE,26,0.0,0.0,0.0,0.0,0.0,0.0,0.0,0.0,0.0,0.0,0.0,0.0,0.0,0.0,0.0,-,0.0
2024,14,CC,DST,Jets,NYJ,@MIA,24,,,,,,,,,,,,,,,,-1.00,-1.0
2024,14,CRB,RB,Josh Jacobs,GB,@DET,2,0.0,0.0,0.0,0.0,0.0,18.0,66.0,3.0,5.0,0.0,0.0,0.0,0.0,0.0,0.0,29.60,29.6
2024,14,CRB,QB,Jalen Hurts,PHI,CAR,26,14.0,21.0,108.0,2.0,0.0,8.0,59.0,1.0,4.0,0.0,0.0,0.0,0.0,0.0,0.0,28.22,28.22
2024,14,CRB,WR,Davante Adams,NYJ,@MIA,6,0.0,0.0,0.0,0.0,0.0,0.0,0.0,0.0,0.0,11.0,9.0,109.0,1.0,6.0,0.0,22.90,22.9
2024,14,CRB,WR,Jalen McMillan,TB,LV,16,0.0,0.0,0.0,0.0,0.0,0.0,0.0,0.0,0.0,7.0,4.0,59.0,2.0,2.0,0.0,19.90,19.9
2024,14,CRB,RB,De'Von Achane,MIA,NYJ,13,0.0,0.0,0.0,0.0,0.0,14.0,24.0,1.0,2.0,7.0,6.0,45.0,0.0,2.0,0.0,16.90,16.9
2024,14,CRB,WR,DeVonta Smith,PHI,CAR,9,0.0,0.0,0.0,0.0,0.0,0.0,0.0,0.0,0.0,6.0,4.0,37.0,1.0,2.0,0.0,11.70,11.7
2024,14,CRB,WR,Elijah Moore,CLE,@PIT,7,0.0,0.0,0.0,0.0,0.0,0.0,0.0,0.0,0.0,4.0,3.0,34.0,0.0,3.0,0.0,6.40,6.4
2024,14,CRB,WR,Keenan Allen,CHI,@SF,8,0.0,0.0,0.0,0.0,0.0,0.0,0.0,0.0,0.0,5.0,3.0,30.0,0.0,3.0,0.0,6.00,6.0
2024,14,CRB,WR,Mike Williams,PIT,CLE,26,0.0,0.0,0.0,0.0,0.0,0.0,0.0,0.0,0.0,4.0,3.0,36.0,0.0,1.0,0.0,4.60,4.6
2024,14,CRB,WR,Romeo Doubs,GB,@DET,25,0.0,0.0,0.0,0.0,0.0,0.0,0.0,0.0,0.0,0.0,0.0,0.0,0.0,0.0,0.0,-,0.0
2024,14,CRB,TE,Isaiah Likely,BAL,BYE,---,0.0,0.0,0.0,0.0,0.0,0.0,0.0,0.0,0.0,0.0,0.0,0.0,0.0,0.0,0.0,-,0.0
2024,14,CRB,RB,Antonio Gibson,NE,BYE,---,0.0,0.0,0.0,0.0,0.0,0.0,0.0,0.0,0.0,0.0,0.0,0.0,0.0,0.0,0.0,-,0.0
2024,14,CRB,WR,Courtland Sutton,DEN,BYE,---,0.0,0.0,0.0,0.0,0.0,0.0,0.0,0.0,0.0,0.0,0.0,0.0,0.0,0.0,0.0,-,0.0
2024,14,CRB,QB,Bo Nix,DEN,BYE,---,0.0,0.0,0.0,0.0,0.0,0.0,0.0,0.0,0.0,0.0,0.0,0.0,0.0,0.0,0.0,-,0.0
2024,14,CRB,WR,Luke McCaffrey,WAS,BYE,---,0.0,0.0,0.0,0.0,0.0,0.0,0.0,0.0,0.0,0.0,0.0,0.0,0.0,0.0,0.0,-,0.0
2024,14,CRB,RB,Chris Rodriguez,WAS,BYE,---,0.0,0.0,0.0,0.0,0.0,0.0,0.0,0.0,0.0,0.0,0.0,0.0,0.0,0.0,0.0,-,0.0
2024,14,CRB,RB,Jonathan Taylor,IND,BYE,---,0.0,0.0,0.0,0.0,0.0,0.0,0.0,0.0,0.0,0.0,0.0,0.0,0.0,0.0,0.0,-,0.0
2024,14,CRB,DST,Eagles,PHI,CAR,22,7.0,7.0,,,,,,,,,,,,,,,
2024,14,CRB,DST,Commanders,WAS,BYE,---,,,,,,,,,,,,,,,,-,0.0
2024,14,ELP,WR,Tyreek Hill,MIA,NYJ,4,0.0,0.0,0.0,0.0,0.0,1.0,6.0,0.0,0.0,14.0,10.0,115.0,1.0,8.0,0.0,26.10,26.1
2024,14,ELP,WR,Khalil Shakir,BUF,@LAR,27,0.0,0.0,0.0,0.0,0.0,0.0,0.0,0.0,0.0,8.0,5.0,106.0,1.0,3.0,0.0,19.60,19.6
2024,14,ELP,RB,Tyrone Tracy,NYG,NO,27,0.0,0.0,0.0,0.0,0.0,16.0,45.0,1.0,1.0,10.0,5.0,38.0,0.0,2.0,0.0,17.30,17.3
2024,14,ELP,QB,Patrick Mahomes,KC,LAC,12,24.0,37.0,210.0,1.0,0.0,4.0,17.0,0.0,2.0,0.0,0.0,0.0,0.0,0.0,0.0,16.10,16.1
2024,14,ELP,WR,Jameson Williams,DET,GB,10,0.0,0.0,0.0,0.0,0.0,0.0,0.0,0.0,0.0,8.0,5.0,80.0,0.0,3.0,0.0,11.00,11.0
2024,14,ELP,WR,DeAndre Hopkins,KC,LAC,12,0.0,0.0,0.0,0.0,0.0,0.0,0.0,0.0,0.0,9.0,4.0,32.0,1.0,1.0,0.0,10.20,10.2
2024,14,ELP,RB,Isiah Pacheco,KC,LAC,5,0.0,0.0,0.0,0.0,0.0,14.0,55.0,0.0,4.0,4.0,2.0,6.0,0.0,0.0,0.0,10.10,10.1
2024,14,ELP,QB,Kirk Cousins,ATL,@MIN,6,23.0,37.0,344.0,0.0,2.0,0.0,0.0,0.0,0.0,0.0,0.0,0.0,0.0,0.0,0.0,9.76,9.76
2024,14,ELP,QB,Mac Jones,JAC,@TEN,21,23.0,31.0,220.0,0.0,2.0,3.0,3.0,0.0,0.0,0.0,0.0,0.0,0.0,0.0,0.0,5.10,5.1
2024,14,ELP,WR,Xavier Legette,CAR,@PHI,3,0.0,0.0,0.0,0.0,0.0,0.0,0.0,0.0,0.0,8.0,2.0,39.0,0.0,1.0,0.0,4.90,4.9
2024,14,ELP,RB,Kareem Hunt,KC,LAC,5,0.0,0.0,0.0,0.0,0.0,5.0,16.0,0.0,0.0,1.0,1.0,13.0,0.0,1.0,0.0,3.90,3.9
2024,14,ELP,TE,Mike Gesicki,CIN,@DAL,14,0.0,0.0,0.0,0.0,0.0,0.0,0.0,0.0,0.0,3.0,3.0,24.0,0.0,1.0,0.0,3.40,3.4
2024,14,ELP,WR,Roman Wilson,PIT,CLE,26,0.0,0.0,0.0,0.0,0.0,0.0,0.0,0.0,0.0,0.0,0.0,0.0,0.0,0.0,0.0,-,0.0
2024,14,ELP,WR,Brandon Aiyuk,SF,CHI,5,0.0,0.0,0.0,0.0,0.0,0.0,0.0,0.0,0.0,0.0,0.0,0.0,0.0,0.0,0.0,-,0.0
2024,14,ELP,TE,Mark Andrews,BAL,BYE,---,0.0,0.0,0.0,0.0,0.0,0.0,0.0,0.0,0.0,0.0,0.0,0.0,0.0,0.0,0.0,-,0.0
2024,14,ELP,RB,Audric Estime,DEN,BYE,---,0.0,0.0,0.0,0.0,0.0,0.0,0.0,0.0,0.0,0.0,0.0,0.0,0.0,0.0,0.0,-,0.0
2024,14,ELP,TE,Dalton Kincaid,BUF,@LAR,21,0.0,0.0,0.0,0.0,0.0,0.0,0.0,0.0,0.0,0.0,0.0,0.0,0.0,0.0,0.0,-,0.0
2024,14,ELP,RB,Kenneth Walker,SEA,@ARI,24,0.0,0.0,0.0,0.0,0.0,0.0,0.0,0.0,0.0,0.0,0.0,0.0,0.0,0.0,0.0,-,0.0
2024,14,ELP,TE,Hunter Henry,NE,BYE,---,0.0,0.0,0.0,0.0,0.0,0.0,0.0,0.0,0.0,0.0,0.0,0.0,0.0,0.0,0.0,-,0.0
2024,14,ELP,WR,Jayden Reed,GB,@DET,25,0.0,0.0,0.0,0.0,0.0,0.0,0.0,0.0,0.0,1.0,0.0,0.0,0.0,0.0,0.0,0.00,0.0
2024,14,ELP,DST,49ers,SF,CHI,23,,,,,,,,,,,,,,,,13.00,13.0
2024,14,FRR,QB,Josh Allen,BUF,@LAR,25,22.0,37.0,342.0,3.0,0.0,10.0,82.0,3.0,6.0,0.0,0.0,0.0,0.0,0.0,0.0,57.88,57.88
2024,14,FRR,WR,Ja'Marr Chase,CIN,@DAL,22,0.0,0.0,0.0,0.0,0.0,1.0,14.0,0.0,1.0,18.0,14.0,177.0,2.0,9.0,0.0,41.10,41.1
2024,14,FRR,QB,Sam Darnold,MIN,ATL,27,22.0,28.0,347.0,5.0,0.0,4.0,7.0,0.0,0.0,0.0,0.0,0.0,0.0,0.0,0.0,34.58,34.58
2024,14,FRR,RB,Tony Pollard,TEN,JAC,31,0.0,0.0,0.0,0.0,0.0,21.0,102.0,0.0,7.0,2.0,2.0,22.0,0.0,1.0,0.0,20.40,20.4
2024,14,FRR,TE,Juwan Johnson,NO,@NYG,2,0.0,0.0,0.0,0.0,0.0,0.0,0.0,0.0,0.0,5.0,4.0,50.0,1.0,3.0,0.0,14.00,14.0
2024,14,FRR,WR,Drake London,ATL,@MIN,32,0.0,0.0,0.0,0.0,0.0,0.0,0.0,0.0,0.0,10.0,5.0,70.0,0.0,4.0,0.0,11.00,11.0
2024,14,FRR,TE,TJ Hockenson,MIN,ATL,18,0.0,0.0,0.0,0.0,0.0,0.0,0.0,0.0,0.0,5.0,4.0,45.0,0.0,3.0,0.0,7.50,7.5
2024,14,FRR,WR,Brandin Cooks,DAL,CIN,23,0.0,0.0,0.0,0.0,0.0,0.0,0.0,0.0,0.0,3.0,1.0,3.0,1.0,1.0,0.0,7.30,7.3
2024,14,FRR,WR,Marquez Valdes-Scantling,NO,@NYG,2,0.0,0.0,0.0,0.0,0.0,0.0,0.0,0.0,0.0,7.0,4.0,51.0,0.0,2.0,0.0,7.10,7.1
2024,14,FRR,WR,Calvin Ridley,TEN,JAC,28,0.0,0.0,0.0,0.0,0.0,0.0,0.0,0.0,0.0,12.0,7.0,59.0,0.0,1.0,0.0,6.90,6.9
2024,14,FRR,RB,Sean Tucker,TB,LV,17,0.0,0.0,0.0,0.0,0.0,3.0,47.0,0.0,1.0,2.0,0.0,0.0,0.0,0.0,0.0,5.70,5.7
2024,14,FRR,RB,Cam Akers,MIN,ATL,8,0.0,0.0,0.0,0.0,0.0,5.0,37.0,0.0,2.0,0.0,0.0,0.0,0.0,0.0,0.0,5.70,5.7
2024,14,FRR,RB,Blake Corum,LAR,BUF,29,0.0,0.0,0.0,0.0,0.0,8.0,34.0,0.0,2.0,0.0,0.0,0.0,0.0,0.0,0.0,5.40,5.4
2024,14,FRR,RB,Ameer Abdullah,LV,@TB,12,0.0,0.0,0.0,0.0,0.0,1.0,1.0,0.0,0.0,2.0,1.0,-3.0,0.0,0.0,0.0,0.10,0.1
2024,14,FRR,RB,Rhamondre Stevenson,NE,BYE,---,0.0,0.0,0.0,0.0,0.0,0.0,0.0,0.0,0.0,0.0,0.0,0.0,0.0,0.0,0.0,-,0.0
2024,14,FRR,RB,Brian Robinson,WAS,BYE,---,0.0,0.0,0.0,0.0,0.0,0.0,0.0,0.0,0.0,0.0,0.0,0.0,0.0,0.0,0.0,-,0.0
2024,14,FRR,WR,Terry McLaurin,WAS,BYE,---,0.0,0.0,0.0,0.0,0.0,0.0,0.0,0.0,0.0,0.0,0.0,0.0,0.0,0.0,0.0,-,0.0
2024,14,FRR,WR,Tank Dell,HOU,BYE,---,0.0,0.0,0.0,0.0,0.0,0.0,0.0,0.0,0.0,0.0,0.0,0.0,0.0,0.0,0.0,-,0.0
2024,14,FRR,DST,Steelers,PIT,CLE,31,,,,,,,,,,,,,,,,13.00,13.0
2024,14,GF,WR,Jaxon Smith-Njigba,SEA,@ARI,18,0.0,0.0,0.0,0.0,0.0,1.0,4.0,0.0,0.0,5.0,5.0,82.0,1.0,4.0,0.0,18.60,18.6
2024,14,GF,RB,Aaron Jones,MIN,ATL,8,0.0,0.0,0.0,0.0,0.0,13.0,73.0,1.0,3.0,2.0,2.0,11.0,0.0,0.0,0.0,17.40,17.4
2024,14,GF,QB,Jordan Love,GB,@DET,7,12.0,20.0,206.0,1.0,0.0,4.0,23.0,0.0,1.0,0.0,0.0,0.0,0.0,0.0,0.0,15.54,15.54
2024,14,GF,RB,Gus Edwards,LAC,@KC,1,0.0,0.0,0.0,0.0,0.0,10.0,36.0,1.0,2.0,0.0,0.0,0.0,0.0,0.0,0.0,11.60,11.6
2024,14,GF,WR,Christian Watson,GB,@DET,25,0.0,0.0,0.0,0.0,0.0,0.0,0.0,0.0,0.0,7.0,4.0,114.0,0.0,2.0,1.0,11.40,11.4
2024,14,GF,WR,Dontayvion Wicks,GB,@DET,25,0.0,0.0,0.0,0.0,0.0,0.0,0.0,0.0,0.0,5.0,4.0,49.0,0.0,3.0,0.0,7.90,7.9
2024,14,GF,TE,Jake Ferguson,DAL,CIN,30,0.0,0.0,0.0,0.0,0.0,0.0,0.0,0.0,0.0,6.0,3.0,32.0,0.0,1.0,0.0,4.20,4.2
2024,14,GF,RB,Ezekiel Elliott,DAL,CIN,15,0.0,0.0,0.0,0.0,0.0,2.0,4.0,0.0,0.0,1.0,1.0,2.0,0.0,0.0,0.0,0.60,0.6
2024,14,GF,QB,Michael Penix,ATL,@MIN,6,0.0,0.0,0.0,0.0,0.0,0.0,0.0,0.0,0.0,0.0,0.0,0.0,0.0,0.0,0.0,-,0.0
2024,14,GF,RB,MarShawn Lloyd,GB,@DET,2,0.0,0.0,0.0,0.0,0.0,0.0,0.0,0.0,0.0,0.0,0.0,0.0,0.0,0.0,0.0,-,0.0
2024,14,GF,QB,JJ McCarthy,MIN,ATL,27,0.0,0.0,0.0,0.0,0.0,0.0,0.0,0.0,0.0,0.0,0.0,0.0,0.0,0.0,0.0,-,0.0
2024,14,GF,WR,Demarcus Robinson,LAR,BUF,14,0.0,0.0,0.0,0.0,0.0,0.0,0.0,0.0,0.0,1.0,0.0,0.0,0.0,0.0,0.0,0.00,0.0
2024,14,GF,RB,JK Dobbins,LAC,@KC,1,0.0,0.0,0.0,0.0,0.0,0.0,0.0,0.0,0.0,0.0,0.0,0.0,0.0,0.0,0.0,-,0.0
2024,14,GF,WR,Jalen Tolbert,DAL,CIN,23,0.0,0.0,0.0,0.0,0.0,0.0,0.0,0.0,0.0,3.0,0.0,0.0,0.0,0.0,0.0,0.00,0.0
2024,14,GF,WR,Marquise Brown,KC,LAC,12,0.0,0.0,0.0,0.0,0.0,0.0,0.0,0.0,0.0,0.0,0.0,0.0,0.0,0.0,0.0,-,0.0
2024,14,GF,WR,Michael Pittman,IND,BYE,---,0.0,0.0,0.0,0.0,0.0,0.0,0.0,0.0,0.0,0.0,0.0,0.0,0.0,0.0,0.0,-,0.0
2024,14,GF,QB,Trevor Lawrence,JAC,@TEN,21,0.0,0.0,0.0,0.0,0.0,0.0,0.0,0.0,0.0,0.0,0.0,0.0,0.0,0.0,0.0,-,0.0
2024,14,GF,TE,Luke Musgrave,GB,@DET,1,0.0,0.0,0.0,0.0,0.0,0.0,0.0,0.0,0.0,0.0,0.0,0.0,0.0,0.0,0.0,-,0.0
2024,14,GF,DST,Titans,TEN,JAC,18,,,,,,,,,,,,,,,,11.00,11.0
2024,14,MAM,RB,James Conner,ARI,SEA,19,0.0,0.0,0.0,0.0,0.0,18.0,90.0,0.0,5.0,4.0,4.0,32.0,1.0,3.0,0.0,26.20,26.2
2024,14,MAM,QB,Tua Tagovailoa,MIA,NYJ,19,33.0,47.0,331.0,2.0,0.0,1.0,3.0,0.0,0.0,0.0,0.0,0.0,0.0,0.0,0.0,23.54,23.54
2024,14,MAM,RB,Saquon Barkley,PHI,CAR,32,0.0,0.0,0.0,0.0,0.0,20.0,124.0,0.0,6.0,1.0,0.0,0.0,0.0,0.0,0.0,20.40,20.4
2024,14,MAM,WR,Garrett Wilson,NYJ,@MIA,6,0.0,0.0,0.0,0.0,0.0,0.0,0.0,0.0,0.0,10.0,7.0,114.0,0.0,4.0,0.0,15.40,15.4
2024,14,MAM,QB,Caleb Williams,CHI,@SF,11,17.0,23.0,134.0,2.0,0.0,4.0,27.0,0.0,1.0,0.0,0.0,0.0,0.0,0.0,1.0,15.06,15.06
2024,14,MAM,WR,Jerry Jeudy,CLE,@PIT,7,0.0,0.0,0.0,0.0,0.0,0.0,0.0,0.0,0.0,6.0,5.0,64.0,1.0,2.0,0.0,14.40,14.4
2024,14,MAM,TE,Jonnu Smith,MIA,NYJ,7,0.0,0.0,0.0,0.0,0.0,0.0,0.0,0.0,0.0,4.0,3.0,44.0,1.0,3.0,0.0,13.40,13.4
2024,14,MAM,QB,Geno Smith,SEA,@ARI,13,24.0,30.0,233.0,1.0,0.0,1.0,0.0,0.0,0.0,0.0,0.0,0.0,0.0,0.0,0.0,13.32,13.32
2024,14,MAM,TE,David Njoku,CLE,@PIT,15,0.0,0.0,0.0,0.0,0.0,0.0,0.0,0.0,0.0,13.0,7.0,42.0,1.0,2.0,0.0,12.20,12.2
2024,14,MAM,TE,Tucker Kraft,GB,@DET,1,0.0,0.0,0.0,0.0,0.0,0.0,0.0,0.0,0.0,5.0,3.0,41.0,1.0,2.0,0.0,12.10,12.1
2024,14,MAM,RB,Alvin Kamara,NO,@NYG,26,0.0,0.0,0.0,0.0,0.0,17.0,44.0,0.0,2.0,5.0,5.0,35.0,0.0,2.0,0.0,11.90,11.9
2024,14,MAM,RB,Jaylen Warren,PIT,CLE,9,0.0,0.0,0.0,0.0,0.0,9.0,47.0,0.0,2.0,5.0,2.0,25.0,0.0,1.0,0.0,10.20,10.2
2024,14,MAM,WR,DJ Moore,CHI,@SF,8,0.0,0.0,0.0,0.0,0.0,0.0,0.0,0.0,0.0,8.0,6.0,49.0,0.0,3.0,0.0,7.90,7.9
2024,14,MAM,WR,Wan'Dale Robinson,NYG,NO,24,0.0,0.0,0.0,0.0,0.0,0.0,0.0,0.0,0.0,11.0,4.0,38.0,0.0,2.0,0.0,5.80,5.8
2024,14,MAM,WR,Josh Downs,IND,BYE,---,0.0,0.0,0.0,0.0,0.0,0.0,0.0,0.0,0.0,0.0,0.0,0.0,0.0,0.0,0.0,-,0.0
2024,14,MAM,RB,Roschon Johnson,CHI,@SF,23,0.0,0.0,0.0,0.0,0.0,0.0,0.0,0.0,0.0,0.0,0.0,0.0,0.0,0.0,0.0,-,0.0
2024,14,MAM,WR,Noah Brown,WAS,BYE,---,0.0,0.0,0.0,0.0,0.0,0.0,0.0,0.0,0.0,0.0,0.0,0.0,0.0,0.0,0.0,-,0.0
2024,14,MAM,WR,Rashee Rice,KC,LAC,12,0.0,0.0,0.0,0.0,0.0,0.0,0.0,0.0,0.0,0.0,0.0,0.0,0.0,0.0,0.0,-,0.0
2024,14,MAM,WR,Rashid Shaheed,NO,@NYG,2,0.0,0.0,0.0,0.0,0.0,0.0,0.0,0.0,0.0,0.0,0.0,0.0,0.0,0.0,0.0,-,0.0
2024,14,MAM,DST,Seahawks,SEA,@ARI,13,9.0,9.0,,,,,,,,,,,,,,,
2024,14,MAM,DST,Ravens,BAL,BYE,---,,,,,,,,,,,,,,,,-,0.0
2024,14,MCM,WR,Puka Nacua,LAR,BUF,14,0.0,0.0,0.0,0.0,0.0,5.0,16.0,1.0,2.0,14.0,12.0,162.0,1.0,8.0,0.0,39.80,39.8
2024,14,MCM,WR,Jordan Addison,MIN,ATL,30,0.0,0.0,0.0,0.0,0.0,0.0,0.0,0.0,0.0,12.0,8.0,133.0,3.0,6.0,0.0,37.30,37.3
2024,14,MCM,RB,Isaac Guerendo,SF,CHI,25,0.0,0.0,0.0,0.0,0.0,15.0,78.0,2.0,3.0,2.0,2.0,50.0,0.0,2.0,0.0,29.80,29.8
2024,14,MCM,WR,Jauan Jennings,SF,CHI,5,0.0,0.0,0.0,0.0,0.0,0.0,0.0,0.0,0.0,8.0,7.0,90.0,2.0,4.0,0.0,25.00,25.0
2024,14,MCM,QB,Justin Herbert,LAC,@KC,23,21.0,30.0,213.0,1.0,0.0,4.0,12.0,0.0,2.0,0.0,0.0,0.0,0.0,0.0,0.0,15.72,15.72
2024,14,MCM,QB,Derek Carr,NO,@NYG,17,20.0,31.0,219.0,1.0,1.0,2.0,12.0,0.0,0.0,0.0,0.0,0.0,0.0,0.0,0.0,11.96,11.96
2024,14,MCM,WR,Ray-Ray McCloud,ATL,@MIN,32,0.0,0.0,0.0,0.0,0.0,1.0,3.0,0.0,0.0,11.0,8.0,98.0,0.0,3.0,1.0,11.10,11.1
2024,14,MCM,RB,Travis Etienne,JAC,@TEN,14,0.0,0.0,0.0,0.0,0.0,4.0,20.0,0.0,1.0,4.0,4.0,50.0,0.0,2.0,0.0,10.00,10.0
2024,14,MCM,TE,Cade Otton,TB,LV,31,0.0,0.0,0.0,0.0,0.0,0.0,0.0,0.0,0.0,4.0,3.0,70.0,0.0,2.0,0.0,9.00,9.0
2024,14,MCM,RB,Kimani Vidal,LAC,@KC,1,0.0,0.0,0.0,0.0,0.0,8.0,34.0,0.0,2.0,1.0,0.0,0.0,0.0,0.0,0.0,5.40,5.4
2024,14,MCM,WR,Nick Westbrook-Ikhine,TEN,JAC,28,0.0,0.0,0.0,0.0,0.0,0.0,0.0,0.0,0.0,2.0,1.0,19.0,0.0,1.0,0.0,2.90,2.9
2024,14,MCM,RB,Jaylen Wright,MIA,NYJ,13,0.0,0.0,0.0,0.0,0.0,2.0,7.0,0.0,0.0,3.0,2.0,6.0,0.0,1.0,0.0,2.30,2.3
2024,14,MCM,RB,Zack Moss,CIN,@DAL,30,0.0,0.0,0.0,0.0,0.0,0.0,0.0,0.0,0.0,0.0,0.0,0.0,0.0,0.0,0.0,-,0.0
2024,14,MCM,RB,Joe Mixon,HOU,BYE,---,0.0,0.0,0.0,0.0,0.0,0.0,0.0,0.0,0.0,0.0,0.0,0.0,0.0,0.0,0.0,-,0.0
2024,14,MCM,TE,Dalton Schultz,HOU,BYE,---,0.0,0.0,0.0,0.0,0.0,0.0,0.0,0.0,0.0,0.0,0.0,0.0,0.0,0.0,0.0,-,0.0
2024,14,MCM,QB,Joe Flacco,IND,BYE,---,0.0,0.0,0.0,0.0,0.0,0.0,0.0,0.0,0.0,0.0,0.0,0.0,0.0,0.0,0.0,-,0.0
2024,14,MCM,RB,Jeremy McNichols,WAS,BYE,---,0.0,0.0,0.0,0.0,0.0,0.0,0.0,0.0,0.0,0.0,0.0,0.0,0.0,0.0,0.0,-,0.0
2024,14,MCM,RB,Christian McCaffrey,SF,CHI,25,0.0,0.0,0.0,0.0,0.0,0.0,0.0,0.0,0.0,0.0,0.0,0.0,0.0,0.0,0.0,-,0.0
2024,14,MCM,RB,Ray Davis,BUF,@LAR,20,0.0,0.0,0.0,0.0,0.0,0.0,0.0,0.0,0.0,0.0,0.0,0.0,0.0,0.0,0.0,0.00,0.0
2024,14,MCM,DST,Vikings,MIN,ATL,27,,,,,,,,,,,,,,,,11.00,11.0
2024,14,MWM,TE,George Kittle,SF,CHI,23,0.0,0.0,0.0,0.0,0.0,0.0,0.0,0.0,0.0,6.0,6.0,151.0,0.0,6.0,0.0,21.10,21.1
2024,14,MWM,QB,Matthew Stafford,LAR,BUF,4,23.0,30.0,320.0,2.0,0.0,0.0,0.0,0.0,0.0,0.0,0.0,0.0,0.0,0.0,0.0,20.80,20.8
2024,14,MWM,WR,Darnell Mooney,ATL,@MIN,32,0.0,0.0,0.0,0.0,0.0,0.0,0.0,0.0,0.0,7.0,6.0,142.0,0.0,6.0,0.0,20.20,20.2
2024,14,MWM,WR,Jaylen Waddle,MIA,NYJ,4,0.0,0.0,0.0,0.0,0.0,0.0,0.0,0.0,0.0,12.0,9.0,99.0,0.0,6.0,0.0,17.90,17.9
2024,14,MWM,QB,Aaron Rodgers,NYJ,@MIA,2,27.0,39.0,339.0,1.0,0.0,0.0,0.0,0.0,0.0,0.0,0.0,0.0,0.0,0.0,0.0,17.56,17.56
2024,14,MWM,RB,Tank Bigsby,JAC,@TEN,14,0.0,0.0,0.0,0.0,0.0,18.0,55.0,1.0,4.0,2.0,1.0,7.0,0.0,0.0,0.0,16.20,16.2
2024,14,MWM,RB,Najee Harris,PIT,CLE,9,0.0,0.0,0.0,0.0,0.0,16.0,53.0,1.0,3.0,0.0,0.0,0.0,0.0,0.0,0.0,14.30,14.3
2024,14,MWM,WR,Jakobi Meyers,LV,@TB,20,0.0,0.0,0.0,0.0,0.0,0.0,0.0,0.0,0.0,10.0,7.0,67.0,0.0,3.0,0.0,9.70,9.7
2024,14,MWM,RB,Nick Chubb,CLE,@PIT,11,0.0,0.0,0.0,0.0,0.0,11.0,48.0,0.0,2.0,1.0,0.0,0.0,0.0,0.0,0.0,6.80,6.8
2024,14,MWM,RB,Jerome Ford,CLE,@PIT,11,0.0,0.0,0.0,0.0,0.0,10.0,28.0,0.0,1.0,4.0,3.0,19.0,0.0,1.0,0.0,6.70,6.7
2024,14,MWM,WR,DJ Chark,LAC,@KC,17,0.0,0.0,0.0,0.0,0.0,0.0,0.0,0.0,0.0,1.0,1.0,9.0,0.0,0.0,0.0,0.90,0.9
2024,14,MWM,WR,Devaughn Vele,DEN,BYE,---,0.0,0.0,0.0,0.0,0.0,0.0,0.0,0.0,0.0,0.0,0.0,0.0,0.0,0.0,0.0,-,0.0
2024,14,MWM,WR,Tyler Lockett,SEA,@ARI,18,0.0,0.0,0.0,0.0,0.0,0.0,0.0,0.0,0.0,1.0,0.0,0.0,0.0,0.0,0.0,0.00,0.0
2024,14,MWM,WR,Kendrick Bourne,NE,BYE,---,0.0,0.0,0.0,0.0,0.0,0.0,0.0,0.0,0.0,0.0,0.0,0.0,0.0,0.0,0.0,-,0.0
2024,14,MWM,QB,Tommy DeVito,NYG,NO,10,0.0,0.0,0.0,0.0,0.0,0.0,0.0,0.0,0.0,0.0,0.0,0.0,0.0,0.0,0.0,0.00,0.0
2024,14,MWM,RB,Austin Ekeler,WAS,BYE,---,0.0,0.0,0.0,0.0,0.0,0.0,0.0,0.0,0.0,0.0,0.0,0.0,0.0,0.0,0.0,-,0.0
2024,14,MWM,WR,Stefon Diggs,HOU,BYE,---,0.0,0.0,0.0,0.0,0.0,0.0,0.0,0.0,0.0,0.0,0.0,0.0,0.0,0.0,0.0,-,0.0
2024,14,MWM,TE,Cole Kmet,CHI,@SF,3,0.0,0.0,0.0,0.0,0.0,0.0,0.0,0.0,0.0,0.0,0.0,0.0,0.0,0.0,0.0,0.00,0.0
2024,14,MWM,DST,Dolphins,MIA,NYJ,19,3.0,3.0,,,,,,,,,,,,,,,
2024,14,MWM,DST,Bills,BUF,@LAR,6,,,,,,,,,,,,,,,,-4.00,-4.0
2024,14,NN,RB,Zach Charbonnet,SEA,@ARI,24,0.0,0.0,0.0,0.0,0.0,22.0,134.0,2.0,5.0,7.0,7.0,59.0,0.0,1.0,0.0,37.30,37.3
2024,14,NN,WR,Justin Jefferson,MIN,ATL,30,0.0,0.0,0.0,0.0,0.0,0.0,0.0,0.0,0.0,7.0,7.0,132.0,2.0,5.0,0.0,30.20,30.2
2024,14,NN,QB,Joe Burrow,CIN,@DAL,29,33.0,44.0,369.0,3.0,1.0,2.0,-2.0,0.0,0.0,0.0,0.0,0.0,0.0,0.0,0.0,24.76,24.76
2024,14,NN,RB,Tyler Allgeier,ATL,@MIN,3,0.0,0.0,0.0,0.0,0.0,9.0,63.0,1.0,5.0,0.0,0.0,0.0,0.0,0.0,0.0,17.30,17.3
2024,14,NN,QB,Cooper Rush,DAL,CIN,31,16.0,31.0,183.0,2.0,1.0,2.0,5.0,0.0,1.0,0.0,0.0,0.0,0.0,0.0,0.0,14.82,14.82
2024,14,NN,WR,Amari Cooper,BUF,@LAR,27,0.0,0.0,0.0,0.0,0.0,0.0,0.0,0.0,0.0,14.0,6.0,95.0,0.0,5.0,0.0,14.50,14.5
2024,14,NN,WR,Malik Nabers,NYG,NO,24,0.0,0.0,0.0,0.0,0.0,0.0,0.0,0.0,0.0,10.0,5.0,79.0,0.0,3.0,0.0,12.90,12.9
2024,14,NN,TE,Pat Freiermuth,PIT,CLE,25,0.0,0.0,0.0,0.0,0.0,0.0,0.0,0.0,0.0,3.0,3.0,48.0,1.0,2.0,0.0,12.80,12.8
2024,14,NN,RB,Braelon Allen,NYJ,@MIA,21,0.0,0.0,0.0,0.0,0.0,11.0,43.0,0.0,1.0,5.0,4.0,38.0,0.0,3.0,0.0,12.10,12.1
2024,14,NN,QB,Aidan O'Connell,LV,@TB,32,11.0,19.0,104.0,0.0,1.0,6.0,6.0,1.0,3.0,0.0,0.0,0.0,0.0,0.0,1.0,9.76,9.76
2024,14,NN,WR,Xavier Worthy,KC,LAC,12,0.0,0.0,0.0,0.0,0.0,1.0,5.0,0.0,0.0,6.0,5.0,41.0,0.0,2.0,0.0,6.60,6.6
2024,14,NN,TE,Evan Engram,JAC,@TEN,9,0.0,0.0,0.0,0.0,0.0,0.0,0.0,0.0,0.0,6.0,4.0,33.0,0.0,1.0,0.0,4.30,4.3
2024,14,NN,WR,Parker Washington,JAC,@TEN,1,0.0,0.0,0.0,0.0,0.0,0.0,0.0,0.0,0.0,2.0,2.0,15.0,0.0,1.0,0.0,2.50,2.5
2024,14,NN,RB,Derrick Henry,BAL,BYE,---,0.0,0.0,0.0,0.0,0.0,0.0,0.0,0.0,0.0,0.0,0.0,0.0,0.0,0.0,0.0,-,0.0
2024,14,NN,RB,Justice Hill,BAL,BYE,---,0.0,0.0,0.0,0.0,0.0,0.0,0.0,0.0,0.0,0.0,0.0,0.0,0.0,0.0,0.0,-,0.0
2024,14,NN,WR,Troy Franklin,DEN,BYE,---,0.0,0.0,0.0,0.0,0.0,0.0,0.0,0.0,0.0,0.0,0.0,0.0,0.0,0.0,0.0,-,0.0
2024,14,NN,RB,Breece Hall,NYJ,@MIA,21,0.0,0.0,0.0,0.0,0.0,0.0,0.0,0.0,0.0,0.0,0.0,0.0,0.0,0.0,0.0,-,0.0
2024,14,NN,WR,Keon Coleman,BUF,@LAR,27,0.0,0.0,0.0,0.0,0.0,0.0,0.0,0.0,0.0,0.0,0.0,0.0,0.0,0.0,0.0,-,0.0
2024,14,NN,QB,Dak Prescott,DAL,CIN,31,0.0,0.0,0.0,0.0,0.0,0.0,0.0,0.0,0.0,0.0,0.0,0.0,0.0,0.0,0.0,-,0.0
2024,14,NN,DST,Buccaneers,TB,LV,30,,,,,,,,,,,,,,,,11.00,11.0
2024,14,VD,RB,Bijan Robinson,ATL,@MIN,3,0.0,0.0,0.0,0.0,0.0,22.0,92.0,1.0,5.0,2.0,2.0,9.0,0.0,0.0,0.0,23.10,23.1
2024,14,VD,QB,Jameis Winston,CLE,@PIT,1,24.0,41.0,212.0,2.0,2.0,4.0,28.0,0.0,4.0,0.0,0.0,0.0,0.0,0.0,0.0,19.28,19.28
2024,14,VD,WR,Rome Odunze,CHI,@SF,8,0.0,0.0,0.0,0.0,0.0,0.0,0.0,0.0,0.0,5.0,4.0,42.0,2.0,3.0,0.0,19.20,19.2
2024,14,VD,QB,Baker Mayfield,TB,LV,24,18.0,29.0,295.0,3.0,2.0,2.0,12.0,0.0,0.0,0.0,0.0,0.0,0.0,0.0,1.0,19.00,19.0
2024,14,VD,WR,Adam Thielen,CAR,@PHI,3,0.0,0.0,0.0,0.0,0.0,0.0,0.0,0.0,0.0,11.0,9.0,102.0,0.0,7.0,0.0,17.20,17.2
2024,14,VD,QB,Bryce Young,CAR,@PHI,8,19.0,34.0,191.0,1.0,1.0,7.0,29.0,0.0,2.0,0.0,0.0,0.0,0.0,0.0,0.0,14.54,14.54
2024,14,VD,RB,Sincere McCormick,LV,@TB,12,0.0,0.0,0.0,0.0,0.0,15.0,78.0,0.0,4.0,3.0,2.0,11.0,0.0,0.0,0.0,12.90,12.9
2024,14,VD,QB,Will Levis,TEN,JAC,30,19.0,32.0,168.0,0.0,0.0,1.0,3.0,0.0,1.0,0.0,0.0,0.0,0.0,0.0,0.0,8.02,8.02
2024,14,VD,WR,Marvin Harrison,ARI,SEA,13,0.0,0.0,0.0,0.0,0.0,0.0,0.0,0.0,0.0,8.0,4.0,49.0,0.0,3.0,0.0,7.90,7.9
2024,14,VD,RB,Trey Benson,ARI,SEA,19,0.0,0.0,0.0,0.0,0.0,2.0,15.0,0.0,1.0,1.0,1.0,4.0,0.0,0.0,0.0,2.90,2.9
2024,14,VD,RB,Bucky Irving,TB,LV,17,0.0,0.0,0.0,0.0,0.0,4.0,3.0,0.0,0.0,1.0,1.0,15.0,0.0,1.0,0.0,2.80,2.8
2024,14,VD,TE,Kyle Pitts,ATL,@MIN,11,0.0,0.0,0.0,0.0,0.0,0.0,0.0,0.0,0.0,6.0,1.0,14.0,0.0,1.0,0.0,2.40,2.4
2024,14,VD,RB,Tyjae Spears,TEN,JAC,31,0.0,0.0,0.0,0.0,0.0,6.0,21.0,0.0,0.0,2.0,1.0,2.0,0.0,0.0,0.0,2.30,2.3
2024,14,VD,WR,Ladd McConkey,LAC,@KC,17,0.0,0.0,0.0,0.0,0.0,0.0,0.0,0.0,0.0,0.0,0.0,0.0,0.0,0.0,0.0,-,0.0
2024,14,VD,QB,Justin Fields,PIT,CLE,15,0.0,0.0,0.0,0.0,0.0,0.0,0.0,0.0,0.0,0.0,0.0,0.0,0.0,0.0,0.0,-,0.0
2024,14,VD,RB,Javonte Williams,DEN,BYE,---,0.0,0.0,0.0,0.0,0.0,0.0,0.0,0.0,0.0,0.0,0.0,0.0,0.0,0.0,0.0,-,0.0
2024,14,VD,RB,Jerick McKinnon Dead Cap,KC,0,0,0.0,0.0,0.0,0.0,0.0,0.0,0.0,0.0,0.0,0.0,0.0,0.0,0.0,0.0,0.0,-,0.0
2024,14,VD,QB,Anthony Richardson,IND,BYE,---,0.0,0.0,0.0,0.0,0.0,0.0,0.0,0.0,0.0,0.0,0.0,0.0,0.0,0.0,0.0,-,0.0
2024,14,VD,WR,Cedric Tillman,CLE,@PIT,7,0.0,0.0,0.0,0.0,0.0,0.0,0.0,0.0,0.0,0.0,0.0,0.0,0.0,0.0,0.0,-,0.0
2024,14,VD,WR,Chris Godwin,TB,LV,16,0.0,0.0,0.0,0.0,0.0,0.0,0.0,0.0,0.0,0.0,0.0,0.0,0.0,0.0,0.0,-,0.0
2024,14,VD,DST,Cardinals,ARI,SEA,25,,,,,,,,,,,,,,,,-1.00,-1.0
2024,14,WLW,RB,Kyren Williams,LAR,BUF,29,0.0,0.0,0.0,0.0,0.0,29.0,87.0,2.0,6.0,2.0,2.0,10.0,0.0,0.0,0.0,27.70,27.7
2024,14,WLW,RB,Chase Brown,CIN,@DAL,30,0.0,0.0,0.0,0.0,0.0,14.0,58.0,0.0,3.0,8.0,6.0,65.0,1.0,4.0,0.0,25.30,25.3
2024,14,WLW,QB,Jared Goff,DET,GB,9,32.0,41.0,283.0,3.0,1.0,4.0,7.0,0.0,1.0,0.0,0.0,0.0,0.0,0.0,0.0,23.02,23.02
2024,14,WLW,RB,Chuba Hubbard,CAR,@PHI,6,0.0,0.0,0.0,0.0,0.0,26.0,92.0,1.0,5.0,5.0,4.0,15.0,0.0,0.0,0.0,21.70,21.7
2024,14,WLW,RB,Rico Dowdle,DAL,CIN,15,0.0,0.0,0.0,0.0,0.0,18.0,131.0,0.0,5.0,2.0,1.0,10.0,0.0,1.0,0.0,20.10,20.1
2024,14,WLW,WR,CeeDee Lamb,DAL,CIN,23,0.0,0.0,0.0,0.0,0.0,1.0,1.0,0.0,0.0,7.0,6.0,93.0,1.0,4.0,0.0,19.40,19.4
2024,14,WLW,WR,Cooper Kupp,LAR,BUF,14,0.0,0.0,0.0,0.0,0.0,0.0,0.0,0.0,0.0,8.0,5.0,92.0,1.0,4.0,0.0,19.20,19.2
2024,14,WLW,TE,Sam LaPorta,DET,GB,23,0.0,0.0,0.0,0.0,0.0,0.0,0.0,0.0,0.0,7.0,5.0,54.0,0.0,4.0,0.0,9.40,9.4
2024,14,WLW,WR,Mike Evans,TB,LV,16,0.0,0.0,0.0,0.0,0.0,0.0,0.0,0.0,0.0,5.0,4.0,69.0,0.0,2.0,0.0,8.90,8.9
2024,14,WLW,RB,Devin Singletary,NYG,NO,27,0.0,0.0,0.0,0.0,0.0,2.0,8.0,0.0,0.0,0.0,0.0,0.0,0.0,0.0,0.0,0.80,0.8
2024,14,WLW,TE,Dawson Knox,BUF,@LAR,21,0.0,0.0,0.0,0.0,0.0,0.0,0.0,0.0,0.0,1.0,1.0,5.0,0.0,0.0,0.0,0.50,0.5
2024,14,WLW,WR,Nico Collins,HOU,BYE,---,0.0,0.0,0.0,0.0,0.0,0.0,0.0,0.0,0.0,0.0,0.0,0.0,0.0,0.0,0.0,-,0.0
2024,14,WLW,QB,Lamar Jackson,BAL,BYE,---,0.0,0.0,0.0,0.0,0.0,0.0,0.0,0.0,0.0,0.0,0.0,0.0,0.0,0.0,0.0,-,0.0
2024,14,WLW,WR,Diontae Johnson,BAL,BYE,---,0.0,0.0,0.0,0.0,0.0,0.0,0.0,0.0,0.0,0.0,0.0,0.0,0.0,0.0,0.0,-,0.0
2024,14,WLW,WR,Rashod Bateman,BAL,BYE,---,0.0,0.0,0.0,0.0,0.0,0.0,0.0,0.0,0.0,0.0,0.0,0.0,0.0,0.0,0.0,-,0.0
2024,14,WLW,WR,Alec Pierce,IND,BYE,---,0.0,0.0,0.0,0.0,0.0,0.0,0.0,0.0,0.0,0.0,0.0,0.0,0.0,0.0,0.0,-,0.0
2024,14,WLW,TE,Erick All,CIN,@DAL,14,0.0,0.0,0.0,0.0,0.0,0.0,0.0,0.0,0.0,0.0,0.0,0.0,0.0,0.0,0.0,-,0.0
2024,14,WLW,WR,Christian Kirk,JAC,@TEN,1,0.0,0.0,0.0,0.0,0.0,0.0,0.0,0.0,0.0,0.0,0.0,0.0,0.0,0.0,0.0,-,0.0
2024,14,WLW,QB,CJ Stroud,HOU,BYE,---,0.0,0.0,0.0,0.0,0.0,0.0,0.0,0.0,0.0,0.0,0.0,0.0,0.0,0.0,0.0,-,0.0
2024,14,WLW,DST,Saints,NO,@NYG,29,11.0,11.0,,,,,,,,,,,,,,,
2024,14,WLW,DST,Broncos,DEN,BYE,---,,,,,,,,,,,,,,,,-,0.0
2024,15,AFL,RB,Jahmyr Gibbs,DET,BUF,31,0.0,0.0,0.0,0.0,0.0,8.0,31.0,1.0,2.0,7.0,5.0,83.0,1.0,5.0,0.0,30.40,30.4
2024,15,AFL,QB,Jayden Daniels,WAS,@NO,13,25.0,31.0,226.0,2.0,0.0,11.0,66.0,0.0,6.0,0.0,0.0,0.0,0.0,0.0,0.0,29.64,29.64
2024,15,AFL,WR,AJ Brown,PHI,PIT,14,0.0,0.0,0.0,0.0,0.0,0.0,0.0,0.0,0.0,11.0,8.0,110.0,1.0,5.0,0.0,22.00,22.0
2024,15,AFL,WR,Tee Higgins,CIN,@TEN,2,0.0,0.0,0.0,0.0,0.0,0.0,0.0,0.0,0.0,8.0,5.0,88.0,1.0,3.0,0.0,17.80,17.8
2024,15,AFL,QB,Mason Rudolph,TEN,CIN,30,21.0,26.0,209.0,2.0,1.0,2.0,14.0,0.0,2.0,0.0,0.0,0.0,0.0,0.0,0.0,17.76,17.76
2024,15,AFL,RB,Rachaad White,TB,@LAC,6,0.0,0.0,0.0,0.0,0.0,15.0,64.0,0.0,3.0,2.0,2.0,17.0,1.0,1.0,1.0,16.10,16.1
2024,15,AFL,RB,D'Andre Swift,CHI,@MIN,2,0.0,0.0,0.0,0.0,0.0,19.0,79.0,0.0,5.0,1.0,1.0,10.0,0.0,1.0,0.0,14.90,14.9
2024,15,AFL,QB,Russell Wilson,PIT,@PHI,7,14.0,22.0,128.0,1.0,0.0,4.0,13.0,0.0,2.0,0.0,0.0,0.0,0.0,0.0,1.0,10.42,10.42
2024,15,AFL,QB,Kyler Murray,ARI,NE,18,23.0,30.0,224.0,0.0,0.0,5.0,11.0,0.0,0.0,0.0,0.0,0.0,0.0,0.0,0.0,10.06,10.06
2024,15,AFL,WR,Marquez Valdes-Scantling,NO,WAS,16,0.0,0.0,0.0,0.0,0.0,1.0,4.0,0.0,0.0,7.0,2.0,64.0,0.0,2.0,0.0,8.80,8.8
2024,15,AFL,WR,Zay Flowers,BAL,@NYG,8,0.0,0.0,0.0,0.0,0.0,0.0,0.0,0.0,0.0,7.0,6.0,53.0,0.0,2.0,0.0,7.30,7.3
2024,15,AFL,TE,Travis Kelce,KC,@CLE,25,0.0,0.0,0.0,0.0,0.0,0.0,0.0,0.0,0.0,8.0,4.0,27.0,0.0,2.0,0.0,4.70,4.7
2024,15,AFL,TE,Brock Bowers,LV,ATL,17,0.0,0.0,0.0,0.0,0.0,0.0,0.0,0.0,0.0,6.0,3.0,35.0,0.0,1.0,0.0,4.50,4.5
2024,15,AFL,RB,Alexander Mattison,LV,ATL,9,0.0,0.0,0.0,0.0,0.0,7.0,21.0,0.0,2.0,4.0,2.0,3.0,0.0,0.0,1.0,2.40,2.4
2024,15,AFL,WR,Josh Palmer,LAC,TB,23,0.0,0.0,0.0,0.0,0.0,0.0,0.0,0.0,0.0,3.0,2.0,10.0,0.0,0.0,0.0,1.00,1.0
2024,15,AFL,WR,Chris Olave,NO,WAS,16,0.0,0.0,0.0,0.0,0.0,0.0,0.0,0.0,0.0,0.0,0.0,0.0,0.0,0.0,0.0,-,0.0
2024,15,AFL,WR,Allen Lazard,NYJ,@JAC,30,0.0,0.0,0.0,0.0,0.0,0.0,0.0,0.0,0.0,4.0,0.0,0.0,0.0,0.0,0.0,0.00,0.0
2024,15,AFL,WR,Adonai Mitchell,IND,@DEN,6,0.0,0.0,0.0,0.0,0.0,1.0,-10.0,0.0,0.0,4.0,0.0,0.0,0.0,0.0,1.0,-2.00,-2.0
2024,15,AFL,DST,Chiefs,KC,@CLE,32,26.0,26.0,,,,,,,,,,,,,,,
2024,15,AFL,DST,Cowboys,DAL,@CAR,26,,,,,,,,,,,,,,,,17.00,17.0
2024,15,CC,RB,James Cook,BUF,@DET,7,0.0,0.0,0.0,0.0,0.0,14.0,105.0,2.0,4.0,1.0,1.0,28.0,0.0,1.0,0.0,30.30,30.3
2024,15,CC,WR,Amon-Ra St Brown,DET,BUF,21,0.0,0.0,0.0,0.0,0.0,0.0,0.0,0.0,0.0,18.0,14.0,193.0,1.0,7.0,1.0,30.30,30.3
2024,15,CC,WR,Brian Thomas,JAC,NYJ,7,0.0,0.0,0.0,0.0,0.0,0.0,0.0,0.0,0.0,14.0,10.0,105.0,2.0,5.0,0.0,27.50,27.5
2024,15,CC,QB,Drake Maye,NE,@ARI,10,19.0,23.0,202.0,1.0,1.0,4.0,14.0,1.0,1.0,0.0,0.0,0.0,0.0,0.0,0.0,18.48,18.48
2024,15,CC,WR,Quentin Johnston,LAC,TB,23,0.0,0.0,0.0,0.0,0.0,0.0,0.0,0.0,0.0,10.0,5.0,45.0,1.0,3.0,0.0,13.50,13.5
2024,15,CC,TE,Trey McBride,ARI,NE,20,0.0,0.0,0.0,0.0,0.0,0.0,0.0,0.0,0.0,10.0,9.0,87.0,0.0,3.0,0.0,11.70,11.7
2024,15,CC,RB,David Montgomery,DET,BUF,31,0.0,0.0,0.0,0.0,0.0,5.0,4.0,0.0,0.0,4.0,4.0,31.0,0.0,2.0,0.0,5.50,5.5
2024,15,CC,QB,Brock Purdy,SF,LAR,24,14.0,31.0,142.0,0.0,1.0,1.0,3.0,0.0,1.0,0.0,0.0,0.0,0.0,0.0,0.0,4.98,4.98
2024,15,CC,WR,DK Metcalf,SEA,GB,9,0.0,0.0,0.0,0.0,0.0,0.0,0.0,0.0,0.0,3.0,3.0,28.0,0.0,1.0,0.0,3.80,3.8
2024,15,CC,TE,Zach Ertz,WAS,@NO,13,0.0,0.0,0.0,0.0,0.0,0.0,0.0,0.0,0.0,2.0,2.0,25.0,0.0,1.0,0.0,3.50,3.5
2024,15,CC,WR,Ricky Pearsall,SF,LAR,24,0.0,0.0,0.0,0.0,0.0,0.0,0.0,0.0,0.0,4.0,1.0,16.0,0.0,1.0,0.0,2.60,2.6
2024,15,CC,WR,Deebo Samuel,SF,LAR,24,0.0,0.0,0.0,0.0,0.0,2.0,3.0,0.0,0.0,7.0,3.0,16.0,0.0,0.0,0.0,1.90,1.9
2024,15,CC,RB,Jonathon Brooks,CAR,DAL,27,0.0,0.0,0.0,0.0,0.0,0.0,0.0,0.0,0.0,0.0,0.0,0.0,0.0,0.0,0.0,-,0.0
2024,15,CC,RB,Antonio Gibson Dead Cap,NE,0,0,0.0,0.0,0.0,0.0,0.0,0.0,0.0,0.0,0.0,0.0,0.0,0.0,0.0,0.0,0.0,-,0.0
2024,15,CC,WR,George Pickens,PIT,@PHI,1,0.0,0.0,0.0,0.0,0.0,0.0,0.0,0.0,0.0,0.0,0.0,0.0,0.0,0.0,0.0,-,0.0
2024,15,CC,WR,Malachi Corley,NYJ,@JAC,30,0.0,0.0,0.0,0.0,0.0,0.0,0.0,0.0,0.0,0.0,0.0,0.0,0.0,0.0,0.0,-,0.0
2024,15,CC,WR,Javon Baker,NE,@ARI,13,0.0,0.0,0.0,0.0,0.0,0.0,0.0,0.0,0.0,0.0,0.0,0.0,0.0,0.0,0.0,-,0.0
2024,15,CC,QB,Daniel Jones,MIN,CHI,2,0.0,0.0,0.0,0.0,0.0,0.0,0.0,0.0,0.0,0.0,0.0,0.0,0.0,0.0,0.0,-,0.0
2024,15,CC,WR,Ja'Lynn Polk,NE,@ARI,13,0.0,0.0,0.0,0.0,0.0,0.0,0.0,0.0,0.0,1.0,0.0,0.0,0.0,0.0,0.0,0.00,0.0
2024,15,CC,DST,Jets,NYJ,@JAC,20,,,,,,,,,,,,,,,,8.00,8.0
2024,15,CRB,WR,Davante Adams,NYJ,@JAC,30,0.0,0.0,0.0,0.0,0.0,0.0,0.0,0.0,0.0,12.0,9.0,198.0,2.0,6.0,0.0,39.80,39.8
2024,15,CRB,QB,Jalen Hurts,PHI,PIT,3,25.0,32.0,290.0,2.0,0.0,15.0,45.0,1.0,5.0,0.0,0.0,0.0,0.0,0.0,1.0,33.10,33.1
2024,15,CRB,RB,Josh Jacobs,GB,@SEA,22,0.0,0.0,0.0,0.0,0.0,26.0,94.0,1.0,5.0,4.0,4.0,42.0,0.0,2.0,1.0,24.60,24.6
2024,15,CRB,WR,DeVonta Smith,PHI,PIT,14,0.0,0.0,0.0,0.0,0.0,1.0,1.0,0.0,0.0,12.0,11.0,109.0,1.0,6.0,0.0,23.00,23.0
2024,15,CRB,WR,Keenan Allen,CHI,@MIN,32,0.0,0.0,0.0,0.0,0.0,0.0,0.0,0.0,0.0,13.0,6.0,82.0,1.0,4.0,0.0,18.20,18.2
2024,15,CRB,WR,Romeo Doubs,GB,@SEA,15,0.0,0.0,0.0,0.0,0.0,0.0,0.0,0.0,0.0,5.0,3.0,40.0,2.0,2.0,0.0,18.00,18.0
2024,15,CRB,QB,Bo Nix,DEN,IND,21,20.0,33.0,130.0,3.0,3.0,8.0,23.0,0.0,4.0,0.0,0.0,0.0,0.0,0.0,0.0,17.50,17.5
2024,15,CRB,WR,Jalen McMillan,TB,@LAC,19,0.0,0.0,0.0,0.0,0.0,0.0,0.0,0.0,0.0,6.0,5.0,75.0,1.0,3.0,0.0,16.50,16.5
2024,15,CRB,RB,Jonathan Taylor,IND,@DEN,11,0.0,0.0,0.0,0.0,0.0,22.0,107.0,0.0,4.0,2.0,1.0,4.0,0.0,0.0,1.0,13.10,13.1
2024,15,CRB,RB,De'Von Achane,MIA,@HOU,4,0.0,0.0,0.0,0.0,0.0,12.0,41.0,0.0,2.0,7.0,7.0,35.0,0.0,2.0,0.0,11.60,11.6
2024,15,CRB,WR,Courtland Sutton,DEN,IND,10,0.0,0.0,0.0,0.0,0.0,0.0,0.0,0.0,0.0,9.0,3.0,32.0,1.0,2.0,0.0,11.20,11.2
2024,15,CRB,RB,Antonio Gibson,NE,@ARI,25,0.0,0.0,0.0,0.0,0.0,7.0,33.0,0.0,1.0,2.0,2.0,31.0,0.0,2.0,0.0,9.40,9.4
2024,15,CRB,TE,Isaiah Likely,BAL,@NYG,3,0.0,0.0,0.0,0.0,0.0,0.0,0.0,0.0,0.0,2.0,2.0,17.0,0.0,1.0,0.0,2.70,2.7
2024,15,CRB,WR,Mike Williams,PIT,@PHI,1,0.0,0.0,0.0,0.0,0.0,0.0,0.0,0.0,0.0,2.0,1.0,15.0,0.0,0.0,0.0,1.50,1.5
2024,15,CRB,RB,Chris Rodriguez,WAS,@NO,23,0.0,0.0,0.0,0.0,0.0,1.0,2.0,0.0,0.0,0.0,0.0,0.0,0.0,0.0,0.0,0.20,0.2
2024,15,CRB,WR,Elijah Moore,CLE,KC,12,0.0,0.0,0.0,0.0,0.0,0.0,0.0,0.0,0.0,6.0,2.0,-1.0,0.0,0.0,0.0,0.00,0.0
2024,15,CRB,WR,Luke McCaffrey,WAS,@NO,26,0.0,0.0,0.0,0.0,0.0,0.0,0.0,0.0,0.0,1.0,1.0,0.0,0.0,0.0,0.0,0.00,0.0
2024,15,CRB,DST,Eagles,PHI,PIT,11,8.0,8.0,,,,,,,,,,,,,,,
2024,15,CRB,DST,Commanders,WAS,@NO,18,,,,,,,,,,,,,,,,7.00,7.0
2024,15,ELP,QB,Mac Jones,JAC,NYJ,23,31.0,46.0,294.0,2.0,2.0,4.0,29.0,0.0,3.0,0.0,0.0,0.0,0.0,0.0,0.0,21.66,21.66
2024,15,ELP,QB,Patrick Mahomes,KC,@CLE,17,19.0,38.0,159.0,2.0,0.0,2.0,14.0,0.0,1.0,0.0,0.0,0.0,0.0,0.0,0.0,16.76,16.76
2024,15,ELP,WR,Khalil Shakir,BUF,@DET,25,0.0,0.0,0.0,0.0,0.0,0.0,0.0,0.0,0.0,7.0,6.0,39.0,1.0,3.0,0.0,12.90,12.9
2024,15,ELP,WR,Jameson Williams,DET,BUF,21,0.0,0.0,0.0,0.0,0.0,0.0,0.0,0.0,0.0,5.0,3.0,37.0,1.0,3.0,0.0,12.70,12.7
2024,15,ELP,TE,Mark Andrews,BAL,@NYG,3,0.0,0.0,0.0,0.0,0.0,0.0,0.0,0.0,0.0,2.0,2.0,24.0,1.0,2.0,0.0,10.40,10.4
2024,15,ELP,WR,Jayden Reed,GB,@SEA,15,0.0,0.0,0.0,0.0,0.0,3.0,27.0,0.0,1.0,6.0,5.0,34.0,0.0,1.0,0.0,8.10,8.1
2024,15,ELP,RB,Kareem Hunt,KC,@CLE,8,0.0,0.0,0.0,0.0,0.0,13.0,45.0,0.0,3.0,2.0,1.0,4.0,0.0,0.0,0.0,7.90,7.9
2024,15,ELP,TE,Dalton Kincaid,BUF,@DET,1,0.0,0.0,0.0,0.0,0.0,0.0,0.0,0.0,0.0,7.0,4.0,53.0,0.0,2.0,0.0,7.30,7.3
2024,15,ELP,WR,DeAndre Hopkins,KC,@CLE,28,0.0,0.0,0.0,0.0,0.0,0.0,0.0,0.0,0.0,6.0,5.0,36.0,0.0,3.0,0.0,6.60,6.6
2024,15,ELP,QB,Kirk Cousins,ATL,@LV,22,11.0,17.0,112.0,1.0,1.0,3.0,0.0,0.0,0.0,0.0,0.0,0.0,0.0,0.0,0.0,6.48,6.48
2024,15,ELP,RB,Isiah Pacheco,KC,@CLE,8,0.0,0.0,0.0,0.0,0.0,13.0,32.0,0.0,0.0,1.0,1.0,15.0,0.0,1.0,0.0,5.70,5.7
2024,15,ELP,WR,Tyreek Hill,MIA,@HOU,27,0.0,0.0,0.0,0.0,0.0,0.0,0.0,0.0,0.0,7.0,2.0,36.0,0.0,2.0,0.0,5.60,5.6
2024,15,ELP,RB,Tyrone Tracy,NYG,BAL,5,0.0,0.0,0.0,0.0,0.0,10.0,31.0,0.0,2.0,4.0,1.0,4.0,0.0,0.0,0.0,5.50,5.5
2024,15,ELP,TE,Hunter Henry,NE,@ARI,7,0.0,0.0,0.0,0.0,0.0,0.0,0.0,0.0,0.0,4.0,4.0,25.0,0.0,1.0,0.0,3.50,3.5
2024,15,ELP,RB,Audric Estime,DEN,IND,24,0.0,0.0,0.0,0.0,0.0,5.0,13.0,0.0,0.0,1.0,1.0,5.0,0.0,0.0,0.0,1.80,1.8
2024,15,ELP,WR,Xavier Legette,CAR,DAL,22,0.0,0.0,0.0,0.0,0.0,1.0,2.0,0.0,0.0,3.0,2.0,7.0,0.0,0.0,0.0,0.90,0.9
2024,15,ELP,QB,Jake Haener,NO,WAS,14,4.0,10.0,49.0,0.0,1.0,1.0,7.0,0.0,0.0,0.0,0.0,0.0,0.0,0.0,0.0,0.66,0.66
2024,15,ELP,WR,Brandon Aiyuk,SF,LAR,24,0.0,0.0,0.0,0.0,0.0,0.0,0.0,0.0,0.0,0.0,0.0,0.0,0.0,0.0,0.0,-,0.0
2024,15,ELP,RB,Kenneth Walker,SEA,GB,16,0.0,0.0,0.0,0.0,0.0,0.0,0.0,0.0,0.0,0.0,0.0,0.0,0.0,0.0,0.0,-,0.0
2024,15,ELP,WR,Roman Wilson,PIT,@PHI,1,0.0,0.0,0.0,0.0,0.0,0.0,0.0,0.0,0.0,0.0,0.0,0.0,0.0,0.0,0.0,-,0.0
2024,15,ELP,DST,49ers,SF,LAR,9,,,,,,,,,,,,,,,,4.00,4.0
2024,15,FRR,QB,Josh Allen,BUF,@DET,19,23.0,34.0,362.0,2.0,0.0,11.0,68.0,2.0,6.0,0.0,0.0,0.0,0.0,0.0,0.0,47.28,47.28
2024,15,FRR,WR,Terry McLaurin,WAS,@NO,26,0.0,0.0,0.0,0.0,0.0,0.0,0.0,0.0,0.0,10.0,7.0,73.0,2.0,5.0,0.0,24.30,24.3
2024,15,FRR,RB,Rhamondre Stevenson,NE,@ARI,25,0.0,0.0,0.0,0.0,0.0,13.0,69.0,0.0,5.0,1.0,1.0,16.0,0.0,1.0,0.0,14.50,14.5
2024,15,FRR,WR,Drake London,ATL,@LV,11,0.0,0.0,0.0,0.0,0.0,0.0,0.0,0.0,0.0,3.0,3.0,53.0,1.0,3.0,0.0,14.30,14.3
2024,15,FRR,RB,Brian Robinson,WAS,@NO,23,0.0,0.0,0.0,0.0,0.0,21.0,65.0,0.0,5.0,3.0,3.0,22.0,0.0,0.0,0.0,13.70,13.7
2024,15,FRR,RB,Tony Pollard,TEN,CIN,20,0.0,0.0,0.0,0.0,0.0,17.0,45.0,1.0,4.0,0.0,0.0,0.0,0.0,0.0,1.0,12.50,12.5
2024,15,FRR,WR,Ja'Marr Chase,CIN,@TEN,2,0.0,0.0,0.0,0.0,0.0,0.0,0.0,0.0,0.0,11.0,9.0,94.0,0.0,3.0,0.0,12.40,12.4
2024,15,FRR,RB,Cam Akers,MIN,CHI,28,0.0,0.0,0.0,0.0,0.0,10.0,24.0,1.0,3.0,0.0,0.0,0.0,0.0,0.0,0.0,11.40,11.4
2024,15,FRR,QB,Sam Darnold,MIN,CHI,2,24.0,40.0,231.0,1.0,1.0,0.0,0.0,0.0,0.0,0.0,0.0,0.0,0.0,0.0,0.0,11.24,11.24
2024,15,FRR,TE,TJ Hockenson,MIN,CHI,24,0.0,0.0,0.0,0.0,0.0,0.0,0.0,0.0,0.0,7.0,5.0,52.0,0.0,4.0,0.0,9.20,9.2
2024,15,FRR,WR,Calvin Ridley,TEN,CIN,20,0.0,0.0,0.0,0.0,0.0,1.0,19.0,0.0,1.0,5.0,3.0,41.0,0.0,2.0,0.0,9.00,9.0
2024,15,FRR,RB,Kendre Miller,NO,WAS,14,0.0,0.0,0.0,0.0,0.0,9.0,46.0,0.0,3.0,1.0,0.0,0.0,0.0,0.0,0.0,7.60,7.6
2024,15,FRR,WR,Tank Dell,HOU,MIA,3,0.0,0.0,0.0,0.0,0.0,1.0,15.0,0.0,1.0,2.0,2.0,26.0,0.0,2.0,0.0,7.10,7.1
2024,15,FRR,RB,Jaleel McLaughlin,DEN,IND,24,0.0,0.0,0.0,0.0,0.0,7.0,21.0,0.0,1.0,3.0,3.0,13.0,0.0,0.0,0.0,4.40,4.4
2024,15,FRR,RB,Blake Corum,LAR,@SF,21,0.0,0.0,0.0,0.0,0.0,3.0,5.0,0.0,0.0,3.0,2.0,15.0,0.0,2.0,0.0,4.00,4.0
2024,15,FRR,RB,Sean Tucker,TB,@LAC,6,0.0,0.0,0.0,0.0,0.0,7.0,17.0,0.0,2.0,0.0,0.0,0.0,0.0,0.0,0.0,3.70,3.7
2024,15,FRR,QB,Drew Lock,NYG,BAL,27,0.0,0.0,0.0,0.0,0.0,0.0,0.0,0.0,0.0,0.0,0.0,0.0,0.0,0.0,0.0,-,0.0
2024,15,FRR,DST,Steelers,PIT,@PHI,12,7.0,7.0,,,,,,,,,,,,,,,
2024,15,FRR,DST,Chargers,LAC,TB,13,,,,,,,,,,,,,,,,2.00,2.0
2024,15,GF,RB,Aaron Jones,MIN,CHI,28,0.0,0.0,0.0,0.0,0.0,18.0,86.0,1.0,5.0,3.0,2.0,20.0,0.0,1.0,0.0,22.60,22.6
2024,15,GF,QB,Jordan Love,GB,@SEA,12,20.0,27.0,229.0,2.0,0.0,1.0,4.0,0.0,0.0,0.0,0.0,0.0,0.0,0.0,0.0,17.56,17.56
2024,15,GF,WR,Jaxon Smith-Njigba,SEA,GB,9,0.0,0.0,0.0,0.0,0.0,0.0,0.0,0.0,0.0,12.0,10.0,83.0,0.0,4.0,0.0,12.30,12.3
2024,15,GF,WR,Jalen Tolbert,DAL,@CAR,18,0.0,0.0,0.0,0.0,0.0,0.0,0.0,0.0,0.0,2.0,1.0,11.0,1.0,1.0,0.0,8.10,8.1
2024,15,GF,RB,Ezekiel Elliott,DAL,@CAR,32,0.0,0.0,0.0,0.0,0.0,9.0,30.0,0.0,3.0,1.0,1.0,11.0,0.0,1.0,0.0,8.10,8.1
2024,15,GF,WR,Christian Watson,GB,@SEA,15,0.0,0.0,0.0,0.0,0.0,0.0,0.0,0.0,0.0,6.0,3.0,56.0,0.0,2.0,0.0,7.60,7.6
2024,15,GF,WR,Michael Pittman,IND,@DEN,6,0.0,0.0,0.0,0.0,0.0,0.0,0.0,0.0,0.0,9.0,6.0,58.0,0.0,3.0,1.0,6.80,6.8
2024,15,GF,WR,Dontayvion Wicks,GB,@SEA,15,0.0,0.0,0.0,0.0,0.0,0.0,0.0,0.0,0.0,2.0,2.0,14.0,0.0,2.0,0.0,3.40,3.4
2024,15,GF,RB,Gus Edwards,LAC,TB,10,0.0,0.0,0.0,0.0,0.0,8.0,23.0,0.0,1.0,0.0,0.0,0.0,0.0,0.0,0.0,3.30,3.3
2024,15,GF,TE,Jake Ferguson,DAL,@CAR,32,0.0,0.0,0.0,0.0,0.0,0.0,0.0,0.0,0.0,4.0,2.0,23.0,0.0,0.0,0.0,2.30,2.3
2024,15,GF,QB,Trevor Lawrence,JAC,NYJ,23,0.0,0.0,0.0,0.0,0.0,0.0,0.0,0.0,0.0,0.0,0.0,0.0,0.0,0.0,0.0,-,0.0
2024,15,GF,RB,JK Dobbins,LAC,TB,10,0.0,0.0,0.0,0.0,0.0,0.0,0.0,0.0,0.0,0.0,0.0,0.0,0.0,0.0,0.0,-,0.0
2024,15,GF,TE,Luke Musgrave,GB,@SEA,19,0.0,0.0,0.0,0.0,0.0,0.0,0.0,0.0,0.0,0.0,0.0,0.0,0.0,0.0,0.0,-,0.0
2024,15,GF,WR,Marquise Brown,KC,@CLE,28,0.0,0.0,0.0,0.0,0.0,0.0,0.0,0.0,0.0,0.0,0.0,0.0,0.0,0.0,0.0,-,0.0
2024,15,GF,QB,JJ McCarthy,MIN,CHI,2,0.0,0.0,0.0,0.0,0.0,0.0,0.0,0.0,0.0,0.0,0.0,0.0,0.0,0.0,0.0,-,0.0
2024,15,GF,QB,Michael Penix,ATL,@LV,22,0.0,0.0,0.0,0.0,0.0,0.0,0.0,0.0,0.0,0.0,0.0,0.0,0.0,0.0,0.0,-,0.0
2024,15,GF,RB,MarShawn Lloyd,GB,@SEA,22,0.0,0.0,0.0,0.0,0.0,0.0,0.0,0.0,0.0,0.0,0.0,0.0,0.0,0.0,0.0,-,0.0
2024,15,GF,WR,Demarcus Robinson,LAR,@SF,4,0.0,0.0,0.0,0.0,0.0,0.0,0.0,0.0,0.0,1.0,0.0,0.0,0.0,0.0,0.0,0.00,0.0
2024,15,GF,DST,Bengals,CIN,@TEN,31,,,,,,,,,,,,,,,,23.00,23.0
2024,15,MAM,RB,James Conner,ARI,NE,26,0.0,0.0,0.0,0.0,0.0,16.0,110.0,2.0,4.0,5.0,5.0,28.0,0.0,2.0,0.0,31.80,31.8
2024,15,MAM,WR,Jerry Jeudy,CLE,KC,12,0.0,0.0,0.0,0.0,0.0,0.0,0.0,0.0,0.0,14.0,11.0,108.0,0.0,6.0,0.0,16.80,16.8
2024,15,MAM,RB,Alvin Kamara,NO,WAS,14,0.0,0.0,0.0,0.0,0.0,5.0,12.0,0.0,0.0,5.0,4.0,58.0,1.0,2.0,0.0,15.00,15.0
2024,15,MAM,WR,Garrett Wilson,NYJ,@JAC,30,0.0,0.0,0.0,0.0,0.0,0.0,0.0,0.0,0.0,6.0,3.0,56.0,1.0,3.0,0.0,14.60,14.6
2024,15,MAM,TE,Jonnu Smith,MIA,@HOU,6,0.0,0.0,0.0,0.0,0.0,0.0,0.0,0.0,0.0,11.0,9.0,48.0,1.0,3.0,0.0,13.80,13.8
2024,15,MAM,RB,Saquon Barkley,PHI,PIT,12,0.0,0.0,0.0,0.0,0.0,19.0,65.0,0.0,4.0,2.0,2.0,9.0,0.0,0.0,0.0,11.40,11.4
2024,15,MAM,QB,Caleb Williams,CHI,@MIN,4,18.0,31.0,191.0,1.0,0.0,4.0,3.0,0.0,0.0,0.0,0.0,0.0,0.0,0.0,1.0,9.94,9.94
2024,15,MAM,WR,DJ Moore,CHI,@MIN,32,0.0,0.0,0.0,0.0,0.0,3.0,24.0,0.0,1.0,8.0,8.0,46.0,0.0,0.0,0.0,8.00,8.0
2024,15,MAM,WR,Wan'Dale Robinson,NYG,BAL,31,0.0,0.0,0.0,0.0,0.0,0.0,0.0,0.0,0.0,9.0,4.0,38.0,0.0,2.0,0.0,5.80,5.8
2024,15,MAM,QB,Geno Smith,SEA,GB,6,15.0,19.0,149.0,0.0,1.0,1.0,5.0,0.0,1.0,0.0,0.0,0.0,0.0,0.0,0.0,5.46,5.46
2024,15,MAM,TE,Tucker Kraft,GB,@SEA,19,0.0,0.0,0.0,0.0,0.0,0.0,0.0,0.0,0.0,2.0,2.0,34.0,0.0,1.0,0.0,4.40,4.4
2024,15,MAM,WR,Josh Downs,IND,@DEN,6,0.0,0.0,0.0,0.0,0.0,0.0,0.0,0.0,0.0,8.0,3.0,32.0,0.0,1.0,0.0,4.20,4.2
2024,15,MAM,QB,Tua Tagovailoa,MIA,@HOU,11,29.0,40.0,196.0,1.0,3.0,0.0,0.0,0.0,0.0,0.0,0.0,0.0,0.0,0.0,1.0,3.84,3.84
2024,15,MAM,RB,Jaylen Warren,PIT,@PHI,3,0.0,0.0,0.0,0.0,0.0,4.0,12.0,0.0,0.0,2.0,1.0,3.0,0.0,0.0,0.0,1.50,1.5
2024,15,MAM,RB,Roschon Johnson,CHI,@MIN,2,0.0,0.0,0.0,0.0,0.0,0.0,0.0,0.0,0.0,0.0,0.0,0.0,0.0,0.0,0.0,-,0.0
2024,15,MAM,WR,Rashee Rice,KC,@CLE,28,0.0,0.0,0.0,0.0,0.0,0.0,0.0,0.0,0.0,0.0,0.0,0.0,0.0,0.0,0.0,-,0.0
2024,15,MAM,WR,Noah Brown,WAS,@NO,26,0.0,0.0,0.0,0.0,0.0,0.0,0.0,0.0,0.0,0.0,0.0,0.0,0.0,0.0,0.0,-,0.0
2024,15,MAM,TE,David Njoku,CLE,KC,28,0.0,0.0,0.0,0.0,0.0,0.0,0.0,0.0,0.0,0.0,0.0,0.0,0.0,0.0,0.0,-,0.0
2024,15,MAM,WR,Rashid Shaheed,NO,WAS,16,0.0,0.0,0.0,0.0,0.0,0.0,0.0,0.0,0.0,0.0,0.0,0.0,0.0,0.0,0.0,-,0.0
2024,15,MAM,DST,Ravens,BAL,@NYG,28,9.0,9.0,,,,,,,,,,,,,,,
2024,15,MAM,DST,Seahawks,SEA,GB,5,,,,,,,,,,,,,,,,2.00,2.0
2024,15,MCM,QB,Justin Herbert,LAC,TB,31,21.0,33.0,195.0,2.0,1.0,0.0,0.0,0.0,0.0,0.0,0.0,0.0,0.0,0.0,0.0,13.80,13.8
2024,15,MCM,RB,Travis Etienne,JAC,NYJ,13,0.0,0.0,0.0,0.0,0.0,14.0,65.0,0.0,4.0,5.0,4.0,20.0,0.0,1.0,0.0,13.50,13.5
2024,15,MCM,WR,Puka Nacua,LAR,@SF,4,0.0,0.0,0.0,0.0,0.0,2.0,11.0,0.0,0.0,8.0,7.0,97.0,0.0,2.0,0.0,12.80,12.8
2024,15,MCM,RB,Ray Davis,BUF,@DET,7,0.0,0.0,0.0,0.0,0.0,7.0,15.0,0.0,1.0,2.0,2.0,14.0,1.0,2.0,0.0,11.90,11.9
2024,15,MCM,RB,Isaac Guerendo,SF,LAR,17,0.0,0.0,0.0,0.0,0.0,16.0,57.0,0.0,3.0,4.0,4.0,18.0,0.0,1.0,0.0,11.50,11.5
2024,15,MCM,WR,Jordan Addison,MIN,CHI,5,0.0,0.0,0.0,0.0,0.0,0.0,0.0,0.0,0.0,9.0,7.0,63.0,0.0,3.0,0.0,9.30,9.3
2024,15,MCM,RB,Joe Mixon,HOU,MIA,19,0.0,0.0,0.0,0.0,0.0,12.0,23.0,0.0,0.0,6.0,5.0,33.0,0.0,1.0,0.0,6.60,6.6
2024,15,MCM,WR,Jauan Jennings,SF,LAR,24,0.0,0.0,0.0,0.0,0.0,0.0,0.0,0.0,0.0,9.0,2.0,31.0,0.0,2.0,0.0,5.10,5.1
2024,15,MCM,TE,Cade Otton,TB,@LAC,4,0.0,0.0,0.0,0.0,0.0,0.0,0.0,0.0,0.0,3.0,2.0,24.0,0.0,2.0,0.0,4.40,4.4
2024,15,MCM,RB,Kimani Vidal,LAC,TB,10,0.0,0.0,0.0,0.0,0.0,3.0,9.0,0.0,0.0,3.0,2.0,13.0,0.0,1.0,0.0,3.20,3.2
2024,15,MCM,WR,Nick Westbrook-Ikhine,TEN,CIN,20,0.0,0.0,0.0,0.0,0.0,0.0,0.0,0.0,0.0,3.0,2.0,9.0,0.0,2.0,0.0,2.90,2.9
2024,15,MCM,WR,Ray-Ray McCloud,ATL,@LV,11,0.0,0.0,0.0,0.0,0.0,0.0,0.0,0.0,0.0,3.0,1.0,14.0,0.0,1.0,0.0,2.40,2.4
2024,15,MCM,TE,Dalton Schultz,HOU,MIA,16,0.0,0.0,0.0,0.0,0.0,0.0,0.0,0.0,0.0,4.0,2.0,13.0,0.0,1.0,0.0,2.30,2.3
2024,15,MCM,RB,Jeremy McNichols,WAS,@NO,23,0.0,0.0,0.0,0.0,0.0,2.0,4.0,0.0,0.0,2.0,1.0,0.0,0.0,0.0,0.0,0.40,0.4
2024,15,MCM,RB,Jaylen Wright,MIA,@HOU,4,0.0,0.0,0.0,0.0,0.0,1.0,3.0,0.0,0.0,0.0,0.0,0.0,0.0,0.0,0.0,0.30,0.3
2024,15,MCM,RB,Patrick Taylor,SF,LAR,17,0.0,0.0,0.0,0.0,0.0,0.0,0.0,0.0,0.0,0.0,0.0,0.0,0.0,0.0,0.0,0.00,0.0
2024,15,MCM,RB,Christian McCaffrey,SF,LAR,17,0.0,0.0,0.0,0.0,0.0,0.0,0.0,0.0,0.0,0.0,0.0,0.0,0.0,0.0,0.0,-,0.0
2024,15,MCM,RB,Zack Moss,CIN,@TEN,15,0.0,0.0,0.0,0.0,0.0,0.0,0.0,0.0,0.0,0.0,0.0,0.0,0.0,0.0,0.0,-,0.0
2024,15,MCM,QB,Derek Carr,NO,WAS,14,0.0,0.0,0.0,0.0,0.0,0.0,0.0,0.0,0.0,0.0,0.0,0.0,0.0,0.0,0.0,-,0.0
2024,15,MCM,DST,Vikings,MIN,CHI,21,,,,,,,,,,,,,,,,10.00,10.0
2024,15,MWM,QB,Aaron Rodgers,NYJ,@JAC,32,16.0,30.0,289.0,3.0,0.0,6.0,45.0,0.0,3.0,0.0,0.0,0.0,0.0,0.0,0.0,33.06,33.06
2024,15,MWM,RB,Jerome Ford,CLE,KC,1,0.0,0.0,0.0,0.0,0.0,7.0,84.0,1.0,2.0,2.0,2.0,20.0,0.0,1.0,0.0,19.40,19.4
2024,15,MWM,QB,Matthew Stafford,LAR,@SF,8,16.0,27.0,160.0,0.0,0.0,4.0,18.0,0.0,3.0,0.0,0.0,0.0,0.0,0.0,0.0,11.20,11.2
2024,15,MWM,TE,George Kittle,SF,LAR,23,0.0,0.0,0.0,0.0,0.0,0.0,0.0,0.0,0.0,7.0,4.0,61.0,0.0,3.0,0.0,9.10,9.1
2024,15,MWM,WR,Jakobi Meyers,LV,ATL,29,0.0,0.0,0.0,0.0,0.0,0.0,0.0,0.0,0.0,9.0,5.0,59.0,0.0,3.0,0.0,8.90,8.9
2024,15,MWM,RB,Tank Bigsby,JAC,NYJ,13,0.0,0.0,0.0,0.0,0.0,11.0,42.0,0.0,3.0,1.0,0.0,0.0,0.0,0.0,0.0,7.20,7.2
2024,15,MWM,WR,Kendrick Bourne,NE,@ARI,13,0.0,0.0,0.0,0.0,0.0,0.0,0.0,0.0,0.0,3.0,3.0,44.0,0.0,1.0,0.0,5.40,5.4
2024,15,MWM,WR,Tyler Lockett,SEA,GB,9,0.0,0.0,0.0,0.0,0.0,0.0,0.0,0.0,0.0,1.0,1.0,22.0,0.0,1.0,0.0,3.20,3.2
2024,15,MWM,RB,Najee Harris,PIT,@PHI,3,0.0,0.0,0.0,0.0,0.0,6.0,14.0,0.0,1.0,1.0,1.0,7.0,0.0,0.0,0.0,3.10,3.1
2024,15,MWM,RB,Nick Chubb,CLE,KC,1,0.0,0.0,0.0,0.0,0.0,9.0,41.0,0.0,1.0,1.0,0.0,0.0,0.0,0.0,1.0,3.10,3.1
2024,15,MWM,QB,Tommy DeVito,NYG,BAL,27,10.0,13.0,68.0,0.0,0.0,1.0,0.0,0.0,0.0,0.0,0.0,0.0,0.0,0.0,0.0,2.72,2.72
2024,15,MWM,TE,Cole Kmet,CHI,@MIN,9,0.0,0.0,0.0,0.0,0.0,0.0,0.0,0.0,0.0,1.0,1.0,14.0,0.0,1.0,0.0,2.40,2.4
2024,15,MWM,WR,DJ Chark,LAC,TB,23,0.0,0.0,0.0,0.0,0.0,0.0,0.0,0.0,0.0,2.0,2.0,16.0,0.0,0.0,0.0,1.60,1.6
2024,15,MWM,WR,Jaylen Waddle,MIA,@HOU,27,0.0,0.0,0.0,0.0,0.0,0.0,0.0,0.0,0.0,2.0,0.0,0.0,0.0,0.0,0.0,0.00,0.0
2024,15,MWM,WR,Devaughn Vele,DEN,IND,10,0.0,0.0,0.0,0.0,0.0,0.0,0.0,0.0,0.0,1.0,0.0,0.0,0.0,0.0,0.0,0.00,0.0
2024,15,MWM,RB,Austin Ekeler,WAS,@NO,23,0.0,0.0,0.0,0.0,0.0,0.0,0.0,0.0,0.0,0.0,0.0,0.0,0.0,0.0,0.0,-,0.0
2024,15,MWM,WR,Darnell Mooney,ATL,@LV,11,0.0,0.0,0.0,0.0,0.0,0.0,0.0,0.0,0.0,1.0,0.0,0.0,0.0,0.0,0.0,0.00,0.0
2024,15,MWM,WR,Stefon Diggs,HOU,MIA,3,0.0,0.0,0.0,0.0,0.0,0.0,0.0,0.0,0.0,0.0,0.0,0.0,0.0,0.0,0.0,-,0.0
2024,15,MWM,DST,Dolphins,MIA,@HOU,14,7.0,7.0,,,,,,,,,,,,,,,
2024,15,MWM,DST,Bills,BUF,@DET,3,,,,,,,,,,,,,,,,1.00,1.0
2024,15,NN,QB,Cooper Rush,DAL,@CAR,28,18.0,29.0,214.0,3.0,0.0,4.0,5.0,0.0,0.0,0.0,0.0,0.0,0.0,0.0,1.0,19.06,19.06
2024,15,NN,WR,Xavier Worthy,KC,@CLE,28,0.0,0.0,0.0,0.0,0.0,3.0,30.0,1.0,2.0,11.0,6.0,46.0,0.0,2.0,0.0,17.60,17.6
2024,15,NN,WR,Malik Nabers,NYG,BAL,31,0.0,0.0,0.0,0.0,0.0,0.0,0.0,0.0,0.0,14.0,10.0,82.0,1.0,3.0,0.0,17.20,17.2
2024,15,NN,QB,Joe Burrow,CIN,@TEN,20,26.0,37.0,271.0,3.0,2.0,0.0,0.0,0.0,0.0,0.0,0.0,0.0,0.0,0.0,1.0,16.84,16.84
2024,15,NN,RB,Justice Hill,BAL,@NYG,29,0.0,0.0,0.0,0.0,0.0,2.0,7.0,0.0,1.0,5.0,5.0,61.0,1.0,3.0,0.0,16.80,16.8
2024,15,NN,WR,Justin Jefferson,MIN,CHI,5,0.0,0.0,0.0,0.0,0.0,0.0,0.0,0.0,0.0,13.0,7.0,73.0,1.0,3.0,0.0,16.30,16.3
2024,15,NN,RB,Zach Charbonnet,SEA,GB,16,0.0,0.0,0.0,0.0,0.0,8.0,54.0,1.0,3.0,4.0,1.0,12.0,0.0,0.0,0.0,15.60,15.6
2024,15,NN,RB,Breece Hall,NYJ,@JAC,30,0.0,0.0,0.0,0.0,0.0,9.0,30.0,1.0,3.0,2.0,2.0,21.0,0.0,0.0,0.0,14.10,14.1
2024,15,NN,RB,Derrick Henry,BAL,@NYG,29,0.0,0.0,0.0,0.0,0.0,14.0,67.0,0.0,5.0,0.0,0.0,0.0,0.0,0.0,0.0,11.70,11.7
2024,15,NN,TE,Pat Freiermuth,PIT,@PHI,11,0.0,0.0,0.0,0.0,0.0,0.0,0.0,0.0,0.0,6.0,3.0,22.0,1.0,2.0,0.0,10.20,10.2
2024,15,NN,WR,Keon Coleman,BUF,@DET,25,0.0,0.0,0.0,0.0,0.0,0.0,0.0,0.0,0.0,2.0,1.0,64.0,0.0,1.0,0.0,7.40,7.4
2024,15,NN,RB,Tyler Allgeier,ATL,@LV,18,0.0,0.0,0.0,0.0,0.0,12.0,43.0,0.0,2.0,0.0,0.0,0.0,0.0,0.0,0.0,6.30,6.3
2024,15,NN,RB,Isaiah Davis,NYJ,@JAC,30,0.0,0.0,0.0,0.0,0.0,5.0,24.0,0.0,1.0,1.0,1.0,2.0,0.0,0.0,0.0,3.60,3.6
2024,15,NN,WR,Troy Franklin,DEN,IND,10,0.0,0.0,0.0,0.0,0.0,0.0,0.0,0.0,0.0,5.0,2.0,9.0,0.0,0.0,0.0,0.90,0.9
2024,15,NN,RB,Braelon Allen,NYJ,@JAC,30,0.0,0.0,0.0,0.0,0.0,2.0,5.0,0.0,0.0,0.0,0.0,0.0,0.0,0.0,0.0,0.50,0.5
2024,15,NN,WR,Amari Cooper,BUF,@DET,25,0.0,0.0,0.0,0.0,0.0,0.0,0.0,0.0,0.0,0.0,0.0,0.0,0.0,0.0,0.0,0.00,0.0
2024,15,NN,QB,Dak Prescott,DAL,@CAR,28,0.0,0.0,0.0,0.0,0.0,0.0,0.0,0.0,0.0,0.0,0.0,0.0,0.0,0.0,0.0,-,0.0
2024,15,NN,QB,Aidan O'Connell,LV,ATL,26,0.0,0.0,0.0,0.0,0.0,0.0,0.0,0.0,0.0,0.0,0.0,0.0,0.0,0.0,0.0,-,0.0
2024,15,NN,TE,Evan Engram,JAC,NYJ,7,0.0,0.0,0.0,0.0,0.0,0.0,0.0,0.0,0.0,0.0,0.0,0.0,0.0,0.0,0.0,-,0.0
2024,15,NN,DST,Packers,GB,@SEA,29,,,,,,,,,,,,,,,,17.00,17.0
2024,15,VD,QB,Baker Mayfield,TB,@LAC,16,22.0,27.0,288.0,4.0,1.0,2.0,25.0,0.0,1.0,0.0,0.0,0.0,0.0,0.0,0.0,29.02,29.02
2024,15,VD,RB,Tyjae Spears,TEN,CIN,20,0.0,0.0,0.0,0.0,0.0,4.0,5.0,1.0,1.0,7.0,6.0,87.0,1.0,3.0,0.0,25.20,25.2
2024,15,VD,RB,Bijan Robinson,ATL,@LV,18,0.0,0.0,0.0,0.0,0.0,22.0,125.0,0.0,5.0,2.0,1.0,10.0,0.0,1.0,0.0,19.50,19.5
2024,15,VD,WR,Ladd McConkey,LAC,TB,23,0.0,0.0,0.0,0.0,0.0,0.0,0.0,0.0,0.0,7.0,5.0,58.0,1.0,4.0,0.0,15.80,15.8
2024,15,VD,QB,Anthony Richardson,IND,@DEN,5,17.0,38.0,172.0,0.0,2.0,7.0,46.0,1.0,2.0,1.0,1.0,-1.0,0.0,0.0,0.0,15.48,15.48
2024,15,VD,RB,Bucky Irving,TB,@LAC,6,0.0,0.0,0.0,0.0,0.0,15.0,117.0,0.0,3.0,2.0,2.0,-4.0,0.0,0.0,0.0,14.70,14.7
2024,15,VD,QB,Bryce Young,CAR,DAL,29,19.0,28.0,219.0,1.0,2.0,3.0,12.0,1.0,1.0,0.0,0.0,0.0,0.0,0.0,2.0,12.96,12.96
2024,15,VD,WR,Adam Thielen,CAR,DAL,22,0.0,0.0,0.0,0.0,0.0,0.0,0.0,0.0,0.0,7.0,5.0,51.0,0.0,1.0,0.0,6.10,6.1
2024,15,VD,WR,Rome Odunze,CHI,@MIN,32,0.0,0.0,0.0,0.0,0.0,0.0,0.0,0.0,0.0,7.0,2.0,39.0,0.0,2.0,0.0,5.90,5.9
2024,15,VD,RB,Sincere McCormick,LV,ATL,9,0.0,0.0,0.0,0.0,0.0,7.0,8.0,0.0,1.0,2.0,2.0,17.0,0.0,1.0,0.0,4.50,4.5
2024,15,VD,WR,Marvin Harrison,ARI,NE,17,0.0,0.0,0.0,0.0,0.0,0.0,0.0,0.0,0.0,6.0,2.0,32.0,0.0,1.0,0.0,4.20,4.2
2024,15,VD,RB,Trey Benson,ARI,NE,26,0.0,0.0,0.0,0.0,0.0,5.0,22.0,0.0,2.0,0.0,0.0,0.0,0.0,0.0,0.0,4.20,4.2
2024,15,VD,TE,Kyle Pitts,ATL,@LV,29,0.0,0.0,0.0,0.0,0.0,0.0,0.0,0.0,0.0,4.0,4.0,28.0,0.0,1.0,0.0,3.80,3.8
2024,15,VD,RB,Javonte Williams,DEN,IND,24,0.0,0.0,0.0,0.0,0.0,6.0,15.0,0.0,0.0,3.0,2.0,8.0,0.0,0.0,0.0,2.30,2.3
2024,15,VD,QB,Justin Fields,PIT,@PHI,7,0.0,0.0,0.0,0.0,0.0,1.0,8.0,0.0,0.0,0.0,0.0,0.0,0.0,0.0,0.0,0.80,0.8
2024,15,VD,RB,Jerick McKinnon Dead Cap,KC,0,0,0.0,0.0,0.0,0.0,0.0,0.0,0.0,0.0,0.0,0.0,0.0,0.0,0.0,0.0,0.0,-,0.0
2024,15,VD,WR,Cedric Tillman,CLE,KC,12,0.0,0.0,0.0,0.0,0.0,0.0,0.0,0.0,0.0,0.0,0.0,0.0,0.0,0.0,0.0,-,0.0
2024,15,VD,WR,Chris Godwin,TB,@LAC,19,0.0,0.0,0.0,0.0,0.0,0.0,0.0,0.0,0.0,0.0,0.0,0.0,0.0,0.0,0.0,-,0.0
2024,15,VD,QB,Jameis Winston,CLE,KC,15,16.0,25.0,146.0,0.0,3.0,2.0,-2.0,0.0,0.0,0.0,0.0,0.0,0.0,0.0,0.0,-0.16,-0.16
2024,15,VD,QB,Will Levis,TEN,CIN,30,8.0,12.0,89.0,0.0,3.0,2.0,0.0,0.0,1.0,0.0,0.0,0.0,0.0,0.0,1.0,-3.44,-3.44
2024,15,VD,DST,Cardinals,ARI,NE,23,,,,,,,,,,,,,,,,7.00,7.0
2024,15,WLW,QB,Jared Goff,DET,BUF,9,38.0,59.0,494.0,5.0,0.0,2.0,13.0,0.0,1.0,0.0,0.0,0.0,0.0,0.0,0.0,42.06,42.06
2024,15,WLW,QB,Lamar Jackson,BAL,@NYG,25,21.0,25.0,290.0,5.0,0.0,6.0,65.0,0.0,4.0,0.0,0.0,0.0,0.0,0.0,1.0,40.10,40.1
2024,15,WLW,RB,Chase Brown,CIN,@TEN,15,0.0,0.0,0.0,0.0,0.0,25.0,97.0,1.0,9.0,3.0,3.0,16.0,1.0,1.0,0.0,33.30,33.3
2024,15,WLW,WR,Mike Evans,TB,@LAC,19,0.0,0.0,0.0,0.0,0.0,0.0,0.0,0.0,0.0,11.0,9.0,159.0,2.0,5.0,0.0,32.90,32.9
2024,15,WLW,WR,CeeDee Lamb,DAL,@CAR,18,0.0,0.0,0.0,0.0,0.0,0.0,0.0,0.0,0.0,13.0,9.0,116.0,1.0,6.0,0.0,23.60,23.6
2024,15,WLW,WR,Rashod Bateman,BAL,@NYG,8,0.0,0.0,0.0,0.0,0.0,0.0,0.0,0.0,0.0,5.0,3.0,80.0,2.0,3.0,0.0,23.00,23.0
2024,15,WLW,RB,Rico Dowdle,DAL,@CAR,32,0.0,0.0,0.0,0.0,0.0,25.0,149.0,0.0,7.0,0.0,0.0,0.0,0.0,0.0,0.0,21.90,21.9
2024,15,WLW,TE,Sam LaPorta,DET,BUF,5,0.0,0.0,0.0,0.0,0.0,0.0,0.0,0.0,0.0,10.0,7.0,111.0,0.0,7.0,0.0,18.10,18.1
2024,15,WLW,RB,Kyren Williams,LAR,@SF,21,0.0,0.0,0.0,0.0,0.0,29.0,108.0,0.0,5.0,2.0,2.0,4.0,0.0,0.0,0.0,16.20,16.2
2024,15,WLW,WR,Nico Collins,HOU,MIA,3,0.0,0.0,0.0,0.0,0.0,0.0,0.0,0.0,0.0,6.0,4.0,17.0,2.0,2.0,0.0,15.70,15.7
2024,15,WLW,QB,CJ Stroud,HOU,MIA,1,18.0,26.0,131.0,2.0,0.0,6.0,4.0,0.0,1.0,0.0,0.0,0.0,0.0,0.0,1.0,12.64,12.64
2024,15,WLW,RB,Devin Singletary,NYG,BAL,5,0.0,0.0,0.0,0.0,0.0,8.0,25.0,1.0,1.0,3.0,3.0,16.0,0.0,0.0,0.0,11.10,11.1
2024,15,WLW,RB,Chuba Hubbard,CAR,DAL,27,0.0,0.0,0.0,0.0,0.0,10.0,32.0,0.0,2.0,4.0,4.0,17.0,0.0,3.0,0.0,9.90,9.9
2024,15,WLW,TE,Dawson Knox,BUF,@DET,1,0.0,0.0,0.0,0.0,0.0,0.0,0.0,0.0,0.0,3.0,2.0,42.0,0.0,1.0,0.0,5.20,5.2
2024,15,WLW,TE,Erick All,CIN,@TEN,10,0.0,0.0,0.0,0.0,0.0,0.0,0.0,0.0,0.0,0.0,0.0,0.0,0.0,0.0,0.0,-,0.0
2024,15,WLW,WR,Diontae Johnson,BAL,@NYG,8,0.0,0.0,0.0,0.0,0.0,0.0,0.0,0.0,0.0,0.0,0.0,0.0,0.0,0.0,0.0,-,0.0
2024,15,WLW,WR,Alec Pierce,IND,@DEN,6,0.0,0.0,0.0,0.0,0.0,0.0,0.0,0.0,0.0,4.0,0.0,0.0,0.0,0.0,0.0,0.00,0.0
2024,15,WLW,WR,Christian Kirk,JAC,NYJ,7,0.0,0.0,0.0,0.0,0.0,0.0,0.0,0.0,0.0,0.0,0.0,0.0,0.0,0.0,0.0,-,0.0
2024,15,WLW,WR,Cooper Kupp,LAR,@SF,4,0.0,0.0,0.0,0.0,0.0,0.0,0.0,0.0,0.0,3.0,0.0,0.0,0.0,0.0,0.0,0.00,0.0
2024,15,WLW,DST,Broncos,DEN,IND,25,24.0,24.0,,,,,,,,,,,,,,,
2024,15,WLW,DST,Saints,NO,WAS,4,,,,,,,,,,,,,,,,9.00,9.0
2024,16,AFL,QB,Jayden Daniels,WAS,PHI,8,24.0,39.0,258.0,5.0,2.0,9.0,81.0,0.0,4.0,0.0,0.0,0.0,0.0,0.0,0.0,38.42,38.42
2024,16,AFL,RB,Jahmyr Gibbs,DET,@CHI,29,0.0,0.0,0.0,0.0,0.0,23.0,109.0,1.0,8.0,5.0,4.0,45.0,0.0,2.0,0.0,31.40,31.4
2024,16,AFL,QB,Kyler Murray,ARI,@CAR,29,20.0,32.0,202.0,1.0,1.0,8.0,63.0,1.0,4.0,0.0,0.0,0.0,0.0,0.0,1.0,24.38,24.38
2024,16,AFL,WR,AJ Brown,PHI,@WAS,11,0.0,0.0,0.0,0.0,0.0,0.0,0.0,0.0,0.0,15.0,8.0,97.0,1.0,4.0,0.0,19.70,19.7
2024,16,AFL,TE,Brock Bowers,LV,JAC,27,0.0,0.0,0.0,0.0,0.0,0.0,0.0,0.0,0.0,13.0,11.0,99.0,0.0,6.0,0.0,15.90,15.9
2024,16,AFL,QB,Russell Wilson,PIT,@BAL,25,22.0,33.0,217.0,2.0,1.0,3.0,27.0,0.0,0.0,0.0,0.0,0.0,0.0,0.0,1.0,15.38,15.38
2024,16,AFL,QB,Mason Rudolph,TEN,@IND,24,23.0,34.0,252.0,2.0,3.0,4.0,3.0,0.0,1.0,0.0,0.0,0.0,0.0,0.0,0.0,15.38,15.38
2024,16,AFL,WR,Zay Flowers,BAL,PIT,14,0.0,0.0,0.0,0.0,0.0,1.0,3.0,0.0,0.0,8.0,5.0,100.0,0.0,5.0,0.0,15.30,15.3
2024,16,AFL,WR,Tee Higgins,CIN,CLE,29,0.0,0.0,0.0,0.0,0.0,0.0,0.0,0.0,0.0,11.0,8.0,58.0,1.0,2.0,0.0,13.80,13.8
2024,16,AFL,RB,Alexander Mattison,LV,JAC,30,0.0,0.0,0.0,0.0,0.0,12.0,27.0,1.0,1.0,7.0,4.0,29.0,0.0,1.0,0.0,13.60,13.6
2024,16,AFL,WR,Josh Palmer,LAC,DEN,15,0.0,0.0,0.0,0.0,0.0,0.0,0.0,0.0,0.0,6.0,3.0,41.0,0.0,2.0,0.0,8.10,8.1
2024,16,AFL,RB,Rachaad White,TB,@DAL,25,0.0,0.0,0.0,0.0,0.0,3.0,10.0,0.0,2.0,8.0,7.0,50.0,0.0,1.0,1.0,7.00,7.0
2024,16,AFL,RB,D'Andre Swift,CHI,DET,5,0.0,0.0,0.0,0.0,0.0,9.0,20.0,0.0,1.0,3.0,3.0,33.0,0.0,0.0,0.0,6.30,6.3
2024,16,AFL,TE,Travis Kelce,KC,HOU,10,0.0,0.0,0.0,0.0,0.0,0.0,0.0,0.0,0.0,7.0,5.0,30.0,0.0,2.0,0.0,5.00,5.0
2024,16,AFL,WR,Adonai Mitchell,IND,TEN,1,0.0,0.0,0.0,0.0,0.0,0.0,0.0,0.0,0.0,1.0,1.0,36.0,0.0,1.0,0.0,4.60,4.6
2024,16,AFL,WR,Allen Lazard,NYJ,LAR,22,0.0,0.0,0.0,0.0,0.0,0.0,0.0,0.0,0.0,5.0,2.0,20.0,0.0,1.0,0.0,3.00,3.0
2024,16,AFL,WR,Chris Olave,NO,@GB,6,0.0,0.0,0.0,0.0,0.0,0.0,0.0,0.0,0.0,0.0,0.0,0.0,0.0,0.0,0.0,-,0.0
2024,16,AFL,WR,Marquez Valdes-Scantling,NO,@GB,6,0.0,0.0,0.0,0.0,0.0,0.0,0.0,0.0,0.0,0.0,0.0,0.0,0.0,0.0,0.0,-,0.0
2024,16,AFL,DST,Cowboys,DAL,TB,11,10.0,10.0,,,,,,,,,,,,,,,
2024,16,AFL,DST,Chiefs,KC,HOU,19,,,,,,,,,,,,,,,,9.00,9.0
2024,16,CC,RB,James Cook,BUF,NE,26,0.0,0.0,0.0,0.0,0.0,11.0,100.0,1.0,3.0,3.0,3.0,26.0,1.0,3.0,0.0,30.60,30.6
2024,16,CC,WR,Deebo Samuel,SF,@MIA,2,0.0,0.0,0.0,0.0,0.0,5.0,25.0,0.0,1.0,9.0,7.0,96.0,1.0,5.0,0.0,24.10,24.1
2024,16,CC,WR,Brian Thomas,JAC,@LV,4,0.0,0.0,0.0,0.0,0.0,0.0,0.0,0.0,0.0,13.0,9.0,132.0,1.0,4.0,0.0,23.20,23.2
2024,16,CC,QB,Brock Purdy,SF,@MIA,1,26.0,40.0,313.0,2.0,1.0,4.0,26.0,0.0,2.0,0.0,0.0,0.0,0.0,0.0,0.0,23.12,23.12
2024,16,CC,QB,Drake Maye,NE,@BUF,6,22.0,36.0,261.0,2.0,1.0,6.0,30.0,0.0,3.0,0.0,0.0,0.0,0.0,0.0,1.0,20.44,20.44
2024,16,CC,WR,Amon-Ra St Brown,DET,@CHI,3,0.0,0.0,0.0,0.0,0.0,0.0,0.0,0.0,0.0,8.0,6.0,70.0,1.0,4.0,0.0,17.00,17.0
2024,16,CC,WR,DK Metcalf,SEA,MIN,32,0.0,0.0,0.0,0.0,0.0,0.0,0.0,0.0,0.0,7.0,3.0,57.0,1.0,2.0,0.0,13.70,13.7
2024,16,CC,WR,Ricky Pearsall,SF,@MIA,2,0.0,0.0,0.0,0.0,0.0,0.0,0.0,0.0,0.0,4.0,4.0,37.0,0.0,2.0,0.0,5.70,5.7
2024,16,CC,TE,Trey McBride,ARI,@CAR,32,0.0,0.0,0.0,0.0,0.0,0.0,0.0,0.0,0.0,4.0,3.0,20.0,0.0,2.0,0.0,4.00,4.0
2024,16,CC,WR,Quentin Johnston,LAC,DEN,15,0.0,0.0,0.0,0.0,0.0,0.0,0.0,0.0,0.0,6.0,3.0,18.0,0.0,1.0,0.0,2.80,2.8
2024,16,CC,TE,Zach Ertz,WAS,PHI,5,0.0,0.0,0.0,0.0,0.0,0.0,0.0,0.0,0.0,2.0,1.0,12.0,0.0,1.0,0.0,2.20,2.2
2024,16,CC,RB,David Montgomery,DET,@CHI,29,0.0,0.0,0.0,0.0,0.0,0.0,0.0,0.0,0.0,0.0,0.0,0.0,0.0,0.0,0.0,-,0.0
2024,16,CC,RB,Jonathon Brooks,CAR,ARI,23,0.0,0.0,0.0,0.0,0.0,0.0,0.0,0.0,0.0,0.0,0.0,0.0,0.0,0.0,0.0,-,0.0
2024,16,CC,WR,Ja'Lynn Polk,NE,@BUF,17,0.0,0.0,0.0,0.0,0.0,0.0,0.0,0.0,0.0,0.0,0.0,0.0,0.0,0.0,0.0,0.00,0.0
2024,16,CC,WR,Javon Baker,NE,@BUF,17,0.0,0.0,0.0,0.0,0.0,0.0,0.0,0.0,0.0,1.0,0.0,0.0,0.0,0.0,0.0,0.00,0.0
2024,16,CC,WR,Malachi Corley,NYJ,LAR,22,0.0,0.0,0.0,0.0,0.0,0.0,0.0,0.0,0.0,0.0,0.0,0.0,0.0,0.0,0.0,-,0.0
2024,16,CC,WR,George Pickens,PIT,@BAL,31,0.0,0.0,0.0,0.0,0.0,0.0,0.0,0.0,0.0,0.0,0.0,0.0,0.0,0.0,0.0,-,0.0
2024,16,CC,RB,Antonio Gibson Dead Cap,NE,0,0,0.0,0.0,0.0,0.0,0.0,0.0,0.0,0.0,0.0,0.0,0.0,0.0,0.0,0.0,0.0,-,0.0
2024,16,CC,QB,Daniel Jones,MIN,@SEA,10,0.0,0.0,0.0,0.0,0.0,0.0,0.0,0.0,0.0,0.0,0.0,0.0,0.0,0.0,0.0,-,0.0
2024,16,CC,DST,Jets,NYJ,LAR,9,,,,,,,,,,,,,,,,4.00,4.0
2024,16,CRB,RB,Jonathan Taylor,IND,TEN,21,0.0,0.0,0.0,0.0,0.0,29.0,218.0,3.0,6.0,0.0,0.0,0.0,0.0,0.0,0.0,45.80,45.8
2024,16,CRB,RB,De'Von Achane,MIA,SF,24,0.0,0.0,0.0,0.0,0.0,17.0,120.0,1.0,3.0,7.0,6.0,70.0,0.0,4.0,0.0,32.00,32.0
2024,16,CRB,WR,Keenan Allen,CHI,DET,30,0.0,0.0,0.0,0.0,0.0,0.0,0.0,0.0,0.0,13.0,9.0,141.0,1.0,7.0,0.0,27.10,27.1
2024,16,CRB,RB,Josh Jacobs,GB,NO,28,0.0,0.0,0.0,0.0,0.0,13.0,69.0,1.0,5.0,4.0,4.0,38.0,0.0,2.0,0.0,23.70,23.7
2024,16,CRB,QB,Bo Nix,DEN,@LAC,14,29.0,40.0,263.0,2.0,0.0,3.0,25.0,0.0,2.0,0.0,0.0,0.0,0.0,0.0,0.0,23.02,23.02
2024,16,CRB,WR,Davante Adams,NYJ,LAR,22,0.0,0.0,0.0,0.0,0.0,0.0,0.0,0.0,0.0,13.0,7.0,68.0,1.0,5.0,0.0,17.80,17.8
2024,16,CRB,WR,Jalen McMillan,TB,@DAL,24,0.0,0.0,0.0,0.0,0.0,0.0,0.0,0.0,0.0,7.0,5.0,57.0,1.0,4.0,0.0,15.70,15.7
2024,16,CRB,TE,Isaiah Likely,BAL,PIT,21,0.0,0.0,0.0,0.0,0.0,0.0,0.0,0.0,0.0,3.0,3.0,29.0,1.0,2.0,0.0,10.90,10.9
2024,16,CRB,WR,DeVonta Smith,PHI,@WAS,11,0.0,0.0,0.0,0.0,0.0,0.0,0.0,0.0,0.0,8.0,6.0,51.0,0.0,5.0,0.0,10.10,10.1
2024,16,CRB,WR,Courtland Sutton,DEN,@LAC,16,0.0,0.0,0.0,0.0,0.0,0.0,0.0,0.0,0.0,6.0,5.0,50.0,0.0,3.0,0.0,8.00,8.0
2024,16,CRB,QB,Jalen Hurts,PHI,@WAS,9,1.0,4.0,11.0,0.0,0.0,3.0,41.0,0.0,1.0,0.0,0.0,0.0,0.0,0.0,0.0,5.54,5.54
2024,16,CRB,RB,Antonio Gibson,NE,@BUF,27,0.0,0.0,0.0,0.0,0.0,10.0,28.0,0.0,1.0,2.0,2.0,8.0,0.0,0.0,0.0,4.60,4.6
2024,16,CRB,WR,Mike Williams,PIT,@BAL,31,0.0,0.0,0.0,0.0,0.0,0.0,0.0,0.0,0.0,3.0,3.0,24.0,0.0,2.0,0.0,4.40,4.4
2024,16,CRB,WR,Elijah Moore,CLE,@CIN,19,0.0,0.0,0.0,0.0,0.0,0.0,0.0,0.0,0.0,5.0,2.0,21.0,0.0,1.0,0.0,3.10,3.1
2024,16,CRB,WR,Romeo Doubs,GB,NO,26,0.0,0.0,0.0,0.0,0.0,0.0,0.0,0.0,0.0,3.0,2.0,20.0,0.0,1.0,0.0,3.00,3.0
2024,16,CRB,WR,Luke McCaffrey,WAS,PHI,8,0.0,0.0,0.0,0.0,0.0,0.0,0.0,0.0,0.0,3.0,1.0,13.0,0.0,1.0,0.0,2.30,2.3
2024,16,CRB,RB,Chris Rodriguez,WAS,PHI,2,0.0,0.0,0.0,0.0,0.0,3.0,5.0,0.0,0.0,0.0,0.0,0.0,0.0,0.0,0.0,0.50,0.5
2024,16,CRB,DST,Eagles,PHI,@WAS,6,10.0,10.0,,,,,,,,,,,,,,,
2024,16,CRB,DST,Commanders,WAS,PHI,10,,,,,,,,,,,,,,,,8.00,8.0
2024,16,ELP,WR,Jameson Williams,DET,@CHI,3,0.0,0.0,0.0,0.0,0.0,1.0,7.0,0.0,0.0,7.0,5.0,143.0,1.0,5.0,0.0,26.00,26.0
2024,16,ELP,QB,Patrick Mahomes,KC,HOU,18,28.0,41.0,260.0,1.0,0.0,5.0,33.0,1.0,1.0,0.0,0.0,0.0,0.0,0.0,0.0,24.70,24.7
2024,16,ELP,RB,Tyrone Tracy,NYG,@ATL,10,0.0,0.0,0.0,0.0,0.0,7.0,26.0,0.0,3.0,4.0,4.0,43.0,1.0,3.0,0.0,18.90,18.9
2024,16,ELP,TE,Hunter Henry,NE,@BUF,16,0.0,0.0,0.0,0.0,0.0,0.0,0.0,0.0,0.0,8.0,4.0,39.0,1.0,4.0,0.0,13.90,13.9
2024,16,ELP,QB,Mac Jones,JAC,@LV,16,25.0,39.0,247.0,1.0,0.0,0.0,0.0,0.0,0.0,0.0,0.0,0.0,0.0,0.0,0.0,13.88,13.88
2024,16,ELP,TE,Mark Andrews,BAL,PIT,21,0.0,0.0,0.0,0.0,0.0,1.0,1.0,0.0,1.0,6.0,4.0,37.0,1.0,3.0,0.0,13.80,13.8
2024,16,ELP,WR,Tyreek Hill,MIA,SF,5,0.0,0.0,0.0,0.0,0.0,0.0,0.0,0.0,0.0,7.0,3.0,29.0,1.0,3.0,0.0,11.90,11.9
2024,16,ELP,RB,Audric Estime,DEN,@LAC,8,0.0,0.0,0.0,0.0,0.0,9.0,48.0,1.0,1.0,0.0,0.0,0.0,0.0,0.0,0.0,11.80,11.8
2024,16,ELP,WR,Jayden Reed,GB,NO,26,0.0,0.0,0.0,0.0,0.0,1.0,5.0,0.0,0.0,4.0,3.0,76.0,0.0,2.0,0.0,10.10,10.1
2024,16,ELP,RB,Kenneth Walker,SEA,MIN,3,0.0,0.0,0.0,0.0,0.0,8.0,31.0,0.0,2.0,8.0,8.0,28.0,0.0,1.0,0.0,8.90,8.9
2024,16,ELP,WR,DeAndre Hopkins,KC,HOU,23,0.0,0.0,0.0,0.0,0.0,0.0,0.0,0.0,0.0,4.0,4.0,37.0,0.0,3.0,0.0,6.70,6.7
2024,16,ELP,RB,Isiah Pacheco,KC,HOU,9,0.0,0.0,0.0,0.0,0.0,9.0,26.0,0.0,2.0,2.0,1.0,-1.0,0.0,0.0,0.0,4.60,4.6
2024,16,ELP,WR,Khalil Shakir,BUF,NE,18,0.0,0.0,0.0,0.0,0.0,0.0,0.0,0.0,0.0,6.0,2.0,22.0,0.0,1.0,0.0,3.20,3.2
2024,16,ELP,TE,Dalton Kincaid,BUF,NE,17,0.0,0.0,0.0,0.0,0.0,0.0,0.0,0.0,0.0,7.0,4.0,15.0,0.0,1.0,0.0,2.50,2.5
2024,16,ELP,RB,Jordan Mason,SF,@MIA,14,0.0,0.0,0.0,0.0,0.0,0.0,0.0,0.0,0.0,0.0,0.0,0.0,0.0,0.0,0.0,-,0.0
2024,16,ELP,WR,Brandon Aiyuk,SF,@MIA,2,0.0,0.0,0.0,0.0,0.0,0.0,0.0,0.0,0.0,0.0,0.0,0.0,0.0,0.0,0.0,-,0.0
2024,16,ELP,QB,Kirk Cousins,ATL,NYG,20,0.0,0.0,0.0,0.0,0.0,0.0,0.0,0.0,0.0,0.0,0.0,0.0,0.0,0.0,0.0,-,0.0
2024,16,ELP,WR,Roman Wilson,PIT,@BAL,31,0.0,0.0,0.0,0.0,0.0,0.0,0.0,0.0,0.0,0.0,0.0,0.0,0.0,0.0,0.0,-,0.0
2024,16,ELP,WR,Xavier Legette,CAR,ARI,10,0.0,0.0,0.0,0.0,0.0,0.0,0.0,0.0,0.0,0.0,0.0,0.0,0.0,0.0,0.0,-,0.0
2024,16,ELP,QB,Sam Howell,SEA,MIN,4,0.0,0.0,0.0,0.0,0.0,0.0,0.0,0.0,0.0,0.0,0.0,0.0,0.0,0.0,0.0,-,0.0
2024,16,ELP,DST,49ers,SF,@MIA,20,,,,,,,,,,,,,,,,-1.00,-1.0
2024,16,FRR,QB,Sam Darnold,MIN,@SEA,10,22.0,35.0,246.0,3.0,0.0,5.0,11.0,0.0,1.0,0.0,0.0,0.0,0.0,0.0,0.0,23.94,23.94
2024,16,FRR,WR,Ja'Marr Chase,CIN,CLE,29,0.0,0.0,0.0,0.0,0.0,1.0,7.0,0.0,0.0,8.0,6.0,97.0,1.0,6.0,0.0,22.40,22.4
2024,16,FRR,WR,Tank Dell,HOU,@KC,9,0.0,0.0,0.0,0.0,0.0,0.0,0.0,0.0,0.0,7.0,6.0,98.0,1.0,6.0,0.0,21.80,21.8
2024,16,FRR,WR,Terry McLaurin,WAS,PHI,8,0.0,0.0,0.0,0.0,0.0,0.0,0.0,0.0,0.0,6.0,5.0,60.0,1.0,4.0,0.0,16.00,16.0
2024,16,FRR,WR,Calvin Ridley,TEN,@IND,20,0.0,0.0,0.0,0.0,0.0,0.0,0.0,0.0,0.0,5.0,3.0,78.0,1.0,2.0,0.0,15.80,15.8
2024,16,FRR,RB,Rhamondre Stevenson,NE,@BUF,27,0.0,0.0,0.0,0.0,0.0,12.0,60.0,1.0,3.0,1.0,1.0,13.0,0.0,1.0,1.0,15.30,15.3
2024,16,FRR,QB,Josh Allen,BUF,NE,17,16.0,29.0,154.0,1.0,1.0,6.0,30.0,0.0,3.0,0.0,0.0,0.0,0.0,0.0,0.0,14.16,14.16
2024,16,FRR,QB,Dorian Thompson-Robinson,CLE,@CIN,28,20.0,34.0,157.0,0.0,2.0,9.0,49.0,0.0,3.0,0.0,0.0,0.0,0.0,0.0,0.0,10.18,10.18
2024,16,FRR,WR,Drake London,ATL,NYG,12,0.0,0.0,0.0,0.0,0.0,0.0,0.0,0.0,0.0,8.0,5.0,59.0,0.0,3.0,0.0,8.90,8.9
2024,16,FRR,RB,Tony Pollard,TEN,@IND,22,0.0,0.0,0.0,0.0,0.0,8.0,35.0,0.0,1.0,4.0,2.0,5.0,0.0,0.0,0.0,7.00,7.0
2024,16,FRR,QB,Drew Lock,NYG,@ATL,27,22.0,39.0,210.0,1.0,2.0,1.0,1.0,0.0,0.0,0.0,0.0,0.0,0.0,0.0,1.0,6.50,6.5
2024,16,FRR,RB,Kendre Miller,NO,@GB,17,0.0,0.0,0.0,0.0,0.0,8.0,15.0,0.0,2.0,2.0,2.0,16.0,0.0,1.0,0.0,6.10,6.1
2024,16,FRR,TE,TJ Hockenson,MIN,@SEA,13,0.0,0.0,0.0,0.0,0.0,0.0,0.0,0.0,0.0,5.0,2.0,27.0,0.0,2.0,0.0,4.70,4.7
2024,16,FRR,RB,Brian Robinson,WAS,PHI,2,0.0,0.0,0.0,0.0,0.0,10.0,24.0,0.0,2.0,3.0,2.0,17.0,0.0,1.0,2.0,3.10,3.1
2024,16,FRR,RB,Blake Corum,LAR,@NYJ,13,0.0,0.0,0.0,0.0,0.0,5.0,14.0,0.0,0.0,0.0,0.0,0.0,0.0,0.0,0.0,1.40,1.4
2024,16,FRR,RB,Cam Akers,MIN,@SEA,18,0.0,0.0,0.0,0.0,0.0,1.0,3.0,0.0,0.0,0.0,0.0,0.0,0.0,0.0,0.0,0.30,0.3
2024,16,FRR,RB,Sean Tucker,TB,@DAL,25,0.0,0.0,0.0,0.0,0.0,0.0,0.0,0.0,0.0,0.0,0.0,0.0,0.0,0.0,0.0,0.00,0.0
2024,16,FRR,DST,Steelers,PIT,@BAL,2,3.0,3.0,,,,,,,,,,,,,,,
2024,16,FRR,DST,Chargers,LAC,DEN,8,,,,,,,,,,,,,,,,2.00,2.0
2024,16,GF,RB,Gus Edwards,LAC,DEN,11,0.0,0.0,0.0,0.0,0.0,14.0,68.0,2.0,3.0,2.0,1.0,3.0,0.0,0.0,0.0,22.10,22.1
2024,16,GF,WR,Jaxon Smith-Njigba,SEA,MIN,32,0.0,0.0,0.0,0.0,0.0,1.0,5.0,0.0,0.0,12.0,8.0,95.0,1.0,5.0,0.0,21.00,21.0
2024,16,GF,RB,Aaron Jones,MIN,@SEA,18,0.0,0.0,0.0,0.0,0.0,18.0,67.0,0.0,4.0,5.0,3.0,26.0,0.0,1.0,0.0,14.30,14.3
2024,16,GF,QB,Jordan Love,GB,NO,11,16.0,28.0,182.0,1.0,0.0,1.0,2.0,0.0,1.0,0.0,0.0,0.0,0.0,0.0,0.0,12.48,12.48
2024,16,GF,WR,Jalen Tolbert,DAL,TB,25,0.0,0.0,0.0,0.0,0.0,0.0,0.0,0.0,0.0,3.0,2.0,20.0,1.0,2.0,0.0,10.00,10.0
2024,16,GF,WR,Dontayvion Wicks,GB,NO,26,0.0,0.0,0.0,0.0,0.0,0.0,0.0,0.0,0.0,7.0,3.0,13.0,1.0,2.0,0.0,9.30,9.3
2024,16,GF,RB,Ezekiel Elliott,DAL,TB,6,0.0,0.0,0.0,0.0,0.0,1.0,1.0,1.0,1.0,0.0,0.0,0.0,0.0,0.0,0.0,7.10,7.1
2024,16,GF,WR,Marquise Brown,KC,HOU,23,0.0,0.0,0.0,0.0,0.0,0.0,0.0,0.0,0.0,8.0,5.0,45.0,0.0,2.0,0.0,6.50,6.5
2024,16,GF,QB,Michael Penix,ATL,NYG,20,18.0,27.0,202.0,0.0,1.0,4.0,3.0,0.0,0.0,0.0,0.0,0.0,0.0,0.0,0.0,6.38,6.38
2024,16,GF,TE,Jake Ferguson,DAL,TB,25,0.0,0.0,0.0,0.0,0.0,0.0,0.0,0.0,0.0,9.0,6.0,40.0,0.0,1.0,0.0,5.00,5.0
2024,16,GF,WR,Michael Pittman,IND,TEN,1,0.0,0.0,0.0,0.0,0.0,0.0,0.0,0.0,0.0,3.0,2.0,19.0,0.0,2.0,0.0,3.90,3.9
2024,16,GF,WR,Christian Watson,GB,NO,26,0.0,0.0,0.0,0.0,0.0,2.0,23.0,0.0,1.0,1.0,0.0,0.0,0.0,0.0,0.0,3.30,3.3
2024,16,GF,WR,Demarcus Robinson,LAR,@NYJ,7,0.0,0.0,0.0,0.0,0.0,0.0,0.0,0.0,0.0,1.0,0.0,0.0,0.0,0.0,0.0,0.00,0.0
2024,16,GF,TE,Luke Musgrave,GB,NO,13,0.0,0.0,0.0,0.0,0.0,0.0,0.0,0.0,0.0,1.0,0.0,0.0,0.0,0.0,0.0,0.00,0.0
2024,16,GF,QB,JJ McCarthy,MIN,@SEA,10,0.0,0.0,0.0,0.0,0.0,0.0,0.0,0.0,0.0,0.0,0.0,0.0,0.0,0.0,0.0,-,0.0
2024,16,GF,QB,Trevor Lawrence,JAC,@LV,16,0.0,0.0,0.0,0.0,0.0,0.0,0.0,0.0,0.0,0.0,0.0,0.0,0.0,0.0,0.0,-,0.0
2024,16,GF,RB,JK Dobbins,LAC,DEN,11,0.0,0.0,0.0,0.0,0.0,0.0,0.0,0.0,0.0,0.0,0.0,0.0,0.0,0.0,0.0,-,0.0
2024,16,GF,RB,MarShawn Lloyd,GB,NO,28,0.0,0.0,0.0,0.0,0.0,0.0,0.0,0.0,0.0,0.0,0.0,0.0,0.0,0.0,0.0,-,0.0
2024,16,GF,DST,Bengals,CIN,CLE,31,,,,,,,,,,,,,,,,22.00,22.0
2024,16,MAM,RB,Saquon Barkley,PHI,@WAS,20,0.0,0.0,0.0,0.0,0.0,29.0,150.0,2.0,5.0,1.0,0.0,0.0,0.0,0.0,0.0,32.00,32.0
2024,16,MAM,RB,James Conner,ARI,@CAR,32,0.0,0.0,0.0,0.0,0.0,15.0,117.0,1.0,4.0,4.0,4.0,49.0,0.0,2.0,0.0,28.60,28.6
2024,16,MAM,QB,Caleb Williams,CHI,DET,26,26.0,40.0,334.0,2.0,0.0,6.0,34.0,0.0,1.0,0.0,0.0,0.0,0.0,0.0,1.0,23.76,23.76
2024,16,MAM,QB,Geno Smith,SEA,MIN,4,31.0,43.0,314.0,3.0,2.0,1.0,8.0,0.0,0.0,0.0,0.0,0.0,0.0,0.0,0.0,21.36,21.36
2024,16,MAM,RB,Jaylen Warren,PIT,@BAL,4,0.0,0.0,0.0,0.0,0.0,12.0,48.0,0.0,4.0,5.0,5.0,44.0,0.0,3.0,0.0,16.20,16.2
2024,16,MAM,WR,Josh Downs,IND,TEN,1,0.0,0.0,0.0,0.0,0.0,0.0,0.0,0.0,0.0,4.0,3.0,61.0,1.0,2.0,0.0,14.10,14.1
2024,16,MAM,QB,Tua Tagovailoa,MIA,SF,7,22.0,34.0,215.0,1.0,0.0,2.0,-1.0,0.0,0.0,0.0,0.0,0.0,0.0,0.0,0.0,12.60,12.6
2024,16,MAM,WR,DJ Moore,CHI,DET,30,0.0,0.0,0.0,0.0,0.0,1.0,2.0,0.0,0.0,10.0,7.0,68.0,0.0,4.0,0.0,11.00,11.0
2024,16,MAM,TE,Tucker Kraft,GB,NO,13,0.0,0.0,0.0,0.0,0.0,1.0,2.0,0.0,1.0,4.0,3.0,63.0,0.0,3.0,0.0,10.50,10.5
2024,16,MAM,TE,David Njoku,CLE,@CIN,30,0.0,0.0,0.0,0.0,0.0,0.0,0.0,0.0,0.0,10.0,8.0,66.0,0.0,3.0,0.0,9.60,9.6
2024,16,MAM,WR,Wan'Dale Robinson,NYG,@ATL,27,0.0,0.0,0.0,0.0,0.0,0.0,0.0,0.0,0.0,12.0,7.0,62.0,0.0,3.0,0.0,9.20,9.2
2024,16,MAM,TE,Jonnu Smith,MIA,SF,6,0.0,0.0,0.0,0.0,0.0,0.0,0.0,0.0,0.0,6.0,6.0,62.0,0.0,3.0,0.0,9.20,9.2
2024,16,MAM,WR,Garrett Wilson,NYJ,LAR,22,0.0,0.0,0.0,0.0,0.0,0.0,0.0,0.0,0.0,7.0,6.0,54.0,0.0,3.0,0.0,8.40,8.4
2024,16,MAM,WR,Jerry Jeudy,CLE,@CIN,19,0.0,0.0,0.0,0.0,0.0,0.0,0.0,0.0,0.0,3.0,2.0,20.0,0.0,1.0,0.0,3.00,3.0
2024,16,MAM,RB,Kenneth Gainwell,PHI,@WAS,20,0.0,0.0,0.0,0.0,0.0,4.0,7.0,0.0,0.0,1.0,1.0,6.0,0.0,0.0,0.0,1.30,1.3
2024,16,MAM,WR,Jalen Coker,CAR,ARI,10,0.0,0.0,0.0,0.0,0.0,0.0,0.0,0.0,0.0,5.0,2.0,8.0,0.0,0.0,0.0,0.80,0.8
2024,16,MAM,RB,Roschon Johnson,CHI,DET,5,0.0,0.0,0.0,0.0,0.0,1.0,3.0,0.0,0.0,0.0,0.0,0.0,0.0,0.0,0.0,0.30,0.3
2024,16,MAM,WR,Rashee Rice,KC,HOU,23,0.0,0.0,0.0,0.0,0.0,0.0,0.0,0.0,0.0,0.0,0.0,0.0,0.0,0.0,0.0,-,0.0
2024,16,MAM,WR,Rashid Shaheed,NO,@GB,6,0.0,0.0,0.0,0.0,0.0,0.0,0.0,0.0,0.0,0.0,0.0,0.0,0.0,0.0,0.0,-,0.0
2024,16,MAM,RB,Alvin Kamara,NO,@GB,17,0.0,0.0,0.0,0.0,0.0,0.0,0.0,0.0,0.0,0.0,0.0,0.0,0.0,0.0,0.0,-,0.0
2024,16,MAM,DST,Ravens,BAL,PIT,13,,,,,,,,,,,,,,,,16.00,16.0
2024,16,MCM,QB,Justin Herbert,LAC,DEN,13,23.0,31.0,284.0,2.0,1.0,8.0,28.0,0.0,3.0,0.0,0.0,0.0,0.0,0.0,0.0,25.16,25.16
2024,16,MCM,TE,Dalton Schultz,HOU,@KC,28,0.0,0.0,0.0,0.0,0.0,0.0,0.0,0.0,0.0,8.0,5.0,45.0,1.0,2.0,0.0,12.50,12.5
2024,16,MCM,RB,Joe Mixon,HOU,@KC,1,0.0,0.0,0.0,0.0,0.0,14.0,57.0,0.0,4.0,2.0,1.0,14.0,0.0,1.0,0.0,12.10,12.1
2024,16,MCM,WR,Jordan Addison,MIN,@SEA,13,0.0,0.0,0.0,0.0,0.0,0.0,0.0,0.0,0.0,8.0,5.0,35.0,1.0,2.0,0.0,11.50,11.5
2024,16,MCM,WR,Nick Westbrook-Ikhine,TEN,@IND,20,0.0,0.0,0.0,0.0,0.0,0.0,0.0,0.0,0.0,4.0,2.0,17.0,1.0,2.0,0.0,9.70,9.7
2024,16,MCM,WR,Puka Nacua,LAR,@NYJ,7,0.0,0.0,0.0,0.0,0.0,0.0,0.0,0.0,0.0,9.0,8.0,56.0,0.0,3.0,0.0,8.60,8.6
2024,16,MCM,WR,Jauan Jennings,SF,@MIA,2,0.0,0.0,0.0,0.0,0.0,0.0,0.0,0.0,0.0,6.0,4.0,51.0,0.0,3.0,0.0,8.10,8.1
2024,16,MCM,RB,Travis Etienne,JAC,@LV,16,0.0,0.0,0.0,0.0,0.0,9.0,22.0,0.0,1.0,3.0,2.0,15.0,0.0,1.0,0.0,5.70,5.7
2024,16,MCM,RB,Ray Davis,BUF,NE,26,0.0,0.0,0.0,0.0,0.0,5.0,12.0,0.0,1.0,1.0,1.0,17.0,0.0,1.0,0.0,4.90,4.9
2024,16,MCM,RB,Jeremy McNichols,WAS,PHI,2,0.0,0.0,0.0,0.0,0.0,2.0,3.0,0.0,1.0,4.0,4.0,15.0,0.0,0.0,0.0,4.80,4.8
2024,16,MCM,WR,Ray-Ray McCloud,ATL,NYG,12,0.0,0.0,0.0,0.0,0.0,1.0,8.0,0.0,0.0,4.0,3.0,19.0,0.0,1.0,0.0,3.70,3.7
2024,16,MCM,RB,Kimani Vidal,LAC,DEN,11,0.0,0.0,0.0,0.0,0.0,5.0,24.0,0.0,1.0,0.0,0.0,0.0,0.0,0.0,0.0,3.40,3.4
2024,16,MCM,RB,Patrick Taylor,SF,@MIA,14,0.0,0.0,0.0,0.0,0.0,8.0,24.0,0.0,0.0,5.0,1.0,1.0,0.0,0.0,0.0,2.50,2.5
2024,16,MCM,RB,Jaylen Wright,MIA,SF,24,0.0,0.0,0.0,0.0,0.0,0.0,0.0,0.0,0.0,0.0,0.0,0.0,0.0,0.0,0.0,-,0.0
2024,16,MCM,RB,Zack Moss,CIN,CLE,7,0.0,0.0,0.0,0.0,0.0,0.0,0.0,0.0,0.0,0.0,0.0,0.0,0.0,0.0,0.0,-,0.0
2024,16,MCM,RB,Christian McCaffrey,SF,@MIA,14,0.0,0.0,0.0,0.0,0.0,0.0,0.0,0.0,0.0,0.0,0.0,0.0,0.0,0.0,0.0,-,0.0
2024,16,MCM,QB,Derek Carr,NO,@GB,3,0.0,0.0,0.0,0.0,0.0,0.0,0.0,0.0,0.0,0.0,0.0,0.0,0.0,0.0,0.0,-,0.0
2024,16,MCM,TE,Cade Otton,TB,@DAL,9,0.0,0.0,0.0,0.0,0.0,0.0,0.0,0.0,0.0,0.0,0.0,0.0,0.0,0.0,0.0,-,0.0
2024,16,MCM,RB,Isaac Guerendo,SF,@MIA,14,0.0,0.0,0.0,0.0,0.0,0.0,0.0,0.0,0.0,0.0,0.0,0.0,0.0,0.0,0.0,-,0.0
2024,16,MCM,DST,Vikings,MIN,@SEA,28,,,,,,,,,,,,,,,,8.00,8.0
2024,16,MWM,RB,Jerome Ford,CLE,@CIN,19,0.0,0.0,0.0,0.0,0.0,11.0,92.0,1.0,3.0,5.0,5.0,39.0,0.0,3.0,0.0,25.10,25.1
2024,16,MWM,TE,George Kittle,SF,@MIA,18,0.0,0.0,0.0,0.0,0.0,0.0,0.0,0.0,0.0,9.0,8.0,106.0,0.0,4.0,0.0,14.60,14.6
2024,16,MWM,RB,Tank Bigsby,JAC,@LV,16,0.0,0.0,0.0,0.0,0.0,12.0,50.0,1.0,4.0,1.0,1.0,1.0,0.0,0.0,1.0,13.10,13.1
2024,16,MWM,QB,Aaron Rodgers,NYJ,LAR,19,28.0,42.0,256.0,1.0,0.0,1.0,6.0,0.0,0.0,0.0,0.0,0.0,0.0,0.0,1.0,12.84,12.84
2024,16,MWM,WR,Darnell Mooney,ATL,NYG,12,0.0,0.0,0.0,0.0,0.0,0.0,0.0,0.0,0.0,6.0,5.0,82.0,0.0,4.0,0.0,12.20,12.2
2024,16,MWM,WR,Devaughn Vele,DEN,@LAC,16,0.0,0.0,0.0,0.0,0.0,0.0,0.0,0.0,0.0,3.0,2.0,21.0,1.0,2.0,0.0,10.10,10.1
2024,16,MWM,TE,Cole Kmet,CHI,DET,2,0.0,0.0,0.0,0.0,0.0,0.0,0.0,0.0,0.0,2.0,2.0,9.0,1.0,1.0,0.0,7.90,7.9
2024,16,MWM,QB,Matthew Stafford,LAR,@NYJ,21,14.0,19.0,110.0,1.0,1.0,3.0,-4.0,0.0,0.0,0.0,0.0,0.0,0.0,0.0,0.0,6.40,6.4
2024,16,MWM,WR,Jakobi Meyers,LV,JAC,28,0.0,0.0,0.0,0.0,0.0,0.0,0.0,0.0,0.0,5.0,2.0,41.0,0.0,2.0,0.0,6.10,6.1
2024,16,MWM,RB,Najee Harris,PIT,@BAL,4,0.0,0.0,0.0,0.0,0.0,9.0,42.0,0.0,1.0,1.0,0.0,0.0,0.0,0.0,0.0,5.20,5.2
2024,16,MWM,WR,Tyler Lockett,SEA,MIN,32,0.0,0.0,0.0,0.0,0.0,0.0,0.0,0.0,0.0,2.0,2.0,19.0,0.0,1.0,0.0,2.90,2.9
2024,16,MWM,WR,Kendrick Bourne,NE,@BUF,17,0.0,0.0,0.0,0.0,0.0,0.0,0.0,0.0,0.0,2.0,2.0,18.0,0.0,0.0,0.0,1.80,1.8
2024,16,MWM,QB,Tommy DeVito,NYG,@ATL,27,0.0,0.0,0.0,0.0,0.0,0.0,0.0,0.0,0.0,0.0,0.0,0.0,0.0,0.0,0.0,-,0.0
2024,16,MWM,WR,DJ Chark,LAC,DEN,15,0.0,0.0,0.0,0.0,0.0,0.0,0.0,0.0,0.0,0.0,0.0,0.0,0.0,0.0,0.0,0.00,0.0
2024,16,MWM,RB,Nick Chubb,CLE,@CIN,19,0.0,0.0,0.0,0.0,0.0,0.0,0.0,0.0,0.0,0.0,0.0,0.0,0.0,0.0,0.0,-,0.0
2024,16,MWM,WR,Stefon Diggs,HOU,@KC,9,0.0,0.0,0.0,0.0,0.0,0.0,0.0,0.0,0.0,0.0,0.0,0.0,0.0,0.0,0.0,-,0.0
2024,16,MWM,RB,Austin Ekeler,WAS,PHI,2,0.0,0.0,0.0,0.0,0.0,0.0,0.0,0.0,0.0,0.0,0.0,0.0,0.0,0.0,0.0,-,0.0
2024,16,MWM,WR,Jaylen Waddle,MIA,SF,5,0.0,0.0,0.0,0.0,0.0,0.0,0.0,0.0,0.0,0.0,0.0,0.0,0.0,0.0,0.0,-,0.0
2024,16,MWM,DST,Bills,BUF,NE,27,15.0,15.0,,,,,,,,,,,,,,,
2024,16,MWM,DST,Dolphins,MIA,SF,14,,,,,,,,,,,,,,,,8.00,8.0
2024,16,NN,WR,Justin Jefferson,MIN,@SEA,13,0.0,0.0,0.0,0.0,0.0,0.0,0.0,0.0,0.0,13.0,10.0,144.0,2.0,6.0,0.0,32.40,32.4
2024,16,NN,RB,Derrick Henry,BAL,PIT,12,0.0,0.0,0.0,0.0,0.0,24.0,162.0,0.0,8.0,2.0,2.0,27.0,0.0,1.0,0.0,27.90,27.9
2024,16,NN,QB,Joe Burrow,CIN,CLE,22,23.0,30.0,252.0,3.0,0.0,2.0,19.0,0.0,1.0,0.0,0.0,0.0,0.0,0.0,1.0,22.98,22.98
2024,16,NN,WR,Xavier Worthy,KC,HOU,23,0.0,0.0,0.0,0.0,0.0,3.0,10.0,0.0,0.0,11.0,7.0,65.0,1.0,4.0,0.0,17.50,17.5
2024,16,NN,QB,Cooper Rush,DAL,TB,30,26.0,35.0,292.0,1.0,0.0,3.0,-4.0,0.0,0.0,0.0,0.0,0.0,0.0,0.0,0.0,15.68,15.68
2024,16,NN,QB,Aidan O'Connell,LV,JAC,32,24.0,38.0,257.0,0.0,0.0,7.0,12.0,0.0,4.0,0.0,0.0,0.0,0.0,0.0,0.0,15.48,15.48
2024,16,NN,RB,Breece Hall,NYJ,LAR,15,0.0,0.0,0.0,0.0,0.0,14.0,52.0,0.0,2.0,6.0,5.0,38.0,0.0,2.0,0.0,13.00,13.0
2024,16,NN,WR,Malik Nabers,NYG,@ATL,27,0.0,0.0,0.0,0.0,0.0,0.0,0.0,0.0,0.0,14.0,7.0,68.0,0.0,3.0,0.0,9.80,9.8
2024,16,NN,RB,Tyler Allgeier,ATL,NYG,31,0.0,0.0,0.0,0.0,0.0,11.0,22.0,0.0,3.0,1.0,1.0,9.0,0.0,0.0,0.0,6.10,6.1
2024,16,NN,WR,Malik Washington,MIA,SF,5,0.0,0.0,0.0,0.0,0.0,0.0,0.0,0.0,0.0,4.0,3.0,28.0,0.0,2.0,0.0,4.80,4.8
2024,16,NN,RB,Justice Hill,BAL,PIT,12,0.0,0.0,0.0,0.0,0.0,2.0,30.0,0.0,1.0,1.0,0.0,0.0,0.0,0.0,0.0,4.00,4.0
2024,16,NN,WR,Troy Franklin,DEN,@LAC,16,0.0,0.0,0.0,0.0,0.0,0.0,0.0,0.0,0.0,3.0,2.0,25.0,0.0,1.0,0.0,3.50,3.5
2024,16,NN,WR,Keon Coleman,BUF,NE,18,0.0,0.0,0.0,0.0,0.0,0.0,0.0,0.0,0.0,2.0,1.0,17.0,0.0,1.0,0.0,2.70,2.7
2024,16,NN,TE,Pat Freiermuth,PIT,@BAL,19,0.0,0.0,0.0,0.0,0.0,0.0,0.0,0.0,0.0,3.0,3.0,16.0,0.0,1.0,0.0,2.60,2.6
2024,16,NN,RB,Zach Charbonnet,SEA,MIN,3,0.0,0.0,0.0,0.0,0.0,1.0,-1.0,0.0,0.0,2.0,2.0,14.0,0.0,1.0,0.0,2.40,2.4
2024,16,NN,WR,Amari Cooper,BUF,NE,18,0.0,0.0,0.0,0.0,0.0,0.0,0.0,0.0,0.0,2.0,1.0,10.0,0.0,1.0,0.0,2.00,2.0
2024,16,NN,RB,Braelon Allen,NYJ,LAR,15,0.0,0.0,0.0,0.0,0.0,2.0,5.0,0.0,0.0,1.0,1.0,5.0,0.0,0.0,0.0,1.00,1.0
2024,16,NN,TE,Evan Engram,JAC,@LV,31,0.0,0.0,0.0,0.0,0.0,0.0,0.0,0.0,0.0,0.0,0.0,0.0,0.0,0.0,0.0,-,0.0
2024,16,NN,QB,Dak Prescott,DAL,TB,30,0.0,0.0,0.0,0.0,0.0,0.0,0.0,0.0,0.0,0.0,0.0,0.0,0.0,0.0,0.0,-,0.0
2024,16,NN,DST,Packers,GB,NO,21,,,,,,,,,,,,,,,,20.00,20.0
2024,16,VD,RB,Bijan Robinson,ATL,NYG,31,0.0,0.0,0.0,0.0,0.0,22.0,94.0,2.0,8.0,2.0,2.0,9.0,0.0,1.0,0.0,31.30,31.3
2024,16,VD,QB,Bryce Young,CAR,ARI,12,17.0,26.0,158.0,2.0,0.0,5.0,68.0,1.0,3.0,0.0,0.0,0.0,0.0,0.0,0.0,30.12,30.12
2024,16,VD,QB,Baker Mayfield,TB,@DAL,31,31.0,43.0,303.0,2.0,1.0,3.0,42.0,0.0,3.0,0.0,0.0,0.0,0.0,0.0,0.0,25.32,25.32
2024,16,VD,QB,Anthony Richardson,IND,TEN,23,7.0,11.0,131.0,1.0,1.0,9.0,70.0,1.0,4.0,0.0,0.0,0.0,0.0,0.0,0.0,24.24,24.24
2024,16,VD,RB,Tyjae Spears,TEN,@IND,22,0.0,0.0,0.0,0.0,0.0,10.0,27.0,2.0,2.0,4.0,3.0,39.0,0.0,2.0,0.0,22.60,22.6
2024,16,VD,RB,Bucky Irving,TB,@DAL,25,0.0,0.0,0.0,0.0,0.0,16.0,68.0,1.0,5.0,3.0,3.0,24.0,0.0,1.0,0.0,21.20,21.2
2024,16,VD,WR,Adam Thielen,CAR,ARI,10,0.0,0.0,0.0,0.0,0.0,0.0,0.0,0.0,0.0,6.0,5.0,43.0,1.0,4.0,0.0,14.30,14.3
2024,16,VD,WR,Ladd McConkey,LAC,DEN,15,0.0,0.0,0.0,0.0,0.0,0.0,0.0,0.0,0.0,6.0,6.0,87.0,0.0,3.0,0.0,11.70,11.7
2024,16,VD,RB,Javonte Williams,DEN,@LAC,8,0.0,0.0,0.0,0.0,0.0,4.0,24.0,0.0,2.0,11.0,7.0,29.0,0.0,2.0,0.0,9.30,9.3
2024,16,VD,WR,Rome Odunze,CHI,DET,30,0.0,0.0,0.0,0.0,0.0,0.0,0.0,0.0,0.0,7.0,4.0,77.0,0.0,3.0,1.0,8.70,8.7
2024,16,VD,QB,Spencer Rattler,NO,@GB,3,15.0,30.0,153.0,0.0,1.0,5.0,28.0,0.0,1.0,0.0,0.0,0.0,0.0,0.0,1.0,5.92,5.92
2024,16,VD,WR,Marvin Harrison,ARI,@CAR,21,0.0,0.0,0.0,0.0,0.0,0.0,0.0,0.0,0.0,8.0,4.0,39.0,0.0,2.0,0.0,5.90,5.9
2024,16,VD,TE,Noah Gray,KC,HOU,10,0.0,0.0,0.0,0.0,0.0,0.0,0.0,0.0,0.0,1.0,1.0,10.0,0.0,0.0,0.0,1.00,1.0
2024,16,VD,TE,Kyle Pitts,ATL,NYG,1,0.0,0.0,0.0,0.0,0.0,0.0,0.0,0.0,0.0,2.0,1.0,7.0,0.0,0.0,0.0,0.70,0.7
2024,16,VD,RB,Trey Benson,ARI,@CAR,32,0.0,0.0,0.0,0.0,0.0,0.0,0.0,0.0,0.0,0.0,0.0,0.0,0.0,0.0,0.0,-,0.0
2024,16,VD,RB,Jerick McKinnon Dead Cap,KC,0,0,0.0,0.0,0.0,0.0,0.0,0.0,0.0,0.0,0.0,0.0,0.0,0.0,0.0,0.0,0.0,-,0.0
2024,16,VD,WR,Cedric Tillman,CLE,@CIN,19,0.0,0.0,0.0,0.0,0.0,0.0,0.0,0.0,0.0,0.0,0.0,0.0,0.0,0.0,0.0,-,0.0
2024,16,VD,QB,Will Levis,TEN,@IND,24,0.0,0.0,0.0,0.0,0.0,0.0,0.0,0.0,0.0,0.0,0.0,0.0,0.0,0.0,0.0,-,0.0
2024,16,VD,RB,Sincere McCormick,LV,JAC,30,0.0,0.0,0.0,0.0,0.0,0.0,0.0,0.0,0.0,0.0,0.0,0.0,0.0,0.0,0.0,-,0.0
2024,16,VD,WR,Chris Godwin,TB,@DAL,24,0.0,0.0,0.0,0.0,0.0,0.0,0.0,0.0,0.0,0.0,0.0,0.0,0.0,0.0,0.0,-,0.0
2024,16,VD,QB,Justin Fields,PIT,@BAL,25,0.0,0.0,0.0,0.0,0.0,0.0,0.0,0.0,0.0,0.0,0.0,0.0,0.0,0.0,0.0,-,0.0
2024,16,VD,DST,Cardinals,ARI,@CAR,25,,,,,,,,,,,,,,,,-1.00,-1.0
2024,16,WLW,RB,Chuba Hubbard,CAR,ARI,23,0.0,0.0,0.0,0.0,0.0,25.0,152.0,2.0,8.0,5.0,4.0,13.0,0.0,0.0,0.0,36.50,36.5
2024,16,WLW,RB,Kyren Williams,LAR,@NYJ,13,0.0,0.0,0.0,0.0,0.0,23.0,122.0,1.0,9.0,1.0,1.0,7.0,0.0,0.0,0.0,27.90,27.9
2024,16,WLW,QB,Jared Goff,DET,@CHI,2,23.0,32.0,336.0,3.0,0.0,1.0,-1.0,0.0,0.0,0.0,0.0,0.0,0.0,0.0,0.0,25.44,25.44
2024,16,WLW,QB,Lamar Jackson,BAL,PIT,5,15.0,23.0,207.0,3.0,1.0,9.0,22.0,0.0,1.0,0.0,0.0,0.0,0.0,0.0,0.0,21.48,21.48
2024,16,WLW,QB,CJ Stroud,HOU,@KC,15,23.0,39.0,244.0,2.0,2.0,2.0,23.0,0.0,2.0,0.0,0.0,0.0,0.0,0.0,0.0,18.06,18.06
2024,16,WLW,RB,Chase Brown,CIN,CLE,7,0.0,0.0,0.0,0.0,0.0,18.0,91.0,0.0,5.0,3.0,3.0,18.0,0.0,2.0,0.0,17.90,17.9
2024,16,WLW,WR,CeeDee Lamb,DAL,TB,25,0.0,0.0,0.0,0.0,0.0,0.0,0.0,0.0,0.0,8.0,7.0,105.0,0.0,4.0,0.0,14.50,14.5
2024,16,WLW,TE,Sam LaPorta,DET,@CHI,23,0.0,0.0,0.0,0.0,0.0,0.0,0.0,0.0,0.0,7.0,4.0,43.0,1.0,2.0,0.0,12.30,12.3
2024,16,WLW,WR,Mike Evans,TB,@DAL,24,0.0,0.0,0.0,0.0,0.0,0.0,0.0,0.0,0.0,8.0,5.0,69.0,0.0,4.0,0.0,10.90,10.9
2024,16,WLW,WR,Nico Collins,HOU,@KC,9,0.0,0.0,0.0,0.0,0.0,0.0,0.0,0.0,0.0,10.0,7.0,60.0,0.0,3.0,0.0,9.00,9.0
2024,16,WLW,WR,Rashod Bateman,BAL,PIT,14,0.0,0.0,0.0,0.0,0.0,0.0,0.0,0.0,0.0,3.0,1.0,14.0,1.0,1.0,0.0,8.40,8.4
2024,16,WLW,RB,Rico Dowdle,DAL,TB,6,0.0,0.0,0.0,0.0,0.0,13.0,23.0,0.0,0.0,3.0,3.0,28.0,0.0,0.0,0.0,5.10,5.1
2024,16,WLW,WR,Cooper Kupp,LAR,@NYJ,7,0.0,0.0,0.0,0.0,0.0,0.0,0.0,0.0,0.0,3.0,3.0,24.0,0.0,2.0,0.0,4.40,4.4
2024,16,WLW,TE,Dawson Knox,BUF,NE,17,0.0,0.0,0.0,0.0,0.0,0.0,0.0,0.0,0.0,2.0,2.0,22.0,0.0,1.0,0.0,3.20,3.2
2024,16,WLW,RB,Devin Singletary,NYG,@ATL,10,0.0,0.0,0.0,0.0,0.0,4.0,12.0,0.0,0.0,0.0,0.0,0.0,0.0,0.0,0.0,1.20,1.2
2024,16,WLW,WR,Christian Kirk,JAC,@LV,4,0.0,0.0,0.0,0.0,0.0,0.0,0.0,0.0,0.0,0.0,0.0,0.0,0.0,0.0,0.0,-,0.0
2024,16,WLW,WR,Alec Pierce,IND,TEN,1,0.0,0.0,0.0,0.0,0.0,0.0,0.0,0.0,0.0,0.0,0.0,0.0,0.0,0.0,0.0,-,0.0
2024,16,WLW,WR,Diontae Johnson,HOU,@KC,9,0.0,0.0,0.0,0.0,0.0,0.0,0.0,0.0,0.0,0.0,0.0,0.0,0.0,0.0,0.0,-,0.0
2024,16,WLW,TE,Erick All,CIN,CLE,24,0.0,0.0,0.0,0.0,0.0,0.0,0.0,0.0,0.0,0.0,0.0,0.0,0.0,0.0,0.0,-,0.0
2024,16,WLW,DST,Broncos,DEN,@LAC,4,5.0,5.0,,,,,,,,,,,,,,,
2024,16,WLW,DST,Saints,NO,@GB,7,,,,,,,,,,,,,,,,-1.00,-1.0
2024,17,AFL,QB,Jayden Daniels,WAS,ATL,27,24.0,36.0,227.0,3.0,1.0,16.0,127.0,0.0,7.0,0.0,0.0,0.0,0.0,0.0,0.0,38.78,38.78
2024,17,AFL,WR,Tee Higgins,CIN,DEN,15,0.0,0.0,0.0,0.0,0.0,0.0,0.0,0.0,0.0,12.0,11.0,131.0,3.0,8.0,1.0,37.10,37.1
2024,17,AFL,RB,Jahmyr Gibbs,DET,@SF,24,0.0,0.0,0.0,0.0,0.0,18.0,117.0,1.0,5.0,4.0,4.0,46.0,0.0,1.0,0.0,28.30,28.3
2024,17,AFL,QB,Russell Wilson,PIT,KC,15,23.0,37.0,205.0,0.0,1.0,6.0,55.0,1.0,6.0,0.0,0.0,0.0,0.0,0.0,0.0,23.70,23.7
2024,17,AFL,RB,Ameer Abdullah,LV,@NO,28,0.0,0.0,0.0,0.0,0.0,20.0,115.0,0.0,5.0,4.0,3.0,32.0,0.0,2.0,0.0,21.70,21.7
2024,17,AFL,TE,Travis Kelce,KC,@PIT,21,0.0,0.0,0.0,0.0,0.0,0.0,0.0,0.0,0.0,11.0,8.0,84.0,1.0,4.0,0.0,18.40,18.4
2024,17,AFL,QB,Kenny Pickett,PHI,DAL,31,10.0,15.0,143.0,1.0,0.0,3.0,3.0,1.0,2.0,0.0,0.0,0.0,0.0,0.0,0.0,18.02,18.02
2024,17,AFL,QB,Kyler Murray,ARI,@LAR,19,33.0,48.0,321.0,1.0,2.0,4.0,32.0,0.0,1.0,0.0,0.0,0.0,0.0,0.0,0.0,17.04,17.04
2024,17,AFL,QB,Mason Rudolph,TEN,@JAC,32,19.0,31.0,193.0,1.0,1.0,5.0,23.0,0.0,3.0,0.0,0.0,0.0,0.0,0.0,0.0,15.02,15.02
2024,17,AFL,TE,Brock Bowers,LV,@NO,13,0.0,0.0,0.0,0.0,0.0,1.0,-1.0,0.0,0.0,7.0,7.0,77.0,0.0,5.0,0.0,12.70,12.7
2024,17,AFL,RB,D'Andre Swift,CHI,SEA,18,0.0,0.0,0.0,0.0,0.0,12.0,53.0,0.0,2.0,5.0,4.0,28.0,0.0,2.0,0.0,12.10,12.1
2024,17,AFL,WR,AJ Brown,PHI,DAL,24,0.0,0.0,0.0,0.0,0.0,0.0,0.0,0.0,0.0,5.0,3.0,36.0,1.0,1.0,0.0,10.60,10.6
2024,17,AFL,RB,Rachaad White,TB,CAR,32,0.0,0.0,0.0,0.0,0.0,6.0,30.0,0.0,3.0,1.0,1.0,4.0,0.0,0.0,0.0,6.40,6.4
2024,17,AFL,WR,Josh Palmer,LAC,@NE,18,0.0,0.0,0.0,0.0,0.0,0.0,0.0,0.0,0.0,6.0,4.0,41.0,0.0,2.0,0.0,6.10,6.1
2024,17,AFL,RB,Alexander Mattison,LV,@NO,28,0.0,0.0,0.0,0.0,0.0,10.0,32.0,0.0,1.0,3.0,1.0,6.0,0.0,0.0,0.0,4.80,4.8
2024,17,AFL,WR,Adonai Mitchell,IND,@NYG,12,0.0,0.0,0.0,0.0,0.0,0.0,0.0,0.0,0.0,4.0,2.0,22.0,0.0,2.0,0.0,4.20,4.2
2024,17,AFL,WR,Zay Flowers,BAL,@HOU,23,0.0,0.0,0.0,0.0,0.0,0.0,0.0,0.0,0.0,5.0,2.0,31.0,0.0,1.0,0.0,4.10,4.1
2024,17,AFL,WR,Chris Olave,NO,LV,4,0.0,0.0,0.0,0.0,0.0,0.0,0.0,0.0,0.0,0.0,0.0,0.0,0.0,0.0,0.0,-,0.0
2024,17,AFL,DST,Chiefs,KC,@PIT,13,15.0,15.0,,,,,,,,,,,,,,,
2024,17,AFL,DST,Cowboys,DAL,@PHI,10,,,,,,,,,,,,,,,,-1.00,-1.0
2024,17,CC,QB,Brock Purdy,SF,DET,26,27.0,35.0,377.0,3.0,2.0,3.0,12.0,1.0,2.0,0.0,0.0,0.0,0.0,0.0,0.0,32.28,32.28
2024,17,CC,WR,Ricky Pearsall,SF,DET,30,0.0,1.0,0.0,0.0,0.0,2.0,6.0,0.0,0.0,10.0,8.0,141.0,1.0,7.0,0.0,27.70,27.7
2024,17,CC,TE,Trey McBride,ARI,@LAR,26,0.0,0.0,0.0,0.0,0.0,0.0,0.0,0.0,0.0,16.0,12.0,123.0,1.0,6.0,0.0,24.30,24.3
2024,17,CC,TE,Zach Ertz,WAS,ATL,20,0.0,0.0,0.0,0.0,0.0,0.0,0.0,0.0,0.0,7.0,6.0,72.0,2.0,4.0,0.0,23.20,23.2
2024,17,CC,WR,Brian Thomas,JAC,TEN,1,0.0,0.0,0.0,0.0,0.0,1.0,18.0,0.0,1.0,10.0,7.0,91.0,1.0,4.0,0.0,21.90,21.9
2024,17,CC,WR,Amon-Ra St Brown,DET,@SF,5,0.0,0.0,0.0,0.0,0.0,0.0,0.0,0.0,0.0,10.0,8.0,60.0,1.0,5.0,0.0,17.00,17.0
2024,17,CC,RB,James Cook,BUF,NYJ,13,0.0,0.0,0.0,0.0,0.0,15.0,53.0,1.0,3.0,0.0,0.0,0.0,0.0,0.0,0.0,14.30,14.3
2024,17,CC,QB,Drake Maye,NE,LAC,14,12.0,22.0,117.0,1.0,0.0,6.0,32.0,0.0,1.0,0.0,0.0,0.0,0.0,0.0,1.0,10.88,10.88
2024,17,CC,WR,Deebo Samuel,SF,DET,30,0.0,0.0,0.0,0.0,0.0,3.0,16.0,0.0,1.0,1.0,1.0,5.0,1.0,1.0,0.0,10.10,10.1
2024,17,CC,WR,Quentin Johnston,LAC,@NE,18,0.0,0.0,0.0,0.0,0.0,0.0,0.0,0.0,0.0,8.0,5.0,48.0,0.0,4.0,0.0,8.80,8.8
2024,17,CC,WR,George Pickens,PIT,KC,9,0.0,0.0,0.0,0.0,0.0,0.0,0.0,0.0,0.0,7.0,3.0,50.0,0.0,2.0,0.0,7.00,7.0
2024,17,CC,WR,DK Metcalf,SEA,@CHI,3,0.0,0.0,0.0,0.0,0.0,0.0,0.0,0.0,0.0,3.0,3.0,42.0,0.0,2.0,0.0,6.20,6.2
2024,17,CC,WR,Javon Baker,NE,LAC,16,0.0,0.0,0.0,0.0,0.0,0.0,0.0,0.0,0.0,1.0,0.0,0.0,0.0,0.0,0.0,0.00,0.0
2024,17,CC,RB,Antonio Gibson Dead Cap,NE,0,0,0.0,0.0,0.0,0.0,0.0,0.0,0.0,0.0,0.0,0.0,0.0,0.0,0.0,0.0,0.0,-,0.0
2024,17,CC,QB,Daniel Jones,MIN,GB,3,0.0,0.0,0.0,0.0,0.0,0.0,0.0,0.0,0.0,0.0,0.0,0.0,0.0,0.0,0.0,-,0.0
2024,17,CC,WR,Malachi Corley,NYJ,@BUF,17,0.0,0.0,0.0,0.0,0.0,0.0,0.0,0.0,0.0,0.0,0.0,0.0,0.0,0.0,0.0,0.00,0.0
2024,17,CC,RB,David Montgomery,DET,@SF,24,0.0,0.0,0.0,0.0,0.0,0.0,0.0,0.0,0.0,0.0,0.0,0.0,0.0,0.0,0.0,-,0.0
2024,17,CC,RB,Jonathon Brooks,CAR,@TB,6,0.0,0.0,0.0,0.0,0.0,0.0,0.0,0.0,0.0,0.0,0.0,0.0,0.0,0.0,0.0,-,0.0
2024,17,CC,WR,Ja'Lynn Polk,NE,LAC,16,0.0,0.0,0.0,0.0,0.0,0.0,0.0,0.0,0.0,1.0,0.0,0.0,0.0,0.0,0.0,0.00,0.0
2024,17,CC,DST,Jets,NYJ,@BUF,1,,,,,,,,,,,,,,,,-3.00,-3.0
2024,17,CRB,RB,Jonathan Taylor,IND,@NYG,31,0.0,0.0,0.0,0.0,0.0,32.0,125.0,2.0,7.0,4.0,2.0,11.0,0.0,0.0,0.0,32.60,32.6
2024,17,CRB,WR,DeVonta Smith,PHI,DAL,24,0.0,0.0,0.0,0.0,0.0,0.0,0.0,0.0,0.0,7.0,6.0,120.0,2.0,4.0,0.0,28.00,28.0
2024,17,CRB,QB,Bo Nix,DEN,@CIN,28,24.0,31.0,219.0,3.0,1.0,7.0,31.0,0.0,3.0,0.0,0.0,0.0,0.0,0.0,0.0,24.86,24.86
2024,17,CRB,WR,Jalen McMillan,TB,CAR,21,0.0,0.0,0.0,0.0,0.0,1.0,9.0,0.0,1.0,5.0,5.0,51.0,2.0,3.0,0.0,22.00,22.0
2024,17,CRB,WR,Courtland Sutton,DEN,@CIN,19,0.0,0.0,0.0,0.0,0.0,0.0,0.0,0.0,0.0,9.0,5.0,55.0,1.0,4.0,0.0,15.50,15.5
2024,17,CRB,QB,Joe Flacco,IND,@NYG,20,26.0,38.0,330.0,2.0,2.0,1.0,1.0,0.0,0.0,0.0,0.0,0.0,0.0,0.0,1.0,15.30,15.3
2024,17,CRB,RB,Josh Jacobs,GB,@MIN,3,0.0,0.0,0.0,0.0,0.0,17.0,69.0,1.0,3.0,0.0,0.0,0.0,0.0,0.0,1.0,13.90,13.9
2024,17,CRB,WR,Romeo Doubs,GB,@MIN,32,0.0,0.0,0.0,0.0,0.0,0.0,0.0,0.0,0.0,11.0,7.0,58.0,0.0,5.0,0.0,12.80,12.8
2024,17,CRB,RB,Antonio Gibson,NE,LAC,8,0.0,0.0,0.0,0.0,0.0,12.0,63.0,0.0,3.0,1.0,0.0,0.0,0.0,0.0,0.0,9.30,9.3
2024,17,CRB,TE,Isaiah Likely,BAL,@HOU,10,0.0,0.0,0.0,0.0,0.0,0.0,0.0,0.0,0.0,1.0,1.0,9.0,1.0,1.0,0.0,7.90,7.9
2024,17,CRB,WR,Davante Adams,NYJ,@BUF,17,0.0,0.0,0.0,0.0,0.0,0.0,0.0,0.0,0.0,8.0,5.0,47.0,0.0,1.0,0.0,5.70,5.7
2024,17,CRB,RB,De'Von Achane,MIA,@CLE,7,0.0,0.0,0.0,0.0,0.0,10.0,25.0,0.0,1.0,2.0,2.0,13.0,0.0,0.0,0.0,4.80,4.8
2024,17,CRB,WR,Keenan Allen,CHI,SEA,13,0.0,0.0,0.0,0.0,0.0,0.0,0.0,0.0,0.0,8.0,5.0,25.0,0.0,2.0,0.0,4.50,4.5
2024,17,CRB,WR,Elijah Moore,CLE,MIA,2,0.0,0.0,0.0,0.0,0.0,0.0,0.0,0.0,0.0,5.0,1.0,1.0,0.0,0.0,0.0,0.10,0.1
2024,17,CRB,WR,Luke McCaffrey,WAS,ATL,27,0.0,0.0,0.0,0.0,0.0,0.0,0.0,0.0,0.0,0.0,0.0,0.0,0.0,0.0,0.0,0.00,0.0
2024,17,CRB,WR,Mike Williams,PIT,KC,9,0.0,0.0,0.0,0.0,0.0,0.0,0.0,0.0,0.0,2.0,0.0,0.0,0.0,0.0,0.0,0.00,0.0
2024,17,CRB,QB,Jalen Hurts,PHI,DAL,31,0.0,0.0,0.0,0.0,0.0,0.0,0.0,0.0,0.0,0.0,0.0,0.0,0.0,0.0,0.0,-,0.0
2024,17,CRB,DST,Eagles,PHI,DAL,26,21.0,21.0,,,,,,,,,,,,,,,
2024,17,CRB,DST,Commanders,WAS,ATL,22,,,,,,,,,,,,,,,,5.00,5.0
2024,17,ELP,QB,Patrick Mahomes,KC,@PIT,5,29.0,38.0,320.0,3.0,0.0,1.0,12.0,0.0,1.0,0.0,0.0,0.0,0.0,0.0,0.0,27.00,27.0
2024,17,ELP,WR,Jameson Williams,DET,@SF,5,0.0,0.0,0.0,0.0,0.0,2.0,-2.0,1.0,1.0,8.0,5.0,77.0,1.0,3.0,0.0,23.70,23.7
2024,17,ELP,QB,Mac Jones,JAC,TEN,23,15.0,22.0,174.0,2.0,0.0,6.0,22.0,0.0,4.0,0.0,0.0,0.0,0.0,0.0,0.0,21.16,21.16
2024,17,ELP,WR,Tyreek Hill,MIA,@CLE,29,0.0,0.0,0.0,0.0,0.0,0.0,0.0,0.0,0.0,9.0,9.0,105.0,0.0,6.0,0.0,16.50,16.5
2024,17,ELP,TE,Mark Andrews,BAL,@HOU,10,0.0,0.0,0.0,0.0,0.0,0.0,0.0,0.0,0.0,2.0,2.0,68.0,1.0,2.0,0.0,14.80,14.8
2024,17,ELP,RB,Tyrone Tracy,NYG,IND,22,0.0,0.0,0.0,0.0,0.0,20.0,59.0,0.0,1.0,3.0,2.0,14.0,0.0,0.0,0.0,8.30,8.3
2024,17,ELP,RB,Audric Estime,DEN,@CIN,19,0.0,0.0,0.0,0.0,0.0,9.0,24.0,0.0,2.0,1.0,1.0,13.0,0.0,1.0,0.0,6.70,6.7
2024,17,ELP,WR,Xavier Legette,CAR,@TB,25,0.0,0.0,0.0,0.0,0.0,0.0,0.0,0.0,0.0,9.0,5.0,28.0,0.0,2.0,0.0,4.80,4.8
2024,17,ELP,TE,Dalton Kincaid,BUF,NYJ,9,0.0,0.0,0.0,0.0,0.0,0.0,0.0,0.0,0.0,2.0,2.0,24.0,0.0,2.0,0.0,4.40,4.4
2024,17,ELP,WR,Khalil Shakir,BUF,NYJ,7,0.0,0.0,0.0,0.0,0.0,0.0,0.0,0.0,0.0,6.0,3.0,25.0,0.0,1.0,0.0,3.50,3.5
2024,17,ELP,RB,Isiah Pacheco,KC,@PIT,12,0.0,0.0,0.0,0.0,0.0,6.0,18.0,0.0,0.0,0.0,0.0,0.0,0.0,0.0,0.0,1.80,1.8
2024,17,ELP,WR,DeAndre Hopkins,KC,@PIT,14,0.0,0.0,0.0,0.0,0.0,0.0,0.0,0.0,0.0,4.0,2.0,7.0,0.0,0.0,0.0,0.70,0.7
2024,17,ELP,WR,Jayden Reed,GB,@MIN,32,0.0,0.0,0.0,0.0,0.0,0.0,0.0,0.0,0.0,4.0,1.0,6.0,0.0,0.0,0.0,0.60,0.6
2024,17,ELP,RB,Jordan Mason,SF,DET,5,0.0,0.0,0.0,0.0,0.0,0.0,0.0,0.0,0.0,0.0,0.0,0.0,0.0,0.0,0.0,-,0.0
2024,17,ELP,WR,Brandon Aiyuk,SF,DET,30,0.0,0.0,0.0,0.0,0.0,0.0,0.0,0.0,0.0,0.0,0.0,0.0,0.0,0.0,0.0,-,0.0
2024,17,ELP,RB,Kenneth Walker,SEA,@CHI,29,0.0,0.0,0.0,0.0,0.0,0.0,0.0,0.0,0.0,0.0,0.0,0.0,0.0,0.0,0.0,-,0.0
2024,17,ELP,WR,Roman Wilson,PIT,KC,9,0.0,0.0,0.0,0.0,0.0,0.0,0.0,0.0,0.0,0.0,0.0,0.0,0.0,0.0,0.0,-,0.0
2024,17,ELP,QB,Sam Howell,SEA,@CHI,2,0.0,0.0,0.0,0.0,0.0,0.0,0.0,0.0,0.0,0.0,0.0,0.0,0.0,0.0,0.0,-,0.0
2024,17,ELP,TE,Hunter Henry,NE,LAC,3,0.0,0.0,0.0,0.0,0.0,0.0,0.0,0.0,0.0,2.0,0.0,0.0,0.0,0.0,0.0,0.00,0.0
2024,17,ELP,QB,Kirk Cousins,ATL,@WAS,9,0.0,0.0,0.0,0.0,0.0,0.0,0.0,0.0,0.0,0.0,0.0,0.0,0.0,0.0,0.0,-,0.0
2024,17,ELP,DST,49ers,SF,DET,3,,,,,,,,,,,,,,,,-1.00,-1.0
2024,17,FRR,QB,Josh Allen,BUF,NYJ,21,16.0,27.0,182.0,2.0,0.0,5.0,17.0,1.0,3.0,0.0,0.0,0.0,0.0,0.0,0.0,25.98,25.98
2024,17,FRR,QB,Sam Darnold,MIN,GB,3,33.0,43.0,377.0,3.0,1.0,3.0,-3.0,0.0,0.0,0.0,0.0,0.0,0.0,0.0,0.0,25.08,25.08
2024,17,FRR,WR,Drake London,ATL,@WAS,11,0.0,0.0,0.0,0.0,0.0,0.0,0.0,0.0,0.0,13.0,7.0,106.0,0.0,5.0,0.0,15.60,15.6
2024,17,FRR,WR,Ja'Marr Chase,CIN,DEN,15,0.0,0.0,0.0,0.0,0.0,0.0,0.0,0.0,0.0,15.0,9.0,102.0,0.0,4.0,0.0,14.20,14.2
2024,17,FRR,WR,Calvin Ridley,TEN,@JAC,28,0.0,0.0,0.0,0.0,0.0,1.0,7.0,0.0,0.0,6.0,5.0,84.0,0.0,5.0,0.0,14.10,14.1
2024,17,FRR,RB,Brian Robinson,WAS,ATL,10,0.0,0.0,0.0,0.0,0.0,13.0,60.0,0.0,4.0,2.0,2.0,9.0,0.0,0.0,0.0,10.90,10.9
2024,17,FRR,TE,TJ Hockenson,MIN,GB,22,0.0,0.0,0.0,0.0,0.0,0.0,0.0,0.0,0.0,6.0,5.0,68.0,0.0,4.0,0.0,10.80,10.8
2024,17,FRR,WR,Andrei Iosivas,CIN,DEN,15,0.0,0.0,0.0,0.0,0.0,0.0,0.0,0.0,0.0,4.0,3.0,59.0,0.0,3.0,0.0,8.90,8.9
2024,17,FRR,RB,Sean Tucker,TB,CAR,32,0.0,0.0,0.0,0.0,0.0,8.0,39.0,0.0,2.0,1.0,1.0,5.0,0.0,0.0,0.0,6.40,6.4
2024,17,FRR,RB,Kendre Miller,NO,LV,16,0.0,0.0,0.0,0.0,0.0,3.0,3.0,0.0,0.0,1.0,1.0,16.0,0.0,1.0,0.0,2.90,2.9
2024,17,FRR,WR,Kayshon Boutte,NE,LAC,16,0.0,0.0,0.0,0.0,0.0,0.0,0.0,0.0,0.0,5.0,4.0,28.0,0.0,0.0,0.0,2.80,2.8
2024,17,FRR,WR,Terry McLaurin,WAS,ATL,27,0.0,0.0,0.0,0.0,0.0,0.0,0.0,0.0,0.0,7.0,1.0,5.0,0.0,0.0,0.0,0.50,0.5
2024,17,FRR,RB,Rhamondre Stevenson,NE,LAC,8,0.0,0.0,0.0,0.0,0.0,2.0,1.0,0.0,0.0,1.0,0.0,0.0,0.0,0.0,0.0,0.10,0.1
2024,17,FRR,TE,Dallas Goedert,PHI,DAL,9,0.0,0.0,0.0,0.0,0.0,0.0,0.0,0.0,0.0,0.0,0.0,0.0,0.0,0.0,0.0,-,0.0
2024,17,FRR,RB,Tony Pollard,TEN,@JAC,30,0.0,0.0,0.0,0.0,0.0,0.0,0.0,0.0,0.0,0.0,0.0,0.0,0.0,0.0,0.0,-,0.0
2024,17,FRR,RB,Blake Corum,LAR,ARI,23,0.0,0.0,0.0,0.0,0.0,3.0,-4.0,0.0,0.0,0.0,0.0,0.0,0.0,0.0,0.0,0.00,0.0
2024,17,FRR,TE,Taysom Hill,NO,LV,31,0.0,0.0,0.0,0.0,0.0,0.0,0.0,0.0,0.0,0.0,0.0,0.0,0.0,0.0,0.0,-,0.0
2024,17,FRR,WR,Tank Dell,HOU,BAL,31,0.0,0.0,0.0,0.0,0.0,0.0,0.0,0.0,0.0,0.0,0.0,0.0,0.0,0.0,0.0,-,0.0
2024,17,FRR,TE,Ben Sinnott,WAS,ATL,20,0.0,0.0,0.0,0.0,0.0,0.0,0.0,0.0,0.0,0.0,0.0,0.0,0.0,0.0,0.0,0.00,0.0
2024,17,FRR,DST,Chargers,LAC,@NE,27,13.0,13.0,,,,,,,,,,,,,,,
2024,17,FRR,DST,Steelers,PIT,KC,5,,,,,,,,,,,,,,,,-1.00,-1.0
2024,17,GF,WR,Michael Pittman,IND,@NYG,12,0.0,0.0,0.0,0.0,0.0,0.0,0.0,0.0,0.0,10.0,9.0,109.0,1.0,6.0,0.0,22.90,22.9
2024,17,GF,RB,JK Dobbins,LAC,@NE,26,0.0,0.0,0.0,0.0,0.0,19.0,76.0,1.0,4.0,1.0,1.0,7.0,0.0,0.0,0.0,18.30,18.3
2024,17,GF,QB,Jordan Love,GB,@MIN,4,19.0,30.0,185.0,1.0,0.0,1.0,6.0,0.0,0.0,0.0,0.0,0.0,0.0,0.0,0.0,14.00,14.0
2024,17,GF,RB,Aaron Jones,MIN,GB,17,0.0,0.0,0.0,0.0,0.0,12.0,47.0,0.0,2.0,5.0,4.0,30.0,0.0,3.0,0.0,12.70,12.7
2024,17,GF,QB,Michael Penix,ATL,@WAS,9,19.0,35.0,223.0,1.0,1.0,2.0,3.0,0.0,0.0,0.0,0.0,0.0,0.0,0.0,0.0,11.22,11.22
2024,17,GF,WR,Jalen Tolbert,DAL,@PHI,8,0.0,0.0,0.0,0.0,0.0,0.0,0.0,0.0,0.0,4.0,3.0,30.0,1.0,2.0,0.0,11.00,11.0
2024,17,GF,WR,Marquise Brown,KC,@PIT,14,0.0,0.0,0.0,0.0,0.0,0.0,0.0,0.0,0.0,7.0,4.0,46.0,0.0,3.0,0.0,7.60,7.6
2024,17,GF,WR,Dontayvion Wicks,GB,@MIN,32,0.0,0.0,0.0,0.0,0.0,0.0,0.0,0.0,0.0,5.0,4.0,43.0,0.0,2.0,0.0,6.30,6.3
2024,17,GF,WR,Jaxon Smith-Njigba,SEA,@CHI,3,0.0,0.0,0.0,0.0,0.0,0.0,0.0,0.0,0.0,6.0,3.0,32.0,0.0,2.0,0.0,5.20,5.2
2024,17,GF,TE,Luke Musgrave,GB,@MIN,11,0.0,0.0,0.0,0.0,0.0,0.0,0.0,0.0,0.0,1.0,1.0,4.0,0.0,0.0,0.0,0.40,0.4
2024,17,GF,RB,Ezekiel Elliott,DAL,@PHI,2,0.0,0.0,0.0,0.0,0.0,3.0,2.0,0.0,0.0,0.0,0.0,0.0,0.0,0.0,0.0,0.20,0.2
2024,17,GF,WR,Demarcus Robinson,LAR,ARI,10,0.0,0.0,0.0,0.0,0.0,0.0,0.0,0.0,0.0,2.0,0.0,0.0,0.0,0.0,0.0,0.00,0.0
2024,17,GF,WR,Christian Watson,GB,@MIN,32,0.0,0.0,0.0,0.0,0.0,0.0,0.0,0.0,0.0,0.0,0.0,0.0,0.0,0.0,0.0,-,0.0
2024,17,GF,QB,Trevor Lawrence,JAC,TEN,23,0.0,0.0,0.0,0.0,0.0,0.0,0.0,0.0,0.0,0.0,0.0,0.0,0.0,0.0,0.0,-,0.0
2024,17,GF,RB,MarShawn Lloyd,GB,@MIN,3,0.0,0.0,0.0,0.0,0.0,0.0,0.0,0.0,0.0,0.0,0.0,0.0,0.0,0.0,0.0,-,0.0
2024,17,GF,QB,JJ McCarthy,MIN,GB,3,0.0,0.0,0.0,0.0,0.0,0.0,0.0,0.0,0.0,0.0,0.0,0.0,0.0,0.0,0.0,-,0.0
2024,17,GF,RB,Gus Edwards,LAC,@NE,26,0.0,0.0,0.0,0.0,0.0,0.0,0.0,0.0,0.0,0.0,0.0,0.0,0.0,0.0,0.0,-,0.0
2024,17,GF,TE,Jake Ferguson,DAL,@PHI,5,0.0,0.0,0.0,0.0,0.0,0.0,0.0,0.0,0.0,5.0,3.0,18.0,0.0,0.0,1.0,-0.20,-0.2
2024,17,GF,DST,Bengals,CIN,DEN,8,,,,,,,,,,,,,,,,5.00,5.0
2024,17,MAM,RB,Saquon Barkley,PHI,DAL,25,0.0,0.0,0.0,0.0,0.0,31.0,167.0,0.0,9.0,2.0,2.0,2.0,0.0,0.0,0.0,25.90,25.9
2024,17,MAM,RB,Jaylen Warren,PIT,KC,1,0.0,0.0,0.0,0.0,0.0,11.0,71.0,0.0,4.0,6.0,5.0,41.0,0.0,3.0,0.0,18.20,18.2
2024,17,MAM,WR,Wan'Dale Robinson,NYG,IND,20,0.0,0.0,0.0,0.0,0.0,0.0,0.0,0.0,0.0,6.0,5.0,71.0,1.0,5.0,0.0,18.10,18.1
2024,17,MAM,WR,Garrett Wilson,NYJ,@BUF,17,0.0,0.0,0.0,0.0,0.0,0.0,0.0,0.0,0.0,8.0,7.0,66.0,1.0,4.0,1.0,14.60,14.6
2024,17,MAM,WR,Jerry Jeudy,CLE,MIA,2,0.0,0.0,0.0,0.0,0.0,0.0,0.0,0.0,0.0,18.0,12.0,94.0,0.0,5.0,0.0,14.40,14.4
2024,17,MAM,TE,Jonnu Smith,MIA,@CLE,24,0.0,0.0,0.0,0.0,0.0,0.0,0.0,0.0,0.0,4.0,3.0,26.0,1.0,2.0,0.0,10.60,10.6
2024,17,MAM,QB,Geno Smith,SEA,@CHI,2,17.0,23.0,160.0,0.0,0.0,3.0,19.0,0.0,1.0,0.0,0.0,0.0,0.0,0.0,0.0,9.30,9.3
2024,17,MAM,WR,DJ Moore,CHI,SEA,13,0.0,0.0,0.0,0.0,0.0,2.0,8.0,0.0,0.0,8.0,6.0,54.0,0.0,2.0,0.0,8.20,8.2
2024,17,MAM,QB,Caleb Williams,CHI,SEA,10,16.0,28.0,122.0,0.0,1.0,5.0,37.0,0.0,1.0,0.0,0.0,0.0,0.0,0.0,0.0,7.58,7.58
2024,17,MAM,TE,Tucker Kraft,GB,@MIN,11,0.0,0.0,0.0,0.0,0.0,0.0,0.0,0.0,0.0,3.0,2.0,53.0,0.0,2.0,0.0,7.30,7.3
2024,17,MAM,WR,Jalen Coker,CAR,@TB,25,0.0,0.0,0.0,0.0,0.0,0.0,0.0,0.0,0.0,2.0,2.0,35.0,0.0,2.0,0.0,5.50,5.5
2024,17,MAM,WR,Josh Downs,IND,@NYG,12,0.0,0.0,0.0,0.0,0.0,0.0,0.0,0.0,0.0,4.0,3.0,22.0,0.0,1.0,0.0,3.20,3.2
2024,17,MAM,RB,James Conner,ARI,@LAR,15,0.0,0.0,0.0,0.0,0.0,4.0,4.0,0.0,1.0,3.0,2.0,4.0,0.0,0.0,0.0,1.80,1.8
2024,17,MAM,RB,Roschon Johnson,CHI,SEA,18,0.0,0.0,0.0,0.0,0.0,4.0,5.0,0.0,1.0,0.0,0.0,0.0,0.0,0.0,0.0,1.50,1.5
2024,17,MAM,RB,Kenneth Gainwell,PHI,DAL,25,0.0,0.0,0.0,0.0,0.0,3.0,4.0,0.0,0.0,1.0,1.0,5.0,0.0,0.0,0.0,0.90,0.9
2024,17,MAM,QB,Tua Tagovailoa,MIA,@CLE,22,0.0,0.0,0.0,0.0,0.0,0.0,0.0,0.0,0.0,0.0,0.0,0.0,0.0,0.0,0.0,-,0.0
2024,17,MAM,WR,Rashid Shaheed,NO,LV,4,0.0,0.0,0.0,0.0,0.0,0.0,0.0,0.0,0.0,0.0,0.0,0.0,0.0,0.0,0.0,-,0.0
2024,17,MAM,RB,Alvin Kamara,NO,LV,16,0.0,0.0,0.0,0.0,0.0,0.0,0.0,0.0,0.0,0.0,0.0,0.0,0.0,0.0,0.0,-,0.0
2024,17,MAM,WR,Rashee Rice,KC,@PIT,14,0.0,0.0,0.0,0.0,0.0,0.0,0.0,0.0,0.0,0.0,0.0,0.0,0.0,0.0,0.0,-,0.0
2024,17,MAM,TE,David Njoku,CLE,MIA,18,0.0,0.0,0.0,0.0,0.0,0.0,0.0,0.0,0.0,0.0,0.0,0.0,0.0,0.0,0.0,-,0.0
2024,17,MAM,DST,Ravens,BAL,@HOU,19,,,,,,,,,,,,,,,,20.00,20.0
2024,17,MCM,QB,Justin Herbert,LAC,@NE,17,26.0,38.0,281.0,3.0,0.0,3.0,12.0,0.0,2.0,0.0,0.0,0.0,0.0,0.0,0.0,26.44,26.44
2024,17,MCM,WR,Puka Nacua,LAR,ARI,10,0.0,0.0,0.0,0.0,0.0,0.0,0.0,0.0,0.0,14.0,10.0,129.0,0.0,5.0,0.0,17.90,17.9
2024,17,MCM,WR,Jordan Addison,MIN,GB,6,0.0,0.0,0.0,0.0,0.0,0.0,0.0,0.0,0.0,8.0,6.0,69.0,1.0,4.0,0.0,16.90,16.9
2024,17,MCM,RB,Isaac Guerendo,SF,DET,5,0.0,0.0,0.0,0.0,0.0,9.0,34.0,0.0,3.0,4.0,4.0,65.0,0.0,2.0,0.0,14.90,14.9
2024,17,MCM,RB,Travis Etienne,JAC,TEN,21,0.0,0.0,0.0,0.0,0.0,15.0,49.0,0.0,2.0,2.0,1.0,26.0,0.0,1.0,0.0,10.50,10.5
2024,17,MCM,WR,Jauan Jennings,SF,DET,30,0.0,0.0,0.0,0.0,0.0,0.0,0.0,0.0,0.0,10.0,7.0,67.0,0.0,2.0,0.0,8.70,8.7
2024,17,MCM,WR,Nick Westbrook-Ikhine,TEN,@JAC,28,0.0,0.0,0.0,0.0,0.0,0.0,0.0,0.0,0.0,6.0,3.0,37.0,0.0,2.0,0.0,5.70,5.7
2024,17,MCM,WR,Ray-Ray McCloud,ATL,@WAS,11,0.0,0.0,0.0,0.0,0.0,1.0,14.0,0.0,1.0,1.0,1.0,13.0,0.0,1.0,0.0,4.70,4.7
2024,17,MCM,RB,Joe Mixon,HOU,BAL,4,0.0,0.0,0.0,0.0,0.0,9.0,26.0,0.0,0.0,3.0,2.0,13.0,0.0,0.0,0.0,3.90,3.9
2024,17,MCM,RB,Kimani Vidal,LAC,@NE,26,0.0,0.0,0.0,0.0,0.0,5.0,24.0,0.0,1.0,2.0,0.0,0.0,0.0,0.0,0.0,3.40,3.4
2024,17,MCM,TE,Dalton Schultz,HOU,BAL,19,0.0,0.0,0.0,0.0,0.0,0.0,0.0,0.0,0.0,6.0,2.0,21.0,0.0,1.0,0.0,3.10,3.1
2024,17,MCM,RB,Jeremy McNichols,WAS,ATL,10,0.0,0.0,0.0,0.0,0.0,1.0,5.0,0.0,0.0,3.0,2.0,5.0,0.0,1.0,0.0,2.00,2.0
2024,17,MCM,RB,Ray Davis,BUF,NYJ,13,0.0,0.0,0.0,0.0,0.0,6.0,9.0,0.0,0.0,1.0,1.0,4.0,0.0,0.0,0.0,1.30,1.3
2024,17,MCM,TE,Cade Otton,TB,CAR,32,0.0,0.0,0.0,0.0,0.0,0.0,0.0,0.0,0.0,0.0,0.0,0.0,0.0,0.0,0.0,-,0.0
2024,17,MCM,RB,Christian McCaffrey,SF,DET,5,0.0,0.0,0.0,0.0,0.0,0.0,0.0,0.0,0.0,0.0,0.0,0.0,0.0,0.0,0.0,-,0.0
2024,17,MCM,RB,Zack Moss,CIN,DEN,11,0.0,0.0,0.0,0.0,0.0,0.0,0.0,0.0,0.0,0.0,0.0,0.0,0.0,0.0,0.0,-,0.0
2024,17,MCM,QB,Derek Carr,NO,LV,16,0.0,0.0,0.0,0.0,0.0,0.0,0.0,0.0,0.0,0.0,0.0,0.0,0.0,0.0,0.0,-,0.0
2024,17,MCM,RB,Jaylen Wright,MIA,@CLE,7,0.0,0.0,0.0,0.0,0.0,0.0,0.0,0.0,0.0,0.0,0.0,0.0,0.0,0.0,0.0,0.00,0.0
2024,17,MCM,RB,Patrick Taylor,SF,DET,5,0.0,0.0,0.0,0.0,0.0,0.0,0.0,0.0,0.0,0.0,0.0,0.0,0.0,0.0,0.0,0.00,0.0
2024,17,MCM,DST,Vikings,MIN,GB,7,,,,,,,,,,,,,,,,6.00,6.0
2024,17,MWM,TE,George Kittle,SF,DET,2,0.0,0.0,0.0,0.0,0.0,0.0,0.0,0.0,0.0,8.0,8.0,112.0,0.0,5.0,0.0,16.20,16.2
2024,17,MWM,WR,Jakobi Meyers,LV,@NO,26,0.0,0.0,0.0,0.0,0.0,0.0,0.0,0.0,0.0,9.0,5.0,61.0,1.0,4.0,0.0,16.10,16.1
2024,17,MWM,QB,Matthew Stafford,LAR,ARI,12,17.0,32.0,189.0,0.0,0.0,6.0,16.0,0.0,3.0,0.0,0.0,0.0,0.0,0.0,0.0,12.16,12.16
2024,17,MWM,RB,Najee Harris,PIT,KC,1,0.0,0.0,0.0,0.0,0.0,13.0,74.0,0.0,3.0,4.0,2.0,7.0,0.0,0.0,0.0,11.10,11.1
2024,17,MWM,WR,Darnell Mooney,ATL,@WAS,11,0.0,0.0,0.0,0.0,0.0,0.0,0.0,0.0,0.0,5.0,2.0,37.0,0.0,2.0,0.0,5.70,5.7
2024,17,MWM,RB,Tank Bigsby,JAC,TEN,21,0.0,0.0,0.0,0.0,0.0,11.0,33.0,0.0,2.0,1.0,0.0,0.0,0.0,0.0,0.0,5.30,5.3
2024,17,MWM,WR,Devaughn Vele,DEN,@CIN,19,0.0,0.0,0.0,0.0,0.0,0.0,0.0,0.0,0.0,2.0,2.0,27.0,0.0,2.0,0.0,4.70,4.7
2024,17,MWM,WR,Kendrick Bourne,NE,LAC,16,0.0,0.0,0.0,0.0,0.0,0.0,0.0,0.0,0.0,4.0,2.0,22.0,0.0,1.0,0.0,3.20,3.2
2024,17,MWM,RB,Jerome Ford,CLE,MIA,14,0.0,0.0,0.0,0.0,0.0,6.0,22.0,0.0,1.0,0.0,0.0,0.0,0.0,0.0,0.0,3.20,3.2
2024,17,MWM,WR,Tyler Lockett,SEA,@CHI,3,0.0,0.0,0.0,0.0,0.0,0.0,0.0,0.0,0.0,4.0,3.0,20.0,0.0,1.0,0.0,3.00,3.0
2024,17,MWM,QB,Aaron Rodgers,NYJ,@BUF,6,12.0,18.0,112.0,0.0,2.0,0.0,0.0,0.0,0.0,0.0,0.0,0.0,0.0,0.0,0.0,0.48,0.48
2024,17,MWM,WR,DJ Chark,LAC,@NE,18,0.0,0.0,0.0,0.0,0.0,0.0,0.0,0.0,0.0,4.0,0.0,0.0,0.0,0.0,0.0,0.00,0.0
2024,17,MWM,TE,Cole Kmet,CHI,SEA,13,0.0,0.0,0.0,0.0,0.0,0.0,0.0,0.0,0.0,0.0,0.0,0.0,0.0,0.0,0.0,0.00,0.0
2024,17,MWM,QB,Tommy DeVito,NYG,IND,24,0.0,0.0,0.0,0.0,0.0,0.0,0.0,0.0,0.0,0.0,0.0,0.0,0.0,0.0,0.0,-,0.0
2024,17,MWM,RB,Austin Ekeler,WAS,ATL,10,0.0,0.0,0.0,0.0,0.0,0.0,0.0,0.0,0.0,0.0,0.0,0.0,0.0,0.0,0.0,-,0.0
2024,17,MWM,WR,Jaylen Waddle,MIA,@CLE,29,0.0,0.0,0.0,0.0,0.0,0.0,0.0,0.0,0.0,0.0,0.0,0.0,0.0,0.0,0.0,-,0.0
2024,17,MWM,WR,Stefon Diggs,HOU,BAL,31,0.0,0.0,0.0,0.0,0.0,0.0,0.0,0.0,0.0,0.0,0.0,0.0,0.0,0.0,0.0,-,0.0
2024,17,MWM,RB,Nick Chubb,CLE,MIA,14,0.0,0.0,0.0,0.0,0.0,0.0,0.0,0.0,0.0,0.0,0.0,0.0,0.0,0.0,0.0,-,0.0
2024,17,MWM,DST,Dolphins,MIA,@CLE,31,17.0,17.0,,,,,,,,,,,,,,,
2024,17,MWM,DST,Bills,BUF,NYJ,18,,,,,,,,,,,,,,,,16.00,16.0
2024,17,NN,QB,Joe Burrow,CIN,DEN,13,39.0,49.0,412.0,3.0,0.0,4.0,25.0,1.0,2.0,0.0,0.0,0.0,0.0,0.0,0.0,38.98,38.98
2024,17,NN,RB,Derrick Henry,BAL,@HOU,9,0.0,0.0,0.0,0.0,0.0,27.0,147.0,1.0,11.0,2.0,2.0,18.0,0.0,1.0,0.0,34.50,34.5
2024,17,NN,WR,Malik Nabers,NYG,IND,20,0.0,0.0,0.0,0.0,0.0,0.0,0.0,0.0,0.0,8.0,7.0,171.0,2.0,4.0,0.0,33.10,33.1
2024,17,NN,WR,Xavier Worthy,KC,@PIT,14,0.0,0.0,0.0,0.0,0.0,2.0,10.0,0.0,0.0,9.0,8.0,79.0,1.0,5.0,0.0,19.90,19.9
2024,17,NN,QB,Aidan O'Connell,LV,@NO,11,20.0,35.0,242.0,2.0,0.0,3.0,-1.0,0.0,1.0,0.0,0.0,0.0,0.0,0.0,0.0,18.68,18.68
2024,17,NN,WR,Amari Cooper,BUF,NYJ,7,0.0,0.0,0.0,0.0,0.0,0.0,0.0,0.0,0.0,3.0,3.0,56.0,1.0,1.0,0.0,12.60,12.6
2024,17,NN,WR,Justin Jefferson,MIN,GB,6,0.0,0.0,0.0,0.0,0.0,0.0,0.0,0.0,0.0,11.0,8.0,92.0,0.0,2.0,0.0,11.20,11.2
2024,17,NN,WR,Keon Coleman,BUF,NYJ,7,0.0,0.0,0.0,0.0,0.0,0.0,0.0,0.0,0.0,7.0,3.0,27.0,1.0,2.0,0.0,10.70,10.7
2024,17,NN,RB,Zach Charbonnet,SEA,@CHI,29,0.0,0.0,0.0,0.0,0.0,15.0,57.0,0.0,3.0,3.0,3.0,19.0,0.0,0.0,0.0,10.60,10.6
2024,17,NN,RB,Breece Hall,NYJ,@BUF,27,0.0,0.0,0.0,0.0,0.0,10.0,45.0,0.0,4.0,1.0,1.0,8.0,0.0,0.0,0.0,9.30,9.3
2024,17,NN,WR,Malik Washington,MIA,@CLE,29,0.0,0.0,0.0,0.0,0.0,1.0,-11.0,0.0,0.0,5.0,4.0,41.0,0.0,3.0,0.0,7.10,7.1
2024,17,NN,QB,Cooper Rush,DAL,@PHI,8,15.0,28.0,147.0,1.0,2.0,1.0,2.0,0.0,1.0,0.0,0.0,0.0,0.0,0.0,0.0,7.08,7.08
2024,17,NN,TE,Pat Freiermuth,PIT,KC,28,0.0,0.0,0.0,0.0,0.0,0.0,0.0,0.0,0.0,8.0,7.0,60.0,0.0,2.0,1.0,6.00,6.0
2024,17,NN,RB,Braelon Allen,NYJ,@BUF,27,0.0,0.0,0.0,0.0,0.0,6.0,26.0,0.0,2.0,0.0,0.0,0.0,0.0,0.0,0.0,4.60,4.6
2024,17,NN,RB,Tyler Allgeier,ATL,@WAS,20,0.0,0.0,0.0,0.0,0.0,3.0,19.0,0.0,1.0,0.0,0.0,0.0,0.0,0.0,0.0,2.90,2.9
2024,17,NN,QB,Dak Prescott,DAL,@PHI,8,0.0,0.0,0.0,0.0,0.0,0.0,0.0,0.0,0.0,0.0,0.0,0.0,0.0,0.0,0.0,-,0.0
2024,17,NN,WR,Troy Franklin,DEN,@CIN,19,0.0,0.0,0.0,0.0,0.0,0.0,0.0,0.0,0.0,2.0,1.0,-1.0,0.0,0.0,0.0,0.00,0.0
2024,17,NN,RB,Justice Hill,BAL,@HOU,9,0.0,0.0,0.0,0.0,0.0,0.0,0.0,0.0,0.0,0.0,0.0,0.0,0.0,0.0,0.0,-,0.0
2024,17,NN,TE,Evan Engram,JAC,TEN,4,0.0,0.0,0.0,0.0,0.0,0.0,0.0,0.0,0.0,0.0,0.0,0.0,0.0,0.0,0.0,-,0.0
2024,17,NN,DST,Packers,GB,@MIN,15,,,,,,,,,,,,,,,,4.00,4.0
2024,17,VD,QB,Baker Mayfield,TB,CAR,29,27.0,32.0,359.0,5.0,0.0,1.0,2.0,0.0,0.0,0.0,0.0,0.0,0.0,0.0,0.0,34.56,34.56
2024,17,VD,RB,Bucky Irving,TB,CAR,32,0.0,0.0,0.0,0.0,0.0,20.0,113.0,0.0,7.0,4.0,4.0,77.0,0.0,3.0,0.0,29.00,29.0
2024,17,VD,RB,Bijan Robinson,ATL,@WAS,20,0.0,0.0,0.0,0.0,0.0,17.0,90.0,2.0,6.0,5.0,3.0,8.0,0.0,0.0,0.0,27.80,27.8
2024,17,VD,WR,Adam Thielen,CAR,@TB,25,0.0,0.0,0.0,0.0,0.0,0.0,0.0,0.0,0.0,6.0,5.0,110.0,2.0,4.0,0.0,27.00,27.0
2024,17,VD,WR,Ladd McConkey,LAC,@NE,18,0.0,0.0,0.0,0.0,0.0,0.0,0.0,0.0,0.0,10.0,8.0,94.0,2.0,4.0,0.0,25.40,25.4
2024,17,VD,QB,Bryce Young,CAR,@TB,30,15.0,28.0,203.0,2.0,0.0,2.0,8.0,0.0,1.0,0.0,0.0,0.0,0.0,0.0,0.0,17.92,17.92
2024,17,VD,QB,Spencer Rattler,NO,LV,16,20.0,36.0,218.0,1.0,2.0,3.0,46.0,0.0,3.0,0.0,0.0,0.0,0.0,0.0,0.0,16.32,16.32
2024,17,VD,RB,Tyjae Spears,TEN,@JAC,30,0.0,0.0,0.0,0.0,0.0,20.0,95.0,0.0,6.0,4.0,3.0,8.0,0.0,0.0,0.0,16.30,16.3
2024,17,VD,WR,Marvin Harrison,ARI,@LAR,22,0.0,0.0,0.0,0.0,0.0,0.0,0.0,0.0,0.0,10.0,6.0,96.0,0.0,4.0,0.0,13.60,13.6
2024,17,VD,TE,Kyle Pitts,ATL,@WAS,15,0.0,0.0,0.0,0.0,0.0,0.0,0.0,0.0,0.0,5.0,4.0,44.0,1.0,2.0,0.0,12.40,12.4
2024,17,VD,WR,Rome Odunze,CHI,SEA,13,0.0,0.0,0.0,0.0,0.0,0.0,0.0,0.0,0.0,4.0,1.0,15.0,0.0,1.0,0.0,2.50,2.5
2024,17,VD,TE,Noah Gray,KC,@PIT,21,0.0,0.0,0.0,0.0,0.0,0.0,0.0,0.0,0.0,1.0,1.0,6.0,0.0,0.0,0.0,0.60,0.6
2024,17,VD,QB,Justin Fields,PIT,KC,15,0.0,0.0,0.0,0.0,0.0,0.0,0.0,0.0,0.0,0.0,0.0,0.0,0.0,0.0,0.0,-,0.0
2024,17,VD,RB,Javonte Williams,DEN,@CIN,19,0.0,0.0,0.0,0.0,0.0,0.0,0.0,0.0,0.0,2.0,2.0,0.0,0.0,0.0,0.0,0.00,0.0
2024,17,VD,QB,Anthony Richardson,IND,@NYG,20,0.0,0.0,0.0,0.0,0.0,0.0,0.0,0.0,0.0,0.0,0.0,0.0,0.0,0.0,0.0,-,0.0
2024,17,VD,RB,Trey Benson,ARI,@LAR,15,0.0,0.0,0.0,0.0,0.0,0.0,0.0,0.0,0.0,0.0,0.0,0.0,0.0,0.0,0.0,-,0.0
2024,17,VD,WR,Chris Godwin,TB,CAR,21,0.0,0.0,0.0,0.0,0.0,0.0,0.0,0.0,0.0,0.0,0.0,0.0,0.0,0.0,0.0,-,0.0
2024,17,VD,RB,Jerick McKinnon Dead Cap,KC,0,0,0.0,0.0,0.0,0.0,0.0,0.0,0.0,0.0,0.0,0.0,0.0,0.0,0.0,0.0,0.0,-,0.0
2024,17,VD,RB,Sincere McCormick,LV,@NO,28,0.0,0.0,0.0,0.0,0.0,0.0,0.0,0.0,0.0,0.0,0.0,0.0,0.0,0.0,0.0,-,0.0
2024,17,VD,QB,Will Levis,TEN,@JAC,32,0.0,0.0,0.0,0.0,0.0,0.0,0.0,0.0,0.0,0.0,0.0,0.0,0.0,0.0,0.0,-,0.0
2024,17,VD,WR,Cedric Tillman,CLE,MIA,2,0.0,0.0,0.0,0.0,0.0,0.0,0.0,0.0,0.0,0.0,0.0,0.0,0.0,0.0,0.0,-,0.0
2024,17,VD,DST,Cardinals,ARI,@LAR,9,,,,,,,,,,,,,,,,4.00,4.0
2024,17,WLW,QB,Lamar Jackson,BAL,@HOU,18,10.0,15.0,168.0,2.0,0.0,4.0,87.0,1.0,3.0,0.0,0.0,0.0,0.0,0.0,0.0,32.42,32.42
2024,17,WLW,WR,Mike Evans,TB,CAR,21,0.0,0.0,0.0,0.0,0.0,0.0,0.0,0.0,0.0,9.0,8.0,97.0,2.0,6.0,0.0,27.70,27.7
2024,17,WLW,QB,Jared Goff,DET,@SF,7,26.0,34.0,303.0,3.0,0.0,3.0,-3.0,0.0,0.0,0.0,0.0,0.0,0.0,0.0,0.0,26.12,26.12
2024,17,WLW,WR,Alec Pierce,IND,@NYG,12,0.0,0.0,0.0,0.0,0.0,0.0,0.0,0.0,0.0,9.0,6.0,122.0,1.0,5.0,0.0,23.20,23.2
2024,17,WLW,TE,Sam LaPorta,DET,@SF,6,0.0,0.0,0.0,0.0,0.0,0.0,0.0,0.0,0.0,8.0,6.0,64.0,1.0,4.0,0.0,16.40,16.4
2024,17,WLW,RB,Rico Dowdle,DAL,@PHI,2,0.0,0.0,0.0,0.0,0.0,23.0,104.0,0.0,6.0,1.0,1.0,4.0,0.0,0.0,1.0,14.80,14.8
2024,17,WLW,RB,Kyren Williams,LAR,ARI,23,0.0,0.0,0.0,0.0,0.0,13.0,56.0,1.0,1.0,3.0,3.0,16.0,0.0,0.0,0.0,14.20,14.2
2024,17,WLW,RB,Chase Brown,CIN,DEN,11,0.0,0.0,0.0,0.0,0.0,20.0,67.0,0.0,3.0,4.0,4.0,24.0,0.0,2.0,0.0,14.10,14.1
2024,17,WLW,WR,Nico Collins,HOU,BAL,31,0.0,0.0,0.0,0.0,0.0,0.0,0.0,0.0,0.0,6.0,3.0,59.0,0.0,3.0,0.0,8.90,8.9
2024,17,WLW,QB,CJ Stroud,HOU,BAL,25,17.0,31.0,185.0,0.0,1.0,1.0,7.0,0.0,0.0,0.0,0.0,0.0,0.0,0.0,0.0,6.10,6.1
2024,17,WLW,WR,Cooper Kupp,LAR,ARI,10,0.0,0.0,0.0,0.0,0.0,0.0,0.0,0.0,0.0,3.0,1.0,29.0,0.0,1.0,0.0,3.90,3.9
2024,17,WLW,WR,Rashod Bateman,BAL,@HOU,23,0.0,0.0,0.0,0.0,0.0,0.0,0.0,0.0,0.0,1.0,1.0,12.0,0.0,1.0,0.0,2.20,2.2
2024,17,WLW,TE,Dawson Knox,BUF,NYJ,9,0.0,0.0,0.0,0.0,0.0,0.0,0.0,0.0,0.0,3.0,1.0,4.0,0.0,0.0,0.0,0.40,0.4
2024,17,WLW,WR,CeeDee Lamb,DAL,@PHI,8,0.0,0.0,0.0,0.0,0.0,0.0,0.0,0.0,0.0,0.0,0.0,0.0,0.0,0.0,0.0,-,0.0
2024,17,WLW,TE,Erick All,CIN,DEN,14,0.0,0.0,0.0,0.0,0.0,0.0,0.0,0.0,0.0,0.0,0.0,0.0,0.0,0.0,0.0,-,0.0
2024,17,WLW,WR,Diontae Johnson,HOU,BAL,31,0.0,0.0,0.0,0.0,0.0,0.0,0.0,0.0,0.0,0.0,0.0,0.0,0.0,0.0,0.0,-,0.0
2024,17,WLW,RB,Chuba Hubbard,CAR,@TB,6,0.0,0.0,0.0,0.0,0.0,0.0,0.0,0.0,0.0,0.0,0.0,0.0,0.0,0.0,0.0,-,0.0
2024,17,WLW,WR,Christian Kirk,JAC,TEN,1,0.0,0.0,0.0,0.0,0.0,0.0,0.0,0.0,0.0,0.0,0.0,0.0,0.0,0.0,0.0,-,0.0
2024,17,WLW,DST,Broncos,DEN,@CIN,16,10.0,10.0,,,,,,,,,,,,,,,
2024,17,WLW,DST,Saints,NO,LV,29,1.0,1.0,,,,,,,,,,,,,,,
2024,17,WLW,DST,Colts,IND,@NYG,30,,,,,,,,,,,,,,,,-3.00,-3.0
2025,1,AFL,WR,Zay Flowers,BAL,@BUF,27,0.0,0.0,0.0,0.0,0.0,2.0,8.0,0.0,0.0,9.0,7.0,143.0,1.0,5.0,0.0,26.10,26.1
2025,1,AFL,QB,Jayden Daniels,WAS,NYG,20,19.0,30.0,233.0,1.0,0.0,11.0,68.0,0.0,3.0,0.0,0.0,0.0,0.0,0.0,0.0,23.12,23.12
2025,1,AFL,WR,Quentin Johnston,LAC,KC,30,0.0,0.0,0.0,0.0,0.0,0.0,0.0,0.0,0.0,7.0,5.0,79.0,2.0,3.0,0.0,22.90,22.9
2025,1,AFL,WR,Emeka Egbuka,TB,@ATL,26,0.0,0.0,0.0,0.0,0.0,1.0,9.0,0.0,0.0,6.0,4.0,67.0,2.0,2.0,0.0,21.60,21.6
2025,1,AFL,QB,Kyler Murray,ARI,@NO,19,21.0,29.0,163.0,2.0,0.0,7.0,38.0,0.0,3.0,0.0,0.0,0.0,0.0,0.0,0.0,21.32,21.32
2025,1,AFL,RB,Travis Etienne,JAC,CAR,24,0.0,0.0,0.0,0.0,0.0,16.0,143.0,0.0,3.0,3.0,3.0,13.0,0.0,1.0,0.0,19.60,19.6
2025,1,AFL,WR,Keenan Allen,LAC,KC,30,0.0,0.0,0.0,0.0,0.0,0.0,0.0,0.0,0.0,10.0,7.0,68.0,1.0,6.0,0.0,18.80,18.8
2025,1,AFL,RB,Aaron Jones,MIN,@CHI,---,0.0,0.0,0.0,0.0,0.0,8.0,23.0,0.0,1.0,3.0,3.0,44.0,1.0,2.0,0.0,15.70,15.7
2025,1,AFL,TE,Brock Bowers,LV,@NE,29,0.0,0.0,0.0,0.0,0.0,0.0,0.0,0.0,0.0,8.0,5.0,103.0,0.0,4.0,0.0,14.30,14.3
2025,1,AFL,RB,Dylan Sampson,CLE,CIN,20,0.0,0.0,0.0,0.0,0.0,12.0,29.0,0.0,2.0,8.0,8.0,64.0,0.0,2.0,0.0,13.30,13.3
2025,1,AFL,WR,DeAndre Hopkins,BAL,@BUF,27,0.0,0.0,0.0,0.0,0.0,0.0,0.0,0.0,0.0,2.0,2.0,35.0,1.0,1.0,0.0,10.50,10.5
2025,1,AFL,RB,Jahmyr Gibbs,DET,@GB,8,0.0,0.0,0.0,0.0,0.0,9.0,19.0,0.0,1.0,10.0,10.0,31.0,0.0,1.0,0.0,7.00,7.0
2025,1,AFL,TE,Dallas Goedert,PHI,DAL,11,0.0,0.0,0.0,0.0,0.0,0.0,0.0,0.0,0.0,7.0,7.0,44.0,0.0,2.0,0.0,6.40,6.4
2025,1,AFL,WR,Tee Higgins,CIN,@CLE,2,0.0,0.0,0.0,0.0,0.0,0.0,0.0,0.0,0.0,4.0,3.0,33.0,0.0,2.0,0.0,5.30,5.3
2025,1,AFL,RB,Rhamondre Stevenson,NE,LV,4,0.0,0.0,0.0,0.0,0.0,7.0,15.0,0.0,1.0,3.0,2.0,12.0,0.0,0.0,0.0,3.70,3.7
2025,1,AFL,WR,Adonai Mitchell,IND,MIA,21,0.0,0.0,0.0,0.0,0.0,0.0,0.0,0.0,0.0,2.0,2.0,21.0,0.0,1.0,0.0,3.10,3.1
2025,1,AFL,WR,AJ Brown,PHI,DAL,3,0.0,0.0,0.0,0.0,0.0,0.0,0.0,0.0,0.0,1.0,1.0,8.0,0.0,0.0,0.0,0.80,0.8
2025,1,AFL,RB,Trevor Etienne,CAR,@JAC,17,0.0,0.0,0.0,0.0,0.0,1.0,4.0,0.0,0.0,0.0,0.0,0.0,0.0,0.0,0.0,0.40,0.4
2025,1,AFL,DST,Chiefs,KC,@LAC,11,,,,,,,,,,,,,,,,3.00,3.0
2025,1,CC,QB,Aaron Rodgers,PIT,@NYJ,22,22.0,30.0,244.0,4.0,0.0,1.0,-1.0,0.0,0.0,0.0,0.0,0.0,0.0,0.0,0.0,25.76,25.76
2025,1,CC,RB,James Cook,BUF,BAL,21,0.0,0.0,0.0,0.0,0.0,13.0,44.0,1.0,3.0,5.0,5.0,58.0,0.0,1.0,0.0,20.20,20.2
2025,1,CC,QB,Brock Purdy,SF,@SEA,16,26.0,35.0,277.0,2.0,2.0,5.0,17.0,0.0,0.0,0.0,0.0,0.0,0.0,0.0,0.0,16.78,16.78
2025,1,CC,WR,Calvin Austin,PIT,@NYJ,25,0.0,0.0,0.0,0.0,0.0,0.0,0.0,0.0,0.0,6.0,4.0,70.0,1.0,3.0,0.0,16.00,16.0
2025,1,CC,WR,Ricky Pearsall,SF,@SEA,6,0.0,0.0,0.0,0.0,0.0,0.0,0.0,0.0,0.0,7.0,4.0,108.0,0.0,4.0,0.0,14.80,14.8
2025,1,CC,QB,Drake Maye,NE,LV,15,30.0,46.0,287.0,1.0,1.0,4.0,11.0,0.0,0.0,1.0,1.0,2.0,0.0,0.0,0.0,14.78,14.78
2025,1,CC,QB,Joe Flacco,CLE,CIN,12,31.0,45.0,290.0,1.0,2.0,2.0,6.0,0.0,1.0,0.0,0.0,0.0,0.0,0.0,0.0,13.20,13.2
2025,1,CC,WR,DK Metcalf,PIT,@NYJ,25,0.0,0.0,0.0,0.0,0.0,0.0,0.0,0.0,0.0,7.0,4.0,83.0,0.0,4.0,0.0,12.30,12.3
2025,1,CC,TE,Zach Ertz,WAS,NYG,15,0.0,0.0,0.0,0.0,0.0,0.0,0.0,0.0,0.0,5.0,3.0,26.0,1.0,2.0,0.0,10.60,10.6
2025,1,CC,TE,Trey McBride,ARI,@NO,21,0.0,0.0,0.0,0.0,0.0,0.0,0.0,0.0,0.0,9.0,6.0,61.0,0.0,4.0,0.0,10.10,10.1
2025,1,CC,WR,Brian Thomas,JAC,CAR,13,0.0,0.0,0.0,0.0,0.0,1.0,9.0,1.0,1.0,7.0,1.0,11.0,0.0,1.0,0.0,10.00,10.0
2025,1,CC,WR,Amon-Ra St Brown,DET,@GB,16,0.0,0.0,0.0,0.0,0.0,0.0,0.0,0.0,0.0,6.0,4.0,45.0,0.0,4.0,0.0,8.50,8.5
2025,1,CC,RB,David Montgomery,DET,@GB,8,0.0,0.0,0.0,0.0,0.0,11.0,25.0,0.0,1.0,4.0,4.0,18.0,0.0,1.0,0.0,6.30,6.3
2025,1,CC,RB,TreVeyon Henderson,NE,LV,4,0.0,0.0,0.0,0.0,0.0,5.0,27.0,0.0,1.0,6.0,6.0,24.0,0.0,0.0,0.0,6.10,6.1
2025,1,CC,TE,Mason Taylor,NYJ,PIT,12,0.0,0.0,0.0,0.0,0.0,0.0,0.0,0.0,0.0,1.0,1.0,20.0,0.0,1.0,0.0,3.00,3.0
2025,1,CC,RB,Rachaad White,TB,@ATL,9,0.0,0.0,0.0,0.0,0.0,2.0,14.0,0.0,1.0,1.0,1.0,2.0,0.0,0.0,0.0,2.60,2.6
2025,1,CC,WR,Tre Harris,LAC,KC,30,0.0,0.0,0.0,0.0,0.0,0.0,0.0,0.0,0.0,1.0,1.0,11.0,0.0,1.0,0.0,2.10,2.1
2025,1,CC,RB,Najee Harris,LAC,KC,5,0.0,0.0,0.0,0.0,0.0,1.0,5.0,0.0,0.0,1.0,1.0,5.0,0.0,0.0,0.0,1.00,1.0
2025,1,CC,DST,Packers,GB,DET,26,,,,,,,,,,,,,,,,12.00,12.0
2025,1,CRB,QB,Josh Allen,BUF,BAL,30,33.0,46.0,394.0,2.0,0.0,14.0,30.0,2.0,4.0,0.0,0.0,0.0,0.0,0.0,0.0,42.76,42.76
2025,1,CRB,RB,Jacory Croskey-Merritt,WAS,NYG,27,0.0,0.0,0.0,0.0,0.0,10.0,82.0,1.0,4.0,1.0,0.0,0.0,0.0,0.0,0.0,18.20,18.2
2025,1,CRB,RB,De'Von Achane,MIA,@IND,14,0.0,0.0,0.0,0.0,0.0,7.0,55.0,0.0,2.0,4.0,3.0,20.0,1.0,1.0,0.0,16.50,16.5
2025,1,CRB,WR,Courtland Sutton,DEN,TEN,15,0.0,0.0,0.0,0.0,0.0,0.0,0.0,0.0,0.0,9.0,6.0,61.0,1.0,4.0,0.0,16.10,16.1
2025,1,CRB,RB,Jonathan Taylor,IND,MIA,17,0.0,0.0,0.0,0.0,0.0,18.0,71.0,0.0,3.0,3.0,3.0,27.0,0.0,2.0,0.0,14.80,14.8
2025,1,CRB,WR,Tetairoa McMillan,CAR,@JAC,4,0.0,0.0,0.0,0.0,0.0,0.0,0.0,0.0,0.0,9.0,5.0,68.0,0.0,4.0,0.0,10.80,10.8
2025,1,CRB,TE,Hunter Henry,NE,LV,19,0.0,0.0,0.0,0.0,0.0,0.0,0.0,0.0,0.0,8.0,4.0,66.0,0.0,3.0,0.0,9.60,9.6
2025,1,CRB,QB,Bo Nix,DEN,TEN,6,25.0,40.0,176.0,1.0,2.0,8.0,18.0,0.0,2.0,0.0,0.0,0.0,0.0,0.0,1.0,8.84,8.84
2025,1,CRB,WR,George Pickens,DAL,@PHI,19,0.0,0.0,0.0,0.0,0.0,0.0,0.0,0.0,0.0,4.0,3.0,30.0,0.0,2.0,0.0,5.00,5.0
2025,1,CRB,WR,Jack Bech,LV,@NE,28,0.0,0.0,0.0,0.0,0.0,0.0,0.0,0.0,0.0,1.0,1.0,23.0,0.0,1.0,0.0,3.30,3.3
2025,1,CRB,WR,DeVonta Smith,PHI,DAL,3,0.0,0.0,0.0,0.0,0.0,0.0,0.0,0.0,0.0,3.0,3.0,16.0,0.0,1.0,0.0,2.60,2.6
2025,1,CRB,WR,Kyle Williams,NE,LV,23,0.0,0.0,0.0,0.0,0.0,0.0,0.0,0.0,0.0,1.0,1.0,12.0,0.0,1.0,0.0,2.20,2.2
2025,1,CRB,WR,Jaylin Lane,WAS,NYG,22,0.0,0.0,0.0,0.0,0.0,0.0,0.0,0.0,0.0,2.0,1.0,11.0,0.0,1.0,0.0,2.10,2.1
2025,1,CRB,WR,Adam Thielen,MIN,@CHI,---,0.0,0.0,0.0,0.0,0.0,0.0,0.0,0.0,0.0,1.0,0.0,0.0,0.0,0.0,0.0,2.00,2.0
2025,1,CRB,TE,TJ Hockenson,MIN,@CHI,---,0.0,0.0,0.0,0.0,0.0,0.0,0.0,0.0,0.0,4.0,3.0,15.0,0.0,0.0,0.0,1.50,1.5
2025,1,CRB,RB,Roschon Johnson,CHI,MIN,---,0.0,0.0,0.0,0.0,0.0,0.0,0.0,0.0,0.0,0.0,0.0,0.0,0.0,0.0,0.0,-,0.0
2025,1,CRB,WR,Jalen McMillan,TB,@ATL,27,0.0,0.0,0.0,0.0,0.0,0.0,0.0,0.0,0.0,0.0,0.0,0.0,0.0,0.0,0.0,-,0.0
2025,1,CRB,DST,Commanders,WAS,NYG,22,10.0,10.0,,,,,,,,,,,,,,,
2025,1,CRB,DST,Eagles,PHI,DAL,15,4.0,4.0,,,,,,,,,,,,,,,
2025,1,CRB,DST,Ravens,BAL,@BUF,1,,,,,,,,,,,,,,,,-3.00,-3.0
2025,1,ELP,QB,Patrick Mahomes,KC,@LAC,25,24.0,39.0,258.0,1.0,0.0,6.0,57.0,1.0,5.0,0.0,0.0,0.0,0.0,0.0,0.0,31.02,31.02
2025,1,ELP,RB,Javonte Williams,DAL,@PHI,26,0.0,0.0,0.0,0.0,0.0,15.0,54.0,2.0,5.0,3.0,2.0,10.0,0.0,0.0,0.0,23.40,23.4
2025,1,ELP,TE,Dalton Kincaid,BUF,BAL,28,0.0,0.0,0.0,0.0,0.0,0.0,0.0,0.0,0.0,4.0,4.0,48.0,1.0,3.0,0.0,13.80,13.8
2025,1,ELP,TE,Tyler Warren,IND,MIA,26,0.0,0.0,0.0,0.0,0.0,1.0,3.0,0.0,1.0,9.0,7.0,76.0,0.0,4.0,0.0,12.90,12.9
2025,1,ELP,WR,Jayden Reed,GB,DET,20,0.0,0.0,0.0,0.0,0.0,0.0,0.0,0.0,0.0,5.0,3.0,45.0,1.0,2.0,0.0,12.50,12.5
2025,1,ELP,QB,Spencer Rattler,NO,ARI,11,27.0,46.0,214.0,0.0,0.0,4.0,29.0,0.0,1.0,0.0,0.0,0.0,0.0,0.0,0.0,12.46,12.46
2025,1,ELP,RB,Jordan Mason,MIN,@CHI,---,0.0,0.0,0.0,0.0,0.0,15.0,68.0,0.0,3.0,1.0,1.0,7.0,0.0,0.0,0.0,10.50,10.5
2025,1,ELP,WR,Mike Evans,TB,@ATL,26,0.0,0.0,0.0,0.0,0.0,0.0,0.0,0.0,0.0,8.0,5.0,51.0,0.0,4.0,0.0,9.10,9.1
2025,1,ELP,WR,Isaac TeSlaa,DET,@GB,16,0.0,0.0,0.0,0.0,0.0,0.0,0.0,0.0,0.0,1.0,1.0,13.0,1.0,1.0,0.0,8.30,8.3
2025,1,ELP,WR,Jameson Williams,DET,@GB,16,0.0,0.0,0.0,0.0,0.0,1.0,3.0,0.0,0.0,5.0,4.0,23.0,0.0,2.0,0.0,4.60,4.6
2025,1,ELP,RB,Tyrone Tracy,NYG,@WAS,1,0.0,0.0,0.0,0.0,0.0,10.0,24.0,0.0,1.0,5.0,2.0,11.0,0.0,0.0,0.0,4.50,4.5
2025,1,ELP,RB,Isiah Pacheco,KC,@LAC,2,0.0,0.0,0.0,0.0,0.0,5.0,25.0,0.0,1.0,3.0,2.0,3.0,0.0,0.0,0.0,3.80,3.8
2025,1,ELP,WR,Matthew Golden,GB,DET,20,0.0,0.0,0.0,0.0,0.0,0.0,0.0,0.0,0.0,2.0,2.0,16.0,0.0,1.0,0.0,2.60,2.6
2025,1,ELP,RB,Kenneth Walker,SEA,SF,12,0.0,0.0,0.0,0.0,0.0,10.0,20.0,0.0,0.0,3.0,3.0,4.0,0.0,0.0,0.0,2.40,2.4
2025,1,ELP,WR,Xavier Legette,CAR,@JAC,4,0.0,0.0,0.0,0.0,0.0,0.0,0.0,0.0,0.0,7.0,3.0,10.0,0.0,0.0,0.0,1.00,1.0
2025,1,ELP,WR,Tory Horton,SEA,SF,8,0.0,0.0,0.0,0.0,0.0,0.0,0.0,0.0,0.0,0.0,0.0,0.0,0.0,0.0,0.0,0.00,0.0
2025,1,ELP,RB,Jaydon Blue,DAL,@PHI,26,0.0,0.0,0.0,0.0,0.0,0.0,0.0,0.0,0.0,0.0,0.0,0.0,0.0,0.0,0.0,-,0.0
2025,1,ELP,QB,Jaxson Dart,NYG,@WAS,14,0.0,0.0,0.0,0.0,0.0,0.0,0.0,0.0,0.0,0.0,0.0,0.0,0.0,0.0,0.0,-,0.0
2025,1,ELP,RB,Phil Mafah,DAL,@PHI,26,0.0,0.0,0.0,0.0,0.0,0.0,0.0,0.0,0.0,0.0,0.0,0.0,0.0,0.0,0.0,-,0.0
2025,1,ELP,DST,Texans,HOU,@LAR,16,,,,,,,,,,,,,,,,6.00,6.0
2025,1,FRR,RB,Christian McCaffrey,SF,@SEA,28,0.0,0.0,0.0,0.0,0.0,22.0,69.0,0.0,6.0,10.0,9.0,73.0,0.0,3.0,0.0,23.20,23.2
2025,1,FRR,QB,Matthew Stafford,LAR,HOU,13,21.0,29.0,245.0,1.0,0.0,4.0,-2.0,0.0,0.0,0.0,0.0,0.0,0.0,0.0,0.0,13.80,13.8
2025,1,FRR,TE,Travis Kelce,KC,@LAC,22,0.0,0.0,0.0,0.0,0.0,0.0,0.0,0.0,0.0,4.0,2.0,47.0,1.0,2.0,0.0,12.70,12.7
2025,1,FRR,RB,D'Andre Swift,CHI,MIN,---,0.0,0.0,0.0,0.0,0.0,17.0,53.0,0.0,2.0,5.0,3.0,12.0,0.0,1.0,0.0,9.50,9.5
2025,1,FRR,WR,Drake London,ATL,TB,12,0.0,0.0,0.0,0.0,0.0,0.0,0.0,0.0,0.0,15.0,8.0,55.0,0.0,2.0,0.0,7.50,7.5
2025,1,FRR,WR,Chris Olave,NO,ARI,10,0.0,0.0,0.0,0.0,0.0,0.0,0.0,0.0,0.0,13.0,7.0,54.0,0.0,2.0,0.0,7.40,7.4
2025,1,FRR,WR,Dont'e Thornton,LV,@NE,28,0.0,0.0,0.0,0.0,0.0,0.0,0.0,0.0,0.0,4.0,2.0,45.0,0.0,2.0,0.0,6.50,6.5
2025,1,FRR,QB,Sam Darnold,SEA,SF,2,16.0,23.0,150.0,0.0,0.0,2.0,14.0,0.0,1.0,0.0,0.0,0.0,0.0,0.0,1.0,6.40,6.4
2025,1,FRR,QB,Tua Tagovailoa,MIA,@IND,3,14.0,23.0,114.0,1.0,2.0,1.0,7.0,0.0,0.0,0.0,0.0,0.0,0.0,0.0,1.0,5.26,5.26
2025,1,FRR,RB,Brian Robinson,SF,@SEA,28,0.0,0.0,0.0,0.0,0.0,9.0,33.0,0.0,1.0,2.0,1.0,4.0,0.0,0.0,0.0,4.70,4.7
2025,1,FRR,WR,Jayden Higgins,HOU,@LAR,5,0.0,0.0,0.0,0.0,0.0,0.0,0.0,0.0,0.0,3.0,2.0,32.0,0.0,1.0,0.0,4.20,4.2
2025,1,FRR,WR,Terry McLaurin,WAS,NYG,22,0.0,0.0,0.0,0.0,0.0,0.0,0.0,0.0,0.0,4.0,2.0,27.0,0.0,1.0,0.0,3.70,3.7
2025,1,FRR,WR,Calvin Ridley,TEN,@DEN,1,0.0,0.0,0.0,0.0,0.0,0.0,0.0,0.0,0.0,8.0,4.0,27.0,0.0,1.0,0.0,3.70,3.7
2025,1,FRR,WR,Ja'Marr Chase,CIN,@CLE,2,0.0,0.0,0.0,0.0,0.0,0.0,0.0,0.0,0.0,5.0,2.0,26.0,0.0,1.0,0.0,3.60,3.6
2025,1,FRR,RB,Blake Corum,LAR,HOU,13,0.0,0.0,0.0,0.0,0.0,1.0,2.0,0.0,0.0,1.0,1.0,14.0,0.0,0.0,0.0,1.60,1.6
2025,1,FRR,TE,Elijah Arroyo,SEA,SF,3,0.0,0.0,0.0,0.0,0.0,0.0,0.0,0.0,0.0,1.0,1.0,7.0,0.0,0.0,0.0,0.70,0.7
2025,1,FRR,RB,Dameon Pierce,HOU,@LAR,6,0.0,0.0,0.0,0.0,0.0,3.0,5.0,0.0,0.0,1.0,0.0,0.0,0.0,0.0,0.0,0.50,0.5
2025,1,FRR,QB,Jalen Milroe,SEA,SF,2,0.0,0.0,0.0,0.0,0.0,1.0,1.0,0.0,0.0,0.0,0.0,0.0,0.0,0.0,0.0,0.10,0.1
2025,1,FRR,RB,Brian Robinson Dead Cap,SF,0,0,0.0,0.0,0.0,0.0,0.0,0.0,0.0,0.0,0.0,0.0,0.0,0.0,0.0,0.0,0.0,-,0.0
2025,1,FRR,DST,Steelers,PIT,@NYJ,9,,,,,,,,,,,,,,,,3.00,3.0
2025,1,GF,QB,Michael Penix,ATL,TB,23,27.0,42.0,298.0,1.0,0.0,6.0,21.0,1.0,3.0,0.0,0.0,0.0,0.0,0.0,0.0,27.02,27.02
2025,1,GF,QB,JJ McCarthy,MIN,@CHI,---,13.0,20.0,143.0,2.0,1.0,2.0,25.0,1.0,2.0,0.0,0.0,0.0,0.0,0.0,0.0,24.22,24.22
2025,1,GF,WR,Deebo Samuel,WAS,NYG,22,0.0,0.0,0.0,0.0,0.0,1.0,19.0,1.0,1.0,10.0,7.0,77.0,0.0,3.0,0.0,19.60,19.6
2025,1,GF,QB,Jordan Love,GB,DET,17,16.0,22.0,188.0,2.0,0.0,3.0,4.0,0.0,1.0,0.0,0.0,0.0,0.0,0.0,0.0,16.92,16.92
2025,1,GF,WR,Jaxon Smith-Njigba,SEA,SF,8,0.0,0.0,0.0,0.0,0.0,0.0,0.0,0.0,0.0,13.0,9.0,124.0,0.0,6.0,1.0,16.40,16.4
2025,1,GF,RB,Josh Jacobs,GB,DET,11,0.0,0.0,0.0,0.0,0.0,19.0,66.0,1.0,3.0,1.0,1.0,4.0,0.0,0.0,0.0,16.00,16.0
2025,1,GF,RB,Jaylen Warren,PIT,@NYJ,15,0.0,0.0,0.0,0.0,0.0,11.0,37.0,0.0,1.0,2.0,2.0,22.0,1.0,2.0,0.0,14.90,14.9
2025,1,GF,QB,Trevor Lawrence,JAC,CAR,10,19.0,31.0,178.0,1.0,1.0,4.0,12.0,0.0,2.0,0.0,0.0,0.0,0.0,0.0,0.0,12.32,12.32
2025,1,GF,RB,Ashton Jeanty,LV,@NE,7,0.0,0.0,0.0,0.0,0.0,19.0,38.0,1.0,2.0,2.0,2.0,2.0,0.0,0.0,0.0,12.00,12.0
2025,1,GF,WR,Wan'Dale Robinson,NYG,@WAS,11,0.0,0.0,0.0,0.0,0.0,0.0,0.0,0.0,0.0,8.0,6.0,55.0,0.0,4.0,0.0,9.50,9.5
2025,1,GF,WR,Josh Palmer,BUF,BAL,29,0.0,0.0,0.0,0.0,0.0,0.0,0.0,0.0,0.0,9.0,5.0,61.0,0.0,3.0,0.0,9.10,9.1
2025,1,GF,WR,Davante Adams,LAR,HOU,24,0.0,0.0,0.0,0.0,0.0,0.0,0.0,0.0,0.0,8.0,4.0,51.0,0.0,4.0,0.0,9.10,9.1
2025,1,GF,TE,Brenton Strange,JAC,CAR,27,0.0,0.0,0.0,0.0,0.0,0.0,0.0,0.0,0.0,4.0,4.0,59.0,0.0,3.0,0.0,8.90,8.9
2025,1,GF,WR,Romeo Doubs,GB,DET,20,0.0,0.0,0.0,0.0,0.0,0.0,0.0,0.0,0.0,4.0,2.0,68.0,0.0,2.0,0.0,8.80,8.8
2025,1,GF,TE,Michael Mayer,LV,@NE,29,0.0,0.0,0.0,0.0,0.0,0.0,0.0,0.0,0.0,4.0,4.0,38.0,0.0,3.0,0.0,6.80,6.8
2025,1,GF,RB,Will Shipley,PHI,DAL,25,0.0,0.0,0.0,0.0,0.0,3.0,26.0,0.0,2.0,0.0,0.0,0.0,0.0,0.0,0.0,4.60,4.6
2025,1,GF,WR,Luther Burden,CHI,MIN,---,0.0,0.0,0.0,0.0,0.0,0.0,0.0,0.0,0.0,1.0,1.0,-3.0,0.0,0.0,0.0,0.00,0.0
2025,1,GF,RB,Tyjae Spears,TEN,@DEN,4,0.0,0.0,0.0,0.0,0.0,0.0,0.0,0.0,0.0,0.0,0.0,0.0,0.0,0.0,0.0,-,0.0
2025,1,GF,RB,Chris Rodriguez,WAS,NYG,27,0.0,0.0,0.0,0.0,0.0,0.0,0.0,0.0,0.0,0.0,0.0,0.0,0.0,0.0,0.0,-,0.0
2025,1,GF,RB,MarShawn Lloyd,GB,DET,11,0.0,0.0,0.0,0.0,0.0,0.0,0.0,0.0,0.0,0.0,0.0,0.0,0.0,0.0,0.0,-,0.0
2025,1,GF,DST,Seahawks,SEA,SF,20,,,,,,,,,,,,,,,,8.00,8.0
2025,1,MAM,QB,Justin Herbert,LAC,KC,24,25.0,34.0,318.0,3.0,0.0,7.0,32.0,0.0,1.0,0.0,0.0,0.0,0.0,0.0,0.0,28.92,28.92
2025,1,MAM,QB,Caleb Williams,CHI,MIN,---,21.0,35.0,210.0,1.0,0.0,6.0,58.0,1.0,4.0,0.0,0.0,0.0,0.0,0.0,0.0,28.20,28.2
2025,1,MAM,RB,Saquon Barkley,PHI,DAL,25,0.0,0.0,0.0,0.0,0.0,18.0,60.0,1.0,4.0,5.0,4.0,24.0,0.0,2.0,0.0,20.40,20.4
2025,1,MAM,WR,Garrett Wilson,NYJ,PIT,14,0.0,0.0,0.0,0.0,0.0,0.0,0.0,0.0,0.0,9.0,7.0,95.0,1.0,4.0,0.0,19.50,19.5
2025,1,MAM,RB,Alvin Kamara,NO,ARI,16,0.0,0.0,0.0,0.0,0.0,11.0,45.0,1.0,3.0,2.0,2.0,12.0,0.0,1.0,0.0,15.70,15.7
2025,1,MAM,WR,Jerry Jeudy,CLE,CIN,18,0.0,0.0,0.0,0.0,0.0,0.0,0.0,0.0,0.0,8.0,5.0,66.0,0.0,4.0,0.0,10.60,10.6
2025,1,MAM,TE,Tucker Kraft,GB,DET,14,0.0,0.0,0.0,0.0,0.0,1.0,3.0,0.0,0.0,4.0,2.0,16.0,1.0,1.0,0.0,8.90,8.9
2025,1,MAM,WR,DJ Moore,CHI,MIN,---,0.0,0.0,0.0,0.0,0.0,3.0,8.0,0.0,1.0,5.0,3.0,68.0,0.0,2.0,1.0,8.60,8.6
2025,1,MAM,RB,RJ Harvey,DEN,TEN,22,0.0,0.0,0.0,0.0,0.0,6.0,70.0,0.0,1.0,1.0,1.0,-1.0,0.0,0.0,0.0,8.00,8.0
2025,1,MAM,TE,David Njoku,CLE,CIN,25,0.0,0.0,0.0,0.0,0.0,0.0,0.0,0.0,0.0,6.0,3.0,37.0,0.0,1.0,0.0,4.70,4.7
2025,1,MAM,RB,Kendre Miller,NO,ARI,16,0.0,0.0,0.0,0.0,0.0,5.0,24.0,0.0,1.0,0.0,0.0,0.0,0.0,0.0,0.0,3.40,3.4
2025,1,MAM,WR,Josh Downs,IND,MIA,21,0.0,0.0,0.0,0.0,0.0,0.0,0.0,0.0,0.0,3.0,2.0,12.0,0.0,1.0,0.0,2.20,2.2
2025,1,MAM,RB,Bhayshul Tuten,JAC,CAR,24,0.0,0.0,0.0,0.0,0.0,3.0,11.0,0.0,1.0,0.0,0.0,0.0,0.0,0.0,0.0,2.10,2.1
2025,1,MAM,WR,Marvin Mims,DEN,TEN,16,0.0,0.0,0.0,0.0,0.0,0.0,0.0,0.0,0.0,4.0,3.0,12.0,0.0,1.0,1.0,0.20,0.2
2025,1,MAM,QB,Will Howard,PIT,@NYJ,22,0.0,0.0,0.0,0.0,0.0,0.0,0.0,0.0,0.0,0.0,0.0,0.0,0.0,0.0,0.0,-,0.0
2025,1,MAM,RB,Jarquez Hunter,LAR,HOU,13,0.0,0.0,0.0,0.0,0.0,0.0,0.0,0.0,0.0,0.0,0.0,0.0,0.0,0.0,0.0,-,0.0
2025,1,MAM,WR,Rashee Rice,KC,@LAC,17,0.0,0.0,0.0,0.0,0.0,0.0,0.0,0.0,0.0,0.0,0.0,0.0,0.0,0.0,0.0,-,0.0
2025,1,MAM,WR,Brandon Aiyuk,SF,@SEA,6,0.0,0.0,0.0,0.0,0.0,0.0,0.0,0.0,0.0,0.0,0.0,0.0,0.0,0.0,0.0,-,0.0
2025,1,MAM,DST,Rams,LAR,HOU,26,12.0,12.0,,,,,,,,,,,,,,,
2025,1,MAM,DST,Giants,NYG,@WAS,13,,,,,,,,,,,,,,,,3.00,3.0
2025,1,MCM,RB,Derrick Henry,BAL,@BUF,30,0.0,0.0,0.0,0.0,0.0,18.0,169.0,2.0,5.0,1.0,1.0,13.0,0.0,1.0,1.0,34.20,34.2
2025,1,MCM,QB,Daniel Jones,IND,MIA,27,22.0,29.0,272.0,1.0,0.0,7.0,26.0,2.0,4.0,0.0,0.0,0.0,0.0,0.0,0.0,33.48,33.48
2025,1,MCM,WR,Puka Nacua,LAR,HOU,23,0.0,0.0,0.0,0.0,0.0,1.0,1.0,0.0,0.0,11.0,10.0,130.0,0.0,7.0,0.0,20.10,20.1
2025,1,MCM,QB,Geno Smith,LV,@NE,18,24.0,34.0,362.0,1.0,1.0,2.0,10.0,0.0,1.0,0.0,0.0,0.0,0.0,0.0,0.0,18.48,18.48
2025,1,MCM,RB,Kyren Williams,LAR,HOU,13,0.0,0.0,0.0,0.0,0.0,18.0,66.0,1.0,3.0,2.0,1.0,3.0,0.0,0.0,0.0,15.90,15.9
2025,1,MCM,WR,Jakobi Meyers,LV,@NE,28,0.0,0.0,0.0,0.0,0.0,0.0,0.0,0.0,0.0,10.0,8.0,97.0,0.0,5.0,0.0,14.70,14.7
2025,1,MCM,RB,James Conner,ARI,@NO,19,0.0,0.0,0.0,0.0,0.0,12.0,39.0,0.0,1.0,4.0,4.0,5.0,1.0,2.0,0.0,13.40,13.4
2025,1,MCM,WR,Khalil Shakir,BUF,BAL,29,0.0,0.0,0.0,0.0,0.0,0.0,0.0,0.0,0.0,9.0,6.0,64.0,0.0,3.0,0.0,9.40,9.4
2025,1,MCM,WR,Jauan Jennings,SF,@SEA,6,0.0,0.0,0.0,0.0,0.0,0.0,0.0,0.0,0.0,5.0,2.0,16.0,0.0,1.0,0.0,2.60,2.6
2025,1,MCM,TE,Colston Loveland,CHI,MIN,---,0.0,0.0,0.0,0.0,0.0,0.0,0.0,0.0,0.0,2.0,2.0,12.0,0.0,0.0,0.0,1.20,1.2
2025,1,MCM,RB,Ray Davis,BUF,BAL,21,0.0,0.0,0.0,0.0,0.0,1.0,2.0,0.0,0.0,1.0,1.0,-1.0,0.0,0.0,0.0,0.20,0.2
2025,1,MCM,TE,Cade Otton,TB,@ATL,1,0.0,0.0,0.0,0.0,0.0,0.0,0.0,0.0,0.0,3.0,0.0,0.0,0.0,0.0,0.0,0.00,0.0
2025,1,MCM,RB,Jaylen Wright,MIA,@IND,14,0.0,0.0,0.0,0.0,0.0,0.0,0.0,0.0,0.0,0.0,0.0,0.0,0.0,0.0,0.0,-,0.0
2025,1,MCM,QB,Jimmy Garoppolo,LAR,HOU,13,0.0,0.0,0.0,0.0,0.0,0.0,0.0,0.0,0.0,0.0,0.0,0.0,0.0,0.0,0.0,-,0.0
2025,1,MCM,QB,Shedeur Sanders,CLE,CIN,12,0.0,0.0,0.0,0.0,0.0,0.0,0.0,0.0,0.0,0.0,0.0,0.0,0.0,0.0,0.0,-,0.0
2025,1,MCM,WR,Jordan Addison,MIN,@CHI,---,0.0,0.0,0.0,0.0,0.0,0.0,0.0,0.0,0.0,0.0,0.0,0.0,0.0,0.0,0.0,-,0.0
2025,1,MCM,RB,Brashard Smith,KC,@LAC,2,0.0,0.0,0.0,0.0,0.0,0.0,0.0,0.0,0.0,0.0,0.0,0.0,0.0,0.0,0.0,0.00,0.0
2025,1,MCM,RB,Isaac Guerendo,SF,@SEA,28,0.0,0.0,0.0,0.0,0.0,0.0,0.0,0.0,0.0,0.0,0.0,0.0,0.0,0.0,0.0,0.00,0.0
2025,1,MCM,DST,Vikings,MIN,@CHI,---,,,,,,,,,,,,,,,,6.00,6.0
2025,1,MWM,QB,Jalen Hurts,PHI,DAL,26,19.0,23.0,152.0,0.0,0.0,14.0,62.0,2.0,7.0,0.0,0.0,0.0,0.0,0.0,0.0,31.28,31.28
2025,1,MWM,QB,Russell Wilson,NYG,@WAS,14,17.0,37.0,168.0,0.0,0.0,8.0,44.0,0.0,3.0,0.0,0.0,0.0,0.0,0.0,0.0,14.12,14.12
2025,1,MWM,TE,George Kittle,SF,@SEA,30,0.0,0.0,0.0,0.0,0.0,0.0,0.0,0.0,0.0,4.0,4.0,25.0,1.0,3.0,0.0,11.50,11.5
2025,1,MWM,RB,Nick Chubb,HOU,@LAR,6,0.0,0.0,0.0,0.0,0.0,13.0,60.0,0.0,4.0,1.0,0.0,0.0,0.0,0.0,0.0,10.00,10.0
2025,1,MWM,RB,Austin Ekeler,WAS,NYG,27,0.0,0.0,0.0,0.0,0.0,6.0,26.0,0.0,1.0,3.0,3.0,31.0,0.0,2.0,0.0,8.70,8.7
2025,1,MWM,WR,Stefon Diggs,NE,LV,23,0.0,0.0,0.0,0.0,0.0,0.0,0.0,0.0,0.0,7.0,6.0,57.0,0.0,3.0,0.0,8.70,8.7
2025,1,MWM,WR,Rashid Shaheed,NO,ARI,10,0.0,0.0,0.0,0.0,0.0,0.0,0.0,0.0,0.0,9.0,6.0,33.0,0.0,2.0,0.0,5.30,5.3
2025,1,MWM,WR,Jaylen Waddle,MIA,@IND,9,0.0,0.0,0.0,0.0,0.0,0.0,0.0,0.0,0.0,5.0,4.0,30.0,0.0,1.0,0.0,4.00,4.0
2025,1,MWM,QB,Cameron Ward,TEN,@DEN,1,12.0,28.0,112.0,0.0,0.0,0.0,0.0,0.0,0.0,0.0,0.0,0.0,0.0,0.0,1.0,2.48,2.48
2025,1,MWM,RB,Tank Bigsby,JAC,CAR,24,0.0,0.0,0.0,0.0,0.0,5.0,12.0,0.0,1.0,0.0,0.0,0.0,0.0,0.0,0.0,2.20,2.2
2025,1,MWM,WR,Cooper Kupp,SEA,SF,8,0.0,0.0,0.0,0.0,0.0,0.0,0.0,0.0,0.0,3.0,2.0,15.0,0.0,0.0,0.0,1.50,1.5
2025,1,MWM,RB,Cam Skattebo,NYG,@WAS,1,0.0,0.0,0.0,0.0,0.0,2.0,-3.0,0.0,0.0,2.0,2.0,12.0,0.0,0.0,0.0,1.20,1.2
2025,1,MWM,RB,Jerome Ford,CLE,CIN,20,0.0,0.0,0.0,0.0,0.0,6.0,8.0,0.0,0.0,1.0,1.0,-3.0,0.0,0.0,0.0,0.80,0.8
2025,1,MWM,TE,Mark Andrews,BAL,@BUF,2,0.0,0.0,0.0,0.0,0.0,0.0,0.0,0.0,0.0,1.0,1.0,5.0,0.0,0.0,0.0,0.50,0.5
2025,1,MWM,WR,Darnell Mooney,ATL,TB,12,0.0,0.0,0.0,0.0,0.0,0.0,0.0,0.0,0.0,0.0,0.0,0.0,0.0,0.0,0.0,-,0.0
2025,1,MWM,RB,Joe Mixon,HOU,@LAR,6,0.0,0.0,0.0,0.0,0.0,0.0,0.0,0.0,0.0,0.0,0.0,0.0,0.0,0.0,0.0,-,0.0
2025,1,MWM,WR,Christian Watson,GB,DET,20,0.0,0.0,0.0,0.0,0.0,0.0,0.0,0.0,0.0,0.0,0.0,0.0,0.0,0.0,0.0,-,0.0
2025,1,MWM,TE,Terrance Ferguson,LAR,HOU,10,0.0,0.0,0.0,0.0,0.0,0.0,0.0,0.0,0.0,0.0,0.0,0.0,0.0,0.0,0.0,0.00,0.0
2025,1,MWM,DST,49ers,SF,@SEA,21,9.0,9.0,,,,,,,,,,,,,,,
2025,1,MWM,DST,Bills,BUF,BAL,4,,,,,,,,,,,,,,,,0.00,0.0
2025,1,NN,WR,Keon Coleman,BUF,BAL,29,0.0,0.0,0.0,0.0,0.0,0.0,0.0,0.0,0.0,11.0,8.0,112.0,1.0,6.0,0.0,23.20,23.2
2025,1,NN,RB,Breece Hall,NYJ,PIT,29,0.0,0.0,0.0,0.0,0.0,19.0,107.0,0.0,7.0,4.0,2.0,38.0,0.0,1.0,0.0,22.50,22.5
2025,1,NN,RB,Zach Charbonnet,SEA,SF,12,0.0,0.0,0.0,0.0,0.0,12.0,47.0,1.0,4.0,0.0,0.0,0.0,0.0,0.0,0.0,14.70,14.7
2025,1,NN,WR,Justin Jefferson,MIN,@CHI,---,0.0,0.0,0.0,0.0,0.0,1.0,4.0,0.0,0.0,7.0,4.0,44.0,1.0,2.0,0.0,12.80,12.8
2025,1,NN,WR,Malik Nabers,NYG,@WAS,11,0.0,0.0,0.0,0.0,0.0,0.0,0.0,0.0,0.0,12.0,5.0,71.0,0.0,4.0,0.0,11.10,11.1
2025,1,NN,QB,Joe Burrow,CIN,@CLE,5,14.0,23.0,113.0,1.0,0.0,2.0,3.0,0.0,0.0,0.0,0.0,0.0,0.0,0.0,0.0,8.82,8.82
2025,1,NN,RB,Braelon Allen,NYJ,PIT,29,0.0,0.0,0.0,0.0,0.0,6.0,9.0,1.0,1.0,0.0,0.0,0.0,0.0,0.0,0.0,7.90,7.9
2025,1,NN,QB,Dak Prescott,DAL,@PHI,4,21.0,34.0,188.0,0.0,0.0,1.0,3.0,0.0,0.0,0.0,0.0,0.0,0.0,0.0,0.0,7.82,7.82
2025,1,NN,RB,Tyler Allgeier,ATL,TB,23,0.0,0.0,0.0,0.0,0.0,10.0,24.0,0.0,1.0,0.0,0.0,0.0,0.0,0.0,0.0,3.40,3.4
2025,1,NN,TE,Evan Engram,DEN,TEN,7,0.0,0.0,0.0,0.0,0.0,0.0,0.0,0.0,0.0,4.0,3.0,21.0,0.0,1.0,0.0,3.10,3.1
2025,1,NN,TE,Chigoziem Okonkwo,TEN,@DEN,9,0.0,0.0,0.0,0.0,0.0,0.0,0.0,0.0,0.0,4.0,3.0,19.0,0.0,1.0,0.0,2.90,2.9
2025,1,NN,RB,Kyle Monangai,CHI,MIN,---,0.0,0.0,0.0,0.0,0.0,0.0,0.0,0.0,0.0,1.0,1.0,11.0,0.0,1.0,0.0,2.10,2.1
2025,1,NN,RB,Woody Marks,HOU,@LAR,6,0.0,0.0,0.0,0.0,0.0,3.0,3.0,0.0,0.0,0.0,0.0,0.0,0.0,0.0,0.0,0.30,0.3
2025,1,NN,WR,Xavier Worthy,KC,@LAC,17,0.0,0.0,0.0,0.0,0.0,1.0,0.0,0.0,0.0,1.0,0.0,0.0,0.0,0.0,0.0,0.00,0.0
2025,1,NN,QB,Tyler Shough,NO,ARI,11,0.0,0.0,0.0,0.0,0.0,0.0,0.0,0.0,0.0,0.0,0.0,0.0,0.0,0.0,0.0,-,0.0
2025,1,NN,RB,Quinshon Judkins,CLE,CIN,20,0.0,0.0,0.0,0.0,0.0,0.0,0.0,0.0,0.0,0.0,0.0,0.0,0.0,0.0,0.0,-,0.0
2025,1,NN,WR,Pat Bryant,DEN,TEN,16,0.0,0.0,0.0,0.0,0.0,0.0,0.0,0.0,0.0,0.0,0.0,0.0,0.0,0.0,0.0,0.00,0.0
2025,1,NN,DST,Bengals,CIN,@CLE,23,10.0,10.0,,,,,,,,,,,,,,,
2025,1,NN,DST,Lions,DET,@GB,4,,,,,,,,,,,,,,,,0.00,0.0
2025,1,VD,QB,Justin Fields,NYJ,PIT,29,16.0,22.0,218.0,1.0,0.0,12.0,48.0,2.0,5.0,0.0,0.0,0.0,0.0,0.0,0.0,34.52,34.52
2025,1,VD,QB,Baker Mayfield,TB,@ATL,21,17.0,32.0,167.0,3.0,0.0,5.0,39.0,0.0,3.0,0.0,0.0,0.0,0.0,0.0,0.0,25.58,25.58
2025,1,VD,RB,Bijan Robinson,ATL,TB,23,0.0,0.0,0.0,0.0,0.0,12.0,24.0,0.0,0.0,7.0,6.0,100.0,1.0,3.0,0.0,21.40,21.4
2025,1,VD,WR,Michael Pittman,IND,MIA,21,0.0,0.0,0.0,0.0,0.0,0.0,0.0,0.0,0.0,8.0,6.0,80.0,1.0,4.0,0.0,18.00,18.0
2025,1,VD,WR,Marvin Harrison,ARI,@NO,7,0.0,0.0,0.0,0.0,0.0,0.0,0.0,0.0,0.0,6.0,5.0,71.0,1.0,3.0,0.0,16.10,16.1
2025,1,VD,WR,Rome Odunze,CHI,MIN,---,0.0,0.0,0.0,0.0,0.0,0.0,0.0,0.0,0.0,9.0,6.0,37.0,1.0,3.0,0.0,12.70,12.7
2025,1,VD,RB,Bucky Irving,TB,@ATL,9,0.0,0.0,0.0,0.0,0.0,14.0,37.0,0.0,1.0,4.0,4.0,8.0,1.0,1.0,0.0,12.50,12.5
2025,1,VD,TE,Kyle Pitts,ATL,TB,16,0.0,0.0,0.0,0.0,0.0,0.0,0.0,0.0,0.0,8.0,7.0,59.0,0.0,5.0,0.0,10.90,10.9
2025,1,VD,WR,Ladd McConkey,LAC,KC,30,0.0,0.0,0.0,0.0,0.0,0.0,0.0,0.0,0.0,9.0,6.0,74.0,0.0,3.0,0.0,10.40,10.4
2025,1,VD,QB,Bryce Young,CAR,@JAC,7,18.0,35.0,154.0,1.0,2.0,5.0,40.0,0.0,2.0,0.0,0.0,0.0,0.0,0.0,1.0,10.16,10.16
2025,1,VD,RB,Omarion Hampton,LAC,KC,5,0.0,0.0,0.0,0.0,0.0,15.0,48.0,0.0,4.0,2.0,2.0,13.0,0.0,0.0,0.0,10.10,10.1
2025,1,VD,RB,Trey Benson,ARI,@NO,19,0.0,0.0,0.0,0.0,0.0,8.0,69.0,0.0,1.0,1.0,1.0,6.0,0.0,0.0,0.0,8.50,8.5
2025,1,VD,WR,Tyreek Hill,MIA,@IND,9,0.0,0.0,0.0,0.0,0.0,0.0,0.0,0.0,0.0,6.0,4.0,40.0,0.0,3.0,0.0,7.00,7.0
2025,1,VD,RB,Ollie Gordon,MIA,@IND,14,0.0,0.0,0.0,0.0,0.0,2.0,4.0,0.0,1.0,1.0,1.0,-1.0,0.0,0.0,0.0,1.40,1.4
2025,1,VD,WR,Jaylin Noel,HOU,@LAR,5,0.0,0.0,0.0,0.0,0.0,0.0,0.0,0.0,0.0,2.0,1.0,7.0,0.0,0.0,0.0,0.70,0.7
2025,1,VD,RB,Kaleb Johnson,PIT,@NYJ,15,0.0,0.0,0.0,0.0,0.0,1.0,-2.0,0.0,0.0,0.0,0.0,0.0,0.0,0.0,0.0,0.00,0.0
2025,1,VD,WR,Chris Godwin,TB,@ATL,27,0.0,0.0,0.0,0.0,0.0,0.0,0.0,0.0,0.0,0.0,0.0,0.0,0.0,0.0,0.0,-,0.0
2025,1,VD,QB,Anthony Richardson,IND,MIA,27,0.0,0.0,0.0,0.0,0.0,0.0,0.0,0.0,0.0,0.0,0.0,0.0,0.0,0.0,0.0,-,0.0
2025,1,VD,DST,Cardinals,ARI,@NO,18,,,,,,,,,,,,,,,,6.00,6.0
2025,1,WLW,QB,Lamar Jackson,BAL,@BUF,28,14.0,19.0,209.0,2.0,0.0,6.0,70.0,1.0,5.0,0.0,0.0,0.0,0.0,0.0,0.0,34.36,34.36
2025,1,WLW,RB,Chuba Hubbard,CAR,@JAC,18,0.0,0.0,0.0,0.0,0.0,16.0,57.0,0.0,3.0,5.0,3.0,32.0,1.0,1.0,0.0,18.90,18.9
2025,1,WLW,WR,CeeDee Lamb,DAL,@PHI,19,0.0,0.0,0.0,0.0,0.0,0.0,0.0,0.0,0.0,13.0,7.0,110.0,0.0,6.0,0.0,17.00,17.0
2025,1,WLW,RB,JK Dobbins,DEN,TEN,22,0.0,0.0,0.0,0.0,0.0,16.0,63.0,1.0,2.0,2.0,2.0,5.0,0.0,0.0,0.0,14.80,14.8
2025,1,WLW,RB,Chase Brown,CIN,@CLE,10,0.0,0.0,0.0,0.0,0.0,21.0,43.0,1.0,3.0,3.0,2.0,8.0,0.0,0.0,0.0,14.10,14.1
2025,1,WLW,WR,Marquise Brown,KC,@LAC,17,0.0,0.0,0.0,0.0,0.0,0.0,0.0,0.0,0.0,16.0,10.0,99.0,0.0,4.0,0.0,13.90,13.9
2025,1,WLW,QB,CJ Stroud,HOU,@LAR,9,19.0,27.0,188.0,0.0,1.0,5.0,32.0,0.0,3.0,0.0,0.0,0.0,0.0,0.0,0.0,11.72,11.72
2025,1,WLW,QB,Jared Goff,DET,@GB,8,31.0,39.0,225.0,1.0,1.0,1.0,-1.0,0.0,0.0,0.0,0.0,0.0,0.0,0.0,0.0,11.00,11.0
2025,1,WLW,TE,Sam LaPorta,DET,@GB,16,0.0,0.0,0.0,0.0,0.0,0.0,0.0,0.0,0.0,9.0,6.0,79.0,0.0,3.0,0.0,10.90,10.9
2025,1,WLW,RB,Tony Pollard,TEN,@DEN,4,0.0,0.0,0.0,0.0,0.0,18.0,60.0,0.0,2.0,1.0,1.0,29.0,0.0,1.0,1.0,9.90,9.9
2025,1,WLW,WR,Alec Pierce,IND,MIA,21,0.0,0.0,0.0,0.0,0.0,0.0,0.0,0.0,0.0,3.0,1.0,36.0,0.0,1.0,0.0,4.60,4.6
2025,1,WLW,TE,Ja'Tavion Sanders,CAR,@JAC,6,0.0,0.0,0.0,0.0,0.0,0.0,0.0,0.0,0.0,3.0,2.0,27.0,0.0,1.0,0.0,3.70,3.7
2025,1,WLW,WR,Travis Hunter,JAC,CAR,13,0.0,0.0,0.0,0.0,0.0,0.0,0.0,0.0,0.0,8.0,6.0,33.0,0.0,0.0,0.0,3.30,3.3
2025,1,WLW,WR,Nico Collins,HOU,@LAR,5,0.0,0.0,0.0,0.0,0.0,0.0,0.0,0.0,0.0,5.0,3.0,25.0,0.0,0.0,0.0,2.50,2.5
2025,1,WLW,RB,Rico Dowdle,CAR,@JAC,18,0.0,0.0,0.0,0.0,0.0,3.0,12.0,0.0,0.0,3.0,2.0,4.0,0.0,0.0,0.0,1.60,1.6
2025,1,WLW,WR,Rashod Bateman,BAL,@BUF,27,0.0,0.0,0.0,0.0,0.0,0.0,0.0,0.0,0.0,4.0,2.0,10.0,0.0,0.0,0.0,1.00,1.0
2025,1,WLW,RB,Devin Neal,NO,ARI,16,0.0,0.0,0.0,0.0,0.0,2.0,9.0,0.0,0.0,0.0,0.0,0.0,0.0,0.0,0.0,0.90,0.9
2025,1,WLW,WR,Christian Kirk,HOU,@LAR,5,0.0,0.0,0.0,0.0,0.0,0.0,0.0,0.0,0.0,0.0,0.0,0.0,0.0,0.0,0.0,-,0.0
2025,1,WLW,DST,Broncos,DEN,TEN,28,,,,,,,,,,,,,,,,15.00,15.0
2025,2,AFL,RB,Jahmyr Gibbs,DET,CHI,31,0.0,0.0,0.0,0.0,0.0,12.0,94.0,1.0,5.0,3.0,3.0,10.0,0.0,1.0,0.0,22.40,22.4
2025,2,AFL,RB,Rhamondre Stevenson,NE,@MIA,24,0.0,0.0,0.0,0.0,0.0,11.0,54.0,0.0,2.0,5.0,5.0,88.0,0.0,2.0,0.0,20.20,20.2
2025,2,AFL,QB,Jayden Daniels,WAS,@GB,11,24.0,42.0,200.0,2.0,0.0,7.0,17.0,0.0,0.0,0.0,0.0,0.0,0.0,0.0,0.0,19.70,19.7
2025,2,AFL,RB,Travis Etienne,JAC,@CIN,30,0.0,0.0,0.0,0.0,0.0,14.0,71.0,0.0,3.0,3.0,2.0,18.0,1.0,1.0,0.0,18.90,18.9
2025,2,AFL,WR,Keenan Allen,LAC,@LV,24,0.0,0.0,0.0,0.0,0.0,0.0,0.0,0.0,0.0,7.0,5.0,61.0,1.0,3.0,0.0,15.10,15.1
2025,2,AFL,QB,Kyler Murray,ARI,CAR,7,17.0,25.0,220.0,1.0,1.0,7.0,32.0,0.0,1.0,0.0,0.0,0.0,0.0,0.0,0.0,15.00,15.0
2025,2,AFL,WR,DeAndre Hopkins,BAL,CLE,20,0.0,0.0,0.0,0.0,0.0,0.0,0.0,0.0,0.0,2.0,2.0,64.0,1.0,2.0,0.0,14.40,14.4
2025,2,AFL,WR,Quentin Johnston,LAC,@LV,24,0.0,0.0,0.0,0.0,0.0,1.0,-2.0,0.0,0.0,7.0,3.0,71.0,1.0,1.0,0.0,14.10,14.1
2025,2,AFL,WR,Tee Higgins,CIN,JAC,27,0.0,0.0,0.0,0.0,0.0,0.0,0.0,0.0,0.0,8.0,3.0,56.0,1.0,2.0,0.0,13.60,13.6
2025,2,AFL,WR,Emeka Egbuka,TB,@HOU,25,0.0,0.0,0.0,0.0,0.0,0.0,0.0,0.0,0.0,7.0,4.0,29.0,1.0,3.0,0.0,11.90,11.9
2025,2,AFL,RB,Dylan Sampson,CLE,@BAL,25,0.0,0.0,0.0,0.0,0.0,4.0,6.0,0.0,2.0,3.0,3.0,13.0,1.0,2.0,0.0,11.90,11.9
2025,2,AFL,WR,Zay Flowers,BAL,CLE,20,0.0,0.0,0.0,0.0,0.0,1.0,4.0,0.0,0.0,11.0,7.0,75.0,0.0,3.0,0.0,10.90,10.9
2025,2,AFL,TE,Brock Bowers,LV,LAC,26,0.0,0.0,0.0,0.0,0.0,0.0,0.0,0.0,0.0,8.0,5.0,38.0,0.0,2.0,0.0,5.80,5.8
2025,2,AFL,WR,AJ Brown,PHI,@KC,23,0.0,0.0,0.0,0.0,0.0,0.0,0.0,0.0,0.0,8.0,5.0,27.0,0.0,1.0,0.0,3.70,3.7
2025,2,AFL,RB,Aaron Jones,MIN,ATL,5,0.0,0.0,0.0,0.0,0.0,5.0,23.0,0.0,0.0,1.0,0.0,0.0,0.0,0.0,0.0,2.30,2.3
2025,2,AFL,WR,Adonai Mitchell,IND,DEN,3,0.0,0.0,0.0,0.0,0.0,0.0,0.0,0.0,0.0,4.0,2.0,20.0,0.0,0.0,0.0,2.00,2.0
2025,2,AFL,RB,Trevor Etienne,CAR,@ARI,17,0.0,0.0,0.0,0.0,0.0,0.0,0.0,0.0,0.0,1.0,1.0,2.0,0.0,0.0,0.0,0.20,0.2
2025,2,AFL,TE,Dallas Goedert,PHI,@KC,8,0.0,0.0,0.0,0.0,0.0,0.0,0.0,0.0,0.0,0.0,0.0,0.0,0.0,0.0,0.0,-,0.0
2025,2,AFL,DST,Chargers,LAC,@LV,23,,,,,,,,,,,,,,,,18.00,18.0
2025,2,CC,WR,Amon-Ra St Brown,DET,CHI,31,0.0,0.0,0.0,0.0,0.0,2.0,7.0,0.0,1.0,11.0,9.0,115.0,3.0,7.0,0.0,38.20,38.2
2025,2,CC,RB,James Cook,BUF,@NYJ,27,0.0,0.0,0.0,0.0,0.0,21.0,132.0,2.0,6.0,1.0,1.0,3.0,0.0,0.0,0.0,31.50,31.5
2025,2,CC,QB,Drake Maye,NE,@MIA,32,19.0,23.0,230.0,2.0,0.0,10.0,31.0,1.0,4.0,0.0,0.0,0.0,0.0,0.0,0.0,30.30,30.3
2025,2,CC,RB,Rachaad White,TB,@HOU,11,0.0,0.0,0.0,0.0,0.0,10.0,65.0,1.0,4.0,2.0,2.0,1.0,0.0,0.0,0.0,16.60,16.6
2025,2,CC,RB,David Montgomery,DET,CHI,31,0.0,0.0,0.0,0.0,0.0,11.0,57.0,1.0,4.0,1.0,1.0,4.0,0.0,0.0,0.0,16.10,16.1
2025,2,CC,TE,Zach Ertz,WAS,@GB,28,0.0,0.0,0.0,0.0,0.0,0.0,0.0,0.0,0.0,8.0,6.0,64.0,1.0,3.0,0.0,15.40,15.4
2025,2,CC,TE,Trey McBride,ARI,CAR,32,0.0,0.0,0.0,0.0,0.0,0.0,0.0,0.0,0.0,7.0,6.0,78.0,0.0,4.0,0.0,11.80,11.8
2025,2,CC,QB,Aaron Rodgers,PIT,SEA,5,18.0,33.0,203.0,1.0,2.0,1.0,3.0,0.0,0.0,0.0,0.0,0.0,0.0,0.0,0.0,10.42,10.42
2025,2,CC,QB,Joe Flacco,CLE,@BAL,28,25.0,45.0,199.0,1.0,1.0,1.0,8.0,0.0,1.0,0.0,0.0,0.0,0.0,0.0,1.0,9.76,9.76
2025,2,CC,WR,Ricky Pearsall,SF,@NO,10,0.0,0.0,0.0,0.0,0.0,1.0,-4.0,0.0,0.0,6.0,4.0,56.0,0.0,4.0,0.0,9.60,9.6
2025,2,CC,WR,DK Metcalf,PIT,SEA,1,0.0,0.0,0.0,0.0,0.0,0.0,0.0,0.0,0.0,6.0,3.0,20.0,1.0,1.0,0.0,9.00,9.0
2025,2,CC,WR,Brian Thomas,JAC,@CIN,22,0.0,0.0,0.0,0.0,0.0,0.0,0.0,0.0,0.0,12.0,4.0,49.0,0.0,3.0,0.0,7.90,7.9
2025,2,CC,RB,Najee Harris,LAC,@LV,2,0.0,0.0,0.0,0.0,0.0,8.0,28.0,0.0,2.0,2.0,2.0,20.0,0.0,1.0,0.0,7.80,7.8
2025,2,CC,RB,TreVeyon Henderson,NE,@MIA,24,0.0,0.0,0.0,0.0,0.0,3.0,10.0,0.0,1.0,2.0,2.0,30.0,0.0,2.0,0.0,7.00,7.0
2025,2,CC,WR,Tre Harris,LAC,@LV,25,0.0,0.0,0.0,0.0,0.0,0.0,0.0,0.0,0.0,3.0,2.0,34.0,0.0,1.0,0.0,4.40,4.4
2025,2,CC,WR,Calvin Austin,PIT,SEA,1,0.0,0.0,0.0,0.0,0.0,0.0,0.0,0.0,0.0,4.0,1.0,22.0,0.0,1.0,0.0,3.20,3.2
2025,2,CC,TE,Mason Taylor,NYJ,BUF,2,0.0,0.0,0.0,0.0,0.0,0.0,0.0,0.0,0.0,2.0,1.0,5.0,0.0,0.0,0.0,0.50,0.5
2025,2,CC,QB,Brock Purdy,SF,@NO,22,0.0,0.0,0.0,0.0,0.0,0.0,0.0,0.0,0.0,0.0,0.0,0.0,0.0,0.0,0.0,-,0.0
2025,2,CC,DST,Packers,GB,WAS,17,,,,,,,,,,,,,,,,7.00,7.0
2025,2,CRB,RB,Jonathan Taylor,IND,DEN,16,0.0,0.0,0.0,0.0,0.0,25.0,165.0,0.0,4.0,2.0,2.0,50.0,1.0,2.0,0.0,33.50,33.5
2025,2,CRB,RB,De'Von Achane,MIA,NE,14,0.0,0.0,0.0,0.0,0.0,11.0,30.0,0.0,0.0,10.0,8.0,92.0,1.0,4.0,0.0,22.20,22.2
2025,2,CRB,QB,Bo Nix,DEN,@IND,6,22.0,30.0,206.0,3.0,1.0,3.0,20.0,0.0,1.0,0.0,0.0,0.0,0.0,0.0,0.0,21.24,21.24
2025,2,CRB,WR,George Pickens,DAL,NYG,32,0.0,0.0,0.0,0.0,0.0,0.0,0.0,0.0,0.0,9.0,5.0,68.0,1.0,5.0,0.0,17.80,17.8
2025,2,CRB,WR,Tetairoa McMillan,CAR,@ARI,18,0.0,0.0,0.0,0.0,0.0,0.0,0.0,0.0,0.0,10.0,6.0,100.0,0.0,5.0,0.0,15.00,15.0
2025,2,CRB,QB,Josh Allen,BUF,@NYJ,21,14.0,25.0,148.0,0.0,0.0,6.0,59.0,0.0,3.0,0.0,0.0,0.0,0.0,0.0,0.0,14.82,14.82
2025,2,CRB,WR,DeVonta Smith,PHI,@KC,23,0.0,0.0,0.0,0.0,0.0,0.0,0.0,0.0,0.0,6.0,4.0,53.0,0.0,2.0,0.0,7.30,7.3
2025,2,CRB,WR,Adam Thielen,MIN,ATL,16,0.0,0.0,0.0,0.0,0.0,0.0,0.0,0.0,0.0,3.0,2.0,26.0,0.0,2.0,0.0,4.60,4.6
2025,2,CRB,RB,Jacory Croskey-Merritt,WAS,@GB,3,0.0,0.0,0.0,0.0,0.0,4.0,17.0,0.0,1.0,1.0,0.0,0.0,0.0,0.0,0.0,2.70,2.7
2025,2,CRB,TE,TJ Hockenson,MIN,ATL,1,0.0,0.0,0.0,0.0,0.0,0.0,0.0,0.0,0.0,3.0,1.0,12.0,0.0,1.0,0.0,2.20,2.2
2025,2,CRB,TE,Hunter Henry,NE,@MIA,20,0.0,0.0,0.0,0.0,0.0,0.0,0.0,0.0,0.0,3.0,1.0,9.0,0.0,0.0,0.0,0.90,0.9
2025,2,CRB,WR,Courtland Sutton,DEN,@IND,15,0.0,0.0,0.0,0.0,0.0,0.0,0.0,0.0,0.0,4.0,1.0,6.0,0.0,0.0,0.0,0.60,0.6
2025,2,CRB,WR,Jaylin Lane,WAS,@GB,11,0.0,0.0,0.0,0.0,0.0,0.0,0.0,0.0,0.0,4.0,1.0,2.0,0.0,0.0,0.0,0.20,0.2
2025,2,CRB,WR,Kyle Williams,NE,@MIA,13,0.0,0.0,0.0,0.0,0.0,0.0,0.0,0.0,0.0,0.0,0.0,0.0,0.0,0.0,0.0,0.00,0.0
2025,2,CRB,WR,Jalen McMillan,TB,@HOU,25,0.0,0.0,0.0,0.0,0.0,0.0,0.0,0.0,0.0,0.0,0.0,0.0,0.0,0.0,0.0,-,0.0
2025,2,CRB,WR,Jack Bech,LV,LAC,12,0.0,0.0,0.0,0.0,0.0,0.0,0.0,0.0,0.0,0.0,0.0,0.0,0.0,0.0,0.0,0.00,0.0
2025,2,CRB,RB,Roschon Johnson,CHI,@DET,12,0.0,0.0,0.0,0.0,0.0,0.0,0.0,0.0,0.0,0.0,0.0,0.0,0.0,0.0,0.0,0.00,0.0
2025,2,CRB,DST,Ravens,BAL,CLE,29,16.0,16.0,,,,,,,,,,,,,,,
2025,2,CRB,DST,Eagles,PHI,@KC,14,7.0,7.0,,,,,,,,,,,,,,,
2025,2,CRB,DST,Commanders,WAS,@GB,5,,,,,,,,,,,,,,,,3.00,3.0
2025,2,ELP,QB,Patrick Mahomes,KC,PHI,16,16.0,29.0,187.0,1.0,1.0,7.0,66.0,1.0,5.0,0.0,0.0,0.0,0.0,0.0,0.0,27.08,27.08
2025,2,ELP,RB,Javonte Williams,DAL,NYG,32,0.0,0.0,0.0,0.0,0.0,18.0,97.0,1.0,5.0,7.0,6.0,33.0,0.0,1.0,0.0,25.00,25.0
2025,2,ELP,RB,Kenneth Walker,SEA,@PIT,28,0.0,0.0,0.0,0.0,0.0,13.0,105.0,1.0,7.0,1.0,1.0,13.0,0.0,0.0,0.0,24.80,24.8
2025,2,ELP,QB,Spencer Rattler,NO,SF,10,25.0,34.0,207.0,3.0,0.0,4.0,14.0,0.0,2.0,0.0,0.0,0.0,0.0,0.0,0.0,23.68,23.68
2025,2,ELP,WR,Jameson Williams,DET,CHI,31,0.0,0.0,0.0,0.0,0.0,0.0,0.0,0.0,0.0,4.0,2.0,108.0,1.0,2.0,0.0,18.80,18.8
2025,2,ELP,TE,Tyler Warren,IND,DEN,17,0.0,0.0,0.0,0.0,0.0,1.0,0.0,0.0,0.0,7.0,4.0,79.0,0.0,4.0,0.0,11.90,11.9
2025,2,ELP,WR,Cedric Tillman,CLE,@BAL,21,0.0,0.0,0.0,0.0,0.0,0.0,0.0,0.0,0.0,7.0,2.0,22.0,1.0,1.0,0.0,9.20,9.2
2025,2,ELP,WR,Mike Evans,TB,@HOU,25,0.0,0.0,0.0,0.0,0.0,0.0,0.0,0.0,0.0,11.0,5.0,56.0,0.0,3.0,0.0,8.60,8.6
2025,2,ELP,RB,Tyrone Tracy,NYG,@DAL,23,0.0,0.0,0.0,0.0,0.0,5.0,15.0,0.0,2.0,5.0,4.0,36.0,0.0,1.0,0.0,8.10,8.1
2025,2,ELP,RB,Jordan Mason,MIN,ATL,5,0.0,0.0,0.0,0.0,0.0,9.0,30.0,0.0,2.0,3.0,2.0,8.0,0.0,0.0,0.0,5.80,5.8
2025,2,ELP,TE,Dalton Kincaid,BUF,@NYJ,24,0.0,0.0,0.0,0.0,0.0,0.0,0.0,0.0,0.0,6.0,4.0,37.0,0.0,1.0,0.0,4.70,4.7
2025,2,ELP,WR,Isaac TeSlaa,DET,CHI,31,0.0,0.0,0.0,0.0,0.0,0.0,0.0,0.0,0.0,1.0,1.0,29.0,0.0,1.0,0.0,3.90,3.9
2025,2,ELP,RB,Isiah Pacheco,KC,PHI,13,0.0,0.0,0.0,0.0,0.0,10.0,22.0,0.0,1.0,2.0,1.0,7.0,0.0,0.0,0.0,3.90,3.9
2025,2,ELP,WR,Matthew Golden,GB,WAS,9,0.0,0.0,0.0,0.0,0.0,2.0,15.0,0.0,0.0,2.0,0.0,0.0,0.0,0.0,0.0,1.50,1.5
2025,2,ELP,WR,Xavier Legette,CAR,@ARI,18,0.0,0.0,0.0,0.0,0.0,1.0,0.0,0.0,0.0,8.0,1.0,-2.0,0.0,0.0,0.0,0.00,0.0
2025,2,ELP,RB,Jaydon Blue,DAL,NYG,32,0.0,0.0,0.0,0.0,0.0,0.0,0.0,0.0,0.0,0.0,0.0,0.0,0.0,0.0,0.0,-,0.0
2025,2,ELP,WR,Jayden Reed,GB,WAS,9,0.0,0.0,0.0,0.0,0.0,0.0,0.0,0.0,0.0,0.0,0.0,0.0,0.0,0.0,0.0,0.00,0.0
2025,2,ELP,RB,Phil Mafah,DAL,NYG,32,0.0,0.0,0.0,0.0,0.0,0.0,0.0,0.0,0.0,0.0,0.0,0.0,0.0,0.0,0.0,-,0.0
2025,2,ELP,QB,Jaxson Dart,NYG,@DAL,31,0.0,0.0,0.0,0.0,0.0,1.0,-3.0,0.0,0.0,0.0,0.0,0.0,0.0,0.0,0.0,0.00,0.0
2025,2,ELP,DST,Texans,HOU,TB,4,,,,,,,,,,,,,,,,5.00,5.0
2025,2,FRR,WR,Ja'Marr Chase,CIN,JAC,27,0.0,0.0,0.0,0.0,0.0,0.0,0.0,0.0,0.0,16.0,14.0,165.0,1.0,10.0,0.0,32.50,32.5
2025,2,FRR,RB,Christian McCaffrey,SF,@NO,20,0.0,0.0,0.0,0.0,0.0,13.0,55.0,0.0,4.0,7.0,6.0,52.0,1.0,3.0,0.0,23.70,23.7
2025,2,FRR,QB,Mac Jones,SF,@NO,22,26.0,39.0,279.0,3.0,0.0,6.0,6.0,0.0,1.0,0.0,0.0,0.0,0.0,0.0,1.0,22.76,22.76
2025,2,FRR,QB,Tua Tagovailoa,MIA,NE,19,26.0,32.0,315.0,2.0,1.0,0.0,0.0,0.0,0.0,0.0,0.0,0.0,0.0,0.0,0.0,18.60,18.6
2025,2,FRR,QB,Matthew Stafford,LAR,@TEN,2,23.0,33.0,298.0,2.0,1.0,2.0,-6.0,0.0,0.0,0.0,0.0,0.0,0.0,0.0,0.0,17.92,17.92
2025,2,FRR,QB,Sam Darnold,SEA,@PIT,26,22.0,33.0,295.0,2.0,2.0,0.0,0.0,0.0,0.0,0.0,0.0,0.0,0.0,0.0,0.0,15.80,15.8
2025,2,FRR,RB,Blake Corum,LAR,@TEN,23,0.0,0.0,0.0,0.0,0.0,5.0,44.0,1.0,4.0,0.0,0.0,0.0,0.0,0.0,0.0,14.40,14.4
2025,2,FRR,TE,Juwan Johnson,NO,SF,12,0.0,0.0,0.0,0.0,0.0,0.0,0.0,0.0,0.0,9.0,5.0,49.0,1.0,3.0,0.0,13.90,13.9
2025,2,FRR,RB,D'Andre Swift,CHI,@DET,12,0.0,0.0,0.0,0.0,0.0,12.0,63.0,1.0,3.0,3.0,3.0,6.0,0.0,0.0,1.0,13.90,13.9
2025,2,FRR,WR,Chris Olave,NO,SF,14,0.0,0.0,0.0,0.0,0.0,0.0,0.0,0.0,0.0,10.0,6.0,54.0,0.0,4.0,0.0,9.40,9.4
2025,2,FRR,TE,Travis Kelce,KC,PHI,6,0.0,0.0,0.0,0.0,0.0,0.0,0.0,0.0,0.0,6.0,4.0,61.0,0.0,3.0,0.0,9.10,9.1
2025,2,FRR,WR,Terry McLaurin,WAS,@GB,11,0.0,0.0,0.0,0.0,0.0,0.0,0.0,0.0,0.0,9.0,5.0,48.0,0.0,4.0,0.0,8.80,8.8
2025,2,FRR,WR,Calvin Ridley,TEN,LAR,6,0.0,0.0,0.0,0.0,0.0,0.0,0.0,0.0,0.0,6.0,3.0,57.0,0.0,3.0,0.0,8.70,8.7
2025,2,FRR,WR,Drake London,ATL,@MIN,2,0.0,0.0,0.0,0.0,0.0,0.0,0.0,0.0,0.0,4.0,3.0,49.0,0.0,2.0,1.0,4.90,4.9
2025,2,FRR,WR,Jayden Higgins,HOU,TB,5,0.0,0.0,0.0,0.0,0.0,0.0,0.0,0.0,0.0,1.0,1.0,28.0,0.0,1.0,0.0,3.80,3.8
2025,2,FRR,WR,Dont'e Thornton,LV,LAC,12,0.0,0.0,0.0,0.0,0.0,0.0,0.0,0.0,0.0,4.0,1.0,20.0,0.0,1.0,0.0,3.00,3.0
2025,2,FRR,RB,Brian Robinson,SF,@NO,20,0.0,0.0,0.0,0.0,0.0,6.0,20.0,0.0,0.0,1.0,1.0,-1.0,0.0,0.0,0.0,2.00,2.0
2025,2,FRR,RB,Brian Robinson Dead Cap,SF,0,0,0.0,0.0,0.0,0.0,0.0,0.0,0.0,0.0,0.0,0.0,0.0,0.0,0.0,0.0,0.0,-,0.0
2025,2,FRR,QB,Jalen Milroe,SEA,@PIT,26,0.0,0.0,0.0,0.0,0.0,0.0,0.0,0.0,0.0,0.0,0.0,0.0,0.0,0.0,0.0,-,0.0
2025,2,FRR,DST,Steelers,PIT,SEA,20,,,,,,,,,,,,,,,,8.00,8.0
2025,2,GF,WR,Wan'Dale Robinson,NYG,@DAL,30,0.0,0.0,0.0,0.0,0.0,0.0,0.0,0.0,0.0,10.0,8.0,142.0,1.0,5.0,0.0,25.20,25.2
2025,2,GF,QB,Jordan Love,GB,WAS,18,19.0,31.0,292.0,2.0,0.0,3.0,12.0,0.0,1.0,0.0,0.0,0.0,0.0,0.0,0.0,21.88,21.88
2025,2,GF,WR,Davante Adams,LAR,@TEN,28,0.0,0.0,0.0,0.0,0.0,0.0,0.0,0.0,0.0,13.0,6.0,106.0,1.0,4.0,0.0,20.60,20.6
2025,2,GF,RB,Jaylen Warren,PIT,SEA,29,0.0,0.0,0.0,0.0,0.0,14.0,48.0,0.0,5.0,4.0,4.0,86.0,0.0,2.0,0.0,20.40,20.4
2025,2,GF,QB,Trevor Lawrence,JAC,@CIN,13,24.0,42.0,271.0,3.0,2.0,2.0,4.0,0.0,1.0,0.0,0.0,0.0,0.0,0.0,0.0,20.24,20.24
2025,2,GF,RB,Josh Jacobs,GB,WAS,7,0.0,0.0,0.0,0.0,0.0,23.0,84.0,1.0,4.0,0.0,0.0,0.0,0.0,0.0,0.0,18.40,18.4
2025,2,GF,WR,Jaxon Smith-Njigba,SEA,@PIT,17,0.0,0.0,0.0,0.0,0.0,0.0,0.0,0.0,0.0,10.0,8.0,103.0,0.0,4.0,0.0,14.30,14.3
2025,2,GF,WR,Deebo Samuel,WAS,@GB,12,0.0,0.0,0.0,0.0,0.0,0.0,0.0,0.0,0.0,8.0,7.0,44.0,1.0,2.0,0.0,12.40,12.4
2025,2,GF,WR,Romeo Doubs,GB,WAS,9,0.0,0.0,0.0,0.0,0.0,0.0,0.0,0.0,0.0,5.0,3.0,28.0,1.0,2.0,0.0,10.80,10.8
2025,2,GF,RB,Ashton Jeanty,LV,LAC,1,0.0,0.0,0.0,0.0,0.0,11.0,43.0,0.0,3.0,4.0,3.0,1.0,0.0,0.0,0.0,7.40,7.4
2025,2,GF,TE,Harold Fannin,CLE,@BAL,31,0.0,0.0,0.0,0.0,0.0,0.0,0.0,0.0,0.0,5.0,5.0,48.0,0.0,2.0,0.0,6.80,6.8
2025,2,GF,WR,Josh Palmer,BUF,@NYJ,19,0.0,0.0,0.0,0.0,0.0,0.0,0.0,0.0,0.0,3.0,2.0,47.0,0.0,2.0,0.0,6.70,6.7
2025,2,GF,QB,Michael Penix,ATL,@MIN,12,13.0,21.0,135.0,0.0,0.0,1.0,-1.0,0.0,0.0,0.0,0.0,0.0,0.0,0.0,0.0,5.40,5.4
2025,2,GF,QB,JJ McCarthy,MIN,ATL,8,11.0,21.0,158.0,0.0,2.0,5.0,25.0,0.0,1.0,0.0,0.0,0.0,0.0,0.0,1.0,3.82,3.82
2025,2,GF,TE,Brenton Strange,JAC,@CIN,15,0.0,0.0,0.0,0.0,0.0,0.0,0.0,0.0,0.0,5.0,3.0,17.0,0.0,1.0,0.0,2.70,2.7
2025,2,GF,WR,Luther Burden,CHI,@DET,26,0.0,0.0,0.0,0.0,0.0,0.0,0.0,0.0,0.0,2.0,1.0,5.0,0.0,0.0,0.0,0.50,0.5
2025,2,GF,RB,Chris Rodriguez,WAS,@GB,3,0.0,0.0,0.0,0.0,0.0,0.0,0.0,0.0,0.0,0.0,0.0,0.0,0.0,0.0,0.0,-,0.0
2025,2,GF,RB,Will Shipley,PHI,@KC,10,0.0,0.0,0.0,0.0,0.0,0.0,0.0,0.0,0.0,0.0,0.0,0.0,0.0,0.0,0.0,-,0.0
2025,2,GF,RB,Tyjae Spears,TEN,LAR,6,0.0,0.0,0.0,0.0,0.0,0.0,0.0,0.0,0.0,0.0,0.0,0.0,0.0,0.0,0.0,-,0.0
2025,2,GF,RB,MarShawn Lloyd,GB,WAS,7,0.0,0.0,0.0,0.0,0.0,0.0,0.0,0.0,0.0,0.0,0.0,0.0,0.0,0.0,0.0,-,0.0
2025,2,GF,DST,Seahawks,SEA,@PIT,26,,,,,,,,,,,,,,,,17.00,17.0
2025,2,MAM,TE,Tucker Kraft,GB,WAS,29,0.0,0.0,0.0,0.0,0.0,0.0,0.0,0.0,0.0,7.0,6.0,124.0,1.0,5.0,0.0,23.40,23.4
2025,2,MAM,QB,Justin Herbert,LAC,@LV,9,19.0,27.0,242.0,2.0,0.0,9.0,31.0,0.0,2.0,0.0,0.0,0.0,0.0,0.0,1.0,20.78,20.78
2025,2,MAM,QB,Caleb Williams,CHI,@DET,20,19.0,30.0,207.0,2.0,1.0,5.0,27.0,0.0,2.0,0.0,0.0,0.0,0.0,0.0,0.0,18.98,18.98
2025,2,MAM,RB,Saquon Barkley,PHI,@KC,9,0.0,0.0,0.0,0.0,0.0,22.0,88.0,1.0,3.0,2.0,2.0,6.0,0.0,0.0,0.0,18.40,18.4
2025,2,MAM,WR,Elic Ayomanor,TEN,LAR,7,0.0,0.0,0.0,0.0,0.0,0.0,0.0,0.0,0.0,6.0,4.0,56.0,1.0,4.0,0.0,15.60,15.6
2025,2,MAM,RB,Bhayshul Tuten,JAC,@CIN,30,0.0,0.0,0.0,0.0,0.0,8.0,42.0,0.0,0.0,2.0,2.0,32.0,1.0,2.0,0.0,15.40,15.4
2025,2,MAM,RB,Alvin Kamara,NO,SF,8,0.0,0.0,0.0,0.0,0.0,21.0,99.0,0.0,4.0,6.0,6.0,21.0,0.0,0.0,1.0,14.00,14.0
2025,2,MAM,WR,Marvin Mims,DEN,@IND,15,0.0,0.0,0.0,0.0,0.0,0.0,0.0,0.0,0.0,2.0,2.0,24.0,1.0,1.0,0.0,9.40,9.4
2025,2,MAM,WR,Josh Downs,IND,DEN,3,0.0,0.0,0.0,0.0,0.0,0.0,0.0,0.0,0.0,8.0,6.0,51.0,0.0,4.0,0.0,9.10,9.1
2025,2,MAM,WR,Jerry Jeudy,CLE,@BAL,21,0.0,0.0,0.0,0.0,0.0,0.0,0.0,0.0,0.0,8.0,4.0,51.0,0.0,2.0,0.0,7.10,7.1
2025,2,MAM,WR,Garrett Wilson,NYJ,BUF,6,0.0,0.0,0.0,0.0,0.0,0.0,0.0,0.0,0.0,8.0,4.0,50.0,0.0,2.0,0.0,7.00,7.0
2025,2,MAM,WR,DJ Moore,CHI,@DET,26,0.0,0.0,0.0,0.0,0.0,0.0,0.0,0.0,0.0,6.0,5.0,46.0,0.0,2.0,0.0,6.60,6.6
2025,2,MAM,TE,David Njoku,CLE,@BAL,31,0.0,0.0,0.0,0.0,0.0,0.0,0.0,0.0,0.0,5.0,4.0,40.0,0.0,1.0,0.0,5.00,5.0
2025,2,MAM,RB,RJ Harvey,DEN,@IND,18,0.0,0.0,0.0,0.0,0.0,5.0,8.0,0.0,0.0,2.0,1.0,16.0,0.0,1.0,0.0,3.40,3.4
2025,2,MAM,RB,Kendre Miller,NO,SF,8,0.0,0.0,0.0,0.0,0.0,5.0,8.0,0.0,0.0,1.0,1.0,2.0,0.0,0.0,0.0,1.00,1.0
2025,2,MAM,WR,Brandon Aiyuk,SF,@NO,10,0.0,0.0,0.0,0.0,0.0,0.0,0.0,0.0,0.0,0.0,0.0,0.0,0.0,0.0,0.0,-,0.0
2025,2,MAM,WR,Rashee Rice,KC,PHI,8,0.0,0.0,0.0,0.0,0.0,0.0,0.0,0.0,0.0,0.0,0.0,0.0,0.0,0.0,0.0,-,0.0
2025,2,MAM,QB,Will Howard,PIT,SEA,5,0.0,0.0,0.0,0.0,0.0,0.0,0.0,0.0,0.0,0.0,0.0,0.0,0.0,0.0,0.0,-,0.0
2025,2,MAM,RB,Jarquez Hunter,LAR,@TEN,22,0.0,0.0,0.0,0.0,0.0,0.0,0.0,0.0,0.0,0.0,0.0,0.0,0.0,0.0,0.0,0.00,0.0
2025,2,MAM,DST,Rams,LAR,@TEN,26,8.0,8.0,,,,,,,,,,,,,,,
2025,2,MAM,DST,Giants,NYG,@DAL,10,,,,,,,,,,,,,,,,2.00,2.0
2025,2,MCM,QB,Daniel Jones,IND,DEN,3,23.0,34.0,316.0,1.0,0.0,6.0,2.0,1.0,2.0,0.0,0.0,0.0,0.0,0.0,0.0,24.84,24.84
2025,2,MCM,WR,Puka Nacua,LAR,@TEN,28,0.0,0.0,0.0,0.0,0.0,1.0,45.0,1.0,1.0,9.0,8.0,91.0,0.0,4.0,0.0,24.60,24.6
2025,2,MCM,WR,Jauan Jennings,SF,@NO,10,0.0,0.0,0.0,0.0,0.0,0.0,0.0,0.0,0.0,10.0,5.0,89.0,1.0,3.0,0.0,17.90,17.9
2025,2,MCM,RB,James Conner,ARI,CAR,19,0.0,0.0,0.0,0.0,0.0,11.0,34.0,1.0,3.0,1.0,1.0,18.0,0.0,1.0,0.0,15.20,15.2
2025,2,MCM,RB,Kyren Williams,LAR,@TEN,23,0.0,0.0,0.0,0.0,0.0,17.0,66.0,0.0,3.0,2.0,2.0,14.0,0.0,0.0,0.0,11.00,11.0
2025,2,MCM,WR,Jakobi Meyers,LV,LAC,12,0.0,0.0,0.0,0.0,0.0,0.0,0.0,0.0,0.0,12.0,6.0,68.0,0.0,3.0,0.0,9.80,9.8
2025,2,MCM,QB,Geno Smith,LV,LAC,30,24.0,43.0,180.0,0.0,3.0,5.0,20.0,0.0,2.0,0.0,0.0,0.0,0.0,0.0,0.0,5.20,5.2
2025,2,MCM,RB,Ray Davis,BUF,@NYJ,27,0.0,0.0,0.0,0.0,0.0,9.0,24.0,0.0,2.0,0.0,0.0,0.0,0.0,0.0,0.0,4.40,4.4
2025,2,MCM,TE,Cade Otton,TB,@HOU,5,0.0,0.0,0.0,0.0,0.0,0.0,0.0,0.0,0.0,4.0,3.0,25.0,0.0,1.0,0.0,3.50,3.5
2025,2,MCM,RB,Derrick Henry,BAL,CLE,4,0.0,0.0,0.0,0.0,0.0,11.0,23.0,0.0,1.0,0.0,0.0,0.0,0.0,0.0,0.0,3.30,3.3
2025,2,MCM,TE,Jonnu Smith,PIT,SEA,30,0.0,0.0,0.0,0.0,0.0,0.0,0.0,0.0,0.0,4.0,4.0,27.0,0.0,0.0,0.0,2.70,2.7
2025,2,MCM,WR,Khalil Shakir,BUF,@NYJ,19,0.0,0.0,0.0,0.0,0.0,0.0,0.0,0.0,0.0,2.0,1.0,12.0,0.0,1.0,0.0,2.20,2.2
2025,2,MCM,RB,Brashard Smith,KC,PHI,13,0.0,0.0,0.0,0.0,0.0,1.0,2.0,0.0,0.0,1.0,0.0,0.0,0.0,0.0,0.0,0.20,0.2
2025,2,MCM,WR,Jordan Addison,MIN,ATL,16,0.0,0.0,0.0,0.0,0.0,0.0,0.0,0.0,0.0,0.0,0.0,0.0,0.0,0.0,0.0,-,0.0
2025,2,MCM,TE,Colston Loveland,CHI,@DET,10,0.0,0.0,0.0,0.0,0.0,0.0,0.0,0.0,0.0,1.0,0.0,0.0,0.0,0.0,0.0,0.00,0.0
2025,2,MCM,RB,Isaac Guerendo,SF,@NO,20,0.0,0.0,0.0,0.0,0.0,0.0,0.0,0.0,0.0,0.0,0.0,0.0,0.0,0.0,0.0,0.00,0.0
2025,2,MCM,QB,Shedeur Sanders,CLE,@BAL,28,0.0,0.0,0.0,0.0,0.0,0.0,0.0,0.0,0.0,0.0,0.0,0.0,0.0,0.0,0.0,-,0.0
2025,2,MCM,QB,Jimmy Garoppolo,LAR,@TEN,2,0.0,0.0,0.0,0.0,0.0,0.0,0.0,0.0,0.0,0.0,0.0,0.0,0.0,0.0,0.0,-,0.0
2025,2,MCM,DST,Vikings,MIN,ATL,10,,,,,,,,,,,,,,,,5.00,5.0
2025,2,MWM,QB,Russell Wilson,NYG,@DAL,31,30.0,41.0,450.0,3.0,1.0,3.0,23.0,0.0,1.0,0.0,0.0,0.0,0.0,0.0,0.0,31.30,31.3
2025,2,MWM,QB,Jalen Hurts,PHI,@KC,23,15.0,22.0,101.0,0.0,0.0,9.0,15.0,1.0,5.0,0.0,0.0,0.0,0.0,0.0,0.0,16.54,16.54
2025,2,MWM,RB,Nick Chubb,HOU,TB,21,0.0,0.0,0.0,0.0,0.0,12.0,43.0,1.0,2.0,2.0,2.0,29.0,0.0,1.0,0.0,16.20,16.2
2025,2,MWM,WR,Jaylen Waddle,MIA,NE,29,0.0,0.0,0.0,0.0,0.0,0.0,0.0,0.0,0.0,6.0,5.0,68.0,1.0,3.0,0.0,15.80,15.8
2025,2,MWM,RB,Cam Skattebo,NYG,@DAL,22,0.0,0.0,0.0,0.0,0.0,11.0,45.0,1.0,3.0,3.0,2.0,14.0,0.0,0.0,0.0,14.90,14.9
2025,2,MWM,WR,Cooper Kupp,SEA,@PIT,17,0.0,0.0,0.0,0.0,0.0,0.0,0.0,0.0,0.0,9.0,7.0,90.0,0.0,5.0,0.0,14.00,14.0
2025,2,MWM,WR,Rashid Shaheed,NO,SF,14,0.0,0.0,0.0,0.0,0.0,0.0,0.0,0.0,0.0,5.0,4.0,52.0,1.0,2.0,0.0,13.20,13.2
2025,2,MWM,QB,Cam Ward,TEN,LAR,1,19.0,33.0,175.0,1.0,0.0,4.0,8.0,0.0,2.0,0.0,0.0,0.0,0.0,0.0,1.0,11.80,11.8
2025,2,MWM,RB,Kareem Hunt,KC,PHI,13,0.0,0.0,0.0,0.0,0.0,8.0,31.0,0.0,3.0,1.0,1.0,3.0,0.0,0.0,0.0,6.40,6.4
2025,2,MWM,RB,Jerome Ford,CLE,@BAL,25,0.0,0.0,0.0,0.0,0.0,6.0,31.0,0.0,1.0,6.0,5.0,23.0,0.0,0.0,0.0,6.40,6.4
2025,2,MWM,RB,Austin Ekeler,WAS,@GB,3,0.0,0.0,0.0,0.0,0.0,8.0,17.0,0.0,2.0,4.0,2.0,7.0,0.0,0.0,0.0,4.40,4.4
2025,2,MWM,WR,Stefon Diggs,NE,@MIA,13,0.0,0.0,0.0,0.0,0.0,0.0,0.0,0.0,0.0,5.0,4.0,32.0,0.0,1.0,0.0,4.20,4.2
2025,2,MWM,WR,Darnell Mooney,ATL,@MIN,2,0.0,0.0,0.0,0.0,0.0,0.0,0.0,0.0,0.0,4.0,2.0,20.0,0.0,1.0,0.0,3.00,3.0
2025,2,MWM,TE,Mark Andrews,BAL,CLE,11,0.0,0.0,0.0,0.0,0.0,1.0,2.0,0.0,1.0,3.0,1.0,2.0,0.0,0.0,0.0,1.40,1.4
2025,2,MWM,RB,Joe Mixon,HOU,TB,21,0.0,0.0,0.0,0.0,0.0,0.0,0.0,0.0,0.0,0.0,0.0,0.0,0.0,0.0,0.0,-,0.0
2025,2,MWM,RB,Tank Bigsby,PHI,@KC,9,0.0,0.0,0.0,0.0,0.0,0.0,0.0,0.0,0.0,0.0,0.0,0.0,0.0,0.0,0.0,0.00,0.0
2025,2,MWM,WR,Christian Watson,GB,WAS,9,0.0,0.0,0.0,0.0,0.0,0.0,0.0,0.0,0.0,0.0,0.0,0.0,0.0,0.0,0.0,-,0.0
2025,2,MWM,TE,Terrance Ferguson,LAR,@TEN,16,0.0,0.0,0.0,0.0,0.0,0.0,0.0,0.0,0.0,0.0,0.0,0.0,0.0,0.0,0.0,0.00,0.0
2025,2,MWM,TE,George Kittle,SF,@NO,27,0.0,0.0,0.0,0.0,0.0,0.0,0.0,0.0,0.0,0.0,0.0,0.0,0.0,0.0,0.0,-,0.0
2025,2,MWM,DST,Bills,BUF,@NYJ,13,10.0,10.0,,,,,,,,,,,,,,,
2025,2,MWM,DST,49ers,SF,@NO,15,,,,,,,,,,,,,,,,6.00,6.0
2025,2,NN,WR,Malik Nabers,NYG,@DAL,30,0.0,0.0,0.0,0.0,0.0,0.0,0.0,0.0,0.0,13.0,9.0,167.0,2.0,6.0,0.0,34.70,34.7
2025,2,NN,QB,Dak Prescott,DAL,NYG,24,38.0,52.0,361.0,2.0,1.0,3.0,17.0,0.0,1.0,0.0,0.0,0.0,0.0,0.0,0.0,23.14,23.14
2025,2,NN,RB,Tyler Allgeier,ATL,@MIN,26,0.0,0.0,0.0,0.0,0.0,16.0,76.0,1.0,7.0,1.0,1.0,4.0,0.0,0.0,0.0,21.00,21.0
2025,2,NN,WR,Dyami Brown,JAC,@CIN,21,0.0,0.0,0.0,0.0,0.0,1.0,9.0,0.0,0.0,7.0,5.0,57.0,1.0,4.0,0.0,16.60,16.6
2025,2,NN,TE,Jake Ferguson,DAL,NYG,22,0.0,0.0,0.0,0.0,0.0,0.0,0.0,0.0,0.0,12.0,9.0,78.0,0.0,4.0,0.0,11.80,11.8
2025,2,NN,RB,Quinshon Judkins,CLE,@BAL,25,0.0,0.0,0.0,0.0,0.0,10.0,61.0,0.0,3.0,3.0,3.0,10.0,0.0,0.0,0.0,10.10,10.1
2025,2,NN,WR,Justin Jefferson,MIN,ATL,16,0.0,0.0,0.0,0.0,0.0,0.0,0.0,0.0,0.0,6.0,3.0,81.0,0.0,2.0,0.0,10.10,10.1
2025,2,NN,WR,Kayshon Boutte,NE,@MIA,13,0.0,0.0,0.0,0.0,0.0,0.0,0.0,0.0,0.0,1.0,1.0,16.0,1.0,1.0,0.0,8.60,8.6
2025,2,NN,QB,Joe Burrow,CIN,JAC,17,7.0,13.0,76.0,1.0,0.0,0.0,0.0,0.0,0.0,0.0,0.0,0.0,0.0,0.0,0.0,7.04,7.04
2025,2,NN,RB,Breece Hall,NYJ,BUF,15,0.0,0.0,0.0,0.0,0.0,10.0,29.0,0.0,2.0,3.0,2.0,9.0,0.0,0.0,0.0,5.80,5.8
2025,2,NN,RB,Kyle Monangai,CHI,@DET,12,0.0,0.0,0.0,0.0,0.0,7.0,28.0,0.0,2.0,3.0,1.0,8.0,0.0,0.0,0.0,5.60,5.6
2025,2,NN,WR,Keon Coleman,BUF,@NYJ,19,0.0,0.0,0.0,0.0,0.0,0.0,0.0,0.0,0.0,3.0,3.0,26.0,0.0,2.0,0.0,4.60,4.6
2025,2,NN,WR,Pat Bryant,DEN,@IND,15,0.0,0.0,0.0,0.0,0.0,0.0,0.0,0.0,0.0,3.0,2.0,18.0,0.0,2.0,0.0,3.80,3.8
2025,2,NN,TE,Evan Engram,DEN,@IND,13,0.0,0.0,0.0,0.0,0.0,0.0,0.0,0.0,0.0,2.0,1.0,12.0,0.0,1.0,0.0,2.20,2.2
2025,2,NN,RB,Braelon Allen,NYJ,BUF,15,0.0,0.0,0.0,0.0,0.0,2.0,11.0,0.0,0.0,1.0,0.0,0.0,0.0,0.0,0.0,1.10,1.1
2025,2,NN,RB,Zach Charbonnet,SEA,@PIT,28,0.0,0.0,0.0,0.0,0.0,15.0,10.0,0.0,0.0,0.0,0.0,0.0,0.0,0.0,0.0,1.00,1.0
2025,2,NN,WR,Xavier Worthy,KC,PHI,8,0.0,0.0,0.0,0.0,0.0,0.0,0.0,0.0,0.0,0.0,0.0,0.0,0.0,0.0,0.0,-,0.0
2025,2,NN,WR,Jalen Coker,CAR,@ARI,18,0.0,0.0,0.0,0.0,0.0,0.0,0.0,0.0,0.0,0.0,0.0,0.0,0.0,0.0,0.0,-,0.0
2025,2,NN,QB,Tyler Shough,NO,SF,10,0.0,0.0,0.0,0.0,0.0,0.0,0.0,0.0,0.0,0.0,0.0,0.0,0.0,0.0,0.0,-,0.0
2025,2,NN,DST,Lions,DET,CHI,25,,,,,,,,,,,,,,,,11.00,11.0
2025,2,VD,WR,Rome Odunze,CHI,@DET,26,0.0,0.0,0.0,0.0,0.0,0.0,0.0,0.0,0.0,11.0,7.0,128.0,2.0,6.0,0.0,30.80,30.8
2025,2,VD,QB,Baker Mayfield,TB,@HOU,4,25.0,38.0,215.0,2.0,0.0,3.0,33.0,0.0,3.0,0.0,0.0,0.0,0.0,0.0,0.0,22.90,22.9
2025,2,VD,RB,Bijan Robinson,ATL,@MIN,27,0.0,0.0,0.0,0.0,0.0,22.0,143.0,0.0,5.0,5.0,3.0,25.0,0.0,0.0,0.0,21.80,21.8
2025,2,VD,QB,Bryce Young,CAR,@ARI,14,35.0,55.0,328.0,3.0,1.0,2.0,2.0,0.0,0.0,0.0,0.0,0.0,0.0,0.0,1.0,21.32,21.32
2025,2,VD,RB,Bucky Irving,TB,@HOU,11,0.0,0.0,0.0,0.0,0.0,17.0,71.0,0.0,2.0,6.0,6.0,50.0,0.0,2.0,0.0,16.10,16.1
2025,2,VD,WR,Tyreek Hill,MIA,NE,29,0.0,0.0,0.0,0.0,0.0,0.0,0.0,0.0,0.0,7.0,6.0,109.0,0.0,4.0,0.0,14.90,14.9
2025,2,VD,WR,Michael Pittman,IND,DEN,3,0.0,0.0,0.0,0.0,0.0,0.0,0.0,0.0,0.0,5.0,4.0,40.0,0.0,3.0,0.0,7.00,7.0
2025,2,VD,WR,Ladd McConkey,LAC,@LV,24,0.0,0.0,0.0,0.0,0.0,0.0,0.0,0.0,0.0,5.0,5.0,48.0,0.0,2.0,0.0,6.80,6.8
2025,2,VD,QB,Justin Fields,NYJ,BUF,25,3.0,11.0,27.0,0.0,0.0,5.0,49.0,0.0,2.0,0.0,0.0,0.0,0.0,0.0,1.0,5.98,5.98
2025,2,VD,TE,Kyle Pitts,ATL,@MIN,3,0.0,0.0,0.0,0.0,0.0,0.0,0.0,0.0,0.0,5.0,4.0,37.0,0.0,2.0,0.0,5.70,5.7
2025,2,VD,RB,Trey Benson,ARI,CAR,19,0.0,0.0,0.0,0.0,0.0,3.0,14.0,0.0,0.0,6.0,4.0,30.0,0.0,1.0,0.0,5.40,5.4
2025,2,VD,RB,Omarion Hampton,LAC,@LV,2,0.0,0.0,0.0,0.0,0.0,8.0,24.0,0.0,2.0,2.0,1.0,1.0,0.0,0.0,0.0,4.50,4.5
2025,2,VD,WR,Marvin Harrison,ARI,CAR,4,0.0,0.0,0.0,0.0,0.0,0.0,0.0,0.0,0.0,5.0,2.0,27.0,0.0,1.0,0.0,3.70,3.7
2025,2,VD,RB,Ollie Gordon,MIA,NE,14,0.0,0.0,0.0,0.0,0.0,1.0,8.0,0.0,0.0,1.0,1.0,5.0,0.0,0.0,0.0,1.30,1.3
2025,2,VD,RB,Kaleb Johnson,PIT,SEA,29,0.0,0.0,0.0,0.0,0.0,1.0,1.0,0.0,0.0,0.0,0.0,0.0,0.0,0.0,0.0,0.10,0.1
2025,2,VD,WR,Chris Godwin,TB,@HOU,25,0.0,0.0,0.0,0.0,0.0,0.0,0.0,0.0,0.0,0.0,0.0,0.0,0.0,0.0,0.0,-,0.0
2025,2,VD,QB,Anthony Richardson,IND,DEN,3,0.0,0.0,0.0,0.0,0.0,0.0,0.0,0.0,0.0,0.0,0.0,0.0,0.0,0.0,0.0,-,0.0
2025,2,VD,WR,Jaylin Noel,HOU,TB,5,0.0,0.0,0.0,0.0,0.0,0.0,0.0,0.0,0.0,0.0,0.0,0.0,0.0,0.0,0.0,0.00,0.0
2025,2,VD,DST,Cardinals,ARI,CAR,30,,,,,,,,,,,,,,,,15.00,15.0
2025,2,WLW,QB,Jared Goff,DET,CHI,29,23.0,28.0,334.0,5.0,0.0,1.0,6.0,0.0,0.0,0.0,0.0,0.0,0.0,0.0,0.0,33.96,33.96
2025,2,WLW,QB,Lamar Jackson,BAL,CLE,15,19.0,29.0,225.0,4.0,0.0,2.0,13.0,0.0,0.0,0.0,0.0,0.0,0.0,0.0,0.0,26.30,26.3
2025,2,WLW,RB,Chuba Hubbard,CAR,@ARI,17,0.0,0.0,0.0,0.0,0.0,10.0,38.0,0.0,4.0,6.0,5.0,39.0,1.0,3.0,0.0,20.70,20.7
2025,2,WLW,RB,JK Dobbins,DEN,@IND,18,0.0,0.0,0.0,0.0,0.0,14.0,76.0,1.0,5.0,2.0,1.0,9.0,0.0,0.0,0.0,19.50,19.5
2025,2,WLW,QB,CJ Stroud,HOU,TB,27,13.0,24.0,207.0,1.0,0.0,4.0,27.0,0.0,1.0,0.0,0.0,0.0,0.0,0.0,0.0,15.98,15.98
2025,2,WLW,WR,CeeDee Lamb,DAL,NYG,32,0.0,0.0,0.0,0.0,0.0,0.0,0.0,0.0,0.0,11.0,9.0,112.0,0.0,4.0,0.0,15.20,15.2
2025,2,WLW,RB,Tony Pollard,TEN,LAR,6,0.0,0.0,0.0,0.0,0.0,20.0,92.0,0.0,5.0,1.0,0.0,0.0,0.0,0.0,0.0,14.20,14.2
2025,2,WLW,WR,Nico Collins,HOU,TB,5,0.0,0.0,0.0,0.0,0.0,0.0,0.0,0.0,0.0,9.0,3.0,52.0,1.0,2.0,0.0,13.20,13.2
2025,2,WLW,RB,Chase Brown,CIN,JAC,10,0.0,0.0,0.0,0.0,0.0,16.0,47.0,0.0,4.0,3.0,2.0,18.0,0.0,1.0,0.0,11.50,11.5
2025,2,WLW,WR,Alec Pierce,IND,DEN,3,0.0,0.0,0.0,0.0,0.0,0.0,0.0,0.0,0.0,5.0,4.0,68.0,0.0,3.0,0.0,9.80,9.8
2025,2,WLW,TE,Ja'Tavion Sanders,CAR,@ARI,25,0.0,0.0,0.0,0.0,0.0,0.0,0.0,0.0,0.0,9.0,7.0,54.0,0.0,3.0,0.0,8.40,8.4
2025,2,WLW,WR,Marquise Brown,KC,PHI,8,0.0,0.0,0.0,0.0,0.0,0.0,0.0,0.0,0.0,5.0,5.0,30.0,0.0,2.0,0.0,5.00,5.0
2025,2,WLW,TE,Sam LaPorta,DET,CHI,14,0.0,0.0,0.0,0.0,0.0,0.0,0.0,0.0,0.0,4.0,3.0,26.0,0.0,1.0,0.0,3.60,3.6
2025,2,WLW,WR,Travis Hunter,JAC,@CIN,21,0.0,0.0,0.0,0.0,0.0,0.0,0.0,0.0,0.0,6.0,3.0,22.0,0.0,1.0,0.0,3.20,3.2
2025,2,WLW,RB,Rico Dowdle,CAR,@ARI,17,0.0,0.0,0.0,0.0,0.0,6.0,9.0,0.0,0.0,1.0,1.0,10.0,0.0,1.0,0.0,2.90,2.9
2025,2,WLW,WR,Rashod Bateman,BAL,CLE,20,0.0,0.0,0.0,0.0,0.0,0.0,0.0,0.0,0.0,4.0,2.0,15.0,0.0,1.0,0.0,2.50,2.5
2025,2,WLW,RB,Devin Neal,NO,SF,8,0.0,0.0,0.0,0.0,0.0,0.0,0.0,0.0,0.0,0.0,0.0,0.0,0.0,0.0,0.0,-,0.0
2025,2,WLW,WR,Christian Kirk,HOU,TB,5,0.0,0.0,0.0,0.0,0.0,0.0,0.0,0.0,0.0,0.0,0.0,0.0,0.0,0.0,0.0,-,0.0
2025,2,WLW,DST,Broncos,DEN,@IND,4,,,,,,,,,,,,,,,,2.00,2.0
2025,3,AFL,RB,Jahmyr Gibbs,DET,@BAL,26,0.0,0.0,0.0,0.0,0.0,22.0,67.0,2.0,5.0,6.0,5.0,32.0,0.0,0.0,0.0,26.90,26.9
2025,3,AFL,WR,AJ Brown,PHI,LAR,18,0.0,0.0,0.0,0.0,0.0,0.0,0.0,0.0,0.0,10.0,6.0,109.0,1.0,4.0,0.0,20.90,20.9
2025,3,AFL,WR,Keenan Allen,LAC,DEN,8,0.0,0.0,0.0,0.0,0.0,0.0,0.0,0.0,0.0,11.0,7.0,65.0,1.0,4.0,0.0,16.50,16.5
2025,3,AFL,QB,Kyler Murray,ARI,@SF,10,22.0,35.0,159.0,1.0,0.0,6.0,37.0,0.0,2.0,0.0,0.0,0.0,0.0,0.0,0.0,16.06,16.06
2025,3,AFL,RB,Travis Etienne,JAC,HOU,25,0.0,0.0,0.0,0.0,0.0,16.0,56.0,1.0,2.0,2.0,0.0,0.0,0.0,0.0,0.0,13.60,13.6
2025,3,AFL,WR,Quentin Johnston,LAC,DEN,8,0.0,0.0,0.0,0.0,0.0,0.0,0.0,0.0,0.0,10.0,6.0,89.0,0.0,4.0,0.0,12.90,12.9
2025,3,AFL,WR,Emeka Egbuka,TB,NYJ,25,0.0,0.0,0.0,0.0,0.0,0.0,0.0,0.0,0.0,8.0,6.0,85.0,0.0,4.0,0.0,12.50,12.5
2025,3,AFL,TE,Dallas Goedert,PHI,LAR,13,0.0,0.0,0.0,0.0,0.0,0.0,0.0,0.0,0.0,2.0,1.0,33.0,1.0,1.0,0.0,10.30,10.3
2025,3,AFL,TE,Brock Bowers,LV,@WAS,26,0.0,0.0,0.0,0.0,0.0,0.0,0.0,0.0,0.0,5.0,4.0,38.0,0.0,2.0,0.0,7.80,7.8
2025,3,AFL,RB,Rhamondre Stevenson,NE,PIT,20,0.0,0.0,0.0,0.0,0.0,4.0,18.0,0.0,1.0,3.0,3.0,38.0,0.0,1.0,2.0,3.60,3.6
2025,3,AFL,WR,Tee Higgins,CIN,@MIN,1,0.0,0.0,0.0,0.0,0.0,0.0,0.0,0.0,0.0,2.0,1.0,15.0,0.0,1.0,0.0,2.50,2.5
2025,3,AFL,WR,DeAndre Hopkins,BAL,DET,27,0.0,0.0,0.0,0.0,0.0,0.0,0.0,0.0,0.0,2.0,1.0,13.0,0.0,1.0,0.0,2.30,2.3
2025,3,AFL,WR,Zay Flowers,BAL,DET,27,0.0,0.0,0.0,0.0,0.0,0.0,0.0,0.0,0.0,3.0,2.0,13.0,0.0,1.0,0.0,2.30,2.3
2025,3,AFL,WR,Troy Franklin,DEN,@LAC,5,0.0,0.0,0.0,0.0,0.0,0.0,0.0,0.0,0.0,4.0,2.0,8.0,0.0,0.0,0.0,0.80,0.8
2025,3,AFL,RB,Dylan Sampson,CLE,GB,6,0.0,0.0,0.0,0.0,0.0,1.0,2.0,0.0,0.0,0.0,0.0,0.0,0.0,0.0,0.0,0.20,0.2
2025,3,AFL,RB,Aaron Jones,MIN,CIN,32,0.0,0.0,0.0,0.0,0.0,0.0,0.0,0.0,0.0,0.0,0.0,0.0,0.0,0.0,0.0,-,0.0
2025,3,AFL,QB,Jayden Daniels,WAS,LV,21,0.0,0.0,0.0,0.0,0.0,0.0,0.0,0.0,0.0,0.0,0.0,0.0,0.0,0.0,0.0,-,0.0
2025,3,AFL,WR,Adonai Mitchell,IND,@TEN,29,0.0,0.0,0.0,0.0,0.0,0.0,0.0,0.0,0.0,2.0,0.0,0.0,0.0,0.0,0.0,0.00,0.0
2025,3,AFL,RB,Trevor Etienne,CAR,ATL,7,0.0,0.0,0.0,0.0,0.0,0.0,0.0,0.0,0.0,0.0,0.0,0.0,0.0,0.0,1.0,-2.00,-2.0
2025,3,AFL,DST,Chargers,LAC,DEN,14,,,,,,,,,,,,,,,,3.00,3.0
2025,3,CC,RB,David Montgomery,DET,@BAL,26,0.0,0.0,0.0,0.0,0.0,12.0,151.0,2.0,6.0,1.0,1.0,13.0,0.0,1.0,0.0,35.40,35.4
2025,3,CC,QB,Drake Maye,NE,PIT,29,28.0,37.0,268.0,2.0,1.0,7.0,45.0,0.0,5.0,0.0,0.0,0.0,0.0,0.0,1.0,24.22,24.22
2025,3,CC,RB,James Cook,BUF,MIA,28,0.0,0.0,0.0,0.0,0.0,19.0,108.0,1.0,6.0,3.0,3.0,10.0,0.0,0.0,0.0,23.80,23.8
2025,3,CC,WR,Amon-Ra St Brown,DET,@BAL,22,0.0,0.0,0.0,0.0,0.0,0.0,0.0,0.0,0.0,8.0,7.0,77.0,1.0,5.0,0.0,18.70,18.7
2025,3,CC,WR,Ricky Pearsall,SF,ARI,20,0.0,0.0,0.0,0.0,0.0,0.0,0.0,0.0,0.0,11.0,8.0,117.0,0.0,6.0,0.0,17.70,17.7
2025,3,CC,TE,Trey McBride,ARI,@SF,22,0.0,0.0,0.0,0.0,0.0,0.0,0.0,0.0,0.0,8.0,5.0,43.0,1.0,2.0,0.0,12.30,12.3
2025,3,CC,QB,Aaron Rodgers,PIT,@NE,14,16.0,23.0,139.0,2.0,1.0,4.0,1.0,0.0,0.0,0.0,0.0,0.0,0.0,0.0,0.0,11.66,11.66
2025,3,CC,WR,DK Metcalf,PIT,@NE,24,0.0,0.0,0.0,0.0,0.0,0.0,0.0,0.0,0.0,4.0,3.0,32.0,1.0,2.0,0.0,11.20,11.2
2025,3,CC,WR,Calvin Austin,PIT,@NE,24,0.0,0.0,0.0,0.0,0.0,0.0,0.0,0.0,0.0,5.0,3.0,34.0,1.0,1.0,0.0,10.40,10.4
2025,3,CC,WR,Brian Thomas,JAC,HOU,21,0.0,0.0,0.0,0.0,0.0,0.0,0.0,0.0,0.0,6.0,2.0,55.0,0.0,2.0,0.0,7.50,7.5
2025,3,CC,RB,TreVeyon Henderson,NE,PIT,20,0.0,0.0,0.0,0.0,0.0,11.0,28.0,0.0,2.0,3.0,3.0,19.0,0.0,0.0,0.0,6.70,6.7
2025,3,CC,TE,Zach Ertz,WAS,LV,5,0.0,0.0,0.0,0.0,0.0,0.0,0.0,0.0,0.0,3.0,3.0,38.0,0.0,1.0,0.0,4.80,4.8
2025,3,CC,TE,Mason Taylor,NYJ,@TB,7,0.0,0.0,0.0,0.0,0.0,0.0,0.0,0.0,0.0,6.0,4.0,18.0,0.0,2.0,0.0,3.80,3.8
2025,3,CC,RB,Najee Harris,LAC,DEN,24,0.0,0.0,0.0,0.0,0.0,6.0,28.0,0.0,1.0,0.0,0.0,0.0,0.0,0.0,0.0,3.80,3.8
2025,3,CC,QB,Joe Flacco,CLE,GB,2,21.0,36.0,142.0,0.0,1.0,0.0,0.0,0.0,0.0,0.0,0.0,0.0,0.0,0.0,0.0,3.68,3.68
2025,3,CC,RB,Rachaad White,TB,NYJ,19,0.0,0.0,0.0,0.0,0.0,5.0,12.0,0.0,0.0,1.0,1.0,2.0,0.0,0.0,0.0,1.40,1.4
2025,3,CC,QB,Brock Purdy,SF,ARI,12,0.0,0.0,0.0,0.0,0.0,0.0,0.0,0.0,0.0,0.0,0.0,0.0,0.0,0.0,0.0,-,0.0
2025,3,CC,WR,Tre Harris,LAC,DEN,8,0.0,0.0,0.0,0.0,0.0,0.0,0.0,0.0,0.0,1.0,0.0,0.0,0.0,0.0,0.0,0.00,0.0
2025,3,CC,DST,Packers,GB,@CLE,26,,,,,,,,,,,,,,,,10.00,10.0
2025,3,CRB,RB,Jonathan Taylor,IND,@TEN,30,0.0,0.0,0.0,0.0,0.0,17.0,102.0,3.0,6.0,4.0,3.0,16.0,0.0,0.0,0.0,35.80,35.8
2025,3,CRB,TE,Hunter Henry,NE,PIT,32,0.0,0.0,0.0,0.0,0.0,0.0,0.0,0.0,0.0,11.0,8.0,90.0,2.0,6.0,0.0,27.00,27.0
2025,3,CRB,QB,Josh Allen,BUF,MIA,31,22.0,28.0,213.0,3.0,0.0,4.0,25.0,0.0,0.0,0.0,0.0,0.0,0.0,0.0,0.0,23.02,23.02
2025,3,CRB,WR,Courtland Sutton,DEN,@LAC,5,0.0,0.0,0.0,0.0,0.0,0.0,0.0,0.0,0.0,8.0,6.0,118.0,1.0,5.0,0.0,22.80,22.8
2025,3,CRB,WR,George Pickens,DAL,@CHI,31,0.0,0.0,0.0,0.0,0.0,0.0,0.0,0.0,0.0,9.0,5.0,68.0,1.0,5.0,0.0,17.80,17.8
2025,3,CRB,WR,DeVonta Smith,PHI,LAR,18,0.0,0.0,0.0,0.0,0.0,0.0,0.0,0.0,0.0,9.0,8.0,60.0,1.0,3.0,0.0,15.00,15.0
2025,3,CRB,TE,TJ Hockenson,MIN,CIN,27,0.0,0.0,0.0,0.0,0.0,0.0,0.0,0.0,0.0,6.0,5.0,49.0,1.0,4.0,0.0,14.90,14.9
2025,3,CRB,QB,Bo Nix,DEN,@LAC,16,14.0,25.0,153.0,1.0,0.0,8.0,33.0,0.0,0.0,0.0,0.0,0.0,0.0,0.0,0.0,13.42,13.42
2025,3,CRB,RB,De'Von Achane,MIA,@BUF,17,0.0,0.0,0.0,0.0,0.0,12.0,62.0,0.0,1.0,9.0,7.0,29.0,0.0,1.0,0.0,11.10,11.1
2025,3,CRB,RB,Jacory Croskey-Merritt,WAS,LV,10,0.0,0.0,0.0,0.0,0.0,8.0,26.0,1.0,2.0,1.0,1.0,5.0,0.0,0.0,0.0,11.10,11.1
2025,3,CRB,WR,Tetairoa McMillan,CAR,ATL,7,0.0,0.0,0.0,0.0,0.0,0.0,0.0,0.0,0.0,8.0,3.0,48.0,0.0,3.0,0.0,7.80,7.8
2025,3,CRB,WR,Jack Bech,LV,@WAS,26,0.0,0.0,0.0,0.0,0.0,0.0,0.0,0.0,0.0,1.0,1.0,10.0,0.0,1.0,0.0,2.00,2.0
2025,3,CRB,WR,Kyle Williams,NE,PIT,10,0.0,0.0,0.0,0.0,0.0,0.0,0.0,0.0,0.0,1.0,1.0,8.0,0.0,0.0,0.0,0.80,0.8
2025,3,CRB,WR,Jalen McMillan,TB,NYJ,25,0.0,0.0,0.0,0.0,0.0,0.0,0.0,0.0,0.0,0.0,0.0,0.0,0.0,0.0,0.0,-,0.0
2025,3,CRB,WR,Jaylin Lane,WAS,LV,28,0.0,0.0,0.0,0.0,0.0,0.0,0.0,0.0,0.0,2.0,1.0,-2.0,0.0,0.0,0.0,0.00,0.0
2025,3,CRB,RB,Roschon Johnson,CHI,DAL,14,0.0,0.0,0.0,0.0,0.0,0.0,0.0,0.0,0.0,0.0,0.0,0.0,0.0,0.0,0.0,0.00,0.0
2025,3,CRB,WR,Adam Thielen,MIN,CIN,15,0.0,0.0,0.0,0.0,0.0,0.0,0.0,0.0,0.0,2.0,0.0,0.0,0.0,0.0,0.0,0.00,0.0
2025,3,CRB,DST,Commanders,WAS,LV,30,12.0,12.0,,,,,,,,,,,,,,,
2025,3,CRB,DST,Eagles,PHI,LAR,16,11.0,11.0,,,,,,,,,,,,,,,
2025,3,CRB,DST,Ravens,BAL,DET,4,,,,,,,,,,,,,,,,-4.00,-4.0
2025,3,ELP,RB,Jordan Mason,MIN,CIN,32,0.0,0.0,0.0,0.0,0.0,16.0,116.0,2.0,7.0,0.0,0.0,0.0,0.0,0.0,0.0,30.60,30.6
2025,3,ELP,QB,Marcus Mariota,WAS,LV,21,15.0,21.0,207.0,1.0,0.0,6.0,40.0,1.0,2.0,0.0,0.0,0.0,0.0,0.0,1.0,22.28,22.28
2025,3,ELP,RB,Kenneth Walker,SEA,NO,27,0.0,0.0,0.0,0.0,0.0,16.0,38.0,2.0,4.0,1.0,1.0,12.0,0.0,1.0,0.0,22.00,22.0
2025,3,ELP,TE,Dalton Kincaid,BUF,MIA,29,0.0,0.0,0.0,0.0,0.0,0.0,0.0,0.0,0.0,6.0,5.0,66.0,1.0,4.0,0.0,16.60,16.6
2025,3,ELP,QB,Patrick Mahomes,KC,@NYG,22,22.0,37.0,224.0,1.0,0.0,5.0,2.0,0.0,0.0,0.0,0.0,0.0,0.0,0.0,0.0,13.16,13.16
2025,3,ELP,QB,Spencer Rattler,NO,@SEA,3,28.0,39.0,218.0,1.0,1.0,2.0,10.0,0.0,1.0,0.0,0.0,0.0,0.0,0.0,0.0,12.72,12.72
2025,3,ELP,WR,Mike Evans,TB,NYJ,25,0.0,0.0,0.0,0.0,0.0,0.0,0.0,0.0,0.0,8.0,4.0,33.0,1.0,3.0,0.0,12.30,12.3
2025,3,ELP,RB,Javonte Williams,DAL,@CHI,29,0.0,0.0,0.0,0.0,0.0,10.0,76.0,0.0,4.0,5.0,5.0,16.0,0.0,1.0,1.0,12.20,12.2
2025,3,ELP,WR,Matthew Golden,GB,@CLE,14,0.0,0.0,0.0,0.0,0.0,3.0,9.0,0.0,0.0,4.0,4.0,52.0,0.0,1.0,0.0,7.10,7.1
2025,3,ELP,RB,Isiah Pacheco,KC,@NYG,31,0.0,0.0,0.0,0.0,0.0,10.0,45.0,0.0,2.0,1.0,1.0,3.0,0.0,0.0,0.0,6.80,6.8
2025,3,ELP,RB,Tyrone Tracy,NYG,KC,16,0.0,0.0,0.0,0.0,0.0,7.0,29.0,0.0,3.0,3.0,2.0,7.0,0.0,0.0,0.0,6.60,6.6
2025,3,ELP,WR,Jameson Williams,DET,@BAL,22,0.0,0.0,0.0,0.0,0.0,0.0,0.0,0.0,0.0,3.0,2.0,43.0,0.0,2.0,0.0,6.30,6.3
2025,3,ELP,TE,Tyler Warren,IND,@TEN,12,0.0,0.0,0.0,0.0,0.0,0.0,0.0,0.0,0.0,5.0,3.0,38.0,0.0,2.0,0.0,5.80,5.8
2025,3,ELP,WR,Cedric Tillman,CLE,GB,4,0.0,0.0,0.0,0.0,0.0,0.0,0.0,0.0,0.0,3.0,3.0,26.0,0.0,3.0,0.0,5.60,5.6
2025,3,ELP,QB,Jaxson Dart,NYG,KC,18,0.0,0.0,0.0,0.0,0.0,1.0,3.0,0.0,0.0,0.0,0.0,0.0,0.0,0.0,0.0,0.30,0.3
2025,3,ELP,RB,Phil Mafah,DAL,@CHI,29,0.0,0.0,0.0,0.0,0.0,0.0,0.0,0.0,0.0,0.0,0.0,0.0,0.0,0.0,0.0,-,0.0
2025,3,ELP,RB,Jaydon Blue,DAL,@CHI,29,0.0,0.0,0.0,0.0,0.0,0.0,0.0,0.0,0.0,0.0,0.0,0.0,0.0,0.0,0.0,-,0.0
2025,3,ELP,WR,Isaac TeSlaa,DET,@BAL,22,0.0,0.0,0.0,0.0,0.0,0.0,0.0,0.0,0.0,2.0,0.0,0.0,0.0,0.0,0.0,0.00,0.0
2025,3,ELP,WR,Jayden Reed,GB,@CLE,14,0.0,0.0,0.0,0.0,0.0,0.0,0.0,0.0,0.0,0.0,0.0,0.0,0.0,0.0,0.0,-,0.0
2025,3,ELP,DST,Texans,HOU,@JAC,13,,,,,,,,,,,,,,,,7.00,7.0
2025,3,FRR,RB,Christian McCaffrey,SF,ARI,22,0.0,0.0,0.0,0.0,0.0,17.0,52.0,0.0,3.0,15.0,10.0,88.0,0.0,2.0,0.0,19.00,19.0
2025,3,FRR,QB,Sam Darnold,SEA,NO,24,14.0,18.0,218.0,2.0,0.0,0.0,0.0,0.0,0.0,0.0,0.0,0.0,0.0,0.0,0.0,16.72,16.72
2025,3,FRR,QB,Tua Tagovailoa,MIA,@BUF,26,22.0,34.0,146.0,2.0,1.0,2.0,10.0,0.0,1.0,0.0,0.0,0.0,0.0,0.0,0.0,13.84,13.84
2025,3,FRR,QB,Matthew Stafford,LAR,@PHI,15,19.0,33.0,196.0,2.0,1.0,0.0,0.0,0.0,0.0,0.0,0.0,0.0,0.0,0.0,0.0,13.84,13.84
2025,3,FRR,QB,Mac Jones,SF,ARI,12,27.0,41.0,284.0,1.0,1.0,1.0,-1.0,0.0,0.0,0.0,0.0,0.0,0.0,0.0,0.0,13.36,13.36
2025,3,FRR,RB,D'Andre Swift,CHI,DAL,15,0.0,0.0,0.0,0.0,0.0,13.0,33.0,0.0,4.0,4.0,3.0,45.0,0.0,1.0,0.0,12.80,12.8
2025,3,FRR,WR,Terry McLaurin,WAS,LV,28,0.0,0.0,0.0,0.0,0.0,0.0,0.0,0.0,0.0,4.0,3.0,74.0,0.0,3.0,0.0,10.40,10.4
2025,3,FRR,WR,Chris Olave,NO,@SEA,2,0.0,0.0,0.0,0.0,0.0,0.0,0.0,0.0,0.0,14.0,10.0,57.0,0.0,4.0,0.0,9.70,9.7
2025,3,FRR,RB,Blake Corum,LAR,@PHI,24,0.0,0.0,0.0,0.0,0.0,8.0,53.0,0.0,4.0,0.0,0.0,0.0,0.0,0.0,0.0,9.30,9.3
2025,3,FRR,WR,Drake London,ATL,@CAR,3,0.0,0.0,0.0,0.0,0.0,0.0,0.0,0.0,0.0,8.0,5.0,55.0,0.0,3.0,0.0,8.50,8.5
2025,3,FRR,TE,Juwan Johnson,NO,@SEA,31,0.0,0.0,0.0,0.0,0.0,0.0,0.0,0.0,0.0,8.0,6.0,51.0,0.0,3.0,0.0,8.10,8.1
2025,3,FRR,QB,Jake Browning,CIN,@MIN,3,19.0,27.0,140.0,1.0,2.0,1.0,3.0,0.0,1.0,0.0,0.0,0.0,0.0,0.0,0.0,6.90,6.9
2025,3,FRR,WR,Ja'Marr Chase,CIN,@MIN,1,0.0,0.0,0.0,0.0,0.0,1.0,9.0,0.0,0.0,6.0,5.0,50.0,0.0,1.0,1.0,4.90,4.9
2025,3,FRR,TE,Travis Kelce,KC,@NYG,21,0.0,0.0,0.0,0.0,0.0,0.0,0.0,0.0,0.0,7.0,4.0,26.0,0.0,2.0,0.0,4.60,4.6
2025,3,FRR,WR,Calvin Ridley,TEN,IND,11,0.0,0.0,0.0,0.0,0.0,0.0,0.0,0.0,0.0,7.0,1.0,27.0,0.0,1.0,0.0,3.70,3.7
2025,3,FRR,RB,Woody Marks,HOU,@JAC,5,0.0,0.0,0.0,0.0,0.0,6.0,27.0,0.0,0.0,2.0,1.0,9.0,0.0,0.0,0.0,3.60,3.6
2025,3,FRR,WR,Jayden Higgins,HOU,@JAC,23,0.0,0.0,0.0,0.0,0.0,0.0,0.0,0.0,0.0,1.0,1.0,5.0,0.0,1.0,0.0,1.50,1.5
2025,3,FRR,QB,Jalen Milroe,SEA,NO,24,0.0,0.0,0.0,0.0,0.0,1.0,3.0,0.0,0.0,0.0,0.0,0.0,0.0,0.0,0.0,0.30,0.3
2025,3,FRR,RB,Brian Robinson Dead Cap,SF,0,0,0.0,0.0,0.0,0.0,0.0,0.0,0.0,0.0,0.0,0.0,0.0,0.0,0.0,0.0,0.0,-,0.0
2025,3,FRR,DST,Steelers,PIT,@NE,31,,,,,,,,,,,,,,,,18.00,18.0
2025,3,GF,WR,Luther Burden,CHI,DAL,32,0.0,0.0,0.0,0.0,0.0,1.0,7.0,0.0,1.0,3.0,3.0,101.0,1.0,2.0,0.0,19.80,19.8
2025,3,GF,WR,Jaxon Smith-Njigba,SEA,NO,19,0.0,0.0,0.0,0.0,0.0,0.0,0.0,0.0,0.0,6.0,5.0,96.0,1.0,4.0,0.0,19.60,19.6
2025,3,GF,RB,Jaylen Warren,PIT,@NE,13,0.0,0.0,0.0,0.0,0.0,18.0,47.0,0.0,5.0,6.0,5.0,34.0,0.0,1.0,0.0,14.10,14.1
2025,3,GF,WR,Davante Adams,LAR,@PHI,17,0.0,0.0,0.0,0.0,0.0,0.0,0.0,0.0,0.0,8.0,3.0,56.0,1.0,1.0,0.0,12.60,12.6
2025,3,GF,QB,Jordan Love,GB,@CLE,11,18.0,25.0,183.0,1.0,1.0,4.0,18.0,0.0,1.0,0.0,0.0,0.0,0.0,0.0,0.0,12.12,12.12
2025,3,GF,RB,Josh Jacobs,GB,@CLE,2,0.0,0.0,0.0,0.0,0.0,16.0,30.0,0.0,2.0,9.0,5.0,44.0,0.0,2.0,0.0,11.40,11.4
2025,3,GF,RB,Ashton Jeanty,LV,@WAS,3,0.0,0.0,0.0,0.0,0.0,17.0,63.0,0.0,3.0,0.0,0.0,0.0,0.0,0.0,0.0,9.30,9.3
2025,3,GF,TE,Brenton Strange,JAC,HOU,8,0.0,0.0,0.0,0.0,0.0,0.0,0.0,0.0,0.0,7.0,6.0,61.0,0.0,3.0,0.0,9.10,9.1
2025,3,GF,QB,Trevor Lawrence,JAC,HOU,9,20.0,40.0,222.0,0.0,1.0,2.0,9.0,0.0,1.0,0.0,0.0,0.0,0.0,0.0,0.0,8.78,8.78
2025,3,GF,RB,Chris Rodriguez,WAS,LV,10,0.0,0.0,0.0,0.0,0.0,11.0,39.0,0.0,1.0,0.0,0.0,0.0,0.0,0.0,0.0,4.90,4.9
2025,3,GF,WR,Romeo Doubs,GB,@CLE,14,0.0,0.0,0.0,0.0,0.0,0.0,0.0,0.0,0.0,2.0,2.0,25.0,0.0,2.0,0.0,4.50,4.5
2025,3,GF,QB,Michael Penix,ATL,@CAR,1,18.0,36.0,172.0,0.0,2.0,2.0,9.0,0.0,0.0,0.0,0.0,0.0,0.0,0.0,0.0,3.78,3.78
2025,3,GF,WR,Wan'Dale Robinson,NYG,KC,9,0.0,0.0,0.0,0.0,0.0,0.0,0.0,0.0,0.0,4.0,1.0,26.0,0.0,1.0,0.0,3.60,3.6
2025,3,GF,TE,Harold Fannin,CLE,GB,25,0.0,0.0,0.0,0.0,0.0,0.0,0.0,0.0,0.0,4.0,3.0,25.0,0.0,1.0,0.0,3.50,3.5
2025,3,GF,WR,Deebo Samuel,WAS,LV,27,0.0,0.0,0.0,0.0,0.0,3.0,18.0,0.0,0.0,3.0,2.0,11.0,0.0,0.0,0.0,2.90,2.9
2025,3,GF,WR,Josh Palmer,BUF,MIA,13,0.0,0.0,0.0,0.0,0.0,0.0,0.0,0.0,0.0,1.0,1.0,5.0,0.0,0.0,0.0,0.50,0.5
2025,3,GF,QB,JJ McCarthy,MIN,CIN,17,0.0,0.0,0.0,0.0,0.0,0.0,0.0,0.0,0.0,0.0,0.0,0.0,0.0,0.0,0.0,-,0.0
2025,3,GF,RB,MarShawn Lloyd,GB,@CLE,2,0.0,0.0,0.0,0.0,0.0,0.0,0.0,0.0,0.0,0.0,0.0,0.0,0.0,0.0,0.0,-,0.0
2025,3,GF,RB,Will Shipley,PHI,LAR,1,0.0,0.0,0.0,0.0,0.0,0.0,0.0,0.0,0.0,0.0,0.0,0.0,0.0,0.0,0.0,-,0.0
2025,3,GF,RB,Tyjae Spears,TEN,IND,14,0.0,0.0,0.0,0.0,0.0,0.0,0.0,0.0,0.0,0.0,0.0,0.0,0.0,0.0,0.0,-,0.0
2025,3,GF,DST,Seahawks,SEA,NO,20,,,,,,,,,,,,,,,,17.00,17.0
2025,3,MAM,QB,Caleb Williams,CHI,DAL,32,19.0,28.0,298.0,4.0,0.0,5.0,12.0,0.0,0.0,0.0,0.0,0.0,0.0,0.0,0.0,29.12,29.12
2025,3,MAM,WR,Garrett Wilson,NYJ,@TB,12,0.0,0.0,0.0,0.0,0.0,0.0,0.0,0.0,0.0,13.0,10.0,84.0,1.0,4.0,0.0,18.40,18.4
2025,3,MAM,QB,Justin Herbert,LAC,DEN,6,28.0,47.0,300.0,1.0,1.0,2.0,6.0,0.0,1.0,0.0,0.0,0.0,0.0,0.0,0.0,15.60,15.6
2025,3,MAM,WR,Elic Ayomanor,TEN,IND,11,0.0,0.0,0.0,0.0,0.0,0.0,0.0,0.0,0.0,5.0,4.0,38.0,1.0,3.0,0.0,12.80,12.8
2025,3,MAM,WR,DJ Moore,CHI,DAL,32,0.0,0.0,0.0,0.0,0.0,3.0,7.0,0.0,0.0,5.0,4.0,21.0,1.0,2.0,0.0,10.80,10.8
2025,3,MAM,RB,Bhayshul Tuten,JAC,HOU,25,0.0,0.0,0.0,0.0,0.0,6.0,21.0,1.0,2.0,1.0,0.0,0.0,0.0,0.0,0.0,10.10,10.1
2025,3,MAM,RB,Alvin Kamara,NO,@SEA,21,0.0,0.0,0.0,0.0,0.0,18.0,42.0,0.0,3.0,2.0,1.0,14.0,0.0,1.0,0.0,9.60,9.6
2025,3,MAM,RB,Saquon Barkley,PHI,LAR,1,0.0,0.0,0.0,0.0,0.0,18.0,46.0,0.0,3.0,5.0,4.0,9.0,0.0,0.0,0.0,8.50,8.5
2025,3,MAM,TE,David Njoku,CLE,GB,25,0.0,0.0,0.0,0.0,0.0,0.0,0.0,0.0,0.0,7.0,5.0,40.0,0.0,2.0,0.0,6.00,6.0
2025,3,MAM,WR,Josh Downs,IND,@TEN,29,0.0,0.0,0.0,0.0,0.0,0.0,0.0,0.0,0.0,3.0,2.0,34.0,0.0,1.0,0.0,4.40,4.4
2025,3,MAM,TE,Tucker Kraft,GB,@CLE,18,0.0,0.0,0.0,0.0,0.0,0.0,0.0,0.0,0.0,4.0,3.0,29.0,0.0,1.0,0.0,3.90,3.9
2025,3,MAM,RB,Kendre Miller,NO,@SEA,21,0.0,0.0,0.0,0.0,0.0,7.0,27.0,0.0,0.0,2.0,2.0,9.0,0.0,0.0,0.0,3.60,3.6
2025,3,MAM,WR,Jerry Jeudy,CLE,GB,4,0.0,0.0,0.0,0.0,0.0,0.0,0.0,0.0,0.0,5.0,1.0,17.0,0.0,1.0,0.0,2.70,2.7
2025,3,MAM,RB,RJ Harvey,DEN,@LAC,4,0.0,0.0,0.0,0.0,0.0,2.0,2.0,0.0,0.0,3.0,3.0,14.0,0.0,0.0,0.0,1.60,1.6
2025,3,MAM,WR,Marvin Mims,DEN,@LAC,5,0.0,0.0,0.0,0.0,0.0,0.0,0.0,0.0,0.0,4.0,1.0,4.0,0.0,0.0,0.0,0.40,0.4
2025,3,MAM,RB,Jarquez Hunter,LAR,@PHI,24,0.0,0.0,0.0,0.0,0.0,0.0,0.0,0.0,0.0,0.0,0.0,0.0,0.0,0.0,0.0,0.00,0.0
2025,3,MAM,WR,Brandon Aiyuk,SF,ARI,20,0.0,0.0,0.0,0.0,0.0,0.0,0.0,0.0,0.0,0.0,0.0,0.0,0.0,0.0,0.0,-,0.0
2025,3,MAM,WR,Rashee Rice,KC,@NYG,30,0.0,0.0,0.0,0.0,0.0,0.0,0.0,0.0,0.0,0.0,0.0,0.0,0.0,0.0,0.0,-,0.0
2025,3,MAM,QB,Will Howard,PIT,@NE,14,0.0,0.0,0.0,0.0,0.0,0.0,0.0,0.0,0.0,0.0,0.0,0.0,0.0,0.0,0.0,-,0.0
2025,3,MAM,DST,Rams,LAR,@PHI,5,6.0,6.0,,,,,,,,,,,,,,,
2025,3,MAM,DST,Giants,NYG,KC,10,,,,,,,,,,,,,,,,2.00,2.0
2025,3,MCM,QB,Geno Smith,LV,@WAS,27,19.0,29.0,289.0,3.0,0.0,2.0,5.0,0.0,2.0,0.0,0.0,0.0,0.0,0.0,0.0,28.06,28.06
2025,3,MCM,RB,Kyren Williams,LAR,@PHI,23,0.0,0.0,0.0,0.0,0.0,20.0,94.0,0.0,7.0,3.0,2.0,18.0,1.0,2.0,0.0,26.20,26.2
2025,3,MCM,QB,Tyrod Taylor,NYJ,@TB,25,26.0,36.0,197.0,2.0,1.0,8.0,48.0,0.0,3.0,0.0,0.0,0.0,0.0,0.0,1.0,19.68,19.68
2025,3,MCM,WR,Puka Nacua,LAR,@PHI,17,0.0,0.0,0.0,0.0,0.0,1.0,6.0,0.0,0.0,15.0,11.0,112.0,0.0,7.0,0.0,18.80,18.8
2025,3,MCM,QB,Daniel Jones,IND,@TEN,8,18.0,25.0,228.0,1.0,0.0,4.0,27.0,0.0,2.0,0.0,0.0,0.0,0.0,0.0,0.0,17.82,17.82
2025,3,MCM,WR,Khalil Shakir,BUF,MIA,13,0.0,0.0,0.0,0.0,0.0,0.0,0.0,0.0,0.0,4.0,4.0,45.0,1.0,2.0,0.0,12.50,12.5
2025,3,MCM,RB,Derrick Henry,BAL,DET,9,0.0,1.0,0.0,0.0,0.0,12.0,50.0,1.0,2.0,1.0,1.0,7.0,0.0,0.0,1.0,11.70,11.7
2025,3,MCM,RB,James Conner,ARI,@SF,8,0.0,0.0,0.0,0.0,0.0,9.0,22.0,0.0,3.0,4.0,3.0,15.0,0.0,1.0,0.0,7.70,7.7
2025,3,MCM,WR,Jakobi Meyers,LV,@WAS,26,0.0,0.0,0.0,0.0,0.0,0.0,0.0,0.0,0.0,4.0,3.0,63.0,0.0,1.0,0.0,7.30,7.3
2025,3,MCM,TE,Colston Loveland,CHI,DAL,15,0.0,0.0,0.0,0.0,0.0,0.0,0.0,0.0,0.0,3.0,1.0,31.0,0.0,1.0,0.0,4.10,4.1
2025,3,MCM,TE,Jonnu Smith,PIT,@NE,16,0.0,0.0,0.0,0.0,0.0,0.0,0.0,0.0,0.0,3.0,3.0,23.0,0.0,1.0,0.0,3.30,3.3
2025,3,MCM,RB,Brashard Smith,KC,@NYG,31,0.0,0.0,0.0,0.0,0.0,2.0,13.0,0.0,1.0,1.0,0.0,0.0,0.0,0.0,0.0,2.30,2.3
2025,3,MCM,WR,Jauan Jennings,SF,ARI,20,0.0,0.0,0.0,0.0,0.0,0.0,0.0,0.0,0.0,0.0,0.0,0.0,0.0,0.0,0.0,-,0.0
2025,3,MCM,TE,Cade Otton,TB,NYJ,11,0.0,0.0,0.0,0.0,0.0,0.0,0.0,0.0,0.0,0.0,0.0,0.0,0.0,0.0,0.0,0.00,0.0
2025,3,MCM,QB,Shedeur Sanders,CLE,GB,2,0.0,0.0,0.0,0.0,0.0,0.0,0.0,0.0,0.0,0.0,0.0,0.0,0.0,0.0,0.0,-,0.0
2025,3,MCM,WR,Jordan Addison,MIN,CIN,15,0.0,0.0,0.0,0.0,0.0,0.0,0.0,0.0,0.0,0.0,0.0,0.0,0.0,0.0,0.0,-,0.0
2025,3,MCM,RB,Ray Davis,BUF,MIA,28,0.0,0.0,0.0,0.0,0.0,0.0,0.0,0.0,0.0,1.0,0.0,0.0,0.0,0.0,0.0,0.00,0.0
2025,3,MCM,RB,Isaac Guerendo,SF,ARI,22,0.0,0.0,0.0,0.0,0.0,0.0,0.0,0.0,0.0,0.0,0.0,0.0,0.0,0.0,0.0,0.00,0.0
2025,3,MCM,DST,Vikings,MIN,CIN,32,,,,,,,,,,,,,,,,32.00,32.0
2025,3,MWM,QB,Jalen Hurts,PHI,LAR,20,21.0,32.0,226.0,3.0,0.0,9.0,40.0,1.0,5.0,0.0,0.0,0.0,0.0,0.0,1.0,34.04,34.04
2025,3,MWM,RB,Cam Skattebo,NYG,KC,16,0.0,0.0,0.0,0.0,0.0,10.0,60.0,1.0,4.0,8.0,6.0,61.0,0.0,4.0,0.0,26.10,26.1
2025,3,MWM,TE,Mark Andrews,BAL,DET,9,0.0,0.0,0.0,0.0,0.0,0.0,0.0,0.0,0.0,6.0,6.0,91.0,2.0,4.0,0.0,25.10,25.1
2025,3,MWM,WR,Jaylen Waddle,MIA,@BUF,16,0.0,0.0,0.0,0.0,0.0,0.0,0.0,0.0,0.0,6.0,5.0,39.0,1.0,4.0,0.0,13.90,13.9
2025,3,MWM,RB,Kareem Hunt,KC,@NYG,31,0.0,0.0,0.0,0.0,0.0,10.0,34.0,1.0,2.0,1.0,1.0,10.0,0.0,1.0,0.0,13.40,13.4
2025,3,MWM,QB,Cam Ward,TEN,IND,5,23.0,38.0,219.0,1.0,1.0,3.0,12.0,0.0,1.0,0.0,0.0,0.0,0.0,0.0,0.0,12.96,12.96
2025,3,MWM,WR,Darnell Mooney,ATL,@CAR,3,0.0,0.0,0.0,0.0,0.0,0.0,0.0,0.0,0.0,11.0,4.0,44.0,0.0,3.0,0.0,7.40,7.4
2025,3,MWM,WR,Rashid Shaheed,NO,@SEA,2,0.0,0.0,0.0,0.0,0.0,0.0,0.0,0.0,0.0,6.0,4.0,42.0,0.0,2.0,0.0,6.20,6.2
2025,3,MWM,QB,Russell Wilson,NYG,KC,18,18.0,32.0,160.0,0.0,2.0,5.0,27.0,0.0,1.0,0.0,0.0,0.0,0.0,0.0,0.0,6.10,6.1
2025,3,MWM,RB,Nick Chubb,HOU,@JAC,5,0.0,0.0,0.0,0.0,0.0,9.0,38.0,0.0,1.0,4.0,3.0,2.0,0.0,0.0,0.0,5.00,5.0
2025,3,MWM,WR,Stefon Diggs,NE,PIT,10,0.0,0.0,0.0,0.0,0.0,0.0,0.0,0.0,0.0,3.0,3.0,23.0,0.0,2.0,0.0,4.30,4.3
2025,3,MWM,WR,Cooper Kupp,SEA,NO,19,0.0,0.0,0.0,0.0,0.0,0.0,0.0,0.0,0.0,3.0,2.0,31.0,0.0,1.0,0.0,4.10,4.1
2025,3,MWM,RB,Jerome Ford,CLE,GB,6,0.0,0.0,0.0,0.0,0.0,0.0,0.0,0.0,0.0,4.0,4.0,10.0,0.0,0.0,0.0,1.00,1.0
2025,3,MWM,RB,Joe Mixon,HOU,@JAC,5,0.0,0.0,0.0,0.0,0.0,0.0,0.0,0.0,0.0,0.0,0.0,0.0,0.0,0.0,0.0,-,0.0
2025,3,MWM,TE,Terrance Ferguson,LAR,@PHI,3,0.0,0.0,0.0,0.0,0.0,0.0,0.0,0.0,0.0,0.0,0.0,0.0,0.0,0.0,0.0,-,0.0
2025,3,MWM,TE,George Kittle,SF,ARI,20,0.0,0.0,0.0,0.0,0.0,0.0,0.0,0.0,0.0,0.0,0.0,0.0,0.0,0.0,0.0,-,0.0
2025,3,MWM,WR,Christian Watson,GB,@CLE,14,0.0,0.0,0.0,0.0,0.0,0.0,0.0,0.0,0.0,0.0,0.0,0.0,0.0,0.0,0.0,-,0.0
2025,3,MWM,RB,Tank Bigsby,PHI,LAR,1,0.0,0.0,0.0,0.0,0.0,0.0,0.0,0.0,0.0,0.0,0.0,0.0,0.0,0.0,0.0,0.00,0.0
2025,3,MWM,DST,49ers,SF,ARI,11,5.0,5.0,,,,,,,,,,,,,,,
2025,3,MWM,DST,Bills,BUF,MIA,27,,,,,,,,,,,,,,,,3.00,3.0
2025,3,NN,RB,Quinshon Judkins,CLE,GB,6,0.0,0.0,0.0,0.0,0.0,18.0,94.0,1.0,5.0,2.0,1.0,1.0,0.0,0.0,0.0,20.50,20.5
2025,3,NN,QB,Carson Wentz,MIN,CIN,17,14.0,20.0,173.0,2.0,0.0,2.0,4.0,0.0,0.0,0.0,0.0,0.0,0.0,0.0,0.0,15.32,15.32
2025,3,NN,QB,Dak Prescott,DAL,@CHI,28,31.0,40.0,251.0,1.0,2.0,0.0,0.0,0.0,0.0,0.0,0.0,0.0,0.0,0.0,0.0,12.04,12.04
2025,3,NN,TE,Jake Ferguson,DAL,@CHI,19,0.0,0.0,0.0,0.0,0.0,0.0,0.0,0.0,0.0,14.0,13.0,82.0,0.0,2.0,0.0,10.20,10.2
2025,3,NN,WR,Justin Jefferson,MIN,CIN,15,0.0,0.0,0.0,0.0,0.0,0.0,0.0,0.0,0.0,7.0,5.0,75.0,0.0,2.0,0.0,9.50,9.5
2025,3,NN,RB,Breece Hall,NYJ,@TB,12,0.0,0.0,0.0,0.0,0.0,9.0,21.0,0.0,1.0,6.0,4.0,31.0,0.0,2.0,0.0,8.20,8.2
2025,3,NN,RB,Braelon Allen,NYJ,@TB,12,0.0,0.0,0.0,0.0,0.0,6.0,30.0,0.0,1.0,2.0,2.0,17.0,0.0,1.0,0.0,6.70,6.7
2025,3,NN,WR,Kayshon Boutte,NE,PIT,10,0.0,0.0,0.0,0.0,0.0,0.0,0.0,0.0,0.0,3.0,2.0,28.0,0.0,1.0,0.0,3.80,3.8
2025,3,NN,RB,Brian Robinson,SF,ARI,22,0.0,0.0,0.0,0.0,0.0,2.0,22.0,0.0,1.0,0.0,0.0,0.0,0.0,0.0,0.0,3.20,3.2
2025,3,NN,WR,Keon Coleman,BUF,MIA,13,0.0,0.0,0.0,0.0,0.0,0.0,0.0,0.0,0.0,4.0,3.0,20.0,0.0,1.0,0.0,3.00,3.0
2025,3,NN,RB,Kyle Monangai,CHI,DAL,14,0.0,0.0,0.0,0.0,0.0,6.0,16.0,0.0,1.0,1.0,1.0,4.0,0.0,0.0,0.0,3.00,3.0
2025,3,NN,WR,Dyami Brown,JAC,HOU,21,0.0,0.0,0.0,0.0,0.0,0.0,0.0,0.0,0.0,3.0,2.0,7.0,0.0,1.0,0.0,1.70,1.7
2025,3,NN,WR,Malik Nabers,NYG,KC,9,0.0,0.0,0.0,0.0,0.0,0.0,0.0,0.0,0.0,7.0,2.0,13.0,0.0,0.0,0.0,1.30,1.3
2025,3,NN,RB,Tyler Allgeier,ATL,@CAR,18,0.0,0.0,0.0,0.0,0.0,1.0,4.0,0.0,0.0,2.0,1.0,0.0,0.0,0.0,0.0,0.40,0.4
2025,3,NN,WR,Jalen Coker,CAR,ATL,7,0.0,0.0,0.0,0.0,0.0,0.0,0.0,0.0,0.0,0.0,0.0,0.0,0.0,0.0,0.0,-,0.0
2025,3,NN,RB,Zach Charbonnet,SEA,NO,27,0.0,0.0,0.0,0.0,0.0,0.0,0.0,0.0,0.0,0.0,0.0,0.0,0.0,0.0,0.0,-,0.0
2025,3,NN,WR,Xavier Worthy,KC,@NYG,30,0.0,0.0,0.0,0.0,0.0,0.0,0.0,0.0,0.0,0.0,0.0,0.0,0.0,0.0,0.0,-,0.0
2025,3,NN,QB,Joe Burrow,CIN,@MIN,4,0.0,0.0,0.0,0.0,0.0,0.0,0.0,0.0,0.0,0.0,0.0,0.0,0.0,0.0,0.0,-,0.0
2025,3,NN,WR,Pat Bryant,DEN,@LAC,5,0.0,0.0,0.0,0.0,0.0,0.0,0.0,0.0,0.0,0.0,0.0,0.0,0.0,0.0,0.0,0.00,0.0
2025,3,NN,QB,Tyler Shough,NO,@SEA,3,0.0,2.0,0.0,0.0,0.0,0.0,0.0,0.0,0.0,0.0,0.0,0.0,0.0,0.0,0.0,0.00,0.0
2025,3,NN,DST,Falcons,ATL,@CAR,25,,,,,,,,,,,,,,,,3.00,3.0
2025,3,VD,RB,Omarion Hampton,LAC,DEN,24,0.0,0.0,0.0,0.0,0.0,19.0,70.0,1.0,4.0,7.0,6.0,59.0,0.0,3.0,0.0,25.90,25.9
2025,3,VD,QB,Baker Mayfield,TB,NYJ,23,19.0,29.0,233.0,1.0,0.0,4.0,44.0,0.0,2.0,0.0,0.0,0.0,0.0,0.0,0.0,19.72,19.72
2025,3,VD,WR,Michael Pittman,IND,@TEN,29,0.0,0.0,0.0,0.0,0.0,0.0,0.0,0.0,0.0,6.0,6.0,73.0,1.0,4.0,0.0,17.30,17.3
2025,3,VD,RB,Bijan Robinson,ATL,@CAR,18,0.0,0.0,0.0,0.0,0.0,13.0,72.0,0.0,4.0,6.0,5.0,39.0,0.0,2.0,0.0,17.10,17.1
2025,3,VD,WR,Tyreek Hill,MIA,@BUF,16,0.0,0.0,0.0,0.0,0.0,0.0,0.0,0.0,0.0,10.0,5.0,49.0,1.0,5.0,0.0,15.90,15.9
2025,3,VD,WR,Rome Odunze,CHI,DAL,32,0.0,0.0,0.0,0.0,0.0,0.0,0.0,0.0,0.0,7.0,3.0,62.0,1.0,3.0,0.0,15.20,15.2
2025,3,VD,RB,Ollie Gordon,MIA,@BUF,17,0.0,0.0,0.0,0.0,0.0,9.0,38.0,1.0,4.0,0.0,0.0,0.0,0.0,0.0,0.0,13.80,13.8
2025,3,VD,QB,Bryce Young,CAR,ATL,7,16.0,24.0,121.0,0.0,0.0,2.0,8.0,1.0,2.0,0.0,0.0,0.0,0.0,0.0,0.0,13.64,13.64
2025,3,VD,RB,Bucky Irving,TB,NYJ,19,0.0,0.0,0.0,0.0,0.0,25.0,66.0,0.0,2.0,4.0,4.0,33.0,0.0,1.0,0.0,12.90,12.9
2025,3,VD,RB,Trey Benson,ARI,@SF,8,0.0,0.0,0.0,0.0,0.0,10.0,42.0,0.0,2.0,4.0,3.0,9.0,0.0,0.0,0.0,7.10,7.1
2025,3,VD,WR,Ladd McConkey,LAC,DEN,8,0.0,0.0,0.0,0.0,0.0,0.0,0.0,0.0,0.0,7.0,4.0,41.0,0.0,3.0,0.0,7.10,7.1
2025,3,VD,WR,Marvin Harrison,ARI,@SF,6,0.0,0.0,0.0,0.0,0.0,0.0,0.0,0.0,0.0,6.0,3.0,44.0,0.0,2.0,0.0,6.40,6.4
2025,3,VD,TE,Kyle Pitts,ATL,@CAR,28,0.0,0.0,0.0,0.0,0.0,0.0,0.0,0.0,0.0,6.0,4.0,39.0,0.0,2.0,0.0,5.90,5.9
2025,3,VD,QB,Anthony Richardson,IND,@TEN,8,0.0,0.0,0.0,0.0,0.0,4.0,-1.0,0.0,1.0,0.0,0.0,0.0,0.0,0.0,0.0,1.00,1.0
2025,3,VD,WR,Jaylin Noel,HOU,@JAC,23,0.0,0.0,0.0,0.0,0.0,0.0,0.0,0.0,0.0,1.0,1.0,4.0,0.0,0.0,0.0,0.40,0.4
2025,3,VD,WR,Chris Godwin,TB,NYJ,25,0.0,0.0,0.0,0.0,0.0,0.0,0.0,0.0,0.0,0.0,0.0,0.0,0.0,0.0,0.0,-,0.0
2025,3,VD,RB,Kaleb Johnson,PIT,@NE,13,0.0,0.0,0.0,0.0,0.0,0.0,0.0,0.0,0.0,0.0,0.0,0.0,0.0,0.0,0.0,-,0.0
2025,3,VD,QB,Justin Fields,NYJ,@TB,25,0.0,0.0,0.0,0.0,0.0,0.0,0.0,0.0,0.0,0.0,0.0,0.0,0.0,0.0,0.0,-,0.0
2025,3,VD,DST,Cardinals,ARI,@SF,17,,,,,,,,,,,,,,,,8.00,8.0
2025,3,WLW,QB,Lamar Jackson,BAL,DET,19,21.0,27.0,288.0,3.0,0.0,7.0,35.0,0.0,2.0,0.0,0.0,0.0,0.0,0.0,0.0,29.02,29.02
2025,3,WLW,RB,Tony Pollard,TEN,IND,15,0.0,0.0,0.0,0.0,0.0,16.0,45.0,1.0,6.0,4.0,2.0,14.0,0.0,0.0,0.0,17.90,17.9
2025,3,WLW,WR,Nico Collins,HOU,@JAC,23,0.0,0.0,0.0,0.0,0.0,0.0,0.0,0.0,0.0,11.0,8.0,104.0,1.0,3.0,1.0,17.40,17.4
2025,3,WLW,WR,Rashod Bateman,BAL,DET,28,0.0,0.0,0.0,0.0,0.0,0.0,0.0,0.0,0.0,7.0,5.0,63.0,1.0,5.0,0.0,17.30,17.3
2025,3,WLW,RB,JK Dobbins,DEN,@LAC,4,0.0,0.0,0.0,0.0,0.0,11.0,83.0,1.0,3.0,2.0,1.0,0.0,0.0,0.0,0.0,17.30,17.3
2025,3,WLW,RB,Rico Dowdle,CAR,ATL,7,0.0,0.0,0.0,0.0,0.0,10.0,30.0,1.0,3.0,1.0,1.0,8.0,0.0,1.0,0.0,13.80,13.8
2025,3,WLW,QB,Jared Goff,DET,@BAL,30,20.0,28.0,202.0,1.0,0.0,4.0,6.0,0.0,1.0,0.0,0.0,0.0,0.0,0.0,0.0,13.68,13.68
2025,3,WLW,QB,CJ Stroud,HOU,@JAC,13,25.0,38.0,204.0,1.0,2.0,4.0,22.0,0.0,1.0,0.0,0.0,0.0,0.0,0.0,0.0,11.36,11.36
2025,3,WLW,WR,Alec Pierce,IND,@TEN,29,0.0,0.0,0.0,0.0,0.0,0.0,0.0,0.0,0.0,5.0,4.0,67.0,0.0,3.0,0.0,9.70,9.7
2025,3,WLW,RB,Chuba Hubbard,CAR,ATL,7,0.0,0.0,0.0,0.0,0.0,17.0,73.0,0.0,2.0,3.0,2.0,3.0,0.0,0.0,0.0,9.60,9.6
2025,3,WLW,TE,Sam LaPorta,DET,@BAL,30,0.0,0.0,0.0,0.0,0.0,0.0,0.0,0.0,0.0,4.0,4.0,33.0,0.0,3.0,0.0,6.30,6.3
2025,3,WLW,WR,Marquise Brown,KC,@NYG,30,0.0,0.0,0.0,0.0,0.0,0.0,0.0,0.0,0.0,6.0,4.0,42.0,0.0,2.0,0.0,6.20,6.2
2025,3,WLW,WR,Christian Kirk,HOU,@JAC,23,0.0,0.0,0.0,0.0,0.0,0.0,0.0,0.0,0.0,8.0,3.0,25.0,0.0,2.0,0.0,4.50,4.5
2025,3,WLW,WR,Travis Hunter,JAC,HOU,21,0.0,0.0,0.0,0.0,0.0,0.0,0.0,0.0,0.0,2.0,1.0,21.0,0.0,1.0,0.0,3.10,3.1
2025,3,WLW,RB,Chase Brown,CIN,@MIN,11,0.0,0.0,0.0,0.0,0.0,10.0,3.0,0.0,0.0,5.0,4.0,17.0,0.0,1.0,0.0,3.00,3.0
2025,3,WLW,TE,Ja'Tavion Sanders,CAR,ATL,1,0.0,0.0,0.0,0.0,0.0,0.0,0.0,0.0,0.0,2.0,2.0,11.0,0.0,1.0,0.0,2.10,2.1
2025,3,WLW,WR,CeeDee Lamb,DAL,@CHI,31,0.0,0.0,0.0,0.0,0.0,0.0,0.0,0.0,0.0,0.0,0.0,0.0,0.0,0.0,0.0,0.00,0.0
2025,3,WLW,RB,Devin Neal,NO,@SEA,21,0.0,0.0,0.0,0.0,0.0,0.0,0.0,0.0,0.0,0.0,0.0,0.0,0.0,0.0,0.0,-,0.0
2025,3,WLW,DST,Broncos,DEN,@LAC,15,,,,,,,,,,,,,,,,10.00,10.0
2025,4,AFL,RB,Travis Etienne,JAC,@SF,6,0.0,0.0,0.0,0.0,0.0,19.0,124.0,1.0,5.0,2.0,1.0,1.0,0.0,0.0,0.0,23.50,23.5
2025,4,AFL,RB,Jahmyr Gibbs,DET,CLE,3,0.0,0.0,0.0,0.0,0.0,15.0,91.0,1.0,5.0,2.0,2.0,6.0,0.0,0.0,0.0,20.70,20.7
2025,4,AFL,WR,Quentin Johnston,LAC,@NYG,31,0.0,0.0,0.0,0.0,0.0,0.0,0.0,0.0,0.0,13.0,8.0,98.0,1.0,3.0,0.0,18.80,18.8
2025,4,AFL,TE,Dallas Goedert,PHI,@TB,17,0.0,0.0,0.0,0.0,0.0,0.0,0.0,0.0,0.0,4.0,4.0,37.0,2.0,3.0,0.0,18.70,18.7
2025,4,AFL,WR,Emeka Egbuka,TB,PHI,13,0.0,0.0,0.0,0.0,0.0,1.0,0.0,0.0,0.0,10.0,4.0,101.0,1.0,2.0,0.0,18.10,18.1
2025,4,AFL,QB,Kyler Murray,ARI,SEA,4,27.0,41.0,200.0,2.0,2.0,5.0,41.0,0.0,1.0,0.0,0.0,0.0,0.0,0.0,0.0,17.10,17.1
2025,4,AFL,WR,Zay Flowers,BAL,@KC,8,0.0,0.0,0.0,0.0,0.0,0.0,0.0,0.0,0.0,8.0,7.0,74.0,0.0,4.0,0.0,11.40,11.4
2025,4,AFL,WR,Troy Franklin,DEN,CIN,25,0.0,0.0,0.0,0.0,0.0,0.0,0.0,0.0,0.0,8.0,4.0,55.0,0.0,4.0,0.0,9.50,9.5
2025,4,AFL,WR,Adonai Mitchell,IND,@LAR,17,0.0,0.0,0.0,0.0,0.0,0.0,0.0,0.0,0.0,4.0,3.0,96.0,0.0,1.0,1.0,8.60,8.6
2025,4,AFL,TE,Brock Bowers,LV,CHI,14,0.0,0.0,0.0,0.0,0.0,0.0,0.0,0.0,0.0,6.0,5.0,46.0,0.0,2.0,0.0,6.60,6.6
2025,4,AFL,WR,Keenan Allen,LAC,@NYG,31,0.0,0.0,0.0,0.0,0.0,0.0,0.0,0.0,0.0,7.0,5.0,37.0,0.0,2.0,0.0,5.70,5.7
2025,4,AFL,RB,Rhamondre Stevenson,NE,CAR,21,0.0,0.0,0.0,0.0,0.0,9.0,38.0,0.0,1.0,1.0,1.0,3.0,0.0,0.0,0.0,5.10,5.1
2025,4,AFL,RB,Trevor Etienne,CAR,@NE,14,0.0,0.0,0.0,0.0,0.0,7.0,33.0,0.0,1.0,0.0,0.0,0.0,0.0,0.0,0.0,4.30,4.3
2025,4,AFL,WR,Tee Higgins,CIN,@DEN,6,0.0,0.0,0.0,0.0,0.0,0.0,0.0,0.0,0.0,6.0,3.0,32.0,0.0,1.0,0.0,4.20,4.2
2025,4,AFL,WR,AJ Brown,PHI,@TB,7,0.0,0.0,0.0,0.0,0.0,0.0,0.0,0.0,0.0,9.0,2.0,7.0,0.0,1.0,0.0,1.70,1.7
2025,4,AFL,RB,Dylan Sampson,CLE,@DET,9,0.0,0.0,0.0,0.0,0.0,1.0,-2.0,0.0,0.0,1.0,0.0,0.0,0.0,0.0,0.0,0.00,0.0
2025,4,AFL,QB,Jayden Daniels,WAS,@ATL,8,0.0,0.0,0.0,0.0,0.0,0.0,0.0,0.0,0.0,0.0,0.0,0.0,0.0,0.0,0.0,-,0.0
2025,4,AFL,RB,Aaron Jones,MIN,@PIT,19,0.0,0.0,0.0,0.0,0.0,0.0,0.0,0.0,0.0,0.0,0.0,0.0,0.0,0.0,0.0,-,0.0
2025,4,AFL,WR,DeAndre Hopkins,BAL,@KC,8,0.0,0.0,0.0,0.0,0.0,0.0,0.0,0.0,0.0,1.0,0.0,0.0,0.0,0.0,0.0,0.00,0.0
2025,4,AFL,DST,Chargers,LAC,@NYG,22,,,,,,,,,,,,,,,,7.00,7.0
2025,4,CC,RB,James Cook,BUF,NO,25,0.0,0.0,0.0,0.0,0.0,22.0,117.0,1.0,6.0,4.0,3.0,18.0,0.0,1.0,0.0,26.50,26.5
2025,4,CC,QB,Drake Maye,NE,CAR,5,14.0,17.0,203.0,2.0,0.0,3.0,11.0,1.0,1.0,0.0,0.0,0.0,0.0,0.0,0.0,24.22,24.22
2025,4,CC,WR,DK Metcalf,PIT,MIN,1,0.0,0.0,0.0,0.0,0.0,0.0,0.0,0.0,0.0,5.0,5.0,126.0,1.0,5.0,0.0,23.60,23.6
2025,4,CC,WR,Amon-Ra St Brown,DET,CLE,15,0.0,0.0,0.0,0.0,0.0,0.0,0.0,0.0,0.0,7.0,7.0,70.0,2.0,4.0,0.0,23.00,23.0
2025,4,CC,QB,Brock Purdy,SF,JAC,13,22.0,38.0,309.0,2.0,2.0,2.0,13.0,0.0,2.0,0.0,0.0,0.0,0.0,0.0,1.0,19.66,19.66
2025,4,CC,QB,Aaron Rodgers,PIT,MIN,3,18.0,22.0,200.0,1.0,0.0,3.0,8.0,0.0,1.0,0.0,0.0,0.0,0.0,0.0,0.0,13.80,13.8
2025,4,CC,RB,TreVeyon Henderson,NE,CAR,21,0.0,0.0,0.0,0.0,0.0,7.0,32.0,1.0,3.0,2.0,2.0,14.0,0.0,0.0,0.0,13.60,13.6
2025,4,CC,TE,Mason Taylor,NYJ,@MIA,32,0.0,0.0,0.0,0.0,0.0,0.0,0.0,0.0,0.0,7.0,5.0,65.0,0.0,4.0,0.0,10.50,10.5
2025,4,CC,TE,Trey McBride,ARI,SEA,30,0.0,0.0,0.0,0.0,0.0,0.0,0.0,0.0,0.0,11.0,7.0,52.0,0.0,4.0,0.0,9.20,9.2
2025,4,CC,WR,Brian Thomas,JAC,@SF,4,0.0,0.0,0.0,0.0,0.0,1.0,7.0,0.0,1.0,7.0,5.0,49.0,0.0,2.0,0.0,8.60,8.6
2025,4,CC,RB,Rachaad White,TB,PHI,26,0.0,0.0,0.0,0.0,0.0,6.0,17.0,0.0,2.0,5.0,4.0,29.0,0.0,1.0,0.0,7.60,7.6
2025,4,CC,WR,Ricky Pearsall,SF,JAC,20,0.0,0.0,0.0,0.0,0.0,0.0,0.0,0.0,0.0,5.0,4.0,46.0,0.0,2.0,0.0,6.60,6.6
2025,4,CC,TE,Zach Ertz,WAS,@ATL,2,0.0,0.0,0.0,0.0,0.0,0.0,0.0,0.0,0.0,4.0,2.0,21.0,0.0,1.0,0.0,5.10,5.1
2025,4,CC,WR,Calvin Austin,PIT,MIN,1,0.0,0.0,0.0,0.0,0.0,0.0,0.0,0.0,0.0,2.0,2.0,13.0,0.0,1.0,0.0,2.30,2.3
2025,4,CC,QB,Joe Flacco,CLE,@DET,16,16.0,34.0,184.0,0.0,2.0,3.0,-1.0,0.0,0.0,0.0,0.0,0.0,0.0,0.0,1.0,1.36,1.36
2025,4,CC,RB,David Montgomery,DET,CLE,3,0.0,0.0,0.0,0.0,0.0,9.0,12.0,0.0,0.0,1.0,0.0,0.0,0.0,0.0,0.0,1.20,1.2
2025,4,CC,RB,Najee Harris,LAC,@NYG,28,0.0,0.0,0.0,0.0,0.0,0.0,0.0,0.0,0.0,0.0,0.0,0.0,0.0,0.0,0.0,-,0.0
2025,4,CC,WR,Tre Harris,LAC,@NYG,31,0.0,0.0,0.0,0.0,0.0,0.0,0.0,0.0,0.0,1.0,0.0,0.0,0.0,0.0,0.0,0.00,0.0
2025,4,CC,DST,Packers,GB,@DAL,9,,,,,,,,,,,,,,,,-3.00,-3.0
2025,4,CRB,WR,George Pickens,DAL,GB,18,0.0,0.0,0.0,0.0,0.0,0.0,0.0,0.0,0.0,11.0,8.0,134.0,2.0,7.0,0.0,32.40,32.4
2025,4,CRB,QB,Josh Allen,BUF,NO,28,16.0,22.0,209.0,2.0,1.0,7.0,45.0,1.0,3.0,0.0,0.0,0.0,0.0,0.0,0.0,27.86,27.86
2025,4,CRB,QB,Bo Nix,DEN,CIN,22,29.0,42.0,326.0,2.0,1.0,6.0,7.0,1.0,1.0,0.0,0.0,0.0,0.0,0.0,0.0,26.74,26.74
2025,4,CRB,RB,De'Von Achane,MIA,NYJ,17,0.0,0.0,0.0,0.0,0.0,20.0,99.0,1.0,4.0,2.0,1.0,2.0,0.0,0.0,0.0,20.10,20.1
2025,4,CRB,WR,Courtland Sutton,DEN,CIN,25,0.0,0.0,0.0,0.0,0.0,0.0,0.0,0.0,0.0,6.0,5.0,81.0,1.0,4.0,0.0,18.10,18.1
2025,4,CRB,RB,Jonathan Taylor,IND,@LAR,1,0.0,0.0,0.0,0.0,0.0,17.0,76.0,0.0,3.0,5.0,5.0,20.0,0.0,1.0,0.0,13.60,13.6
2025,4,CRB,TE,Hunter Henry,NE,CAR,28,0.0,0.0,0.0,0.0,0.0,0.0,0.0,0.0,0.0,2.0,2.0,39.0,1.0,2.0,0.0,11.90,11.9
2025,4,CRB,RB,Jacory Croskey-Merritt,WAS,@ATL,4,0.0,0.0,0.0,0.0,0.0,7.0,47.0,0.0,4.0,2.0,2.0,10.0,0.0,0.0,0.0,9.70,9.7
2025,4,CRB,WR,Tetairoa McMillan,CAR,@NE,21,0.0,0.0,0.0,0.0,0.0,0.0,0.0,0.0,0.0,8.0,4.0,62.0,0.0,3.0,0.0,9.20,9.2
2025,4,CRB,WR,DeVonta Smith,PHI,@TB,7,0.0,0.0,0.0,0.0,0.0,0.0,0.0,0.0,0.0,2.0,2.0,29.0,0.0,2.0,0.0,4.90,4.9
2025,4,CRB,TE,TJ Hockenson,MIN,@PIT,31,0.0,0.0,0.0,0.0,0.0,0.0,0.0,0.0,0.0,5.0,4.0,39.0,0.0,1.0,0.0,4.90,4.9
2025,4,CRB,WR,Adam Thielen,MIN,@PIT,22,0.0,0.0,0.0,0.0,0.0,0.0,0.0,0.0,0.0,2.0,2.0,11.0,0.0,2.0,0.0,3.10,3.1
2025,4,CRB,WR,Jaylin Lane,WAS,@ATL,11,0.0,0.0,0.0,0.0,0.0,0.0,0.0,0.0,0.0,3.0,2.0,18.0,0.0,1.0,0.0,2.80,2.8
2025,4,CRB,RB,Roschon Johnson,CHI,@LV,7,0.0,0.0,0.0,0.0,0.0,0.0,0.0,0.0,0.0,0.0,0.0,0.0,0.0,0.0,0.0,0.00,0.0
2025,4,CRB,WR,Kyle Williams,NE,CAR,5,0.0,0.0,0.0,0.0,0.0,1.0,-2.0,0.0,0.0,0.0,0.0,0.0,0.0,0.0,0.0,0.00,0.0
2025,4,CRB,WR,Jack Bech,LV,CHI,24,0.0,0.0,0.0,0.0,0.0,0.0,0.0,0.0,0.0,0.0,0.0,0.0,0.0,0.0,0.0,0.00,0.0
2025,4,CRB,WR,Jalen McMillan,TB,PHI,13,0.0,0.0,0.0,0.0,0.0,0.0,0.0,0.0,0.0,0.0,0.0,0.0,0.0,0.0,0.0,-,0.0
2025,4,CRB,DST,Eagles,PHI,@TB,18,15.0,15.0,,,,,,,,,,,,,,,
2025,4,CRB,DST,Commanders,WAS,@ATL,20,3.0,3.0,,,,,,,,,,,,,,,
2025,4,CRB,DST,Ravens,BAL,@KC,4,,,,,,,,,,,,,,,,-3.00,-3.0
2025,4,ELP,QB,Patrick Mahomes,KC,BAL,30,25.0,37.0,270.0,4.0,0.0,4.0,5.0,0.0,0.0,0.0,0.0,0.0,0.0,0.0,0.0,27.30,27.3
2025,4,ELP,QB,Jaxson Dart,NYG,LAC,21,13.0,20.0,111.0,1.0,0.0,10.0,54.0,1.0,5.0,0.0,0.0,0.0,0.0,0.0,0.0,24.84,24.84
2025,4,ELP,RB,Javonte Williams,DAL,GB,5,0.0,0.0,0.0,0.0,0.0,20.0,85.0,1.0,5.0,3.0,3.0,15.0,0.0,1.0,0.0,22.00,22.0
2025,4,ELP,QB,Spencer Rattler,NO,@BUF,25,18.0,27.0,126.0,1.0,0.0,6.0,49.0,0.0,5.0,1.0,0.0,0.0,0.0,0.0,0.0,18.94,18.94
2025,4,ELP,TE,Tyler Warren,IND,@LAR,18,0.0,0.0,0.0,0.0,0.0,2.0,3.0,1.0,1.0,6.0,5.0,70.0,0.0,3.0,0.0,17.30,17.3
2025,4,ELP,QB,Marcus Mariota,WAS,@ATL,8,16.0,27.0,156.0,2.0,1.0,2.0,20.0,0.0,1.0,0.0,0.0,0.0,0.0,0.0,0.0,17.24,17.24
2025,4,ELP,RB,Kenneth Walker,SEA,@ARI,22,0.0,0.0,0.0,0.0,0.0,19.0,81.0,0.0,2.0,2.0,1.0,29.0,0.0,1.0,0.0,14.00,14.0
2025,4,ELP,RB,Isiah Pacheco,KC,BAL,32,0.0,0.0,0.0,0.0,0.0,7.0,35.0,0.0,2.0,3.0,2.0,13.0,1.0,1.0,0.0,13.80,13.8
2025,4,ELP,RB,Jordan Mason,MIN,@PIT,19,0.0,0.0,0.0,0.0,0.0,16.0,57.0,0.0,5.0,3.0,3.0,15.0,0.0,1.0,0.0,13.20,13.2
2025,4,ELP,TE,Dalton Kincaid,BUF,NO,19,0.0,0.0,0.0,0.0,0.0,0.0,0.0,0.0,0.0,2.0,1.0,28.0,1.0,1.0,0.0,9.80,9.8
2025,4,ELP,WR,Matthew Golden,GB,@DAL,32,0.0,0.0,0.0,0.0,0.0,1.0,5.0,0.0,1.0,6.0,5.0,58.0,0.0,2.0,0.0,9.30,9.3
2025,4,ELP,WR,Jameson Williams,DET,CLE,15,0.0,0.0,0.0,0.0,0.0,1.0,-3.0,0.0,0.0,8.0,2.0,40.0,0.0,2.0,0.0,6.00,6.0
2025,4,ELP,WR,Sterling Shepard,TB,PHI,13,0.0,0.0,0.0,0.0,0.0,1.0,6.0,0.0,0.0,4.0,2.0,14.0,0.0,0.0,0.0,2.00,2.0
2025,4,ELP,WR,Cedric Tillman,CLE,@DET,16,0.0,0.0,0.0,0.0,0.0,0.0,0.0,0.0,0.0,2.0,1.0,6.0,0.0,1.0,0.0,1.60,1.6
2025,4,ELP,RB,Jaydon Blue,DAL,GB,5,0.0,0.0,0.0,0.0,0.0,0.0,0.0,0.0,0.0,0.0,0.0,0.0,0.0,0.0,0.0,-,0.0
2025,4,ELP,WR,Jayden Reed,GB,@DAL,32,0.0,0.0,0.0,0.0,0.0,0.0,0.0,0.0,0.0,0.0,0.0,0.0,0.0,0.0,0.0,-,0.0
2025,4,ELP,RB,Tyrone Tracy,NYG,LAC,2,0.0,0.0,0.0,0.0,0.0,0.0,0.0,0.0,0.0,0.0,0.0,0.0,0.0,0.0,0.0,-,0.0
2025,4,ELP,WR,Isaac TeSlaa,DET,CLE,15,0.0,0.0,0.0,0.0,0.0,0.0,0.0,0.0,0.0,0.0,0.0,0.0,0.0,0.0,0.0,0.00,0.0
2025,4,ELP,WR,Mike Evans,TB,PHI,13,0.0,0.0,0.0,0.0,0.0,0.0,0.0,0.0,0.0,0.0,0.0,0.0,0.0,0.0,0.0,-,0.0
2025,4,ELP,DST,Texans,HOU,TEN,32,,,,,,,,,,,,,,,,16.00,16.0
2025,4,FRR,RB,Woody Marks,HOU,TEN,29,0.0,0.0,0.0,0.0,0.0,17.0,69.0,1.0,5.0,5.0,4.0,50.0,1.0,2.0,0.0,30.90,30.9
2025,4,FRR,QB,Matthew Stafford,LAR,IND,17,29.0,41.0,375.0,3.0,0.0,4.0,4.0,0.0,0.0,0.0,0.0,0.0,0.0,0.0,0.0,27.40,27.4
2025,4,FRR,RB,Christian McCaffrey,SF,JAC,7,0.0,0.0,0.0,0.0,0.0,17.0,49.0,0.0,1.0,11.0,6.0,92.0,1.0,5.0,0.0,26.10,26.1
2025,4,FRR,WR,Drake London,ATL,WAS,26,0.0,0.0,0.0,0.0,0.0,0.0,0.0,0.0,0.0,10.0,8.0,110.0,1.0,4.0,0.0,21.00,21.0
2025,4,FRR,QB,Sam Darnold,SEA,@ARI,9,18.0,26.0,242.0,1.0,0.0,1.0,24.0,0.0,1.0,0.0,0.0,0.0,0.0,0.0,0.0,17.08,17.08
2025,4,FRR,RB,D'Andre Swift,CHI,@LV,8,0.0,0.0,0.0,0.0,0.0,14.0,38.0,1.0,4.0,6.0,4.0,22.0,0.0,1.0,0.0,17.00,17.0
2025,4,FRR,QB,Tua Tagovailoa,MIA,NYJ,23,17.0,25.0,177.0,2.0,0.0,3.0,6.0,0.0,0.0,0.0,0.0,0.0,0.0,0.0,0.0,15.68,15.68
2025,4,FRR,WR,Jayden Higgins,HOU,TEN,27,0.0,0.0,0.0,0.0,0.0,0.0,0.0,0.0,0.0,1.0,1.0,24.0,1.0,1.0,0.0,9.40,9.4
2025,4,FRR,WR,Chris Olave,NO,@BUF,10,0.0,1.0,0.0,0.0,1.0,0.0,0.0,0.0,0.0,6.0,3.0,20.0,1.0,2.0,0.0,8.00,8.0
2025,4,FRR,TE,Travis Kelce,KC,BAL,21,0.0,0.0,0.0,0.0,0.0,0.0,0.0,0.0,0.0,5.0,5.0,48.0,0.0,2.0,0.0,6.80,6.8
2025,4,FRR,QB,Jake Browning,CIN,@DEN,1,14.0,25.0,125.0,0.0,0.0,3.0,4.0,0.0,1.0,0.0,0.0,0.0,0.0,0.0,0.0,6.40,6.4
2025,4,FRR,WR,Calvin Ridley,TEN,@HOU,12,0.0,0.0,0.0,0.0,0.0,0.0,0.0,0.0,0.0,3.0,2.0,30.0,0.0,2.0,0.0,5.00,5.0
2025,4,FRR,TE,Juwan Johnson,NO,@BUF,3,0.0,0.0,0.0,0.0,0.0,0.0,0.0,0.0,0.0,3.0,3.0,28.0,0.0,2.0,0.0,4.80,4.8
2025,4,FRR,RB,Blake Corum,LAR,IND,11,0.0,0.0,0.0,0.0,0.0,9.0,21.0,0.0,1.0,4.0,2.0,-5.0,0.0,0.0,0.0,3.10,3.1
2025,4,FRR,TE,Oronde Gadsden,LAC,@NYG,12,0.0,0.0,0.0,0.0,0.0,0.0,0.0,0.0,0.0,3.0,2.0,16.0,0.0,1.0,0.0,2.60,2.6
2025,4,FRR,WR,Ja'Marr Chase,CIN,@DEN,6,0.0,0.0,0.0,0.0,0.0,0.0,0.0,0.0,0.0,8.0,5.0,23.0,0.0,0.0,0.0,2.30,2.3
2025,4,FRR,WR,Tre Tucker,LV,CHI,24,0.0,0.0,0.0,0.0,0.0,2.0,9.0,0.0,0.0,2.0,2.0,13.0,0.0,0.0,0.0,2.20,2.2
2025,4,FRR,WR,Terry McLaurin,WAS,@ATL,11,0.0,0.0,0.0,0.0,0.0,0.0,0.0,0.0,0.0,0.0,0.0,0.0,0.0,0.0,0.0,-,0.0
2025,4,FRR,RB,Brian Robinson Dead Cap,SF,0,0,0.0,0.0,0.0,0.0,0.0,0.0,0.0,0.0,0.0,0.0,0.0,0.0,0.0,0.0,0.0,-,0.0
2025,4,FRR,QB,Jalen Milroe,SEA,@ARI,9,0.0,0.0,0.0,0.0,0.0,0.0,0.0,0.0,0.0,0.0,0.0,0.0,0.0,0.0,0.0,-,0.0
2025,4,FRR,DST,Steelers,PIT,MIN,28,,,,,,,,,,,,,,,,13.00,13.0
2025,4,GF,RB,Ashton Jeanty,LV,CHI,30,0.0,0.0,0.0,0.0,0.0,21.0,138.0,1.0,6.0,2.0,2.0,17.0,2.0,2.0,1.0,39.50,39.5
2025,4,GF,RB,Josh Jacobs,GB,@DAL,27,0.0,0.0,0.0,0.0,0.0,22.0,86.0,2.0,6.0,4.0,4.0,71.0,0.0,3.0,0.0,36.70,36.7
2025,4,GF,WR,Romeo Doubs,GB,@DAL,32,0.0,0.0,0.0,0.0,0.0,0.0,0.0,0.0,0.0,8.0,6.0,58.0,3.0,5.0,0.0,28.80,28.8
2025,4,GF,QB,Jordan Love,GB,@DAL,32,31.0,43.0,337.0,3.0,0.0,3.0,28.0,0.0,1.0,0.0,0.0,0.0,0.0,0.0,1.0,27.28,27.28
2025,4,GF,QB,Michael Penix,ATL,WAS,26,20.0,26.0,313.0,2.0,1.0,4.0,2.0,0.0,1.0,0.0,0.0,0.0,0.0,0.0,0.0,19.72,19.72
2025,4,GF,WR,Deebo Samuel,WAS,@ATL,11,0.0,0.0,0.0,0.0,0.0,3.0,9.0,0.0,1.0,6.0,6.0,72.0,1.0,4.0,0.0,19.10,19.1
2025,4,GF,WR,Davante Adams,LAR,IND,29,0.0,0.0,0.0,0.0,0.0,0.0,0.0,0.0,0.0,6.0,4.0,56.0,1.0,3.0,0.0,14.60,14.6
2025,4,GF,QB,Trevor Lawrence,JAC,@SF,7,21.0,31.0,174.0,1.0,0.0,7.0,7.0,0.0,2.0,0.0,0.0,0.0,0.0,0.0,0.0,13.66,13.66
2025,4,GF,WR,Jaxon Smith-Njigba,SEA,@ARI,14,0.0,0.0,0.0,0.0,0.0,3.0,11.0,0.0,0.0,5.0,4.0,79.0,0.0,4.0,0.0,13.00,13.0
2025,4,GF,RB,Chris Rodriguez,WAS,@ATL,4,0.0,0.0,0.0,0.0,0.0,7.0,59.0,0.0,1.0,0.0,0.0,0.0,0.0,0.0,0.0,6.90,6.9
2025,4,GF,TE,Brenton Strange,JAC,@SF,24,0.0,0.0,0.0,0.0,0.0,0.0,0.0,0.0,0.0,7.0,6.0,45.0,0.0,2.0,0.0,6.50,6.5
2025,4,GF,TE,Harold Fannin,CLE,@DET,23,0.0,0.0,0.0,0.0,0.0,1.0,1.0,0.0,0.0,6.0,2.0,24.0,0.0,1.0,0.0,3.50,3.5
2025,4,GF,WR,Josh Palmer,BUF,NO,19,0.0,0.0,0.0,0.0,0.0,0.0,0.0,0.0,0.0,3.0,2.0,25.0,0.0,1.0,0.0,3.50,3.5
2025,4,GF,WR,Wan'Dale Robinson,NYG,LAC,2,0.0,0.0,0.0,0.0,0.0,0.0,0.0,0.0,0.0,5.0,3.0,14.0,0.0,0.0,0.0,1.40,1.4
2025,4,GF,RB,Will Shipley,PHI,@TB,10,0.0,0.0,0.0,0.0,0.0,0.0,0.0,0.0,0.0,1.0,0.0,0.0,0.0,0.0,0.0,0.00,0.0
2025,4,GF,WR,Luther Burden,CHI,@LV,28,0.0,0.0,0.0,0.0,0.0,0.0,0.0,0.0,0.0,2.0,2.0,-4.0,0.0,0.0,0.0,0.00,0.0
2025,4,GF,RB,MarShawn Lloyd,GB,@DAL,27,0.0,0.0,0.0,0.0,0.0,0.0,0.0,0.0,0.0,0.0,0.0,0.0,0.0,0.0,0.0,-,0.0
2025,4,GF,QB,JJ McCarthy,MIN,@PIT,29,0.0,0.0,0.0,0.0,0.0,0.0,0.0,0.0,0.0,0.0,0.0,0.0,0.0,0.0,0.0,-,0.0
2025,4,GF,RB,Tyjae Spears,TEN,@HOU,13,0.0,0.0,0.0,0.0,0.0,0.0,0.0,0.0,0.0,0.0,0.0,0.0,0.0,0.0,0.0,-,0.0
2025,4,GF,RB,Jaylen Warren,PIT,MIN,20,0.0,0.0,0.0,0.0,0.0,0.0,0.0,0.0,0.0,0.0,0.0,0.0,0.0,0.0,0.0,-,0.0
2025,4,GF,DST,Seahawks,SEA,@ARI,16,,,,,,,,,,,,,,,,13.00,13.0
2025,4,MAM,RB,RJ Harvey,DEN,CIN,31,0.0,0.0,0.0,0.0,0.0,14.0,58.0,0.0,2.0,5.0,4.0,40.0,1.0,3.0,0.0,20.80,20.8
2025,4,MAM,WR,Garrett Wilson,NYJ,@MIA,9,0.0,0.0,0.0,0.0,0.0,0.0,0.0,0.0,0.0,8.0,6.0,82.0,1.0,4.0,0.0,18.20,18.2
2025,4,MAM,RB,Kendre Miller,NO,@BUF,18,0.0,0.0,0.0,0.0,0.0,11.0,65.0,1.0,5.0,0.0,0.0,0.0,0.0,0.0,0.0,17.50,17.5
2025,4,MAM,RB,Saquon Barkley,PHI,@TB,10,0.0,0.0,0.0,0.0,0.0,19.0,43.0,1.0,1.0,4.0,4.0,31.0,0.0,2.0,0.0,16.40,16.4
2025,4,MAM,QB,Justin Herbert,LAC,@NYG,20,23.0,41.0,203.0,1.0,2.0,1.0,24.0,0.0,1.0,0.0,0.0,0.0,0.0,0.0,0.0,13.52,13.52
2025,4,MAM,QB,Caleb Williams,CHI,@LV,19,22.0,37.0,212.0,1.0,1.0,8.0,13.0,0.0,1.0,0.0,0.0,0.0,0.0,0.0,0.0,12.78,12.78
2025,4,MAM,RB,Alvin Kamara,NO,@BUF,18,0.0,0.0,0.0,0.0,0.0,15.0,70.0,0.0,4.0,5.0,4.0,2.0,0.0,0.0,0.0,11.20,11.2
2025,4,MAM,TE,Tucker Kraft,GB,@DAL,13,0.0,0.0,0.0,0.0,0.0,0.0,0.0,0.0,0.0,5.0,5.0,56.0,0.0,3.0,0.0,8.60,8.6
2025,4,MAM,WR,Jerry Jeudy,CLE,@DET,16,0.0,0.0,0.0,0.0,0.0,0.0,0.0,0.0,0.0,9.0,3.0,48.0,0.0,2.0,0.0,6.80,6.8
2025,4,MAM,WR,Elic Ayomanor,TEN,@HOU,12,0.0,0.0,0.0,0.0,0.0,0.0,0.0,0.0,0.0,7.0,2.0,44.0,0.0,2.0,0.0,6.40,6.4
2025,4,MAM,WR,DJ Moore,CHI,@LV,28,0.0,0.0,0.0,0.0,0.0,0.0,0.0,0.0,0.0,5.0,4.0,38.0,0.0,1.0,0.0,4.80,4.8
2025,4,MAM,WR,Josh Downs,IND,@LAR,17,0.0,0.0,0.0,0.0,0.0,0.0,0.0,0.0,0.0,5.0,4.0,24.0,0.0,2.0,0.0,4.40,4.4
2025,4,MAM,RB,Bhayshul Tuten,JAC,@SF,6,0.0,0.0,0.0,0.0,0.0,4.0,14.0,0.0,0.0,1.0,1.0,8.0,0.0,0.0,0.0,2.20,2.2
2025,4,MAM,TE,David Njoku,CLE,@DET,23,0.0,0.0,0.0,0.0,0.0,0.0,0.0,0.0,0.0,3.0,2.0,11.0,0.0,0.0,0.0,1.10,1.1
2025,4,MAM,WR,Tory Horton,SEA,@ARI,14,0.0,0.0,0.0,0.0,0.0,0.0,0.0,0.0,0.0,2.0,1.0,10.0,0.0,0.0,0.0,1.00,1.0
2025,4,MAM,WR,Rashee Rice,KC,BAL,30,0.0,0.0,0.0,0.0,0.0,0.0,0.0,0.0,0.0,0.0,0.0,0.0,0.0,0.0,0.0,-,0.0
2025,4,MAM,RB,Jarquez Hunter,LAR,IND,11,0.0,0.0,0.0,0.0,0.0,0.0,0.0,0.0,0.0,0.0,0.0,0.0,0.0,0.0,0.0,0.00,0.0
2025,4,MAM,QB,Will Howard,PIT,MIN,3,0.0,0.0,0.0,0.0,0.0,0.0,0.0,0.0,0.0,0.0,0.0,0.0,0.0,0.0,0.0,-,0.0
2025,4,MAM,WR,Brandon Aiyuk,SF,JAC,20,0.0,0.0,0.0,0.0,0.0,0.0,0.0,0.0,0.0,0.0,0.0,0.0,0.0,0.0,0.0,-,0.0
2025,4,MAM,DST,Rams,LAR,IND,3,9.0,9.0,,,,,,,,,,,,,,,
2025,4,MAM,DST,Giants,NYG,LAC,17,,,,,,,,,,,,,,,,9.00,9.0
2025,4,MCM,WR,Puka Nacua,LAR,IND,29,0.0,0.0,0.0,0.0,0.0,0.0,0.0,0.0,0.0,15.0,13.0,170.0,1.0,8.0,0.0,31.00,31.0
2025,4,MCM,WR,Khalil Shakir,BUF,NO,19,0.0,0.0,0.0,0.0,0.0,0.0,0.0,0.0,0.0,5.0,5.0,69.0,1.0,2.0,0.0,14.90,14.9
2025,4,MCM,RB,Kyren Williams,LAR,IND,11,0.0,0.0,0.0,0.0,0.0,13.0,77.0,0.0,6.0,4.0,3.0,17.0,0.0,1.0,1.0,14.40,14.4
2025,4,MCM,WR,Jordan Addison,MIN,@PIT,22,0.0,0.0,0.0,0.0,0.0,0.0,0.0,0.0,0.0,8.0,4.0,114.0,0.0,2.0,0.0,13.40,13.4
2025,4,MCM,QB,Geno Smith,LV,CHI,24,14.0,21.0,117.0,2.0,3.0,4.0,31.0,0.0,1.0,0.0,0.0,0.0,0.0,0.0,0.0,10.78,10.78
2025,4,MCM,QB,Daniel Jones,IND,@LAR,15,24.0,33.0,262.0,1.0,2.0,1.0,-1.0,0.0,0.0,0.0,0.0,0.0,0.0,0.0,0.0,10.48,10.48
2025,4,MCM,WR,Tyquan Thornton,KC,BAL,30,0.0,0.0,0.0,0.0,0.0,0.0,0.0,0.0,0.0,2.0,1.0,11.0,1.0,1.0,0.0,8.10,8.1
2025,4,MCM,RB,Derrick Henry,BAL,@KC,23,0.0,0.0,0.0,0.0,0.0,8.0,42.0,0.0,2.0,3.0,2.0,16.0,0.0,0.0,0.0,7.80,7.8
2025,4,MCM,WR,Jauan Jennings,SF,JAC,20,0.0,0.0,0.0,0.0,0.0,0.0,0.0,0.0,0.0,4.0,2.0,24.0,0.0,2.0,0.0,6.40,6.4
2025,4,MCM,RB,Brashard Smith,KC,BAL,32,0.0,0.0,0.0,0.0,0.0,4.0,9.0,0.0,0.0,4.0,3.0,27.0,0.0,2.0,0.0,5.60,5.6
2025,4,MCM,WR,Jakobi Meyers,LV,CHI,24,0.0,0.0,0.0,0.0,0.0,0.0,0.0,0.0,0.0,7.0,4.0,30.0,0.0,1.0,0.0,4.00,4.0
2025,4,MCM,TE,Cade Otton,TB,PHI,1,0.0,0.0,0.0,0.0,0.0,0.0,0.0,0.0,0.0,4.0,3.0,9.0,0.0,0.0,0.0,0.90,0.9
2025,4,MCM,TE,Jonnu Smith,PIT,MIN,8,0.0,0.0,0.0,0.0,0.0,0.0,0.0,0.0,0.0,3.0,2.0,6.0,0.0,0.0,0.0,0.60,0.6
2025,4,MCM,RB,Ray Davis,BUF,NO,25,0.0,0.0,0.0,0.0,0.0,1.0,3.0,0.0,0.0,0.0,0.0,0.0,0.0,0.0,0.0,0.30,0.3
2025,4,MCM,RB,Jeremy McNichols,WAS,@ATL,4,0.0,0.0,0.0,0.0,0.0,2.0,3.0,0.0,0.0,2.0,1.0,0.0,0.0,0.0,0.0,0.30,0.3
2025,4,MCM,TE,Colston Loveland,CHI,@LV,6,0.0,0.0,0.0,0.0,0.0,0.0,0.0,0.0,0.0,0.0,0.0,0.0,0.0,0.0,0.0,-,0.0
2025,4,MCM,QB,Kirk Cousins,ATL,WAS,26,0.0,0.0,0.0,0.0,0.0,0.0,0.0,0.0,0.0,0.0,0.0,0.0,0.0,0.0,0.0,-,0.0
2025,4,MCM,RB,James Conner,ARI,SEA,16,0.0,0.0,0.0,0.0,0.0,0.0,0.0,0.0,0.0,0.0,0.0,0.0,0.0,0.0,0.0,-,0.0
2025,4,MCM,QB,Shedeur Sanders,CLE,@DET,16,0.0,0.0,0.0,0.0,0.0,0.0,0.0,0.0,0.0,0.0,0.0,0.0,0.0,0.0,0.0,-,0.0
2025,4,MCM,DST,Vikings,MIN,@PIT,15,,,,,,,,,,,,,,,,3.00,3.0
2025,4,MWM,QB,Jalen Hurts,PHI,@TB,27,15.0,24.0,130.0,2.0,0.0,9.0,62.0,0.0,3.0,0.0,0.0,0.0,0.0,0.0,0.0,22.40,22.4
2025,4,MWM,RB,Cam Skattebo,NYG,LAC,2,0.0,0.0,0.0,0.0,0.0,25.0,79.0,0.0,4.0,2.0,2.0,11.0,0.0,0.0,0.0,15.00,15.0
2025,4,MWM,WR,Stefon Diggs,NE,CAR,5,0.0,0.0,0.0,0.0,0.0,0.0,0.0,0.0,0.0,7.0,6.0,101.0,0.0,3.0,0.0,13.10,13.1
2025,4,MWM,RB,Kareem Hunt,KC,BAL,32,0.0,0.0,0.0,0.0,0.0,13.0,34.0,0.0,4.0,1.0,1.0,13.0,0.0,1.0,0.0,9.70,9.7
2025,4,MWM,RB,Nick Chubb,HOU,TEN,29,0.0,0.0,0.0,0.0,0.0,13.0,47.0,0.0,2.0,2.0,2.0,15.0,0.0,0.0,0.0,8.20,8.2
2025,4,MWM,WR,Jaylen Waddle,MIA,NYJ,23,0.0,0.0,0.0,0.0,0.0,0.0,0.0,0.0,0.0,6.0,3.0,48.0,0.0,3.0,0.0,7.80,7.8
2025,4,MWM,WR,Rashid Shaheed,NO,@BUF,10,0.0,0.0,0.0,0.0,0.0,2.0,5.0,0.0,0.0,5.0,4.0,47.0,0.0,2.0,0.0,7.20,7.2
2025,4,MWM,QB,Cam Ward,TEN,@HOU,2,10.0,26.0,108.0,0.0,1.0,2.0,22.0,0.0,1.0,0.0,0.0,0.0,0.0,0.0,0.0,5.52,5.52
2025,4,MWM,TE,Mark Andrews,BAL,@KC,4,0.0,0.0,0.0,0.0,0.0,0.0,0.0,0.0,0.0,8.0,7.0,30.0,0.0,2.0,0.0,5.00,5.0
2025,4,MWM,WR,Cooper Kupp,SEA,@ARI,14,0.0,0.0,0.0,0.0,0.0,0.0,0.0,0.0,0.0,5.0,4.0,26.0,0.0,1.0,0.0,3.60,3.6
2025,4,MWM,WR,Darnell Mooney,ATL,WAS,26,0.0,0.0,0.0,0.0,0.0,0.0,0.0,0.0,0.0,1.0,1.0,15.0,0.0,1.0,0.0,2.50,2.5
2025,4,MWM,RB,Jerome Ford,CLE,@DET,9,0.0,0.0,0.0,0.0,0.0,1.0,-1.0,0.0,0.0,2.0,1.0,4.0,0.0,0.0,0.0,0.40,0.4
2025,4,MWM,QB,Russell Wilson,NYG,LAC,21,1.0,1.0,8.0,0.0,0.0,0.0,0.0,0.0,0.0,0.0,0.0,0.0,0.0,0.0,0.0,0.32,0.32
2025,4,MWM,WR,Christian Watson,GB,@DAL,32,0.0,0.0,0.0,0.0,0.0,0.0,0.0,0.0,0.0,0.0,0.0,0.0,0.0,0.0,0.0,-,0.0
2025,4,MWM,TE,Terrance Ferguson,LAR,IND,16,0.0,0.0,0.0,0.0,0.0,0.0,0.0,0.0,0.0,0.0,0.0,0.0,0.0,0.0,0.0,-,0.0
2025,4,MWM,RB,Tank Bigsby,PHI,@TB,10,0.0,0.0,0.0,0.0,0.0,0.0,0.0,0.0,0.0,0.0,0.0,0.0,0.0,0.0,0.0,0.00,0.0
2025,4,MWM,TE,George Kittle,SF,JAC,11,0.0,0.0,0.0,0.0,0.0,0.0,0.0,0.0,0.0,0.0,0.0,0.0,0.0,0.0,0.0,-,0.0
2025,4,MWM,RB,Joe Mixon,HOU,TEN,29,0.0,0.0,0.0,0.0,0.0,0.0,0.0,0.0,0.0,0.0,0.0,0.0,0.0,0.0,0.0,-,0.0
2025,4,MWM,DST,Lions,DET,CLE,31,21.0,21.0,,,,,,,,,,,,,,,
2025,4,MWM,DST,Bills,BUF,NO,21,,,,,,,,,,,,,,,,9.00,9.0
2025,4,NN,QB,Dak Prescott,DAL,GB,10,31.0,40.0,319.0,3.0,0.0,1.0,2.0,1.0,1.0,0.0,0.0,0.0,0.0,0.0,0.0,31.96,31.96
2025,4,NN,RB,Quinshon Judkins,CLE,@DET,9,0.0,0.0,0.0,0.0,0.0,21.0,82.0,1.0,7.0,4.0,4.0,33.0,0.0,2.0,0.0,26.50,26.5
2025,4,NN,QB,Carson Wentz,MIN,@PIT,29,30.0,46.0,350.0,2.0,2.0,2.0,12.0,0.0,1.0,0.0,0.0,0.0,0.0,0.0,0.0,22.20,22.2
2025,4,NN,WR,Justin Jefferson,MIN,@PIT,22,0.0,0.0,0.0,0.0,0.0,0.0,0.0,0.0,0.0,11.0,10.0,126.0,0.0,5.0,0.0,17.60,17.6
2025,4,NN,WR,Xavier Worthy,KC,BAL,30,0.0,0.0,0.0,0.0,0.0,2.0,38.0,0.0,2.0,8.0,5.0,83.0,0.0,3.0,0.0,17.10,17.1
2025,4,NN,RB,Breece Hall,NYJ,@MIA,24,0.0,0.0,0.0,0.0,0.0,14.0,81.0,0.0,3.0,6.0,5.0,30.0,0.0,2.0,0.0,16.10,16.1
2025,4,NN,RB,Tyler Allgeier,ATL,WAS,15,0.0,0.0,0.0,0.0,0.0,16.0,51.0,1.0,3.0,0.0,0.0,0.0,0.0,0.0,0.0,14.10,14.1
2025,4,NN,RB,Zach Charbonnet,SEA,@ARI,22,0.0,0.0,0.0,0.0,0.0,12.0,39.0,1.0,3.0,2.0,2.0,5.0,0.0,0.0,0.0,13.40,13.4
2025,4,NN,TE,Jake Ferguson,DAL,GB,26,0.0,0.0,0.0,0.0,0.0,0.0,0.0,0.0,0.0,7.0,7.0,40.0,1.0,2.0,0.0,12.00,12.0
2025,4,NN,WR,Keon Coleman,BUF,NO,19,0.0,0.0,0.0,0.0,0.0,0.0,0.0,0.0,0.0,4.0,3.0,45.0,0.0,3.0,0.0,7.50,7.5
2025,4,NN,WR,Malik Nabers,NYG,LAC,2,0.0,0.0,0.0,0.0,0.0,0.0,0.0,0.0,0.0,3.0,2.0,20.0,0.0,1.0,0.0,3.00,3.0
2025,4,NN,WR,Kayshon Boutte,NE,CAR,5,0.0,0.0,0.0,0.0,0.0,0.0,0.0,0.0,0.0,3.0,1.0,18.0,0.0,1.0,0.0,2.80,2.8
2025,4,NN,RB,Braelon Allen,NYJ,@MIA,24,0.0,0.0,0.0,0.0,0.0,4.0,26.0,0.0,2.0,0.0,0.0,0.0,0.0,0.0,1.0,2.60,2.6
2025,4,NN,RB,Brian Robinson,SF,JAC,8,0.0,0.0,0.0,0.0,0.0,5.0,21.0,0.0,0.0,0.0,0.0,0.0,0.0,0.0,0.0,2.10,2.1
2025,4,NN,RB,Kyle Monangai,CHI,@LV,7,0.0,0.0,0.0,0.0,0.0,4.0,18.0,0.0,0.0,0.0,0.0,0.0,0.0,0.0,0.0,1.80,1.8
2025,4,NN,WR,Pat Bryant,DEN,CIN,25,0.0,0.0,0.0,0.0,0.0,0.0,0.0,0.0,0.0,1.0,0.0,0.0,0.0,0.0,0.0,0.00,0.0
2025,4,NN,QB,Tyler Shough,NO,@BUF,25,0.0,0.0,0.0,0.0,0.0,0.0,0.0,0.0,0.0,0.0,0.0,0.0,0.0,0.0,0.0,-,0.0
2025,4,NN,WR,Jalen Coker,CAR,@NE,21,0.0,0.0,0.0,0.0,0.0,0.0,0.0,0.0,0.0,0.0,0.0,0.0,0.0,0.0,0.0,-,0.0
2025,4,NN,QB,Joe Burrow,CIN,@DEN,1,0.0,0.0,0.0,0.0,0.0,0.0,0.0,0.0,0.0,0.0,0.0,0.0,0.0,0.0,0.0,-,0.0
2025,4,NN,WR,Dyami Brown,JAC,@SF,4,0.0,0.0,0.0,0.0,0.0,0.0,0.0,0.0,0.0,0.0,0.0,0.0,0.0,0.0,0.0,-,0.0
2025,4,NN,DST,Patriots,NE,CAR,27,,,,,,,,,,,,,,,,13.00,13.0
2025,4,VD,RB,Bijan Robinson,ATL,WAS,15,0.0,0.0,0.0,0.0,0.0,17.0,75.0,1.0,5.0,5.0,4.0,106.0,0.0,4.0,0.0,33.10,33.1
2025,4,VD,QB,Justin Fields,NYJ,@MIA,31,20.0,27.0,226.0,1.0,0.0,7.0,81.0,1.0,3.0,0.0,0.0,0.0,0.0,0.0,1.0,30.14,30.14
2025,4,VD,RB,Omarion Hampton,LAC,@NYG,28,0.0,0.0,0.0,0.0,0.0,12.0,128.0,1.0,5.0,5.0,5.0,37.0,0.0,1.0,0.0,28.50,28.5
2025,4,VD,RB,Bucky Irving,TB,PHI,26,0.0,0.0,0.0,0.0,0.0,15.0,63.0,0.0,2.0,5.0,5.0,102.0,1.0,3.0,1.0,25.50,25.5
2025,4,VD,QB,Baker Mayfield,TB,PHI,18,22.0,40.0,289.0,2.0,1.0,2.0,13.0,0.0,1.0,0.0,0.0,0.0,0.0,0.0,0.0,19.86,19.86
2025,4,VD,TE,Kyle Pitts,ATL,WAS,29,0.0,0.0,0.0,0.0,0.0,0.0,0.0,0.0,0.0,5.0,5.0,70.0,1.0,4.0,0.0,17.00,17.0
2025,4,VD,WR,Rome Odunze,CHI,@LV,28,0.0,0.0,0.0,0.0,0.0,0.0,0.0,0.0,0.0,8.0,4.0,69.0,1.0,4.0,0.0,16.90,16.9
2025,4,VD,WR,Marvin Harrison,ARI,SEA,3,0.0,0.0,0.0,0.0,0.0,0.0,0.0,0.0,0.0,10.0,6.0,66.0,1.0,3.0,0.0,15.60,15.6
2025,4,VD,WR,Michael Pittman,IND,@LAR,17,0.0,0.0,0.0,0.0,0.0,0.0,0.0,0.0,0.0,10.0,5.0,41.0,1.0,3.0,0.0,13.10,13.1
2025,4,VD,WR,Tyreek Hill,MIA,NYJ,23,0.0,0.0,0.0,0.0,0.0,0.0,0.0,0.0,0.0,6.0,6.0,67.0,0.0,5.0,0.0,11.70,11.7
2025,4,VD,QB,Bryce Young,CAR,@NE,12,18.0,30.0,150.0,1.0,0.0,1.0,3.0,0.0,1.0,0.0,0.0,0.0,0.0,0.0,0.0,11.30,11.3
2025,4,VD,RB,Trey Benson,ARI,SEA,16,0.0,0.0,0.0,0.0,0.0,8.0,35.0,0.0,1.0,5.0,5.0,19.0,0.0,1.0,0.0,7.40,7.4
2025,4,VD,WR,Chris Godwin,TB,PHI,13,0.0,0.0,0.0,0.0,0.0,0.0,0.0,0.0,0.0,10.0,3.0,26.0,0.0,1.0,0.0,3.60,3.6
2025,4,VD,RB,Kaleb Johnson,PIT,MIN,20,0.0,0.0,0.0,0.0,0.0,6.0,22.0,0.0,1.0,1.0,0.0,0.0,0.0,0.0,0.0,3.20,3.2
2025,4,VD,WR,Ladd McConkey,LAC,@NYG,31,0.0,0.0,0.0,0.0,0.0,0.0,0.0,0.0,0.0,6.0,1.0,11.0,0.0,1.0,0.0,2.10,2.1
2025,4,VD,RB,Ollie Gordon,MIA,NYJ,17,0.0,0.0,0.0,0.0,0.0,6.0,10.0,0.0,1.0,1.0,0.0,0.0,0.0,0.0,0.0,2.00,2.0
2025,4,VD,WR,Jaylin Noel,HOU,TEN,27,0.0,0.0,0.0,0.0,0.0,1.0,2.0,0.0,0.0,1.0,1.0,-2.0,0.0,0.0,0.0,0.20,0.2
2025,4,VD,QB,Anthony Richardson,IND,@LAR,15,0.0,0.0,0.0,0.0,0.0,0.0,0.0,0.0,0.0,0.0,0.0,0.0,0.0,0.0,0.0,-,0.0
2025,4,VD,DST,Cardinals,ARI,SEA,11,,,,,,,,,,,,,,,,6.00,6.0
2025,4,WLW,QB,CJ Stroud,HOU,TEN,11,22.0,28.0,233.0,2.0,0.0,4.0,11.0,0.0,3.0,0.0,0.0,0.0,0.0,0.0,0.0,21.42,21.42
2025,4,WLW,RB,JK Dobbins,DEN,CIN,31,0.0,0.0,0.0,0.0,0.0,16.0,101.0,0.0,6.0,1.0,1.0,4.0,0.0,0.0,0.0,16.50,16.5
2025,4,WLW,QB,Lamar Jackson,BAL,@KC,14,14.0,20.0,147.0,1.0,1.0,6.0,48.0,0.0,3.0,0.0,0.0,0.0,0.0,0.0,1.0,13.68,13.68
2025,4,WLW,QB,Jared Goff,DET,CLE,6,16.0,27.0,168.0,2.0,1.0,0.0,0.0,0.0,0.0,0.0,0.0,0.0,0.0,0.0,0.0,12.72,12.72
2025,4,WLW,WR,Marquise Brown,KC,BAL,30,0.0,0.0,0.0,0.0,0.0,0.0,0.0,0.0,0.0,5.0,3.0,38.0,1.0,2.0,0.0,11.80,11.8
2025,4,WLW,WR,Nico Collins,HOU,TEN,27,0.0,0.0,0.0,0.0,0.0,0.0,0.0,0.0,0.0,6.0,4.0,79.0,0.0,3.0,0.0,10.90,10.9
2025,4,WLW,RB,Chuba Hubbard,CAR,@NE,14,0.0,0.0,0.0,0.0,0.0,10.0,49.0,0.0,3.0,3.0,3.0,20.0,0.0,1.0,0.0,10.90,10.9
2025,4,WLW,RB,Chase Brown,CIN,@DEN,12,0.0,0.0,0.0,0.0,0.0,10.0,40.0,0.0,2.0,3.0,3.0,31.0,0.0,1.0,0.0,10.10,10.1
2025,4,WLW,RB,Tony Pollard,TEN,@HOU,13,0.0,0.0,0.0,0.0,0.0,14.0,64.0,0.0,2.0,3.0,3.0,12.0,0.0,0.0,0.0,9.60,9.6
2025,4,WLW,RB,Rico Dowdle,CAR,@NE,14,0.0,0.0,0.0,0.0,0.0,9.0,32.0,0.0,2.0,1.0,1.0,-2.0,0.0,0.0,0.0,5.20,5.2
2025,4,WLW,WR,Travis Hunter,JAC,@SF,4,0.0,0.0,0.0,0.0,0.0,0.0,0.0,0.0,0.0,5.0,3.0,42.0,0.0,1.0,0.0,5.20,5.2
2025,4,WLW,TE,Sam LaPorta,DET,CLE,10,0.0,0.0,0.0,0.0,0.0,0.0,0.0,0.0,0.0,4.0,3.0,39.0,0.0,1.0,0.0,4.90,4.9
2025,4,WLW,WR,Rashod Bateman,BAL,@KC,8,0.0,0.0,0.0,0.0,0.0,0.0,0.0,0.0,0.0,2.0,1.0,24.0,0.0,1.0,0.0,3.40,3.4
2025,4,WLW,WR,Christian Kirk,HOU,TEN,27,0.0,0.0,0.0,0.0,0.0,0.0,0.0,0.0,0.0,4.0,3.0,20.0,0.0,1.0,0.0,3.00,3.0
2025,4,WLW,WR,CeeDee Lamb,DAL,GB,18,0.0,0.0,0.0,0.0,0.0,0.0,0.0,0.0,0.0,0.0,0.0,0.0,0.0,0.0,0.0,-,0.0
2025,4,WLW,WR,Alec Pierce,IND,@LAR,17,0.0,0.0,0.0,0.0,0.0,0.0,0.0,0.0,0.0,0.0,0.0,0.0,0.0,0.0,0.0,-,0.0
2025,4,WLW,TE,Ja'Tavion Sanders,CAR,@NE,27,0.0,0.0,0.0,0.0,0.0,0.0,0.0,0.0,0.0,0.0,0.0,0.0,0.0,0.0,0.0,-,0.0
2025,4,WLW,RB,Devin Neal,NO,@BUF,18,0.0,0.0,0.0,0.0,0.0,0.0,0.0,0.0,0.0,0.0,0.0,0.0,0.0,0.0,0.0,-,0.0
2025,4,WLW,DST,Broncos,DEN,CIN,30,,,,,,,,,,,,,,,,10.00,10.0
2025,5,AFL,WR,Emeka Egbuka,TB,@SEA,11,0.0,0.0,0.0,0.0,0.0,0.0,0.0,0.0,0.0,7.0,7.0,163.0,1.0,6.0,0.0,30.30,30.3
2025,5,AFL,RB,Jahmyr Gibbs,DET,@CIN,32,0.0,0.0,0.0,0.0,0.0,12.0,54.0,0.0,3.0,2.0,2.0,33.0,1.0,2.0,0.0,19.70,19.7
2025,5,AFL,QB,Jayden Daniels,WAS,@LAC,19,15.0,26.0,231.0,1.0,0.0,8.0,39.0,0.0,2.0,0.0,0.0,0.0,0.0,0.0,0.0,19.14,19.14
2025,5,AFL,QB,Kyler Murray,ARI,TEN,10,23.0,31.0,220.0,0.0,0.0,4.0,25.0,1.0,3.0,0.0,0.0,0.0,0.0,0.0,1.0,18.30,18.3
2025,5,AFL,RB,Rhamondre Stevenson,NE,@BUF,18,0.0,0.0,0.0,0.0,0.0,7.0,14.0,2.0,2.0,2.0,2.0,13.0,0.0,0.0,1.0,14.70,14.7
2025,5,AFL,WR,Tee Higgins,CIN,DET,29,0.0,0.0,0.0,0.0,0.0,0.0,0.0,0.0,0.0,7.0,3.0,22.0,1.0,3.0,0.0,11.20,11.2
2025,5,AFL,TE,Dallas Goedert,PHI,DEN,10,0.0,0.0,0.0,0.0,0.0,0.0,0.0,0.0,0.0,9.0,3.0,19.0,1.0,2.0,0.0,9.90,9.9
2025,5,AFL,WR,Keenan Allen,LAC,WAS,25,0.0,0.0,0.0,0.0,0.0,0.0,0.0,0.0,0.0,9.0,5.0,58.0,0.0,3.0,0.0,8.80,8.8
2025,5,AFL,WR,Zay Flowers,BAL,HOU,5,0.0,0.0,0.0,0.0,0.0,0.0,0.0,0.0,0.0,5.0,5.0,72.0,0.0,1.0,0.0,8.20,8.2
2025,5,AFL,RB,Travis Etienne,JAC,KC,15,0.0,0.0,0.0,0.0,0.0,12.0,49.0,0.0,2.0,4.0,3.0,9.0,0.0,0.0,0.0,7.80,7.8
2025,5,AFL,WR,AJ Brown,PHI,DEN,4,0.0,0.0,0.0,0.0,0.0,0.0,0.0,0.0,0.0,8.0,5.0,43.0,0.0,3.0,0.0,7.30,7.3
2025,5,AFL,WR,DeAndre Hopkins,BAL,HOU,5,0.0,0.0,0.0,0.0,0.0,0.0,0.0,0.0,0.0,2.0,2.0,46.0,0.0,2.0,0.0,6.60,6.6
2025,5,AFL,RB,Trevor Etienne,CAR,MIA,27,0.0,0.0,0.0,0.0,0.0,4.0,22.0,0.0,1.0,1.0,1.0,7.0,0.0,1.0,0.0,4.90,4.9
2025,5,AFL,WR,Quentin Johnston,LAC,WAS,25,0.0,0.0,0.0,0.0,0.0,1.0,9.0,0.0,0.0,4.0,4.0,40.0,0.0,2.0,1.0,4.90,4.9
2025,5,AFL,RB,Dylan Sampson,CLE,MIN,22,0.0,0.0,0.0,0.0,0.0,1.0,-4.0,0.0,0.0,2.0,1.0,6.0,0.0,0.0,0.0,0.60,0.6
2025,5,AFL,RB,Sean Tucker,TB,@SEA,17,0.0,0.0,0.0,0.0,0.0,3.0,3.0,0.0,0.0,3.0,3.0,-4.0,0.0,0.0,0.0,0.30,0.3
2025,5,AFL,TE,Brock Bowers,LV,@IND,12,0.0,0.0,0.0,0.0,0.0,0.0,0.0,0.0,0.0,0.0,0.0,0.0,0.0,0.0,0.0,-,0.0
2025,5,AFL,RB,Aaron Jones,MIN,@CLE,2,0.0,0.0,0.0,0.0,0.0,0.0,0.0,0.0,0.0,0.0,0.0,0.0,0.0,0.0,0.0,-,0.0
2025,5,AFL,WR,Adonai Mitchell,IND,LV,28,0.0,0.0,0.0,0.0,0.0,0.0,0.0,0.0,0.0,1.0,0.0,0.0,0.0,0.0,0.0,0.00,0.0
2025,5,AFL,DST,Chargers,LAC,WAS,5,,,,,,,,,,,,,,,,3.00,3.0
2025,5,CC,RB,Rachaad White,TB,@SEA,17,0.0,0.0,0.0,0.0,0.0,14.0,41.0,2.0,5.0,4.0,4.0,30.0,0.0,2.0,0.0,26.10,26.1
2025,5,CC,RB,David Montgomery,DET,@CIN,32,1.0,1.0,3.0,1.0,0.0,18.0,65.0,1.0,4.0,1.0,1.0,6.0,0.0,1.0,0.0,22.22,22.22
2025,5,CC,WR,Amon-Ra St Brown,DET,@CIN,23,0.0,0.0,0.0,0.0,0.0,0.0,0.0,0.0,0.0,9.0,8.0,100.0,0.0,5.0,0.0,15.00,15.0
2025,5,CC,TE,Mason Taylor,NYJ,DAL,16,0.0,0.0,0.0,0.0,0.0,0.0,0.0,0.0,0.0,12.0,9.0,67.0,0.0,5.0,0.0,13.70,13.7
2025,5,CC,QB,Drake Maye,NE,@BUF,20,22.0,30.0,273.0,0.0,0.0,3.0,12.0,0.0,1.0,0.0,0.0,0.0,0.0,0.0,0.0,13.12,13.12
2025,5,CC,WR,Brian Thomas,JAC,KC,7,0.0,0.0,0.0,0.0,0.0,0.0,0.0,0.0,0.0,6.0,4.0,80.0,0.0,3.0,0.0,11.00,11.0
2025,5,CC,RB,James Cook,BUF,NE,6,0.0,0.0,0.0,0.0,0.0,15.0,49.0,0.0,2.0,1.0,0.0,0.0,0.0,0.0,0.0,6.90,6.9
2025,5,CC,TE,Trey McBride,ARI,TEN,6,0.0,0.0,0.0,0.0,0.0,0.0,0.0,0.0,0.0,7.0,5.0,41.0,0.0,2.0,0.0,6.10,6.1
2025,5,CC,RB,TreVeyon Henderson,NE,@BUF,18,0.0,0.0,0.0,0.0,0.0,6.0,24.0,0.0,1.0,3.0,2.0,3.0,0.0,0.0,0.0,3.70,3.7
2025,5,CC,QB,Aaron Rodgers,PIT,BYE,---,0.0,0.0,0.0,0.0,0.0,0.0,0.0,0.0,0.0,0.0,0.0,0.0,0.0,0.0,0.0,-,0.0
2025,5,CC,WR,DK Metcalf,PIT,BYE,---,0.0,0.0,0.0,0.0,0.0,0.0,0.0,0.0,0.0,0.0,0.0,0.0,0.0,0.0,0.0,-,0.0
2025,5,CC,QB,Joe Flacco,CLE,MIN,3,0.0,0.0,0.0,0.0,0.0,0.0,0.0,0.0,0.0,0.0,0.0,0.0,0.0,0.0,0.0,-,0.0
2025,5,CC,WR,Calvin Austin,PIT,BYE,---,0.0,0.0,0.0,0.0,0.0,0.0,0.0,0.0,0.0,0.0,0.0,0.0,0.0,0.0,0.0,-,0.0
2025,5,CC,RB,Najee Harris,LAC,WAS,9,0.0,0.0,0.0,0.0,0.0,0.0,0.0,0.0,0.0,0.0,0.0,0.0,0.0,0.0,0.0,-,0.0
2025,5,CC,TE,Zach Ertz,WAS,@LAC,7,0.0,0.0,0.0,0.0,0.0,0.0,0.0,0.0,0.0,1.0,0.0,0.0,0.0,0.0,0.0,0.00,0.0
2025,5,CC,QB,Brock Purdy,SF,@LAR,18,0.0,0.0,0.0,0.0,0.0,0.0,0.0,0.0,0.0,0.0,0.0,0.0,0.0,0.0,0.0,-,0.0
2025,5,CC,WR,Tre Harris,LAC,WAS,25,0.0,0.0,0.0,0.0,0.0,0.0,0.0,0.0,0.0,0.0,0.0,0.0,0.0,0.0,0.0,0.00,0.0
2025,5,CC,WR,Ricky Pearsall,SF,@LAR,16,0.0,0.0,0.0,0.0,0.0,0.0,0.0,0.0,0.0,0.0,0.0,0.0,0.0,0.0,0.0,-,0.0
2025,5,CC,DST,Seahawks,SEA,TB,14,,,,,,,,,,,,,,,,-3.00,-3.0
2025,5,CRB,RB,Jonathan Taylor,IND,LV,19,0.0,0.0,0.0,0.0,0.0,17.0,66.0,3.0,6.0,4.0,3.0,20.0,0.0,0.0,0.0,34.60,34.6
2025,5,CRB,RB,Jacory Croskey-Merritt,WAS,@LAC,7,0.0,0.0,0.0,0.0,0.0,14.0,111.0,2.0,6.0,2.0,2.0,39.0,0.0,2.0,1.0,33.00,33.0
2025,5,CRB,QB,Josh Allen,BUF,NE,14,22.0,31.0,253.0,2.0,1.0,9.0,53.0,0.0,3.0,0.0,0.0,0.0,0.0,0.0,1.0,22.42,22.42
2025,5,CRB,QB,Bo Nix,DEN,@PHI,13,24.0,39.0,242.0,1.0,0.0,3.0,22.0,0.0,1.0,0.0,0.0,0.0,0.0,0.0,0.0,18.88,18.88
2025,5,CRB,QB,Dillon Gabriel,CLE,MIN,3,19.0,33.0,190.0,2.0,0.0,2.0,5.0,0.0,0.0,0.0,0.0,0.0,0.0,0.0,0.0,16.10,16.1
2025,5,CRB,WR,Courtland Sutton,DEN,@PHI,13,0.0,0.0,0.0,0.0,0.0,0.0,0.0,0.0,0.0,10.0,8.0,99.0,0.0,5.0,0.0,14.90,14.9
2025,5,CRB,RB,De'Von Achane,MIA,@CAR,16,0.0,0.0,0.0,0.0,0.0,10.0,16.0,0.0,2.0,7.0,6.0,30.0,1.0,2.0,0.0,14.60,14.6
2025,5,CRB,WR,DeVonta Smith,PHI,DEN,4,0.0,0.0,0.0,0.0,0.0,0.0,0.0,0.0,0.0,10.0,8.0,114.0,0.0,3.0,0.0,14.40,14.4
2025,5,CRB,WR,George Pickens,DAL,@NYJ,24,0.0,0.0,0.0,0.0,0.0,0.0,0.0,0.0,0.0,4.0,2.0,57.0,1.0,2.0,0.0,13.70,13.7
2025,5,CRB,WR,Tetairoa McMillan,CAR,MIA,9,0.0,0.0,0.0,0.0,0.0,0.0,0.0,0.0,0.0,8.0,6.0,73.0,0.0,4.0,0.0,11.30,11.3
2025,5,CRB,TE,Hunter Henry,NE,@BUF,2,0.0,0.0,0.0,0.0,0.0,0.0,0.0,0.0,0.0,4.0,2.0,46.0,0.0,2.0,0.0,6.60,6.6
2025,5,CRB,RB,Emari Demercado,ARI,TEN,29,0.0,0.0,0.0,0.0,0.0,3.0,81.0,0.0,0.0,0.0,0.0,0.0,0.0,0.0,1.0,6.10,6.1
2025,5,CRB,TE,TJ Hockenson,MIN,@CLE,13,0.0,0.0,0.0,0.0,0.0,0.0,0.0,0.0,0.0,6.0,6.0,38.0,0.0,2.0,0.0,5.80,5.8
2025,5,CRB,WR,Jaylin Lane,WAS,@LAC,3,0.0,0.0,0.0,0.0,0.0,0.0,0.0,0.0,0.0,2.0,1.0,16.0,0.0,1.0,0.0,2.60,2.6
2025,5,CRB,WR,Adam Thielen,MIN,@CLE,19,0.0,0.0,0.0,0.0,0.0,0.0,0.0,0.0,0.0,0.0,0.0,0.0,0.0,0.0,0.0,0.00,0.0
2025,5,CRB,DST,Commanders,WAS,@LAC,24,15.0,15.0,,,,,,,,,,,,,,,
2025,5,CRB,DST,Eagles,PHI,DEN,10,,,,,,,,,,,,,,,,2.00,2.0
2025,5,ELP,RB,Javonte Williams,DAL,@NYJ,24,0.0,0.0,0.0,0.0,0.0,16.0,135.0,1.0,6.0,2.0,1.0,4.0,1.0,1.0,0.0,32.90,32.9
2025,5,ELP,QB,Patrick Mahomes,KC,@JAC,22,29.0,41.0,318.0,1.0,1.0,6.0,60.0,1.0,4.0,0.0,0.0,0.0,0.0,0.0,0.0,30.72,30.72
2025,5,ELP,QB,Jaxson Dart,NYG,@NO,27,26.0,40.0,202.0,2.0,2.0,7.0,55.0,0.0,4.0,0.0,0.0,0.0,0.0,0.0,1.0,19.58,19.58
2025,5,ELP,QB,Spencer Rattler,NO,NYG,17,21.0,31.0,225.0,1.0,0.0,6.0,21.0,0.0,3.0,1.0,1.0,0.0,0.0,0.0,0.0,18.10,18.1
2025,5,ELP,TE,Dalton Kincaid,BUF,NE,26,0.0,0.0,0.0,0.0,0.0,0.0,0.0,0.0,0.0,6.0,6.0,108.0,0.0,5.0,0.0,15.80,15.8
2025,5,ELP,RB,Jordan Mason,MIN,@CLE,2,0.0,0.0,0.0,0.0,0.0,13.0,52.0,1.0,3.0,4.0,3.0,4.0,0.0,0.0,1.0,12.60,12.6
2025,5,ELP,TE,Tyler Warren,IND,LV,8,0.0,1.0,0.0,0.0,0.0,0.0,0.0,0.0,0.0,4.0,4.0,44.0,1.0,2.0,0.0,12.40,12.4
2025,5,ELP,RB,Kenneth Walker,SEA,TB,13,0.0,0.0,0.0,0.0,0.0,10.0,86.0,0.0,3.0,1.0,1.0,0.0,0.0,0.0,0.0,11.60,11.6
2025,5,ELP,RB,Isiah Pacheco,KC,@JAC,14,0.0,0.0,0.0,0.0,0.0,7.0,36.0,0.0,4.0,3.0,3.0,20.0,0.0,2.0,0.0,11.60,11.6
2025,5,ELP,WR,Isaac TeSlaa,DET,@CIN,23,0.0,0.0,0.0,0.0,0.0,0.0,0.0,0.0,0.0,1.0,1.0,12.0,1.0,1.0,0.0,8.20,8.2
2025,5,ELP,WR,JuJu Smith-Schuster,KC,@JAC,18,0.0,0.0,0.0,0.0,0.0,0.0,0.0,0.0,0.0,3.0,2.0,17.0,0.0,1.0,0.0,2.70,2.7
2025,5,ELP,WR,Darius Slayton,NYG,@NO,6,0.0,0.0,0.0,0.0,0.0,0.0,0.0,0.0,0.0,6.0,3.0,31.0,0.0,1.0,1.0,2.10,2.1
2025,5,ELP,WR,Jameson Williams,DET,@CIN,23,0.0,0.0,0.0,0.0,0.0,1.0,1.0,0.0,0.0,1.0,1.0,9.0,0.0,1.0,0.0,2.00,2.0
2025,5,ELP,RB,Jaydon Blue,DAL,@NYJ,24,0.0,0.0,0.0,0.0,0.0,4.0,7.0,0.0,0.0,0.0,0.0,0.0,0.0,0.0,0.0,0.70,0.7
2025,5,ELP,RB,Tyrone Tracy,NYG,@NO,23,0.0,0.0,0.0,0.0,0.0,0.0,0.0,0.0,0.0,0.0,0.0,0.0,0.0,0.0,0.0,-,0.0
2025,5,ELP,WR,Malik Washington,MIA,@CAR,2,0.0,0.0,0.0,0.0,0.0,0.0,0.0,0.0,0.0,5.0,4.0,0.0,0.0,0.0,0.0,0.00,0.0
2025,5,ELP,WR,Jayden Reed,GB,BYE,---,0.0,0.0,0.0,0.0,0.0,0.0,0.0,0.0,0.0,0.0,0.0,0.0,0.0,0.0,0.0,-,0.0
2025,5,ELP,WR,Mike Evans,TB,@SEA,11,0.0,0.0,0.0,0.0,0.0,0.0,0.0,0.0,0.0,0.0,0.0,0.0,0.0,0.0,0.0,-,0.0
2025,5,ELP,WR,Matthew Golden,GB,BYE,---,0.0,0.0,0.0,0.0,0.0,0.0,0.0,0.0,0.0,0.0,0.0,0.0,0.0,0.0,0.0,-,0.0
2025,5,ELP,DST,Texans,HOU,@BAL,21,,,,,,,,,,,,,,,,14.00,14.0
2025,5,FRR,QB,Sam Darnold,SEA,TB,28,28.0,34.0,341.0,4.0,1.0,0.0,0.0,0.0,0.0,0.0,0.0,0.0,0.0,0.0,0.0,27.64,27.64
2025,5,FRR,WR,Ja'Marr Chase,CIN,DET,29,0.0,0.0,0.0,0.0,0.0,0.0,0.0,0.0,0.0,10.0,6.0,110.0,2.0,4.0,0.0,27.00,27.0
2025,5,FRR,RB,Christian McCaffrey,SF,@LAR,3,0.0,0.0,0.0,0.0,0.0,22.0,57.0,0.0,2.0,9.0,8.0,82.0,1.0,5.0,0.0,26.90,26.9
2025,5,FRR,QB,Matthew Stafford,LAR,SF,12,30.0,47.0,389.0,3.0,0.0,1.0,0.0,0.0,0.0,0.0,0.0,0.0,0.0,0.0,1.0,25.56,25.56
2025,5,FRR,QB,Tua Tagovailoa,MIA,@CAR,8,27.0,36.0,256.0,3.0,0.0,1.0,5.0,0.0,0.0,0.0,0.0,0.0,0.0,0.0,0.0,22.74,22.74
2025,5,FRR,QB,Jake Browning,CIN,DET,15,26.0,40.0,251.0,3.0,3.0,4.0,31.0,0.0,2.0,0.0,0.0,0.0,0.0,0.0,0.0,21.14,21.14
2025,5,FRR,TE,Darren Waller,MIA,@CAR,32,0.0,0.0,0.0,0.0,0.0,0.0,0.0,0.0,0.0,5.0,5.0,78.0,1.0,5.0,0.0,18.80,18.8
2025,5,FRR,WR,Calvin Ridley,TEN,@ARI,15,0.0,0.0,0.0,0.0,0.0,0.0,0.0,0.0,0.0,10.0,5.0,131.0,0.0,4.0,0.0,17.10,17.1
2025,5,FRR,TE,Travis Kelce,KC,@JAC,15,0.0,0.0,0.0,0.0,0.0,0.0,0.0,0.0,0.0,8.0,7.0,61.0,1.0,4.0,0.0,16.10,16.1
2025,5,FRR,RB,Michael Carter,ARI,TEN,29,0.0,0.0,0.0,0.0,0.0,18.0,51.0,1.0,2.0,5.0,5.0,22.0,0.0,0.0,0.0,15.30,15.3
2025,5,FRR,WR,Chris Olave,NO,NYG,30,0.0,0.0,0.0,0.0,0.0,0.0,0.0,0.0,0.0,11.0,7.0,59.0,0.0,3.0,0.0,8.90,8.9
2025,5,FRR,WR,Jayden Higgins,HOU,@BAL,31,0.0,0.0,0.0,0.0,0.0,0.0,0.0,0.0,0.0,4.0,4.0,32.0,0.0,1.0,0.0,4.20,4.2
2025,5,FRR,RB,Woody Marks,HOU,@BAL,30,0.0,0.0,0.0,0.0,0.0,7.0,24.0,0.0,1.0,1.0,0.0,0.0,0.0,0.0,0.0,3.40,3.4
2025,5,FRR,RB,Blake Corum,LAR,SF,12,0.0,0.0,0.0,0.0,0.0,1.0,13.0,0.0,1.0,2.0,0.0,0.0,0.0,0.0,0.0,2.30,2.3
2025,5,FRR,WR,Drake London,ATL,BYE,---,0.0,0.0,0.0,0.0,0.0,0.0,0.0,0.0,0.0,0.0,0.0,0.0,0.0,0.0,0.0,-,0.0
2025,5,FRR,WR,Terry McLaurin,WAS,@LAC,3,0.0,0.0,0.0,0.0,0.0,0.0,0.0,0.0,0.0,0.0,0.0,0.0,0.0,0.0,0.0,-,0.0
2025,5,FRR,RB,Brian Robinson Dead Cap,SF,0,0,0.0,0.0,0.0,0.0,0.0,0.0,0.0,0.0,0.0,0.0,0.0,0.0,0.0,0.0,0.0,-,0.0
2025,5,FRR,RB,D'Andre Swift,CHI,BYE,---,0.0,0.0,0.0,0.0,0.0,0.0,0.0,0.0,0.0,0.0,0.0,0.0,0.0,0.0,0.0,-,0.0
2025,5,FRR,QB,Jalen Milroe,SEA,TB,28,0.0,0.0,0.0,0.0,0.0,1.0,0.0,0.0,0.0,0.0,0.0,0.0,0.0,0.0,1.0,-2.00,-2.0
2025,5,FRR,DST,Browns,CLE,MIN,28,,,,,,,,,,,,,,,,7.00,7.0
2025,5,GF,QB,Trevor Lawrence,JAC,KC,23,18.0,25.0,221.0,1.0,1.0,10.0,54.0,2.0,6.0,0.0,0.0,0.0,0.0,0.0,1.0,32.24,32.24
2025,5,GF,WR,Jaxon Smith-Njigba,SEA,TB,14,0.0,0.0,0.0,0.0,0.0,0.0,0.0,0.0,0.0,9.0,8.0,132.0,1.0,6.0,0.0,25.20,25.2
2025,5,GF,WR,Deebo Samuel,WAS,@LAC,3,0.0,0.0,0.0,0.0,0.0,0.0,0.0,0.0,0.0,11.0,8.0,96.0,1.0,4.0,0.0,19.60,19.6
2025,5,GF,RB,Ashton Jeanty,LV,@IND,9,0.0,0.0,0.0,0.0,0.0,14.0,67.0,0.0,3.0,7.0,5.0,42.0,0.0,1.0,0.0,14.90,14.9
2025,5,GF,WR,Davante Adams,LAR,SF,8,0.0,0.0,0.0,0.0,0.0,0.0,0.0,0.0,0.0,11.0,5.0,88.0,0.0,3.0,0.0,11.80,11.8
2025,5,GF,TE,Harold Fannin,CLE,MIN,17,0.0,0.0,0.0,0.0,0.0,0.0,0.0,0.0,0.0,4.0,4.0,13.0,1.0,2.0,0.0,9.30,9.3
2025,5,GF,WR,Wan'Dale Robinson,NYG,@NO,6,0.0,0.0,0.0,0.0,0.0,1.0,2.0,0.0,1.0,7.0,5.0,30.0,0.0,0.0,0.0,4.20,4.2
2025,5,GF,TE,Brenton Strange,JAC,KC,3,0.0,0.0,0.0,0.0,0.0,0.0,0.0,0.0,0.0,1.0,1.0,22.0,0.0,1.0,0.0,3.20,3.2
2025,5,GF,RB,Tyjae Spears,TEN,@ARI,20,0.0,0.0,0.0,0.0,0.0,4.0,14.0,0.0,1.0,0.0,0.0,0.0,0.0,0.0,0.0,2.40,2.4
2025,5,GF,RB,Chris Rodriguez,WAS,@LAC,7,0.0,0.0,0.0,0.0,0.0,5.0,7.0,0.0,1.0,0.0,0.0,0.0,0.0,0.0,0.0,1.70,1.7
2025,5,GF,QB,Cooper Rush,BAL,HOU,1,14.0,20.0,179.0,0.0,3.0,0.0,0.0,0.0,0.0,0.0,0.0,0.0,0.0,0.0,0.0,1.16,1.16
2025,5,GF,RB,Will Shipley,PHI,DEN,11,0.0,0.0,0.0,0.0,0.0,1.0,0.0,0.0,0.0,2.0,1.0,4.0,0.0,0.0,0.0,0.40,0.4
2025,5,GF,WR,Luther Burden,CHI,BYE,---,0.0,0.0,0.0,0.0,0.0,0.0,0.0,0.0,0.0,0.0,0.0,0.0,0.0,0.0,0.0,-,0.0
2025,5,GF,WR,Romeo Doubs,GB,BYE,---,0.0,0.0,0.0,0.0,0.0,0.0,0.0,0.0,0.0,0.0,0.0,0.0,0.0,0.0,0.0,-,0.0
2025,5,GF,RB,Josh Jacobs,GB,BYE,---,0.0,0.0,0.0,0.0,0.0,0.0,0.0,0.0,0.0,0.0,0.0,0.0,0.0,0.0,0.0,-,0.0
2025,5,GF,QB,Michael Penix,ATL,BYE,---,0.0,0.0,0.0,0.0,0.0,0.0,0.0,0.0,0.0,0.0,0.0,0.0,0.0,0.0,0.0,-,0.0
2025,5,GF,QB,Jordan Love,GB,BYE,---,0.0,0.0,0.0,0.0,0.0,0.0,0.0,0.0,0.0,0.0,0.0,0.0,0.0,0.0,0.0,-,0.0
2025,5,GF,RB,MarShawn Lloyd,GB,BYE,---,0.0,0.0,0.0,0.0,0.0,0.0,0.0,0.0,0.0,0.0,0.0,0.0,0.0,0.0,0.0,-,0.0
2025,5,GF,RB,Jaylen Warren,PIT,BYE,---,0.0,0.0,0.0,0.0,0.0,0.0,0.0,0.0,0.0,0.0,0.0,0.0,0.0,0.0,0.0,-,0.0
2025,5,GF,QB,JJ McCarthy,MIN,@CLE,5,0.0,0.0,0.0,0.0,0.0,0.0,0.0,0.0,0.0,0.0,0.0,0.0,0.0,0.0,0.0,-,0.0
2025,5,GF,DST,Chiefs,KC,@JAC,12,,,,,,,,,,,,,,,,9.00,9.0
2025,5,MAM,QB,Justin Herbert,LAC,WAS,25,22.0,29.0,166.0,1.0,1.0,4.0,60.0,0.0,3.0,0.0,0.0,0.0,0.0,0.0,0.0,17.64,17.64
2025,5,MAM,WR,Garrett Wilson,NYJ,DAL,32,0.0,0.0,0.0,0.0,0.0,0.0,0.0,0.0,0.0,10.0,6.0,71.0,1.0,4.0,0.0,17.10,17.1
2025,5,MAM,RB,Saquon Barkley,PHI,DEN,11,0.0,0.0,0.0,0.0,0.0,6.0,30.0,0.0,1.0,3.0,3.0,58.0,1.0,1.0,0.0,16.80,16.8
2025,5,MAM,TE,David Njoku,CLE,MIN,17,0.0,0.0,0.0,0.0,0.0,0.0,0.0,0.0,0.0,9.0,6.0,67.0,1.0,2.0,0.0,14.70,14.7
2025,5,MAM,WR,Tory Horton,SEA,TB,14,0.0,0.0,0.0,0.0,0.0,0.0,0.0,0.0,0.0,4.0,3.0,39.0,1.0,2.0,0.0,11.90,11.9
2025,5,MAM,WR,Josh Downs,IND,LV,28,0.0,0.0,0.0,0.0,0.0,0.0,0.0,0.0,0.0,8.0,6.0,54.0,0.0,4.0,0.0,9.40,9.4
2025,5,MAM,RB,Alvin Kamara,NO,NYG,25,0.0,0.0,0.0,0.0,0.0,8.0,27.0,0.0,0.0,6.0,4.0,28.0,0.0,2.0,0.0,7.50,7.5
2025,5,MAM,RB,Kendre Miller,NO,NYG,25,0.0,0.0,0.0,0.0,0.0,10.0,41.0,0.0,1.0,1.0,1.0,8.0,0.0,0.0,0.0,5.90,5.9
2025,5,MAM,RB,RJ Harvey,DEN,@PHI,26,0.0,0.0,0.0,0.0,0.0,4.0,12.0,0.0,1.0,3.0,3.0,18.0,0.0,0.0,0.0,4.00,4.0
2025,5,MAM,WR,Elic Ayomanor,TEN,@ARI,15,0.0,0.0,0.0,0.0,0.0,0.0,0.0,0.0,0.0,4.0,2.0,18.0,0.0,2.0,0.0,3.80,3.8
2025,5,MAM,WR,Jerry Jeudy,CLE,MIN,1,0.0,0.0,0.0,0.0,0.0,0.0,0.0,0.0,0.0,5.0,2.0,15.0,0.0,1.0,0.0,2.50,2.5
2025,5,MAM,RB,Bhayshul Tuten,JAC,KC,15,0.0,0.0,0.0,0.0,0.0,4.0,6.0,0.0,1.0,1.0,1.0,5.0,0.0,0.0,0.0,2.10,2.1
2025,5,MAM,QB,Will Howard,PIT,BYE,---,0.0,0.0,0.0,0.0,0.0,0.0,0.0,0.0,0.0,0.0,0.0,0.0,0.0,0.0,0.0,-,0.0
2025,5,MAM,RB,Jarquez Hunter,LAR,SF,12,0.0,0.0,0.0,0.0,0.0,0.0,0.0,0.0,0.0,0.0,0.0,0.0,0.0,0.0,0.0,0.00,0.0
2025,5,MAM,WR,Rashee Rice,KC,@JAC,18,0.0,0.0,0.0,0.0,0.0,0.0,0.0,0.0,0.0,0.0,0.0,0.0,0.0,0.0,0.0,-,0.0
2025,5,MAM,TE,Tucker Kraft,GB,BYE,---,0.0,0.0,0.0,0.0,0.0,0.0,0.0,0.0,0.0,0.0,0.0,0.0,0.0,0.0,0.0,-,0.0
2025,5,MAM,QB,Caleb Williams,CHI,BYE,---,0.0,0.0,0.0,0.0,0.0,0.0,0.0,0.0,0.0,0.0,0.0,0.0,0.0,0.0,0.0,-,0.0
2025,5,MAM,WR,Brandon Aiyuk,SF,@LAR,16,0.0,0.0,0.0,0.0,0.0,0.0,0.0,0.0,0.0,0.0,0.0,0.0,0.0,0.0,0.0,-,0.0
2025,5,MAM,WR,DJ Moore,CHI,BYE,---,0.0,0.0,0.0,0.0,0.0,0.0,0.0,0.0,0.0,0.0,0.0,0.0,0.0,0.0,0.0,-,0.0
2025,5,MAM,DST,Rams,LAR,SF,21,1.0,1.0,,,,,,,,,,,,,,,
2025,5,MAM,DST,Giants,NYG,@NO,17,,,,,,,,,,,,,,,,1.00,1.0
2025,5,MCM,RB,Kyren Williams,LAR,SF,12,0.0,0.0,0.0,0.0,0.0,14.0,65.0,0.0,4.0,10.0,8.0,66.0,2.0,3.0,1.0,30.10,30.1
2025,5,MCM,WR,Puka Nacua,LAR,SF,8,0.0,0.0,0.0,0.0,0.0,0.0,0.0,0.0,0.0,12.0,10.0,85.0,1.0,5.0,0.0,19.50,19.5
2025,5,MCM,QB,Daniel Jones,IND,LV,16,20.0,29.0,212.0,2.0,0.0,1.0,2.0,0.0,1.0,0.0,0.0,0.0,0.0,0.0,0.0,17.68,17.68
2025,5,MCM,WR,Jordan Addison,MIN,@CLE,19,0.0,0.0,0.0,0.0,0.0,0.0,0.0,0.0,0.0,6.0,5.0,41.0,1.0,3.0,0.0,13.10,13.1
2025,5,MCM,RB,Derrick Henry,BAL,HOU,8,0.0,0.0,0.0,0.0,0.0,15.0,33.0,1.0,3.0,1.0,0.0,0.0,0.0,0.0,0.0,12.30,12.3
2025,5,MCM,TE,Cade Otton,TB,@SEA,28,0.0,0.0,0.0,0.0,0.0,0.0,0.0,0.0,0.0,5.0,4.0,81.0,0.0,4.0,0.0,12.10,12.1
2025,5,MCM,WR,Tyquan Thornton,KC,@JAC,18,0.0,0.0,0.0,0.0,0.0,0.0,0.0,0.0,0.0,5.0,3.0,90.0,0.0,3.0,0.0,12.00,12.0
2025,5,MCM,WR,Khalil Shakir,BUF,NE,21,0.0,0.0,0.0,0.0,0.0,1.0,5.0,0.0,0.0,9.0,6.0,45.0,0.0,3.0,0.0,8.00,8.0
2025,5,MCM,QB,Geno Smith,LV,@IND,7,25.0,36.0,228.0,0.0,2.0,3.0,8.0,0.0,2.0,0.0,0.0,0.0,0.0,0.0,0.0,7.92,7.92
2025,5,MCM,WR,Jakobi Meyers,LV,@IND,27,0.0,0.0,0.0,0.0,0.0,0.0,0.0,0.0,0.0,6.0,4.0,32.0,0.0,2.0,0.0,5.20,5.2
2025,5,MCM,RB,Brashard Smith,KC,@JAC,14,0.0,0.0,0.0,0.0,0.0,1.0,4.0,0.0,0.0,3.0,3.0,32.0,0.0,1.0,0.0,4.60,4.6
2025,5,MCM,RB,Jeremy McNichols,WAS,@LAC,7,0.0,0.0,0.0,0.0,0.0,1.0,6.0,0.0,0.0,2.0,1.0,12.0,0.0,1.0,0.0,2.80,2.8
2025,5,MCM,RB,Ray Davis,BUF,NE,6,0.0,0.0,0.0,0.0,0.0,2.0,1.0,0.0,0.0,0.0,0.0,0.0,0.0,0.0,0.0,0.10,0.1
2025,5,MCM,QB,Shedeur Sanders,CLE,MIN,3,0.0,0.0,0.0,0.0,0.0,0.0,0.0,0.0,0.0,0.0,0.0,0.0,0.0,0.0,0.0,-,0.0
2025,5,MCM,RB,James Conner,ARI,TEN,29,0.0,0.0,0.0,0.0,0.0,0.0,0.0,0.0,0.0,0.0,0.0,0.0,0.0,0.0,0.0,-,0.0
2025,5,MCM,WR,Jauan Jennings,SF,@LAR,16,0.0,0.0,0.0,0.0,0.0,0.0,0.0,0.0,0.0,0.0,0.0,0.0,0.0,0.0,0.0,-,0.0
2025,5,MCM,TE,Jonnu Smith,PIT,BYE,---,0.0,0.0,0.0,0.0,0.0,0.0,0.0,0.0,0.0,0.0,0.0,0.0,0.0,0.0,0.0,-,0.0
2025,5,MCM,TE,Colston Loveland,CHI,BYE,---,0.0,0.0,0.0,0.0,0.0,0.0,0.0,0.0,0.0,0.0,0.0,0.0,0.0,0.0,0.0,-,0.0
2025,5,MCM,DST,Vikings,MIN,@CLE,30,,,,,,,,,,,,,,,,3.00,3.0
2025,5,MWM,WR,Jaylen Waddle,MIA,@CAR,2,0.0,0.0,0.0,0.0,0.0,0.0,0.0,0.0,0.0,9.0,6.0,110.0,1.0,6.0,0.0,23.00,23.0
2025,5,MWM,WR,Stefon Diggs,NE,@BUF,12,0.0,0.0,0.0,0.0,0.0,0.0,0.0,0.0,0.0,12.0,10.0,146.0,0.0,8.0,0.0,22.60,22.6
2025,5,MWM,RB,Kareem Hunt,KC,@JAC,14,0.0,0.0,0.0,0.0,0.0,7.0,49.0,2.0,3.0,1.0,1.0,8.0,0.0,0.0,0.0,20.70,20.7
2025,5,MWM,WR,Rashid Shaheed,NO,NYG,30,0.0,0.0,0.0,0.0,0.0,0.0,0.0,0.0,0.0,5.0,4.0,114.0,1.0,3.0,0.0,20.40,20.4
2025,5,MWM,QB,Jalen Hurts,PHI,DEN,2,23.0,38.0,280.0,2.0,0.0,2.0,3.0,0.0,0.0,0.0,0.0,0.0,0.0,0.0,0.0,19.50,19.5
2025,5,MWM,RB,Cam Skattebo,NYG,@NO,23,0.0,0.0,0.0,0.0,0.0,15.0,59.0,0.0,4.0,7.0,6.0,45.0,0.0,3.0,1.0,15.40,15.4
2025,5,MWM,RB,Nick Chubb,HOU,@BAL,30,0.0,0.0,0.0,0.0,0.0,11.0,61.0,1.0,3.0,1.0,0.0,0.0,0.0,0.0,0.0,15.10,15.1
2025,5,MWM,WR,Cooper Kupp,SEA,TB,14,0.0,0.0,0.0,0.0,0.0,0.0,0.0,0.0,0.0,9.0,6.0,59.0,0.0,4.0,0.0,9.90,9.9
2025,5,MWM,QB,Cam Ward,TEN,@ARI,4,21.0,39.0,265.0,0.0,1.0,5.0,-6.0,0.0,0.0,0.0,0.0,0.0,0.0,0.0,0.0,8.60,8.6
2025,5,MWM,RB,Jerome Ford,CLE,MIN,22,0.0,0.0,0.0,0.0,0.0,5.0,18.0,0.0,2.0,2.0,2.0,20.0,0.0,1.0,0.0,6.80,6.8
2025,5,MWM,TE,Mark Andrews,BAL,HOU,5,0.0,0.0,0.0,0.0,0.0,0.0,0.0,0.0,0.0,3.0,2.0,22.0,0.0,2.0,0.0,4.20,4.2
2025,5,MWM,TE,Terrance Ferguson,LAR,SF,19,0.0,0.0,0.0,0.0,0.0,0.0,0.0,0.0,0.0,1.0,1.0,21.0,0.0,1.0,0.0,3.10,3.1
2025,5,MWM,RB,Joe Mixon,HOU,@BAL,30,0.0,0.0,0.0,0.0,0.0,0.0,0.0,0.0,0.0,0.0,0.0,0.0,0.0,0.0,0.0,-,0.0
2025,5,MWM,RB,Tank Bigsby,PHI,DEN,11,0.0,0.0,0.0,0.0,0.0,0.0,0.0,0.0,0.0,0.0,0.0,0.0,0.0,0.0,0.0,0.00,0.0
2025,5,MWM,WR,Darnell Mooney,ATL,BYE,---,0.0,0.0,0.0,0.0,0.0,0.0,0.0,0.0,0.0,0.0,0.0,0.0,0.0,0.0,0.0,-,0.0
2025,5,MWM,QB,Russell Wilson,NYG,@NO,27,0.0,0.0,0.0,0.0,0.0,0.0,0.0,0.0,0.0,0.0,0.0,0.0,0.0,0.0,0.0,-,0.0
2025,5,MWM,TE,George Kittle,SF,@LAR,18,0.0,0.0,0.0,0.0,0.0,0.0,0.0,0.0,0.0,0.0,0.0,0.0,0.0,0.0,0.0,-,0.0
2025,5,MWM,WR,Christian Watson,GB,BYE,---,0.0,0.0,0.0,0.0,0.0,0.0,0.0,0.0,0.0,0.0,0.0,0.0,0.0,0.0,0.0,-,0.0
2025,5,MWM,DST,Lions,DET,@CIN,32,13.0,13.0,,,,,,,,,,,,,,,
2025,5,MWM,DST,Bills,BUF,NE,23,,,,,,,,,,,,,,,,6.00,6.0
2025,5,NN,QB,Dak Prescott,DAL,@NYJ,26,18.0,29.0,237.0,4.0,0.0,7.0,28.0,0.0,2.0,0.0,0.0,0.0,0.0,0.0,0.0,30.28,30.28
2025,5,NN,RB,Breece Hall,NYJ,DAL,28,0.0,0.0,0.0,0.0,0.0,14.0,113.0,0.0,6.0,5.0,4.0,42.0,0.0,1.0,1.0,20.50,20.5
2025,5,NN,TE,Jake Ferguson,DAL,@NYJ,25,0.0,0.0,0.0,0.0,0.0,0.0,0.0,0.0,0.0,9.0,7.0,49.0,2.0,3.0,0.0,19.90,19.9
2025,5,NN,RB,Quinshon Judkins,CLE,MIN,22,0.0,0.0,0.0,0.0,0.0,23.0,110.0,0.0,5.0,2.0,1.0,18.0,0.0,1.0,0.0,18.80,18.8
2025,5,NN,TE,Theo Johnson,NYG,@NO,29,0.0,0.0,0.0,0.0,0.0,0.0,0.0,0.0,0.0,7.0,6.0,33.0,2.0,3.0,0.0,18.30,18.3
2025,5,NN,WR,Justin Jefferson,MIN,@CLE,19,0.0,0.0,0.0,0.0,0.0,0.0,0.0,0.0,0.0,11.0,7.0,123.0,0.0,6.0,0.0,18.30,18.3
2025,5,NN,QB,Carson Wentz,MIN,@CLE,5,25.0,34.0,236.0,1.0,0.0,3.0,13.0,0.0,0.0,0.0,0.0,0.0,0.0,0.0,0.0,14.74,14.74
2025,5,NN,RB,Zach Charbonnet,SEA,TB,13,0.0,0.0,0.0,0.0,0.0,9.0,36.0,1.0,3.0,2.0,1.0,12.0,0.0,0.0,0.0,13.80,13.8
2025,5,NN,WR,Keon Coleman,BUF,NE,21,0.0,0.0,0.0,0.0,0.0,0.0,0.0,0.0,0.0,7.0,4.0,23.0,1.0,3.0,1.0,9.30,9.3
2025,5,NN,WR,Xavier Worthy,KC,@JAC,18,0.0,0.0,0.0,0.0,0.0,1.0,9.0,0.0,0.0,9.0,6.0,42.0,0.0,1.0,0.0,6.10,6.1
2025,5,NN,RB,Brian Robinson,SF,@LAR,3,0.0,0.0,0.0,0.0,0.0,5.0,12.0,0.0,2.0,0.0,0.0,0.0,0.0,0.0,0.0,3.20,3.2
2025,5,NN,WR,Dyami Brown,JAC,KC,7,0.0,0.0,0.0,0.0,0.0,0.0,0.0,0.0,0.0,4.0,2.0,15.0,0.0,1.0,0.0,2.50,2.5
2025,5,NN,WR,Jalen Coker,CAR,MIA,9,0.0,0.0,0.0,0.0,0.0,0.0,0.0,0.0,0.0,0.0,0.0,0.0,0.0,0.0,0.0,-,0.0
2025,5,NN,RB,Kyle Monangai,CHI,BYE,---,0.0,0.0,0.0,0.0,0.0,0.0,0.0,0.0,0.0,0.0,0.0,0.0,0.0,0.0,0.0,-,0.0
2025,5,NN,QB,Tyler Shough,NO,NYG,17,0.0,0.0,0.0,0.0,0.0,0.0,0.0,0.0,0.0,0.0,0.0,0.0,0.0,0.0,0.0,-,0.0
2025,5,NN,WR,Pat Bryant,DEN,@PHI,13,0.0,0.0,0.0,0.0,0.0,0.0,0.0,0.0,0.0,0.0,0.0,0.0,0.0,0.0,0.0,0.00,0.0
2025,5,NN,WR,Malik Nabers,NYG,@NO,6,0.0,0.0,0.0,0.0,0.0,0.0,0.0,0.0,0.0,0.0,0.0,0.0,0.0,0.0,0.0,-,0.0
2025,5,NN,RB,Tyler Allgeier,ATL,BYE,---,0.0,0.0,0.0,0.0,0.0,0.0,0.0,0.0,0.0,0.0,0.0,0.0,0.0,0.0,0.0,-,0.0
2025,5,NN,QB,Joe Burrow,CIN,DET,15,0.0,0.0,0.0,0.0,0.0,0.0,0.0,0.0,0.0,0.0,0.0,0.0,0.0,0.0,0.0,-,0.0
2025,5,NN,RB,Braelon Allen,NYJ,DAL,28,0.0,0.0,0.0,0.0,0.0,0.0,0.0,0.0,0.0,0.0,0.0,0.0,0.0,0.0,0.0,-,0.0
2025,5,NN,DST,Colts,IND,LV,31,,,,,,,,,,,,,,,,18.00,18.0
2025,5,VD,QB,Justin Fields,NYJ,DAL,32,32.0,46.0,283.0,2.0,0.0,7.0,26.0,0.0,3.0,0.0,0.0,0.0,0.0,0.0,0.0,28.92,28.92
2025,5,VD,QB,Baker Mayfield,TB,@SEA,11,29.0,33.0,379.0,2.0,0.0,5.0,15.0,0.0,1.0,0.0,0.0,0.0,0.0,0.0,0.0,27.66,27.66
2025,5,VD,WR,Marvin Harrison,ARI,TEN,22,0.0,0.0,0.0,0.0,0.0,0.0,0.0,0.0,0.0,5.0,4.0,98.0,0.0,4.0,0.0,13.80,13.8
2025,5,VD,WR,Ladd McConkey,LAC,WAS,25,0.0,0.0,0.0,0.0,0.0,0.0,0.0,0.0,0.0,7.0,5.0,39.0,1.0,3.0,0.0,12.90,12.9
2025,5,VD,WR,Michael Pittman,IND,LV,28,0.0,0.0,0.0,0.0,0.0,0.0,0.0,0.0,0.0,6.0,5.0,39.0,1.0,3.0,0.0,12.90,12.9
2025,5,VD,QB,Bryce Young,CAR,MIA,30,19.0,30.0,198.0,2.0,1.0,3.0,1.0,0.0,0.0,0.0,0.0,0.0,0.0,0.0,1.0,12.02,12.02
2025,5,VD,RB,Omarion Hampton,LAC,WAS,10,0.0,0.0,0.0,0.0,0.0,12.0,44.0,0.0,2.0,6.0,6.0,26.0,0.0,1.0,0.0,10.00,10.0
2025,5,VD,WR,Jaylin Noel,HOU,@BAL,31,0.0,0.0,0.0,0.0,0.0,1.0,5.0,0.0,0.0,3.0,2.0,13.0,1.0,1.0,0.0,8.80,8.8
2025,5,VD,TE,Chigoziem Okonkwo,TEN,@ARI,20,0.0,0.0,0.0,0.0,0.0,0.0,0.0,0.0,0.0,5.0,4.0,48.0,0.0,3.0,0.0,7.80,7.8
2025,5,VD,WR,Chris Godwin,TB,@SEA,11,0.0,0.0,0.0,0.0,0.0,0.0,0.0,0.0,0.0,4.0,3.0,26.0,0.0,2.0,0.0,4.60,4.6
2025,5,VD,TE,Juwan Johnson,NO,NYG,9,0.0,0.0,0.0,0.0,0.0,0.0,0.0,0.0,0.0,4.0,2.0,17.0,0.0,1.0,0.0,2.70,2.7
2025,5,VD,QB,Anthony Richardson,IND,LV,16,1.0,2.0,9.0,0.0,0.0,0.0,0.0,0.0,0.0,1.0,1.0,9.0,0.0,1.0,0.0,2.26,2.26
2025,5,VD,RB,Ollie Gordon,MIA,@CAR,16,0.0,0.0,0.0,0.0,0.0,3.0,-2.0,0.0,0.0,0.0,0.0,0.0,0.0,0.0,0.0,0.00,0.0
2025,5,VD,WR,Rome Odunze,CHI,BYE,---,0.0,0.0,0.0,0.0,0.0,0.0,0.0,0.0,0.0,0.0,0.0,0.0,0.0,0.0,0.0,-,0.0
2025,5,VD,WR,Tyreek Hill,MIA,@CAR,2,0.0,0.0,0.0,0.0,0.0,0.0,0.0,0.0,0.0,0.0,0.0,0.0,0.0,0.0,0.0,-,0.0
2025,5,VD,RB,Bucky Irving,TB,@SEA,17,0.0,0.0,0.0,0.0,0.0,0.0,0.0,0.0,0.0,0.0,0.0,0.0,0.0,0.0,0.0,-,0.0
2025,5,VD,TE,Kyle Pitts,ATL,BYE,---,0.0,0.0,0.0,0.0,0.0,0.0,0.0,0.0,0.0,0.0,0.0,0.0,0.0,0.0,0.0,-,0.0
2025,5,VD,RB,Kaleb Johnson,PIT,BYE,---,0.0,0.0,0.0,0.0,0.0,0.0,0.0,0.0,0.0,0.0,0.0,0.0,0.0,0.0,0.0,-,0.0
2025,5,VD,RB,Trey Benson,ARI,TEN,29,0.0,0.0,0.0,0.0,0.0,0.0,0.0,0.0,0.0,0.0,0.0,0.0,0.0,0.0,0.0,-,0.0
2025,5,VD,RB,Bijan Robinson,ATL,BYE,---,0.0,0.0,0.0,0.0,0.0,0.0,0.0,0.0,0.0,0.0,0.0,0.0,0.0,0.0,0.0,-,0.0
2025,5,VD,DST,Cardinals,ARI,TEN,26,,,,,,,,,,,,,,,,8.00,8.0
2025,5,WLW,RB,Rico Dowdle,CAR,MIA,27,0.0,0.0,0.0,0.0,0.0,23.0,206.0,1.0,7.0,4.0,3.0,28.0,0.0,1.0,0.0,37.40,37.4
2025,5,WLW,QB,CJ Stroud,HOU,@BAL,31,23.0,27.0,244.0,4.0,0.0,1.0,30.0,0.0,1.0,0.0,0.0,0.0,0.0,0.0,0.0,29.76,29.76
2025,5,WLW,QB,Jared Goff,DET,@CIN,21,19.0,23.0,258.0,3.0,0.0,2.0,-2.0,0.0,0.0,0.0,0.0,0.0,0.0,0.0,1.0,20.32,20.32
2025,5,WLW,RB,JK Dobbins,DEN,@PHI,26,0.0,0.0,0.0,0.0,0.0,20.0,79.0,1.0,5.0,1.0,1.0,5.0,0.0,0.0,0.0,19.40,19.4
2025,5,WLW,TE,Sam LaPorta,DET,@CIN,31,0.0,0.0,0.0,0.0,0.0,0.0,0.0,0.0,0.0,6.0,5.0,92.0,1.0,4.0,0.0,19.20,19.2
2025,5,WLW,RB,Tony Pollard,TEN,@ARI,20,0.0,0.0,0.0,0.0,0.0,14.0,67.0,1.0,4.0,3.0,3.0,11.0,0.0,0.0,1.0,15.80,15.8
2025,5,WLW,WR,Nico Collins,HOU,@BAL,31,0.0,0.0,0.0,0.0,0.0,1.0,8.0,0.0,0.0,5.0,4.0,52.0,1.0,2.0,0.0,14.00,14.0
2025,5,WLW,WR,Travis Hunter,JAC,KC,7,0.0,0.0,0.0,0.0,0.0,0.0,0.0,0.0,0.0,3.0,3.0,64.0,0.0,2.0,0.0,8.40,8.4
2025,5,WLW,WR,Christian Kirk,HOU,@BAL,31,0.0,0.0,0.0,0.0,0.0,0.0,0.0,0.0,0.0,4.0,4.0,64.0,0.0,2.0,0.0,8.40,8.4
2025,5,WLW,WR,Marquise Brown,KC,@JAC,18,0.0,0.0,0.0,0.0,0.0,0.0,0.0,0.0,0.0,8.0,4.0,48.0,0.0,3.0,0.0,7.80,7.8
2025,5,WLW,RB,Chase Brown,CIN,DET,5,0.0,0.0,0.0,0.0,0.0,8.0,27.0,0.0,0.0,8.0,7.0,21.0,0.0,0.0,0.0,4.80,4.8
2025,5,WLW,WR,CeeDee Lamb,DAL,@NYJ,24,0.0,0.0,0.0,0.0,0.0,0.0,0.0,0.0,0.0,0.0,0.0,0.0,0.0,0.0,0.0,-,0.0
2025,5,WLW,WR,Rashod Bateman,BAL,HOU,5,0.0,0.0,0.0,0.0,0.0,0.0,0.0,0.0,0.0,3.0,0.0,0.0,0.0,0.0,0.0,0.00,0.0
2025,5,WLW,RB,Chuba Hubbard,CAR,MIA,27,0.0,0.0,0.0,0.0,0.0,0.0,0.0,0.0,0.0,0.0,0.0,0.0,0.0,0.0,0.0,-,0.0
2025,5,WLW,RB,Devin Neal,NO,NYG,25,0.0,0.0,0.0,0.0,0.0,0.0,0.0,0.0,0.0,0.0,0.0,0.0,0.0,0.0,0.0,-,0.0
2025,5,WLW,WR,Alec Pierce,IND,LV,28,0.0,0.0,0.0,0.0,0.0,0.0,0.0,0.0,0.0,0.0,0.0,0.0,0.0,0.0,0.0,-,0.0
2025,5,WLW,QB,Lamar Jackson,BAL,HOU,1,0.0,0.0,0.0,0.0,0.0,0.0,0.0,0.0,0.0,0.0,0.0,0.0,0.0,0.0,0.0,-,0.0
2025,5,WLW,TE,Ja'Tavion Sanders,CAR,MIA,27,0.0,0.0,0.0,0.0,0.0,0.0,0.0,0.0,0.0,0.0,0.0,0.0,0.0,0.0,0.0,-,0.0
2025,5,WLW,DST,Broncos,DEN,@PHI,8,,,,,,,,,,,,,,,,7.00,7.0
2025,6,AFL,QB,Jayden Daniels,WAS,CHI,26,19.0,26.0,211.0,3.0,1.0,10.0,52.0,0.0,2.0,0.0,0.0,0.0,0.0,0.0,1.0,23.64,23.64
2025,6,AFL,TE,Dallas Goedert,PHI,@NYG,13,0.0,0.0,0.0,0.0,0.0,0.0,0.0,0.0,0.0,11.0,9.0,110.0,1.0,6.0,0.0,23.00,23.0
2025,6,AFL,WR,Tee Higgins,CIN,@GB,22,0.0,0.0,0.0,0.0,0.0,0.0,0.0,0.0,0.0,8.0,5.0,62.0,0.0,5.0,0.0,11.20,11.2
2025,6,AFL,WR,AJ Brown,PHI,@NYG,29,0.0,0.0,0.0,0.0,0.0,0.0,0.0,0.0,0.0,9.0,6.0,80.0,0.0,3.0,0.0,11.00,11.0
2025,6,AFL,RB,Sean Tucker,TB,SF,20,0.0,0.0,0.0,0.0,0.0,6.0,25.0,1.0,2.0,0.0,0.0,0.0,0.0,0.0,0.0,10.50,10.5
2025,6,AFL,RB,Jahmyr Gibbs,DET,@KC,14,0.0,0.0,0.0,0.0,0.0,17.0,65.0,0.0,3.0,2.0,1.0,0.0,0.0,0.0,0.0,9.50,9.5
2025,6,AFL,RB,Travis Etienne,JAC,SEA,11,0.0,0.0,0.0,0.0,0.0,12.0,27.0,0.0,1.0,5.0,4.0,28.0,0.0,1.0,0.0,7.50,7.5
2025,6,AFL,WR,Keenan Allen,LAC,@MIA,9,0.0,0.0,0.0,0.0,0.0,0.0,0.0,0.0,0.0,7.0,4.0,27.0,0.0,2.0,0.0,4.70,4.7
2025,6,AFL,RB,Trevor Etienne,CAR,DAL,31,0.0,0.0,0.0,0.0,0.0,3.0,17.0,0.0,3.0,0.0,0.0,0.0,0.0,0.0,0.0,4.70,4.7
2025,6,AFL,WR,Zay Flowers,BAL,LAR,8,0.0,0.0,0.0,0.0,0.0,0.0,0.0,0.0,0.0,10.0,6.0,46.0,0.0,2.0,1.0,4.60,4.6
2025,6,AFL,WR,DeAndre Hopkins,BAL,LAR,8,0.0,0.0,0.0,0.0,0.0,0.0,0.0,0.0,0.0,4.0,2.0,20.0,0.0,2.0,0.0,4.00,4.0
2025,6,AFL,WR,Emeka Egbuka,TB,SF,12,0.0,0.0,0.0,0.0,0.0,0.0,0.0,0.0,0.0,4.0,2.0,24.0,0.0,1.0,0.0,3.40,3.4
2025,6,AFL,RB,Dylan Sampson,CLE,@PIT,19,0.0,0.0,0.0,0.0,0.0,3.0,12.0,0.0,0.0,2.0,2.0,12.0,0.0,1.0,0.0,3.40,3.4
2025,6,AFL,RB,Rhamondre Stevenson,NE,@NO,15,0.0,0.0,0.0,0.0,0.0,13.0,18.0,0.0,1.0,1.0,0.0,0.0,0.0,0.0,0.0,2.80,2.8
2025,6,AFL,RB,Aaron Jones,MIN,BYE,---,0.0,0.0,0.0,0.0,0.0,0.0,0.0,0.0,0.0,0.0,0.0,0.0,0.0,0.0,0.0,-,0.0
2025,6,AFL,WR,Quentin Johnston,LAC,@MIA,9,0.0,0.0,0.0,0.0,0.0,0.0,0.0,0.0,0.0,0.0,0.0,0.0,0.0,0.0,0.0,-,0.0
2025,6,AFL,TE,Brock Bowers,LV,TEN,8,0.0,0.0,0.0,0.0,0.0,0.0,0.0,0.0,0.0,0.0,0.0,0.0,0.0,0.0,0.0,-,0.0
2025,6,AFL,QB,Kyler Murray,ARI,@IND,10,0.0,0.0,0.0,0.0,0.0,0.0,0.0,0.0,0.0,0.0,0.0,0.0,0.0,0.0,0.0,-,0.0
2025,6,AFL,WR,Adonai Mitchell,IND,ARI,14,0.0,0.0,0.0,0.0,0.0,0.0,0.0,0.0,0.0,0.0,0.0,0.0,0.0,0.0,0.0,-,0.0
2025,6,AFL,DST,Chargers,LAC,@MIA,22,,,,,,,,,,,,,,,,11.00,11.0
2025,6,CC,QB,Drake Maye,NE,@NO,30,18.0,26.0,261.0,3.0,0.0,9.0,28.0,0.0,3.0,0.0,0.0,0.0,0.0,0.0,0.0,30.24,30.24
2025,6,CC,RB,Rachaad White,TB,SF,20,0.0,0.0,0.0,0.0,0.0,17.0,65.0,1.0,6.0,3.0,3.0,21.0,0.0,1.0,0.0,21.60,21.6
2025,6,CC,WR,Brian Thomas,JAC,SEA,18,0.0,0.0,0.0,0.0,0.0,0.0,0.0,0.0,0.0,10.0,8.0,90.0,1.0,5.0,0.0,20.00,20.0
2025,6,CC,WR,DK Metcalf,PIT,CLE,20,0.0,0.0,0.0,0.0,0.0,0.0,0.0,0.0,0.0,9.0,4.0,95.0,1.0,4.0,0.0,19.50,19.5
2025,6,CC,QB,Joe Flacco,CIN,@GB,12,29.0,45.0,219.0,2.0,0.0,0.0,0.0,0.0,0.0,0.0,0.0,0.0,0.0,0.0,0.0,18.76,18.76
2025,6,CC,QB,Aaron Rodgers,PIT,CLE,4,21.0,30.0,235.0,2.0,0.0,1.0,1.0,0.0,0.0,0.0,0.0,0.0,0.0,0.0,0.0,17.50,17.5
2025,6,CC,TE,Trey McBride,ARI,@IND,19,0.0,0.0,0.0,0.0,0.0,0.0,0.0,0.0,0.0,11.0,8.0,72.0,1.0,4.0,0.0,17.20,17.2
2025,6,CC,RB,James Cook,BUF,@ATL,3,0.0,0.0,0.0,0.0,0.0,17.0,87.0,0.0,5.0,0.0,0.0,0.0,0.0,0.0,0.0,13.70,13.7
2025,6,CC,TE,Zach Ertz,WAS,CHI,10,0.0,0.0,0.0,0.0,0.0,0.0,0.0,0.0,0.0,6.0,6.0,43.0,1.0,3.0,0.0,13.30,13.3
2025,6,CC,RB,David Montgomery,DET,@KC,13,0.0,0.0,0.0,0.0,0.0,4.0,24.0,0.0,1.0,2.0,2.0,37.0,0.0,2.0,0.0,9.10,9.1
2025,6,CC,WR,Amon-Ra St Brown,DET,@KC,7,0.0,0.0,0.0,0.0,0.0,1.0,2.0,0.0,0.0,10.0,9.0,45.0,0.0,3.0,0.0,7.70,7.7
2025,6,CC,RB,TreVeyon Henderson,NE,@NO,15,0.0,0.0,0.0,0.0,0.0,9.0,27.0,0.0,1.0,2.0,1.0,9.0,0.0,0.0,0.0,4.60,4.6
2025,6,CC,WR,Tre Harris,LAC,@MIA,9,0.0,0.0,0.0,0.0,0.0,0.0,0.0,0.0,0.0,5.0,4.0,27.0,0.0,1.0,0.0,3.70,3.7
2025,6,CC,TE,Mason Taylor,NYJ,DEN,5,0.0,0.0,0.0,0.0,0.0,0.0,0.0,0.0,0.0,1.0,1.0,2.0,0.0,0.0,0.0,0.20,0.2
2025,6,CC,RB,Najee Harris,LAC,@MIA,26,0.0,0.0,0.0,0.0,0.0,0.0,0.0,0.0,0.0,0.0,0.0,0.0,0.0,0.0,0.0,-,0.0
2025,6,CC,WR,Ricky Pearsall,SF,@TB,16,0.0,0.0,0.0,0.0,0.0,0.0,0.0,0.0,0.0,0.0,0.0,0.0,0.0,0.0,0.0,-,0.0
2025,6,CC,WR,Calvin Austin,PIT,CLE,20,0.0,0.0,0.0,0.0,0.0,0.0,0.0,0.0,0.0,0.0,0.0,0.0,0.0,0.0,0.0,-,0.0
2025,6,CC,QB,Brock Purdy,SF,@TB,25,0.0,0.0,0.0,0.0,0.0,0.0,0.0,0.0,0.0,0.0,0.0,0.0,0.0,0.0,0.0,-,0.0
2025,6,CC,DST,Seahawks,SEA,@JAC,15,,,,,,,,,,,,,,,,11.00,11.0
2025,6,CRB,RB,De'Von Achane,MIA,LAC,18,0.0,0.0,0.0,0.0,0.0,16.0,128.0,2.0,6.0,6.0,4.0,22.0,0.0,1.0,0.0,34.00,34.0
2025,6,CRB,WR,George Pickens,DAL,@CAR,4,0.0,0.0,0.0,0.0,0.0,0.0,0.0,0.0,0.0,11.0,9.0,168.0,1.0,7.0,0.0,29.80,29.8
2025,6,CRB,RB,Jonathan Taylor,IND,ARI,24,0.0,0.0,0.0,0.0,0.0,21.0,123.0,1.0,7.0,4.0,4.0,14.0,0.0,1.0,0.0,27.70,27.7
2025,6,CRB,WR,Tetairoa McMillan,CAR,DAL,32,0.0,0.0,0.0,0.0,0.0,0.0,0.0,0.0,0.0,5.0,3.0,29.0,2.0,3.0,0.0,17.90,17.9
2025,6,CRB,QB,Josh Allen,BUF,@ATL,5,15.0,26.0,180.0,2.0,2.0,6.0,42.0,0.0,2.0,0.0,0.0,0.0,0.0,0.0,0.0,17.40,17.4
2025,6,CRB,QB,Bo Nix,DEN,@NYJ,23,19.0,30.0,174.0,1.0,0.0,5.0,24.0,0.0,1.0,0.0,0.0,0.0,0.0,0.0,0.0,14.36,14.36
2025,6,CRB,WR,DeVonta Smith,PHI,@NYG,29,0.0,0.0,0.0,0.0,0.0,0.0,0.0,0.0,0.0,5.0,4.0,49.0,0.0,4.0,0.0,8.90,8.9
2025,6,CRB,QB,Dillon Gabriel,CLE,@PIT,28,29.0,52.0,221.0,0.0,0.0,0.0,0.0,0.0,0.0,0.0,0.0,0.0,0.0,0.0,0.0,8.84,8.84
2025,6,CRB,RB,Jacory Croskey-Merritt,WAS,CHI,29,0.0,0.0,0.0,0.0,0.0,17.0,61.0,0.0,4.0,1.0,1.0,7.0,0.0,0.0,1.0,8.80,8.8
2025,6,CRB,WR,Jaylin Lane,WAS,CHI,27,0.0,0.0,0.0,0.0,0.0,1.0,7.0,0.0,0.0,2.0,1.0,37.0,0.0,1.0,0.0,5.40,5.4
2025,6,CRB,TE,Hunter Henry,NE,@NO,23,0.0,0.0,0.0,0.0,0.0,0.0,0.0,0.0,0.0,3.0,3.0,27.0,0.0,1.0,0.0,3.70,3.7
2025,6,CRB,WR,Courtland Sutton,DEN,@NYJ,15,0.0,0.0,0.0,0.0,0.0,0.0,0.0,0.0,0.0,3.0,1.0,17.0,0.0,1.0,0.0,2.70,2.7
2025,6,CRB,RB,Emari Demercado,ARI,@IND,12,0.0,0.0,0.0,0.0,0.0,1.0,1.0,0.0,0.0,1.0,0.0,0.0,0.0,0.0,0.0,0.10,0.1
2025,6,CRB,TE,TJ Hockenson,MIN,BYE,---,0.0,0.0,0.0,0.0,0.0,0.0,0.0,0.0,0.0,0.0,0.0,0.0,0.0,0.0,0.0,-,0.0
2025,6,CRB,WR,Adam Thielen,MIN,BYE,---,0.0,0.0,0.0,0.0,0.0,0.0,0.0,0.0,0.0,0.0,0.0,0.0,0.0,0.0,0.0,-,0.0
2025,6,CRB,DST,Commanders,WAS,CHI,8,4.0,4.0,,,,,,,,,,,,,,,
2025,6,CRB,DST,Eagles,PHI,@NYG,25,,,,,,,,,,,,,,,,1.00,1.0
2025,6,ELP,QB,Patrick Mahomes,KC,DET,24,22.0,30.0,257.0,3.0,0.0,10.0,32.0,1.0,3.0,0.0,0.0,0.0,0.0,0.0,0.0,34.48,34.48
2025,6,ELP,QB,Jaxson Dart,NYG,PHI,20,17.0,25.0,195.0,1.0,0.0,13.0,58.0,1.0,5.0,0.0,0.0,0.0,0.0,0.0,0.0,28.60,28.6
2025,6,ELP,WR,Kendrick Bourne,SF,@TB,16,0.0,0.0,0.0,0.0,0.0,0.0,0.0,0.0,0.0,9.0,5.0,142.0,0.0,4.0,0.0,18.20,18.2
2025,6,ELP,WR,Jameson Williams,DET,@KC,7,0.0,0.0,0.0,0.0,0.0,0.0,0.0,0.0,0.0,7.0,6.0,66.0,1.0,5.0,0.0,17.60,17.6
2025,6,ELP,TE,Tyler Warren,IND,ARI,27,0.0,0.0,0.0,0.0,0.0,0.0,0.0,0.0,0.0,9.0,6.0,63.0,1.0,4.0,0.0,16.30,16.3
2025,6,ELP,WR,Matthew Golden,GB,CIN,24,0.0,0.0,0.0,0.0,0.0,2.0,16.0,0.0,2.0,5.0,3.0,86.0,0.0,3.0,0.0,15.20,15.2
2025,6,ELP,QB,Spencer Rattler,NO,NE,14,20.0,26.0,227.0,0.0,0.0,4.0,20.0,0.0,3.0,0.0,0.0,0.0,0.0,0.0,0.0,14.08,14.08
2025,6,ELP,RB,Isiah Pacheco,KC,DET,4,0.0,0.0,0.0,0.0,0.0,12.0,51.0,0.0,3.0,3.0,1.0,0.0,0.0,0.0,0.0,8.10,8.1
2025,6,ELP,WR,Luther Burden,CHI,@WAS,23,0.0,0.0,0.0,0.0,0.0,0.0,0.0,0.0,0.0,4.0,4.0,51.0,0.0,1.0,0.0,6.10,6.1
2025,6,ELP,RB,Kenneth Walker,SEA,@JAC,9,0.0,0.0,0.0,0.0,0.0,10.0,34.0,0.0,1.0,1.0,1.0,3.0,0.0,0.0,0.0,4.70,4.7
2025,6,ELP,RB,Javonte Williams,DAL,@CAR,10,0.0,0.0,0.0,0.0,0.0,13.0,29.0,0.0,1.0,8.0,5.0,5.0,0.0,0.0,0.0,4.40,4.4
2025,6,ELP,WR,Malik Washington,MIA,LAC,3,0.0,0.0,0.0,0.0,0.0,1.0,1.0,0.0,0.0,5.0,4.0,22.0,0.0,2.0,0.0,4.30,4.3
2025,6,ELP,RB,Tyrone Tracy,NYG,PHI,27,0.0,0.0,0.0,0.0,0.0,4.0,6.0,0.0,0.0,0.0,0.0,0.0,0.0,0.0,0.0,0.60,0.6
2025,6,ELP,WR,Isaac TeSlaa,DET,@KC,7,0.0,0.0,0.0,0.0,0.0,0.0,0.0,0.0,0.0,0.0,0.0,0.0,0.0,0.0,0.0,0.00,0.0
2025,6,ELP,RB,Jordan Mason,MIN,BYE,---,0.0,0.0,0.0,0.0,0.0,0.0,0.0,0.0,0.0,0.0,0.0,0.0,0.0,0.0,0.0,-,0.0
2025,6,ELP,WR,Jayden Reed,GB,CIN,24,0.0,0.0,0.0,0.0,0.0,0.0,0.0,0.0,0.0,0.0,0.0,0.0,0.0,0.0,0.0,-,0.0
2025,6,ELP,WR,Mike Evans,TB,SF,12,0.0,0.0,0.0,0.0,0.0,0.0,0.0,0.0,0.0,0.0,0.0,0.0,0.0,0.0,0.0,-,0.0
2025,6,ELP,RB,Jaydon Blue,DAL,@CAR,10,0.0,0.0,0.0,0.0,0.0,3.0,0.0,0.0,0.0,0.0,0.0,0.0,0.0,0.0,0.0,0.00,0.0
2025,6,ELP,DST,Packers,GB,CIN,29,2.0,2.0,,,,,,,,,,,,,,,
2025,6,ELP,DST,Texans,HOU,BYE,---,,,,,,,,,,,,,,,,-,0.0
2025,6,FRR,RB,D'Andre Swift,CHI,@WAS,21,0.0,0.0,0.0,0.0,0.0,14.0,108.0,0.0,6.0,3.0,2.0,67.0,1.0,2.0,0.0,31.50,31.5
2025,6,FRR,WR,Drake London,ATL,BUF,11,0.0,0.0,0.0,0.0,0.0,0.0,0.0,0.0,0.0,16.0,10.0,158.0,1.0,7.0,0.0,28.80,28.8
2025,6,FRR,RB,Christian McCaffrey,SF,@TB,14,0.0,0.0,0.0,0.0,0.0,17.0,54.0,1.0,4.0,8.0,7.0,57.0,0.0,1.0,0.0,22.10,22.1
2025,6,FRR,QB,Sam Darnold,SEA,@JAC,22,16.0,27.0,295.0,2.0,0.0,4.0,2.0,0.0,1.0,0.0,0.0,0.0,0.0,0.0,0.0,21.00,21.0
2025,6,FRR,WR,Ja'Marr Chase,CIN,@GB,22,0.0,0.0,0.0,0.0,0.0,1.0,-3.0,0.0,0.0,12.0,10.0,94.0,1.0,5.0,0.0,20.40,20.4
2025,6,FRR,TE,Travis Kelce,KC,DET,18,0.0,0.0,0.0,0.0,0.0,0.0,0.0,0.0,0.0,7.0,6.0,78.0,0.0,6.0,0.0,13.80,13.8
2025,6,FRR,WR,Chris Olave,NO,NE,19,0.0,0.0,0.0,0.0,0.0,0.0,0.0,0.0,0.0,10.0,6.0,98.0,0.0,3.0,0.0,12.80,12.8
2025,6,FRR,RB,Michael Carter,ARI,@IND,11,0.0,0.0,0.0,0.0,0.0,9.0,34.0,0.0,1.0,5.0,2.0,30.0,0.0,2.0,0.0,9.40,9.4
2025,6,FRR,QB,Matthew Stafford,LAR,@BAL,29,17.0,26.0,181.0,1.0,0.0,4.0,1.0,0.0,0.0,0.0,0.0,0.0,0.0,0.0,1.0,9.34,9.34
2025,6,FRR,TE,Darren Waller,MIA,LAC,7,0.0,0.0,0.0,0.0,0.0,0.0,0.0,0.0,0.0,3.0,2.0,12.0,1.0,1.0,0.0,8.20,8.2
2025,6,FRR,QB,Tua Tagovailoa,MIA,LAC,11,21.0,32.0,205.0,1.0,3.0,1.0,4.0,0.0,0.0,0.0,0.0,0.0,0.0,0.0,0.0,6.60,6.6
2025,6,FRR,RB,Hassan Haskins,LAC,@MIA,26,0.0,0.0,0.0,0.0,0.0,6.0,14.0,0.0,2.0,1.0,1.0,9.0,0.0,0.0,0.0,4.30,4.3
2025,6,FRR,RB,Blake Corum,LAR,@BAL,30,0.0,0.0,0.0,0.0,0.0,5.0,23.0,0.0,1.0,0.0,0.0,0.0,0.0,0.0,0.0,3.30,3.3
2025,6,FRR,WR,Calvin Ridley,TEN,@LV,25,0.0,0.0,0.0,0.0,0.0,0.0,0.0,0.0,0.0,1.0,1.0,18.0,0.0,1.0,0.0,2.80,2.8
2025,6,FRR,RB,Brian Robinson Dead Cap,SF,0,0,0.0,0.0,0.0,0.0,0.0,0.0,0.0,0.0,0.0,0.0,0.0,0.0,0.0,0.0,0.0,-,0.0
2025,6,FRR,WR,Terry McLaurin,WAS,CHI,27,0.0,0.0,0.0,0.0,0.0,0.0,0.0,0.0,0.0,0.0,0.0,0.0,0.0,0.0,0.0,-,0.0
2025,6,FRR,QB,Jalen Milroe,SEA,@JAC,22,0.0,0.0,0.0,0.0,0.0,0.0,0.0,0.0,0.0,0.0,0.0,0.0,0.0,0.0,0.0,-,0.0
2025,6,FRR,RB,Woody Marks,HOU,BYE,---,0.0,0.0,0.0,0.0,0.0,0.0,0.0,0.0,0.0,0.0,0.0,0.0,0.0,0.0,0.0,-,0.0
2025,6,FRR,WR,Jayden Higgins,HOU,BYE,---,0.0,0.0,0.0,0.0,0.0,0.0,0.0,0.0,0.0,0.0,0.0,0.0,0.0,0.0,0.0,-,0.0
2025,6,FRR,DST,Steelers,PIT,CLE,31,,,,,,,,,,,,,,,,12.00,12.0
2025,6,GF,RB,Josh Jacobs,GB,CIN,32,0.0,0.0,0.0,0.0,0.0,18.0,93.0,2.0,7.0,5.0,5.0,57.0,0.0,1.0,0.0,35.00,35.0
2025,6,GF,WR,Jaxon Smith-Njigba,SEA,@JAC,26,0.0,0.0,0.0,0.0,0.0,0.0,0.0,0.0,0.0,13.0,8.0,162.0,1.0,6.0,0.0,28.20,28.2
2025,6,GF,QB,Trevor Lawrence,JAC,SEA,15,27.0,42.0,258.0,2.0,0.0,3.0,9.0,0.0,1.0,0.0,0.0,0.0,0.0,0.0,0.0,20.22,20.22
2025,6,GF,RB,Ashton Jeanty,LV,TEN,28,0.0,0.0,0.0,0.0,0.0,23.0,75.0,1.0,4.0,4.0,2.0,11.0,0.0,0.0,0.0,18.60,18.6
2025,6,GF,QB,Jordan Love,GB,CIN,19,19.0,26.0,259.0,1.0,1.0,7.0,26.0,0.0,3.0,0.0,0.0,0.0,0.0,0.0,0.0,17.96,17.96
2025,6,GF,WR,Wan'Dale Robinson,NYG,PHI,13,0.0,0.0,0.0,0.0,0.0,0.0,0.0,0.0,0.0,7.0,6.0,84.0,1.0,3.0,0.0,17.40,17.4
2025,6,GF,QB,Michael Penix,ATL,BUF,17,20.0,32.0,250.0,1.0,0.0,2.0,6.0,0.0,0.0,0.0,0.0,0.0,0.0,0.0,0.0,14.60,14.6
2025,6,GF,TE,Harold Fannin,CLE,@PIT,31,0.0,0.0,0.0,0.0,0.0,0.0,0.0,0.0,0.0,10.0,7.0,81.0,0.0,3.0,0.0,11.10,11.1
2025,6,GF,RB,Jaylen Warren,PIT,CLE,1,0.0,0.0,0.0,0.0,0.0,11.0,52.0,0.0,3.0,2.0,2.0,11.0,0.0,1.0,0.0,10.30,10.3
2025,6,GF,WR,Romeo Doubs,GB,CIN,24,0.0,0.0,0.0,0.0,0.0,0.0,0.0,0.0,0.0,9.0,5.0,55.0,0.0,4.0,0.0,9.50,9.5
2025,6,GF,RB,Tyjae Spears,TEN,@LV,16,0.0,0.0,0.0,0.0,0.0,5.0,31.0,0.0,2.0,4.0,4.0,19.0,0.0,0.0,0.0,7.00,7.0
2025,6,GF,WR,Davante Adams,LAR,@BAL,31,0.0,0.0,0.0,0.0,0.0,0.0,0.0,0.0,0.0,9.0,4.0,39.0,0.0,3.0,0.0,6.90,6.9
2025,6,GF,TE,Jake Tonges,SF,@TB,20,0.0,0.0,0.0,0.0,0.0,0.0,0.0,0.0,0.0,7.0,6.0,58.0,0.0,1.0,0.0,6.80,6.8
2025,6,GF,WR,Deebo Samuel,WAS,CHI,27,0.0,0.0,0.0,0.0,0.0,1.0,-1.0,0.0,0.0,5.0,4.0,15.0,0.0,1.0,0.0,2.50,2.5
2025,6,GF,QB,JJ McCarthy,MIN,BYE,---,0.0,0.0,0.0,0.0,0.0,0.0,0.0,0.0,0.0,0.0,0.0,0.0,0.0,0.0,0.0,-,0.0
2025,6,GF,TE,Dalton Kincaid,BUF,@ATL,1,0.0,0.0,0.0,0.0,0.0,0.0,0.0,0.0,0.0,0.0,0.0,0.0,0.0,0.0,0.0,-,0.0
2025,6,GF,RB,MarShawn Lloyd,GB,CIN,32,0.0,0.0,0.0,0.0,0.0,0.0,0.0,0.0,0.0,0.0,0.0,0.0,0.0,0.0,0.0,-,0.0
2025,6,GF,TE,Brenton Strange,JAC,SEA,25,0.0,0.0,0.0,0.0,0.0,0.0,0.0,0.0,0.0,0.0,0.0,0.0,0.0,0.0,0.0,-,0.0
2025,6,GF,WR,Jalen Nailor,MIN,BYE,---,0.0,0.0,0.0,0.0,0.0,0.0,0.0,0.0,0.0,0.0,0.0,0.0,0.0,0.0,0.0,-,0.0
2025,6,GF,RB,Will Shipley,PHI,@NYG,22,0.0,0.0,0.0,0.0,0.0,0.0,0.0,0.0,0.0,0.0,0.0,0.0,0.0,0.0,0.0,0.00,0.0
2025,6,GF,DST,Patriots,NE,@NO,18,,,,,,,,,,,,,,,,5.00,5.0
2025,6,MAM,QB,Caleb Williams,CHI,@WAS,27,17.0,29.0,252.0,1.0,0.0,4.0,-2.0,1.0,2.0,0.0,0.0,0.0,0.0,0.0,0.0,22.08,22.08
2025,6,MAM,QB,Justin Herbert,LAC,@MIA,31,29.0,38.0,264.0,2.0,0.0,1.0,2.0,0.0,1.0,0.0,0.0,0.0,0.0,0.0,0.0,19.76,19.76
2025,6,MAM,WR,Josh Downs,IND,ARI,14,0.0,0.0,0.0,0.0,0.0,0.0,0.0,0.0,0.0,7.0,6.0,42.0,1.0,3.0,0.0,13.20,13.2
2025,6,MAM,TE,Tucker Kraft,GB,CIN,30,0.0,0.0,0.0,0.0,0.0,0.0,0.0,0.0,0.0,2.0,2.0,43.0,1.0,2.0,0.0,12.30,12.3
2025,6,MAM,RB,Saquon Barkley,PHI,@NYG,22,0.0,0.0,0.0,0.0,0.0,12.0,58.0,0.0,3.0,3.0,2.0,9.0,0.0,0.0,0.0,9.70,9.7
2025,6,MAM,RB,Alvin Kamara,NO,NE,6,0.0,0.0,0.0,0.0,0.0,10.0,31.0,0.0,1.0,5.0,5.0,45.0,0.0,1.0,0.0,9.60,9.6
2025,6,MAM,WR,Jerry Jeudy,CLE,@PIT,10,0.0,0.0,0.0,0.0,0.0,0.0,0.0,0.0,0.0,13.0,5.0,43.0,0.0,4.0,0.0,8.30,8.3
2025,6,MAM,WR,DJ Moore,CHI,@WAS,23,0.0,0.0,0.0,0.0,0.0,2.0,10.0,0.0,0.0,5.0,3.0,42.0,0.0,2.0,0.0,7.20,7.2
2025,6,MAM,RB,Kendre Miller,NO,NE,6,0.0,0.0,0.0,0.0,0.0,8.0,21.0,0.0,2.0,1.0,1.0,11.0,0.0,1.0,0.0,6.20,6.2
2025,6,MAM,WR,Elic Ayomanor,TEN,@LV,25,0.0,0.0,0.0,0.0,0.0,0.0,0.0,0.0,0.0,5.0,3.0,27.0,0.0,2.0,0.0,4.70,4.7
2025,6,MAM,TE,David Njoku,CLE,@PIT,31,0.0,0.0,0.0,0.0,0.0,0.0,0.0,0.0,0.0,6.0,3.0,28.0,0.0,1.0,0.0,3.80,3.8
2025,6,MAM,RB,Bhayshul Tuten,JAC,SEA,12,0.0,0.0,0.0,0.0,0.0,2.0,14.0,0.0,0.0,3.0,2.0,14.0,0.0,0.0,0.0,2.80,2.8
2025,6,MAM,RB,RJ Harvey,DEN,@NYJ,17,0.0,0.0,0.0,0.0,0.0,2.0,4.0,0.0,0.0,4.0,4.0,21.0,0.0,0.0,0.0,2.50,2.5
2025,6,MAM,WR,Garrett Wilson,NYJ,DEN,2,0.0,0.0,0.0,0.0,0.0,0.0,0.0,0.0,0.0,8.0,3.0,13.0,0.0,0.0,0.0,1.30,1.3
2025,6,MAM,WR,Rashee Rice,KC,DET,30,0.0,0.0,0.0,0.0,0.0,0.0,0.0,0.0,0.0,0.0,0.0,0.0,0.0,0.0,0.0,-,0.0
2025,6,MAM,RB,Jarquez Hunter,LAR,@BAL,30,0.0,0.0,0.0,0.0,0.0,0.0,0.0,0.0,0.0,0.0,0.0,0.0,0.0,0.0,0.0,0.00,0.0
2025,6,MAM,WR,Brandon Aiyuk,SF,@TB,16,0.0,0.0,0.0,0.0,0.0,0.0,0.0,0.0,0.0,0.0,0.0,0.0,0.0,0.0,0.0,-,0.0
2025,6,MAM,WR,Tory Horton,SEA,@JAC,26,0.0,0.0,0.0,0.0,0.0,0.0,0.0,0.0,0.0,1.0,0.0,0.0,0.0,0.0,0.0,0.00,0.0
2025,6,MAM,QB,Will Howard,PIT,CLE,4,0.0,0.0,0.0,0.0,0.0,0.0,0.0,0.0,0.0,0.0,0.0,0.0,0.0,0.0,0.0,-,0.0
2025,6,MAM,DST,Rams,LAR,@BAL,24,22.0,22.0,,,,,,,,,,,,,,,
2025,6,MAM,DST,Giants,NYG,PHI,9,,,,,,,,,,,,,,,,9.00,9.0
2025,6,MCM,QB,Daniel Jones,IND,ARI,8,22.0,30.0,212.0,2.0,1.0,5.0,20.0,1.0,3.0,0.0,0.0,0.0,0.0,0.0,0.0,25.48,25.48
2025,6,MCM,RB,Kimani Vidal,LAC,@MIA,26,0.0,0.0,0.0,0.0,0.0,18.0,124.0,0.0,4.0,4.0,3.0,14.0,1.0,1.0,0.0,24.80,24.8
2025,6,MCM,RB,Derrick Henry,BAL,LAR,5,0.0,0.0,0.0,0.0,0.0,24.0,122.0,0.0,7.0,2.0,1.0,8.0,0.0,0.0,0.0,20.00,20.0
2025,6,MCM,RB,Kyren Williams,LAR,@BAL,30,0.0,0.0,0.0,0.0,0.0,13.0,50.0,1.0,3.0,2.0,2.0,37.0,0.0,1.0,0.0,18.70,18.7
2025,6,MCM,QB,Mac Jones,SF,@TB,25,27.0,39.0,347.0,0.0,2.0,5.0,13.0,0.0,2.0,0.0,0.0,0.0,0.0,0.0,0.0,13.18,13.18
2025,6,MCM,QB,Geno Smith,LV,TEN,5,17.0,23.0,174.0,1.0,1.0,4.0,-3.0,0.0,0.0,0.0,0.0,0.0,0.0,0.0,0.0,8.96,8.96
2025,6,MCM,TE,AJ Barner,SEA,@JAC,12,0.0,0.0,0.0,0.0,0.0,0.0,0.0,0.0,0.0,3.0,3.0,71.0,0.0,1.0,0.0,8.10,8.1
2025,6,MCM,WR,Jakobi Meyers,LV,TEN,17,0.0,0.0,0.0,0.0,0.0,0.0,0.0,0.0,0.0,4.0,4.0,39.0,0.0,2.0,0.0,5.90,5.9
2025,6,MCM,RB,Kenneth Gainwell,PIT,CLE,1,0.0,0.0,0.0,0.0,0.0,6.0,22.0,0.0,2.0,6.0,6.0,14.0,0.0,0.0,0.0,5.60,5.6
2025,6,MCM,WR,Puka Nacua,LAR,@BAL,31,0.0,0.0,0.0,0.0,0.0,0.0,0.0,0.0,0.0,3.0,2.0,28.0,0.0,2.0,0.0,4.80,4.8
2025,6,MCM,WR,Khalil Shakir,BUF,@ATL,6,0.0,0.0,0.0,0.0,0.0,0.0,0.0,0.0,0.0,5.0,3.0,33.0,0.0,1.0,0.0,4.30,4.3
2025,6,MCM,TE,Colston Loveland,CHI,@WAS,17,0.0,0.0,0.0,0.0,0.0,0.0,0.0,0.0,0.0,3.0,2.0,11.0,0.0,1.0,0.0,2.10,2.1
2025,6,MCM,RB,Brashard Smith,KC,DET,4,0.0,0.0,0.0,0.0,0.0,0.0,0.0,0.0,0.0,4.0,3.0,21.0,0.0,0.0,0.0,2.10,2.1
2025,6,MCM,WR,Jauan Jennings,SF,@TB,16,0.0,0.0,0.0,0.0,0.0,0.0,0.0,0.0,0.0,3.0,1.0,7.0,0.0,1.0,0.0,1.70,1.7
2025,6,MCM,WR,Jordan Addison,MIN,BYE,---,0.0,0.0,0.0,0.0,0.0,0.0,0.0,0.0,0.0,0.0,0.0,0.0,0.0,0.0,0.0,-,0.0
2025,6,MCM,RB,James Conner,ARI,@IND,11,0.0,0.0,0.0,0.0,0.0,0.0,0.0,0.0,0.0,0.0,0.0,0.0,0.0,0.0,0.0,-,0.0
2025,6,MCM,WR,Tyquan Thornton,KC,DET,30,0.0,0.0,0.0,0.0,0.0,0.0,0.0,0.0,0.0,0.0,0.0,0.0,0.0,0.0,0.0,0.00,0.0
2025,6,MCM,QB,Shedeur Sanders,CLE,@PIT,28,0.0,0.0,0.0,0.0,0.0,0.0,0.0,0.0,0.0,0.0,0.0,0.0,0.0,0.0,0.0,-,0.0
2025,6,MCM,DST,Cowboys,DAL,@CAR,23,3.0,3.0,,,,,,,,,,,,,,,
2025,6,MCM,DST,Vikings,MIN,BYE,---,,,,,,,,,,,,,,,,-,0.0
2025,6,MWM,RB,Cam Skattebo,NYG,PHI,27,0.0,0.0,0.0,0.0,0.0,19.0,98.0,3.0,9.0,2.0,2.0,12.0,0.0,1.0,0.0,39.00,39.0
2025,6,MWM,QB,Jalen Hurts,PHI,@NYG,18,24.0,33.0,283.0,1.0,1.0,7.0,13.0,1.0,2.0,0.0,0.0,0.0,0.0,0.0,0.0,22.62,22.62
2025,6,MWM,WR,Jaylen Waddle,MIA,LAC,3,1.0,1.0,8.0,0.0,0.0,0.0,0.0,0.0,0.0,8.0,6.0,95.0,0.0,4.0,0.0,13.82,13.82
2025,6,MWM,WR,Cooper Kupp,SEA,@JAC,26,0.0,0.0,0.0,0.0,0.0,0.0,0.0,0.0,0.0,3.0,2.0,40.0,1.0,2.0,0.0,12.00,12.0
2025,6,MWM,QB,Cam Ward,TEN,@LV,7,26.0,38.0,222.0,1.0,1.0,0.0,0.0,0.0,0.0,0.0,0.0,0.0,0.0,0.0,2.0,6.88,6.88
2025,6,MWM,RB,Kareem Hunt,KC,DET,4,0.0,0.0,0.0,0.0,0.0,6.0,23.0,0.0,2.0,1.0,1.0,11.0,0.0,1.0,0.0,6.40,6.4
2025,6,MWM,TE,Mark Andrews,BAL,LAR,14,0.0,0.0,0.0,0.0,0.0,3.0,2.0,0.0,1.0,6.0,4.0,24.0,0.0,2.0,0.0,5.60,5.6
2025,6,MWM,RB,Jerome Ford,CLE,@PIT,19,0.0,0.0,0.0,0.0,0.0,2.0,17.0,0.0,2.0,6.0,5.0,13.0,0.0,0.0,0.0,5.00,5.0
2025,6,MWM,WR,Stefon Diggs,NE,@NO,21,0.0,0.0,0.0,0.0,0.0,0.0,0.0,0.0,0.0,3.0,3.0,28.0,0.0,2.0,0.0,4.80,4.8
2025,6,MWM,WR,Rashid Shaheed,NO,NE,19,0.0,0.0,0.0,0.0,0.0,0.0,0.0,0.0,0.0,6.0,4.0,28.0,0.0,1.0,0.0,3.80,3.8
2025,6,MWM,RB,Tank Bigsby,PHI,@NYG,22,0.0,0.0,0.0,0.0,0.0,0.0,0.0,0.0,0.0,0.0,0.0,0.0,0.0,0.0,0.0,0.00,0.0
2025,6,MWM,WR,Christian Watson,GB,CIN,24,0.0,0.0,0.0,0.0,0.0,0.0,0.0,0.0,0.0,0.0,0.0,0.0,0.0,0.0,0.0,-,0.0
2025,6,MWM,WR,Darnell Mooney,ATL,BUF,11,0.0,0.0,0.0,0.0,0.0,0.0,0.0,0.0,0.0,0.0,0.0,0.0,0.0,0.0,0.0,-,0.0
2025,6,MWM,TE,George Kittle,SF,@TB,20,0.0,0.0,0.0,0.0,0.0,0.0,0.0,0.0,0.0,0.0,0.0,0.0,0.0,0.0,0.0,-,0.0
2025,6,MWM,TE,Terrance Ferguson,LAR,@BAL,24,0.0,0.0,0.0,0.0,0.0,1.0,0.0,0.0,0.0,0.0,0.0,0.0,0.0,0.0,0.0,0.00,0.0
2025,6,MWM,RB,Nick Chubb,HOU,BYE,---,0.0,0.0,0.0,0.0,0.0,0.0,0.0,0.0,0.0,0.0,0.0,0.0,0.0,0.0,0.0,-,0.0
2025,6,MWM,RB,Joe Mixon,HOU,BYE,---,0.0,0.0,0.0,0.0,0.0,0.0,0.0,0.0,0.0,0.0,0.0,0.0,0.0,0.0,0.0,-,0.0
2025,6,MWM,QB,Russell Wilson,NYG,PHI,20,0.0,1.0,0.0,0.0,0.0,0.0,0.0,0.0,0.0,0.0,0.0,0.0,0.0,0.0,0.0,0.00,0.0
2025,6,MWM,DST,Bills,BUF,@ATL,20,3.0,3.0,,,,,,,,,,,,,,,
2025,6,MWM,DST,Lions,DET,@KC,5,,,,,,,,,,,,,,,,3.00,3.0
2025,6,NN,QB,Dak Prescott,DAL,@CAR,13,25.0,34.0,261.0,3.0,0.0,2.0,-1.0,0.0,0.0,0.0,0.0,0.0,0.0,0.0,0.0,22.44,22.44
2025,6,NN,RB,Tyler Allgeier,ATL,BUF,25,0.0,0.0,0.0,0.0,0.0,10.0,32.0,1.0,3.0,1.0,1.0,6.0,0.0,0.0,0.0,12.80,12.8
2025,6,NN,TE,Jake Ferguson,DAL,@CAR,32,0.0,0.0,0.0,0.0,0.0,0.0,0.0,0.0,0.0,3.0,3.0,33.0,1.0,2.0,0.0,11.30,11.3
2025,6,NN,RB,Breece Hall,NYJ,DEN,7,0.0,0.0,0.0,0.0,0.0,22.0,59.0,0.0,5.0,0.0,0.0,0.0,0.0,0.0,0.0,10.90,10.9
2025,6,NN,WR,Xavier Worthy,KC,DET,30,0.0,0.0,0.0,0.0,0.0,1.0,6.0,0.0,0.0,4.0,2.0,20.0,1.0,2.0,0.0,10.60,10.6
2025,6,NN,RB,Quinshon Judkins,CLE,@PIT,19,0.0,0.0,0.0,0.0,0.0,12.0,36.0,0.0,4.0,1.0,0.0,0.0,0.0,0.0,0.0,7.60,7.6
2025,6,NN,RB,Kyle Monangai,CHI,@WAS,21,0.0,0.0,0.0,0.0,0.0,5.0,19.0,0.0,0.0,1.0,1.0,25.0,0.0,1.0,0.0,5.40,5.4
2025,6,NN,RB,Zach Charbonnet,SEA,@JAC,9,0.0,0.0,0.0,0.0,0.0,12.0,24.0,0.0,0.0,1.0,1.0,13.0,0.0,1.0,0.0,4.70,4.7
2025,6,NN,WR,Pat Bryant,DEN,@NYJ,15,0.0,0.0,0.0,0.0,0.0,0.0,0.0,0.0,0.0,2.0,2.0,22.0,0.0,2.0,0.0,4.20,4.2
2025,6,NN,TE,Theo Johnson,NYG,PHI,3,0.0,0.0,0.0,0.0,0.0,0.0,0.0,0.0,0.0,4.0,2.0,27.0,0.0,1.0,0.0,3.70,3.7
2025,6,NN,WR,Keon Coleman,BUF,@ATL,6,0.0,0.0,0.0,0.0,0.0,0.0,0.0,0.0,0.0,6.0,3.0,11.0,0.0,0.0,0.0,1.10,1.1
2025,6,NN,RB,Brian Robinson,SF,@TB,13,0.0,0.0,0.0,0.0,0.0,0.0,0.0,0.0,0.0,3.0,3.0,8.0,0.0,0.0,0.0,0.80,0.8
2025,6,NN,WR,Troy Franklin,DEN,@NYJ,15,0.0,0.0,0.0,0.0,0.0,1.0,2.0,0.0,0.0,4.0,3.0,19.0,0.0,0.0,1.0,0.10,0.1
2025,6,NN,QB,Joe Burrow,CIN,@GB,12,0.0,0.0,0.0,0.0,0.0,0.0,0.0,0.0,0.0,0.0,0.0,0.0,0.0,0.0,0.0,-,0.0
2025,6,NN,QB,Tyler Shough,NO,NE,14,0.0,0.0,0.0,0.0,0.0,0.0,0.0,0.0,0.0,0.0,0.0,0.0,0.0,0.0,0.0,-,0.0
2025,6,NN,WR,Justin Jefferson,MIN,BYE,---,0.0,0.0,0.0,0.0,0.0,0.0,0.0,0.0,0.0,0.0,0.0,0.0,0.0,0.0,0.0,-,0.0
2025,6,NN,WR,Jalen Coker,CAR,DAL,32,0.0,0.0,0.0,0.0,0.0,0.0,0.0,0.0,0.0,0.0,0.0,0.0,0.0,0.0,0.0,-,0.0
2025,6,NN,QB,Carson Wentz,MIN,BYE,---,0.0,0.0,0.0,0.0,0.0,0.0,0.0,0.0,0.0,0.0,0.0,0.0,0.0,0.0,0.0,-,0.0
2025,6,NN,RB,Braelon Allen,NYJ,DEN,7,0.0,0.0,0.0,0.0,0.0,0.0,0.0,0.0,0.0,0.0,0.0,0.0,0.0,0.0,0.0,-,0.0
2025,6,NN,WR,Malik Nabers,NYG,PHI,13,0.0,0.0,0.0,0.0,0.0,0.0,0.0,0.0,0.0,0.0,0.0,0.0,0.0,0.0,0.0,-,0.0
2025,6,NN,DST,Colts,IND,ARI,19,,,,,,,,,,,,,,,,6.00,6.0
2025,6,VD,RB,Bijan Robinson,ATL,BUF,25,0.0,0.0,0.0,0.0,0.0,19.0,170.0,1.0,5.0,8.0,6.0,68.0,0.0,2.0,0.0,36.80,36.8
2025,6,VD,QB,Baker Mayfield,TB,SF,16,17.0,23.0,256.0,2.0,0.0,3.0,14.0,0.0,1.0,0.0,0.0,0.0,0.0,0.0,0.0,20.64,20.64
2025,6,VD,WR,Ladd McConkey,LAC,@MIA,9,0.0,0.0,0.0,0.0,0.0,0.0,0.0,0.0,0.0,9.0,7.0,100.0,1.0,4.0,0.0,20.00,20.0
2025,6,VD,QB,Bryce Young,CAR,DAL,32,17.0,25.0,199.0,3.0,1.0,3.0,5.0,0.0,0.0,0.0,0.0,0.0,0.0,0.0,0.0,18.46,18.46
2025,6,VD,QB,Justin Fields,NYJ,DEN,2,9.0,17.0,45.0,0.0,0.0,7.0,31.0,0.0,1.0,0.0,0.0,0.0,0.0,0.0,0.0,5.90,5.9
2025,6,VD,WR,Rome Odunze,CHI,@WAS,23,0.0,0.0,0.0,0.0,0.0,0.0,0.0,0.0,0.0,5.0,2.0,32.0,0.0,2.0,0.0,5.20,5.2
2025,6,VD,WR,Marvin Harrison,ARI,@IND,28,0.0,0.0,0.0,0.0,0.0,0.0,0.0,0.0,0.0,2.0,2.0,32.0,0.0,1.0,0.0,4.20,4.2
2025,6,VD,WR,Michael Pittman,IND,ARI,14,0.0,0.0,0.0,0.0,0.0,0.0,0.0,0.0,0.0,3.0,2.0,20.0,0.0,2.0,0.0,4.00,4.0
2025,6,VD,TE,Kyle Pitts,ATL,BUF,2,0.0,0.0,0.0,0.0,0.0,0.0,0.0,0.0,0.0,4.0,3.0,18.0,0.0,1.0,0.0,2.80,2.8
2025,6,VD,RB,Kaleb Johnson,PIT,CLE,1,0.0,0.0,0.0,0.0,0.0,6.0,15.0,0.0,1.0,0.0,0.0,0.0,0.0,0.0,0.0,2.50,2.5
2025,6,VD,RB,Ollie Gordon,MIA,LAC,18,0.0,0.0,0.0,0.0,0.0,2.0,1.0,0.0,1.0,1.0,1.0,1.0,0.0,0.0,0.0,1.20,1.2
2025,6,VD,WR,Chris Godwin,TB,SF,12,0.0,0.0,0.0,0.0,0.0,0.0,0.0,0.0,0.0,0.0,0.0,0.0,0.0,0.0,0.0,-,0.0
2025,6,VD,RB,Omarion Hampton,LAC,@MIA,26,0.0,0.0,0.0,0.0,0.0,0.0,0.0,0.0,0.0,0.0,0.0,0.0,0.0,0.0,0.0,-,0.0
2025,6,VD,QB,Anthony Richardson,IND,ARI,8,0.0,0.0,0.0,0.0,0.0,0.0,0.0,0.0,0.0,0.0,0.0,0.0,0.0,0.0,0.0,-,0.0
2025,6,VD,RB,Trey Benson,ARI,@IND,11,0.0,0.0,0.0,0.0,0.0,0.0,0.0,0.0,0.0,0.0,0.0,0.0,0.0,0.0,0.0,-,0.0
2025,6,VD,WR,Tyreek Hill,MIA,LAC,3,0.0,0.0,0.0,0.0,0.0,0.0,0.0,0.0,0.0,0.0,0.0,0.0,0.0,0.0,0.0,-,0.0
2025,6,VD,RB,Keaton Mitchell,BAL,LAR,5,0.0,0.0,0.0,0.0,0.0,0.0,0.0,0.0,0.0,0.0,0.0,0.0,0.0,0.0,0.0,0.00,0.0
2025,6,VD,WR,Jaylin Noel,HOU,BYE,---,0.0,0.0,0.0,0.0,0.0,0.0,0.0,0.0,0.0,0.0,0.0,0.0,0.0,0.0,0.0,-,0.0
2025,6,VD,RB,Bucky Irving,TB,SF,20,0.0,0.0,0.0,0.0,0.0,0.0,0.0,0.0,0.0,0.0,0.0,0.0,0.0,0.0,0.0,-,0.0
2025,6,VD,TE,Juwan Johnson,NO,NE,26,0.0,0.0,0.0,0.0,0.0,0.0,0.0,0.0,0.0,2.0,2.0,15.0,0.0,0.0,1.0,-0.50,-0.5
2025,6,VD,DST,Cardinals,ARI,@IND,1,,,,,,,,,,,,,,,,3.00,3.0
2025,6,WLW,RB,Rico Dowdle,CAR,DAL,31,0.0,0.0,0.0,0.0,0.0,30.0,183.0,0.0,10.0,5.0,4.0,56.0,1.0,3.0,0.0,42.90,42.9
2025,6,WLW,WR,Marquise Brown,KC,DET,30,0.0,0.0,0.0,0.0,0.0,0.0,0.0,0.0,0.0,4.0,4.0,45.0,2.0,4.0,0.0,20.50,20.5
2025,6,WLW,QB,Jared Goff,DET,@KC,21,23.0,29.0,203.0,2.0,0.0,1.0,7.0,0.0,1.0,0.0,0.0,0.0,0.0,0.0,0.0,17.82,17.82
2025,6,WLW,TE,Sam LaPorta,DET,@KC,6,0.0,0.0,0.0,0.0,0.0,0.0,0.0,0.0,0.0,6.0,5.0,55.0,1.0,3.0,0.0,14.50,14.5
2025,6,WLW,WR,Tre Tucker,LV,TEN,17,0.0,0.0,0.0,0.0,0.0,0.0,0.0,0.0,0.0,5.0,5.0,70.0,0.0,4.0,0.0,11.00,11.0
2025,6,WLW,RB,Chase Brown,CIN,@GB,2,0.0,0.0,0.0,0.0,0.0,9.0,42.0,0.0,1.0,2.0,2.0,7.0,0.0,0.0,0.0,7.90,7.9
2025,6,WLW,WR,Alec Pierce,IND,ARI,14,0.0,0.0,0.0,0.0,0.0,0.0,0.0,0.0,0.0,4.0,2.0,48.0,0.0,2.0,0.0,6.80,6.8
2025,6,WLW,RB,Tony Pollard,TEN,@LV,16,0.0,0.0,0.0,0.0,0.0,10.0,34.0,0.0,1.0,2.0,2.0,13.0,0.0,1.0,0.0,6.70,6.7
2025,6,WLW,RB,JK Dobbins,DEN,@NYJ,17,0.0,0.0,0.0,0.0,0.0,14.0,40.0,0.0,2.0,1.0,0.0,0.0,0.0,0.0,0.0,6.00,6.0
2025,6,WLW,WR,Travis Hunter,JAC,SEA,18,0.0,0.0,0.0,0.0,0.0,0.0,0.0,0.0,0.0,7.0,4.0,15.0,0.0,2.0,0.0,3.50,3.5
2025,6,WLW,WR,Rashod Bateman,BAL,LAR,8,0.0,0.0,0.0,0.0,0.0,0.0,0.0,0.0,0.0,2.0,1.0,8.0,0.0,0.0,0.0,0.80,0.8
2025,6,WLW,QB,Lamar Jackson,BAL,LAR,9,0.0,0.0,0.0,0.0,0.0,0.0,0.0,0.0,0.0,0.0,0.0,0.0,0.0,0.0,0.0,-,0.0
2025,6,WLW,RB,Devin Neal,NO,NE,6,0.0,0.0,0.0,0.0,0.0,0.0,0.0,0.0,0.0,0.0,0.0,0.0,0.0,0.0,0.0,0.00,0.0
2025,6,WLW,WR,CeeDee Lamb,DAL,@CAR,4,0.0,0.0,0.0,0.0,0.0,0.0,0.0,0.0,0.0,0.0,0.0,0.0,0.0,0.0,0.0,-,0.0
2025,6,WLW,RB,Chuba Hubbard,CAR,DAL,31,0.0,0.0,0.0,0.0,0.0,0.0,0.0,0.0,0.0,0.0,0.0,0.0,0.0,0.0,0.0,-,0.0
2025,6,WLW,QB,CJ Stroud,HOU,BYE,---,0.0,0.0,0.0,0.0,0.0,0.0,0.0,0.0,0.0,0.0,0.0,0.0,0.0,0.0,0.0,-,0.0
2025,6,WLW,WR,Christian Kirk,HOU,BYE,---,0.0,0.0,0.0,0.0,0.0,0.0,0.0,0.0,0.0,0.0,0.0,0.0,0.0,0.0,0.0,-,0.0
2025,6,WLW,WR,Nico Collins,HOU,BYE,---,0.0,0.0,0.0,0.0,0.0,0.0,0.0,0.0,0.0,0.0,0.0,0.0,0.0,0.0,0.0,-,0.0
2025,6,WLW,DST,Broncos,DEN,@NYJ,27,,,,,,,,,,,,,,,,14.00,14.0
2025,7,AFL,RB,Jahmyr Gibbs,DET,TB,22,0.0,0.0,0.0,0.0,0.0,17.0,136.0,2.0,5.0,3.0,3.0,82.0,0.0,3.0,0.0,41.80,41.8
2025,7,AFL,WR,AJ Brown,PHI,@MIN,6,0.0,0.0,0.0,0.0,0.0,0.0,0.0,0.0,0.0,6.0,4.0,121.0,2.0,4.0,0.0,28.10,28.1
2025,7,AFL,WR,Keenan Allen,LAC,IND,29,0.0,0.0,0.0,0.0,0.0,0.0,0.0,0.0,0.0,14.0,11.0,119.0,1.0,7.0,0.0,24.90,24.9
2025,7,AFL,QB,Jacoby Brissett,ARI,GB,15,25.0,36.0,279.0,2.0,0.0,6.0,26.0,0.0,2.0,0.0,0.0,0.0,0.0,0.0,1.0,21.76,21.76
2025,7,AFL,QB,Jayden Daniels,WAS,@DAL,32,12.0,22.0,156.0,1.0,0.0,8.0,35.0,1.0,4.0,0.0,0.0,0.0,0.0,0.0,1.0,21.74,21.74
2025,7,AFL,RB,Rhamondre Stevenson,NE,@TEN,28,0.0,0.0,0.0,0.0,0.0,18.0,88.0,1.0,5.0,2.0,2.0,0.0,0.0,0.0,0.0,19.80,19.8
2025,7,AFL,WR,Tee Higgins,CIN,PIT,24,0.0,0.0,0.0,0.0,0.0,0.0,0.0,0.0,0.0,10.0,6.0,96.0,1.0,3.0,0.0,18.60,18.6
2025,7,AFL,WR,Quentin Johnston,LAC,IND,29,0.0,0.0,0.0,0.0,0.0,0.0,0.0,0.0,0.0,6.0,2.0,30.0,1.0,1.0,0.0,10.00,10.0
2025,7,AFL,RB,Travis Etienne,JAC,LAR,4,0.0,0.0,0.0,0.0,0.0,8.0,44.0,0.0,3.0,3.0,1.0,11.0,0.0,1.0,0.0,9.50,9.5
2025,7,AFL,WR,Emeka Egbuka,TB,@DET,27,0.0,0.0,0.0,0.0,0.0,0.0,0.0,0.0,0.0,12.0,4.0,58.0,0.0,2.0,0.0,7.80,7.8
2025,7,AFL,TE,Dallas Goedert,PHI,@MIN,7,0.0,0.0,0.0,0.0,0.0,0.0,0.0,0.0,0.0,3.0,3.0,18.0,0.0,0.0,0.0,1.80,1.8
2025,7,AFL,RB,Dylan Sampson,CLE,MIA,29,0.0,0.0,0.0,0.0,0.0,3.0,8.0,0.0,0.0,1.0,1.0,9.0,0.0,0.0,0.0,1.70,1.7
2025,7,AFL,WR,Adonai Mitchell,IND,@LAC,5,0.0,0.0,0.0,0.0,0.0,0.0,0.0,0.0,0.0,1.0,1.0,8.0,0.0,0.0,0.0,0.80,0.8
2025,7,AFL,RB,Sean Tucker,TB,@DET,2,0.0,0.0,0.0,0.0,0.0,1.0,4.0,0.0,0.0,1.0,1.0,2.0,0.0,0.0,0.0,0.60,0.6
2025,7,AFL,RB,Trevor Etienne,CAR,@NYJ,15,0.0,0.0,0.0,0.0,0.0,0.0,0.0,0.0,0.0,0.0,0.0,0.0,0.0,0.0,0.0,0.00,0.0
2025,7,AFL,QB,Kyler Murray,ARI,GB,15,0.0,0.0,0.0,0.0,0.0,0.0,0.0,0.0,0.0,0.0,0.0,0.0,0.0,0.0,0.0,-,0.0
2025,7,AFL,TE,Brock Bowers,LV,@KC,4,0.0,0.0,0.0,0.0,0.0,0.0,0.0,0.0,0.0,0.0,0.0,0.0,0.0,0.0,0.0,-,0.0
2025,7,AFL,WR,Zay Flowers,BAL,BYE,---,0.0,0.0,0.0,0.0,0.0,0.0,0.0,0.0,0.0,0.0,0.0,0.0,0.0,0.0,0.0,-,0.0
2025,7,AFL,RB,Aaron Jones,MIN,PHI,26,0.0,0.0,0.0,0.0,0.0,0.0,0.0,0.0,0.0,0.0,0.0,0.0,0.0,0.0,0.0,-,0.0
2025,7,AFL,DST,Chiefs,KC,LV,28,,,,,,,,,,,,,,,,14.00,14.0
2025,7,CC,QB,Joe Flacco,CIN,PIT,29,31.0,47.0,342.0,3.0,0.0,5.0,3.0,0.0,2.0,0.0,0.0,0.0,0.0,0.0,0.0,27.98,27.98
2025,7,CC,QB,Drake Maye,NE,@TEN,13,21.0,23.0,222.0,2.0,0.0,8.0,62.0,0.0,3.0,0.0,0.0,0.0,0.0,0.0,0.0,26.08,26.08
2025,7,CC,TE,Trey McBride,ARI,GB,30,0.0,0.0,0.0,0.0,0.0,0.0,0.0,0.0,0.0,13.0,10.0,74.0,2.0,4.0,0.0,23.40,23.4
2025,7,CC,QB,Aaron Rodgers,PIT,@CIN,24,23.0,34.0,249.0,4.0,2.0,1.0,6.0,0.0,0.0,0.0,0.0,0.0,0.0,0.0,0.0,22.56,22.56
2025,7,CC,WR,Amon-Ra St Brown,DET,TB,12,0.0,0.0,0.0,0.0,0.0,0.0,0.0,0.0,0.0,10.0,6.0,86.0,1.0,3.0,0.0,17.60,17.6
2025,7,CC,TE,Zach Ertz,WAS,@DAL,13,0.0,0.0,0.0,0.0,0.0,0.0,0.0,0.0,0.0,7.0,3.0,37.0,1.0,2.0,0.0,11.70,11.7
2025,7,CC,RB,Rachaad White,TB,@DET,2,0.0,0.0,0.0,0.0,0.0,10.0,38.0,0.0,2.0,6.0,4.0,6.0,0.0,0.0,0.0,6.40,6.4
2025,7,CC,WR,DK Metcalf,PIT,@CIN,16,0.0,0.0,0.0,0.0,0.0,0.0,0.0,0.0,0.0,5.0,3.0,50.0,0.0,1.0,0.0,6.00,6.0
2025,7,CC,TE,Mason Taylor,NYJ,CAR,29,0.0,0.0,0.0,0.0,0.0,0.0,0.0,0.0,0.0,5.0,3.0,31.0,0.0,2.0,0.0,5.10,5.1
2025,7,CC,RB,David Montgomery,DET,TB,22,0.0,0.0,0.0,0.0,0.0,13.0,21.0,0.0,0.0,3.0,2.0,18.0,0.0,1.0,0.0,4.90,4.9
2025,7,CC,WR,Tre Harris,LAC,IND,29,0.0,0.0,0.0,0.0,0.0,0.0,0.0,0.0,0.0,2.0,2.0,23.0,0.0,2.0,0.0,4.30,4.3
2025,7,CC,WR,Brian Thomas,JAC,LAR,18,0.0,0.0,0.0,0.0,0.0,0.0,0.0,0.0,0.0,7.0,3.0,31.0,0.0,1.0,0.0,4.10,4.1
2025,7,CC,RB,TreVeyon Henderson,NE,@TEN,28,0.0,0.0,0.0,0.0,0.0,2.0,5.0,0.0,0.0,0.0,0.0,0.0,0.0,0.0,0.0,0.50,0.5
2025,7,CC,QB,Brock Purdy,SF,ATL,3,0.0,0.0,0.0,0.0,0.0,0.0,0.0,0.0,0.0,0.0,0.0,0.0,0.0,0.0,0.0,-,0.0
2025,7,CC,RB,Najee Harris,LAC,IND,6,0.0,0.0,0.0,0.0,0.0,0.0,0.0,0.0,0.0,0.0,0.0,0.0,0.0,0.0,0.0,-,0.0
2025,7,CC,WR,Calvin Austin,PIT,@CIN,16,0.0,0.0,0.0,0.0,0.0,0.0,0.0,0.0,0.0,0.0,0.0,0.0,0.0,0.0,0.0,-,0.0
2025,7,CC,RB,James Cook,BUF,BYE,---,0.0,0.0,0.0,0.0,0.0,0.0,0.0,0.0,0.0,0.0,0.0,0.0,0.0,0.0,0.0,-,0.0
2025,7,CC,WR,Ricky Pearsall,SF,ATL,2,0.0,0.0,0.0,0.0,0.0,0.0,0.0,0.0,0.0,0.0,0.0,0.0,0.0,0.0,0.0,-,0.0
2025,7,CC,DST,Seahawks,SEA,HOU,16,,,,,,,,,,,,,,,,13.00,13.0
2025,7,CRB,QB,Bo Nix,DEN,NYG,30,27.0,50.0,279.0,2.0,0.0,5.0,48.0,2.0,4.0,0.0,0.0,0.0,0.0,0.0,0.0,43.96,43.96
2025,7,CRB,RB,Jonathan Taylor,IND,@LAC,23,0.0,0.0,0.0,0.0,0.0,16.0,94.0,3.0,8.0,3.0,3.0,38.0,0.0,2.0,0.0,41.20,41.2
2025,7,CRB,WR,DeVonta Smith,PHI,@MIN,6,0.0,0.0,0.0,0.0,0.0,0.0,0.0,0.0,0.0,11.0,9.0,183.0,1.0,5.0,0.0,29.30,29.3
2025,7,CRB,WR,Courtland Sutton,DEN,NYG,30,0.0,0.0,0.0,0.0,0.0,0.0,0.0,0.0,0.0,10.0,6.0,87.0,0.0,4.0,0.0,14.70,14.7
2025,7,CRB,RB,De'Von Achane,MIA,@CLE,1,0.0,0.0,0.0,0.0,0.0,13.0,82.0,0.0,2.0,5.0,3.0,16.0,0.0,1.0,0.0,12.80,12.8
2025,7,CRB,WR,George Pickens,DAL,WAS,23,0.0,0.0,0.0,0.0,0.0,0.0,0.0,0.0,0.0,6.0,4.0,82.0,0.0,3.0,0.0,11.20,11.2
2025,7,CRB,WR,Jaylin Lane,WAS,@DAL,32,0.0,0.0,0.0,0.0,0.0,0.0,0.0,0.0,0.0,6.0,3.0,60.0,0.0,2.0,0.0,8.00,8.0
2025,7,CRB,TE,Hunter Henry,NE,@TEN,8,0.0,0.0,0.0,0.0,0.0,0.0,0.0,0.0,0.0,5.0,4.0,33.0,0.0,3.0,0.0,6.30,6.3
2025,7,CRB,QB,Dillon Gabriel,CLE,MIA,28,13.0,18.0,116.0,0.0,0.0,4.0,12.0,0.0,0.0,0.0,0.0,0.0,0.0,0.0,0.0,5.84,5.84
2025,7,CRB,TE,TJ Hockenson,MIN,PHI,3,0.0,0.0,0.0,0.0,0.0,0.0,0.0,0.0,0.0,9.0,6.0,43.0,0.0,1.0,0.0,5.30,5.3
2025,7,CRB,WR,Tetairoa McMillan,CAR,@NYJ,17,0.0,0.0,0.0,0.0,0.0,0.0,0.0,0.0,0.0,5.0,3.0,33.0,0.0,2.0,0.0,5.30,5.3
2025,7,CRB,RB,Jacory Croskey-Merritt,WAS,@DAL,30,0.0,0.0,0.0,0.0,0.0,13.0,33.0,0.0,1.0,2.0,1.0,-1.0,0.0,0.0,0.0,4.30,4.3
2025,7,CRB,RB,Emanuel Wilson,GB,@ARI,21,0.0,0.0,0.0,0.0,0.0,6.0,17.0,0.0,0.0,1.0,1.0,-2.0,0.0,0.0,0.0,1.70,1.7
2025,7,CRB,WR,Luke McCaffrey,WAS,@DAL,32,0.0,0.0,0.0,0.0,0.0,0.0,0.0,0.0,0.0,2.0,0.0,0.0,0.0,0.0,0.0,0.00,0.0
2025,7,CRB,QB,Josh Allen,BUF,BYE,---,0.0,0.0,0.0,0.0,0.0,0.0,0.0,0.0,0.0,0.0,0.0,0.0,0.0,0.0,0.0,-,0.0
2025,7,CRB,RB,Emari Demercado,ARI,GB,3,0.0,0.0,0.0,0.0,0.0,0.0,0.0,0.0,0.0,0.0,0.0,0.0,0.0,0.0,0.0,-,0.0
2025,7,CRB,DST,Eagles,PHI,@MIN,30,14.0,14.0,,,,,,,,,,,,,,,
2025,7,CRB,DST,Commanders,WAS,@DAL,2,,,,,,,,,,,,,,,,-1.00,-1.0
2025,7,ELP,QB,Jaxson Dart,NYG,@DEN,4,15.0,33.0,283.0,3.0,1.0,5.0,11.0,1.0,2.0,0.0,0.0,0.0,0.0,0.0,0.0,30.42,30.42
2025,7,ELP,QB,Patrick Mahomes,KC,LV,16,26.0,35.0,286.0,3.0,0.0,4.0,28.0,0.0,2.0,0.0,0.0,0.0,0.0,0.0,0.0,28.24,28.24
2025,7,ELP,RB,Javonte Williams,DAL,WAS,19,0.0,0.0,0.0,0.0,0.0,19.0,116.0,1.0,4.0,4.0,1.0,2.0,0.0,0.0,0.0,21.80,21.8
2025,7,ELP,RB,Jordan Mason,MIN,PHI,26,0.0,0.0,0.0,0.0,0.0,15.0,57.0,1.0,5.0,0.0,0.0,0.0,0.0,0.0,0.0,16.70,16.7
2025,7,ELP,RB,Isiah Pacheco,KC,LV,20,0.0,0.0,0.0,0.0,0.0,15.0,57.0,1.0,5.0,2.0,1.0,-3.0,0.0,0.0,0.0,16.70,16.7
2025,7,ELP,TE,Tyler Warren,IND,@LAC,9,0.0,0.0,0.0,0.0,0.0,0.0,0.0,0.0,0.0,5.0,4.0,69.0,1.0,3.0,0.0,15.90,15.9
2025,7,ELP,RB,Tyrone Tracy,NYG,@DEN,11,0.0,0.0,0.0,0.0,0.0,9.0,46.0,1.0,2.0,0.0,0.0,0.0,0.0,0.0,0.0,12.60,12.6
2025,7,ELP,QB,Spencer Rattler,NO,@CHI,23,20.0,32.0,233.0,2.0,3.0,2.0,12.0,0.0,1.0,0.0,0.0,0.0,0.0,0.0,1.0,11.52,11.52
2025,7,ELP,TE,Cade Otton,TB,@DET,18,0.0,0.0,0.0,0.0,0.0,0.0,0.0,0.0,0.0,9.0,7.0,65.0,0.0,4.0,0.0,10.50,10.5
2025,7,ELP,RB,Zonovan Knight,ARI,GB,3,0.0,0.0,0.0,0.0,0.0,14.0,57.0,0.0,2.0,4.0,3.0,7.0,0.0,1.0,0.0,9.40,9.4
2025,7,ELP,RB,Kenneth Walker,SEA,HOU,12,0.0,0.0,0.0,0.0,0.0,17.0,66.0,0.0,1.0,0.0,0.0,0.0,0.0,0.0,0.0,7.60,7.6
2025,7,ELP,WR,Matthew Golden,GB,@ARI,10,0.0,0.0,0.0,0.0,0.0,0.0,0.0,0.0,0.0,4.0,4.0,37.0,0.0,3.0,0.0,6.70,6.7
2025,7,ELP,RB,Jaydon Blue,DAL,WAS,19,0.0,0.0,0.0,0.0,0.0,7.0,29.0,0.0,2.0,1.0,1.0,5.0,0.0,0.0,0.0,5.40,5.4
2025,7,ELP,WR,Luther Burden,CHI,NO,15,0.0,0.0,0.0,0.0,0.0,1.0,-1.0,0.0,0.0,2.0,1.0,22.0,0.0,1.0,0.0,3.20,3.2
2025,7,ELP,WR,Kendrick Bourne,SF,ATL,2,0.0,0.0,0.0,0.0,0.0,0.0,0.0,0.0,0.0,2.0,2.0,14.0,0.0,1.0,0.0,2.40,2.4
2025,7,ELP,WR,Jameson Williams,DET,TB,12,0.0,0.0,0.0,0.0,0.0,0.0,0.0,0.0,0.0,2.0,0.0,0.0,0.0,0.0,0.0,0.00,0.0
2025,7,ELP,WR,Isaac TeSlaa,DET,TB,12,0.0,0.0,0.0,0.0,0.0,0.0,0.0,0.0,0.0,1.0,0.0,0.0,0.0,0.0,0.0,0.00,0.0
2025,7,ELP,WR,Mike Evans,TB,@DET,27,0.0,0.0,0.0,0.0,0.0,0.0,0.0,0.0,0.0,4.0,0.0,0.0,0.0,0.0,0.0,0.00,0.0
2025,7,ELP,WR,Jayden Reed,GB,@ARI,10,0.0,0.0,0.0,0.0,0.0,0.0,0.0,0.0,0.0,0.0,0.0,0.0,0.0,0.0,0.0,-,0.0
2025,7,ELP,DST,Texans,HOU,@SEA,13,,,,,,,,,,,,,,,,18.00,18.0
2025,7,FRR,RB,Christian McCaffrey,SF,ATL,18,0.0,0.0,0.0,0.0,0.0,24.0,129.0,2.0,9.0,8.0,7.0,72.0,0.0,5.0,0.0,46.10,46.1
2025,7,FRR,WR,Ja'Marr Chase,CIN,PIT,24,0.0,0.0,0.0,0.0,0.0,0.0,0.0,0.0,0.0,23.0,16.0,161.0,1.0,9.0,0.0,31.10,31.1
2025,7,FRR,QB,Matthew Stafford,LAR,@JAC,26,21.0,33.0,182.0,5.0,0.0,2.0,1.0,0.0,0.0,0.0,0.0,0.0,0.0,0.0,0.0,27.38,27.38
2025,7,FRR,RB,D'Andre Swift,CHI,NO,25,0.0,0.0,0.0,0.0,0.0,19.0,124.0,1.0,6.0,1.0,1.0,14.0,0.0,1.0,0.0,26.80,26.8
2025,7,FRR,WR,Chris Olave,NO,@CHI,25,0.0,0.0,0.0,0.0,0.0,0.0,0.0,0.0,0.0,7.0,5.0,98.0,2.0,3.0,0.0,24.80,24.8
2025,7,FRR,WR,Kayshon Boutte,NE,@TEN,22,0.0,0.0,0.0,0.0,0.0,0.0,0.0,0.0,0.0,2.0,2.0,55.0,1.0,2.0,0.0,13.50,13.5
2025,7,FRR,RB,Woody Marks,HOU,@SEA,10,0.0,0.0,0.0,0.0,0.0,10.0,15.0,0.0,1.0,5.0,3.0,20.0,1.0,1.0,0.0,11.50,11.5
2025,7,FRR,QB,Sam Darnold,SEA,HOU,1,17.0,31.0,213.0,1.0,1.0,3.0,1.0,0.0,0.0,0.0,0.0,0.0,0.0,0.0,1.0,8.62,8.62
2025,7,FRR,RB,Michael Carter,ARI,GB,3,0.0,0.0,0.0,0.0,0.0,7.0,11.0,0.0,1.0,2.0,2.0,25.0,0.0,2.0,0.0,6.60,6.6
2025,7,FRR,TE,Travis Kelce,KC,LV,6,0.0,0.0,0.0,0.0,0.0,0.0,0.0,0.0,0.0,3.0,3.0,54.0,0.0,1.0,0.0,6.40,6.4
2025,7,FRR,WR,Drake London,ATL,@SF,9,0.0,0.0,0.0,0.0,0.0,0.0,0.0,0.0,0.0,10.0,4.0,42.0,0.0,2.0,0.0,6.20,6.2
2025,7,FRR,RB,Blake Corum,LAR,@JAC,8,0.0,0.0,0.0,0.0,0.0,12.0,37.0,0.0,1.0,1.0,1.0,6.0,0.0,0.0,0.0,5.30,5.3
2025,7,FRR,RB,Brian Robinson Dead Cap,SF,0,0,0.0,0.0,0.0,0.0,0.0,0.0,0.0,0.0,0.0,0.0,0.0,0.0,0.0,0.0,0.0,-,0.0
2025,7,FRR,WR,Jayden Higgins,HOU,@SEA,13,0.0,0.0,0.0,0.0,0.0,0.0,0.0,0.0,0.0,3.0,0.0,0.0,0.0,0.0,0.0,0.00,0.0
2025,7,FRR,WR,Calvin Ridley,TEN,NE,21,0.0,0.0,0.0,0.0,0.0,0.0,0.0,0.0,0.0,0.0,0.0,0.0,0.0,0.0,0.0,-,0.0
2025,7,FRR,WR,Terry McLaurin,WAS,@DAL,32,0.0,0.0,0.0,0.0,0.0,0.0,0.0,0.0,0.0,0.0,0.0,0.0,0.0,0.0,0.0,-,0.0
2025,7,FRR,TE,Darren Waller,MIA,@CLE,16,0.0,0.0,0.0,0.0,0.0,0.0,0.0,0.0,0.0,0.0,0.0,0.0,0.0,0.0,0.0,0.00,0.0
2025,7,FRR,QB,Jalen Milroe,SEA,HOU,1,0.0,0.0,0.0,0.0,0.0,0.0,0.0,0.0,0.0,0.0,0.0,0.0,0.0,0.0,0.0,-,0.0
2025,7,FRR,QB,Tua Tagovailoa,MIA,@CLE,2,12.0,23.0,100.0,0.0,3.0,3.0,6.0,0.0,0.0,0.0,0.0,0.0,0.0,0.0,0.0,-1.40,-1.4
2025,7,FRR,DST,Steelers,PIT,@CIN,27,,,,,,,,,,,,,,,,1.00,1.0
2025,7,GF,WR,Davante Adams,LAR,@JAC,26,0.0,0.0,0.0,0.0,0.0,0.0,0.0,0.0,0.0,8.0,5.0,35.0,3.0,5.0,0.0,26.50,26.5
2025,7,GF,WR,Jaxon Smith-Njigba,SEA,HOU,8,0.0,0.0,0.0,0.0,0.0,0.0,0.0,0.0,0.0,14.0,8.0,123.0,1.0,6.0,0.0,24.30,24.3
2025,7,GF,RB,Jaylen Warren,PIT,@CIN,32,0.0,0.0,0.0,0.0,0.0,16.0,127.0,0.0,6.0,5.0,4.0,31.0,0.0,2.0,0.0,23.80,23.8
2025,7,GF,RB,Josh Jacobs,GB,@ARI,21,0.0,0.0,0.0,0.0,0.0,13.0,55.0,2.0,4.0,1.0,1.0,3.0,0.0,0.0,0.0,21.80,21.8
2025,7,GF,QB,Trevor Lawrence,JAC,LAR,9,23.0,48.0,296.0,1.0,0.0,2.0,18.0,0.0,1.0,0.0,0.0,0.0,0.0,0.0,0.0,18.64,18.64
2025,7,GF,WR,Tez Johnson,TB,@DET,27,0.0,0.0,0.0,0.0,0.0,0.0,0.0,0.0,0.0,9.0,4.0,58.0,1.0,3.0,0.0,14.80,14.8
2025,7,GF,WR,Wan'Dale Robinson,NYG,@DEN,1,0.0,0.0,0.0,0.0,0.0,0.0,0.0,0.0,0.0,12.0,6.0,95.0,0.0,5.0,0.0,14.50,14.5
2025,7,GF,QB,Jordan Love,GB,@ARI,7,19.0,29.0,179.0,1.0,0.0,4.0,22.0,0.0,1.0,0.0,0.0,0.0,0.0,0.0,0.0,14.36,14.36
2025,7,GF,QB,Michael Penix,ATL,@SF,10,21.0,38.0,241.0,1.0,0.0,2.0,6.0,0.0,0.0,0.0,0.0,0.0,0.0,0.0,1.0,12.24,12.24
2025,7,GF,WR,Romeo Doubs,GB,@ARI,10,0.0,0.0,0.0,0.0,0.0,0.0,0.0,0.0,0.0,8.0,6.0,72.0,0.0,3.0,0.0,10.20,10.2
2025,7,GF,WR,Jalen Nailor,MIN,PHI,20,0.0,0.0,0.0,0.0,0.0,0.0,0.0,0.0,0.0,4.0,2.0,37.0,0.0,2.0,0.0,5.70,5.7
2025,7,GF,TE,Harold Fannin,CLE,MIA,25,0.0,0.0,0.0,0.0,0.0,0.0,0.0,0.0,0.0,5.0,4.0,36.0,0.0,2.0,0.0,5.60,5.6
2025,7,GF,RB,Tyjae Spears,TEN,NE,5,0.0,0.0,0.0,0.0,0.0,5.0,22.0,0.0,1.0,4.0,3.0,18.0,0.0,0.0,0.0,5.00,5.0
2025,7,GF,RB,Ashton Jeanty,LV,@KC,7,0.0,0.0,0.0,0.0,0.0,6.0,21.0,0.0,0.0,1.0,1.0,13.0,0.0,0.0,0.0,3.40,3.4
2025,7,GF,RB,Will Shipley,PHI,@MIN,14,0.0,0.0,0.0,0.0,0.0,0.0,0.0,0.0,0.0,1.0,1.0,7.0,0.0,0.0,0.0,0.70,0.7
2025,7,GF,TE,Dalton Kincaid,BUF,BYE,---,0.0,0.0,0.0,0.0,0.0,0.0,0.0,0.0,0.0,0.0,0.0,0.0,0.0,0.0,0.0,-,0.0
2025,7,GF,RB,MarShawn Lloyd,GB,@ARI,21,0.0,0.0,0.0,0.0,0.0,0.0,0.0,0.0,0.0,0.0,0.0,0.0,0.0,0.0,0.0,-,0.0
2025,7,GF,QB,JJ McCarthy,MIN,PHI,18,0.0,0.0,0.0,0.0,0.0,0.0,0.0,0.0,0.0,0.0,0.0,0.0,0.0,0.0,0.0,-,0.0
2025,7,GF,WR,Deebo Samuel,WAS,@DAL,32,0.0,0.0,0.0,0.0,0.0,0.0,0.0,0.0,0.0,0.0,0.0,0.0,0.0,0.0,0.0,-,0.0
2025,7,GF,TE,Brenton Strange,JAC,LAR,10,0.0,0.0,0.0,0.0,0.0,0.0,0.0,0.0,0.0,0.0,0.0,0.0,0.0,0.0,0.0,-,0.0
2025,7,GF,DST,Patriots,NE,@TEN,32,,,,,,,,,,,,,,,,22.00,22.0
2025,7,MAM,QB,Justin Herbert,LAC,IND,19,37.0,55.0,420.0,3.0,2.0,6.0,31.0,0.0,4.0,0.0,0.0,0.0,0.0,0.0,0.0,31.90,31.9
2025,7,MAM,WR,Rashee Rice,KC,LV,28,0.0,0.0,0.0,0.0,0.0,0.0,0.0,0.0,0.0,10.0,7.0,42.0,2.0,4.0,0.0,20.20,20.2
2025,7,MAM,TE,Tucker Kraft,GB,@ARI,27,0.0,0.0,0.0,0.0,0.0,0.0,0.0,0.0,0.0,10.0,5.0,58.0,1.0,4.0,0.0,15.80,15.8
2025,7,MAM,RB,RJ Harvey,DEN,NYG,17,0.0,0.0,0.0,0.0,0.0,4.0,0.0,0.0,0.0,2.0,1.0,2.0,1.0,1.0,0.0,7.20,7.2
2025,7,MAM,WR,DJ Moore,CHI,NO,15,0.0,0.0,0.0,0.0,0.0,1.0,9.0,0.0,0.0,5.0,3.0,43.0,0.0,2.0,0.0,7.20,7.2
2025,7,MAM,RB,Saquon Barkley,PHI,@MIN,14,0.0,0.0,0.0,0.0,0.0,18.0,44.0,0.0,2.0,1.0,1.0,-2.0,0.0,0.0,0.0,6.40,6.4
2025,7,MAM,QB,Caleb Williams,CHI,NO,25,15.0,26.0,172.0,0.0,1.0,4.0,-2.0,0.0,0.0,0.0,0.0,0.0,0.0,0.0,0.0,4.88,4.88
2025,7,MAM,RB,Alvin Kamara,NO,@CHI,24,0.0,0.0,0.0,0.0,0.0,11.0,28.0,0.0,1.0,3.0,3.0,1.0,0.0,0.0,0.0,3.90,3.9
2025,7,MAM,WR,Elic Ayomanor,TEN,NE,21,0.0,0.0,0.0,0.0,0.0,0.0,0.0,0.0,0.0,5.0,2.0,29.0,0.0,1.0,0.0,3.90,3.9
2025,7,MAM,WR,Jerry Jeudy,CLE,MIA,7,0.0,0.0,0.0,0.0,0.0,0.0,0.0,0.0,0.0,4.0,2.0,17.0,0.0,1.0,0.0,2.70,2.7
2025,7,MAM,RB,Bhayshul Tuten,JAC,LAR,4,0.0,0.0,0.0,0.0,0.0,5.0,22.0,0.0,0.0,0.0,0.0,0.0,0.0,0.0,0.0,2.20,2.2
2025,7,MAM,RB,Kendre Miller,NO,@CHI,24,0.0,0.0,0.0,0.0,0.0,1.0,7.0,0.0,0.0,0.0,0.0,0.0,0.0,0.0,0.0,0.70,0.7
2025,7,MAM,WR,Garrett Wilson,NYJ,CAR,3,0.0,0.0,0.0,0.0,0.0,0.0,0.0,0.0,0.0,0.0,0.0,0.0,0.0,0.0,0.0,-,0.0
2025,7,MAM,WR,Brandon Aiyuk,SF,ATL,2,0.0,0.0,0.0,0.0,0.0,0.0,0.0,0.0,0.0,0.0,0.0,0.0,0.0,0.0,0.0,-,0.0
2025,7,MAM,QB,Will Howard,PIT,@CIN,24,0.0,0.0,0.0,0.0,0.0,0.0,0.0,0.0,0.0,0.0,0.0,0.0,0.0,0.0,0.0,-,0.0
2025,7,MAM,RB,Jarquez Hunter,LAR,@JAC,8,0.0,0.0,0.0,0.0,0.0,0.0,0.0,0.0,0.0,0.0,0.0,0.0,0.0,0.0,0.0,-,0.0
2025,7,MAM,TE,David Njoku,CLE,MIA,25,0.0,0.0,0.0,0.0,0.0,0.0,0.0,0.0,0.0,0.0,0.0,0.0,0.0,0.0,0.0,-,0.0
2025,7,MAM,WR,Tory Horton,SEA,HOU,8,0.0,0.0,0.0,0.0,0.0,0.0,0.0,0.0,0.0,3.0,0.0,0.0,0.0,0.0,0.0,0.00,0.0
2025,7,MAM,WR,Josh Downs,IND,@LAC,5,0.0,0.0,0.0,0.0,0.0,0.0,0.0,0.0,0.0,0.0,0.0,0.0,0.0,0.0,0.0,-,0.0
2025,7,MAM,DST,Rams,LAR,@JAC,18,15.0,15.0,,,,,,,,,,,,,,,
2025,7,MAM,DST,Giants,NYG,@DEN,6,,,,,,,,,,,,,,,,2.00,2.0
2025,7,MCM,QB,Daniel Jones,IND,@LAC,14,23.0,34.0,288.0,2.0,0.0,5.0,7.0,0.0,0.0,0.0,0.0,0.0,0.0,0.0,0.0,22.22,22.22
2025,7,MCM,WR,Jordan Addison,MIN,PHI,20,0.0,0.0,0.0,0.0,0.0,0.0,0.0,0.0,0.0,12.0,9.0,128.0,0.0,6.0,0.0,18.80,18.8
2025,7,MCM,RB,Brashard Smith,KC,LV,20,0.0,0.0,0.0,0.0,0.0,14.0,39.0,0.0,1.0,5.0,5.0,42.0,0.0,2.0,0.0,11.10,11.1
2025,7,MCM,RB,Kyren Williams,LAR,@JAC,8,0.0,0.0,0.0,0.0,0.0,12.0,54.0,0.0,3.0,3.0,2.0,11.0,0.0,1.0,0.0,10.50,10.5
2025,7,MCM,QB,Mac Jones,SF,ATL,3,17.0,26.0,152.0,0.0,1.0,5.0,11.0,0.0,2.0,0.0,0.0,0.0,0.0,0.0,0.0,7.18,7.18
2025,7,MCM,WR,Jauan Jennings,SF,ATL,2,0.0,0.0,0.0,0.0,0.0,0.0,0.0,0.0,0.0,7.0,4.0,31.0,0.0,2.0,0.0,5.10,5.1
2025,7,MCM,WR,Tyquan Thornton,KC,LV,28,0.0,0.0,0.0,0.0,0.0,0.0,0.0,0.0,0.0,2.0,1.0,39.0,0.0,1.0,0.0,4.90,4.9
2025,7,MCM,RB,Kimani Vidal,LAC,IND,6,0.0,0.0,0.0,0.0,0.0,9.0,20.0,0.0,0.0,5.0,4.0,15.0,0.0,1.0,0.0,4.50,4.5
2025,7,MCM,TE,Colston Loveland,CHI,NO,20,0.0,0.0,0.0,0.0,0.0,0.0,0.0,0.0,0.0,4.0,3.0,24.0,0.0,2.0,0.0,4.40,4.4
2025,7,MCM,QB,Geno Smith,LV,@KC,11,10.0,16.0,67.0,0.0,0.0,2.0,1.0,0.0,0.0,0.0,0.0,0.0,0.0,0.0,0.0,2.78,2.78
2025,7,MCM,RB,Kenneth Gainwell,PIT,@CIN,32,0.0,0.0,0.0,0.0,0.0,3.0,14.0,0.0,1.0,2.0,2.0,1.0,0.0,0.0,0.0,2.50,2.5
2025,7,MCM,TE,AJ Barner,SEA,HOU,5,0.0,0.0,0.0,0.0,0.0,1.0,2.0,0.0,1.0,3.0,1.0,7.0,0.0,0.0,0.0,1.90,1.9
2025,7,MCM,WR,Khalil Shakir,BUF,BYE,---,0.0,0.0,0.0,0.0,0.0,0.0,0.0,0.0,0.0,0.0,0.0,0.0,0.0,0.0,0.0,-,0.0
2025,7,MCM,WR,Tutu Atwell,LAR,@JAC,26,0.0,0.0,0.0,0.0,0.0,0.0,0.0,0.0,0.0,0.0,0.0,0.0,0.0,0.0,0.0,0.00,0.0
2025,7,MCM,QB,Shedeur Sanders,CLE,MIA,28,0.0,0.0,0.0,0.0,0.0,0.0,0.0,0.0,0.0,0.0,0.0,0.0,0.0,0.0,0.0,-,0.0
2025,7,MCM,RB,Derrick Henry,BAL,BYE,---,0.0,0.0,0.0,0.0,0.0,0.0,0.0,0.0,0.0,0.0,0.0,0.0,0.0,0.0,0.0,-,0.0
2025,7,MCM,RB,James Conner,ARI,GB,3,0.0,0.0,0.0,0.0,0.0,0.0,0.0,0.0,0.0,0.0,0.0,0.0,0.0,0.0,0.0,-,0.0
2025,7,MCM,WR,Jakobi Meyers,LV,@KC,4,0.0,0.0,0.0,0.0,0.0,0.0,0.0,0.0,0.0,0.0,0.0,0.0,0.0,0.0,0.0,-,0.0
2025,7,MCM,WR,Puka Nacua,LAR,@JAC,26,0.0,0.0,0.0,0.0,0.0,0.0,0.0,0.0,0.0,0.0,0.0,0.0,0.0,0.0,0.0,-,0.0
2025,7,MCM,DST,Browns,CLE,MIA,30,,,,,,,,,,,,,,,,30.00,30.0
2025,7,MWM,QB,Jalen Hurts,PHI,@MIN,6,19.0,23.0,326.0,3.0,0.0,4.0,-10.0,0.0,1.0,0.0,0.0,0.0,0.0,0.0,0.0,26.04,26.04
2025,7,MWM,RB,Cam Skattebo,NYG,@DEN,11,0.0,0.0,0.0,0.0,0.0,16.0,60.0,0.0,3.0,6.0,3.0,34.0,1.0,2.0,0.0,20.40,20.4
2025,7,MWM,QB,Cam Ward,TEN,NE,8,25.0,34.0,255.0,1.0,1.0,0.0,0.0,0.0,0.0,0.0,0.0,0.0,0.0,0.0,1.0,10.20,10.2
2025,7,MWM,TE,Terrance Ferguson,LAR,@JAC,19,0.0,0.0,0.0,0.0,0.0,0.0,0.0,0.0,0.0,3.0,1.0,31.0,1.0,1.0,0.0,10.10,10.1
2025,7,MWM,WR,Stefon Diggs,NE,@TEN,22,0.0,0.0,0.0,0.0,0.0,0.0,0.0,0.0,0.0,7.0,7.0,69.0,0.0,3.0,0.0,9.90,9.9
2025,7,MWM,WR,Darnell Mooney,ATL,@SF,9,0.0,0.0,0.0,0.0,0.0,0.0,0.0,0.0,0.0,5.0,3.0,68.0,0.0,3.0,0.0,9.80,9.8
2025,7,MWM,WR,Rashid Shaheed,NO,@CHI,25,0.0,0.0,0.0,0.0,0.0,0.0,0.0,0.0,0.0,9.0,4.0,40.0,0.0,3.0,0.0,7.00,7.0
2025,7,MWM,RB,Kareem Hunt,KC,LV,20,0.0,0.0,0.0,0.0,0.0,4.0,18.0,0.0,3.0,0.0,0.0,0.0,0.0,0.0,0.0,4.80,4.8
2025,7,MWM,WR,Jaylen Waddle,MIA,@CLE,11,0.0,0.0,0.0,0.0,0.0,0.0,0.0,0.0,0.0,4.0,1.0,15.0,0.0,1.0,0.0,2.50,2.5
2025,7,MWM,"QB,TE",Taysom Hill,NO,@CHI,12,0.0,0.0,0.0,0.0,0.0,2.0,-4.0,0.0,1.0,2.0,2.0,12.0,0.0,0.0,0.0,2.20,2.2
2025,7,MWM,WR,Cooper Kupp,SEA,HOU,8,0.0,1.0,0.0,0.0,1.0,0.0,0.0,0.0,0.0,1.0,1.0,32.0,0.0,1.0,0.0,2.20,2.2
2025,7,MWM,RB,Tank Bigsby,PHI,@MIN,13,0.0,0.0,0.0,0.0,0.0,1.0,11.0,0.0,1.0,1.0,1.0,-1.0,0.0,0.0,0.0,2.10,2.1
2025,7,MWM,RB,Jerome Ford,CLE,MIA,29,0.0,0.0,0.0,0.0,0.0,1.0,0.0,0.0,0.0,2.0,2.0,10.0,0.0,1.0,0.0,2.00,2.0
2025,7,MWM,RB,Nick Chubb,HOU,@SEA,10,0.0,0.0,0.0,0.0,0.0,5.0,16.0,0.0,0.0,3.0,1.0,-5.0,0.0,0.0,0.0,1.60,1.6
2025,7,MWM,TE,Mark Andrews,BAL,BYE,---,0.0,0.0,0.0,0.0,0.0,0.0,0.0,0.0,0.0,0.0,0.0,0.0,0.0,0.0,0.0,-,0.0
2025,7,MWM,RB,Joe Mixon,HOU,@SEA,10,0.0,0.0,0.0,0.0,0.0,0.0,0.0,0.0,0.0,0.0,0.0,0.0,0.0,0.0,0.0,-,0.0
2025,7,MWM,WR,Christian Watson,GB,@ARI,10,0.0,0.0,0.0,0.0,0.0,0.0,0.0,0.0,0.0,0.0,0.0,0.0,0.0,0.0,0.0,-,0.0
2025,7,MWM,QB,Russell Wilson,NYG,@DEN,4,0.0,0.0,0.0,0.0,0.0,0.0,0.0,0.0,0.0,0.0,0.0,0.0,0.0,0.0,0.0,-,0.0
2025,7,MWM,TE,George Kittle,SF,ATL,1,0.0,0.0,0.0,0.0,0.0,0.0,0.0,0.0,0.0,2.0,0.0,0.0,0.0,0.0,0.0,0.00,0.0
2025,7,MWM,DST,Lions,DET,TB,12,,,,,,,,,,,,,,,,16.00,16.0
2025,7,NN,RB,Quinshon Judkins,CLE,MIA,29,0.0,0.0,0.0,0.0,0.0,25.0,84.0,3.0,5.0,0.0,0.0,0.0,0.0,0.0,0.0,31.40,31.4
2025,7,NN,QB,Dak Prescott,DAL,WAS,27,21.0,30.0,264.0,3.0,0.0,5.0,7.0,0.0,1.0,0.0,0.0,0.0,0.0,0.0,0.0,24.26,24.26
2025,7,NN,RB,Kyle Monangai,CHI,NO,25,0.0,0.0,0.0,0.0,0.0,13.0,81.0,1.0,6.0,3.0,2.0,13.0,0.0,1.0,0.0,22.40,22.4
2025,7,NN,RB,Zach Charbonnet,SEA,HOU,12,0.0,0.0,0.0,0.0,0.0,12.0,49.0,2.0,4.0,2.0,2.0,6.0,0.0,0.0,0.0,21.50,21.5
2025,7,NN,TE,Jake Ferguson,DAL,WAS,21,0.0,0.0,0.0,0.0,0.0,0.0,0.0,0.0,0.0,7.0,7.0,29.0,2.0,3.0,0.0,17.90,17.9
2025,7,NN,TE,Theo Johnson,NYG,@DEN,14,0.0,0.0,0.0,0.0,0.0,0.0,0.0,0.0,0.0,7.0,3.0,66.0,1.0,2.0,0.0,14.60,14.6
2025,7,NN,QB,Carson Wentz,MIN,PHI,18,26.0,42.0,313.0,0.0,2.0,4.0,28.0,0.0,2.0,0.0,0.0,0.0,0.0,0.0,0.0,13.32,13.32
2025,7,NN,WR,Troy Franklin,DEN,NYG,30,0.0,0.0,0.0,0.0,0.0,0.0,0.0,0.0,0.0,10.0,3.0,19.0,1.0,2.0,0.0,11.90,11.9
2025,7,NN,WR,Justin Jefferson,MIN,PHI,20,0.0,0.0,0.0,0.0,0.0,0.0,0.0,0.0,0.0,10.0,5.0,79.0,0.0,3.0,0.0,10.90,10.9
2025,7,NN,WR,Xavier Worthy,KC,LV,28,0.0,0.0,0.0,0.0,0.0,1.0,13.0,0.0,1.0,4.0,3.0,35.0,0.0,2.0,0.0,7.80,7.8
2025,7,NN,RB,Breece Hall,NYJ,CAR,9,0.0,0.0,0.0,0.0,0.0,11.0,38.0,0.0,2.0,3.0,2.0,14.0,0.0,0.0,0.0,7.20,7.2
2025,7,NN,RB,Brian Robinson,SF,ATL,18,0.0,0.0,0.0,0.0,0.0,9.0,36.0,0.0,1.0,0.0,0.0,0.0,0.0,0.0,0.0,4.60,4.6
2025,7,NN,RB,Tyler Allgeier,ATL,@SF,16,0.0,0.0,0.0,0.0,0.0,4.0,16.0,0.0,2.0,0.0,0.0,0.0,0.0,0.0,0.0,3.60,3.6
2025,7,NN,WR,Pat Bryant,DEN,NYG,30,0.0,0.0,0.0,0.0,0.0,0.0,0.0,0.0,0.0,4.0,1.0,6.0,0.0,0.0,0.0,0.60,0.6
2025,7,NN,WR,Jalen Coker,CAR,@NYJ,17,0.0,0.0,0.0,0.0,0.0,0.0,0.0,0.0,0.0,2.0,0.0,0.0,0.0,0.0,0.0,0.00,0.0
2025,7,NN,WR,Malik Nabers,NYG,@DEN,1,0.0,0.0,0.0,0.0,0.0,0.0,0.0,0.0,0.0,0.0,0.0,0.0,0.0,0.0,0.0,-,0.0
2025,7,NN,QB,Tyler Shough,NO,@CHI,23,0.0,0.0,0.0,0.0,0.0,0.0,0.0,0.0,0.0,0.0,0.0,0.0,0.0,0.0,0.0,-,0.0
2025,7,NN,RB,Braelon Allen,NYJ,CAR,9,0.0,0.0,0.0,0.0,0.0,0.0,0.0,0.0,0.0,0.0,0.0,0.0,0.0,0.0,0.0,-,0.0
2025,7,NN,QB,Joe Burrow,CIN,PIT,29,0.0,0.0,0.0,0.0,0.0,0.0,0.0,0.0,0.0,0.0,0.0,0.0,0.0,0.0,0.0,-,0.0
2025,7,NN,WR,Keon Coleman,BUF,BYE,---,0.0,0.0,0.0,0.0,0.0,0.0,0.0,0.0,0.0,0.0,0.0,0.0,0.0,0.0,0.0,-,0.0
2025,7,NN,DST,Bears,CHI,NO,21,,,,,,,,,,,,,,,,18.00,18.0
2025,7,VD,RB,Bijan Robinson,ATL,@SF,16,0.0,0.0,0.0,0.0,0.0,14.0,40.0,0.0,1.0,8.0,6.0,52.0,1.0,3.0,0.0,19.20,19.2
2025,7,VD,WR,Michael Pittman,IND,@LAC,5,0.0,0.0,0.0,0.0,0.0,0.0,0.0,0.0,0.0,9.0,7.0,58.0,1.0,5.0,0.0,18.80,18.8
2025,7,VD,QB,Baker Mayfield,TB,@DET,21,28.0,50.0,228.0,1.0,1.0,0.0,0.0,0.0,0.0,0.0,0.0,0.0,0.0,0.0,0.0,11.12,11.12
2025,7,VD,TE,Juwan Johnson,NO,@CHI,12,0.0,0.0,0.0,0.0,0.0,0.0,0.0,0.0,0.0,7.0,5.0,79.0,0.0,3.0,0.0,10.90,10.9
2025,7,VD,WR,Jaylin Noel,HOU,@SEA,13,0.0,0.0,0.0,0.0,0.0,0.0,0.0,0.0,0.0,7.0,4.0,77.0,0.0,3.0,0.0,10.70,10.7
2025,7,VD,QB,Bryce Young,CAR,@NYJ,20,15.0,25.0,138.0,1.0,0.0,2.0,10.0,0.0,0.0,0.0,0.0,0.0,0.0,0.0,0.0,10.52,10.52
2025,7,VD,TE,Kyle Pitts,ATL,@SF,15,0.0,0.0,0.0,0.0,0.0,0.0,0.0,0.0,0.0,10.0,7.0,62.0,0.0,4.0,0.0,10.20,10.2
2025,7,VD,WR,Ladd McConkey,LAC,IND,29,0.0,0.0,0.0,0.0,0.0,0.0,0.0,0.0,0.0,15.0,9.0,67.0,0.0,3.0,0.0,9.70,9.7
2025,7,VD,WR,Marvin Harrison,ARI,GB,19,0.0,0.0,0.0,0.0,0.0,0.0,0.0,0.0,0.0,6.0,2.0,58.0,0.0,2.0,0.0,7.80,7.8
2025,7,VD,WR,Rome Odunze,CHI,NO,15,0.0,0.0,0.0,0.0,0.0,0.0,0.0,0.0,0.0,6.0,2.0,31.0,0.0,2.0,0.0,5.10,5.1
2025,7,VD,QB,Justin Fields,NYJ,CAR,5,6.0,12.0,46.0,0.0,0.0,4.0,22.0,0.0,1.0,0.0,0.0,0.0,0.0,0.0,0.0,5.04,5.04
2025,7,VD,RB,Ollie Gordon,MIA,@CLE,1,0.0,0.0,0.0,0.0,0.0,5.0,11.0,0.0,1.0,2.0,1.0,2.0,0.0,0.0,0.0,2.30,2.3
2025,7,VD,QB,Anthony Richardson,IND,@LAC,14,0.0,0.0,0.0,0.0,0.0,0.0,0.0,0.0,0.0,0.0,0.0,0.0,0.0,0.0,0.0,-,0.0
2025,7,VD,WR,Chris Godwin,TB,@DET,27,0.0,0.0,0.0,0.0,0.0,0.0,0.0,0.0,0.0,0.0,0.0,0.0,0.0,0.0,0.0,-,0.0
2025,7,VD,WR,Tyreek Hill,MIA,@CLE,11,0.0,0.0,0.0,0.0,0.0,0.0,0.0,0.0,0.0,0.0,0.0,0.0,0.0,0.0,0.0,-,0.0
2025,7,VD,RB,Trey Benson,ARI,GB,3,0.0,0.0,0.0,0.0,0.0,0.0,0.0,0.0,0.0,0.0,0.0,0.0,0.0,0.0,0.0,-,0.0
2025,7,VD,RB,Kaleb Johnson,PIT,@CIN,32,0.0,0.0,0.0,0.0,0.0,0.0,0.0,0.0,0.0,0.0,0.0,0.0,0.0,0.0,0.0,-,0.0
2025,7,VD,RB,Omarion Hampton,LAC,IND,6,0.0,0.0,0.0,0.0,0.0,0.0,0.0,0.0,0.0,0.0,0.0,0.0,0.0,0.0,0.0,-,0.0
2025,7,VD,RB,Bucky Irving,TB,@DET,2,0.0,0.0,0.0,0.0,0.0,0.0,0.0,0.0,0.0,0.0,0.0,0.0,0.0,0.0,0.0,-,0.0
2025,7,VD,RB,Keaton Mitchell,BAL,BYE,---,0.0,0.0,0.0,0.0,0.0,0.0,0.0,0.0,0.0,0.0,0.0,0.0,0.0,0.0,0.0,-,0.0
2025,7,VD,DST,Packers,GB,@ARI,20,,,,,,,,,,,,,,,,10.00,10.0
2025,7,WLW,WR,Travis Hunter,JAC,LAR,18,0.0,0.0,0.0,0.0,0.0,1.0,0.0,0.0,0.0,14.0,8.0,101.0,1.0,5.0,0.0,21.10,21.1
2025,7,WLW,WR,CeeDee Lamb,DAL,WAS,23,0.0,0.0,0.0,0.0,0.0,0.0,0.0,0.0,0.0,8.0,5.0,110.0,1.0,3.0,0.0,20.00,20.0
2025,7,WLW,RB,Chase Brown,CIN,PIT,13,0.0,0.0,0.0,0.0,0.0,11.0,108.0,0.0,4.0,4.0,2.0,-8.0,0.0,0.0,0.0,14.80,14.8
2025,7,WLW,RB,Rico Dowdle,CAR,@NYJ,15,0.0,0.0,0.0,0.0,0.0,17.0,79.0,0.0,4.0,2.0,1.0,17.0,0.0,1.0,0.0,14.60,14.6
2025,7,WLW,WR,Alec Pierce,IND,@LAC,5,0.0,0.0,0.0,0.0,0.0,0.0,0.0,0.0,0.0,10.0,5.0,98.0,0.0,4.0,0.0,13.80,13.8
2025,7,WLW,QB,CJ Stroud,HOU,@SEA,12,23.0,49.0,229.0,1.0,1.0,2.0,25.0,0.0,0.0,0.0,0.0,0.0,0.0,0.0,0.0,13.66,13.66
2025,7,WLW,QB,Jared Goff,DET,TB,22,20.0,29.0,241.0,1.0,1.0,2.0,7.0,0.0,1.0,0.0,0.0,0.0,0.0,0.0,1.0,11.34,11.34
2025,7,WLW,RB,JK Dobbins,DEN,NYG,17,0.0,0.0,0.0,0.0,0.0,14.0,81.0,0.0,3.0,1.0,1.0,-1.0,0.0,0.0,0.0,11.10,11.1
2025,7,WLW,RB,Chuba Hubbard,CAR,@NYJ,15,0.0,0.0,0.0,0.0,0.0,14.0,31.0,0.0,3.0,3.0,2.0,24.0,0.0,1.0,0.0,9.50,9.5
2025,7,WLW,WR,Marquise Brown,KC,LV,28,0.0,0.0,0.0,0.0,0.0,0.0,0.0,0.0,0.0,4.0,2.0,14.0,1.0,2.0,0.0,9.40,9.4
2025,7,WLW,RB,Tony Pollard,TEN,NE,5,0.0,0.0,0.0,0.0,0.0,6.0,18.0,0.0,0.0,6.0,6.0,43.0,0.0,3.0,0.0,9.10,9.1
2025,7,WLW,WR,Tre Tucker,LV,@KC,4,0.0,0.0,0.0,0.0,0.0,0.0,0.0,0.0,0.0,6.0,5.0,33.0,0.0,2.0,0.0,5.30,5.3
2025,7,WLW,WR,Nico Collins,HOU,@SEA,13,0.0,0.0,0.0,0.0,0.0,0.0,0.0,0.0,0.0,10.0,4.0,27.0,0.0,2.0,0.0,4.70,4.7
2025,7,WLW,TE,Sam LaPorta,DET,TB,17,0.0,0.0,0.0,0.0,0.0,0.0,0.0,0.0,0.0,3.0,3.0,15.0,0.0,1.0,0.0,2.50,2.5
2025,7,WLW,RB,Devin Neal,NO,@CHI,24,0.0,0.0,0.0,0.0,0.0,1.0,1.0,0.0,0.0,0.0,0.0,0.0,0.0,0.0,0.0,0.10,0.1
2025,7,WLW,WR,Rashod Bateman,BAL,BYE,---,0.0,0.0,0.0,0.0,0.0,0.0,0.0,0.0,0.0,0.0,0.0,0.0,0.0,0.0,0.0,-,0.0
2025,7,WLW,QB,Lamar Jackson,BAL,BYE,---,0.0,0.0,0.0,0.0,0.0,0.0,0.0,0.0,0.0,0.0,0.0,0.0,0.0,0.0,0.0,-,0.0
2025,7,WLW,WR,Christian Kirk,HOU,@SEA,13,0.0,0.0,0.0,0.0,0.0,0.0,0.0,0.0,0.0,0.0,0.0,0.0,0.0,0.0,0.0,-,0.0
2025,7,WLW,DST,Broncos,DEN,NYG,22,,,,,,,,,,,,,,,,6.00,6.0
