Season,Week,TRUFFLE,Pos,Player,NFL,Opp,OpRk,PaCmp,PaAtt,PaYd,PaTD,PaInt,RuAtt,RuYd,RuTD,RuFD,Tar,Rec,ReYd,ReTD,ReFD,FL,Avg,FPts
2024,1,ABT,RB,Saquon Barkley,PHI,GB,17,0.0,0.0,0.0,0.0,0.0,24.0,109.0,2.0,6.0,2.0,2.0,23.0,1.0,1.0,0.0,38.2,38.2
2024,1,ABT,RB,Alvin Kamara,NO,CAR,32,0.0,0.0,0.0,0.0,0.0,15.0,83.0,1.0,5.0,5.0,5.0,27.0,0.0,0.0,0.0,22,22.0
2024,1,ABT,QB,Dak Prescott,DAL,@CLE,10,19.0,32.0,179.0,1.0,0.0,1.0,3.0,0.0,1.0,0.0,0.0,0.0,0.0,0.0,0.0,12.46,12.46
2024,1,ABT,QB,Caleb Williams,CHI,TEN,14,14.0,29.0,93.0,0.0,0.0,5.0,15.0,0.0,1.0,0.0,0.0,0.0,0.0,0.0,0.0,8.22,8.22
2024,1,ABT,WR,DJ Moore,CHI,TEN,1,0.0,0.0,0.0,0.0,0.0,1.0,14.0,0.0,1.0,8.0,5.0,36.0,0.0,2.0,0.0,8,8.0
2024,1,ABT,WR,Josh Reynolds,DEN,@SEA,10,0.0,0.0,0.0,0.0,0.0,0.0,0.0,0.0,0.0,8.0,5.0,45.0,0.0,3.0,0.0,7.5,7.5
2024,1,ABT,WR,Puka Nacua,LAR,@DET,28,0.0,0.0,0.0,0.0,0.0,1.0,7.0,0.0,0.0,4.0,4.0,35.0,0.0,1.0,0.0,5.2,5.2
2024,1,ABT,WR,Keenan Allen,CHI,TEN,1,0.0,0.0,0.0,0.0,0.0,0.0,0.0,0.0,0.0,11.0,4.0,29.0,0.0,2.0,0.0,4.9,4.9
2024,1,ABT,RB,Audric Estime,DEN,@SEA,22,0.0,0.0,0.0,0.0,0.0,2.0,14.0,0.0,1.0,0.0,0.0,0.0,0.0,0.0,0.0,2.4,2.4
2024,1,ABT,RB,Chase Brown,CIN,NE,20,0.0,0.0,0.0,0.0,0.0,3.0,11.0,0.0,0.0,3.0,3.0,12.0,0.0,0.0,0.0,2.3,2.3
2024,1,ABT,RB,Kenneth Gainwell,PHI,GB,17,0.0,0.0,0.0,0.0,0.0,1.0,2.0,0.0,0.0,1.0,1.0,10.0,0.0,1.0,0.0,2.2,2.2
2024,1,ABT,WR,Chris Olave,NO,CAR,23,0.0,0.0,0.0,0.0,0.0,0.0,0.0,0.0,0.0,2.0,2.0,11.0,0.0,1.0,0.0,2.1,2.1
2024,1,ABT,TE,Jake Ferguson,DAL,@CLE,8,0.0,0.0,0.0,0.0,0.0,0.0,0.0,0.0,0.0,5.0,3.0,15.0,0.0,0.0,0.0,1.5,1.5
2024,1,ABT,WR,Josh Downs,IND,HOU,20,0.0,0.0,0.0,0.0,0.0,0.0,0.0,0.0,0.0,0.0,0.0,0.0,0.0,0.0,0.0,-,0.0
2024,1,ABT,WR,Jermaine Burton,CIN,NE,15,0.0,0.0,0.0,0.0,0.0,0.0,0.0,0.0,0.0,0.0,0.0,0.0,0.0,0.0,0.0,0,0.0
2024,1,ABT,WR,Roman Wilson,PIT,@ATL,19,0.0,0.0,0.0,0.0,0.0,0.0,0.0,0.0,0.0,0.0,0.0,0.0,0.0,0.0,0.0,-,0.0
2024,1,ABT,RB,Kimani Vidal,LAC,LV,24,0.0,0.0,0.0,0.0,0.0,0.0,0.0,0.0,0.0,0.0,0.0,0.0,0.0,0.0,0.0,-,0.0
2024,1,ABT,RB,Keaton Mitchell,BAL,@KC,2,0.0,0.0,0.0,0.0,0.0,0.0,0.0,0.0,0.0,0.0,0.0,0.0,0.0,0.0,0.0,-,0.0
2024,1,ABT,DST,Seahawks,SEA,DEN,13,,,,,,,,,,,,,,,,9,9.0
2024,1,CLC,RB,Jordan Mason,SF,NYJ,8,0.0,0.0,0.0,0.0,0.0,28.0,147.0,1.0,8.0,1.0,1.0,5.0,0.0,1.0,0.0,30.2,30.2
2024,1,CLC,WR,Nico Collins,HOU,@IND,24,0.0,0.0,0.0,0.0,0.0,0.0,0.0,0.0,0.0,8.0,6.0,117.0,0.0,6.0,0.0,17.7,17.7
2024,1,CLC,RB,Breece Hall,NYJ,@SF,15,0.0,0.0,0.0,0.0,0.0,16.0,54.0,1.0,2.0,6.0,5.0,39.0,0.0,2.0,1.0,17.3,17.3
2024,1,CLC,RB,Zack Moss,CIN,NE,20,0.0,0.0,0.0,0.0,0.0,9.0,44.0,1.0,4.0,4.0,2.0,17.0,0.0,1.0,0.0,17.1,17.1
2024,1,CLC,QB,Justin Fields,PIT,@ATL,24,17.0,23.0,156.0,0.0,0.0,14.0,57.0,0.0,5.0,0.0,0.0,0.0,0.0,0.0,0.0,16.94,16.94
2024,1,CLC,QB,Jordan Love,GB,@PHI,17,17.0,34.0,260.0,2.0,1.0,0.0,0.0,0.0,0.0,0.0,0.0,0.0,0.0,0.0,0.0,16.4,16.4
2024,1,CLC,WR,Jaylen Waddle,MIA,JAC,32,0.0,0.0,0.0,0.0,0.0,1.0,3.0,0.0,0.0,5.0,5.0,109.0,0.0,4.0,0.0,15.2,15.2
2024,1,CLC,WR,DeVonta Smith,PHI,GB,26,0.0,0.0,0.0,0.0,0.0,0.0,0.0,0.0,0.0,8.0,7.0,84.0,0.0,5.0,0.0,13.4,13.4
2024,1,CLC,RB,Justice Hill,BAL,@KC,2,0.0,0.0,0.0,0.0,0.0,1.0,3.0,0.0,1.0,8.0,6.0,52.0,0.0,2.0,0.0,8.5,8.5
2024,1,CLC,TE,Chigoziem Okonkwo,TEN,@CHI,6,0.0,0.0,0.0,0.0,0.0,0.0,0.0,0.0,0.0,2.0,2.0,15.0,1.0,1.0,0.0,8.5,8.5
2024,1,CLC,RB,Javonte Williams,DEN,@SEA,22,0.0,0.0,0.0,0.0,0.0,8.0,23.0,0.0,1.0,2.0,1.0,0.0,0.0,0.0,0.0,3.3,3.3
2024,1,CLC,WR,Darnell Mooney,ATL,PIT,13,0.0,0.0,0.0,0.0,0.0,0.0,0.0,0.0,0.0,3.0,1.0,15.0,0.0,1.0,0.0,2.5,2.5
2024,1,CLC,TE,Dalton Kincaid,BUF,ARI,18,0.0,0.0,0.0,0.0,0.0,0.0,0.0,0.0,0.0,2.0,1.0,11.0,0.0,1.0,0.0,2.1,2.1
2024,1,CLC,WR,Rome Odunze,CHI,TEN,1,0.0,0.0,0.0,0.0,0.0,0.0,0.0,0.0,0.0,4.0,1.0,11.0,0.0,1.0,0.0,2.1,2.1
2024,1,CLC,WR,Curtis Samuel,BUF,ARI,17,0.0,0.0,0.0,0.0,0.0,0.0,0.0,0.0,0.0,2.0,2.0,15.0,0.0,0.0,0.0,1.5,1.5
2024,1,CLC,WR,Ja'Lynn Polk,NE,@CIN,18,0.0,0.0,0.0,0.0,0.0,0.0,0.0,0.0,0.0,1.0,1.0,6.0,0.0,0.0,0.0,0.6,0.6
2024,1,CLC,WR,Ricky Pearsall,SF,NYJ,7,0.0,0.0,0.0,0.0,0.0,0.0,0.0,0.0,0.0,0.0,0.0,0.0,0.0,0.0,0.0,-,0.0
2024,1,CLC,RB,Roschon Johnson,CHI,TEN,11,0.0,0.0,0.0,0.0,0.0,0.0,0.0,0.0,0.0,0.0,0.0,0.0,0.0,0.0,0.0,-,0.0
2024,1,CLC,DST,Bears,CHI,TEN,32,,,,,,,,,,,,,,,,23,23.0
2024,1,CPC,RB,JK Dobbins,LAC,LV,24,0.0,0.0,0.0,0.0,0.0,10.0,135.0,1.0,4.0,3.0,3.0,4.0,0.0,0.0,0.0,23.9,23.9
2024,1,CPC,WR,Tyreek Hill,MIA,JAC,32,0.0,0.0,0.0,0.0,0.0,0.0,0.0,0.0,0.0,12.0,7.0,130.0,1.0,4.0,0.0,23,23.0
2024,1,CPC,QB,Derek Carr,NO,CAR,26,19.0,23.0,200.0,3.0,0.0,2.0,13.0,0.0,1.0,0.0,0.0,0.0,0.0,0.0,0.0,22.3,22.3
2024,1,CPC,RB,Tony Pollard,TEN,@CHI,21,0.0,0.0,0.0,0.0,0.0,16.0,82.0,1.0,5.0,4.0,3.0,12.0,0.0,0.0,0.0,20.4,20.4
2024,1,CPC,RB,Brian Robinson,WAS,@TB,13,0.0,0.0,0.0,0.0,0.0,12.0,40.0,1.0,3.0,4.0,3.0,49.0,0.0,1.0,0.0,18.9,18.9
2024,1,CPC,QB,Sam Darnold,MIN,@NYG,18,19.0,24.0,208.0,2.0,1.0,3.0,3.0,0.0,1.0,0.0,0.0,0.0,0.0,0.0,0.0,15.62,15.62
2024,1,CPC,RB,Derrick Henry,BAL,@KC,2,0.0,0.0,0.0,0.0,0.0,13.0,46.0,1.0,5.0,2.0,0.0,0.0,0.0,0.0,0.0,15.6,15.6
2024,1,CPC,RB,James Cook,BUF,ARI,27,0.0,0.0,0.0,0.0,0.0,19.0,71.0,0.0,3.0,3.0,3.0,32.0,0.0,1.0,0.0,14.3,14.3
2024,1,CPC,WR,Tyler Lockett,SEA,DEN,2,0.0,0.0,0.0,0.0,0.0,0.0,0.0,0.0,0.0,7.0,6.0,77.0,0.0,5.0,0.0,12.7,12.7
2024,1,CPC,WR,Ladd McConkey,LAC,LV,16,0.0,0.0,0.0,0.0,0.0,0.0,0.0,0.0,0.0,7.0,5.0,39.0,1.0,2.0,0.0,11.9,11.9
2024,1,CPC,WR,Ja'Marr Chase,CIN,NE,15,0.0,0.0,0.0,0.0,0.0,0.0,0.0,0.0,0.0,6.0,6.0,62.0,0.0,3.0,0.0,9.2,9.2
2024,1,CPC,WR,Jakobi Meyers,LV,@LAC,3,0.0,0.0,0.0,0.0,0.0,1.0,3.0,0.0,0.0,3.0,3.0,61.0,0.0,2.0,0.0,8.4,8.4
2024,1,CPC,TE,George Kittle,SF,NYJ,3,0.0,0.0,0.0,0.0,0.0,0.0,0.0,0.0,0.0,5.0,4.0,40.0,0.0,1.0,0.0,5,5.0
2024,1,CPC,TE,Ja'Tavion Sanders,CAR,@NO,23,0.0,0.0,0.0,0.0,0.0,0.0,0.0,0.0,0.0,1.0,1.0,4.0,0.0,0.0,0.0,0.4,0.4
2024,1,CPC,QB,Drake Maye,NE,@CIN,29,0.0,0.0,0.0,0.0,0.0,0.0,0.0,0.0,0.0,0.0,0.0,0.0,0.0,0.0,0.0,-,0.0
2024,1,CPC,WR,Dontayvion Wicks,GB,@PHI,30,0.0,0.0,0.0,0.0,0.0,0.0,0.0,0.0,0.0,3.0,0.0,0.0,0.0,0.0,0.0,0,0.0
2024,1,CPC,WR,Tee Higgins,CIN,NE,15,0.0,0.0,0.0,0.0,0.0,0.0,0.0,0.0,0.0,0.0,0.0,0.0,0.0,0.0,0.0,-,0.0
2024,1,CPC,DST,Jets,NYJ,@SF,18,,,,,,,,,,,,,,,,2,2.0
2024,1,DDD,RB,Kenneth Walker,SEA,DEN,10,0.0,0.0,0.0,0.0,0.0,20.0,103.0,1.0,4.0,3.0,2.0,6.0,0.0,1.0,0.0,21.9,21.9
2024,1,DDD,RB,De'Von Achane,MIA,JAC,23,0.0,0.0,0.0,0.0,0.0,10.0,24.0,1.0,1.0,7.0,7.0,76.0,0.0,2.0,0.0,19,19.0
2024,1,DDD,RB,Jahmyr Gibbs,DET,LAR,29,0.0,0.0,0.0,0.0,0.0,11.0,40.0,1.0,3.0,6.0,4.0,34.0,0.0,2.0,0.0,18.4,18.4
2024,1,DDD,QB,Deshaun Watson,CLE,DAL,22,24.0,45.0,169.0,1.0,2.0,5.0,39.0,0.0,2.0,0.0,0.0,0.0,0.0,0.0,0.0,12.66,12.66
2024,1,DDD,QB,Jared Goff,DET,LAR,25,18.0,28.0,217.0,1.0,1.0,1.0,7.0,0.0,1.0,0.0,0.0,0.0,0.0,0.0,0.0,12.38,12.38
2024,1,DDD,RB,Bucky Irving,TB,WAS,18,0.0,0.0,0.0,0.0,0.0,9.0,62.0,0.0,2.0,3.0,2.0,14.0,0.0,0.0,0.0,9.6,9.6
2024,1,DDD,RB,Tank Bigsby,JAC,@MIA,30,0.0,0.0,0.0,0.0,0.0,12.0,73.0,0.0,2.0,0.0,0.0,0.0,0.0,0.0,0.0,9.3,9.3
2024,1,DDD,WR,Tank Dell,HOU,@IND,24,0.0,0.0,0.0,0.0,0.0,2.0,19.0,0.0,1.0,7.0,3.0,40.0,0.0,2.0,0.0,8.9,8.9
2024,1,DDD,WR,Malik Nabers,NYG,MIN,29,0.0,0.0,0.0,0.0,0.0,0.0,0.0,0.0,0.0,7.0,5.0,66.0,0.0,2.0,0.0,8.6,8.6
2024,1,DDD,TE,Sam LaPorta,DET,LAR,31,0.0,0.0,0.0,0.0,0.0,0.0,0.0,0.0,0.0,5.0,4.0,45.0,0.0,2.0,0.0,6.5,6.5
2024,1,DDD,WR,Zay Flowers,BAL,@KC,9,0.0,0.0,0.0,0.0,0.0,2.0,14.0,0.0,0.0,10.0,6.0,37.0,0.0,1.0,0.0,6.1,6.1
2024,1,DDD,WR,Quentin Johnston,LAC,LV,16,0.0,0.0,0.0,0.0,0.0,0.0,0.0,0.0,0.0,5.0,3.0,38.0,0.0,1.0,0.0,4.8,4.8
2024,1,DDD,RB,Jaleel McLaughlin,DEN,@SEA,22,0.0,0.0,0.0,0.0,0.0,10.0,27.0,0.0,2.0,5.0,5.0,1.0,0.0,0.0,1.0,2.8,2.8
2024,1,DDD,TE,Mike Gesicki,CIN,NE,19,0.0,0.0,0.0,0.0,0.0,0.0,0.0,0.0,0.0,4.0,3.0,18.0,0.0,0.0,0.0,1.8,1.8
2024,1,DDD,WR,Adonai Mitchell,IND,HOU,20,0.0,0.0,0.0,0.0,0.0,0.0,0.0,0.0,0.0,5.0,1.0,2.0,0.0,0.0,0.0,0.2,0.2
2024,1,DDD,WR,Ronnie Bell,SF,NYJ,7,0.0,0.0,0.0,0.0,0.0,0.0,0.0,0.0,0.0,0.0,0.0,0.0,0.0,0.0,0.0,0,0.0
2024,1,DDD,RB,Kendre Miller,NO,CAR,32,0.0,0.0,0.0,0.0,0.0,0.0,0.0,0.0,0.0,0.0,0.0,0.0,0.0,0.0,0.0,-,0.0
2024,1,DDD,WR,Tim Patrick,DET,LAR,22,0.0,0.0,0.0,0.0,0.0,0.0,0.0,0.0,0.0,0.0,0.0,0.0,0.0,0.0,0.0,-,0.0
2024,1,DDD,DST,Eagles,PHI,GB,15,,,,,,,,,,,,,,,,3,3.0
2024,1,LBC,QB,Anthony Richardson,IND,HOU,21,9.0,19.0,212.0,2.0,1.0,6.0,56.0,1.0,5.0,0.0,0.0,0.0,0.0,0.0,0.0,31.08,31.08
2024,1,LBC,RB,Rhamondre Stevenson,NE,@CIN,25,0.0,0.0,0.0,0.0,0.0,25.0,120.0,1.0,8.0,3.0,3.0,6.0,0.0,0.0,0.0,26.6,26.6
2024,1,LBC,RB,Isiah Pacheco,KC,BAL,3,0.0,0.0,0.0,0.0,0.0,15.0,45.0,1.0,2.0,3.0,2.0,33.0,0.0,2.0,0.0,17.8,17.8
2024,1,LBC,QB,Bo Nix,DEN,@SEA,19,26.0,42.0,138.0,0.0,2.0,5.0,35.0,1.0,3.0,0.0,0.0,0.0,0.0,0.0,0.0,14.02,14.02
2024,1,LBC,RB,Travis Etienne,JAC,@MIA,29,0.0,0.0,0.0,0.0,0.0,12.0,44.0,1.0,3.0,3.0,2.0,15.0,0.0,1.0,1.0,13.9,13.9
2024,1,LBC,WR,Jerry Jeudy,CLE,DAL,8,0.0,0.0,0.0,0.0,0.0,0.0,0.0,0.0,0.0,8.0,3.0,25.0,1.0,2.0,0.0,10.5,10.5
2024,1,LBC,TE,Brock Bowers,LV,@LAC,20,0.0,0.0,0.0,0.0,0.0,0.0,0.0,0.0,0.0,8.0,6.0,58.0,0.0,3.0,0.0,8.8,8.8
2024,1,LBC,QB,Aaron Rodgers,NYJ,@SF,11,13.0,21.0,167.0,1.0,1.0,1.0,-1.0,0.0,0.0,0.0,0.0,0.0,0.0,0.0,0.0,8.68,8.68
2024,1,LBC,WR,Michael Wilson,ARI,@BUF,5,0.0,0.0,0.0,0.0,0.0,0.0,0.0,0.0,0.0,2.0,1.0,5.0,1.0,1.0,0.0,7.5,7.5
2024,1,LBC,TE,Trey McBride,ARI,@BUF,11,0.0,0.0,0.0,0.0,0.0,0.0,0.0,0.0,0.0,9.0,5.0,30.0,0.0,2.0,0.0,5,5.0
2024,1,LBC,WR,Brandon Aiyuk,SF,NYJ,7,0.0,0.0,0.0,0.0,0.0,0.0,0.0,0.0,0.0,5.0,2.0,28.0,0.0,2.0,0.0,4.8,4.8
2024,1,LBC,WR,Michael Pittman,IND,HOU,20,0.0,0.0,0.0,0.0,0.0,0.0,0.0,0.0,0.0,8.0,4.0,31.0,0.0,1.0,0.0,4.1,4.1
2024,1,LBC,WR,Jaxon Smith-Njigba,SEA,DEN,2,0.0,0.0,0.0,0.0,0.0,0.0,0.0,0.0,0.0,2.0,2.0,19.0,0.0,2.0,0.0,3.9,3.9
2024,1,LBC,RB,Raheem Mostert,MIA,JAC,23,0.0,0.0,0.0,0.0,0.0,6.0,9.0,0.0,0.0,3.0,2.0,10.0,0.0,1.0,0.0,2.9,2.9
2024,1,LBC,WR,Drake London,ATL,PIT,13,0.0,0.0,0.0,0.0,0.0,0.0,0.0,0.0,0.0,3.0,2.0,15.0,0.0,1.0,0.0,2.5,2.5
2024,1,LBC,WR,Demario Douglas,NE,@CIN,18,0.0,0.0,0.0,0.0,0.0,0.0,0.0,0.0,0.0,3.0,2.0,12.0,0.0,1.0,0.0,2.2,2.2
2024,1,LBC,TE,Evan Engram,JAC,@MIA,5,0.0,0.0,0.0,0.0,0.0,0.0,0.0,0.0,0.0,4.0,1.0,5.0,0.0,0.0,0.0,0.5,0.5
2024,1,LBC,WR,Devontez Walker,BAL,@KC,9,0.0,0.0,0.0,0.0,0.0,0.0,0.0,0.0,0.0,0.0,0.0,0.0,0.0,0.0,0.0,-,0.0
2024,1,LBC,DST,Steelers,PIT,@ATL,7,,,,,,,,,,,,,,,,12,12.0
2024,1,LC,WR,Xavier Worthy,KC,BAL,31,0.0,0.0,0.0,0.0,0.0,1.0,21.0,1.0,1.0,3.0,2.0,47.0,1.0,2.0,0.0,21.8,21.8
2024,1,LC,RB,James Conner,ARI,@BUF,31,0.0,0.0,0.0,0.0,0.0,16.0,50.0,1.0,3.0,4.0,3.0,33.0,0.0,1.0,0.0,20.3,20.3
2024,1,LC,QB,Jalen Hurts,PHI,GB,12,20.0,34.0,278.0,2.0,2.0,13.0,33.0,0.0,2.0,0.0,0.0,0.0,0.0,0.0,1.0,18.42,18.42
2024,1,LC,WR,Rashid Shaheed,NO,CAR,23,0.0,0.0,0.0,0.0,0.0,0.0,0.0,0.0,0.0,5.0,3.0,73.0,1.0,2.0,0.0,15.3,15.3
2024,1,LC,QB,Patrick Mahomes,KC,BAL,28,20.0,28.0,291.0,1.0,1.0,2.0,3.0,0.0,1.0,1.0,1.0,2.0,0.0,0.0,0.0,15.14,15.14
2024,1,LC,RB,Zach Charbonnet,SEA,DEN,10,0.0,0.0,0.0,0.0,0.0,8.0,12.0,0.0,0.0,3.0,2.0,29.0,1.0,1.0,0.0,11.1,11.1
2024,1,LC,QB,Gardner Minshew,LV,@LAC,4,25.0,33.0,257.0,1.0,1.0,3.0,5.0,0.0,0.0,0.0,0.0,0.0,0.0,0.0,1.0,10.78,10.78
2024,1,LC,TE,Juwan Johnson,NO,CAR,29,0.0,0.0,0.0,0.0,0.0,0.0,0.0,0.0,0.0,3.0,2.0,26.0,1.0,1.0,0.0,9.6,9.6
2024,1,LC,WR,Xavier Legette,CAR,@NO,12,0.0,0.0,0.0,0.0,0.0,0.0,0.0,0.0,0.0,7.0,4.0,35.0,0.0,2.0,0.0,5.5,5.5
2024,1,LC,WR,DK Metcalf,SEA,DEN,2,0.0,0.0,0.0,0.0,0.0,0.0,0.0,0.0,0.0,4.0,3.0,29.0,0.0,2.0,0.0,4.9,4.9
2024,1,LC,RB,Tyler Allgeier,ATL,PIT,7,0.0,0.0,0.0,0.0,0.0,3.0,21.0,0.0,1.0,0.0,0.0,0.0,0.0,0.0,0.0,3.1,3.1
2024,1,LC,RB,Jaylen Warren,PIT,@ATL,6,0.0,0.0,0.0,0.0,0.0,2.0,7.0,0.0,1.0,2.0,2.0,13.0,0.0,0.0,0.0,3,3.0
2024,1,LC,TE,Hunter Henry,NE,@CIN,28,0.0,0.0,0.0,0.0,0.0,0.0,0.0,0.0,0.0,3.0,2.0,18.0,0.0,1.0,0.0,2.8,2.8
2024,1,LC,TE,Dalton Schultz,HOU,@IND,30,0.0,0.0,0.0,0.0,0.0,0.0,0.0,0.0,0.0,3.0,3.0,16.0,0.0,0.0,0.0,1.6,1.6
2024,1,LC,WR,DeAndre Hopkins,TEN,@CHI,6,0.0,0.0,0.0,0.0,0.0,0.0,0.0,0.0,0.0,1.0,1.0,8.0,0.0,0.0,0.0,0.8,0.8
2024,1,LC,TE,Jonnu Smith,MIA,JAC,16,0.0,0.0,0.0,0.0,0.0,0.0,0.0,0.0,0.0,2.0,1.0,7.0,0.0,0.0,0.0,0.7,0.7
2024,1,LC,TE,Ben Sinnott,WAS,@TB,10,0.0,0.0,0.0,0.0,0.0,0.0,0.0,0.0,0.0,0.0,0.0,0.0,0.0,0.0,0.0,0,0.0
2024,1,LC,RB,Clyde Edwards-Helaire,KC,BAL,3,0.0,0.0,0.0,0.0,0.0,0.0,0.0,0.0,0.0,0.0,0.0,0.0,0.0,0.0,0.0,-,0.0
2024,1,LC,DST,49ers,SF,NYJ,23,,,,,,,,,,,,,,,,7,7.0
2024,1,MB,WR,Cooper Kupp,LAR,@DET,28,0.0,0.0,0.0,0.0,0.0,2.0,10.0,0.0,1.0,21.0,14.0,110.0,1.0,6.0,0.0,25,25.0
2024,1,MB,RB,Aaron Jones,MIN,@NYG,14,0.0,0.0,0.0,0.0,0.0,14.0,94.0,1.0,6.0,2.0,2.0,15.0,0.0,0.0,0.0,22.9,22.9
2024,1,MB,RB,Bijan Robinson,ATL,PIT,7,0.0,0.0,0.0,0.0,0.0,18.0,68.0,0.0,5.0,5.0,5.0,43.0,0.0,3.0,0.0,19.1,19.1
2024,1,MB,QB,Kyler Murray,ARI,@BUF,13,21.0,31.0,162.0,1.0,0.0,5.0,57.0,0.0,3.0,0.0,0.0,0.0,0.0,0.0,1.0,17.18,17.18
2024,1,MB,QB,Matthew Stafford,LAR,@DET,23,34.0,49.0,317.0,1.0,1.0,0.0,0.0,0.0,0.0,0.0,0.0,0.0,0.0,0.0,0.0,14.68,14.68
2024,1,MB,QB,Bryce Young,CAR,@NO,5,13.0,30.0,161.0,0.0,2.0,4.0,12.0,1.0,1.0,0.0,0.0,0.0,0.0,0.0,0.0,10.64,10.64
2024,1,MB,QB,Will Levis,TEN,@CHI,1,19.0,32.0,127.0,1.0,2.0,4.0,36.0,0.0,2.0,0.0,0.0,0.0,0.0,0.0,1.0,8.68,8.68
2024,1,MB,RB,Ty Chandler,MIN,@NYG,14,0.0,0.0,0.0,0.0,0.0,8.0,17.0,0.0,0.0,3.0,3.0,25.0,0.0,2.0,0.0,6.2,6.2
2024,1,MB,TE,Travis Kelce,KC,BAL,27,0.0,0.0,0.0,0.0,0.0,0.0,0.0,0.0,0.0,4.0,3.0,34.0,0.0,2.0,0.0,5.4,5.4
2024,1,MB,RB,Ray Davis,BUF,ARI,27,0.0,0.0,0.0,0.0,0.0,3.0,13.0,0.0,1.0,1.0,1.0,14.0,0.0,1.0,0.0,4.7,4.7
2024,1,MB,RB,Zamir White,LV,@LAC,5,0.0,0.0,0.0,0.0,0.0,13.0,44.0,0.0,1.0,2.0,2.0,2.0,0.0,0.0,1.0,3.6,3.6
2024,1,MB,WR,Josh Palmer,LAC,LV,16,0.0,0.0,0.0,0.0,0.0,0.0,0.0,0.0,0.0,4.0,2.0,15.0,0.0,1.0,0.0,2.5,2.5
2024,1,MB,RB,Khalil Herbert,CHI,TEN,11,0.0,0.0,0.0,0.0,0.0,2.0,4.0,0.0,1.0,0.0,0.0,0.0,0.0,0.0,0.0,1.4,1.4
2024,1,MB,WR,Amon-Ra St Brown,DET,LAR,22,0.0,0.0,0.0,0.0,0.0,0.0,0.0,0.0,0.0,6.0,3.0,13.0,0.0,0.0,0.0,1.3,1.3
2024,1,MB,RB,Tyrone Tracy,NYG,MIN,1,0.0,0.0,0.0,0.0,0.0,2.0,2.0,0.0,0.0,3.0,1.0,5.0,0.0,0.0,0.0,0.7,0.7
2024,1,MB,WR,Marvin Harrison,ARI,@BUF,5,0.0,0.0,0.0,0.0,0.0,0.0,0.0,0.0,0.0,3.0,1.0,4.0,0.0,0.0,0.0,0.4,0.4
2024,1,MB,RB,Isaac Guerendo,SF,NYJ,8,0.0,0.0,0.0,0.0,0.0,0.0,0.0,0.0,0.0,0.0,0.0,0.0,0.0,0.0,0.0,0,0.0
2024,1,MB,WR,Javon Baker,NE,@CIN,18,0.0,0.0,0.0,0.0,0.0,0.0,0.0,0.0,0.0,0.0,0.0,0.0,0.0,0.0,0.0,-,0.0
2024,1,MB,DST,Buccaneers,TB,WAS,2,,,,,,,,,,,,,,,,3,3.0
2024,1,NBB,QB,Josh Allen,BUF,ARI,27,18.0,23.0,232.0,2.0,0.0,9.0,39.0,2.0,4.0,0.0,0.0,0.0,0.0,0.0,1.0,35.18,35.18
2024,1,NBB,WR,Jayden Reed,GB,@PHI,30,0.0,0.0,0.0,0.0,0.0,1.0,33.0,1.0,1.0,6.0,4.0,138.0,1.0,3.0,0.0,33.1,33.1
2024,1,NBB,WR,Jameson Williams,DET,LAR,22,0.0,0.0,0.0,0.0,0.0,1.0,13.0,0.0,1.0,9.0,5.0,121.0,1.0,3.0,0.0,23.4,23.4
2024,1,NBB,WR,Mike Evans,TB,WAS,27,0.0,0.0,0.0,0.0,0.0,0.0,0.0,0.0,0.0,6.0,5.0,61.0,2.0,4.0,0.0,22.1,22.1
2024,1,NBB,WR,Chris Godwin,TB,WAS,27,0.0,0.0,0.0,0.0,0.0,0.0,0.0,0.0,0.0,8.0,8.0,83.0,1.0,7.0,0.0,21.3,21.3
2024,1,NBB,WR,Brian Thomas,JAC,@MIA,4,0.0,0.0,0.0,0.0,0.0,0.0,0.0,0.0,0.0,4.0,4.0,47.0,1.0,3.0,0.0,13.7,13.7
2024,1,NBB,QB,Trevor Lawrence,JAC,@MIA,2,12.0,21.0,162.0,1.0,0.0,1.0,8.0,0.0,1.0,0.0,0.0,0.0,0.0,0.0,0.0,12.28,12.28
2024,1,NBB,WR,Khalil Shakir,BUF,ARI,17,0.0,0.0,0.0,0.0,0.0,0.0,0.0,0.0,0.0,3.0,3.0,42.0,1.0,2.0,0.0,12.2,12.2
2024,1,NBB,TE,Kyle Pitts,ATL,PIT,15,0.0,0.0,0.0,0.0,0.0,0.0,0.0,0.0,0.0,3.0,3.0,26.0,1.0,1.0,0.0,9.6,9.6
2024,1,NBB,WR,Gabe Davis,JAC,@MIA,4,0.0,0.0,0.0,0.0,0.0,0.0,0.0,0.0,0.0,3.0,3.0,62.0,0.0,3.0,0.0,9.2,9.2
2024,1,NBB,RB,D'Andre Swift,CHI,TEN,11,0.0,0.0,0.0,0.0,0.0,10.0,30.0,0.0,1.0,1.0,0.0,0.0,0.0,0.0,0.0,6,6.0
2024,1,NBB,TE,David Njoku,CLE,DAL,13,0.0,0.0,0.0,0.0,0.0,0.0,0.0,0.0,0.0,5.0,4.0,44.0,0.0,1.0,0.0,5.4,5.4
2024,1,NBB,TE,Dallas Goedert,PHI,GB,22,0.0,0.0,0.0,0.0,0.0,0.0,0.0,0.0,0.0,5.0,4.0,31.0,0.0,1.0,0.0,4.1,4.1
2024,1,NBB,RB,Gus Edwards,LAC,LV,24,0.0,0.0,0.0,0.0,0.0,11.0,26.0,0.0,1.0,1.0,1.0,2.0,0.0,0.0,0.0,3.8,3.8
2024,1,NBB,WR,Terry McLaurin,WAS,@TB,25,0.0,0.0,0.0,0.0,0.0,0.0,0.0,0.0,0.0,4.0,2.0,17.0,0.0,1.0,0.0,2.7,2.7
2024,1,NBB,RB,Will Shipley,PHI,GB,17,0.0,0.0,0.0,0.0,0.0,0.0,0.0,0.0,0.0,0.0,0.0,0.0,0.0,0.0,0.0,0,0.0
2024,1,NBB,RB,Nick Chubb,CLE,DAL,28,0.0,0.0,0.0,0.0,0.0,0.0,0.0,0.0,0.0,0.0,0.0,0.0,0.0,0.0,0.0,-,0.0
2024,1,NBB,RB,Blake Corum,LAR,@DET,4,0.0,0.0,0.0,0.0,0.0,0.0,0.0,0.0,0.0,0.0,0.0,0.0,0.0,0.0,0.0,0,0.0
2024,1,NBB,DST,Bills,BUF,ARI,16,,,,,,,,,,,,,,,,6,6.0
2024,1,PCP,WR,AJ Brown,PHI,GB,26,0.0,0.0,0.0,0.0,0.0,0.0,0.0,0.0,0.0,10.0,5.0,119.0,1.0,5.0,0.0,22.9,22.9
2024,1,PCP,QB,Geno Smith,SEA,DEN,6,18.0,25.0,171.0,1.0,1.0,4.0,30.0,1.0,1.0,0.0,0.0,0.0,0.0,0.0,0.0,18.84,18.84
2024,1,PCP,RB,Kyren Williams,LAR,@DET,4,0.0,0.0,0.0,0.0,0.0,18.0,50.0,1.0,5.0,3.0,3.0,4.0,0.0,0.0,0.0,16.4,16.4
2024,1,PCP,WR,Rashee Rice,KC,BAL,31,0.0,0.0,0.0,0.0,0.0,0.0,0.0,0.0,0.0,9.0,7.0,103.0,0.0,5.0,0.0,15.3,15.3
2024,1,PCP,RB,Ezekiel Elliott,DAL,@CLE,16,0.0,0.0,0.0,0.0,0.0,10.0,40.0,1.0,2.0,2.0,2.0,9.0,0.0,1.0,0.0,13.9,13.9
2024,1,PCP,WR,CeeDee Lamb,DAL,@CLE,21,0.0,0.0,0.0,0.0,0.0,3.0,25.0,0.0,2.0,10.0,5.0,61.0,0.0,2.0,0.0,12.6,12.6
2024,1,PCP,QB,Joe Burrow,CIN,NE,10,21.0,29.0,164.0,0.0,0.0,4.0,15.0,0.0,1.0,0.0,0.0,0.0,0.0,0.0,0.0,9.06,9.06
2024,1,PCP,WR,Garrett Wilson,NYJ,@SF,14,0.0,0.0,0.0,0.0,0.0,0.0,0.0,0.0,0.0,11.0,6.0,60.0,0.0,3.0,0.0,9,9.0
2024,1,PCP,WR,Keon Coleman,BUF,ARI,17,0.0,0.0,0.0,0.0,0.0,0.0,0.0,0.0,0.0,5.0,4.0,51.0,0.0,2.0,0.0,7.1,7.1
2024,1,PCP,QB,Daniel Jones,NYG,MIN,8,22.0,42.0,186.0,0.0,2.0,6.0,15.0,0.0,2.0,0.0,0.0,0.0,0.0,0.0,0.0,6.94,6.94
2024,1,PCP,RB,Tyjae Spears,TEN,@CHI,21,0.0,0.0,0.0,0.0,0.0,4.0,21.0,0.0,2.0,4.0,4.0,11.0,0.0,1.0,0.0,6.2,6.2
2024,1,PCP,RB,Rico Dowdle,DAL,@CLE,16,0.0,0.0,0.0,0.0,0.0,8.0,26.0,0.0,2.0,1.0,1.0,6.0,0.0,0.0,0.0,5.2,5.2
2024,1,PCP,TE,Pat Freiermuth,PIT,@ATL,24,0.0,0.0,0.0,0.0,0.0,0.0,0.0,0.0,0.0,4.0,4.0,27.0,0.0,2.0,0.0,4.7,4.7
2024,1,PCP,RB,Trey Benson,ARI,@BUF,31,0.0,0.0,0.0,0.0,0.0,3.0,13.0,0.0,1.0,1.0,1.0,5.0,0.0,0.0,0.0,2.8,2.8
2024,1,PCP,RB,Braelon Allen,NYJ,@SF,15,0.0,0.0,0.0,0.0,0.0,1.0,8.0,0.0,1.0,1.0,1.0,9.0,0.0,0.0,0.0,2.7,2.7
2024,1,PCP,RB,Dameon Pierce,HOU,@IND,26,0.0,0.0,0.0,0.0,0.0,3.0,16.0,0.0,1.0,0.0,0.0,0.0,0.0,0.0,0.0,2.6,2.6
2024,1,PCP,TE,Luke Musgrave,GB,@PHI,4,0.0,0.0,0.0,0.0,0.0,0.0,0.0,0.0,0.0,2.0,0.0,0.0,0.0,0.0,0.0,0,0.0
2024,1,PCP,TE,TJ Hockenson,MIN,@NYG,9,0.0,0.0,0.0,0.0,0.0,0.0,0.0,0.0,0.0,0.0,0.0,0.0,0.0,0.0,0.0,-,0.0
2024,1,PCP,DST,Ravens,BAL,@KC,5,,,,,,,,,,,,,,,,4,4.0
2024,1,PP,TE,Isaiah Likely,BAL,@KC,32,0.0,0.0,0.0,0.0,0.0,0.0,0.0,0.0,0.0,12.0,9.0,111.0,1.0,5.0,0.0,22.1,22.1
2024,1,PP,RB,David Montgomery,DET,LAR,29,0.0,0.0,0.0,0.0,0.0,17.0,91.0,1.0,6.0,1.0,1.0,2.0,0.0,0.0,0.0,21.3,21.3
2024,1,PP,RB,Josh Jacobs,GB,@PHI,19,0.0,0.0,0.0,0.0,0.0,16.0,84.0,0.0,4.0,3.0,2.0,20.0,0.0,1.0,0.0,15.4,15.4
2024,1,PP,QB,Brock Purdy,SF,NYJ,3,19.0,29.0,231.0,0.0,0.0,1.0,11.0,0.0,1.0,0.0,0.0,0.0,0.0,0.0,0.0,11.34,11.34
2024,1,PP,QB,Justin Herbert,LAC,LV,16,17.0,26.0,144.0,1.0,0.0,4.0,6.0,0.0,0.0,0.0,0.0,0.0,0.0,0.0,0.0,10.36,10.36
2024,1,PP,WR,Davante Adams,LV,@LAC,3,0.0,0.0,0.0,0.0,0.0,0.0,0.0,0.0,0.0,6.0,5.0,59.0,0.0,3.0,0.0,8.9,8.9
2024,1,PP,RB,Devin Singletary,NYG,MIN,1,0.0,0.0,0.0,0.0,0.0,10.0,37.0,0.0,1.0,5.0,4.0,15.0,0.0,1.0,0.0,7.2,7.2
2024,1,PP,WR,Romeo Doubs,GB,@PHI,30,0.0,0.0,0.0,0.0,0.0,0.0,0.0,0.0,0.0,7.0,4.0,50.0,0.0,2.0,0.0,7,7.0
2024,1,PP,WR,Calvin Ridley,TEN,@CHI,6,0.0,0.0,0.0,0.0,0.0,0.0,0.0,0.0,0.0,7.0,3.0,50.0,0.0,2.0,0.0,7,7.0
2024,1,PP,QB,Kirk Cousins,ATL,PIT,7,16.0,26.0,155.0,1.0,2.0,1.0,0.0,0.0,0.0,0.0,0.0,0.0,0.0,0.0,0.0,6.2,6.2
2024,1,PP,WR,Courtland Sutton,DEN,@SEA,10,0.0,0.0,0.0,0.0,0.0,0.0,0.0,0.0,0.0,12.0,4.0,38.0,0.0,2.0,0.0,5.8,5.8
2024,1,PP,WR,Amari Cooper,CLE,DAL,8,0.0,0.0,0.0,0.0,0.0,0.0,0.0,0.0,0.0,9.0,2.0,16.0,0.0,2.0,0.0,3.6,3.6
2024,1,PP,TE,Mark Andrews,BAL,@KC,32,0.0,0.0,0.0,0.0,0.0,0.0,0.0,0.0,0.0,2.0,2.0,14.0,0.0,1.0,0.0,2.4,2.4
2024,1,PP,WR,Malachi Corley,NYJ,@SF,14,0.0,0.0,0.0,0.0,0.0,0.0,0.0,0.0,0.0,0.0,0.0,0.0,0.0,0.0,0.0,0,0.0
2024,1,PP,RB,Christian McCaffrey,SF,NYJ,9,0.0,0.0,0.0,0.0,0.0,0.0,0.0,0.0,0.0,0.0,0.0,0.0,0.0,0.0,0.0,-,0.0
2024,1,PP,QB,JJ McCarthy,MIN,@NYG,18,0.0,0.0,0.0,0.0,0.0,0.0,0.0,0.0,0.0,0.0,0.0,0.0,0.0,0.0,0.0,-,0.0
2024,1,PP,WR,Marquise Brown,KC,BAL,31,0.0,0.0,0.0,0.0,0.0,0.0,0.0,0.0,0.0,0.0,0.0,0.0,0.0,0.0,0.0,-,0.0
2024,1,PP,RB,MarShawn Lloyd,GB,@PHI,19,0.0,0.0,0.0,0.0,0.0,0.0,0.0,0.0,0.0,0.0,0.0,0.0,0.0,0.0,0.0,-,0.0
2024,1,PP,DST,Chiefs,KC,BAL,1,,,,,,,,,,,,,,,,5,5.0
2024,1,RR,RB,Joe Mixon,HOU,@IND,26,0.0,0.0,0.0,0.0,0.0,30.0,159.0,1.0,9.0,3.0,3.0,19.0,0.0,1.0,0.0,33.8,33.8
2024,1,RR,QB,Baker Mayfield,TB,WAS,20,24.0,30.0,289.0,4.0,0.0,3.0,21.0,0.0,1.0,0.0,0.0,0.0,0.0,0.0,0.0,30.66,30.66
2024,1,RR,QB,Tua Tagovailoa,MIA,JAC,32,23.0,37.0,338.0,1.0,0.0,1.0,11.0,0.0,1.0,0.0,0.0,0.0,0.0,0.0,0.0,19.62,19.62
2024,1,RR,QB,CJ Stroud,HOU,@IND,30,24.0,32.0,234.0,2.0,0.0,4.0,13.0,0.0,0.0,0.0,0.0,0.0,0.0,0.0,0.0,18.66,18.66
2024,1,RR,WR,Justin Jefferson,MIN,@NYG,11,0.0,0.0,0.0,0.0,0.0,0.0,0.0,0.0,0.0,6.0,4.0,59.0,1.0,2.0,0.0,13.9,13.9
2024,1,RR,RB,Rachaad White,TB,WAS,18,0.0,0.0,0.0,0.0,0.0,15.0,31.0,0.0,1.0,6.0,6.0,75.0,0.0,2.0,0.0,13.6,13.6
2024,1,RR,WR,George Pickens,PIT,@ATL,19,0.0,0.0,0.0,0.0,0.0,1.0,-10.0,0.0,0.0,7.0,6.0,85.0,0.0,4.0,0.0,12.5,12.5
2024,1,RR,RB,Najee Harris,PIT,@ATL,6,0.0,0.0,0.0,0.0,0.0,20.0,70.0,0.0,3.0,2.0,1.0,9.0,0.0,0.0,0.0,10.9,10.9
2024,1,RR,WR,Jalen McMillan,TB,WAS,27,0.0,0.0,0.0,0.0,0.0,0.0,0.0,0.0,0.0,3.0,1.0,32.0,1.0,1.0,0.0,10.2,10.2
2024,1,RR,TE,Taysom Hill,NO,CAR,29,0.0,0.0,0.0,0.0,0.0,5.0,35.0,0.0,4.0,2.0,1.0,1.0,0.0,0.0,0.0,7.6,7.6
2024,1,RR,WR,Adam Thielen,CAR,@NO,12,0.0,0.0,0.0,0.0,0.0,0.0,0.0,0.0,0.0,4.0,3.0,49.0,0.0,2.0,0.0,6.9,6.9
2024,1,RR,WR,Jordan Addison,MIN,@NYG,11,0.0,0.0,0.0,0.0,0.0,0.0,0.0,0.0,0.0,4.0,3.0,35.0,0.0,2.0,0.0,5.5,5.5
2024,1,RR,WR,Diontae Johnson,CAR,@NO,12,0.0,0.0,0.0,0.0,0.0,0.0,0.0,0.0,0.0,6.0,2.0,19.0,0.0,2.0,0.0,3.9,3.9
2024,1,RR,TE,Noah Fant,SEA,DEN,21,0.0,0.0,0.0,0.0,0.0,0.0,0.0,0.0,0.0,4.0,2.0,11.0,0.0,0.0,0.0,1.1,1.1
2024,1,RR,TE,Cade Otton,TB,WAS,6,0.0,0.0,0.0,0.0,0.0,0.0,0.0,0.0,0.0,2.0,1.0,5.0,0.0,0.0,0.0,0.5,0.5
2024,1,RR,RB,Jonathon Brooks,CAR,@NO,12,0.0,0.0,0.0,0.0,0.0,0.0,0.0,0.0,0.0,0.0,0.0,0.0,0.0,0.0,0.0,-,0.0
2024,1,RR,QB,Michael Penix,ATL,PIT,7,0.0,0.0,0.0,0.0,0.0,0.0,0.0,0.0,0.0,0.0,0.0,0.0,0.0,0.0,0.0,-,0.0
2024,1,RR,WR,Mike Williams,NYJ,@SF,14,0.0,0.0,0.0,0.0,0.0,0.0,0.0,0.0,0.0,0.0,0.0,0.0,0.0,0.0,0.0,0,0.0
2024,1,RR,DST,Browns,CLE,DAL,8,,,,,,,,,,,,,,,,2,2.0
2024,1,SBS,QB,Jayden Daniels,WAS,@TB,31,17.0,24.0,184.0,0.0,0.0,16.0,88.0,2.0,8.0,0.0,0.0,0.0,0.0,0.0,0.0,36.16,36.16
2024,1,SBS,QB,Lamar Jackson,BAL,@KC,15,26.0,41.0,273.0,1.0,0.0,16.0,122.0,0.0,7.0,0.0,0.0,0.0,0.0,0.0,1.0,32.12,32.12
2024,1,SBS,WR,Stefon Diggs,HOU,@IND,24,0.0,0.0,0.0,0.0,0.0,1.0,6.0,0.0,0.0,6.0,6.0,33.0,2.0,3.0,0.0,18.9,18.9
2024,1,SBS,WR,Deebo Samuel,SF,NYJ,7,0.0,0.0,0.0,0.0,0.0,8.0,23.0,1.0,1.0,9.0,5.0,54.0,0.0,3.0,0.0,17.7,17.7
2024,1,SBS,RB,Jerome Ford,CLE,DAL,28,0.0,0.0,0.0,0.0,0.0,12.0,44.0,1.0,2.0,7.0,6.0,25.0,0.0,0.0,0.0,14.9,14.9
2024,1,SBS,RB,Jonathan Taylor,IND,HOU,9,0.0,0.0,0.0,0.0,0.0,16.0,48.0,1.0,4.0,0.0,0.0,0.0,0.0,0.0,0.0,14.8,14.8
2024,1,SBS,RB,Austin Ekeler,WAS,@TB,13,0.0,0.0,0.0,0.0,0.0,2.0,10.0,0.0,1.0,4.0,4.0,52.0,0.0,2.0,0.0,9.2,9.2
2024,1,SBS,WR,Christian Watson,GB,@PHI,30,0.0,0.0,0.0,0.0,0.0,0.0,0.0,0.0,0.0,5.0,3.0,13.0,1.0,1.0,0.0,8.3,8.3
2024,1,SBS,WR,Rashod Bateman,BAL,@KC,9,0.0,0.0,0.0,0.0,0.0,0.0,0.0,0.0,0.0,5.0,2.0,53.0,0.0,2.0,0.0,7.3,7.3
2024,1,SBS,WR,Andrei Iosivas,CIN,NE,15,0.0,0.0,0.0,0.0,0.0,0.0,0.0,0.0,0.0,6.0,3.0,26.0,0.0,2.0,0.0,4.6,4.6
2024,1,SBS,WR,Christian Kirk,JAC,@MIA,4,0.0,0.0,0.0,0.0,0.0,0.0,0.0,0.0,0.0,4.0,1.0,30.0,0.0,1.0,0.0,4,4.0
2024,1,SBS,TE,Zach Ertz,WAS,@TB,10,0.0,0.0,0.0,0.0,0.0,0.0,0.0,0.0,0.0,4.0,3.0,28.0,0.0,1.0,0.0,3.8,3.8
2024,1,SBS,RB,Chuba Hubbard,CAR,@NO,12,0.0,0.0,0.0,0.0,0.0,6.0,14.0,0.0,1.0,0.0,0.0,0.0,0.0,0.0,0.0,2.4,2.4
2024,1,SBS,RB,Antonio Gibson,NE,@CIN,25,0.0,0.0,0.0,0.0,0.0,7.0,18.0,0.0,0.0,0.0,0.0,0.0,0.0,0.0,0.0,1.8,1.8
2024,1,SBS,TE,Cole Kmet,CHI,TEN,1,0.0,0.0,0.0,0.0,0.0,0.0,0.0,0.0,0.0,1.0,1.0,4.0,0.0,0.0,0.0,0.4,0.4
2024,1,SBS,WR,Troy Franklin,DEN,@SEA,10,0.0,0.0,0.0,0.0,0.0,0.0,0.0,0.0,0.0,0.0,0.0,0.0,0.0,0.0,0.0,-,0.0
2024,1,SBS,QB,Russell Wilson,PIT,@ATL,24,0.0,0.0,0.0,0.0,0.0,0.0,0.0,0.0,0.0,0.0,0.0,0.0,0.0,0.0,0.0,-,0.0
2024,1,SBS,RB,Jaylen Wright,MIA,JAC,23,0.0,0.0,0.0,0.0,0.0,0.0,0.0,0.0,0.0,0.0,0.0,0.0,0.0,0.0,0.0,-,0.0
2024,1,SBS,DST,Cowboys,DAL,@CLE,28,,,,,,,,,,,,,,,,19,19.0
2024,2,ABT,RB,Alvin Kamara,NO,@DAL,28,0.0,0.0,0.0,0.0,0.0,20.0,115.0,3.0,8.0,3.0,2.0,65.0,1.0,1.0,0.0,51,51.0
2024,2,ABT,RB,Saquon Barkley,PHI,ATL,6,0.0,0.0,0.0,0.0,0.0,22.0,95.0,0.0,3.0,5.0,4.0,21.0,0.0,3.0,0.0,19.6,19.6
2024,2,ABT,QB,Dak Prescott,DAL,NO,5,27.0,39.0,293.0,1.0,2.0,2.0,12.0,0.0,1.0,0.0,0.0,0.0,0.0,0.0,0.0,13.92,13.92
2024,2,ABT,WR,Chris Olave,NO,@DAL,8,0.0,0.0,0.0,0.0,0.0,1.0,7.0,0.0,1.0,6.0,4.0,81.0,0.0,4.0,0.0,13.8,13.8
2024,2,ABT,QB,Caleb Williams,CHI,@HOU,21,23.0,37.0,174.0,0.0,2.0,5.0,44.0,0.0,1.0,0.0,0.0,0.0,0.0,0.0,0.0,8.36,8.36
2024,2,ABT,WR,DJ Moore,CHI,@HOU,20,0.0,0.0,0.0,0.0,0.0,0.0,0.0,0.0,0.0,10.0,6.0,53.0,0.0,3.0,0.0,8.3,8.3
2024,2,ABT,RB,Alexander Mattison,LV,@BAL,3,0.0,0.0,0.0,0.0,0.0,4.0,1.0,1.0,1.0,0.0,0.0,0.0,0.0,0.0,0.0,7.1,7.1
2024,2,ABT,WR,Jermaine Burton,CIN,@KC,9,0.0,0.0,0.0,0.0,0.0,0.0,0.0,0.0,0.0,2.0,1.0,47.0,0.0,1.0,0.0,5.7,5.7
2024,2,ABT,RB,Chase Brown,CIN,@KC,2,0.0,0.0,0.0,0.0,0.0,4.0,31.0,0.0,1.0,0.0,0.0,0.0,0.0,0.0,0.0,4.1,4.1
2024,2,ABT,WR,Brandin Cooks,DAL,NO,11,0.0,0.0,0.0,0.0,0.0,1.0,-3.0,0.0,0.0,2.0,2.0,19.0,0.0,2.0,0.0,3.9,3.9
2024,2,ABT,TE,Colby Parkinson,LAR,@ARI,18,0.0,0.0,0.0,0.0,0.0,0.0,0.0,0.0,0.0,2.0,1.0,12.0,0.0,1.0,0.0,2.2,2.2
2024,2,ABT,RB,Kenneth Gainwell,PHI,ATL,6,0.0,0.0,0.0,0.0,0.0,2.0,6.0,0.0,0.0,0.0,0.0,0.0,0.0,0.0,0.0,0.6,0.6
2024,2,ABT,RB,Keaton Mitchell,BAL,LV,24,0.0,0.0,0.0,0.0,0.0,0.0,0.0,0.0,0.0,0.0,0.0,0.0,0.0,0.0,0.0,-,0.0
2024,2,ABT,WR,Keenan Allen,CHI,@HOU,20,0.0,0.0,0.0,0.0,0.0,0.0,0.0,0.0,0.0,0.0,0.0,0.0,0.0,0.0,0.0,-,0.0
2024,2,ABT,WR,Puka Nacua,LAR,@ARI,17,0.0,0.0,0.0,0.0,0.0,0.0,0.0,0.0,0.0,0.0,0.0,0.0,0.0,0.0,0.0,-,0.0
2024,2,ABT,WR,Josh Downs,IND,@GB,26,0.0,0.0,0.0,0.0,0.0,0.0,0.0,0.0,0.0,0.0,0.0,0.0,0.0,0.0,0.0,-,0.0
2024,2,ABT,TE,Jake Ferguson,DAL,NO,23,0.0,0.0,0.0,0.0,0.0,0.0,0.0,0.0,0.0,0.0,0.0,0.0,0.0,0.0,0.0,-,0.0
2024,2,ABT,WR,Roman Wilson,PIT,@DEN,2,0.0,0.0,0.0,0.0,0.0,0.0,0.0,0.0,0.0,0.0,0.0,0.0,0.0,0.0,0.0,-,0.0
2024,2,ABT,DST,Seahawks,SEA,@NE,29,,,,,,,,,,,,,,,,4,4.0
2024,2,CLC,WR,Nico Collins,HOU,CHI,6,0.0,0.0,0.0,0.0,0.0,0.0,0.0,0.0,0.0,10.0,8.0,135.0,1.0,6.0,0.0,25.5,25.5
2024,2,CLC,RB,Breece Hall,NYJ,@TEN,11,0.0,0.0,0.0,0.0,0.0,14.0,62.0,0.0,3.0,8.0,7.0,52.0,1.0,1.0,0.0,21.4,21.4
2024,2,CLC,RB,Jordan Mason,SF,@MIN,1,0.0,0.0,0.0,0.0,0.0,20.0,100.0,1.0,4.0,1.0,1.0,4.0,0.0,1.0,0.0,21.4,21.4
2024,2,CLC,WR,Darnell Mooney,ATL,@PHI,30,0.0,0.0,0.0,0.0,0.0,0.0,0.0,0.0,0.0,7.0,3.0,88.0,1.0,3.0,0.0,17.8,17.8
2024,2,CLC,WR,DeVonta Smith,PHI,ATL,19,0.0,0.0,0.0,0.0,0.0,0.0,0.0,0.0,0.0,10.0,7.0,76.0,1.0,4.0,0.0,17.6,17.6
2024,2,CLC,QB,Justin Fields,PIT,@DEN,6,13.0,20.0,117.0,1.0,0.0,8.0,27.0,0.0,1.0,0.0,0.0,0.0,0.0,0.0,0.0,12.38,12.38
2024,2,CLC,RB,Javonte Williams,DEN,PIT,7,0.0,0.0,0.0,0.0,0.0,11.0,17.0,0.0,1.0,5.0,5.0,48.0,0.0,2.0,0.0,9.5,9.5
2024,2,CLC,WR,Ja'Lynn Polk,NE,SEA,10,0.0,0.0,0.0,0.0,0.0,1.0,0.0,0.0,0.0,3.0,2.0,12.0,1.0,1.0,0.0,8.2,8.2
2024,2,CLC,RB,Zack Moss,CIN,@KC,2,0.0,0.0,0.0,0.0,0.0,12.0,34.0,0.0,2.0,1.0,1.0,13.0,0.0,1.0,0.0,7.7,7.7
2024,2,CLC,WR,Jaylen Waddle,MIA,BUF,5,0.0,0.0,0.0,0.0,0.0,1.0,4.0,0.0,0.0,4.0,4.0,41.0,0.0,2.0,0.0,6.5,6.5
2024,2,CLC,WR,Rome Odunze,CHI,@HOU,20,0.0,0.0,0.0,0.0,0.0,0.0,0.0,0.0,0.0,5.0,2.0,33.0,0.0,1.0,0.0,4.3,4.3
2024,2,CLC,RB,Justice Hill,BAL,LV,24,0.0,0.0,0.0,0.0,0.0,4.0,22.0,0.0,1.0,2.0,2.0,10.0,0.0,0.0,0.0,4.2,4.2
2024,2,CLC,TE,Dalton Kincaid,BUF,@MIA,5,0.0,0.0,0.0,0.0,0.0,0.0,0.0,0.0,0.0,4.0,4.0,33.0,0.0,0.0,0.0,3.3,3.3
2024,2,CLC,TE,Chigoziem Okonkwo,TEN,NYJ,3,0.0,0.0,0.0,0.0,0.0,0.0,0.0,0.0,0.0,3.0,3.0,16.0,0.0,0.0,0.0,1.6,1.6
2024,2,CLC,WR,Curtis Samuel,BUF,@MIA,4,0.0,0.0,0.0,0.0,0.0,0.0,0.0,0.0,0.0,2.0,1.0,3.0,0.0,0.0,0.0,0.3,0.3
2024,2,CLC,WR,Ricky Pearsall,SF,@MIN,29,0.0,0.0,0.0,0.0,0.0,0.0,0.0,0.0,0.0,0.0,0.0,0.0,0.0,0.0,0.0,-,0.0
2024,2,CLC,QB,Jordan Love,GB,IND,30,0.0,0.0,0.0,0.0,0.0,0.0,0.0,0.0,0.0,0.0,0.0,0.0,0.0,0.0,0.0,-,0.0
2024,2,CLC,DST,Bears,CHI,@HOU,19,,,,,,,,,,,,,,,,6,6.0
2024,2,CPC,RB,James Cook,BUF,@MIA,30,0.0,0.0,0.0,0.0,0.0,11.0,78.0,2.0,5.0,1.0,1.0,17.0,1.0,1.0,0.0,33.5,33.5
2024,2,CPC,RB,JK Dobbins,LAC,@CAR,32,0.0,0.0,0.0,0.0,0.0,17.0,131.0,1.0,7.0,1.0,1.0,0.0,0.0,0.0,0.0,26.1,26.1
2024,2,CPC,QB,Derek Carr,NO,@DAL,22,11.0,16.0,243.0,2.0,1.0,1.0,1.0,1.0,1.0,0.0,0.0,0.0,0.0,0.0,0.0,22.82,22.82
2024,2,CPC,QB,Sam Darnold,MIN,SF,11,17.0,26.0,268.0,2.0,1.0,5.0,32.0,0.0,2.0,0.0,0.0,0.0,0.0,0.0,0.0,21.92,21.92
2024,2,CPC,RB,Brian Robinson,WAS,NYG,13,0.0,0.0,0.0,0.0,0.0,17.0,133.0,0.0,6.0,3.0,1.0,3.0,0.0,0.0,0.0,19.6,19.6
2024,2,CPC,RB,Derrick Henry,BAL,LV,24,0.0,0.0,0.0,0.0,0.0,18.0,84.0,1.0,3.0,1.0,1.0,12.0,0.0,1.0,0.0,19.6,19.6
2024,2,CPC,TE,George Kittle,SF,@MIN,25,0.0,0.0,0.0,0.0,0.0,0.0,0.0,0.0,0.0,8.0,7.0,76.0,1.0,4.0,0.0,17.6,17.6
2024,2,CPC,RB,Tony Pollard,TEN,NYJ,9,0.0,0.0,0.0,0.0,0.0,17.0,62.0,0.0,3.0,6.0,5.0,40.0,0.0,2.0,0.0,15.2,15.2
2024,2,CPC,WR,Dontayvion Wicks,GB,IND,24,0.0,0.0,0.0,0.0,0.0,0.0,0.0,0.0,0.0,4.0,3.0,26.0,1.0,2.0,0.0,10.6,10.6
2024,2,CPC,WR,Tyreek Hill,MIA,BUF,5,0.0,0.0,0.0,0.0,0.0,1.0,12.0,0.0,1.0,6.0,3.0,24.0,0.0,2.0,0.0,6.6,6.6
2024,2,CPC,WR,Ja'Marr Chase,CIN,@KC,9,0.0,0.0,0.0,0.0,0.0,0.0,0.0,0.0,0.0,5.0,4.0,35.0,0.0,2.0,0.0,5.5,5.5
2024,2,CPC,WR,Jakobi Meyers,LV,@BAL,31,0.0,0.0,0.0,0.0,0.0,0.0,0.0,0.0,0.0,5.0,4.0,29.0,0.0,2.0,0.0,4.9,4.9
2024,2,CPC,WR,Ladd McConkey,LAC,@CAR,23,0.0,0.0,0.0,0.0,0.0,0.0,0.0,0.0,0.0,4.0,2.0,26.0,0.0,2.0,0.0,4.6,4.6
2024,2,CPC,WR,Tyler Lockett,SEA,@NE,15,0.0,0.0,0.0,0.0,0.0,0.0,0.0,0.0,0.0,2.0,2.0,15.0,0.0,1.0,0.0,2.5,2.5
2024,2,CPC,TE,Ja'Tavion Sanders,CAR,LAC,20,0.0,0.0,0.0,0.0,0.0,0.0,0.0,0.0,0.0,2.0,2.0,8.0,0.0,0.0,0.0,0.8,0.8
2024,2,CPC,QB,Drake Maye,NE,SEA,19,0.0,0.0,0.0,0.0,0.0,0.0,0.0,0.0,0.0,0.0,0.0,0.0,0.0,0.0,0.0,-,0.0
2024,2,CPC,WR,Tee Higgins,CIN,@KC,9,0.0,0.0,0.0,0.0,0.0,0.0,0.0,0.0,0.0,0.0,0.0,0.0,0.0,0.0,0.0,-,0.0
2024,2,CPC,DST,Bengals,CIN,@KC,5,,,,,,,,,,,,,,,,9,9.0
2024,2,DDD,RB,De'Von Achane,MIA,BUF,31,0.0,0.0,0.0,0.0,0.0,22.0,96.0,0.0,4.0,7.0,7.0,69.0,1.0,5.0,0.0,31.5,31.5
2024,2,DDD,WR,Malik Nabers,NYG,@WAS,27,0.0,0.0,0.0,0.0,0.0,0.0,0.0,0.0,0.0,18.0,10.0,127.0,1.0,7.0,0.0,25.7,25.7
2024,2,DDD,WR,Quentin Johnston,LAC,@CAR,23,0.0,0.0,0.0,0.0,0.0,0.0,0.0,0.0,0.0,6.0,5.0,51.0,2.0,3.0,0.0,20.1,20.1
2024,2,DDD,WR,Zay Flowers,BAL,LV,16,0.0,0.0,0.0,0.0,0.0,0.0,0.0,0.0,0.0,11.0,7.0,91.0,1.0,4.0,0.0,19.1,19.1
2024,2,DDD,QB,Deshaun Watson,CLE,@JAC,32,22.0,34.0,186.0,0.0,0.0,5.0,20.0,1.0,1.0,0.0,0.0,0.0,0.0,0.0,0.0,16.44,16.44
2024,2,DDD,RB,Jahmyr Gibbs,DET,TB,14,0.0,0.0,0.0,0.0,0.0,13.0,84.0,0.0,3.0,7.0,7.0,22.0,0.0,2.0,0.0,15.6,15.6
2024,2,DDD,TE,Mike Gesicki,CIN,@KC,32,0.0,0.0,0.0,0.0,0.0,0.0,0.0,0.0,0.0,9.0,7.0,91.0,0.0,3.0,0.0,12.1,12.1
2024,2,DDD,QB,Jacoby Brissett,NE,SEA,19,15.0,27.0,149.0,1.0,0.0,2.0,6.0,0.0,0.0,0.0,0.0,0.0,0.0,0.0,0.0,10.56,10.56
2024,2,DDD,QB,Jared Goff,DET,TB,31,34.0,55.0,307.0,0.0,2.0,2.0,5.0,0.0,1.0,0.0,0.0,0.0,0.0,0.0,0.0,9.78,9.78
2024,2,DDD,WR,Adonai Mitchell,IND,@GB,26,0.0,0.0,0.0,0.0,0.0,0.0,0.0,0.0,0.0,4.0,1.0,30.0,0.0,1.0,0.0,4,4.0
2024,2,DDD,WR,Tank Dell,HOU,CHI,6,0.0,0.0,0.0,0.0,0.0,3.0,16.0,0.0,1.0,4.0,1.0,-3.0,0.0,0.0,0.0,2.6,2.6
2024,2,DDD,TE,Sam LaPorta,DET,TB,10,0.0,0.0,0.0,0.0,0.0,0.0,0.0,0.0,0.0,3.0,2.0,13.0,0.0,1.0,0.0,2.3,2.3
2024,2,DDD,RB,Bucky Irving,TB,@DET,4,0.0,0.0,0.0,0.0,0.0,7.0,22.0,0.0,0.0,0.0,0.0,0.0,0.0,0.0,0.0,2.2,2.2
2024,2,DDD,WR,Tim Patrick,DET,TB,25,0.0,0.0,0.0,0.0,0.0,0.0,0.0,0.0,0.0,4.0,2.0,12.0,0.0,1.0,0.0,2.2,2.2
2024,2,DDD,RB,Jaleel McLaughlin,DEN,PIT,7,0.0,0.0,0.0,0.0,0.0,3.0,6.0,0.0,1.0,0.0,0.0,0.0,0.0,0.0,0.0,1.6,1.6
2024,2,DDD,RB,Tank Bigsby,JAC,CLE,16,0.0,0.0,0.0,0.0,0.0,0.0,0.0,0.0,0.0,0.0,0.0,0.0,0.0,0.0,0.0,0,0.0
2024,2,DDD,RB,Kenneth Walker,SEA,@NE,20,0.0,0.0,0.0,0.0,0.0,0.0,0.0,0.0,0.0,0.0,0.0,0.0,0.0,0.0,0.0,-,0.0
2024,2,DDD,DST,Eagles,PHI,ATL,7,,,,,,,,,,,,,,,,2,2.0
2024,2,LBC,RB,Rhamondre Stevenson,NE,SEA,22,0.0,0.0,0.0,0.0,0.0,21.0,81.0,1.0,3.0,5.0,2.0,9.0,0.0,0.0,0.0,18,18.0
2024,2,LBC,RB,Travis Etienne,JAC,CLE,16,0.0,0.0,0.0,0.0,0.0,13.0,52.0,1.0,4.0,4.0,3.0,6.0,0.0,1.0,0.0,16.8,16.8
2024,2,LBC,WR,Jaxon Smith-Njigba,SEA,@NE,15,0.0,0.0,0.0,0.0,0.0,0.0,0.0,0.0,0.0,16.0,12.0,117.0,0.0,5.0,0.0,16.7,16.7
2024,2,LBC,RB,Isiah Pacheco,KC,CIN,25,0.0,0.0,0.0,0.0,0.0,19.0,90.0,0.0,4.0,5.0,5.0,21.0,0.0,1.0,0.0,16.1,16.1
2024,2,LBC,QB,Aaron Rodgers,NYJ,@TEN,14,18.0,30.0,176.0,2.0,0.0,2.0,1.0,0.0,0.0,0.0,0.0,0.0,0.0,0.0,0.0,15.14,15.14
2024,2,LBC,TE,Brock Bowers,LV,@BAL,27,0.0,0.0,0.0,0.0,0.0,0.0,0.0,0.0,0.0,9.0,9.0,98.0,0.0,5.0,0.0,14.8,14.8
2024,2,LBC,TE,Trey McBride,ARI,LAR,31,0.0,0.0,0.0,0.0,0.0,0.0,0.0,0.0,0.0,6.0,6.0,67.0,0.0,2.0,0.0,14.7,14.7
2024,2,LBC,WR,Drake London,ATL,@PHI,30,0.0,0.0,0.0,0.0,0.0,0.0,0.0,0.0,0.0,7.0,6.0,54.0,1.0,2.0,0.0,13.4,13.4
2024,2,LBC,QB,Anthony Richardson,IND,@GB,12,17.0,34.0,204.0,1.0,3.0,4.0,37.0,0.0,2.0,0.0,0.0,0.0,0.0,0.0,0.0,11.86,11.86
2024,2,LBC,QB,Bo Nix,DEN,PIT,7,20.0,35.0,246.0,0.0,2.0,4.0,25.0,0.0,2.0,0.0,0.0,0.0,0.0,0.0,0.0,10.34,10.34
2024,2,LBC,WR,Jerry Jeudy,CLE,@JAC,32,0.0,0.0,0.0,0.0,0.0,0.0,0.0,0.0,0.0,6.0,5.0,73.0,0.0,3.0,0.0,10.3,10.3
2024,2,LBC,WR,Brandon Aiyuk,SF,@MIN,29,0.0,0.0,0.0,0.0,0.0,0.0,0.0,0.0,0.0,5.0,4.0,43.0,0.0,2.0,0.0,6.3,6.3
2024,2,LBC,WR,Michael Wilson,ARI,LAR,22,0.0,0.0,0.0,0.0,0.0,0.0,0.0,0.0,0.0,2.0,2.0,31.0,0.0,2.0,0.0,5.1,5.1
2024,2,LBC,WR,Michael Pittman,IND,@GB,26,0.0,0.0,0.0,0.0,0.0,0.0,0.0,0.0,0.0,7.0,3.0,21.0,0.0,1.0,0.0,3.1,3.1
2024,2,LBC,RB,Raheem Mostert,MIA,BUF,31,0.0,0.0,0.0,0.0,0.0,0.0,0.0,0.0,0.0,0.0,0.0,0.0,0.0,0.0,0.0,-,0.0
2024,2,LBC,TE,Evan Engram,JAC,CLE,6,0.0,0.0,0.0,0.0,0.0,0.0,0.0,0.0,0.0,0.0,0.0,0.0,0.0,0.0,0.0,-,0.0
2024,2,LBC,WR,Demario Douglas,NE,SEA,10,0.0,0.0,0.0,0.0,0.0,0.0,0.0,0.0,0.0,0.0,0.0,0.0,0.0,0.0,0.0,0,0.0
2024,2,LBC,WR,Devontez Walker,BAL,LV,16,0.0,0.0,0.0,0.0,0.0,0.0,0.0,0.0,0.0,0.0,0.0,0.0,0.0,0.0,0.0,-,0.0
2024,2,LBC,DST,Steelers,PIT,@DEN,12,,,,,,,,,,,,,,,,14,14.0
2024,2,LC,QB,Jalen Hurts,PHI,ATL,24,23.0,30.0,183.0,1.0,1.0,13.0,85.0,1.0,7.0,0.0,0.0,0.0,0.0,0.0,0.0,30.82,30.82
2024,2,LC,RB,James Conner,ARI,LAR,29,0.0,0.0,0.0,0.0,0.0,21.0,122.0,1.0,9.0,1.0,1.0,2.0,0.0,0.0,0.0,27.4,27.4
2024,2,LC,WR,DK Metcalf,SEA,@NE,15,0.0,0.0,0.0,0.0,0.0,0.0,0.0,0.0,0.0,14.0,10.0,129.0,1.0,3.0,0.0,21.9,21.9
2024,2,LC,WR,Rashid Shaheed,NO,@DAL,8,0.0,0.0,0.0,0.0,0.0,3.0,13.0,0.0,1.0,4.0,4.0,96.0,1.0,3.0,0.0,20.9,20.9
2024,2,LC,RB,Zach Charbonnet,SEA,@NE,20,0.0,0.0,0.0,0.0,0.0,14.0,38.0,1.0,2.0,5.0,5.0,31.0,0.0,1.0,0.0,15.9,15.9
2024,2,LC,QB,Patrick Mahomes,KC,CIN,29,18.0,25.0,151.0,2.0,2.0,4.0,29.0,0.0,1.0,0.0,0.0,0.0,0.0,0.0,0.0,13.94,13.94
2024,2,LC,QB,Gardner Minshew,LV,@BAL,28,30.0,38.0,276.0,1.0,1.0,1.0,-1.0,0.0,0.0,0.0,0.0,0.0,0.0,0.0,0.0,13.04,13.04
2024,2,LC,RB,Tyler Allgeier,ATL,@PHI,19,0.0,0.0,0.0,0.0,0.0,9.0,53.0,0.0,4.0,1.0,1.0,12.0,0.0,1.0,0.0,11.5,11.5
2024,2,LC,RB,Jaylen Warren,PIT,@DEN,10,0.0,0.0,0.0,0.0,0.0,9.0,42.0,0.0,1.0,2.0,2.0,19.0,0.0,1.0,0.0,8.1,8.1
2024,2,LC,TE,Jonnu Smith,MIA,BUF,11,0.0,0.0,0.0,0.0,0.0,0.0,0.0,0.0,0.0,7.0,6.0,53.0,0.0,2.0,0.0,7.3,7.3
2024,2,LC,RB,Jamaal Williams,NO,@DAL,28,0.0,0.0,0.0,0.0,0.0,8.0,39.0,0.0,3.0,0.0,0.0,0.0,0.0,0.0,0.0,6.9,6.9
2024,2,LC,WR,Xavier Worthy,KC,CIN,18,0.0,0.0,0.0,0.0,0.0,1.0,5.0,0.0,0.0,4.0,2.0,17.0,0.0,1.0,0.0,3.2,3.2
2024,2,LC,TE,Dalton Schultz,HOU,CHI,7,0.0,0.0,0.0,0.0,0.0,0.0,0.0,0.0,0.0,3.0,2.0,21.0,0.0,1.0,0.0,3.1,3.1
2024,2,LC,WR,DeAndre Hopkins,TEN,NYJ,7,0.0,0.0,0.0,0.0,0.0,0.0,0.0,0.0,0.0,2.0,1.0,9.0,0.0,0.0,0.0,0.9,0.9
2024,2,LC,WR,Xavier Legette,CAR,LAC,3,0.0,0.0,0.0,0.0,0.0,0.0,0.0,0.0,0.0,0.0,0.0,0.0,0.0,0.0,0.0,0,0.0
2024,2,LC,TE,Juwan Johnson,NO,@DAL,13,0.0,0.0,0.0,0.0,0.0,0.0,0.0,0.0,0.0,0.0,0.0,0.0,0.0,0.0,0.0,0,0.0
2024,2,LC,RB,Clyde Edwards-Helaire,KC,CIN,25,0.0,0.0,0.0,0.0,0.0,0.0,0.0,0.0,0.0,0.0,0.0,0.0,0.0,0.0,0.0,-,0.0
2024,2,LC,TE,Ben Sinnott,WAS,NYG,9,0.0,0.0,0.0,0.0,0.0,0.0,0.0,0.0,0.0,0.0,0.0,0.0,0.0,0.0,0.0,0,0.0
2024,2,LC,DST,49ers,SF,@MIN,20,,,,,,,,,,,,,,,,8,8.0
2024,2,MB,QB,Kyler Murray,ARI,LAR,25,17.0,21.0,266.0,3.0,0.0,5.0,59.0,0.0,2.0,0.0,0.0,0.0,0.0,0.0,0.0,30.54,30.54
2024,2,MB,WR,Marvin Harrison,ARI,LAR,22,0.0,0.0,0.0,0.0,0.0,0.0,0.0,0.0,0.0,8.0,4.0,130.0,2.0,4.0,0.0,29,29.0
2024,2,MB,WR,Amon-Ra St Brown,DET,TB,25,0.0,0.0,0.0,0.0,0.0,0.0,0.0,0.0,0.0,18.0,11.0,119.0,0.0,7.0,0.0,18.9,18.9
2024,2,MB,RB,Bijan Robinson,ATL,@PHI,19,0.0,0.0,0.0,0.0,0.0,14.0,97.0,0.0,5.0,5.0,4.0,25.0,0.0,1.0,0.0,18.2,18.2
2024,2,MB,QB,Will Levis,TEN,NYJ,3,19.0,28.0,192.0,1.0,1.0,4.0,38.0,0.0,3.0,0.0,0.0,0.0,0.0,0.0,1.0,14.48,14.48
2024,2,MB,RB,Ty Chandler,MIN,SF,15,0.0,0.0,0.0,0.0,0.0,10.0,82.0,0.0,5.0,0.0,0.0,0.0,0.0,0.0,0.0,13.2,13.2
2024,2,MB,RB,Khalil Herbert,CHI,@HOU,9,0.0,0.0,0.0,0.0,0.0,2.0,3.0,1.0,2.0,2.0,2.0,4.0,0.0,0.0,0.0,8.7,8.7
2024,2,MB,RB,Aaron Jones,MIN,SF,15,0.0,0.0,0.0,0.0,0.0,9.0,32.0,0.0,1.0,6.0,5.0,36.0,0.0,1.0,1.0,6.8,6.8
2024,2,MB,QB,Matthew Stafford,LAR,@ARI,27,19.0,27.0,216.0,0.0,0.0,0.0,0.0,0.0,0.0,0.0,0.0,0.0,0.0,0.0,1.0,6.64,6.64
2024,2,MB,RB,Ray Davis,BUF,@MIA,29,0.0,0.0,0.0,0.0,0.0,9.0,29.0,0.0,2.0,1.0,1.0,-1.0,0.0,0.0,0.0,4.9,4.9
2024,2,MB,RB,Zamir White,LV,@BAL,3,0.0,0.0,0.0,0.0,0.0,9.0,24.0,0.0,0.0,4.0,3.0,14.0,0.0,1.0,0.0,4.8,4.8
2024,2,MB,WR,Cooper Kupp,LAR,@ARI,17,0.0,0.0,0.0,0.0,0.0,0.0,0.0,0.0,0.0,6.0,4.0,37.0,0.0,1.0,0.0,4.7,4.7
2024,2,MB,WR,Josh Palmer,LAC,@CAR,23,0.0,0.0,0.0,0.0,0.0,0.0,0.0,0.0,0.0,2.0,2.0,19.0,0.0,1.0,0.0,2.9,2.9
2024,2,MB,QB,Bryce Young,CAR,LAC,4,18.0,26.0,84.0,0.0,1.0,1.0,6.0,0.0,0.0,0.0,0.0,0.0,0.0,0.0,0.0,1.96,1.96
2024,2,MB,TE,Travis Kelce,KC,CIN,28,0.0,0.0,0.0,0.0,0.0,1.0,1.0,0.0,0.0,3.0,1.0,5.0,0.0,0.0,0.0,0.6,0.6
2024,2,MB,RB,Tyrone Tracy,NYG,@WAS,18,0.0,0.0,0.0,0.0,0.0,1.0,2.0,0.0,0.0,0.0,0.0,0.0,0.0,0.0,0.0,0.2,0.2
2024,2,MB,RB,Isaac Guerendo,SF,@MIN,1,0.0,0.0,0.0,0.0,0.0,1.0,0.0,0.0,0.0,0.0,0.0,0.0,0.0,0.0,0.0,0,0.0
2024,2,MB,WR,Javon Baker,NE,SEA,10,0.0,0.0,0.0,0.0,0.0,0.0,0.0,0.0,0.0,0.0,0.0,0.0,0.0,0.0,0.0,0,0.0
2024,2,MB,DST,Buccaneers,TB,@DET,5,,,,,,,,,,,,,,,,7,7.0
2024,2,NBB,WR,Chris Godwin,TB,@DET,28,0.0,0.0,0.0,0.0,0.0,0.0,0.0,0.0,0.0,8.0,7.0,117.0,1.0,5.0,0.0,22.7,22.7
2024,2,NBB,QB,Trevor Lawrence,JAC,CLE,10,14.0,30.0,220.0,0.0,0.0,2.0,45.0,0.0,2.0,0.0,0.0,0.0,0.0,0.0,0.0,15.3,15.3
2024,2,NBB,WR,Jameson Williams,DET,TB,25,0.0,0.0,0.0,0.0,0.0,1.0,15.0,0.0,1.0,11.0,5.0,79.0,0.0,2.0,0.0,12.4,12.4
2024,2,NBB,WR,Brian Thomas,JAC,CLE,21,0.0,0.0,0.0,0.0,0.0,0.0,0.0,0.0,0.0,4.0,2.0,94.0,0.0,2.0,0.0,11.4,11.4
2024,2,NBB,QB,Josh Allen,BUF,@MIA,2,13.0,19.0,139.0,1.0,0.0,2.0,2.0,0.0,0.0,0.0,0.0,0.0,0.0,0.0,0.0,9.76,9.76
2024,2,NBB,WR,Khalil Shakir,BUF,@MIA,4,0.0,0.0,0.0,0.0,0.0,1.0,2.0,0.0,0.0,5.0,5.0,54.0,0.0,3.0,0.0,8.6,8.6
2024,2,NBB,WR,Mike Evans,TB,@DET,28,0.0,0.0,0.0,0.0,0.0,0.0,0.0,0.0,0.0,6.0,3.0,42.0,0.0,3.0,0.0,7.2,7.2
2024,2,NBB,RB,Gus Edwards,LAC,@CAR,32,0.0,0.0,0.0,0.0,0.0,18.0,59.0,0.0,1.0,0.0,0.0,0.0,0.0,0.0,0.0,6.9,6.9
2024,2,NBB,WR,Jayden Reed,GB,IND,24,0.0,0.0,0.0,0.0,0.0,2.0,37.0,0.0,2.0,2.0,2.0,9.0,0.0,0.0,0.0,6.6,6.6
2024,2,NBB,WR,Gabe Davis,JAC,CLE,21,0.0,0.0,0.0,0.0,0.0,0.0,0.0,0.0,0.0,7.0,3.0,43.0,0.0,2.0,0.0,6.3,6.3
2024,2,NBB,RB,Blake Corum,LAR,@ARI,27,0.0,0.0,0.0,0.0,0.0,8.0,28.0,0.0,2.0,0.0,0.0,0.0,0.0,0.0,0.0,4.8,4.8
2024,2,NBB,TE,Dallas Goedert,PHI,ATL,24,0.0,0.0,0.0,0.0,0.0,0.0,0.0,0.0,0.0,4.0,3.0,38.0,0.0,1.0,0.0,4.8,4.8
2024,2,NBB,RB,D'Andre Swift,CHI,@HOU,9,0.0,0.0,0.0,0.0,0.0,14.0,18.0,0.0,0.0,5.0,4.0,24.0,0.0,0.0,0.0,4.2,4.2
2024,2,NBB,WR,Terry McLaurin,WAS,NYG,12,0.0,0.0,0.0,0.0,0.0,0.0,0.0,0.0,0.0,8.0,6.0,22.0,0.0,1.0,0.0,3.2,3.2
2024,2,NBB,TE,Kyle Pitts,ATL,@PHI,4,0.0,0.0,0.0,0.0,0.0,0.0,0.0,0.0,0.0,4.0,3.0,20.0,0.0,1.0,0.0,3,3.0
2024,2,NBB,TE,David Njoku,CLE,@JAC,17,0.0,0.0,0.0,0.0,0.0,0.0,0.0,0.0,0.0,0.0,0.0,0.0,0.0,0.0,0.0,-,0.0
2024,2,NBB,RB,Will Shipley,PHI,ATL,6,0.0,0.0,0.0,0.0,0.0,0.0,0.0,0.0,0.0,0.0,0.0,0.0,0.0,0.0,0.0,0,0.0
2024,2,NBB,RB,Nick Chubb,CLE,@JAC,23,0.0,0.0,0.0,0.0,0.0,0.0,0.0,0.0,0.0,0.0,0.0,0.0,0.0,0.0,0.0,-,0.0
2024,2,NBB,DST,Bills,BUF,@MIA,31,,,,,,,,,,,,,,,,22,22.0
2024,2,PCP,RB,Braelon Allen,NYJ,@TEN,11,0.0,0.0,0.0,0.0,0.0,7.0,33.0,1.0,2.0,4.0,2.0,23.0,1.0,2.0,0.0,21.6,21.6
2024,2,PCP,QB,Geno Smith,SEA,@NE,10,33.0,44.0,327.0,1.0,0.0,5.0,8.0,0.0,3.0,0.0,0.0,0.0,0.0,0.0,0.0,20.88,20.88
2024,2,PCP,QB,Joe Burrow,CIN,@KC,15,23.0,36.0,258.0,2.0,0.0,6.0,9.0,0.0,3.0,0.0,0.0,0.0,0.0,0.0,1.0,20.22,20.22
2024,2,PCP,QB,Daniel Jones,NYG,@WAS,20,16.0,28.0,178.0,2.0,0.0,5.0,32.0,0.0,1.0,0.0,0.0,0.0,0.0,0.0,0.0,19.32,19.32
2024,2,PCP,WR,CeeDee Lamb,DAL,NO,11,0.0,0.0,0.0,0.0,0.0,0.0,0.0,0.0,0.0,7.0,4.0,90.0,1.0,3.0,0.0,18,18.0
2024,2,PCP,WR,Rashee Rice,KC,CIN,18,0.0,0.0,0.0,0.0,0.0,0.0,0.0,0.0,0.0,6.0,5.0,75.0,1.0,3.0,0.0,16.5,16.5
2024,2,PCP,RB,Kyren Williams,LAR,@ARI,27,0.0,0.0,0.0,0.0,0.0,12.0,25.0,1.0,2.0,5.0,4.0,27.0,0.0,1.0,0.0,14.2,14.2
2024,2,PCP,WR,Garrett Wilson,NYJ,@TEN,1,0.0,0.0,0.0,0.0,0.0,1.0,5.0,0.0,1.0,6.0,4.0,57.0,0.0,3.0,0.0,10.2,10.2
2024,2,PCP,RB,Rico Dowdle,DAL,NO,12,0.0,0.0,0.0,0.0,0.0,7.0,30.0,0.0,3.0,5.0,4.0,29.0,0.0,0.0,0.0,8.9,8.9
2024,2,PCP,TE,Pat Freiermuth,PIT,@DEN,21,0.0,0.0,0.0,0.0,0.0,0.0,0.0,0.0,0.0,4.0,4.0,39.0,0.0,2.0,0.0,5.9,5.9
2024,2,PCP,RB,Ezekiel Elliott,DAL,NO,12,0.0,0.0,0.0,0.0,0.0,6.0,16.0,0.0,1.0,3.0,2.0,16.0,0.0,1.0,0.0,5.2,5.2
2024,2,PCP,RB,Tyjae Spears,TEN,NYJ,8,0.0,0.0,0.0,0.0,0.0,6.0,20.0,0.0,2.0,2.0,2.0,11.0,0.0,0.0,0.0,5.1,5.1
2024,2,PCP,RB,Trey Benson,ARI,LAR,30,0.0,0.0,0.0,0.0,0.0,11.0,10.0,0.0,1.0,1.0,1.0,7.0,0.0,0.0,0.0,2.7,2.7
2024,2,PCP,TE,Luke Musgrave,GB,IND,30,0.0,0.0,0.0,0.0,0.0,0.0,0.0,0.0,0.0,1.0,1.0,6.0,0.0,0.0,0.0,0.6,0.6
2024,2,PCP,RB,Dameon Pierce,HOU,CHI,21,0.0,0.0,0.0,0.0,0.0,0.0,0.0,0.0,0.0,0.0,0.0,0.0,0.0,0.0,0.0,-,0.0
2024,2,PCP,TE,TJ Hockenson,MIN,SF,14,0.0,0.0,0.0,0.0,0.0,0.0,0.0,0.0,0.0,0.0,0.0,0.0,0.0,0.0,0.0,-,0.0
2024,2,PCP,WR,AJ Brown,PHI,ATL,19,0.0,0.0,0.0,0.0,0.0,0.0,0.0,0.0,0.0,0.0,0.0,0.0,0.0,0.0,0.0,-,0.0
2024,2,PCP,WR,Keon Coleman,BUF,@MIA,4,0.0,0.0,0.0,0.0,0.0,0.0,0.0,0.0,0.0,1.0,0.0,0.0,0.0,0.0,0.0,0,0.0
2024,2,PCP,DST,Ravens,BAL,LV,30,,,,,,,,,,,,,,,,8,8.0
2024,2,PP,WR,Calvin Ridley,TEN,NYJ,7,0.0,0.0,0.0,0.0,0.0,1.0,10.0,1.0,1.0,6.0,4.0,77.0,1.0,3.0,0.0,24.7,24.7
2024,2,PP,WR,Davante Adams,LV,@BAL,31,0.0,0.0,0.0,0.0,0.0,0.0,0.0,0.0,0.0,12.0,9.0,110.0,1.0,5.0,0.0,22,22.0
2024,2,PP,RB,Josh Jacobs,GB,IND,26,0.0,0.0,0.0,0.0,0.0,32.0,151.0,0.0,8.0,0.0,0.0,0.0,0.0,0.0,1.0,21.1,21.1
2024,2,PP,QB,Kirk Cousins,ATL,@PHI,17,20.0,29.0,241.0,2.0,0.0,4.0,-1.0,0.0,0.0,0.0,0.0,0.0,0.0,0.0,0.0,17.64,17.64
2024,2,PP,RB,Devin Singletary,NYG,@WAS,18,0.0,0.0,0.0,0.0,0.0,16.0,95.0,1.0,4.0,1.0,1.0,0.0,0.0,0.0,1.0,17.5,17.5
2024,2,PP,RB,David Montgomery,DET,TB,14,0.0,0.0,0.0,0.0,0.0,11.0,35.0,1.0,2.0,4.0,4.0,35.0,0.0,1.0,0.0,16,16.0
2024,2,PP,QB,Brock Purdy,SF,@MIN,8,28.0,36.0,319.0,1.0,1.0,2.0,12.0,0.0,1.0,0.0,0.0,0.0,0.0,0.0,1.0,14.96,14.96
2024,2,CLC,QB,Malik Willis,GB,IND,30,12.0,14.0,122.0,1.0,0.0,6.0,41.0,0.0,1.0,0.0,0.0,0.0,0.0,0.0,0.0,13.98,13.98
2024,2,PP,QB,Justin Herbert,LAC,@CAR,26,14.0,20.0,130.0,2.0,1.0,6.0,18.0,0.0,1.0,0.0,0.0,0.0,0.0,0.0,1.0,12,12.0
2024,2,PP,WR,Wan'Dale Robinson,NYG,@WAS,27,0.0,0.0,0.0,0.0,0.0,0.0,0.0,0.0,0.0,4.0,2.0,18.0,1.0,2.0,0.0,9.8,9.8
2024,2,PP,WR,Romeo Doubs,GB,IND,24,0.0,0.0,0.0,0.0,0.0,0.0,0.0,0.0,0.0,3.0,3.0,62.0,0.0,3.0,0.0,9.2,9.2
2024,2,PP,TE,Mark Andrews,BAL,LV,17,0.0,0.0,0.0,0.0,0.0,0.0,0.0,0.0,0.0,5.0,4.0,51.0,0.0,4.0,0.0,9.1,9.1
2024,2,PP,TE,Isaiah Likely,BAL,LV,17,0.0,0.0,0.0,0.0,0.0,0.0,0.0,0.0,0.0,3.0,2.0,26.0,0.0,2.0,0.0,4.6,4.6
2024,2,PP,WR,Courtland Sutton,DEN,PIT,13,0.0,0.0,0.0,0.0,0.0,0.0,0.0,0.0,0.0,4.0,1.0,26.0,0.0,1.0,0.0,3.6,3.6
2024,2,PP,RB,MarShawn Lloyd,GB,IND,26,0.0,0.0,0.0,0.0,0.0,6.0,15.0,0.0,0.0,1.0,1.0,3.0,0.0,0.0,0.0,1.8,1.8
2024,2,PP,WR,Amari Cooper,CLE,@JAC,32,0.0,0.0,0.0,0.0,0.0,0.0,0.0,0.0,0.0,8.0,3.0,11.0,0.0,0.0,0.0,1.1,1.1
2024,2,PP,WR,Malachi Corley,NYJ,@TEN,1,0.0,0.0,0.0,0.0,0.0,0.0,0.0,0.0,0.0,1.0,1.0,4.0,0.0,0.0,0.0,0.4,0.4
2024,2,PP,QB,JJ McCarthy,MIN,SF,11,0.0,0.0,0.0,0.0,0.0,0.0,0.0,0.0,0.0,0.0,0.0,0.0,0.0,0.0,0.0,-,0.0
2024,2,PP,RB,Christian McCaffrey,SF,@MIN,1,0.0,0.0,0.0,0.0,0.0,0.0,0.0,0.0,0.0,0.0,0.0,0.0,0.0,0.0,0.0,-,0.0
2024,2,PP,DST,Chiefs,KC,CIN,11,,,,,,,,,,,,,,,,11,11.0
2024,2,RR,QB,Baker Mayfield,TB,@DET,23,12.0,19.0,185.0,1.0,1.0,5.0,34.0,1.0,3.0,0.0,0.0,0.0,0.0,0.0,0.0,21.8,21.8
2024,2,RR,WR,Justin Jefferson,MIN,SF,14,0.0,0.0,0.0,0.0,0.0,0.0,0.0,0.0,0.0,7.0,4.0,133.0,1.0,2.0,0.0,21.3,21.3
2024,2,RR,QB,CJ Stroud,HOU,CHI,1,23.0,36.0,260.0,1.0,0.0,1.0,-1.0,0.0,0.0,0.0,0.0,0.0,0.0,0.0,0.0,14.4,14.4
2024,2,RR,RB,Najee Harris,PIT,@DEN,10,0.0,0.0,0.0,0.0,0.0,17.0,69.0,0.0,2.0,2.0,1.0,5.0,0.0,0.0,0.0,9.4,9.4
2024,2,RR,QB,Tua Tagovailoa,MIA,BUF,13,17.0,25.0,145.0,1.0,3.0,2.0,17.0,0.0,2.0,0.0,0.0,0.0,0.0,0.0,0.0,7.5,7.5
2024,2,RR,RB,Joe Mixon,HOU,CHI,21,0.0,0.0,0.0,0.0,0.0,9.0,25.0,0.0,1.0,5.0,3.0,25.0,0.0,1.0,0.0,7,7.0
2024,2,RR,WR,George Pickens,PIT,@DEN,2,0.0,0.0,0.0,0.0,0.0,0.0,0.0,0.0,0.0,4.0,2.0,29.0,0.0,2.0,0.0,4.9,4.9
2024,2,RR,WR,Jalen McMillan,TB,@DET,28,0.0,0.0,0.0,0.0,0.0,0.0,0.0,0.0,0.0,2.0,1.0,21.0,0.0,1.0,0.0,3.1,3.1
2024,2,RR,WR,Adam Thielen,CAR,LAC,3,0.0,0.0,0.0,0.0,0.0,0.0,0.0,0.0,0.0,3.0,2.0,20.0,0.0,1.0,0.0,3,3.0
2024,2,RR,TE,Taysom Hill,NO,@DAL,13,0.0,0.0,0.0,0.0,0.0,3.0,18.0,0.0,1.0,1.0,1.0,1.0,0.0,0.0,0.0,2.9,2.9
2024,2,RR,WR,Mike Williams,NYJ,@TEN,1,0.0,0.0,0.0,0.0,0.0,0.0,0.0,0.0,0.0,1.0,1.0,19.0,0.0,1.0,0.0,2.9,2.9
2024,2,RR,WR,Diontae Johnson,CAR,LAC,3,0.0,0.0,0.0,0.0,0.0,0.0,0.0,0.0,0.0,6.0,3.0,15.0,0.0,1.0,0.0,2.5,2.5
2024,2,RR,RB,Rachaad White,TB,@DET,4,0.0,0.0,0.0,0.0,0.0,10.0,18.0,0.0,0.0,1.0,1.0,5.0,0.0,0.0,0.0,2.3,2.3
2024,2,RR,QB,Michael Penix,ATL,@PHI,17,0.0,0.0,0.0,0.0,0.0,0.0,0.0,0.0,0.0,0.0,0.0,0.0,0.0,0.0,0.0,-,0.0
2024,2,RR,WR,Luke McCaffrey,WAS,NYG,12,0.0,0.0,0.0,0.0,0.0,0.0,0.0,0.0,0.0,0.0,0.0,0.0,0.0,0.0,0.0,0,0.0
2024,2,RR,TE,Cade Otton,TB,@DET,12,0.0,0.0,0.0,0.0,0.0,1.0,-4.0,0.0,0.0,2.0,0.0,0.0,0.0,0.0,0.0,0,0.0
2024,2,RR,RB,Jonathon Brooks,CAR,LAC,5,0.0,0.0,0.0,0.0,0.0,0.0,0.0,0.0,0.0,0.0,0.0,0.0,0.0,0.0,0.0,-,0.0
2024,2,RR,WR,Jordan Addison,MIN,SF,14,0.0,0.0,0.0,0.0,0.0,0.0,0.0,0.0,0.0,0.0,0.0,0.0,0.0,0.0,0.0,-,0.0
2024,2,RR,DST,Browns,CLE,@JAC,21,,,,,,,,,,,,,,,,10,10.0
2024,2,SBS,RB,Jonathan Taylor,IND,@GB,17,0.0,0.0,0.0,0.0,0.0,12.0,103.0,0.0,6.0,4.0,2.0,32.0,0.0,2.0,0.0,21.5,21.5
2024,2,SBS,QB,Lamar Jackson,BAL,LV,16,21.0,34.0,247.0,1.0,1.0,5.0,45.0,0.0,1.0,0.0,0.0,0.0,0.0,0.0,0.0,17.38,17.38
2024,2,SBS,WR,Deebo Samuel,SF,@MIN,29,0.0,0.0,0.0,0.0,0.0,2.0,-10.0,0.0,0.0,10.0,8.0,110.0,0.0,6.0,0.0,17,17.0
2024,2,SBS,RB,Antonio Gibson,NE,SEA,22,0.0,0.0,0.0,0.0,0.0,11.0,96.0,0.0,5.0,1.0,1.0,7.0,0.0,1.0,0.0,16.3,16.3
2024,2,SBS,QB,Jayden Daniels,WAS,NYG,18,23.0,29.0,226.0,0.0,0.0,10.0,44.0,0.0,2.0,0.0,0.0,0.0,0.0,0.0,0.0,15.44,15.44
2024,2,SBS,WR,Andrei Iosivas,CIN,@KC,9,0.0,0.0,0.0,0.0,0.0,0.0,0.0,0.0,0.0,4.0,2.0,7.0,2.0,2.0,0.0,14.7,14.7
2024,2,SBS,RB,Austin Ekeler,WAS,NYG,13,0.0,0.0,0.0,0.0,0.0,8.0,38.0,0.0,1.0,3.0,3.0,47.0,0.0,2.0,0.0,11.5,11.5
2024,2,SBS,RB,Chuba Hubbard,CAR,LAC,5,0.0,0.0,0.0,0.0,0.0,10.0,64.0,0.0,3.0,5.0,4.0,12.0,0.0,0.0,0.0,10.6,10.6
2024,2,SBS,RB,Jerome Ford,CLE,@JAC,23,0.0,0.0,0.0,0.0,0.0,7.0,64.0,0.0,3.0,2.0,1.0,0.0,0.0,0.0,0.0,9.4,9.4
2024,2,SBS,TE,Zach Ertz,WAS,NYG,9,0.0,0.0,0.0,0.0,0.0,0.0,0.0,0.0,0.0,4.0,4.0,62.0,0.0,3.0,0.0,9.2,9.2
2024,2,SBS,WR,Rashod Bateman,BAL,LV,16,0.0,0.0,0.0,0.0,0.0,0.0,0.0,0.0,0.0,4.0,3.0,40.0,0.0,2.0,0.0,6,6.0
2024,2,SBS,WR,Stefon Diggs,HOU,CHI,6,0.0,0.0,0.0,0.0,0.0,0.0,0.0,0.0,0.0,6.0,4.0,37.0,0.0,1.0,0.0,4.7,4.7
2024,2,SBS,TE,Cole Kmet,CHI,@HOU,2,0.0,0.0,0.0,0.0,0.0,0.0,0.0,0.0,0.0,5.0,4.0,27.0,0.0,1.0,0.0,3.7,3.7
2024,2,SBS,RB,Jaylen Wright,MIA,BUF,31,0.0,0.0,0.0,0.0,0.0,5.0,4.0,0.0,0.0,0.0,0.0,0.0,0.0,0.0,0.0,0.4,0.4
2024,2,SBS,WR,Christian Watson,GB,IND,24,0.0,0.0,0.0,0.0,0.0,0.0,0.0,0.0,0.0,0.0,0.0,0.0,0.0,0.0,0.0,0,0.0
2024,2,SBS,WR,Christian Kirk,JAC,CLE,21,0.0,0.0,0.0,0.0,0.0,0.0,0.0,0.0,0.0,3.0,1.0,-1.0,0.0,0.0,0.0,0,0.0
2024,2,SBS,WR,Troy Franklin,DEN,PIT,13,0.0,0.0,0.0,0.0,0.0,0.0,0.0,0.0,0.0,1.0,0.0,0.0,0.0,0.0,0.0,0,0.0
2024,2,SBS,QB,Russell Wilson,PIT,@DEN,6,0.0,0.0,0.0,0.0,0.0,0.0,0.0,0.0,0.0,0.0,0.0,0.0,0.0,0.0,0.0,-,0.0
2024,2,SBS,DST,Cowboys,DAL,NO,13,,,,,,,,,,,,,,,,-1,-1.0
2024,3,ABT,RB,Saquon Barkley,PHI,@NO,12,0.0,0.0,0.0,0.0,0.0,17.0,147.0,2.0,7.0,4.0,4.0,9.0,0.0,0.0,0.0,36.6,36.6
2024,3,ABT,QB,Dak Prescott,DAL,BAL,28,28.0,51.0,379.0,2.0,0.0,2.0,7.0,1.0,1.0,0.0,0.0,0.0,0.0,0.0,0.0,30.86,30.86
2024,3,ABT,WR,Chris Olave,NO,PHI,30,0.0,0.0,0.0,0.0,0.0,0.0,0.0,0.0,0.0,6.0,6.0,86.0,1.0,5.0,0.0,19.6,19.6
2024,3,ABT,RB,Alvin Kamara,NO,PHI,19,0.0,0.0,0.0,0.0,0.0,26.0,87.0,0.0,5.0,3.0,3.0,40.0,0.0,1.0,0.0,18.7,18.7
2024,3,ABT,QB,Caleb Williams,CHI,@IND,30,33.0,52.0,363.0,2.0,2.0,1.0,8.0,0.0,1.0,0.0,0.0,0.0,0.0,0.0,1.0,18.32,18.32
2024,3,ABT,TE,Jake Ferguson,DAL,BAL,27,0.0,0.0,0.0,0.0,0.0,0.0,0.0,0.0,0.0,11.0,6.0,95.0,0.0,4.0,0.0,13.5,13.5
2024,3,ABT,RB,Alexander Mattison,LV,CAR,32,0.0,0.0,0.0,0.0,0.0,3.0,7.0,1.0,1.0,3.0,3.0,37.0,0.0,2.0,0.0,13.4,13.4
2024,3,ABT,RB,Carson Steele,KC,@ATL,6,0.0,0.0,0.0,0.0,0.0,17.0,72.0,0.0,6.0,2.0,1.0,2.0,0.0,0.0,0.0,13.4,13.4
2024,3,ABT,RB,Chase Brown,CIN,WAS,18,0.0,0.0,0.0,0.0,0.0,7.0,62.0,0.0,4.0,3.0,2.0,7.0,0.0,0.0,0.0,10.9,10.9
2024,3,ABT,WR,DJ Moore,CHI,@IND,24,0.0,0.0,0.0,0.0,0.0,1.0,-6.0,0.0,0.0,10.0,8.0,78.0,0.0,3.0,0.0,10.8,10.8
2024,3,ABT,WR,Demarcus Robinson,LAR,SF,14,0.0,0.0,0.0,0.0,0.0,0.0,0.0,0.0,0.0,4.0,1.0,32.0,0.0,1.0,0.0,4.2,4.2
2024,3,ABT,WR,Josh Downs,IND,CHI,6,0.0,0.0,0.0,0.0,0.0,0.0,0.0,0.0,0.0,5.0,3.0,22.0,0.0,0.0,0.0,2.2,2.2
2024,3,ABT,RB,Kenneth Gainwell,PHI,@NO,12,0.0,0.0,0.0,0.0,0.0,0.0,0.0,0.0,0.0,3.0,2.0,12.0,0.0,0.0,0.0,1.2,1.2
2024,3,ABT,RB,Keaton Mitchell,BAL,@DAL,28,0.0,0.0,0.0,0.0,0.0,0.0,0.0,0.0,0.0,0.0,0.0,0.0,0.0,0.0,0.0,-,0.0
2024,3,ABT,WR,Roman Wilson,PIT,LAC,3,0.0,0.0,0.0,0.0,0.0,0.0,0.0,0.0,0.0,0.0,0.0,0.0,0.0,0.0,0.0,-,0.0
2024,3,ABT,WR,Jermaine Burton,CIN,WAS,27,0.0,0.0,0.0,0.0,0.0,0.0,0.0,0.0,0.0,0.0,0.0,0.0,0.0,0.0,0.0,0,0.0
2024,3,ABT,WR,Keenan Allen,CHI,@IND,24,0.0,0.0,0.0,0.0,0.0,0.0,0.0,0.0,0.0,0.0,0.0,0.0,0.0,0.0,0.0,-,0.0
2024,3,ABT,WR,Puka Nacua,LAR,SF,14,0.0,0.0,0.0,0.0,0.0,0.0,0.0,0.0,0.0,0.0,0.0,0.0,0.0,0.0,0.0,-,0.0
2024,3,ABT,DST,Seahawks,SEA,MIA,31,,,,,,,,,,,,,,,,16,16.0
2024,3,CLC,QB,Malik Willis,GB,@TEN,14,13.0,19.0,202.0,1.0,0.0,6.0,73.0,1.0,4.0,0.0,0.0,0.0,0.0,0.0,0.0,29.38,29.38
2024,3,CLC,RB,Zack Moss,CIN,WAS,18,0.0,0.0,0.0,0.0,0.0,12.0,58.0,1.0,6.0,6.0,5.0,39.0,0.0,2.0,0.0,23.7,23.7
2024,3,CLC,WR,Rome Odunze,CHI,@IND,24,0.0,0.0,0.0,0.0,0.0,1.0,2.0,0.0,0.0,11.0,6.0,112.0,1.0,5.0,0.0,22.4,22.4
2024,3,CLC,QB,Justin Fields,PIT,LAC,4,25.0,32.0,245.0,1.0,1.0,6.0,6.0,1.0,1.0,0.0,0.0,0.0,0.0,0.0,0.0,19.4,19.4
2024,3,CLC,RB,Breece Hall,NYJ,NE,20,0.0,0.0,0.0,0.0,0.0,16.0,54.0,1.0,4.0,5.0,4.0,29.0,0.0,1.0,0.0,19.3,19.3
2024,3,CLC,RB,Jordan Mason,SF,@LAR,30,0.0,0.0,0.0,0.0,0.0,19.0,77.0,0.0,4.0,2.0,2.0,11.0,0.0,1.0,0.0,13.8,13.8
2024,3,CLC,WR,Nico Collins,HOU,@MIN,29,0.0,0.0,0.0,0.0,0.0,0.0,0.0,0.0,0.0,10.0,4.0,86.0,0.0,4.0,0.0,12.6,12.6
2024,3,CLC,TE,Dalton Kincaid,BUF,JAC,17,0.0,0.0,0.0,0.0,0.0,0.0,0.0,0.0,0.0,5.0,3.0,41.0,1.0,2.0,0.0,12.1,12.1
2024,3,CLC,WR,DeVonta Smith,PHI,@NO,12,0.0,0.0,0.0,0.0,0.0,0.0,0.0,0.0,0.0,10.0,7.0,79.0,0.0,4.0,0.0,11.9,11.9
2024,3,CLC,WR,Darnell Mooney,ATL,KC,9,0.0,0.0,0.0,0.0,0.0,0.0,0.0,0.0,0.0,8.0,8.0,66.0,0.0,3.0,0.0,9.6,9.6
2024,3,CLC,RB,Justice Hill,BAL,@DAL,28,0.0,0.0,0.0,0.0,0.0,5.0,33.0,0.0,2.0,2.0,2.0,21.0,0.0,2.0,0.0,9.4,9.4
2024,3,CLC,QB,Skylar Thompson,MIA,@SEA,19,13.0,19.0,107.0,0.0,0.0,0.0,0.0,0.0,0.0,0.0,0.0,0.0,0.0,0.0,0.0,4.28,4.28
2024,3,CLC,WR,Jaylen Waddle,MIA,@SEA,10,0.0,0.0,0.0,0.0,0.0,0.0,0.0,0.0,0.0,5.0,4.0,26.0,0.0,1.0,0.0,3.6,3.6
2024,3,CLC,RB,Javonte Williams,DEN,@TB,14,0.0,0.0,0.0,0.0,0.0,5.0,12.0,0.0,0.0,4.0,4.0,29.0,0.0,0.0,1.0,2.1,2.1
2024,3,CLC,WR,Ja'Lynn Polk,NE,@NYJ,7,0.0,0.0,0.0,0.0,0.0,0.0,0.0,0.0,0.0,2.0,2.0,13.0,0.0,0.0,0.0,1.3,1.3
2024,3,CLC,WR,Ricky Pearsall,SF,@LAR,22,0.0,0.0,0.0,0.0,0.0,0.0,0.0,0.0,0.0,0.0,0.0,0.0,0.0,0.0,0.0,-,0.0
2024,3,CLC,QB,Jordan Love,GB,@TEN,14,0.0,0.0,0.0,0.0,0.0,0.0,0.0,0.0,0.0,0.0,0.0,0.0,0.0,0.0,0.0,-,0.0
2024,3,CLC,DST,Bears,CHI,@IND,8,,,,,,,,,,,,,,,,6,6.0
2024,3,CPC,RB,Derrick Henry,BAL,@DAL,28,0.0,0.0,0.0,0.0,0.0,25.0,151.0,2.0,8.0,1.0,1.0,23.0,0.0,1.0,0.0,38.4,38.4
2024,3,CPC,WR,Ja'Marr Chase,CIN,WAS,27,0.0,0.0,0.0,0.0,0.0,0.0,0.0,0.0,0.0,7.0,6.0,118.0,2.0,4.0,0.0,27.8,27.8
2024,3,CPC,QB,Sam Darnold,MIN,HOU,21,17.0,28.0,181.0,4.0,0.0,0.0,0.0,0.0,0.0,0.0,0.0,0.0,0.0,0.0,0.0,23.24,23.24
2024,3,CPC,RB,James Cook,BUF,JAC,23,0.0,0.0,0.0,0.0,0.0,11.0,39.0,1.0,2.0,5.0,4.0,48.0,0.0,3.0,0.0,19.7,19.7
2024,3,CPC,WR,Jakobi Meyers,LV,CAR,23,0.0,0.0,0.0,0.0,0.0,0.0,0.0,0.0,0.0,9.0,7.0,62.0,1.0,4.0,0.0,18.2,18.2
2024,3,CPC,RB,Brian Robinson,WAS,@CIN,25,0.0,0.0,0.0,0.0,0.0,16.0,33.0,1.0,2.0,1.0,1.0,4.0,0.0,0.0,0.0,11.7,11.7
2024,3,CPC,WR,Tyler Lockett,SEA,MIA,4,0.0,0.0,0.0,0.0,0.0,0.0,0.0,0.0,0.0,8.0,5.0,46.0,0.0,4.0,0.0,8.6,8.6
2024,3,CPC,QB,Derek Carr,NO,PHI,17,14.0,25.0,142.0,1.0,1.0,2.0,3.0,0.0,0.0,0.0,0.0,0.0,0.0,0.0,0.0,7.98,7.98
2024,3,CPC,RB,JK Dobbins,LAC,@PIT,7,0.0,0.0,0.0,0.0,0.0,15.0,44.0,0.0,2.0,3.0,3.0,10.0,0.0,0.0,0.0,7.4,7.4
2024,3,CPC,WR,Ladd McConkey,LAC,@PIT,13,0.0,0.0,0.0,0.0,0.0,0.0,0.0,0.0,0.0,6.0,3.0,44.0,0.0,3.0,0.0,7.4,7.4
2024,3,CPC,WR,Tyreek Hill,MIA,@SEA,10,0.0,0.0,0.0,0.0,0.0,0.0,0.0,0.0,0.0,5.0,3.0,40.0,0.0,2.0,0.0,6,6.0
2024,3,CPC,WR,Tee Higgins,CIN,WAS,27,0.0,0.0,0.0,0.0,0.0,0.0,0.0,0.0,0.0,6.0,3.0,39.0,0.0,2.0,0.0,5.9,5.9
2024,3,CPC,RB,Tony Pollard,TEN,GB,17,0.0,0.0,0.0,0.0,0.0,6.0,14.0,0.0,1.0,4.0,3.0,15.0,0.0,0.0,0.0,3.9,3.9
2024,3,CPC,QB,Drake Maye,NE,@NYJ,3,4.0,8.0,22.0,0.0,0.0,2.0,12.0,0.0,1.0,0.0,0.0,0.0,0.0,0.0,0.0,3.08,3.08
2024,3,CPC,WR,Dontayvion Wicks,GB,@TEN,1,0.0,0.0,0.0,0.0,0.0,0.0,0.0,0.0,0.0,2.0,0.0,0.0,0.0,0.0,0.0,0,0.0
2024,3,CPC,TE,George Kittle,SF,@LAR,31,0.0,0.0,0.0,0.0,0.0,0.0,0.0,0.0,0.0,0.0,0.0,0.0,0.0,0.0,0.0,-,0.0
2024,3,CPC,TE,Ja'Tavion Sanders,CAR,@LV,16,0.0,0.0,0.0,0.0,0.0,0.0,0.0,0.0,0.0,1.0,0.0,0.0,0.0,0.0,0.0,0,0.0
2024,3,CPC,DST,Bengals,CIN,WAS,2,,,,,,,,,,,,,,,,-2,-2.0
2024,3,DDD,WR,Malik Nabers,NYG,@CLE,21,0.0,1.0,0.0,0.0,0.0,2.0,4.0,0.0,1.0,12.0,8.0,78.0,2.0,5.0,0.0,26.2,26.2
2024,3,DDD,RB,Jahmyr Gibbs,DET,@ARI,27,0.0,0.0,0.0,0.0,0.0,16.0,83.0,0.0,4.0,0.0,0.0,20.0,1.0,1.0,0.0,21.3,21.3
2024,3,DDD,QB,Deshaun Watson,CLE,NYG,18,21.0,37.0,196.0,2.0,0.0,4.0,26.0,0.0,2.0,0.0,0.0,0.0,0.0,0.0,2.0,18.44,18.44
2024,3,DDD,QB,Jared Goff,DET,@ARI,27,18.0,23.0,199.0,2.0,1.0,3.0,6.0,0.0,1.0,0.0,0.0,0.0,0.0,0.0,0.0,15.56,15.56
2024,3,DDD,WR,Quentin Johnston,LAC,@PIT,13,0.0,0.0,0.0,0.0,0.0,0.0,0.0,0.0,0.0,2.0,2.0,44.0,1.0,2.0,0.0,12.4,12.4
2024,3,DDD,RB,Bucky Irving,TB,DEN,10,0.0,0.0,0.0,0.0,0.0,9.0,70.0,0.0,3.0,3.0,3.0,14.0,0.0,1.0,0.0,12.4,12.4
2024,3,DDD,WR,Tank Dell,HOU,@MIN,29,0.0,0.0,0.0,0.0,0.0,0.0,0.0,0.0,0.0,6.0,5.0,62.0,0.0,3.0,0.0,9.2,9.2
2024,3,DDD,RB,De'Von Achane,MIA,@SEA,22,0.0,0.0,0.0,0.0,0.0,11.0,30.0,0.0,2.0,5.0,3.0,28.0,0.0,1.0,0.0,8.8,8.8
2024,3,DDD,TE,Mike Gesicki,CIN,WAS,8,0.0,0.0,0.0,0.0,0.0,0.0,0.0,0.0,0.0,5.0,4.0,47.0,0.0,4.0,0.0,8.7,8.7
2024,3,DDD,RB,Jaleel McLaughlin,DEN,@TB,14,0.0,0.0,0.0,0.0,0.0,5.0,7.0,1.0,1.0,1.0,1.0,7.0,0.0,0.0,0.0,8.4,8.4
2024,3,DDD,TE,Sam LaPorta,DET,@ARI,18,0.0,0.0,0.0,0.0,0.0,0.0,0.0,0.0,0.0,2.0,2.0,36.0,0.0,2.0,0.0,5.6,5.6
2024,3,DDD,QB,Jacoby Brissett,NE,@NYJ,3,12.0,18.0,98.0,0.0,0.0,0.0,0.0,0.0,0.0,0.0,0.0,0.0,0.0,0.0,0.0,3.92,3.92
2024,3,DDD,WR,Zay Flowers,BAL,@DAL,8,0.0,0.0,0.0,0.0,0.0,1.0,3.0,0.0,0.0,4.0,3.0,20.0,0.0,1.0,0.0,3.3,3.3
2024,3,DDD,RB,Tank Bigsby,JAC,@BUF,31,0.0,0.0,0.0,0.0,0.0,2.0,9.0,0.0,1.0,0.0,0.0,0.0,0.0,0.0,0.0,1.9,1.9
2024,3,DDD,WR,Tim Patrick,DET,@ARI,17,0.0,0.0,0.0,0.0,0.0,0.0,0.0,0.0,0.0,1.0,1.0,8.0,0.0,0.0,0.0,0.8,0.8
2024,3,DDD,RB,Kenneth Walker,SEA,MIA,29,0.0,0.0,0.0,0.0,0.0,0.0,0.0,0.0,0.0,0.0,0.0,0.0,0.0,0.0,0.0,-,0.0
2024,3,DDD,WR,Adonai Mitchell,IND,CHI,6,0.0,0.0,0.0,0.0,0.0,0.0,0.0,0.0,0.0,1.0,0.0,0.0,0.0,0.0,0.0,0,0.0
2024,3,DDD,DST,Raiders,LV,CAR,24,,,,,,,,,,,,,,,,-2,-2.0
2024,3,LBC,QB,Bo Nix,DEN,@TB,31,25.0,36.0,216.0,0.0,0.0,9.0,47.0,1.0,6.0,0.0,0.0,0.0,0.0,0.0,0.0,25.34,25.34
2024,3,LBC,QB,Aaron Rodgers,NYJ,NE,9,27.0,35.0,281.0,2.0,0.0,3.0,18.0,0.0,2.0,0.0,0.0,0.0,0.0,0.0,0.0,23.04,23.04
2024,3,LBC,WR,Drake London,ATL,KC,9,0.0,0.0,0.0,0.0,0.0,0.0,0.0,0.0,0.0,9.0,6.0,67.0,1.0,4.0,0.0,16.7,16.7
2024,3,LBC,RB,Travis Etienne,JAC,@BUF,31,0.0,0.0,0.0,0.0,0.0,11.0,68.0,0.0,4.0,6.0,4.0,17.0,0.0,0.0,0.0,12.5,12.5
2024,3,LBC,WR,Brandon Aiyuk,SF,@LAR,22,0.0,0.0,0.0,0.0,0.0,0.0,0.0,0.0,0.0,10.0,5.0,48.0,0.0,4.0,0.0,8.8,8.8
2024,3,LBC,WR,Michael Wilson,ARI,DET,28,0.0,0.0,0.0,0.0,0.0,0.0,0.0,0.0,0.0,9.0,8.0,64.0,0.0,2.0,0.0,8.4,8.4
2024,3,LBC,TE,Brock Bowers,LV,CAR,29,0.0,0.0,0.0,0.0,0.0,0.0,0.0,0.0,0.0,4.0,3.0,41.0,0.0,2.0,0.0,6.1,6.1
2024,3,LBC,QB,Anthony Richardson,IND,CHI,1,10.0,20.0,167.0,0.0,2.0,8.0,24.0,0.0,1.0,0.0,0.0,0.0,0.0,0.0,0.0,6.08,6.08
2024,3,LBC,WR,Jaxon Smith-Njigba,SEA,MIA,4,0.0,0.0,0.0,0.0,0.0,0.0,0.0,0.0,0.0,3.0,3.0,39.0,0.0,2.0,0.0,5.9,5.9
2024,3,LBC,WR,Jerry Jeudy,CLE,NYG,11,0.0,0.0,0.0,0.0,0.0,0.0,0.0,0.0,0.0,7.0,4.0,27.0,0.0,1.0,0.0,5.7,5.7
2024,3,LBC,WR,Michael Pittman,IND,CHI,6,0.0,0.0,0.0,0.0,0.0,0.0,0.0,0.0,0.0,5.0,4.0,36.0,0.0,1.0,0.0,4.6,4.6
2024,3,LBC,TE,Trey McBride,ARI,DET,13,0.0,0.0,0.0,0.0,0.0,0.0,0.0,0.0,0.0,6.0,3.0,25.0,0.0,0.0,0.0,2.5,2.5
2024,3,LBC,RB,Rhamondre Stevenson,NE,@NYJ,8,0.0,0.0,0.0,0.0,0.0,6.0,23.0,0.0,0.0,0.0,0.0,0.0,0.0,0.0,1.0,0.3,0.3
2024,3,LBC,WR,Devontez Walker,BAL,@DAL,8,0.0,0.0,0.0,0.0,0.0,0.0,0.0,0.0,0.0,0.0,0.0,0.0,0.0,0.0,0.0,-,0.0
2024,3,LBC,RB,Isiah Pacheco,KC,@ATL,6,0.0,0.0,0.0,0.0,0.0,0.0,0.0,0.0,0.0,0.0,0.0,0.0,0.0,0.0,0.0,-,0.0
2024,3,LBC,QB,Drew Lock,NYG,@CLE,10,0.0,0.0,0.0,0.0,0.0,0.0,0.0,0.0,0.0,0.0,0.0,0.0,0.0,0.0,0.0,-,0.0
2024,3,LBC,RB,Raheem Mostert,MIA,@SEA,22,0.0,0.0,0.0,0.0,0.0,0.0,0.0,0.0,0.0,0.0,0.0,0.0,0.0,0.0,0.0,-,0.0
2024,3,LBC,TE,Evan Engram,JAC,@BUF,11,0.0,0.0,0.0,0.0,0.0,0.0,0.0,0.0,0.0,0.0,0.0,0.0,0.0,0.0,0.0,-,0.0
2024,3,LBC,DST,Steelers,PIT,LAC,4,,,,,,,,,,,,,,,,9,9.0
2024,3,LC,RB,Zach Charbonnet,SEA,MIA,29,0.0,0.0,0.0,0.0,0.0,18.0,91.0,2.0,6.0,4.0,3.0,16.0,0.0,0.0,0.0,28.7,28.7
2024,3,LC,WR,DK Metcalf,SEA,MIA,4,0.0,0.0,0.0,0.0,0.0,0.0,0.0,0.0,0.0,6.0,4.0,104.0,1.0,2.0,0.0,18.4,18.4
2024,3,LC,WR,DeAndre Hopkins,TEN,GB,26,0.0,0.0,0.0,0.0,0.0,0.0,0.0,0.0,0.0,7.0,6.0,73.0,1.0,5.0,0.0,18.3,18.3
2024,3,LC,QB,Patrick Mahomes,KC,@ATL,24,26.0,39.0,217.0,2.0,1.0,6.0,17.0,0.0,1.0,0.0,0.0,0.0,0.0,0.0,0.0,17.38,17.38
2024,3,LC,QB,Gardner Minshew,LV,CAR,26,18.0,28.0,214.0,1.0,1.0,3.0,14.0,0.0,1.0,0.0,0.0,0.0,0.0,0.0,0.0,14.96,14.96
2024,3,LC,QB,Jalen Hurts,PHI,@NO,5,29.0,38.0,311.0,0.0,1.0,8.0,25.0,0.0,1.0,0.0,0.0,0.0,0.0,0.0,1.0,11.94,11.94
2024,3,LC,WR,Xavier Legette,CAR,@LV,16,0.0,0.0,0.0,0.0,0.0,0.0,0.0,0.0,0.0,3.0,2.0,42.0,0.0,1.0,0.0,5.2,5.2
2024,3,LC,RB,Tyler Allgeier,ATL,KC,2,0.0,0.0,0.0,0.0,0.0,7.0,32.0,0.0,1.0,0.0,0.0,0.0,0.0,0.0,0.0,4.2,4.2
2024,3,LC,WR,Xavier Worthy,KC,@ATL,19,0.0,0.0,0.0,0.0,0.0,3.0,13.0,0.0,0.0,4.0,2.0,17.0,0.0,1.0,0.0,4,4.0
2024,3,LC,RB,James Conner,ARI,DET,4,0.0,0.0,0.0,0.0,0.0,9.0,17.0,0.0,0.0,1.0,1.0,8.0,0.0,0.0,0.0,2.5,2.5
2024,3,LC,TE,Dalton Schultz,HOU,@MIN,25,0.0,0.0,0.0,0.0,0.0,0.0,0.0,0.0,0.0,5.0,2.0,11.0,0.0,1.0,0.0,2.1,2.1
2024,3,LC,RB,Jaylen Warren,PIT,LAC,5,0.0,0.0,0.0,0.0,0.0,3.0,5.0,0.0,1.0,1.0,1.0,-4.0,0.0,0.0,0.0,1.5,1.5
2024,3,LC,RB,Jeff Wilson,MIA,@SEA,22,0.0,0.0,0.0,0.0,0.0,3.0,14.0,0.0,0.0,0.0,0.0,0.0,0.0,0.0,0.0,1.4,1.4
2024,3,LC,RB,Jamaal Williams,NO,PHI,19,0.0,0.0,0.0,0.0,0.0,1.0,-1.0,0.0,0.0,3.0,1.0,0.0,0.0,0.0,0.0,0,0.0
2024,3,LC,TE,Juwan Johnson,NO,PHI,4,0.0,0.0,0.0,0.0,0.0,0.0,0.0,0.0,0.0,0.0,0.0,0.0,0.0,0.0,0.0,0,0.0
2024,3,LC,RB,Clyde Edwards-Helaire,KC,@ATL,6,0.0,0.0,0.0,0.0,0.0,0.0,0.0,0.0,0.0,0.0,0.0,0.0,0.0,0.0,0.0,-,0.0
2024,3,LC,TE,Ben Sinnott,WAS,@CIN,28,0.0,0.0,0.0,0.0,0.0,0.0,0.0,0.0,0.0,0.0,0.0,0.0,0.0,0.0,0.0,0,0.0
2024,3,LC,WR,Rashid Shaheed,NO,PHI,30,0.0,0.0,0.0,0.0,0.0,0.0,0.0,0.0,0.0,5.0,0.0,0.0,0.0,0.0,0.0,0,0.0
2024,3,LC,DST,49ers,SF,@LAR,22,,,,,,,,,,,,,,,,3,3.0
2024,3,MB,RB,Aaron Jones,MIN,HOU,8,0.0,0.0,0.0,0.0,0.0,19.0,102.0,0.0,4.0,6.0,5.0,46.0,1.0,2.0,0.0,26.8,26.8
2024,3,MB,WR,Amon-Ra St Brown,DET,@ARI,17,0.0,0.0,0.0,0.0,0.0,0.0,0.0,0.0,0.0,8.0,7.0,75.0,1.0,5.0,0.0,18.5,18.5
2024,3,MB,WR,Marvin Harrison,ARI,DET,28,0.0,0.0,0.0,0.0,0.0,0.0,0.0,0.0,0.0,11.0,5.0,64.0,1.0,5.0,0.0,17.4,17.4
2024,3,MB,QB,Kyler Murray,ARI,DET,23,21.0,34.0,207.0,1.0,1.0,5.0,45.0,0.0,2.0,0.0,0.0,0.0,0.0,0.0,0.0,16.78,16.78
2024,3,MB,QB,Will Levis,TEN,GB,12,26.0,34.0,260.0,2.0,2.0,3.0,12.0,0.0,2.0,0.0,0.0,0.0,0.0,0.0,1.0,15.6,15.6
2024,3,MB,RB,Bijan Robinson,ATL,KC,2,0.0,0.0,0.0,0.0,0.0,16.0,31.0,1.0,2.0,2.0,2.0,21.0,0.0,1.0,0.0,14.2,14.2
2024,3,MB,QB,Matthew Stafford,LAR,SF,11,16.0,25.0,221.0,1.0,0.0,0.0,0.0,0.0,0.0,0.0,0.0,0.0,0.0,0.0,0.0,12.84,12.84
2024,3,MB,RB,Cam Akers,HOU,@MIN,1,0.0,0.0,0.0,0.0,0.0,9.0,21.0,0.0,0.0,3.0,1.0,8.0,1.0,1.0,0.0,9.9,9.9
2024,3,MB,RB,Ray Davis,BUF,JAC,23,0.0,0.0,0.0,0.0,0.0,7.0,22.0,1.0,1.0,1.0,1.0,1.0,0.0,0.0,0.0,9.3,9.3
2024,3,MB,TE,Travis Kelce,KC,@ATL,24,0.0,0.0,0.0,0.0,0.0,0.0,0.0,0.0,0.0,5.0,4.0,30.0,0.0,2.0,0.0,5,5.0
2024,3,MB,RB,Zamir White,LV,CAR,32,0.0,0.0,0.0,0.0,0.0,10.0,34.0,0.0,1.0,0.0,0.0,0.0,0.0,0.0,0.0,4.4,4.4
2024,3,MB,RB,Isaac Guerendo,SF,@LAR,29,0.0,0.0,0.0,0.0,0.0,5.0,19.0,0.0,0.0,0.0,0.0,0.0,0.0,0.0,0.0,1.9,1.9
2024,3,MB,RB,Ty Chandler,MIN,HOU,8,0.0,0.0,0.0,0.0,0.0,7.0,13.0,0.0,0.0,0.0,0.0,0.0,0.0,0.0,0.0,1.3,1.3
2024,3,MB,RB,Khalil Herbert,CHI,@IND,26,0.0,0.0,0.0,0.0,0.0,4.0,9.0,0.0,0.0,0.0,0.0,0.0,0.0,0.0,0.0,0.9,0.9
2024,3,MB,WR,Javon Baker,NE,@NYJ,7,0.0,0.0,0.0,0.0,0.0,0.0,0.0,0.0,0.0,0.0,0.0,0.0,0.0,0.0,0.0,0,0.0
2024,3,MB,WR,Josh Palmer,LAC,@PIT,13,0.0,0.0,0.0,0.0,0.0,0.0,0.0,0.0,0.0,0.0,0.0,0.0,0.0,0.0,0.0,-,0.0
2024,3,MB,QB,Bryce Young,CAR,@LV,16,0.0,0.0,0.0,0.0,0.0,0.0,0.0,0.0,0.0,0.0,0.0,0.0,0.0,0.0,0.0,-,0.0
2024,3,MB,WR,Cooper Kupp,LAR,SF,14,0.0,0.0,0.0,0.0,0.0,0.0,0.0,0.0,0.0,0.0,0.0,0.0,0.0,0.0,0.0,-,0.0
2024,3,MB,DST,Buccaneers,TB,DEN,13,,,,,,,,,,,,,,,,3,3.0
2024,3,NBB,QB,Josh Allen,BUF,JAC,32,23.0,30.0,263.0,4.0,0.0,6.0,44.0,0.0,5.0,0.0,0.0,0.0,0.0,0.0,0.0,35.92,35.92
2024,3,NBB,TE,Dallas Goedert,PHI,@NO,23,0.0,0.0,0.0,0.0,0.0,0.0,0.0,0.0,0.0,11.0,10.0,170.0,0.0,5.0,0.0,22,22.0
2024,3,NBB,WR,Terry McLaurin,WAS,@CIN,18,0.0,0.0,0.0,0.0,0.0,0.0,0.0,0.0,0.0,6.0,4.0,100.0,1.0,4.0,0.0,20,20.0
2024,3,NBB,WR,Khalil Shakir,BUF,JAC,32,0.0,0.0,0.0,0.0,0.0,0.0,0.0,0.0,0.0,6.0,6.0,72.0,1.0,5.0,0.0,18.2,18.2
2024,3,NBB,WR,Chris Godwin,TB,DEN,2,0.0,0.0,0.0,0.0,0.0,0.0,0.0,0.0,0.0,9.0,6.0,53.0,1.0,5.0,0.0,16.3,16.3
2024,3,NBB,QB,Trevor Lawrence,JAC,@BUF,13,21.0,38.0,178.0,1.0,1.0,2.0,3.0,0.0,1.0,0.0,0.0,0.0,0.0,0.0,0.0,10.42,10.42
2024,3,NBB,WR,Jayden Reed,GB,@TEN,1,0.0,0.0,0.0,0.0,0.0,2.0,19.0,0.0,1.0,6.0,4.0,50.0,0.0,1.0,0.0,8.9,8.9
2024,3,NBB,TE,Kyle Pitts,ATL,KC,32,0.0,0.0,0.0,0.0,0.0,0.0,0.0,0.0,0.0,5.0,2.0,59.0,0.0,2.0,0.0,7.9,7.9
2024,3,NBB,WR,Brian Thomas,JAC,@BUF,5,0.0,0.0,0.0,0.0,0.0,0.0,0.0,0.0,0.0,9.0,5.0,48.0,0.0,3.0,0.0,7.8,7.8
2024,3,NBB,RB,D'Andre Swift,CHI,@IND,26,0.0,0.0,0.0,0.0,0.0,13.0,20.0,0.0,0.0,4.0,2.0,22.0,0.0,1.0,0.0,5.2,5.2
2024,3,NBB,WR,Gabe Davis,JAC,@BUF,5,0.0,0.0,0.0,0.0,0.0,0.0,0.0,0.0,0.0,6.0,2.0,18.0,0.0,1.0,0.0,2.8,2.8
2024,3,NBB,WR,Jameson Williams,DET,@ARI,17,0.0,0.0,0.0,0.0,0.0,1.0,-7.0,0.0,0.0,3.0,1.0,9.0,0.0,1.0,0.0,1.9,1.9
2024,3,NBB,WR,Mike Evans,TB,DEN,2,0.0,0.0,0.0,0.0,0.0,0.0,0.0,0.0,0.0,3.0,2.0,17.0,0.0,0.0,0.0,1.7,1.7
2024,3,NBB,RB,Gus Edwards,LAC,@PIT,7,0.0,0.0,0.0,0.0,0.0,3.0,9.0,0.0,0.0,0.0,0.0,0.0,0.0,0.0,0.0,0.9,0.9
2024,3,NBB,RB,Nick Chubb,CLE,NYG,14,0.0,0.0,0.0,0.0,0.0,0.0,0.0,0.0,0.0,0.0,0.0,0.0,0.0,0.0,0.0,-,0.0
2024,3,NBB,TE,David Njoku,CLE,NYG,9,0.0,0.0,0.0,0.0,0.0,0.0,0.0,0.0,0.0,0.0,0.0,0.0,0.0,0.0,0.0,-,0.0
2024,3,NBB,RB,Blake Corum,LAR,SF,15,0.0,0.0,0.0,0.0,0.0,0.0,0.0,0.0,0.0,0.0,0.0,0.0,0.0,0.0,0.0,0,0.0
2024,3,NBB,RB,Will Shipley,PHI,@NO,12,0.0,0.0,0.0,0.0,0.0,0.0,0.0,0.0,0.0,0.0,0.0,0.0,0.0,0.0,0.0,0,0.0
2024,3,NBB,DST,Bills,BUF,JAC,21,,,,,,,,,,,,,,,,17,17.0
2024,3,PCP,RB,Kyren Williams,LAR,SF,15,0.0,0.0,0.0,0.0,0.0,24.0,89.0,2.0,7.0,2.0,2.0,27.0,1.0,1.0,0.0,37.6,37.6
2024,3,PCP,QB,Joe Burrow,CIN,WAS,20,29.0,38.0,324.0,3.0,0.0,1.0,4.0,0.0,1.0,0.0,0.0,0.0,0.0,0.0,0.0,26.36,26.36
2024,3,PCP,WR,Rashee Rice,KC,@ATL,19,0.0,0.0,0.0,0.0,0.0,1.0,1.0,0.0,1.0,14.0,12.0,110.0,1.0,7.0,0.0,25.1,25.1
2024,3,PCP,QB,Daniel Jones,NYG,@CLE,9,24.0,34.0,236.0,2.0,0.0,8.0,20.0,0.0,1.0,0.0,0.0,0.0,0.0,0.0,0.0,20.44,20.44
2024,3,PCP,WR,Garrett Wilson,NYJ,NE,15,0.0,0.0,0.0,0.0,0.0,0.0,0.0,0.0,0.0,9.0,5.0,33.0,1.0,3.0,0.0,12.3,12.3
2024,3,PCP,QB,Geno Smith,SEA,MIA,2,26.0,34.0,289.0,1.0,2.0,2.0,-2.0,0.0,0.0,0.0,0.0,0.0,0.0,0.0,0.0,11.56,11.56
2024,3,PCP,WR,Keon Coleman,BUF,JAC,32,0.0,0.0,0.0,0.0,0.0,0.0,0.0,0.0,0.0,1.0,1.0,24.0,1.0,1.0,0.0,9.4,9.4
2024,3,PCP,RB,Braelon Allen,NYJ,NE,20,0.0,0.0,0.0,0.0,0.0,11.0,55.0,0.0,2.0,3.0,3.0,13.0,0.0,0.0,0.0,8.8,8.8
2024,3,PCP,RB,Tyjae Spears,TEN,GB,17,0.0,0.0,0.0,0.0,0.0,2.0,7.0,0.0,0.0,4.0,4.0,54.0,0.0,2.0,0.0,8.1,8.1
2024,3,PCP,WR,CeeDee Lamb,DAL,BAL,31,0.0,0.0,0.0,0.0,0.0,0.0,0.0,0.0,0.0,7.0,4.0,67.0,0.0,3.0,1.0,7.7,7.7
2024,3,PCP,RB,Rico Dowdle,DAL,BAL,3,0.0,0.0,0.0,0.0,0.0,8.0,32.0,0.0,0.0,5.0,3.0,24.0,0.0,1.0,0.0,6.6,6.6
2024,3,PCP,TE,Pat Freiermuth,PIT,LAC,20,0.0,0.0,0.0,0.0,0.0,0.0,0.0,0.0,0.0,5.0,4.0,33.0,0.0,2.0,0.0,5.3,5.3
2024,3,PCP,RB,Ezekiel Elliott,DAL,BAL,3,0.0,0.0,0.0,0.0,0.0,3.0,6.0,0.0,1.0,2.0,1.0,6.0,0.0,0.0,0.0,2.2,2.2
2024,3,PCP,RB,Trey Benson,ARI,DET,4,0.0,0.0,0.0,0.0,0.0,2.0,8.0,0.0,0.0,0.0,0.0,0.0,0.0,0.0,0.0,0.8,0.8
2024,3,PCP,TE,Luke Musgrave,GB,@TEN,1,0.0,0.0,0.0,0.0,0.0,0.0,0.0,0.0,0.0,1.0,1.0,3.0,0.0,0.0,0.0,0.3,0.3
2024,3,PCP,RB,Dameon Pierce,HOU,@MIN,1,0.0,0.0,0.0,0.0,0.0,0.0,0.0,0.0,0.0,0.0,0.0,0.0,0.0,0.0,0.0,-,0.0
2024,3,PCP,TE,TJ Hockenson,MIN,HOU,2,0.0,0.0,0.0,0.0,0.0,0.0,0.0,0.0,0.0,0.0,0.0,0.0,0.0,0.0,0.0,-,0.0
2024,3,PCP,WR,AJ Brown,PHI,@NO,11,0.0,0.0,0.0,0.0,0.0,0.0,0.0,0.0,0.0,0.0,0.0,0.0,0.0,0.0,0.0,-,0.0
2024,3,PCP,DST,Ravens,BAL,@DAL,9,,,,,,,,,,,,,,,,6,6.0
2024,3,PP,QB,Brock Purdy,SF,@LAR,25,22.0,30.0,292.0,3.0,0.0,10.0,41.0,0.0,4.0,0.0,0.0,0.0,0.0,0.0,1.0,29.78,29.78
2024,3,PP,RB,David Montgomery,DET,@ARI,27,0.0,0.0,0.0,0.0,0.0,23.0,105.0,1.0,7.0,3.0,3.0,17.0,0.0,0.0,0.0,25.2,25.2
2024,3,PP,WR,Amari Cooper,CLE,NYG,12,0.0,0.0,0.0,0.0,0.0,0.0,0.0,0.0,0.0,12.0,7.0,86.0,2.0,4.0,0.0,24.6,24.6
2024,3,PP,RB,Devin Singletary,NYG,@CLE,16,0.0,0.0,0.0,0.0,0.0,16.0,65.0,1.0,4.0,4.0,4.0,43.0,0.0,1.0,1.0,19.8,19.8
2024,3,PP,WR,Courtland Sutton,DEN,@TB,25,0.0,0.0,0.0,0.0,0.0,0.0,0.0,0.0,0.0,11.0,7.0,68.0,0.0,5.0,0.0,11.8,11.8
2024,3,PP,QB,Kirk Cousins,ATL,KC,15,20.0,29.0,230.0,1.0,1.0,1.0,-1.0,0.0,0.0,0.0,0.0,0.0,0.0,0.0,0.0,11.2,11.2
2024,3,PP,WR,Wan'Dale Robinson,NYG,@CLE,21,0.0,0.0,0.0,0.0,0.0,0.0,0.0,0.0,0.0,8.0,7.0,61.0,0.0,4.0,0.0,10.1,10.1
2024,3,PP,QB,Justin Herbert,LAC,@PIT,7,12.0,18.0,125.0,1.0,0.0,1.0,0.0,0.0,0.0,0.0,0.0,0.0,0.0,0.0,0.0,9,9.0
2024,3,PP,WR,Davante Adams,LV,CAR,23,0.0,0.0,0.0,0.0,0.0,0.0,0.0,0.0,0.0,9.0,4.0,40.0,0.0,2.0,0.0,6,6.0
2024,3,PP,RB,Josh Jacobs,GB,@TEN,11,0.0,0.0,0.0,0.0,0.0,14.0,43.0,0.0,1.0,1.0,1.0,5.0,0.0,0.0,0.0,5.8,5.8
2024,3,PP,WR,Romeo Doubs,GB,@TEN,1,0.0,0.0,0.0,0.0,0.0,0.0,0.0,0.0,0.0,2.0,1.0,18.0,0.0,1.0,0.0,2.8,2.8
2024,3,PP,WR,Calvin Ridley,TEN,GB,26,0.0,0.0,0.0,0.0,0.0,0.0,0.0,0.0,0.0,3.0,1.0,9.0,0.0,0.0,0.0,0.9,0.9
2024,3,PP,TE,Isaiah Likely,BAL,@DAL,13,0.0,0.0,0.0,0.0,0.0,0.0,0.0,0.0,0.0,1.0,1.0,4.0,0.0,0.0,0.0,0.4,0.4
2024,3,PP,WR,Malachi Corley,NYJ,NE,15,0.0,0.0,0.0,0.0,0.0,0.0,0.0,0.0,0.0,0.0,0.0,0.0,0.0,0.0,0.0,0,0.0
2024,3,PP,TE,Mark Andrews,BAL,@DAL,13,0.0,0.0,0.0,0.0,0.0,0.0,0.0,0.0,0.0,1.0,0.0,0.0,0.0,0.0,0.0,0,0.0
2024,3,PP,RB,Christian McCaffrey,SF,@LAR,30,0.0,0.0,0.0,0.0,0.0,0.0,0.0,0.0,0.0,0.0,0.0,0.0,0.0,0.0,0.0,-,0.0
2024,3,PP,RB,MarShawn Lloyd,GB,@TEN,11,0.0,0.0,0.0,0.0,0.0,0.0,0.0,0.0,0.0,0.0,0.0,0.0,0.0,0.0,0.0,-,0.0
2024,3,PP,QB,JJ McCarthy,MIN,HOU,21,0.0,0.0,0.0,0.0,0.0,0.0,0.0,0.0,0.0,0.0,0.0,0.0,0.0,0.0,0.0,-,0.0
2024,3,PP,DST,Chiefs,KC,@ATL,7,,,,,,,,,,,,,,,,7,7.0
2024,3,RR,WR,Diontae Johnson,CAR,@LV,16,0.0,0.0,0.0,0.0,0.0,0.0,0.0,0.0,0.0,14.0,8.0,122.0,1.0,6.0,0.0,24.2,24.2
2024,3,RR,WR,Justin Jefferson,MIN,HOU,20,0.0,0.0,0.0,0.0,0.0,0.0,0.0,0.0,0.0,8.0,6.0,81.0,1.0,6.0,0.0,20.1,20.1
2024,3,RR,WR,Adam Thielen,CAR,@LV,16,0.0,0.0,0.0,0.0,0.0,0.0,0.0,0.0,0.0,5.0,3.0,40.0,1.0,2.0,0.0,12,12.0
2024,3,RR,RB,Najee Harris,PIT,LAC,5,0.0,0.0,0.0,0.0,0.0,18.0,70.0,0.0,3.0,5.0,5.0,16.0,0.0,0.0,0.0,11.6,11.6
2024,3,RR,QB,CJ Stroud,HOU,@MIN,8,20.0,31.0,215.0,1.0,2.0,3.0,12.0,0.0,0.0,0.0,0.0,0.0,0.0,0.0,0.0,9.8,9.8
2024,3,RR,WR,George Pickens,PIT,LAC,3,0.0,0.0,0.0,0.0,0.0,0.0,0.0,0.0,0.0,7.0,5.0,57.0,0.0,3.0,0.0,8.7,8.7
2024,3,RR,QB,Baker Mayfield,TB,DEN,6,25.0,33.0,163.0,1.0,1.0,0.0,0.0,0.0,0.0,0.0,0.0,0.0,0.0,0.0,0.0,8.52,8.52
2024,3,RR,TE,Cade Otton,TB,DEN,21,0.0,0.0,0.0,0.0,0.0,0.0,0.0,0.0,0.0,8.0,7.0,47.0,0.0,4.0,1.0,6.7,6.7
2024,3,RR,WR,Luke McCaffrey,WAS,@CIN,18,0.0,0.0,0.0,0.0,0.0,0.0,0.0,0.0,0.0,3.0,3.0,44.0,0.0,2.0,0.0,6.4,6.4
2024,3,RR,WR,Mike Williams,NYJ,NE,15,0.0,0.0,0.0,0.0,0.0,0.0,0.0,0.0,0.0,4.0,3.0,34.0,0.0,2.0,0.0,5.4,5.4
2024,3,RR,RB,Rachaad White,TB,DEN,10,0.0,0.0,0.0,0.0,0.0,6.0,17.0,0.0,1.0,6.0,5.0,18.0,0.0,0.0,0.0,4.5,4.5
2024,3,RR,WR,Jalen McMillan,TB,DEN,2,0.0,0.0,0.0,0.0,0.0,0.0,0.0,0.0,0.0,1.0,1.0,6.0,0.0,1.0,0.0,1.6,1.6
2024,3,RR,WR,Jordan Addison,MIN,HOU,20,0.0,0.0,0.0,0.0,0.0,0.0,0.0,0.0,0.0,0.0,0.0,0.0,0.0,0.0,0.0,-,0.0
2024,3,RR,QB,Tua Tagovailoa,MIA,@SEA,19,0.0,0.0,0.0,0.0,0.0,0.0,0.0,0.0,0.0,0.0,0.0,0.0,0.0,0.0,0.0,-,0.0
2024,3,RR,RB,Jonathon Brooks,CAR,@LV,24,0.0,0.0,0.0,0.0,0.0,0.0,0.0,0.0,0.0,0.0,0.0,0.0,0.0,0.0,0.0,-,0.0
2024,3,RR,QB,Michael Penix,ATL,KC,15,0.0,0.0,0.0,0.0,0.0,0.0,0.0,0.0,0.0,0.0,0.0,0.0,0.0,0.0,0.0,-,0.0
2024,3,RR,RB,Joe Mixon,HOU,@MIN,1,0.0,0.0,0.0,0.0,0.0,0.0,0.0,0.0,0.0,0.0,0.0,0.0,0.0,0.0,0.0,-,0.0
2024,3,RR,TE,Taysom Hill,NO,PHI,4,0.0,0.0,0.0,0.0,0.0,0.0,0.0,0.0,0.0,0.0,0.0,0.0,0.0,0.0,0.0,-,0.0
2024,3,RR,DST,Browns,CLE,NYG,27,,,,,,,,,,,,,,,,6,6.0
2024,3,SBS,RB,Chuba Hubbard,CAR,@LV,24,0.0,0.0,0.0,0.0,0.0,21.0,114.0,0.0,7.0,5.0,5.0,55.0,1.0,4.0,0.0,33.9,33.9
2024,3,SBS,QB,Jayden Daniels,WAS,@CIN,29,21.0,23.0,254.0,2.0,0.0,12.0,39.0,1.0,5.0,0.0,0.0,0.0,0.0,0.0,0.0,33.06,33.06
2024,3,SBS,RB,Jonathan Taylor,IND,CHI,21,0.0,0.0,0.0,0.0,0.0,23.0,110.0,2.0,6.0,2.0,1.0,25.0,0.0,1.0,0.0,32.5,32.5
2024,3,SBS,QB,Lamar Jackson,BAL,@DAL,22,12.0,15.0,182.0,1.0,0.0,14.0,87.0,1.0,6.0,0.0,0.0,0.0,0.0,0.0,0.0,31.98,31.98
2024,3,SBS,WR,Stefon Diggs,HOU,@MIN,29,1.0,1.0,13.0,0.0,0.0,0.0,0.0,0.0,0.0,12.0,10.0,94.0,0.0,6.0,0.0,15.92,15.92
2024,3,SBS,WR,Andrei Iosivas,CIN,WAS,27,0.0,0.0,0.0,0.0,0.0,0.0,0.0,0.0,0.0,7.0,5.0,52.0,1.0,4.0,0.0,15.2,15.2
2024,3,SBS,RB,Austin Ekeler,WAS,@CIN,25,0.0,0.0,0.0,0.0,0.0,3.0,35.0,1.0,1.0,2.0,2.0,22.0,0.0,2.0,0.0,14.7,14.7
2024,3,SBS,RB,Jerome Ford,CLE,NYG,14,0.0,0.0,0.0,0.0,0.0,10.0,37.0,0.0,4.0,4.0,3.0,33.0,0.0,2.0,0.0,13,13.0
2024,3,SBS,WR,Christian Kirk,JAC,@BUF,5,0.0,0.0,0.0,0.0,0.0,0.0,0.0,0.0,0.0,10.0,8.0,79.0,0.0,5.0,0.0,12.9,12.9
2024,3,SBS,WR,Rashod Bateman,BAL,@DAL,8,0.0,0.0,0.0,0.0,0.0,0.0,0.0,0.0,0.0,4.0,3.0,28.0,1.0,2.0,0.0,10.8,10.8
2024,3,SBS,WR,Christian Watson,GB,@TEN,1,0.0,0.0,0.0,0.0,0.0,0.0,0.0,0.0,0.0,2.0,2.0,67.0,0.0,2.0,0.0,8.7,8.7
2024,3,SBS,TE,Zach Ertz,WAS,@CIN,28,0.0,0.0,0.0,0.0,0.0,0.0,0.0,0.0,0.0,5.0,5.0,38.0,0.0,2.0,0.0,5.8,5.8
2024,3,SBS,RB,Antonio Gibson,NE,@NYJ,9,0.0,0.0,0.0,0.0,0.0,5.0,29.0,0.0,2.0,3.0,3.0,8.0,0.0,0.0,0.0,5.7,5.7
2024,3,SBS,WR,Alec Pierce,IND,CHI,6,0.0,0.0,0.0,0.0,0.0,0.0,0.0,0.0,0.0,2.0,1.0,44.0,0.0,1.0,0.0,5.4,5.4
2024,3,SBS,RB,Jaylen Wright,MIA,@SEA,22,0.0,0.0,0.0,0.0,0.0,2.0,17.0,0.0,0.0,0.0,0.0,0.0,0.0,0.0,0.0,1.7,1.7
2024,3,SBS,WR,Troy Franklin,DEN,@TB,25,0.0,0.0,0.0,0.0,0.0,0.0,0.0,0.0,0.0,5.0,2.0,11.0,0.0,0.0,0.0,1.1,1.1
2024,3,SBS,QB,Russell Wilson,PIT,LAC,4,0.0,0.0,0.0,0.0,0.0,0.0,0.0,0.0,0.0,0.0,0.0,0.0,0.0,0.0,0.0,-,0.0
2024,3,SBS,WR,Deebo Samuel,SF,@LAR,22,0.0,0.0,0.0,0.0,0.0,0.0,0.0,0.0,0.0,0.0,0.0,0.0,0.0,0.0,0.0,-,0.0
2024,3,SBS,DST,Cowboys,DAL,BAL,1,,,,,,,,,,,,,,,,-1,-1.0
2024,4,ABT,RB,Alvin Kamara,NO,@ATL,6,0.0,0.0,0.0,0.0,0.0,19.0,77.0,1.0,7.0,9.0,7.0,42.0,0.0,2.0,0.0,26.9,26.9
2024,4,ABT,RB,Chase Brown,CIN,@CAR,32,0.0,0.0,0.0,0.0,0.0,15.0,80.0,2.0,4.0,3.0,2.0,12.0,0.0,1.0,0.0,26.2,26.2
2024,4,ABT,WR,Josh Downs,IND,PIT,13,0.0,0.0,0.0,0.0,0.0,0.0,0.0,0.0,0.0,9.0,8.0,82.0,1.0,6.0,0.0,20.2,20.2
2024,4,ABT,QB,Dak Prescott,DAL,@NYG,18,22.0,27.0,221.0,2.0,0.0,2.0,-1.0,0.0,0.0,0.0,0.0,0.0,0.0,0.0,0.0,16.84,16.84
2024,4,ABT,RB,Saquon Barkley,PHI,@TB,14,0.0,0.0,0.0,0.0,0.0,10.0,84.0,0.0,2.0,4.0,2.0,32.0,0.0,1.0,0.0,14.6,14.6
2024,4,ABT,WR,Chris Olave,NO,@ATL,19,0.0,0.0,0.0,0.0,0.0,0.0,0.0,0.0,0.0,10.0,8.0,87.0,0.0,5.0,0.0,13.7,13.7
2024,4,ABT,QB,Caleb Williams,CHI,LAR,25,17.0,23.0,157.0,1.0,0.0,5.0,12.0,0.0,1.0,0.0,0.0,0.0,0.0,0.0,0.0,12.48,12.48
2024,4,ABT,WR,DJ Moore,CHI,LAR,22,0.0,0.0,0.0,0.0,0.0,0.0,0.0,0.0,0.0,6.0,3.0,22.0,1.0,1.0,0.0,9.2,9.2
2024,4,ABT,RB,Alexander Mattison,LV,CLE,16,0.0,0.0,0.0,0.0,0.0,5.0,60.0,0.0,3.0,1.0,0.0,0.0,0.0,0.0,0.0,9,9.0
2024,4,ABT,TE,Jake Ferguson,DAL,@NYG,9,0.0,0.0,0.0,0.0,0.0,0.0,0.0,0.0,0.0,7.0,7.0,49.0,0.0,2.0,0.0,6.9,6.9
2024,4,ABT,WR,Demarcus Robinson,LAR,@CHI,6,0.0,0.0,0.0,0.0,0.0,0.0,0.0,0.0,0.0,3.0,2.0,37.0,0.0,2.0,0.0,5.7,5.7
2024,4,ABT,WR,Keenan Allen,CHI,LAR,22,0.0,0.0,0.0,0.0,0.0,0.0,0.0,0.0,0.0,3.0,3.0,19.0,0.0,1.0,0.0,2.9,2.9
2024,4,ABT,RB,Kenneth Gainwell,PHI,@TB,14,0.0,0.0,0.0,0.0,0.0,2.0,9.0,0.0,1.0,1.0,0.0,0.0,0.0,0.0,0.0,1.9,1.9
2024,4,ABT,RB,Keaton Mitchell,BAL,BUF,31,0.0,0.0,0.0,0.0,0.0,0.0,0.0,0.0,0.0,0.0,0.0,0.0,0.0,0.0,0.0,-,0.0
2024,4,ABT,WR,Roman Wilson,PIT,@IND,24,0.0,0.0,0.0,0.0,0.0,0.0,0.0,0.0,0.0,0.0,0.0,0.0,0.0,0.0,0.0,-,0.0
2024,4,ABT,WR,Puka Nacua,LAR,@CHI,6,0.0,0.0,0.0,0.0,0.0,0.0,0.0,0.0,0.0,0.0,0.0,0.0,0.0,0.0,0.0,-,0.0
2024,4,ABT,WR,Jermaine Burton,CIN,@CAR,23,0.0,0.0,0.0,0.0,0.0,0.0,0.0,0.0,0.0,0.0,0.0,0.0,0.0,0.0,0.0,0,0.0
2024,4,ABT,RB,Carson Steele,KC,@LAC,5,0.0,0.0,0.0,0.0,0.0,2.0,6.0,0.0,0.0,3.0,1.0,0.0,0.0,0.0,1.0,-1.4,-1.4
2024,4,ABT,DST,Seahawks,SEA,@DET,6,,,,,,,,,,,,,,,,1,1.0
2024,4,CLC,QB,Justin Fields,PIT,@IND,30,22.0,34.0,312.0,1.0,0.0,10.0,55.0,2.0,4.0,0.0,0.0,0.0,0.0,0.0,1.0,35.98,35.98
2024,4,CLC,WR,Nico Collins,HOU,JAC,32,0.0,0.0,0.0,0.0,0.0,0.0,0.0,0.0,0.0,15.0,12.0,151.0,1.0,9.0,0.0,30.1,30.1
2024,4,CLC,QB,Jordan Love,GB,MIN,8,32.0,54.0,389.0,4.0,3.0,1.0,6.0,0.0,1.0,0.0,0.0,0.0,0.0,0.0,0.0,29.16,29.16
2024,4,CLC,RB,Jordan Mason,SF,NE,20,0.0,0.0,0.0,0.0,0.0,24.0,123.0,1.0,4.0,3.0,2.0,37.0,0.0,2.0,0.0,28,28.0
2024,4,CLC,RB,Justice Hill,BAL,BUF,31,0.0,0.0,0.0,0.0,0.0,4.0,18.0,0.0,1.0,6.0,6.0,78.0,1.0,4.0,0.0,20.6,20.6
2024,4,CLC,RB,Zack Moss,CIN,@CAR,32,0.0,0.0,0.0,0.0,0.0,15.0,51.0,0.0,1.0,4.0,4.0,27.0,1.0,2.0,0.0,16.8,16.8
2024,4,CLC,RB,Javonte Williams,DEN,@NYJ,8,0.0,0.0,0.0,0.0,0.0,16.0,77.0,0.0,7.0,3.0,2.0,3.0,0.0,0.0,0.0,15,15.0
2024,4,CLC,QB,Tyler Huntley,MIA,TEN,14,14.0,22.0,96.0,0.0,0.0,8.0,40.0,1.0,3.0,0.0,0.0,0.0,0.0,0.0,1.0,14.84,14.84
2024,4,CLC,TE,Dalton Kincaid,BUF,@BAL,27,0.0,0.0,0.0,0.0,0.0,0.0,0.0,0.0,0.0,7.0,5.0,47.0,0.0,3.0,0.0,7.7,7.7
2024,4,CLC,WR,Darnell Mooney,ATL,NO,12,0.0,0.0,0.0,0.0,0.0,0.0,0.0,0.0,0.0,6.0,3.0,56.0,0.0,2.0,0.0,7.6,7.6
2024,4,CLC,WR,Jaylen Waddle,MIA,TEN,1,0.0,0.0,0.0,0.0,0.0,0.0,0.0,0.0,0.0,6.0,4.0,36.0,0.0,2.0,0.0,5.6,5.6
2024,4,CLC,WR,Ja'Lynn Polk,NE,@SF,14,0.0,0.0,0.0,0.0,0.0,0.0,0.0,0.0,0.0,7.0,3.0,30.0,0.0,1.0,0.0,4,4.0
2024,4,CLC,RB,Breece Hall,NYJ,DEN,10,0.0,0.0,0.0,0.0,0.0,10.0,4.0,0.0,0.0,5.0,2.0,14.0,0.0,0.0,0.0,1.8,1.8
2024,4,CLC,WR,Rome Odunze,CHI,LAR,22,0.0,0.0,0.0,0.0,0.0,0.0,0.0,0.0,0.0,3.0,1.0,10.0,0.0,0.0,0.0,1,1.0
2024,4,CLC,QB,Malik Willis,GB,MIN,8,0.0,0.0,0.0,0.0,0.0,0.0,0.0,0.0,0.0,0.0,0.0,0.0,0.0,0.0,0.0,-,0.0
2024,4,CLC,WR,DeVonta Smith,PHI,@TB,25,0.0,0.0,0.0,0.0,0.0,0.0,0.0,0.0,0.0,0.0,0.0,0.0,0.0,0.0,0.0,-,0.0
2024,4,CLC,WR,Ricky Pearsall,SF,NE,15,0.0,0.0,0.0,0.0,0.0,0.0,0.0,0.0,0.0,0.0,0.0,0.0,0.0,0.0,0.0,-,0.0
2024,4,CLC,DST,Bears,CHI,LAR,22,,,,,,,,,,,,,,,,8,8.0
2024,4,CPC,RB,Derrick Henry,BAL,BUF,31,0.0,0.0,0.0,0.0,0.0,24.0,199.0,1.0,7.0,3.0,3.0,10.0,1.0,1.0,0.0,40.9,40.9
2024,4,CPC,WR,Dontayvion Wicks,GB,MIN,29,0.0,0.0,0.0,0.0,0.0,0.0,0.0,0.0,0.0,13.0,5.0,78.0,2.0,5.0,0.0,24.8,24.8
2024,4,CPC,RB,Brian Robinson,WAS,@ARI,27,0.0,0.0,0.0,0.0,0.0,21.0,101.0,1.0,6.0,3.0,3.0,12.0,0.0,0.0,0.0,23.3,23.3
2024,4,CPC,QB,Sam Darnold,MIN,@GB,12,20.0,28.0,275.0,3.0,1.0,7.0,15.0,0.0,2.0,0.0,0.0,0.0,0.0,0.0,1.0,22.5,22.5
2024,4,CPC,RB,Tony Pollard,TEN,@MIA,29,0.0,0.0,0.0,0.0,0.0,22.0,88.0,1.0,3.0,2.0,2.0,20.0,0.0,1.0,0.0,20.8,20.8
2024,4,CPC,WR,Ja'Marr Chase,CIN,@CAR,23,0.0,0.0,0.0,0.0,0.0,0.0,0.0,0.0,0.0,6.0,3.0,85.0,1.0,3.0,0.0,17.5,17.5
2024,4,CPC,WR,Ladd McConkey,LAC,KC,9,0.0,0.0,0.0,0.0,0.0,0.0,0.0,0.0,0.0,7.0,5.0,67.0,1.0,3.0,0.0,15.7,15.7
2024,4,CPC,TE,George Kittle,SF,NE,20,0.0,0.0,0.0,0.0,0.0,0.0,0.0,0.0,0.0,4.0,4.0,45.0,1.0,3.0,0.0,13.5,13.5
2024,4,CPC,WR,Tee Higgins,CIN,@CAR,23,0.0,0.0,0.0,0.0,0.0,0.0,0.0,0.0,0.0,10.0,6.0,60.0,0.0,5.0,0.0,11,11.0
2024,4,CPC,WR,Tyler Lockett,SEA,@DET,28,0.0,0.0,0.0,0.0,0.0,0.0,0.0,0.0,0.0,9.0,5.0,61.0,0.0,4.0,0.0,10.1,10.1
2024,4,CPC,RB,JK Dobbins,LAC,KC,2,0.0,0.0,0.0,0.0,0.0,14.0,32.0,0.0,1.0,4.0,3.0,30.0,0.0,2.0,0.0,9.2,9.2
2024,4,CPC,QB,Derek Carr,NO,@ATL,24,28.0,36.0,239.0,0.0,1.0,3.0,5.0,0.0,0.0,0.0,0.0,0.0,0.0,0.0,0.0,8.06,8.06
2024,4,CPC,WR,Jakobi Meyers,LV,CLE,21,0.0,0.0,0.0,0.0,0.0,0.0,0.0,0.0,0.0,10.0,5.0,49.0,0.0,3.0,0.0,7.9,7.9
2024,4,CPC,WR,Tyreek Hill,MIA,TEN,1,0.0,0.0,0.0,0.0,0.0,3.0,19.0,0.0,1.0,7.0,4.0,23.0,0.0,1.0,0.0,6.2,6.2
2024,4,CPC,RB,James Cook,BUF,@BAL,3,0.0,0.0,0.0,0.0,0.0,9.0,39.0,0.0,1.0,1.0,1.0,9.0,0.0,0.0,0.0,5.8,5.8
2024,4,CPC,TE,Ja'Tavion Sanders,CAR,CIN,28,0.0,0.0,0.0,0.0,0.0,0.0,0.0,0.0,0.0,2.0,2.0,16.0,0.0,1.0,0.0,2.6,2.6
2024,4,CPC,QB,Drake Maye,NE,@SF,11,0.0,0.0,0.0,0.0,0.0,0.0,0.0,0.0,0.0,0.0,0.0,0.0,0.0,0.0,0.0,-,0.0
2024,4,CPC,DST,Bengals,CIN,@CAR,24,,,,,,,,,,,,,,,,4,4.0
2024,4,DDD,RB,Kenneth Walker,SEA,@DET,4,0.0,0.0,0.0,0.0,0.0,12.0,80.0,3.0,5.0,5.0,4.0,36.0,0.0,2.0,0.0,36.6,36.6
2024,4,DDD,QB,Jared Goff,DET,SEA,19,18.0,18.0,292.0,2.0,0.0,2.0,-2.0,0.0,0.0,1.0,1.0,7.0,1.0,1.0,0.0,27.38,27.38
2024,4,DDD,RB,Jahmyr Gibbs,DET,SEA,22,0.0,0.0,0.0,0.0,0.0,14.0,78.0,2.0,5.0,0.0,0.0,0.0,0.0,0.0,0.0,24.8,24.8
2024,4,DDD,WR,Malik Nabers,NYG,DAL,8,0.0,0.0,0.0,0.0,0.0,1.0,-4.0,0.0,0.0,15.0,12.0,115.0,0.0,5.0,0.0,16.5,16.5
2024,4,DDD,RB,Bucky Irving,TB,PHI,19,0.0,0.0,0.0,0.0,0.0,10.0,49.0,1.0,3.0,2.0,1.0,6.0,0.0,0.0,0.0,14.5,14.5
2024,4,DDD,QB,Deshaun Watson,CLE,@LV,16,24.0,32.0,176.0,1.0,1.0,8.0,32.0,0.0,1.0,0.0,0.0,0.0,0.0,0.0,0.0,13.24,13.24
2024,4,DDD,RB,Tank Bigsby,JAC,@HOU,8,0.0,0.0,0.0,0.0,0.0,7.0,90.0,0.0,2.0,0.0,0.0,0.0,0.0,0.0,0.0,11,11.0
2024,4,DDD,TE,Sam LaPorta,DET,SEA,26,0.0,0.0,0.0,0.0,0.0,0.0,0.0,0.0,0.0,4.0,4.0,53.0,0.0,3.0,0.0,8.3,8.3
2024,4,DDD,QB,Jacoby Brissett,NE,@SF,11,19.0,32.0,168.0,1.0,1.0,2.0,3.0,0.0,1.0,0.0,0.0,0.0,0.0,0.0,1.0,8.02,8.02
2024,4,DDD,WR,Tim Patrick,DET,SEA,10,0.0,0.0,0.0,0.0,0.0,0.0,0.0,0.0,0.0,2.0,2.0,52.0,0.0,2.0,0.0,7.2,7.2
2024,4,DDD,RB,Jaleel McLaughlin,DEN,@NYJ,9,0.0,0.0,0.0,0.0,0.0,9.0,46.0,0.0,1.0,1.0,1.0,0.0,0.0,0.0,0.0,5.6,5.6
2024,4,DDD,RB,De'Von Achane,MIA,TEN,11,0.0,0.0,0.0,0.0,0.0,10.0,15.0,0.0,0.0,3.0,3.0,14.0,0.0,0.0,0.0,2.9,2.9
2024,4,DDD,WR,Quentin Johnston,LAC,KC,9,0.0,0.0,0.0,0.0,0.0,1.0,4.0,0.0,0.0,5.0,1.0,9.0,0.0,1.0,0.0,2.3,2.3
2024,4,DDD,WR,Adonai Mitchell,IND,PIT,13,0.0,0.0,0.0,0.0,0.0,1.0,10.0,0.0,1.0,3.0,0.0,0.0,0.0,0.0,0.0,2,2.0
2024,4,DDD,WR,Zay Flowers,BAL,BUF,5,0.0,0.0,0.0,0.0,0.0,0.0,0.0,0.0,0.0,2.0,1.0,10.0,0.0,1.0,0.0,2,2.0
2024,4,DDD,WR,Tank Dell,HOU,JAC,32,0.0,0.0,0.0,0.0,0.0,0.0,0.0,0.0,0.0,0.0,0.0,0.0,0.0,0.0,0.0,-,0.0
2024,4,DDD,TE,Mike Gesicki,CIN,@CAR,29,0.0,0.0,0.0,0.0,0.0,0.0,0.0,0.0,0.0,1.0,1.0,-9.0,0.0,0.0,0.0,0,0.0
2024,4,DDD,DST,Texans,HOU,JAC,21,,,,,,,,,,,,,,,,3,3.0
2024,4,LBC,WR,Michael Pittman,IND,PIT,13,0.0,0.0,0.0,0.0,0.0,0.0,0.0,0.0,0.0,9.0,6.0,113.0,0.0,5.0,0.0,16.3,16.3
2024,4,LBC,QB,Aaron Rodgers,NYJ,DEN,6,24.0,42.0,225.0,0.0,0.0,5.0,26.0,0.0,1.0,0.0,0.0,0.0,0.0,0.0,0.0,12.6,12.6
2024,4,LBC,WR,Jerry Jeudy,CLE,@LV,16,0.0,0.0,0.0,0.0,0.0,0.0,0.0,0.0,0.0,9.0,6.0,72.0,0.0,4.0,0.0,11.2,11.2
2024,4,LBC,RB,Travis Etienne,JAC,@HOU,8,0.0,0.0,0.0,0.0,0.0,11.0,50.0,0.0,2.0,2.0,1.0,10.0,0.0,1.0,0.0,9,9.0
2024,4,LBC,WR,Drake London,ATL,NO,12,0.0,0.0,0.0,0.0,0.0,0.0,0.0,0.0,0.0,12.0,6.0,64.0,0.0,2.0,0.0,8.4,8.4
2024,4,LBC,WR,Jaxon Smith-Njigba,SEA,@DET,28,0.0,0.0,0.0,0.0,0.0,0.0,0.0,0.0,0.0,12.0,8.0,51.0,0.0,3.0,0.0,8.1,8.1
2024,4,LBC,QB,Anthony Richardson,IND,PIT,7,3.0,4.0,71.0,0.0,0.0,3.0,24.0,0.0,2.0,0.0,0.0,0.0,0.0,0.0,0.0,7.24,7.24
2024,4,LBC,WR,Brandon Aiyuk,SF,NE,15,0.0,0.0,0.0,0.0,0.0,0.0,0.0,0.0,0.0,5.0,2.0,48.0,0.0,2.0,0.0,6.8,6.8
2024,4,LBC,QB,Bo Nix,DEN,@NYJ,3,12.0,25.0,60.0,1.0,0.0,5.0,3.0,0.0,0.0,0.0,0.0,0.0,0.0,0.0,0.0,6.7,6.7
2024,4,LBC,RB,Rhamondre Stevenson,NE,@SF,15,0.0,0.0,0.0,0.0,0.0,13.0,43.0,0.0,1.0,5.0,4.0,19.0,0.0,1.0,1.0,6.2,6.2
2024,4,LBC,TE,Brock Bowers,LV,CLE,8,0.0,0.0,0.0,0.0,0.0,1.0,12.0,0.0,1.0,3.0,2.0,19.0,0.0,1.0,0.0,5.1,5.1
2024,4,LBC,WR,Michael Wilson,ARI,WAS,27,0.0,0.0,0.0,0.0,0.0,0.0,0.0,0.0,0.0,7.0,3.0,38.0,0.0,1.0,1.0,2.8,2.8
2024,4,LBC,RB,Raheem Mostert,MIA,TEN,11,0.0,0.0,0.0,0.0,0.0,0.0,0.0,0.0,0.0,0.0,0.0,0.0,0.0,0.0,0.0,-,0.0
2024,4,LBC,RB,Isiah Pacheco,KC,@LAC,5,0.0,0.0,0.0,0.0,0.0,0.0,0.0,0.0,0.0,0.0,0.0,0.0,0.0,0.0,0.0,-,0.0
2024,4,LBC,TE,Evan Engram,JAC,@HOU,2,0.0,0.0,0.0,0.0,0.0,0.0,0.0,0.0,0.0,0.0,0.0,0.0,0.0,0.0,0.0,-,0.0
2024,4,LBC,TE,Trey McBride,ARI,WAS,7,0.0,0.0,0.0,0.0,0.0,0.0,0.0,0.0,0.0,0.0,0.0,0.0,0.0,0.0,0.0,-,0.0
2024,4,LBC,QB,Drew Lock,NYG,DAL,22,0.0,0.0,0.0,0.0,0.0,0.0,0.0,0.0,0.0,0.0,0.0,0.0,0.0,0.0,0.0,-,0.0
2024,4,LBC,WR,Devontez Walker,BAL,BUF,5,0.0,0.0,0.0,0.0,0.0,0.0,0.0,0.0,0.0,0.0,0.0,0.0,0.0,0.0,0.0,-,0.0
2024,4,LBC,DST,Steelers,PIT,@IND,9,,,,,,,,,,,,,,,,2,2.0
2024,4,LC,RB,James Conner,ARI,WAS,18,0.0,0.0,0.0,0.0,0.0,18.0,104.0,1.0,8.0,1.0,1.0,9.0,0.0,0.0,0.0,25.3,25.3
2024,4,LC,QB,Jalen Hurts,PHI,@TB,31,18.0,30.0,158.0,1.0,0.0,8.0,20.0,1.0,6.0,0.0,0.0,0.0,0.0,0.0,1.0,22.32,22.32
2024,4,LC,WR,Xavier Legette,CAR,CIN,18,0.0,0.0,0.0,0.0,0.0,2.0,10.0,0.0,0.0,10.0,6.0,66.0,1.0,5.0,0.0,18.6,18.6
2024,4,LC,WR,Xavier Worthy,KC,@LAC,3,0.0,0.0,0.0,0.0,0.0,0.0,0.0,0.0,0.0,4.0,3.0,73.0,1.0,3.0,0.0,16.3,16.3
2024,4,LC,QB,Patrick Mahomes,KC,@LAC,4,19.0,29.0,245.0,1.0,1.0,5.0,12.0,0.0,1.0,0.0,0.0,0.0,0.0,0.0,0.0,14,14.0
2024,4,LC,WR,DK Metcalf,SEA,@DET,28,0.0,0.0,0.0,0.0,0.0,0.0,0.0,0.0,0.0,12.0,7.0,104.0,0.0,4.0,1.0,12.4,12.4
2024,4,LC,RB,Tyler Allgeier,ATL,NO,12,0.0,0.0,0.0,0.0,0.0,8.0,60.0,0.0,3.0,2.0,2.0,20.0,0.0,1.0,0.0,12,12.0
2024,4,LC,WR,Rashid Shaheed,NO,@ATL,19,0.0,0.0,0.0,0.0,0.0,2.0,14.0,0.0,1.0,11.0,8.0,83.0,0.0,3.0,1.0,11.7,11.7
2024,4,LC,WR,Allen Lazard,NYJ,DEN,2,0.0,0.0,0.0,0.0,0.0,0.0,0.0,0.0,0.0,8.0,5.0,58.0,0.0,3.0,0.0,8.8,8.8
2024,4,LC,RB,Zach Charbonnet,SEA,@DET,4,0.0,0.0,0.0,0.0,0.0,2.0,15.0,0.0,1.0,5.0,5.0,39.0,0.0,1.0,0.0,7.4,7.4
2024,4,LC,TE,Dalton Schultz,HOU,JAC,16,0.0,0.0,0.0,0.0,0.0,0.0,0.0,0.0,0.0,5.0,3.0,34.0,0.0,2.0,0.0,5.4,5.4
2024,4,LC,QB,Gardner Minshew,LV,CLE,10,14.0,24.0,130.0,0.0,0.0,2.0,-2.0,0.0,0.0,0.0,0.0,0.0,0.0,0.0,0.0,5.2,5.2
2024,4,LC,WR,DeAndre Hopkins,TEN,@MIA,4,0.0,0.0,0.0,0.0,0.0,0.0,0.0,0.0,0.0,4.0,2.0,31.0,0.0,1.0,0.0,4.1,4.1
2024,4,LC,RB,Jamaal Williams,NO,@ATL,6,0.0,0.0,0.0,0.0,0.0,3.0,11.0,0.0,0.0,2.0,2.0,8.0,0.0,0.0,0.0,1.9,1.9
2024,4,LC,TE,Juwan Johnson,NO,@ATL,24,0.0,0.0,0.0,0.0,0.0,0.0,0.0,0.0,0.0,3.0,2.0,13.0,0.0,0.0,0.0,1.3,1.3
2024,4,LC,RB,Jeff Wilson,MIA,TEN,11,0.0,0.0,0.0,0.0,0.0,0.0,0.0,0.0,0.0,0.0,0.0,0.0,0.0,0.0,0.0,0,0.0
2024,4,LC,TE,Ben Sinnott,WAS,@ARI,18,0.0,0.0,0.0,0.0,0.0,0.0,0.0,0.0,0.0,0.0,0.0,0.0,0.0,0.0,0.0,0,0.0
2024,4,LC,RB,Jaylen Warren,PIT,@IND,26,0.0,0.0,0.0,0.0,0.0,0.0,0.0,0.0,0.0,0.0,0.0,0.0,0.0,0.0,0.0,-,0.0
2024,4,LC,DST,49ers,SF,NE,29,,,,,,,,,,,,,,,,24,24.0
2024,4,MB,RB,Aaron Jones,MIN,@GB,17,0.0,0.0,0.0,0.0,0.0,22.0,93.0,0.0,5.0,5.0,4.0,46.0,0.0,2.0,0.0,20.9,20.9
2024,4,MB,WR,Amon-Ra St Brown,DET,SEA,10,1.0,1.0,7.0,1.0,0.0,0.0,0.0,0.0,0.0,6.0,6.0,45.0,1.0,2.0,0.0,16.78,16.78
2024,4,MB,WR,Marvin Harrison,ARI,WAS,27,0.0,0.0,0.0,0.0,0.0,0.0,0.0,0.0,0.0,6.0,5.0,45.0,1.0,3.0,0.0,13.5,13.5
2024,4,MB,WR,Tutu Atwell,LAR,@CHI,6,0.0,0.0,0.0,0.0,0.0,0.0,0.0,0.0,0.0,6.0,4.0,82.0,0.0,4.0,0.0,12.2,12.2
2024,4,MB,TE,Travis Kelce,KC,@LAC,20,0.0,0.0,0.0,0.0,0.0,0.0,0.0,0.0,0.0,9.0,7.0,89.0,0.0,2.0,0.0,10.9,10.9
2024,4,MB,RB,Bijan Robinson,ATL,NO,12,0.0,0.0,0.0,0.0,0.0,7.0,28.0,0.0,1.0,4.0,4.0,46.0,0.0,2.0,0.0,10.4,10.4
2024,4,MB,QB,Kyler Murray,ARI,WAS,20,16.0,22.0,142.0,1.0,0.0,1.0,3.0,0.0,0.0,0.0,0.0,0.0,0.0,0.0,0.0,9.98,9.98
2024,4,MB,RB,Cam Akers,HOU,JAC,23,0.0,0.0,0.0,0.0,0.0,13.0,53.0,0.0,1.0,0.0,0.0,0.0,0.0,0.0,0.0,6.3,6.3
2024,4,MB,WR,Josh Palmer,LAC,KC,9,0.0,0.0,0.0,0.0,0.0,0.0,0.0,0.0,0.0,4.0,3.0,36.0,0.0,2.0,0.0,5.6,5.6
2024,4,MB,QB,Matthew Stafford,LAR,@CHI,1,20.0,29.0,224.0,0.0,1.0,1.0,-1.0,0.0,0.0,0.0,0.0,0.0,0.0,0.0,1.0,4.96,4.96
2024,4,MB,RB,Zamir White,LV,CLE,16,0.0,0.0,0.0,0.0,0.0,17.0,50.0,0.0,1.0,1.0,0.0,0.0,0.0,0.0,1.0,4,4.0
2024,4,MB,RB,Ray Davis,BUF,@BAL,3,0.0,0.0,0.0,0.0,0.0,7.0,11.0,0.0,1.0,0.0,0.0,0.0,0.0,0.0,0.0,2.1,2.1
2024,4,MB,RB,Ty Chandler,MIN,@GB,17,0.0,0.0,0.0,0.0,0.0,3.0,5.0,0.0,0.0,1.0,1.0,8.0,0.0,0.0,0.0,1.3,1.3
2024,4,MB,QB,Will Levis,TEN,@MIA,2,3.0,4.0,25.0,0.0,1.0,2.0,5.0,0.0,1.0,0.0,0.0,0.0,0.0,0.0,0.0,0.5,0.5
2024,4,MB,QB,Bryce Young,CAR,CIN,29,0.0,0.0,0.0,0.0,0.0,0.0,0.0,0.0,0.0,0.0,0.0,0.0,0.0,0.0,0.0,-,0.0
2024,4,MB,WR,Cooper Kupp,LAR,@CHI,6,0.0,0.0,0.0,0.0,0.0,0.0,0.0,0.0,0.0,0.0,0.0,0.0,0.0,0.0,0.0,-,0.0
2024,4,MB,RB,Khalil Herbert,CHI,LAR,29,0.0,0.0,0.0,0.0,0.0,0.0,0.0,0.0,0.0,0.0,0.0,0.0,0.0,0.0,0.0,0,0.0
2024,4,MB,RB,Isaac Guerendo,SF,NE,20,0.0,0.0,0.0,0.0,0.0,1.0,0.0,0.0,0.0,0.0,0.0,0.0,0.0,0.0,1.0,-2,-2.0
2024,4,MB,DST,Buccaneers,TB,PHI,25,,,,,,,,,,,,,,,,12,12.0
2024,4,NBB,RB,D'Andre Swift,CHI,LAR,29,0.0,0.0,0.0,0.0,0.0,16.0,93.0,1.0,2.0,7.0,7.0,72.0,0.0,3.0,0.0,27.5,27.5
2024,4,NBB,WR,Jayden Reed,GB,MIN,29,0.0,0.0,0.0,0.0,0.0,1.0,2.0,0.0,0.0,8.0,7.0,139.0,1.0,6.0,0.0,26.1,26.1
2024,4,NBB,WR,Brian Thomas,JAC,@HOU,20,0.0,0.0,0.0,0.0,0.0,1.0,13.0,0.0,1.0,9.0,6.0,86.0,1.0,5.0,0.0,21.9,21.9
2024,4,NBB,WR,Mike Evans,TB,PHI,30,0.0,0.0,0.0,0.0,0.0,0.0,0.0,0.0,0.0,14.0,8.0,94.0,1.0,6.0,0.0,21.4,21.4
2024,4,NBB,WR,Jameson Williams,DET,SEA,10,0.0,0.0,0.0,0.0,0.0,0.0,0.0,0.0,0.0,2.0,2.0,80.0,1.0,2.0,0.0,16,16.0
2024,4,NBB,QB,Trevor Lawrence,JAC,@HOU,21,18.0,33.0,169.0,2.0,0.0,3.0,5.0,0.0,0.0,0.0,0.0,-5.0,0.0,0.0,0.0,15.26,15.26
2024,4,NBB,WR,Terry McLaurin,WAS,@ARI,17,0.0,0.0,0.0,0.0,0.0,0.0,0.0,0.0,0.0,10.0,7.0,52.0,1.0,4.0,0.0,15.2,15.2
2024,4,NBB,WR,Chris Godwin,TB,PHI,30,0.0,0.0,0.0,0.0,0.0,0.0,0.0,0.0,0.0,9.0,6.0,69.0,0.0,4.0,0.0,10.9,10.9
2024,4,NBB,QB,Josh Allen,BUF,@BAL,28,16.0,29.0,180.0,0.0,0.0,5.0,21.0,0.0,2.0,0.0,0.0,0.0,0.0,0.0,1.0,9.3,9.3
2024,4,NBB,WR,Khalil Shakir,BUF,@BAL,31,0.0,0.0,0.0,0.0,0.0,0.0,0.0,0.0,0.0,5.0,4.0,62.0,0.0,1.0,0.0,7.2,7.2
2024,4,NBB,TE,Dallas Goedert,PHI,@TB,10,0.0,0.0,0.0,0.0,0.0,0.0,0.0,0.0,0.0,8.0,7.0,62.0,0.0,1.0,0.0,7.2,7.2
2024,4,NBB,RB,Gus Edwards,LAC,KC,2,0.0,0.0,0.0,0.0,0.0,6.0,19.0,0.0,1.0,0.0,0.0,0.0,0.0,0.0,0.0,2.9,2.9
2024,4,NBB,RB,Nick Chubb,CLE,@LV,24,0.0,0.0,0.0,0.0,0.0,0.0,0.0,0.0,0.0,0.0,0.0,0.0,0.0,0.0,0.0,-,0.0
2024,4,NBB,TE,David Njoku,CLE,@LV,16,0.0,0.0,0.0,0.0,0.0,0.0,0.0,0.0,0.0,0.0,0.0,0.0,0.0,0.0,0.0,-,0.0
2024,4,NBB,RB,Will Shipley,PHI,@TB,13,0.0,0.0,0.0,0.0,0.0,0.0,0.0,0.0,0.0,0.0,0.0,0.0,0.0,0.0,0.0,0,0.0
2024,4,NBB,RB,Blake Corum,LAR,@CHI,21,0.0,0.0,0.0,0.0,0.0,0.0,0.0,0.0,0.0,0.0,0.0,0.0,0.0,0.0,0.0,0,0.0
2024,4,NBB,WR,Gabe Davis,JAC,@HOU,20,0.0,0.0,0.0,0.0,0.0,0.0,0.0,0.0,0.0,5.0,1.0,-2.0,0.0,0.0,0.0,0,0.0
2024,4,NBB,TE,Kyle Pitts,ATL,NO,23,0.0,0.0,0.0,0.0,0.0,0.0,0.0,0.0,0.0,3.0,0.0,0.0,0.0,0.0,0.0,0,0.0
2024,4,NBB,DST,Bills,BUF,@BAL,1,,,,,,,,,,,,,,,,2,2.0
2024,4,PCP,QB,Geno Smith,SEA,@DET,23,38.0,56.0,395.0,1.0,1.0,5.0,38.0,0.0,4.0,0.0,0.0,0.0,0.0,0.0,0.0,25.6,25.6
2024,4,PCP,RB,Kyren Williams,LAR,@CHI,21,0.0,0.0,0.0,0.0,0.0,19.0,94.0,1.0,6.0,4.0,4.0,10.0,0.0,0.0,0.0,22.4,22.4
2024,4,PCP,WR,CeeDee Lamb,DAL,@NYG,12,0.0,0.0,0.0,0.0,0.0,3.0,8.0,0.0,0.0,8.0,7.0,98.0,1.0,3.0,0.0,19.6,19.6
2024,4,PCP,QB,Joe Burrow,CIN,@CAR,26,22.0,31.0,232.0,2.0,1.0,1.0,10.0,0.0,1.0,0.0,0.0,0.0,0.0,0.0,0.0,17.28,17.28
2024,4,PCP,RB,Rico Dowdle,DAL,@NYG,14,0.0,0.0,0.0,0.0,0.0,11.0,46.0,0.0,3.0,1.0,1.0,15.0,1.0,1.0,0.0,16.1,16.1
2024,4,PCP,TE,Pat Freiermuth,PIT,@IND,30,0.0,0.0,0.0,0.0,0.0,0.0,0.0,0.0,0.0,7.0,5.0,57.0,1.0,2.0,0.0,13.7,13.7
2024,4,PCP,RB,Tyjae Spears,TEN,@MIA,29,0.0,0.0,0.0,0.0,0.0,15.0,39.0,1.0,3.0,2.0,2.0,0.0,0.0,0.0,0.0,12.9,12.9
2024,4,PCP,QB,Daniel Jones,NYG,DAL,22,29.0,40.0,281.0,0.0,1.0,4.0,3.0,0.0,1.0,0.0,0.0,0.0,0.0,0.0,0.0,10.54,10.54
2024,4,PCP,RB,Braelon Allen,NYJ,DEN,10,0.0,0.0,0.0,0.0,0.0,8.0,34.0,0.0,3.0,1.0,1.0,12.0,0.0,1.0,0.0,8.6,8.6
2024,4,PCP,RB,Trey Benson,ARI,WAS,18,0.0,0.0,0.0,0.0,0.0,9.0,50.0,0.0,3.0,0.0,0.0,0.0,0.0,0.0,0.0,8,8.0
2024,4,PCP,WR,Keon Coleman,BUF,@BAL,31,0.0,0.0,0.0,0.0,0.0,0.0,0.0,0.0,0.0,4.0,3.0,51.0,0.0,2.0,0.0,7.1,7.1
2024,4,PCP,WR,Garrett Wilson,NYJ,DEN,2,0.0,0.0,0.0,0.0,0.0,0.0,0.0,0.0,0.0,8.0,5.0,41.0,0.0,2.0,1.0,4.1,4.1
2024,4,PCP,RB,Ezekiel Elliott,DAL,@NYG,14,0.0,0.0,0.0,0.0,0.0,5.0,19.0,0.0,0.0,1.0,1.0,5.0,0.0,0.0,0.0,2.4,2.4
2024,4,PCP,TE,Luke Musgrave,GB,MIN,25,0.0,0.0,0.0,0.0,0.0,0.0,0.0,0.0,0.0,3.0,3.0,13.0,0.0,1.0,0.0,2.3,2.3
2024,4,PCP,WR,Rashee Rice,KC,@LAC,3,0.0,0.0,0.0,0.0,0.0,0.0,0.0,0.0,0.0,0.0,0.0,0.0,0.0,0.0,0.0,0,0.0
2024,4,PCP,TE,TJ Hockenson,MIN,@GB,22,0.0,0.0,0.0,0.0,0.0,0.0,0.0,0.0,0.0,0.0,0.0,0.0,0.0,0.0,0.0,-,0.0
2024,4,PCP,WR,AJ Brown,PHI,@TB,25,0.0,0.0,0.0,0.0,0.0,0.0,0.0,0.0,0.0,0.0,0.0,0.0,0.0,0.0,0.0,-,0.0
2024,4,PCP,RB,Dameon Pierce,HOU,JAC,23,0.0,0.0,0.0,0.0,0.0,0.0,0.0,0.0,0.0,0.0,0.0,0.0,0.0,0.0,0.0,-,0.0
2024,4,PCP,DST,Ravens,BAL,BUF,3,,,,,,,,,,,,,,,,9,9.0
2024,4,PP,RB,David Montgomery,DET,SEA,22,0.0,0.0,0.0,0.0,0.0,12.0,40.0,1.0,3.0,1.0,1.0,40.0,0.0,1.0,0.0,18,18.0
2024,4,PP,QB,Andy Dalton,CAR,CIN,29,25.0,40.0,220.0,2.0,1.0,3.0,9.0,0.0,1.0,0.0,0.0,0.0,0.0,0.0,0.0,16.7,16.7
2024,4,PP,QB,Brock Purdy,SF,NE,10,15.0,27.0,288.0,1.0,1.0,5.0,11.0,0.0,2.0,0.0,0.0,0.0,0.0,0.0,0.0,16.62,16.62
2024,4,PP,WR,Courtland Sutton,DEN,@NYJ,7,0.0,0.0,0.0,0.0,0.0,0.0,0.0,0.0,0.0,9.0,3.0,60.0,1.0,3.0,0.0,15,15.0
2024,4,PP,QB,Justin Herbert,LAC,KC,15,16.0,27.0,179.0,1.0,0.0,3.0,0.0,0.0,1.0,0.0,0.0,0.0,0.0,0.0,0.0,12.16,12.16
2024,4,PP,WR,Jauan Jennings,SF,NE,15,0.0,0.0,0.0,0.0,0.0,0.0,0.0,0.0,0.0,6.0,3.0,88.0,0.0,3.0,0.0,11.8,11.8
2024,4,PP,RB,Josh Jacobs,GB,MIN,1,0.0,0.0,0.0,0.0,0.0,9.0,51.0,0.0,2.0,6.0,4.0,27.0,0.0,0.0,0.0,9.8,9.8
2024,4,PP,WR,Wan'Dale Robinson,NYG,DAL,8,0.0,0.0,0.0,0.0,0.0,0.0,0.0,0.0,0.0,14.0,11.0,71.0,0.0,2.0,0.0,9.1,9.1
2024,4,PP,RB,Devin Singletary,NYG,DAL,28,0.0,0.0,0.0,0.0,0.0,14.0,24.0,0.0,3.0,1.0,1.0,14.0,0.0,1.0,0.0,7.8,7.8
2024,4,PP,QB,Kirk Cousins,ATL,NO,5,21.0,35.0,238.0,0.0,1.0,0.0,0.0,0.0,0.0,0.0,0.0,0.0,0.0,0.0,0.0,7.52,7.52
2024,4,PP,WR,Romeo Doubs,GB,MIN,29,0.0,0.0,0.0,0.0,0.0,0.0,0.0,0.0,0.0,8.0,4.0,39.0,0.0,3.0,0.0,6.9,6.9
2024,4,PP,WR,Amari Cooper,CLE,@LV,16,0.0,0.0,0.0,0.0,0.0,0.0,0.0,0.0,0.0,8.0,4.0,35.0,0.0,2.0,0.0,5.5,5.5
2024,4,PP,TE,Isaiah Likely,BAL,BUF,11,0.0,0.0,0.0,0.0,0.0,0.0,0.0,0.0,0.0,2.0,1.0,26.0,0.0,1.0,0.0,3.6,3.6
2024,4,PP,WR,Calvin Ridley,TEN,@MIA,4,0.0,0.0,0.0,0.0,0.0,1.0,10.0,0.0,1.0,3.0,1.0,5.0,0.0,0.0,0.0,2.5,2.5
2024,4,PP,RB,MarShawn Lloyd,GB,MIN,1,0.0,0.0,0.0,0.0,0.0,0.0,0.0,0.0,0.0,0.0,0.0,0.0,0.0,0.0,0.0,-,0.0
2024,4,PP,RB,Christian McCaffrey,SF,NE,20,0.0,0.0,0.0,0.0,0.0,0.0,0.0,0.0,0.0,0.0,0.0,0.0,0.0,0.0,0.0,-,0.0
2024,4,PP,TE,Mark Andrews,BAL,BUF,11,0.0,0.0,0.0,0.0,0.0,0.0,0.0,0.0,0.0,1.0,0.0,0.0,0.0,0.0,0.0,0,0.0
2024,4,PP,WR,Malachi Corley,NYJ,DEN,2,0.0,0.0,0.0,0.0,0.0,0.0,0.0,0.0,0.0,0.0,0.0,0.0,0.0,0.0,0.0,-,0.0
2024,4,PP,WR,Davante Adams,LV,CLE,21,0.0,0.0,0.0,0.0,0.0,0.0,0.0,0.0,0.0,0.0,0.0,0.0,0.0,0.0,0.0,-,0.0
2024,4,PP,QB,JJ McCarthy,MIN,@GB,12,0.0,0.0,0.0,0.0,0.0,0.0,0.0,0.0,0.0,0.0,0.0,0.0,0.0,0.0,0.0,-,0.0
2024,4,PP,DST,Chiefs,KC,@LAC,4,,,,,,,,,,,,,,,,7,7.0
2024,4,RR,QB,Baker Mayfield,TB,PHI,17,30.0,47.0,347.0,2.0,0.0,4.0,10.0,1.0,2.0,0.0,0.0,0.0,0.0,0.0,0.0,30.88,30.88
2024,4,RR,QB,CJ Stroud,HOU,JAC,32,27.0,40.0,345.0,2.0,0.0,3.0,17.0,0.0,2.0,0.0,0.0,0.0,0.0,0.0,0.0,25.5,25.5
2024,4,RR,WR,Jordan Addison,MIN,@GB,26,0.0,0.0,0.0,0.0,0.0,1.0,7.0,1.0,1.0,4.0,3.0,72.0,1.0,3.0,0.0,23.9,23.9
2024,4,RR,WR,Justin Jefferson,MIN,@GB,26,0.0,0.0,0.0,0.0,0.0,0.0,0.0,0.0,0.0,8.0,6.0,85.0,1.0,4.0,0.0,18.5,18.5
2024,4,RR,TE,Taysom Hill,NO,@ATL,24,0.0,0.0,0.0,0.0,0.0,6.0,24.0,2.0,4.0,0.0,0.0,0.0,0.0,0.0,0.0,18.4,18.4
2024,4,RR,WR,Diontae Johnson,CAR,CIN,18,0.0,0.0,0.0,0.0,0.0,0.0,0.0,0.0,0.0,13.0,7.0,83.0,1.0,4.0,0.0,18.3,18.3
2024,4,RR,RB,Rachaad White,TB,PHI,19,0.0,0.0,0.0,0.0,0.0,10.0,49.0,0.0,4.0,3.0,2.0,35.0,0.0,2.0,0.0,14.4,14.4
2024,4,RR,WR,George Pickens,PIT,@IND,24,0.0,0.0,0.0,0.0,0.0,0.0,0.0,0.0,0.0,11.0,7.0,113.0,0.0,3.0,1.0,12.3,12.3
2024,4,RR,RB,Najee Harris,PIT,@IND,26,0.0,0.0,0.0,0.0,0.0,13.0,19.0,0.0,2.0,6.0,3.0,54.0,0.0,2.0,0.0,11.3,11.3
2024,4,RR,WR,Mike Williams,NYJ,DEN,2,0.0,0.0,0.0,0.0,0.0,0.0,0.0,0.0,0.0,5.0,4.0,67.0,0.0,3.0,0.0,9.7,9.7
2024,4,RR,WR,Luke McCaffrey,WAS,@ARI,17,0.0,0.0,0.0,0.0,0.0,0.0,0.0,0.0,0.0,1.0,1.0,17.0,0.0,1.0,0.0,2.7,2.7
2024,4,RR,TE,Hunter Henry,NE,@SF,14,0.0,0.0,0.0,0.0,0.0,0.0,0.0,0.0,0.0,3.0,2.0,12.0,0.0,1.0,0.0,2.2,2.2
2024,4,RR,RB,Jonathon Brooks,CAR,CIN,25,0.0,0.0,0.0,0.0,0.0,0.0,0.0,0.0,0.0,0.0,0.0,0.0,0.0,0.0,0.0,-,0.0
2024,4,RR,WR,Adam Thielen,CAR,CIN,18,0.0,0.0,0.0,0.0,0.0,0.0,0.0,0.0,0.0,0.0,0.0,0.0,0.0,0.0,0.0,-,0.0
2024,4,RR,RB,Joe Mixon,HOU,JAC,23,0.0,0.0,0.0,0.0,0.0,0.0,0.0,0.0,0.0,0.0,0.0,0.0,0.0,0.0,0.0,-,0.0
2024,4,RR,QB,Michael Penix,ATL,NO,5,0.0,0.0,0.0,0.0,0.0,0.0,0.0,0.0,0.0,0.0,0.0,0.0,0.0,0.0,0.0,-,0.0
2024,4,RR,QB,Tua Tagovailoa,MIA,TEN,14,0.0,0.0,0.0,0.0,0.0,0.0,0.0,0.0,0.0,0.0,0.0,0.0,0.0,0.0,0.0,-,0.0
2024,4,RR,WR,Jalen McMillan,TB,PHI,30,0.0,0.0,0.0,0.0,0.0,0.0,0.0,0.0,0.0,0.0,0.0,0.0,0.0,0.0,0.0,-,0.0
2024,4,RR,DST,Browns,CLE,@LV,30,,,,,,,,,,,,,,,,11,11.0
2024,4,SBS,QB,Jayden Daniels,WAS,@ARI,27,26.0,30.0,233.0,1.0,1.0,8.0,47.0,1.0,3.0,0.0,0.0,0.0,0.0,0.0,0.0,27.02,27.02
2024,4,SBS,QB,Lamar Jackson,BAL,BUF,13,13.0,18.0,156.0,2.0,0.0,6.0,54.0,1.0,2.0,0.0,0.0,0.0,0.0,0.0,1.0,25.64,25.64
2024,4,SBS,RB,Chuba Hubbard,CAR,CIN,25,0.0,0.0,0.0,0.0,0.0,18.0,104.0,1.0,6.0,4.0,4.0,17.0,0.0,1.0,0.0,25.1,25.1
2024,4,SBS,RB,Jonathan Taylor,IND,PIT,7,0.0,0.0,0.0,0.0,0.0,21.0,88.0,1.0,4.0,4.0,3.0,20.0,0.0,1.0,0.0,21.8,21.8
2024,4,SBS,WR,Stefon Diggs,HOU,JAC,32,0.0,0.0,0.0,0.0,0.0,1.0,6.0,1.0,1.0,9.0,5.0,69.0,0.0,4.0,0.0,18.5,18.5
2024,4,SBS,WR,Christian Kirk,JAC,@HOU,20,0.0,0.0,0.0,0.0,0.0,0.0,0.0,0.0,0.0,12.0,7.0,61.0,1.0,4.0,0.0,16.1,16.1
2024,4,SBS,RB,Jerome Ford,CLE,@LV,24,0.0,0.0,0.0,0.0,0.0,10.0,58.0,0.0,4.0,7.0,7.0,27.0,0.0,0.0,0.0,12.5,12.5
2024,4,SBS,RB,Antonio Gibson,NE,@SF,15,0.0,0.0,0.0,0.0,0.0,6.0,12.0,0.0,0.0,4.0,3.0,67.0,0.0,2.0,0.0,9.9,9.9
2024,4,SBS,WR,Deebo Samuel,SF,NE,15,0.0,0.0,0.0,0.0,0.0,2.0,14.0,0.0,0.0,5.0,3.0,58.0,0.0,1.0,0.0,8.2,8.2
2024,4,SBS,TE,Zach Ertz,WAS,@ARI,18,0.0,0.0,0.0,0.0,0.0,0.0,0.0,0.0,0.0,3.0,3.0,22.0,0.0,1.0,0.0,5.2,5.2
2024,4,SBS,RB,Jaylen Wright,MIA,TEN,11,0.0,0.0,0.0,0.0,0.0,9.0,32.0,0.0,2.0,1.0,0.0,0.0,0.0,0.0,0.0,5.2,5.2
2024,4,SBS,WR,Andrei Iosivas,CIN,@CAR,23,0.0,0.0,0.0,0.0,0.0,0.0,0.0,0.0,0.0,1.0,1.0,29.0,0.0,1.0,0.0,3.9,3.9
2024,4,SBS,WR,Rashod Bateman,BAL,BUF,5,0.0,0.0,0.0,0.0,0.0,0.0,0.0,0.0,0.0,1.0,1.0,23.0,0.0,1.0,0.0,3.3,3.3
2024,4,SBS,WR,Alec Pierce,IND,PIT,13,0.0,0.0,0.0,0.0,0.0,0.0,0.0,0.0,0.0,2.0,1.0,9.0,0.0,0.0,0.0,0.9,0.9
2024,4,SBS,WR,Christian Watson,GB,MIN,29,0.0,0.0,0.0,0.0,0.0,0.0,0.0,0.0,0.0,1.0,0.0,0.0,0.0,0.0,0.0,0,0.0
2024,4,SBS,WR,Troy Franklin,DEN,@NYJ,7,0.0,0.0,0.0,0.0,0.0,0.0,0.0,0.0,0.0,4.0,2.0,-2.0,0.0,0.0,0.0,0,0.0
2024,4,SBS,QB,Russell Wilson,PIT,@IND,30,0.0,0.0,0.0,0.0,0.0,0.0,0.0,0.0,0.0,0.0,0.0,0.0,0.0,0.0,0.0,-,0.0
2024,4,SBS,RB,Austin Ekeler,WAS,@ARI,27,0.0,0.0,0.0,0.0,0.0,0.0,0.0,0.0,0.0,0.0,0.0,0.0,0.0,0.0,0.0,-,0.0
2024,4,SBS,DST,Cowboys,DAL,@NYG,27,,,,,,,,,,,,,,,,5,5.0
2024,5,ABT,QB,Caleb Williams,CHI,CAR,26,20.0,29.0,304.0,2.0,0.0,5.0,34.0,0.0,3.0,0.0,0.0,0.0,0.0,0.0,0.0,26.56,26.56
2024,5,ABT,WR,DJ Moore,CHI,CAR,23,0.0,0.0,0.0,0.0,0.0,0.0,0.0,0.0,0.0,8.0,5.0,105.0,2.0,4.0,0.0,26.5,26.5
2024,5,ABT,RB,Chase Brown,CIN,BAL,3,0.0,0.0,0.0,0.0,0.0,12.0,46.0,0.0,3.0,3.0,3.0,8.0,1.0,1.0,0.0,17.4,17.4
2024,5,ABT,QB,Dak Prescott,DAL,@PIT,7,29.0,42.0,352.0,2.0,2.0,1.0,3.0,0.0,0.0,0.0,0.0,0.0,0.0,0.0,1.0,16.38,16.38
2024,5,ABT,RB,Jeremy McNichols,WAS,CLE,16,0.0,0.0,0.0,0.0,0.0,7.0,44.0,1.0,2.0,0.0,0.0,0.0,0.0,0.0,0.0,12.4,12.4
2024,5,ABT,WR,Josh Downs,IND,@JAC,32,0.0,0.0,0.0,0.0,0.0,0.0,0.0,0.0,0.0,12.0,9.0,69.0,0.0,5.0,0.0,11.9,11.9
2024,5,ABT,RB,Alexander Mattison,LV,@DEN,10,0.0,0.0,0.0,0.0,0.0,15.0,38.0,0.0,1.0,3.0,2.0,23.0,0.0,2.0,0.0,11.1,11.1
2024,5,ABT,RB,Alvin Kamara,NO,@KC,2,0.0,0.0,0.0,0.0,0.0,11.0,26.0,0.0,1.0,8.0,6.0,40.0,0.0,3.0,0.0,10.6,10.6
2024,5,ABT,TE,Jake Ferguson,DAL,@PIT,15,0.0,0.0,0.0,0.0,0.0,0.0,0.0,0.0,0.0,7.0,6.0,70.0,0.0,3.0,0.0,10,10.0
2024,5,ABT,WR,Keenan Allen,CHI,CAR,23,0.0,0.0,0.0,0.0,0.0,0.0,0.0,0.0,0.0,6.0,3.0,33.0,0.0,1.0,0.0,4.3,4.3
2024,5,ABT,RB,Carson Steele,KC,NO,12,0.0,0.0,0.0,0.0,0.0,5.0,12.0,0.0,2.0,0.0,0.0,0.0,0.0,0.0,0.0,3.2,3.2
2024,5,ABT,WR,Chris Olave,NO,@KC,9,0.0,0.0,0.0,0.0,0.0,0.0,0.0,0.0,0.0,4.0,2.0,10.0,0.0,1.0,0.0,2,2.0
2024,5,ABT,RB,Keaton Mitchell,BAL,@CIN,25,0.0,0.0,0.0,0.0,0.0,0.0,0.0,0.0,0.0,0.0,0.0,0.0,0.0,0.0,0.0,-,0.0
2024,5,ABT,RB,Saquon Barkley,PHI,BYE,---,0.0,0.0,0.0,0.0,0.0,0.0,0.0,0.0,0.0,0.0,0.0,0.0,0.0,0.0,0.0,-,0.0
2024,5,ABT,WR,Roman Wilson,PIT,DAL,8,0.0,0.0,0.0,0.0,0.0,0.0,0.0,0.0,0.0,0.0,0.0,0.0,0.0,0.0,0.0,-,0.0
2024,5,ABT,WR,Jermaine Burton,CIN,BAL,31,0.0,0.0,0.0,0.0,0.0,0.0,0.0,0.0,0.0,0.0,0.0,0.0,0.0,0.0,0.0,0,0.0
2024,5,ABT,WR,Puka Nacua,LAR,GB,26,0.0,0.0,0.0,0.0,0.0,0.0,0.0,0.0,0.0,0.0,0.0,0.0,0.0,0.0,0.0,-,0.0
2024,5,ABT,RB,Kenneth Gainwell,PHI,BYE,---,0.0,0.0,0.0,0.0,0.0,0.0,0.0,0.0,0.0,0.0,0.0,0.0,0.0,0.0,0.0,-,0.0
2024,5,ABT,DST,Seahawks,SEA,NYG,27,,,,,,,,,,,,,,,,11,11.0
2024,5,CLC,WR,Darnell Mooney,ATL,TB,25,0.0,1.0,0.0,0.0,0.0,0.0,0.0,0.0,0.0,16.0,9.0,105.0,2.0,6.0,0.0,28.5,28.5
2024,5,CLC,QB,Justin Fields,PIT,DAL,22,15.0,27.0,131.0,2.0,0.0,6.0,27.0,0.0,2.0,0.0,0.0,0.0,0.0,0.0,0.0,17.94,17.94
2024,5,CLC,QB,Jordan Love,GB,@LAR,25,15.0,26.0,224.0,2.0,1.0,3.0,10.0,0.0,1.0,0.0,0.0,0.0,0.0,0.0,0.0,16.96,16.96
2024,5,CLC,WR,Nico Collins,HOU,BUF,5,0.0,0.0,0.0,0.0,0.0,0.0,0.0,0.0,0.0,2.0,2.0,78.0,1.0,2.0,0.0,15.8,15.8
2024,5,CLC,RB,Javonte Williams,DEN,LV,24,0.0,0.0,0.0,0.0,0.0,13.0,61.0,0.0,3.0,6.0,5.0,50.0,0.0,1.0,0.0,15.1,15.1
2024,5,CLC,RB,Jordan Mason,SF,ARI,27,0.0,0.0,0.0,0.0,0.0,14.0,89.0,0.0,5.0,1.0,1.0,9.0,0.0,0.0,1.0,12.8,12.8
2024,5,CLC,QB,Tyler Huntley,MIA,@NE,10,18.0,31.0,194.0,0.0,1.0,3.0,7.0,0.0,1.0,0.0,0.0,0.0,0.0,0.0,0.0,7.46,7.46
2024,5,CLC,WR,Rome Odunze,CHI,CAR,23,0.0,0.0,0.0,0.0,0.0,0.0,0.0,0.0,0.0,6.0,5.0,40.0,0.0,3.0,0.0,7,7.0
2024,5,CLC,WR,Jaylen Waddle,MIA,@NE,15,0.0,0.0,0.0,0.0,0.0,0.0,0.0,0.0,0.0,8.0,4.0,46.0,0.0,2.0,0.0,6.6,6.6
2024,5,CLC,RB,Zack Moss,CIN,BAL,3,0.0,0.0,0.0,0.0,0.0,9.0,24.0,0.0,0.0,4.0,3.0,28.0,0.0,1.0,0.0,6.2,6.2
2024,5,CLC,RB,Breece Hall,NYJ,@MIN,1,0.0,0.0,0.0,0.0,0.0,9.0,23.0,0.0,2.0,4.0,3.0,14.0,0.0,0.0,0.0,5.7,5.7
2024,5,CLC,RB,Justice Hill,BAL,@CIN,25,0.0,0.0,0.0,0.0,0.0,5.0,17.0,0.0,3.0,2.0,1.0,8.0,0.0,0.0,0.0,5.5,5.5
2024,5,CLC,TE,Dalton Kincaid,BUF,@HOU,2,0.0,0.0,0.0,0.0,0.0,0.0,0.0,0.0,0.0,6.0,2.0,34.0,0.0,1.0,0.0,4.4,4.4
2024,5,CLC,WR,Ja'Lynn Polk,NE,MIA,4,0.0,0.0,0.0,0.0,0.0,0.0,0.0,0.0,0.0,6.0,1.0,13.0,0.0,1.0,0.0,2.3,2.3
2024,5,CLC,WR,Ricky Pearsall,SF,ARI,17,0.0,0.0,0.0,0.0,0.0,0.0,0.0,0.0,0.0,0.0,0.0,0.0,0.0,0.0,0.0,-,0.0
2024,5,CLC,WR,DeVonta Smith,PHI,BYE,---,0.0,0.0,0.0,0.0,0.0,0.0,0.0,0.0,0.0,0.0,0.0,0.0,0.0,0.0,0.0,-,0.0
2024,5,CLC,QB,Malik Willis,GB,@LAR,25,0.0,0.0,0.0,0.0,0.0,0.0,0.0,0.0,0.0,0.0,0.0,0.0,0.0,0.0,0.0,-,0.0
2024,5,CLC,DST,Bears,CHI,CAR,24,,,,,,,,,,,,,,,,16,16.0
2024,5,CPC,WR,Ja'Marr Chase,CIN,BAL,31,0.0,0.0,0.0,0.0,0.0,0.0,0.0,0.0,0.0,12.0,10.0,193.0,2.0,8.0,0.0,39.3,39.3
2024,5,CPC,WR,Tee Higgins,CIN,BAL,31,0.0,0.0,0.0,0.0,0.0,0.0,0.0,0.0,0.0,14.0,9.0,83.0,2.0,6.0,0.0,26.3,26.3
2024,5,CPC,RB,James Cook,BUF,@HOU,8,0.0,0.0,0.0,0.0,0.0,20.0,82.0,1.0,5.0,3.0,2.0,17.0,0.0,1.0,0.0,21.9,21.9
2024,5,CPC,RB,Derrick Henry,BAL,@CIN,25,0.0,0.0,0.0,0.0,0.0,15.0,92.0,1.0,6.0,1.0,1.0,4.0,0.0,0.0,0.0,21.6,21.6
2024,5,CPC,TE,George Kittle,SF,ARI,18,0.0,0.0,0.0,0.0,0.0,0.0,0.0,0.0,0.0,12.0,8.0,64.0,1.0,5.0,0.0,17.4,17.4
2024,5,CPC,RB,Brian Robinson,WAS,CLE,16,0.0,0.0,0.0,0.0,0.0,7.0,18.0,2.0,2.0,0.0,0.0,0.0,0.0,0.0,0.0,15.8,15.8
2024,5,CPC,QB,Derek Carr,NO,@KC,15,18.0,28.0,165.0,2.0,1.0,0.0,0.0,0.0,0.0,0.0,0.0,0.0,0.0,0.0,0.0,12.6,12.6
2024,5,CPC,WR,Jakobi Meyers,LV,@DEN,2,0.0,0.0,0.0,0.0,0.0,0.0,0.0,0.0,0.0,9.0,6.0,72.0,0.0,4.0,0.0,11.2,11.2
2024,5,CPC,WR,Tyler Lockett,SEA,NYG,12,0.0,0.0,0.0,0.0,0.0,0.0,0.0,0.0,0.0,6.0,4.0,75.0,0.0,3.0,0.0,10.5,10.5
2024,5,CPC,WR,Tyreek Hill,MIA,@NE,15,0.0,0.0,0.0,0.0,0.0,0.0,0.0,0.0,0.0,10.0,6.0,69.0,0.0,3.0,0.0,9.9,9.9
2024,5,CPC,QB,Sam Darnold,MIN,NYJ,3,14.0,31.0,179.0,0.0,1.0,5.0,11.0,0.0,2.0,0.0,0.0,0.0,0.0,0.0,1.0,6.26,6.26
2024,5,CPC,WR,Dontayvion Wicks,GB,@LAR,22,0.0,0.0,0.0,0.0,0.0,0.0,0.0,0.0,0.0,7.0,2.0,20.0,0.0,1.0,0.0,3,3.0
2024,5,CPC,TE,Ja'Tavion Sanders,CAR,@CHI,7,0.0,0.0,0.0,0.0,0.0,0.0,0.0,0.0,0.0,5.0,3.0,13.0,0.0,1.0,0.0,2.3,2.3
2024,5,CPC,RB,JK Dobbins,LAC,BYE,---,0.0,0.0,0.0,0.0,0.0,0.0,0.0,0.0,0.0,0.0,0.0,0.0,0.0,0.0,0.0,-,0.0
2024,5,CPC,WR,Ladd McConkey,LAC,BYE,---,0.0,0.0,0.0,0.0,0.0,0.0,0.0,0.0,0.0,0.0,0.0,0.0,0.0,0.0,0.0,-,0.0
2024,5,CPC,QB,Drake Maye,NE,MIA,2,0.0,0.0,0.0,0.0,0.0,0.0,0.0,0.0,0.0,0.0,0.0,0.0,0.0,0.0,0.0,-,0.0
2024,5,CPC,RB,Tony Pollard,TEN,BYE,---,0.0,0.0,0.0,0.0,0.0,0.0,0.0,0.0,0.0,0.0,0.0,0.0,0.0,0.0,0.0,-,0.0
2024,5,CPC,DST,Jets,NYJ,@MIN,19,,,,,,,,,,,,,,,,10,10.0
2024,5,DDD,RB,Tank Bigsby,JAC,IND,26,0.0,0.0,0.0,0.0,0.0,13.0,101.0,2.0,3.0,1.0,1.0,28.0,0.0,1.0,0.0,28.9,28.9
2024,5,DDD,WR,Zay Flowers,BAL,@CIN,18,0.0,0.0,0.0,0.0,0.0,1.0,9.0,0.0,0.0,12.0,7.0,111.0,0.0,6.0,0.0,18,18.0
2024,5,DDD,RB,Kenneth Walker,SEA,NYG,14,0.0,0.0,0.0,0.0,0.0,5.0,19.0,0.0,0.0,8.0,7.0,57.0,0.0,5.0,0.0,12.6,12.6
2024,5,DDD,RB,Jaleel McLaughlin,DEN,LV,24,0.0,0.0,0.0,0.0,0.0,6.0,22.0,0.0,0.0,4.0,3.0,3.0,1.0,1.0,0.0,9.5,9.5
2024,5,DDD,QB,Deshaun Watson,CLE,@WAS,20,15.0,28.0,125.0,1.0,0.0,3.0,14.0,0.0,0.0,0.0,0.0,0.0,0.0,0.0,1.0,8.4,8.4
2024,5,DDD,QB,Jacoby Brissett,NE,MIA,2,18.0,34.0,160.0,0.0,0.0,1.0,10.0,0.0,0.0,0.0,0.0,0.0,0.0,0.0,0.0,7.4,7.4
2024,5,DDD,WR,Adonai Mitchell,IND,@JAC,32,1.0,1.0,24.0,0.0,0.0,1.0,4.0,0.0,0.0,7.0,4.0,38.0,0.0,2.0,0.0,7.16,7.16
2024,5,DDD,RB,Bucky Irving,TB,@ATL,6,0.0,0.0,0.0,0.0,0.0,9.0,44.0,0.0,3.0,2.0,2.0,12.0,0.0,0.0,1.0,6.6,6.6
2024,5,DDD,TE,Mike Gesicki,CIN,BAL,27,0.0,0.0,0.0,0.0,0.0,0.0,0.0,0.0,0.0,2.0,2.0,31.0,0.0,2.0,0.0,5.1,5.1
2024,5,DDD,WR,Tank Dell,HOU,BUF,5,0.0,0.0,0.0,0.0,0.0,1.0,-5.0,0.0,0.0,4.0,4.0,38.0,0.0,1.0,0.0,4.8,4.8
2024,5,DDD,RB,De'Von Achane,MIA,@NE,20,0.0,0.0,0.0,0.0,0.0,3.0,18.0,0.0,1.0,1.0,1.0,-1.0,0.0,0.0,0.0,2.8,2.8
2024,5,DDD,WR,Olamide Zaccheaus,WAS,CLE,21,0.0,0.0,0.0,0.0,0.0,0.0,0.0,0.0,0.0,3.0,1.0,10.0,0.0,0.0,0.0,1,1.0
2024,5,DDD,WR,Malik Nabers,NYG,@SEA,10,0.0,0.0,0.0,0.0,0.0,0.0,0.0,0.0,0.0,0.0,0.0,0.0,0.0,0.0,0.0,-,0.0
2024,5,DDD,RB,Jahmyr Gibbs,DET,BYE,---,0.0,0.0,0.0,0.0,0.0,0.0,0.0,0.0,0.0,0.0,0.0,0.0,0.0,0.0,0.0,-,0.0
2024,5,DDD,WR,Quentin Johnston,LAC,BYE,---,0.0,0.0,0.0,0.0,0.0,0.0,0.0,0.0,0.0,0.0,0.0,0.0,0.0,0.0,0.0,-,0.0
2024,5,DDD,TE,Sam LaPorta,DET,BYE,---,0.0,0.0,0.0,0.0,0.0,0.0,0.0,0.0,0.0,0.0,0.0,0.0,0.0,0.0,0.0,-,0.0
2024,5,DDD,QB,Jared Goff,DET,BYE,---,0.0,0.0,0.0,0.0,0.0,0.0,0.0,0.0,0.0,0.0,0.0,0.0,0.0,0.0,0.0,-,0.0
2024,5,DDD,DST,Texans,HOU,BUF,3,,,,,,,,,,,,,,,,2,2.0
2024,5,LBC,WR,Drake London,ATL,TB,25,0.0,0.0,0.0,0.0,0.0,0.0,0.0,0.0,0.0,13.0,12.0,154.0,1.0,9.0,0.0,30.4,30.4
2024,5,LBC,QB,Bo Nix,DEN,LV,16,19.0,27.0,206.0,2.0,0.0,8.0,9.0,1.0,2.0,0.0,0.0,0.0,0.0,0.0,0.0,25.14,25.14
2024,5,LBC,WR,Brandon Aiyuk,SF,ARI,17,0.0,0.0,0.0,0.0,0.0,0.0,0.0,0.0,0.0,12.0,8.0,147.0,0.0,6.0,0.0,20.7,20.7
2024,5,LBC,TE,Brock Bowers,LV,@DEN,21,0.0,0.0,0.0,0.0,0.0,0.0,0.0,0.0,0.0,12.0,8.0,97.0,1.0,4.0,0.0,19.7,19.7
2024,5,LBC,RB,Rhamondre Stevenson,NE,MIA,30,0.0,0.0,0.0,0.0,0.0,12.0,89.0,1.0,3.0,4.0,4.0,3.0,0.0,1.0,0.0,19.2,19.2
2024,5,LBC,RB,Raheem Mostert,MIA,@NE,20,0.0,0.0,0.0,0.0,0.0,19.0,80.0,0.0,3.0,2.0,2.0,18.0,0.0,1.0,0.0,13.8,13.8
2024,5,LBC,WR,Jordan Whittington,LAR,GB,26,0.0,0.0,0.0,0.0,0.0,0.0,0.0,0.0,0.0,10.0,7.0,89.0,0.0,4.0,0.0,12.9,12.9
2024,5,LBC,WR,Michael Wilson,ARI,@SF,14,0.0,0.0,0.0,0.0,0.0,0.0,0.0,0.0,0.0,6.0,5.0,78.0,0.0,4.0,0.0,11.8,11.8
2024,5,LBC,QB,Aaron Rodgers,NYJ,@MIN,8,29.0,54.0,244.0,2.0,3.0,0.0,0.0,0.0,0.0,0.0,0.0,0.0,0.0,0.0,0.0,11.76,11.76
2024,5,LBC,WR,Michael Pittman,IND,@JAC,32,0.0,0.0,0.0,0.0,0.0,0.0,0.0,0.0,0.0,8.0,5.0,37.0,1.0,2.0,0.0,11.7,11.7
2024,5,LBC,WR,Jaxon Smith-Njigba,SEA,NYG,12,0.0,0.0,0.0,0.0,0.0,0.0,0.0,0.0,0.0,7.0,4.0,31.0,1.0,2.0,0.0,11.1,11.1
2024,5,LBC,RB,Travis Etienne,JAC,IND,26,0.0,0.0,0.0,0.0,0.0,6.0,17.0,0.0,1.0,7.0,6.0,43.0,0.0,3.0,0.0,10,10.0
2024,5,LBC,TE,Trey McBride,ARI,@SF,14,0.0,0.0,0.0,0.0,0.0,0.0,0.0,0.0,0.0,9.0,6.0,53.0,0.0,2.0,0.0,7.3,7.3
2024,5,LBC,WR,Jerry Jeudy,CLE,@WAS,27,0.0,0.0,0.0,0.0,0.0,0.0,0.0,0.0,0.0,3.0,1.0,16.0,0.0,1.0,0.0,2.6,2.6
2024,5,LBC,QB,Anthony Richardson,IND,@JAC,32,0.0,0.0,0.0,0.0,0.0,0.0,0.0,0.0,0.0,0.0,0.0,0.0,0.0,0.0,0.0,-,0.0
2024,5,LBC,RB,Isiah Pacheco,KC,NO,12,0.0,0.0,0.0,0.0,0.0,0.0,0.0,0.0,0.0,0.0,0.0,0.0,0.0,0.0,0.0,-,0.0
2024,5,LBC,WR,Devontez Walker,BAL,@CIN,18,0.0,0.0,0.0,0.0,0.0,0.0,0.0,0.0,0.0,0.0,0.0,0.0,0.0,0.0,0.0,-,0.0
2024,5,LBC,TE,Evan Engram,JAC,IND,30,0.0,0.0,0.0,0.0,0.0,0.0,0.0,0.0,0.0,0.0,0.0,0.0,0.0,0.0,0.0,-,0.0
2024,5,LBC,DST,Steelers,PIT,DAL,9,,,,,,,,,,,,,,,,9,9.0
2024,5,LC,RB,James Conner,ARI,@SF,15,0.0,0.0,0.0,0.0,0.0,19.0,86.0,0.0,6.0,3.0,2.0,14.0,0.0,1.0,0.0,19,19.0
2024,5,LC,WR,Rashid Shaheed,NO,@KC,9,0.0,0.0,0.0,0.0,0.0,0.0,0.0,0.0,0.0,9.0,4.0,86.0,1.0,3.0,0.0,17.6,17.6
2024,5,LC,QB,Patrick Mahomes,KC,NO,5,28.0,39.0,331.0,0.0,1.0,6.0,22.0,0.0,3.0,0.0,0.0,0.0,0.0,0.0,0.0,16.44,16.44
2024,5,LC,WR,Allen Lazard,NYJ,@MIN,29,0.0,0.0,0.0,0.0,0.0,0.0,0.0,0.0,0.0,9.0,4.0,34.0,1.0,2.0,0.0,11.4,11.4
2024,5,LC,WR,Xavier Worthy,KC,NO,12,0.0,0.0,0.0,0.0,0.0,1.0,3.0,1.0,1.0,6.0,3.0,25.0,0.0,1.0,0.0,10.8,10.8
2024,5,LC,QB,Gardner Minshew,LV,@DEN,6,12.0,17.0,137.0,1.0,2.0,2.0,22.0,0.0,2.0,0.0,0.0,0.0,0.0,0.0,0.0,9.68,9.68
2024,5,LC,WR,DK Metcalf,SEA,NYG,11,0.0,0.0,0.0,0.0,0.0,0.0,0.0,0.0,0.0,7.0,4.0,55.0,0.0,2.0,1.0,5.5,5.5
2024,5,LC,TE,Dalton Schultz,HOU,BUF,11,0.0,0.0,0.0,0.0,0.0,0.0,0.0,0.0,0.0,6.0,4.0,34.0,0.0,2.0,0.0,5.4,5.4
2024,5,LC,TE,Juwan Johnson,NO,@KC,32,0.0,0.0,0.0,0.0,0.0,0.0,0.0,0.0,0.0,5.0,5.0,31.0,0.0,2.0,0.0,5.1,5.1
2024,5,LC,RB,Zach Charbonnet,SEA,NYG,13,0.0,0.0,0.0,0.0,0.0,2.0,11.0,0.0,1.0,5.0,3.0,19.0,0.0,0.0,0.0,4,4.0
2024,5,LC,RB,Tyler Allgeier,ATL,TB,14,0.0,0.0,0.0,0.0,0.0,6.0,12.0,0.0,1.0,3.0,3.0,13.0,0.0,0.0,0.0,3.5,3.5
2024,5,LC,WR,Xavier Legette,CAR,@CHI,6,0.0,0.0,0.0,0.0,0.0,0.0,0.0,0.0,0.0,1.0,1.0,8.0,0.0,1.0,0.0,1.8,1.8
2024,5,LC,RB,Jamaal Williams,NO,@KC,2,0.0,0.0,0.0,0.0,0.0,2.0,9.0,0.0,0.0,0.0,0.0,0.0,0.0,0.0,0.0,0.9,0.9
2024,5,LC,RB,Jeff Wilson,MIA,@NE,20,0.0,0.0,0.0,0.0,0.0,0.0,0.0,0.0,0.0,0.0,0.0,0.0,0.0,0.0,0.0,-,0.0
2024,5,LC,RB,Jaylen Warren,PIT,DAL,28,0.0,0.0,0.0,0.0,0.0,0.0,0.0,0.0,0.0,0.0,0.0,0.0,0.0,0.0,0.0,-,0.0
2024,5,LC,WR,DeAndre Hopkins,TEN,BYE,---,0.0,0.0,0.0,0.0,0.0,0.0,0.0,0.0,0.0,0.0,0.0,0.0,0.0,0.0,0.0,-,0.0
2024,5,LC,QB,Jalen Hurts,PHI,BYE,---,0.0,0.0,0.0,0.0,0.0,0.0,0.0,0.0,0.0,0.0,0.0,0.0,0.0,0.0,0.0,-,0.0
2024,5,LC,TE,Ben Sinnott,WAS,CLE,7,0.0,0.0,0.0,0.0,0.0,0.0,0.0,0.0,0.0,0.0,0.0,0.0,0.0,0.0,0.0,0,0.0
2024,5,LC,DST,49ers,SF,ARI,16,,,,,,,,,,,,,,,,9,9.0
2024,5,MB,QB,Kyler Murray,ARI,@SF,11,19.0,30.0,195.0,1.0,1.0,7.0,83.0,1.0,3.0,0.0,0.0,0.0,0.0,0.0,0.0,27.1,27.1
2024,5,MB,RB,Cam Akers,HOU,BUF,31,0.0,0.0,0.0,0.0,0.0,9.0,42.0,1.0,2.0,3.0,2.0,5.0,0.0,0.0,0.0,12.7,12.7
2024,5,MB,QB,Matthew Stafford,LAR,GB,12,29.0,45.0,260.0,1.0,1.0,0.0,0.0,0.0,0.0,0.0,0.0,0.0,0.0,0.0,0.0,12.4,12.4
2024,5,MB,TE,Travis Kelce,KC,NO,23,0.0,0.0,0.0,0.0,0.0,0.0,0.0,0.0,0.0,10.0,9.0,70.0,0.0,4.0,0.0,11,11.0
2024,5,MB,RB,Bijan Robinson,ATL,TB,14,0.0,0.0,0.0,0.0,0.0,12.0,61.0,0.0,1.0,3.0,3.0,16.0,0.0,1.0,0.0,9.7,9.7
2024,5,MB,WR,Tutu Atwell,LAR,GB,26,0.0,0.0,0.0,0.0,0.0,1.0,7.0,0.0,0.0,10.0,6.0,58.0,0.0,2.0,0.0,8.5,8.5
2024,5,MB,RB,Aaron Jones,MIN,NYJ,9,0.0,0.0,0.0,0.0,0.0,7.0,29.0,0.0,0.0,1.0,1.0,24.0,0.0,1.0,0.0,6.3,6.3
2024,5,MB,WR,Marvin Harrison,ARI,@SF,14,0.0,0.0,0.0,0.0,0.0,0.0,0.0,0.0,0.0,7.0,2.0,36.0,0.0,2.0,0.0,5.6,5.6
2024,5,MB,RB,Ty Chandler,MIN,NYJ,9,0.0,0.0,0.0,0.0,0.0,14.0,30.0,0.0,1.0,2.0,2.0,9.0,0.0,0.0,0.0,4.9,4.9
2024,5,MB,RB,Isaac Guerendo,SF,ARI,27,0.0,0.0,0.0,0.0,0.0,5.0,22.0,0.0,1.0,0.0,0.0,0.0,0.0,0.0,0.0,3.2,3.2
2024,5,MB,QB,Bryce Young,CAR,@CHI,1,4.0,7.0,58.0,0.0,0.0,1.0,8.0,0.0,0.0,0.0,0.0,0.0,0.0,0.0,0.0,3.12,3.12
2024,5,MB,RB,Ray Davis,BUF,@HOU,8,0.0,0.0,0.0,0.0,0.0,0.0,0.0,0.0,0.0,2.0,1.0,4.0,0.0,0.0,0.0,0.4,0.4
2024,5,MB,WR,Josh Palmer,LAC,BYE,---,0.0,0.0,0.0,0.0,0.0,0.0,0.0,0.0,0.0,0.0,0.0,0.0,0.0,0.0,0.0,-,0.0
2024,5,MB,WR,Amon-Ra St Brown,DET,BYE,---,0.0,0.0,0.0,0.0,0.0,0.0,0.0,0.0,0.0,0.0,0.0,0.0,0.0,0.0,0.0,-,0.0
2024,5,MB,RB,Khalil Herbert,CHI,CAR,32,0.0,0.0,0.0,0.0,0.0,0.0,0.0,0.0,0.0,0.0,0.0,0.0,0.0,0.0,0.0,0,0.0
2024,5,MB,WR,Cooper Kupp,LAR,GB,26,0.0,0.0,0.0,0.0,0.0,0.0,0.0,0.0,0.0,0.0,0.0,0.0,0.0,0.0,0.0,-,0.0
2024,5,MB,RB,Zamir White,LV,@DEN,10,0.0,0.0,0.0,0.0,0.0,0.0,0.0,0.0,0.0,0.0,0.0,0.0,0.0,0.0,0.0,-,0.0
2024,5,MB,QB,Will Levis,TEN,BYE,---,0.0,0.0,0.0,0.0,0.0,0.0,0.0,0.0,0.0,0.0,0.0,0.0,0.0,0.0,0.0,-,0.0
2024,5,MB,DST,Buccaneers,TB,@ATL,7,,,,,,,,,,,,,,,,3,3.0
2024,5,NBB,RB,D'Andre Swift,CHI,CAR,32,0.0,0.0,0.0,0.0,0.0,21.0,73.0,1.0,5.0,2.0,2.0,47.0,0.0,1.0,0.0,24,24.0
2024,5,NBB,QB,Trevor Lawrence,JAC,IND,30,28.0,34.0,371.0,2.0,1.0,2.0,4.0,0.0,2.0,0.0,0.0,0.0,0.0,0.0,0.0,23.24,23.24
2024,5,NBB,WR,Mike Evans,TB,@ATL,19,0.0,0.0,0.0,0.0,0.0,0.0,0.0,0.0,0.0,7.0,5.0,62.0,2.0,5.0,0.0,23.2,23.2
2024,5,NBB,WR,Brian Thomas,JAC,IND,24,0.0,0.0,0.0,0.0,0.0,0.0,0.0,0.0,0.0,8.0,5.0,122.0,1.0,3.0,0.0,21.2,21.2
2024,5,NBB,QB,Josh Allen,BUF,@HOU,21,9.0,30.0,131.0,1.0,0.0,4.0,54.0,0.0,3.0,0.0,0.0,0.0,0.0,0.0,0.0,17.64,17.64
2024,5,NBB,WR,Terry McLaurin,WAS,CLE,21,0.0,0.0,0.0,0.0,0.0,1.0,2.0,0.0,0.0,8.0,4.0,112.0,0.0,4.0,1.0,13.4,13.4
2024,5,NBB,TE,Kyle Pitts,ATL,TB,10,0.0,0.0,0.0,0.0,0.0,0.0,0.0,0.0,0.0,8.0,7.0,88.0,0.0,4.0,0.0,12.8,12.8
2024,5,NBB,WR,Jayden Reed,GB,@LAR,22,0.0,0.0,0.0,0.0,0.0,2.0,19.0,0.0,1.0,6.0,4.0,78.0,0.0,2.0,0.0,12.7,12.7
2024,5,NBB,WR,Chris Godwin,TB,@ATL,19,0.0,0.0,0.0,0.0,0.0,1.0,2.0,0.0,1.0,6.0,5.0,64.0,0.0,4.0,0.0,11.6,11.6
2024,5,NBB,RB,Blake Corum,LAR,GB,17,0.0,0.0,0.0,0.0,0.0,5.0,25.0,0.0,3.0,1.0,1.0,8.0,0.0,0.0,0.0,6.3,6.3
2024,5,NBB,WR,Gabe Davis,JAC,IND,24,0.0,0.0,0.0,0.0,0.0,0.0,0.0,0.0,0.0,4.0,3.0,38.0,0.0,1.0,1.0,2.8,2.8
2024,5,NBB,TE,David Njoku,CLE,@WAS,7,0.0,0.0,0.0,0.0,0.0,0.0,0.0,0.0,0.0,3.0,1.0,14.0,0.0,1.0,0.0,2.4,2.4
2024,5,NBB,WR,Jameson Williams,DET,BYE,---,0.0,0.0,0.0,0.0,0.0,0.0,0.0,0.0,0.0,0.0,0.0,0.0,0.0,0.0,0.0,-,0.0
2024,5,NBB,RB,Nick Chubb,CLE,@WAS,18,0.0,0.0,0.0,0.0,0.0,0.0,0.0,0.0,0.0,0.0,0.0,0.0,0.0,0.0,0.0,-,0.0
2024,5,NBB,RB,Gus Edwards,LAC,BYE,---,0.0,0.0,0.0,0.0,0.0,0.0,0.0,0.0,0.0,0.0,0.0,0.0,0.0,0.0,0.0,-,0.0
2024,5,NBB,WR,Khalil Shakir,BUF,@HOU,20,0.0,0.0,0.0,0.0,0.0,0.0,0.0,0.0,0.0,0.0,0.0,0.0,0.0,0.0,0.0,-,0.0
2024,5,NBB,RB,Will Shipley,PHI,BYE,---,0.0,0.0,0.0,0.0,0.0,0.0,0.0,0.0,0.0,0.0,0.0,0.0,0.0,0.0,0.0,-,0.0
2024,5,NBB,TE,Dallas Goedert,PHI,BYE,---,0.0,0.0,0.0,0.0,0.0,0.0,0.0,0.0,0.0,0.0,0.0,0.0,0.0,0.0,0.0,-,0.0
2024,5,NBB,DST,Bills,BUF,@HOU,19,,,,,,,,,,,,,,,,6,6.0
2024,5,PCP,QB,Joe Burrow,CIN,BAL,28,30.0,39.0,392.0,5.0,1.0,2.0,1.0,0.0,0.0,0.0,0.0,0.0,0.0,0.0,0.0,33.78,33.78
2024,5,PCP,RB,Rico Dowdle,DAL,@PIT,7,0.0,0.0,0.0,0.0,0.0,20.0,87.0,0.0,6.0,2.0,2.0,27.0,1.0,2.0,0.0,25.4,25.4
2024,5,PCP,QB,Daniel Jones,NYG,@SEA,19,23.0,34.0,257.0,2.0,0.0,11.0,38.0,0.0,3.0,0.0,0.0,0.0,0.0,0.0,0.0,25.08,25.08
2024,5,PCP,QB,Geno Smith,SEA,NYG,18,28.0,40.0,284.0,1.0,0.0,4.0,72.0,0.0,2.0,0.0,0.0,0.0,0.0,0.0,0.0,24.56,24.56
2024,5,PCP,RB,Kyren Williams,LAR,GB,17,0.0,0.0,0.0,0.0,0.0,22.0,102.0,1.0,9.0,1.0,1.0,3.0,0.0,0.0,1.0,23.5,23.5
2024,5,PCP,WR,Garrett Wilson,NYJ,@MIN,29,0.0,0.0,0.0,0.0,0.0,0.0,0.0,0.0,0.0,23.0,13.0,101.0,1.0,7.0,0.0,23.1,23.1
2024,5,PCP,WR,Keon Coleman,BUF,@HOU,20,0.0,0.0,0.0,0.0,0.0,0.0,0.0,0.0,0.0,5.0,1.0,49.0,1.0,1.0,0.0,11.9,11.9
2024,5,PCP,WR,CeeDee Lamb,DAL,@PIT,13,0.0,0.0,0.0,0.0,0.0,1.0,2.0,0.0,0.0,9.0,5.0,62.0,0.0,2.0,0.0,8.4,8.4
2024,5,PCP,TE,Pat Freiermuth,PIT,DAL,12,0.0,0.0,0.0,0.0,0.0,0.0,0.0,0.0,0.0,3.0,3.0,22.0,1.0,2.0,1.0,8.2,8.2
2024,5,PCP,RB,Braelon Allen,NYJ,@MIN,1,0.0,0.0,0.0,0.0,0.0,5.0,13.0,0.0,0.0,2.0,1.0,15.0,0.0,1.0,0.0,3.8,3.8
2024,5,PCP,RB,Ezekiel Elliott,DAL,@PIT,7,0.0,0.0,0.0,0.0,0.0,6.0,17.0,0.0,2.0,1.0,0.0,0.0,0.0,0.0,0.0,3.7,3.7
2024,5,PCP,RB,Trey Benson,ARI,@SF,15,0.0,0.0,0.0,0.0,0.0,0.0,0.0,0.0,0.0,0.0,0.0,0.0,0.0,0.0,0.0,-,0.0
2024,5,PCP,TE,TJ Hockenson,MIN,NYJ,3,0.0,0.0,0.0,0.0,0.0,0.0,0.0,0.0,0.0,0.0,0.0,0.0,0.0,0.0,0.0,-,0.0
2024,5,PCP,WR,AJ Brown,PHI,BYE,---,0.0,0.0,0.0,0.0,0.0,0.0,0.0,0.0,0.0,0.0,0.0,0.0,0.0,0.0,0.0,-,0.0
2024,5,PCP,TE,Luke Musgrave,GB,@LAR,31,0.0,0.0,0.0,0.0,0.0,0.0,0.0,0.0,0.0,0.0,0.0,0.0,0.0,0.0,0.0,-,0.0
2024,5,PCP,RB,Dameon Pierce,HOU,BUF,31,0.0,0.0,0.0,0.0,0.0,0.0,0.0,0.0,0.0,0.0,0.0,0.0,0.0,0.0,0.0,-,0.0
2024,5,PCP,RB,Tyjae Spears,TEN,BYE,---,0.0,0.0,0.0,0.0,0.0,0.0,0.0,0.0,0.0,0.0,0.0,0.0,0.0,0.0,0.0,-,0.0
2024,5,PCP,WR,Rashee Rice,KC,NO,12,0.0,0.0,0.0,0.0,0.0,0.0,0.0,0.0,0.0,0.0,0.0,0.0,0.0,0.0,0.0,-,0.0
2024,5,PCP,DST,Ravens,BAL,@CIN,10,,,,,,,,,,,,,,,,1,1.0
2024,5,PP,QB,Kirk Cousins,ATL,TB,31,42.0,58.0,509.0,4.0,1.0,0.0,0.0,0.0,0.0,0.0,0.0,0.0,0.0,0.0,0.0,34.36,34.36
2024,5,PP,RB,Josh Jacobs,GB,@LAR,29,0.0,0.0,0.0,0.0,0.0,19.0,73.0,1.0,6.0,1.0,1.0,21.0,0.0,1.0,0.0,22.4,22.4
2024,5,PP,RB,Trey Sermon,IND,@JAC,23,0.0,0.0,0.0,0.0,0.0,10.0,38.0,1.0,4.0,6.0,6.0,25.0,0.0,1.0,0.0,17.3,17.3
2024,5,PP,QB,Brock Purdy,SF,ARI,27,19.0,35.0,244.0,1.0,2.0,4.0,33.0,0.0,3.0,0.0,0.0,0.0,0.0,0.0,0.0,16.06,16.06
2024,5,PP,TE,Isaiah Likely,BAL,@CIN,28,0.0,0.0,0.0,0.0,0.0,0.0,0.0,0.0,0.0,3.0,3.0,13.0,2.0,2.0,0.0,15.3,15.3
2024,5,PP,WR,Wan'Dale Robinson,NYG,@SEA,10,0.0,0.0,0.0,0.0,0.0,1.0,4.0,0.0,0.0,9.0,6.0,36.0,1.0,3.0,0.0,13,13.0
2024,5,PP,TE,Mark Andrews,BAL,@CIN,28,0.0,0.0,0.0,0.0,0.0,0.0,0.0,0.0,0.0,5.0,4.0,55.0,0.0,3.0,0.0,8.5,8.5
2024,5,PP,WR,Amari Cooper,CLE,@WAS,27,0.0,0.0,0.0,0.0,0.0,0.0,0.0,0.0,0.0,10.0,4.0,60.0,0.0,2.0,0.0,8,8.0
2024,5,PP,WR,Courtland Sutton,DEN,LV,16,0.0,0.0,0.0,0.0,0.0,0.0,0.0,0.0,0.0,5.0,2.0,32.0,0.0,2.0,0.0,5.2,5.2
2024,5,PP,QB,Andy Dalton,CAR,@CHI,1,18.0,28.0,136.0,0.0,1.0,1.0,3.0,0.0,0.0,0.0,0.0,0.0,0.0,0.0,0.0,3.74,3.74
2024,5,PP,WR,Jauan Jennings,SF,ARI,17,0.0,0.0,0.0,0.0,0.0,0.0,0.0,0.0,0.0,4.0,1.0,13.0,0.0,1.0,0.0,2.3,2.3
2024,5,PP,WR,Calvin Ridley,TEN,BYE,---,0.0,0.0,0.0,0.0,0.0,0.0,0.0,0.0,0.0,0.0,0.0,0.0,0.0,0.0,0.0,-,0.0
2024,5,PP,WR,Davante Adams,LV,@DEN,2,0.0,0.0,0.0,0.0,0.0,0.0,0.0,0.0,0.0,0.0,0.0,0.0,0.0,0.0,0.0,-,0.0
2024,5,PP,RB,Christian McCaffrey,SF,ARI,27,0.0,0.0,0.0,0.0,0.0,0.0,0.0,0.0,0.0,0.0,0.0,0.0,0.0,0.0,0.0,-,0.0
2024,5,PP,QB,JJ McCarthy,MIN,NYJ,3,0.0,0.0,0.0,0.0,0.0,0.0,0.0,0.0,0.0,0.0,0.0,0.0,0.0,0.0,0.0,-,0.0
2024,5,PP,WR,Malachi Corley,NYJ,@MIN,29,0.0,0.0,0.0,0.0,0.0,0.0,0.0,0.0,0.0,0.0,0.0,0.0,0.0,0.0,0.0,-,0.0
2024,5,PP,QB,Justin Herbert,LAC,BYE,---,0.0,0.0,0.0,0.0,0.0,0.0,0.0,0.0,0.0,0.0,0.0,0.0,0.0,0.0,0.0,-,0.0
2024,5,PP,RB,Devin Singletary,NYG,@SEA,22,0.0,0.0,0.0,0.0,0.0,0.0,0.0,0.0,0.0,0.0,0.0,0.0,0.0,0.0,0.0,-,0.0
2024,5,PP,RB,David Montgomery,DET,BYE,---,0.0,0.0,0.0,0.0,0.0,0.0,0.0,0.0,0.0,0.0,0.0,0.0,0.0,0.0,0.0,-,0.0
2024,5,PP,RB,MarShawn Lloyd,GB,@LAR,29,0.0,0.0,0.0,0.0,0.0,0.0,0.0,0.0,0.0,0.0,0.0,0.0,0.0,0.0,0.0,-,0.0
2024,5,PP,DST,Chiefs,KC,NO,13,,,,,,,,,,,,,,,,9,9.0
2024,5,RR,QB,Baker Mayfield,TB,@ATL,24,19.0,24.0,180.0,3.0,0.0,6.0,42.0,0.0,2.0,0.0,0.0,0.0,0.0,0.0,0.0,25.4,25.4
2024,5,RR,RB,Kareem Hunt,KC,NO,12,0.0,0.0,0.0,0.0,0.0,27.0,102.0,1.0,5.0,1.0,1.0,15.0,0.0,1.0,0.0,23.7,23.7
2024,5,RR,QB,CJ Stroud,HOU,BUF,13,28.0,38.0,331.0,1.0,1.0,3.0,27.0,0.0,2.0,0.0,0.0,0.0,0.0,0.0,1.0,17.94,17.94
2024,5,RR,RB,Najee Harris,PIT,DAL,28,0.0,0.0,0.0,0.0,0.0,14.0,42.0,0.0,4.0,2.0,2.0,35.0,0.0,2.0,0.0,13.7,13.7
2024,5,RR,WR,Justin Jefferson,MIN,NYJ,7,0.0,0.0,0.0,0.0,0.0,0.0,0.0,0.0,0.0,14.0,6.0,92.0,0.0,4.0,0.0,13.2,13.2
2024,5,RR,RB,Rachaad White,TB,@ATL,6,0.0,0.0,0.0,0.0,0.0,10.0,72.0,0.0,2.0,3.0,3.0,-6.0,0.0,0.0,0.0,9.2,9.2
2024,5,RR,TE,Cole Kmet,CHI,CAR,29,0.0,0.0,0.0,0.0,0.0,0.0,0.0,0.0,0.0,4.0,3.0,57.0,0.0,2.0,0.0,7.7,7.7
2024,5,RR,WR,Diontae Johnson,CAR,@CHI,6,0.0,0.0,0.0,0.0,0.0,2.0,6.0,0.0,1.0,6.0,3.0,23.0,0.0,1.0,0.0,4.9,4.9
2024,5,RR,WR,Jordan Addison,MIN,NYJ,7,0.0,0.0,0.0,0.0,0.0,0.0,0.0,0.0,0.0,8.0,3.0,36.0,0.0,1.0,0.0,4.6,4.6
2024,5,RR,WR,George Pickens,PIT,DAL,8,0.0,0.0,0.0,0.0,0.0,0.0,0.0,0.0,0.0,7.0,3.0,26.0,0.0,1.0,0.0,3.6,3.6
2024,5,RR,WR,Mike Williams,NYJ,@MIN,29,0.0,0.0,0.0,0.0,0.0,0.0,0.0,0.0,0.0,4.0,2.0,25.0,0.0,1.0,0.0,3.5,3.5
2024,5,RR,WR,Luke McCaffrey,WAS,CLE,21,0.0,0.0,0.0,0.0,0.0,0.0,0.0,0.0,0.0,3.0,3.0,19.0,0.0,1.0,0.0,2.9,2.9
2024,5,RR,QB,Tua Tagovailoa,MIA,@NE,10,0.0,0.0,0.0,0.0,0.0,0.0,0.0,0.0,0.0,0.0,0.0,0.0,0.0,0.0,0.0,-,0.0
2024,5,RR,WR,Jalen McMillan,TB,@ATL,19,0.0,0.0,0.0,0.0,0.0,0.0,0.0,0.0,0.0,0.0,0.0,0.0,0.0,0.0,0.0,-,0.0
2024,5,RR,TE,Taysom Hill,NO,@KC,32,0.0,0.0,0.0,0.0,0.0,0.0,0.0,0.0,0.0,0.0,0.0,0.0,0.0,0.0,0.0,-,0.0
2024,5,RR,QB,Michael Penix,ATL,TB,31,0.0,0.0,0.0,0.0,0.0,0.0,0.0,0.0,0.0,0.0,0.0,0.0,0.0,0.0,0.0,-,0.0
2024,5,RR,RB,Jonathon Brooks,CAR,@CHI,21,0.0,0.0,0.0,0.0,0.0,0.0,0.0,0.0,0.0,0.0,0.0,0.0,0.0,0.0,0.0,-,0.0
2024,5,RR,RB,Joe Mixon,HOU,BUF,31,0.0,0.0,0.0,0.0,0.0,0.0,0.0,0.0,0.0,0.0,0.0,0.0,0.0,0.0,0.0,-,0.0
2024,5,RR,DST,Browns,CLE,@WAS,2,,,,,,,,,,,,,,,,6,6.0
2024,5,SBS,QB,Lamar Jackson,BAL,@CIN,29,26.0,42.0,348.0,4.0,0.0,12.0,55.0,0.0,1.0,0.0,0.0,0.0,0.0,0.0,1.0,34.42,34.42
2024,5,SBS,QB,Jayden Daniels,WAS,CLE,10,14.0,25.0,238.0,1.0,1.0,11.0,82.0,0.0,4.0,0.0,0.0,0.0,0.0,0.0,0.0,23.72,23.72
2024,5,SBS,WR,Alec Pierce,IND,@JAC,32,0.0,0.0,0.0,0.0,0.0,0.0,0.0,0.0,0.0,3.0,3.0,134.0,1.0,3.0,0.0,22.4,22.4
2024,5,SBS,RB,Chuba Hubbard,CAR,@CHI,21,0.0,0.0,0.0,0.0,0.0,13.0,97.0,1.0,3.0,4.0,4.0,-2.0,0.0,0.0,1.0,16.7,16.7
2024,5,SBS,WR,Rashod Bateman,BAL,@CIN,18,0.0,0.0,0.0,0.0,0.0,0.0,0.0,0.0,0.0,8.0,4.0,58.0,1.0,3.0,0.0,14.8,14.8
2024,5,SBS,WR,Stefon Diggs,HOU,BUF,5,0.0,0.0,0.0,0.0,0.0,0.0,0.0,0.0,0.0,8.0,6.0,82.0,0.0,5.0,0.0,13.2,13.2
2024,5,SBS,RB,Austin Ekeler,WAS,CLE,16,0.0,0.0,0.0,0.0,0.0,6.0,67.0,0.0,2.0,2.0,2.0,30.0,0.0,1.0,0.0,12.7,12.7
2024,5,SBS,RB,Jaylen Wright,MIA,@NE,20,0.0,0.0,0.0,0.0,0.0,13.0,86.0,0.0,4.0,0.0,0.0,0.0,0.0,0.0,0.0,12.6,12.6
2024,5,SBS,WR,Christian Kirk,JAC,IND,24,0.0,0.0,0.0,0.0,0.0,0.0,0.0,0.0,0.0,4.0,4.0,88.0,0.0,2.0,0.0,10.8,10.8
2024,5,SBS,RB,Jerome Ford,CLE,@WAS,18,0.0,0.0,0.0,0.0,0.0,9.0,47.0,0.0,3.0,3.0,3.0,2.0,0.0,0.0,0.0,7.9,7.9
2024,5,SBS,RB,Antonio Gibson,NE,MIA,29,0.0,0.0,0.0,0.0,0.0,6.0,52.0,0.0,2.0,1.0,1.0,4.0,0.0,0.0,0.0,7.6,7.6
2024,5,SBS,WR,Andrei Iosivas,CIN,BAL,31,0.0,0.0,0.0,0.0,0.0,0.0,0.0,0.0,0.0,2.0,1.0,39.0,0.0,1.0,0.0,4.9,4.9
2024,5,SBS,WR,Deebo Samuel,SF,ARI,17,0.0,0.0,0.0,0.0,0.0,3.0,9.0,0.0,0.0,3.0,1.0,11.0,0.0,1.0,0.0,3,3.0
2024,5,SBS,WR,Troy Franklin,DEN,LV,16,0.0,0.0,0.0,0.0,0.0,0.0,0.0,0.0,0.0,2.0,1.0,20.0,0.0,1.0,0.0,3,3.0
2024,5,SBS,TE,Zach Ertz,WAS,CLE,6,0.0,0.0,0.0,0.0,0.0,0.0,0.0,0.0,0.0,8.0,2.0,10.0,0.0,0.0,0.0,1,1.0
2024,5,SBS,WR,Christian Watson,GB,@LAR,22,0.0,0.0,0.0,0.0,0.0,0.0,0.0,0.0,0.0,0.0,0.0,0.0,0.0,0.0,0.0,-,0.0
2024,5,SBS,QB,Russell Wilson,PIT,DAL,22,0.0,0.0,0.0,0.0,0.0,0.0,0.0,0.0,0.0,0.0,0.0,0.0,0.0,0.0,0.0,-,0.0
2024,5,SBS,RB,Jonathan Taylor,IND,@JAC,23,0.0,0.0,0.0,0.0,0.0,0.0,0.0,0.0,0.0,0.0,0.0,0.0,0.0,0.0,0.0,-,0.0
2024,5,SBS,DST,Cowboys,DAL,@PIT,14,,,,,,,,,,,,,,,,6,6.0
2024,6,ABT,QB,Caleb Williams,CHI,JAC,32,23.0,29.0,226.0,4.0,1.0,4.0,56.0,0.0,3.0,0.0,0.0,0.0,0.0,0.0,0.0,31.64,31.64
2024,6,ABT,WR,Keenan Allen,CHI,JAC,30,0.0,0.0,0.0,0.0,0.0,0.0,0.0,0.0,0.0,5.0,5.0,41.0,2.0,5.0,0.0,21.1,21.1
2024,6,ABT,RB,Alexander Mattison,LV,PIT,9,0.0,0.0,0.0,0.0,0.0,14.0,33.0,1.0,5.0,5.0,5.0,32.0,0.0,1.0,0.0,18.5,18.5
2024,6,ABT,WR,Josh Downs,IND,@TEN,1,0.0,0.0,0.0,0.0,0.0,1.0,-1.0,0.0,0.0,9.0,7.0,66.0,1.0,4.0,0.0,16.6,16.6
2024,6,ABT,RB,Alvin Kamara,NO,TB,13,0.0,0.0,0.0,0.0,0.0,13.0,40.0,1.0,2.0,8.0,5.0,24.0,0.0,1.0,0.0,15.4,15.4
2024,6,ABT,RB,Chase Brown,CIN,@NYG,10,0.0,0.0,0.0,0.0,0.0,10.0,53.0,1.0,1.0,3.0,2.0,11.0,0.0,1.0,0.0,14.4,14.4
2024,6,ABT,RB,Saquon Barkley,PHI,CLE,12,0.0,0.0,0.0,0.0,0.0,18.0,47.0,0.0,1.0,2.0,2.0,7.0,0.0,0.0,0.0,6.4,6.4
2024,6,ABT,RB,Kenneth Gainwell,PHI,CLE,12,0.0,0.0,0.0,0.0,0.0,3.0,23.0,0.0,1.0,1.0,0.0,0.0,0.0,0.0,0.0,3.3,3.3
2024,6,ABT,QB,Dak Prescott,DAL,DET,15,17.0,33.0,178.0,0.0,2.0,1.0,1.0,0.0,0.0,0.0,0.0,0.0,0.0,0.0,0.0,3.22,3.22
2024,6,ABT,WR,DJ Moore,CHI,JAC,30,0.0,0.0,0.0,0.0,0.0,0.0,0.0,0.0,0.0,5.0,4.0,20.0,0.0,0.0,0.0,2,2.0
2024,6,ABT,TE,Jake Ferguson,DAL,DET,7,0.0,0.0,0.0,0.0,0.0,0.0,0.0,0.0,0.0,4.0,3.0,11.0,0.0,0.0,0.0,1.1,1.1
2024,6,ABT,RB,Jeremy McNichols,WAS,@BAL,3,0.0,0.0,0.0,0.0,0.0,2.0,9.0,0.0,0.0,0.0,0.0,0.0,0.0,0.0,0.0,0.9,0.9
2024,6,ABT,WR,Roman Wilson,PIT,@LV,10,0.0,0.0,0.0,0.0,0.0,0.0,0.0,0.0,0.0,0.0,0.0,0.0,0.0,0.0,0.0,0,0.0
2024,6,ABT,RB,Keaton Mitchell,BAL,WAS,19,0.0,0.0,0.0,0.0,0.0,0.0,0.0,0.0,0.0,0.0,0.0,0.0,0.0,0.0,0.0,-,0.0
2024,6,ABT,RB,Carson Steele,KC,BYE,---,0.0,0.0,0.0,0.0,0.0,0.0,0.0,0.0,0.0,0.0,0.0,0.0,0.0,0.0,0.0,-,0.0
2024,6,ABT,WR,Jermaine Burton,CIN,@NYG,12,0.0,0.0,0.0,0.0,0.0,0.0,0.0,0.0,0.0,0.0,0.0,0.0,0.0,0.0,0.0,-,0.0
2024,6,ABT,WR,Puka Nacua,LAR,BYE,---,0.0,0.0,0.0,0.0,0.0,0.0,0.0,0.0,0.0,0.0,0.0,0.0,0.0,0.0,0.0,-,0.0
2024,6,ABT,WR,Chris Olave,NO,TB,22,0.0,0.0,0.0,0.0,0.0,0.0,0.0,0.0,0.0,1.0,1.0,5.0,0.0,0.0,1.0,-1.5,-1.5
2024,6,ABT,DST,Seahawks,SEA,SF,17,,,,,,,,,,,,,,,,2,2.0
2024,6,CLC,QB,Justin Fields,PIT,@LV,24,14.0,24.0,145.0,0.0,0.0,11.0,59.0,2.0,4.0,0.0,0.0,0.0,0.0,0.0,0.0,27.7,27.7
2024,6,CLC,QB,Jordan Love,GB,ARI,30,22.0,32.0,258.0,4.0,1.0,5.0,13.0,0.0,2.0,0.0,0.0,0.0,0.0,0.0,0.0,27.62,27.62
2024,6,CLC,RB,Breece Hall,NYJ,BUF,30,0.0,0.0,0.0,0.0,0.0,18.0,113.0,0.0,4.0,6.0,5.0,56.0,0.0,2.0,0.0,22.9,22.9
2024,6,CLC,WR,DeVonta Smith,PHI,CLE,25,0.0,0.0,0.0,0.0,0.0,0.0,0.0,0.0,0.0,4.0,3.0,64.0,1.0,2.0,0.0,14.4,14.4
2024,6,CLC,RB,Jordan Mason,SF,@SEA,20,0.0,0.0,0.0,0.0,0.0,9.0,73.0,0.0,2.0,2.0,1.0,9.0,0.0,0.0,0.0,10.2,10.2
2024,6,CLC,TE,Dalton Kincaid,BUF,@NYJ,6,0.0,0.0,0.0,0.0,0.0,0.0,0.0,0.0,0.0,7.0,6.0,51.0,0.0,3.0,0.0,8.1,8.1
2024,6,CLC,WR,Darnell Mooney,ATL,@CAR,23,0.0,0.0,0.0,0.0,0.0,0.0,0.0,0.0,0.0,5.0,3.0,38.0,0.0,3.0,0.0,6.8,6.8
2024,6,CLC,WR,Jalen Tolbert,DAL,DET,28,0.0,0.0,0.0,0.0,0.0,0.0,0.0,0.0,0.0,5.0,4.0,43.0,0.0,2.0,0.0,6.3,6.3
2024,6,CLC,WR,Rome Odunze,CHI,JAC,30,0.0,0.0,0.0,0.0,0.0,0.0,0.0,0.0,0.0,2.0,2.0,40.0,0.0,2.0,0.0,6,6.0
2024,6,CLC,RB,Javonte Williams,DEN,LAC,4,0.0,0.0,0.0,0.0,0.0,6.0,23.0,0.0,1.0,6.0,3.0,13.0,0.0,1.0,1.0,3.6,3.6
2024,6,CLC,WR,Ja'Lynn Polk,NE,HOU,19,0.0,0.0,0.0,0.0,0.0,0.0,0.0,0.0,0.0,4.0,1.0,4.0,0.0,0.0,0.0,0.4,0.4
2024,6,CLC,RB,Justice Hill,BAL,WAS,19,0.0,0.0,0.0,0.0,0.0,1.0,2.0,0.0,0.0,1.0,1.0,2.0,0.0,0.0,0.0,0.4,0.4
2024,6,CLC,WR,Nico Collins,HOU,@NE,17,0.0,0.0,0.0,0.0,0.0,0.0,0.0,0.0,0.0,0.0,0.0,0.0,0.0,0.0,0.0,-,0.0
2024,6,CLC,WR,Jaylen Waddle,MIA,BYE,---,0.0,0.0,0.0,0.0,0.0,0.0,0.0,0.0,0.0,0.0,0.0,0.0,0.0,0.0,0.0,-,0.0
2024,6,CLC,WR,Ricky Pearsall,SF,@SEA,9,0.0,0.0,0.0,0.0,0.0,0.0,0.0,0.0,0.0,0.0,0.0,0.0,0.0,0.0,0.0,-,0.0
2024,6,CLC,QB,Malik Willis,GB,ARI,30,0.0,0.0,0.0,0.0,0.0,0.0,0.0,0.0,0.0,0.0,0.0,0.0,0.0,0.0,0.0,-,0.0
2024,6,CLC,RB,Zack Moss,CIN,@NYG,10,0.0,0.0,0.0,0.0,0.0,6.0,13.0,0.0,0.0,1.0,1.0,2.0,0.0,0.0,1.0,-0.5,-0.5
2024,6,CLC,DST,Bears,CHI,JAC,21,,,,,,,,,,,,,,,,9,9.0
2024,6,CPC,RB,Derrick Henry,BAL,WAS,19,0.0,0.0,0.0,0.0,0.0,24.0,132.0,2.0,6.0,0.0,0.0,0.0,0.0,0.0,0.0,31.2,31.2
2024,6,CPC,QB,Drake Maye,NE,HOU,23,20.0,33.0,243.0,3.0,2.0,5.0,38.0,0.0,3.0,0.0,0.0,0.0,0.0,0.0,1.0,22.52,22.52
2024,6,CPC,RB,JK Dobbins,LAC,@DEN,14,0.0,0.0,0.0,0.0,0.0,25.0,96.0,1.0,6.0,2.0,2.0,6.0,0.0,0.0,0.0,22.2,22.2
2024,6,CPC,TE,George Kittle,SF,@SEA,28,0.0,0.0,0.0,0.0,0.0,0.0,0.0,0.0,0.0,6.0,5.0,58.0,2.0,3.0,0.0,20.8,20.8
2024,6,CPC,RB,Tony Pollard,TEN,IND,24,0.0,0.0,0.0,0.0,0.0,17.0,93.0,1.0,5.0,3.0,3.0,-5.0,0.0,0.0,0.0,20.3,20.3
2024,6,CPC,WR,Tyler Lockett,SEA,SF,13,0.0,0.0,0.0,0.0,0.0,0.0,0.0,0.0,0.0,8.0,4.0,65.0,1.0,4.0,0.0,16.5,16.5
2024,6,CPC,WR,Tee Higgins,CIN,@NYG,12,0.0,0.0,0.0,0.0,0.0,0.0,0.0,0.0,0.0,7.0,7.0,77.0,0.0,4.0,0.0,11.7,11.7
2024,6,CPC,WR,Ja'Marr Chase,CIN,@NYG,12,0.0,0.0,0.0,0.0,0.0,0.0,0.0,0.0,0.0,6.0,5.0,72.0,0.0,3.0,0.0,10.2,10.2
2024,6,CPC,WR,Ladd McConkey,LAC,@DEN,2,0.0,0.0,0.0,0.0,0.0,0.0,0.0,0.0,0.0,8.0,4.0,43.0,0.0,2.0,0.0,6.3,6.3
2024,6,CPC,TE,Ja'Tavion Sanders,CAR,ATL,22,0.0,0.0,0.0,0.0,0.0,0.0,0.0,0.0,0.0,7.0,5.0,49.0,0.0,1.0,0.0,5.9,5.9
2024,6,CPC,WR,Dontayvion Wicks,GB,ARI,26,0.0,0.0,0.0,0.0,0.0,0.0,0.0,0.0,0.0,3.0,1.0,9.0,0.0,1.0,0.0,1.9,1.9
2024,6,CPC,QB,Derek Carr,NO,TB,31,0.0,0.0,0.0,0.0,0.0,0.0,0.0,0.0,0.0,0.0,0.0,0.0,0.0,0.0,0.0,-,0.0
2024,6,CPC,QB,Sam Darnold,MIN,BYE,---,0.0,0.0,0.0,0.0,0.0,0.0,0.0,0.0,0.0,0.0,0.0,0.0,0.0,0.0,0.0,-,0.0
2024,6,CPC,RB,James Cook,BUF,@NYJ,11,0.0,0.0,0.0,0.0,0.0,0.0,0.0,0.0,0.0,0.0,0.0,0.0,0.0,0.0,0.0,-,0.0
2024,6,CPC,WR,Tyreek Hill,MIA,BYE,---,0.0,0.0,0.0,0.0,0.0,0.0,0.0,0.0,0.0,0.0,0.0,0.0,0.0,0.0,0.0,-,0.0
2024,6,CPC,RB,Brian Robinson,WAS,@BAL,3,0.0,0.0,0.0,0.0,0.0,0.0,0.0,0.0,0.0,0.0,0.0,0.0,0.0,0.0,0.0,-,0.0
2024,6,CPC,WR,Jakobi Meyers,LV,PIT,11,0.0,0.0,0.0,0.0,0.0,0.0,0.0,0.0,0.0,0.0,0.0,0.0,0.0,0.0,0.0,-,0.0
2024,6,CPC,DST,Vikings,MIN,BYE,---,,,,,,,,,,,,,,,,-,0.0
2024,6,DDD,QB,Jared Goff,DET,@DAL,27,18.0,25.0,315.0,3.0,0.0,3.0,5.0,0.0,0.0,0.0,0.0,0.0,0.0,0.0,0.0,25.1,25.1
2024,6,DDD,RB,Bucky Irving,TB,@NO,27,0.0,0.0,0.0,0.0,0.0,14.0,81.0,1.0,4.0,2.0,2.0,24.0,0.0,1.0,0.0,21.5,21.5
2024,6,DDD,WR,Zay Flowers,BAL,WAS,29,0.0,0.0,0.0,0.0,0.0,1.0,2.0,0.0,0.0,9.0,9.0,132.0,0.0,7.0,0.0,20.4,20.4
2024,6,DDD,RB,Kenneth Walker,SEA,SF,15,0.0,0.0,0.0,0.0,0.0,14.0,32.0,1.0,2.0,8.0,8.0,37.0,0.0,2.0,0.0,16.9,16.9
2024,6,DDD,WR,Tank Dell,HOU,@NE,17,0.0,0.0,0.0,0.0,0.0,0.0,0.0,0.0,0.0,9.0,7.0,57.0,1.0,5.0,0.0,16.7,16.7
2024,6,DDD,RB,Jahmyr Gibbs,DET,@DAL,31,0.0,0.0,0.0,0.0,0.0,12.0,63.0,0.0,5.0,5.0,3.0,28.0,0.0,1.0,0.0,15.1,15.1
2024,6,DDD,TE,Sam LaPorta,DET,@DAL,15,0.0,0.0,0.0,0.0,0.0,0.0,0.0,0.0,0.0,1.0,1.0,52.0,1.0,1.0,0.0,12.2,12.2
2024,6,DDD,QB,Deshaun Watson,CLE,@PHI,13,16.0,23.0,168.0,0.0,0.0,4.0,17.0,0.0,1.0,0.0,0.0,0.0,0.0,0.0,0.0,9.42,9.42
2024,6,DDD,RB,Jaleel McLaughlin,DEN,LAC,4,0.0,0.0,0.0,0.0,0.0,3.0,8.0,0.0,0.0,2.0,2.0,17.0,0.0,1.0,0.0,3.5,3.5
2024,6,DDD,RB,Tank Bigsby,JAC,@CHI,16,0.0,0.0,0.0,0.0,0.0,7.0,24.0,0.0,1.0,0.0,0.0,0.0,0.0,0.0,0.0,3.4,3.4
2024,6,DDD,WR,Quentin Johnston,LAC,@DEN,2,0.0,0.0,0.0,0.0,0.0,1.0,0.0,0.0,0.0,4.0,3.0,22.0,0.0,1.0,0.0,3.2,3.2
2024,6,DDD,WR,Dyami Brown,WAS,@BAL,32,0.0,0.0,0.0,0.0,0.0,0.0,0.0,0.0,0.0,1.0,1.0,11.0,0.0,1.0,0.0,2.1,2.1
2024,6,DDD,WR,Adonai Mitchell,IND,@TEN,1,0.0,0.0,0.0,0.0,0.0,0.0,0.0,0.0,0.0,4.0,2.0,9.0,0.0,1.0,0.0,1.9,1.9
2024,6,DDD,QB,Jake Haener,NO,TB,31,0.0,0.0,0.0,0.0,0.0,0.0,0.0,0.0,0.0,0.0,0.0,0.0,0.0,0.0,0.0,-,0.0
2024,6,DDD,RB,De'Von Achane,MIA,BYE,---,0.0,0.0,0.0,0.0,0.0,0.0,0.0,0.0,0.0,0.0,0.0,0.0,0.0,0.0,0.0,-,0.0
2024,6,DDD,WR,Malik Nabers,NYG,CIN,14,0.0,0.0,0.0,0.0,0.0,0.0,0.0,0.0,0.0,0.0,0.0,0.0,0.0,0.0,0.0,-,0.0
2024,6,DDD,TE,Mike Gesicki,CIN,@NYG,5,0.0,0.0,0.0,0.0,0.0,0.0,0.0,0.0,0.0,0.0,0.0,0.0,0.0,0.0,0.0,0,0.0
2024,6,DDD,DST,Texans,HOU,@NE,30,,,,,,,,,,,,,,,,12,12.0
2024,6,LBC,QB,Bo Nix,DEN,LAC,6,19.0,33.0,216.0,2.0,1.0,6.0,61.0,0.0,5.0,0.0,0.0,0.0,0.0,0.0,0.0,25.74,25.74
2024,6,LBC,QB,Aaron Rodgers,NYJ,BUF,14,23.0,35.0,294.0,2.0,1.0,0.0,0.0,0.0,0.0,0.0,0.0,0.0,0.0,0.0,0.0,17.76,17.76
2024,6,LBC,WR,Drake London,ATL,@CAR,23,0.0,0.0,0.0,0.0,0.0,0.0,0.0,0.0,0.0,10.0,6.0,74.0,1.0,4.0,0.0,17.4,17.4
2024,6,LBC,TE,Trey McBride,ARI,@GB,23,0.0,0.0,0.0,0.0,0.0,0.0,0.0,0.0,0.0,8.0,8.0,96.0,0.0,5.0,0.0,14.6,14.6
2024,6,LBC,TE,Evan Engram,JAC,@CHI,10,0.0,0.0,0.0,0.0,0.0,0.0,0.0,0.0,0.0,10.0,10.0,102.0,0.0,4.0,1.0,12.2,12.2
2024,6,LBC,WR,Michael Pittman,IND,@TEN,1,0.0,0.0,0.0,0.0,0.0,0.0,0.0,0.0,0.0,5.0,3.0,35.0,1.0,2.0,0.0,11.5,11.5
2024,6,LBC,WR,Michael Wilson,ARI,@GB,20,0.0,0.0,0.0,0.0,0.0,0.0,0.0,0.0,0.0,4.0,2.0,21.0,1.0,2.0,0.0,10.1,10.1
2024,6,LBC,TE,Brock Bowers,LV,PIT,20,0.0,0.0,0.0,0.0,0.0,0.0,0.0,0.0,0.0,10.0,9.0,71.0,0.0,2.0,0.0,9.1,9.1
2024,6,LBC,WR,Jaxon Smith-Njigba,SEA,SF,13,0.0,0.0,0.0,0.0,0.0,0.0,0.0,0.0,0.0,9.0,5.0,53.0,0.0,3.0,0.0,8.3,8.3
2024,6,LBC,WR,Brandon Aiyuk,SF,@SEA,9,0.0,0.0,0.0,0.0,0.0,0.0,0.0,0.0,0.0,4.0,2.0,37.0,0.0,2.0,0.0,5.7,5.7
2024,6,LBC,WR,Jerry Jeudy,CLE,@PHI,27,0.0,0.0,0.0,0.0,0.0,0.0,0.0,0.0,0.0,3.0,1.0,35.0,0.0,1.0,0.0,4.5,4.5
2024,6,LBC,RB,Travis Etienne,JAC,@CHI,16,0.0,0.0,0.0,0.0,0.0,3.0,-1.0,0.0,0.0,1.0,0.0,0.0,0.0,0.0,0.0,0,0.0
2024,6,LBC,RB,Isiah Pacheco,KC,BYE,---,0.0,0.0,0.0,0.0,0.0,0.0,0.0,0.0,0.0,0.0,0.0,0.0,0.0,0.0,0.0,-,0.0
2024,6,LBC,WR,Devontez Walker,BAL,WAS,29,0.0,0.0,0.0,0.0,0.0,0.0,0.0,0.0,0.0,0.0,0.0,0.0,0.0,0.0,0.0,-,0.0
2024,6,LBC,WR,Jordan Whittington,LAR,BYE,---,0.0,0.0,0.0,0.0,0.0,0.0,0.0,0.0,0.0,0.0,0.0,0.0,0.0,0.0,0.0,-,0.0
2024,6,LBC,RB,Raheem Mostert,MIA,BYE,---,0.0,0.0,0.0,0.0,0.0,0.0,0.0,0.0,0.0,0.0,0.0,0.0,0.0,0.0,0.0,-,0.0
2024,6,LBC,QB,Anthony Richardson,IND,@TEN,12,0.0,0.0,0.0,0.0,0.0,0.0,0.0,0.0,0.0,0.0,0.0,0.0,0.0,0.0,0.0,-,0.0
2024,6,LBC,RB,Rhamondre Stevenson,NE,HOU,6,0.0,0.0,0.0,0.0,0.0,0.0,0.0,0.0,0.0,0.0,0.0,0.0,0.0,0.0,0.0,-,0.0
2024,6,LBC,DST,Broncos,DEN,LAC,5,,,,,,,,,,,,,,,,3,3.0
2024,6,LC,QB,Jalen Hurts,PHI,CLE,16,16.0,25.0,264.0,2.0,0.0,14.0,33.0,0.0,5.0,0.0,0.0,0.0,0.0,0.0,0.0,26.86,26.86
2024,6,LC,RB,Tyler Allgeier,ATL,@CAR,32,0.0,0.0,0.0,0.0,0.0,18.0,105.0,1.0,8.0,1.0,1.0,3.0,0.0,0.0,0.0,26.8,26.8
2024,6,LC,WR,Allen Lazard,NYJ,BUF,8,0.0,0.0,0.0,0.0,0.0,0.0,0.0,0.0,0.0,7.0,6.0,114.0,1.0,4.0,0.0,21.4,21.4
2024,6,LC,WR,Xavier Legette,CAR,ATL,21,0.0,0.0,0.0,0.0,0.0,0.0,0.0,0.0,0.0,4.0,3.0,23.0,1.0,2.0,0.0,10.3,10.3
2024,6,LC,WR,DeAndre Hopkins,TEN,IND,24,0.0,0.0,0.0,0.0,0.0,0.0,0.0,0.0,0.0,6.0,4.0,54.0,0.0,3.0,0.0,8.4,8.4
2024,6,LC,WR,DK Metcalf,SEA,SF,13,0.0,0.0,0.0,0.0,0.0,0.0,0.0,0.0,0.0,11.0,3.0,48.0,0.0,3.0,0.0,7.8,7.8
2024,6,LC,TE,Juwan Johnson,NO,TB,16,0.0,0.0,0.0,0.0,0.0,0.0,0.0,0.0,0.0,3.0,3.0,48.0,0.0,2.0,0.0,6.8,6.8
2024,6,LC,RB,Zach Charbonnet,SEA,SF,15,0.0,0.0,0.0,0.0,0.0,5.0,20.0,0.0,1.0,1.0,1.0,15.0,0.0,0.0,0.0,4.5,4.5
2024,6,LC,TE,Dalton Schultz,HOU,@NE,17,0.0,0.0,0.0,0.0,0.0,0.0,0.0,0.0,0.0,8.0,4.0,27.0,0.0,1.0,0.0,3.7,3.7
2024,6,LC,RB,James Conner,ARI,@GB,17,0.0,0.0,0.0,0.0,0.0,7.0,24.0,0.0,1.0,5.0,4.0,22.0,0.0,0.0,1.0,3.6,3.6
2024,6,LC,RB,Jaylen Warren,PIT,@LV,22,0.0,0.0,0.0,0.0,0.0,6.0,7.0,0.0,1.0,3.0,3.0,11.0,0.0,0.0,0.0,2.8,2.8
2024,6,LC,WR,Rashid Shaheed,NO,TB,22,0.0,0.0,0.0,0.0,0.0,1.0,2.0,0.0,0.0,7.0,1.0,11.0,0.0,1.0,0.0,2.3,2.3
2024,6,LC,RB,Jamaal Williams,NO,TB,13,0.0,0.0,0.0,0.0,0.0,2.0,7.0,0.0,0.0,0.0,0.0,0.0,0.0,0.0,0.0,0.7,0.7
2024,6,LC,TE,Ben Sinnott,WAS,@BAL,30,0.0,0.0,0.0,0.0,0.0,0.0,0.0,0.0,0.0,0.0,0.0,0.0,0.0,0.0,0.0,0,0.0
2024,6,LC,WR,Xavier Worthy,KC,BYE,---,0.0,0.0,0.0,0.0,0.0,0.0,0.0,0.0,0.0,0.0,0.0,0.0,0.0,0.0,0.0,-,0.0
2024,6,LC,RB,Jeff Wilson,MIA,BYE,---,0.0,0.0,0.0,0.0,0.0,0.0,0.0,0.0,0.0,0.0,0.0,0.0,0.0,0.0,0.0,-,0.0
2024,6,LC,QB,Patrick Mahomes,KC,BYE,---,0.0,0.0,0.0,0.0,0.0,0.0,0.0,0.0,0.0,0.0,0.0,0.0,0.0,0.0,0.0,-,0.0
2024,6,LC,QB,Gardner Minshew,LV,PIT,4,0.0,0.0,0.0,0.0,0.0,0.0,0.0,0.0,0.0,0.0,0.0,0.0,0.0,0.0,0.0,-,0.0
2024,6,LC,DST,49ers,SF,@SEA,26,,,,,,,,,,,,,,,,8,8.0
2024,6,MB,RB,Bijan Robinson,ATL,@CAR,32,0.0,0.0,0.0,0.0,0.0,15.0,95.0,2.0,5.0,4.0,3.0,10.0,0.0,0.0,0.0,27.5,27.5
2024,6,MB,RB,Tyrone Tracy,NYG,CIN,21,0.0,0.0,0.0,0.0,0.0,17.0,50.0,1.0,5.0,6.0,6.0,57.0,0.0,3.0,0.0,24.7,24.7
2024,6,MB,RB,Ray Davis,BUF,@NYJ,11,0.0,0.0,0.0,0.0,0.0,20.0,97.0,0.0,5.0,3.0,3.0,55.0,0.0,1.0,0.0,21.2,21.2
2024,6,MB,TE,Mark Andrews,BAL,WAS,14,0.0,0.0,0.0,0.0,0.0,0.0,0.0,0.0,0.0,4.0,3.0,66.0,1.0,3.0,0.0,15.6,15.6
2024,6,MB,WR,Amon-Ra St Brown,DET,@DAL,16,0.0,0.0,0.0,0.0,0.0,0.0,0.0,0.0,0.0,4.0,4.0,37.0,1.0,4.0,0.0,13.7,13.7
2024,6,MB,RB,Isaac Guerendo,SF,@SEA,20,0.0,0.0,0.0,0.0,0.0,10.0,99.0,0.0,3.0,0.0,0.0,0.0,0.0,0.0,0.0,12.9,12.9
2024,6,MB,QB,Kyler Murray,ARI,@GB,9,22.0,32.0,214.0,1.0,0.0,7.0,14.0,0.0,0.0,0.0,0.0,0.0,0.0,0.0,1.0,11.96,11.96
2024,6,MB,QB,Will Levis,TEN,IND,25,16.0,27.0,95.0,1.0,1.0,3.0,15.0,0.0,1.0,0.0,0.0,0.0,0.0,0.0,0.0,8.3,8.3
2024,6,MB,WR,Josh Palmer,LAC,@DEN,2,0.0,0.0,0.0,0.0,0.0,0.0,0.0,0.0,0.0,3.0,2.0,38.0,0.0,2.0,0.0,5.8,5.8
2024,6,MB,WR,Marvin Harrison,ARI,@GB,20,0.0,0.0,0.0,0.0,0.0,0.0,0.0,0.0,0.0,2.0,0.0,0.0,0.0,0.0,0.0,0,0.0
2024,6,MB,QB,Matthew Stafford,LAR,BYE,---,0.0,0.0,0.0,0.0,0.0,0.0,0.0,0.0,0.0,0.0,0.0,0.0,0.0,0.0,0.0,-,0.0
2024,6,MB,RB,Zamir White,LV,PIT,9,0.0,0.0,0.0,0.0,0.0,0.0,0.0,0.0,0.0,0.0,0.0,0.0,0.0,0.0,0.0,-,0.0
2024,6,MB,WR,Cooper Kupp,LAR,BYE,---,0.0,0.0,0.0,0.0,0.0,0.0,0.0,0.0,0.0,0.0,0.0,0.0,0.0,0.0,0.0,-,0.0
2024,6,MB,RB,Khalil Herbert,CHI,JAC,23,0.0,0.0,0.0,0.0,0.0,0.0,0.0,0.0,0.0,0.0,0.0,0.0,0.0,0.0,0.0,0,0.0
2024,6,MB,TE,Travis Kelce,KC,BYE,---,0.0,0.0,0.0,0.0,0.0,0.0,0.0,0.0,0.0,0.0,0.0,0.0,0.0,0.0,0.0,-,0.0
2024,6,MB,RB,Aaron Jones,MIN,BYE,---,0.0,0.0,0.0,0.0,0.0,0.0,0.0,0.0,0.0,0.0,0.0,0.0,0.0,0.0,0.0,-,0.0
2024,6,MB,RB,Cam Akers,MIN,@NE,26,0.0,0.0,0.0,0.0,0.0,2.0,-1.0,0.0,0.0,0.0,0.0,0.0,0.0,0.0,0.0,0,0.0
2024,6,MB,WR,Tutu Atwell,LAR,BYE,---,0.0,0.0,0.0,0.0,0.0,0.0,0.0,0.0,0.0,0.0,0.0,0.0,0.0,0.0,0.0,-,0.0
2024,6,MB,DST,Buccaneers,TB,@NO,27,,,,,,,,,,,,,,,,17,17.0
2024,6,NBB,WR,Chris Godwin,TB,@NO,15,0.0,0.0,0.0,0.0,0.0,0.0,0.0,0.0,0.0,13.0,11.0,125.0,2.0,4.0,0.0,28.5,28.5
2024,6,NBB,QB,Josh Allen,BUF,@NYJ,3,19.0,25.0,215.0,2.0,0.0,9.0,18.0,1.0,3.0,0.0,0.0,0.0,0.0,0.0,0.0,27.4,27.4
2024,6,NBB,RB,D'Andre Swift,CHI,JAC,23,0.0,0.0,0.0,0.0,0.0,17.0,91.0,1.0,5.0,4.0,4.0,28.0,0.0,1.0,0.0,23.9,23.9
2024,6,NBB,WR,Terry McLaurin,WAS,@BAL,32,0.0,0.0,0.0,0.0,0.0,1.0,0.0,0.0,0.0,7.0,6.0,53.0,2.0,5.0,0.0,22.3,22.3
2024,6,NBB,WR,Gabe Davis,JAC,@CHI,6,0.0,0.0,0.0,0.0,0.0,0.0,0.0,0.0,0.0,8.0,5.0,45.0,2.0,4.0,0.0,20.5,20.5
2024,6,NBB,WR,Jameson Williams,DET,@DAL,16,0.0,0.0,0.0,0.0,0.0,1.0,11.0,0.0,1.0,4.0,3.0,76.0,1.0,3.0,0.0,18.7,18.7
2024,6,NBB,QB,Trevor Lawrence,JAC,@CHI,2,23.0,35.0,234.0,2.0,1.0,4.0,17.0,0.0,1.0,0.0,0.0,0.0,0.0,0.0,0.0,18.06,18.06
2024,6,NBB,WR,Jayden Reed,GB,ARI,26,0.0,0.0,0.0,0.0,0.0,1.0,0.0,0.0,0.0,6.0,6.0,28.0,1.0,2.0,0.0,10.8,10.8
2024,6,NBB,TE,Kyle Pitts,ATL,@CAR,29,0.0,0.0,0.0,0.0,0.0,0.0,0.0,0.0,0.0,5.0,3.0,70.0,0.0,2.0,0.0,9,9.0
2024,6,NBB,WR,Mike Evans,TB,@NO,15,0.0,0.0,0.0,0.0,0.0,0.0,0.0,0.0,0.0,6.0,2.0,34.0,0.0,2.0,0.0,5.4,5.4
2024,6,NBB,TE,David Njoku,CLE,@PHI,2,0.0,0.0,0.0,0.0,0.0,0.0,0.0,0.0,0.0,7.0,5.0,31.0,0.0,2.0,0.0,5.1,5.1
2024,6,NBB,WR,Brian Thomas,JAC,@CHI,6,0.0,0.0,0.0,0.0,0.0,0.0,0.0,0.0,0.0,6.0,3.0,27.0,0.0,1.0,0.0,3.7,3.7
2024,6,NBB,WR,Khalil Shakir,BUF,@NYJ,4,0.0,0.0,0.0,0.0,0.0,0.0,0.0,0.0,0.0,2.0,2.0,19.0,0.0,1.0,0.0,2.9,2.9
2024,6,NBB,RB,Will Shipley,PHI,CLE,12,0.0,0.0,0.0,0.0,0.0,0.0,0.0,0.0,0.0,0.0,0.0,0.0,0.0,0.0,0.0,0,0.0
2024,6,NBB,TE,Dallas Goedert,PHI,CLE,9,0.0,0.0,0.0,0.0,0.0,0.0,0.0,0.0,0.0,1.0,0.0,0.0,0.0,0.0,0.0,0,0.0
2024,6,NBB,RB,Gus Edwards,LAC,@DEN,14,0.0,0.0,0.0,0.0,0.0,0.0,0.0,0.0,0.0,0.0,0.0,0.0,0.0,0.0,0.0,-,0.0
2024,6,NBB,RB,Blake Corum,LAR,BYE,---,0.0,0.0,0.0,0.0,0.0,0.0,0.0,0.0,0.0,0.0,0.0,0.0,0.0,0.0,0.0,-,0.0
2024,6,NBB,RB,Nick Chubb,CLE,@PHI,18,0.0,0.0,0.0,0.0,0.0,0.0,0.0,0.0,0.0,0.0,0.0,0.0,0.0,0.0,0.0,-,0.0
2024,6,NBB,DST,Bills,BUF,@NYJ,22,,,,,,,,,,,,,,,,6,6.0
2024,6,PCP,WR,Garrett Wilson,NYJ,BUF,8,0.0,0.0,0.0,0.0,0.0,0.0,0.0,0.0,0.0,10.0,8.0,107.0,1.0,6.0,0.0,22.7,22.7
2024,6,PCP,WR,AJ Brown,PHI,CLE,25,0.0,0.0,0.0,0.0,0.0,0.0,0.0,0.0,0.0,9.0,6.0,116.0,1.0,5.0,0.0,22.6,22.6
2024,6,PCP,QB,Joe Burrow,CIN,@NYG,20,19.0,28.0,208.0,0.0,0.0,4.0,55.0,1.0,2.0,0.0,0.0,0.0,0.0,0.0,0.0,21.82,21.82
2024,6,PCP,QB,Daniel Jones,NYG,CIN,29,22.0,41.0,205.0,0.0,1.0,11.0,56.0,0.0,6.0,0.0,0.0,0.0,0.0,0.0,0.0,17.8,17.8
2024,6,PCP,RB,Dameon Pierce,HOU,@NE,26,0.0,0.0,0.0,0.0,0.0,8.0,76.0,1.0,1.0,1.0,1.0,1.0,0.0,0.0,0.0,14.7,14.7
2024,6,PCP,QB,Geno Smith,SEA,SF,11,30.0,52.0,312.0,1.0,2.0,1.0,0.0,0.0,0.0,0.0,0.0,0.0,0.0,0.0,0.0,12.48,12.48
2024,6,PCP,WR,CeeDee Lamb,DAL,DET,28,0.0,0.0,0.0,0.0,0.0,1.0,2.0,0.0,0.0,14.0,7.0,89.0,0.0,3.0,0.0,12.1,12.1
2024,6,PCP,RB,Rico Dowdle,DAL,DET,5,0.0,0.0,0.0,0.0,0.0,5.0,25.0,0.0,1.0,6.0,5.0,30.0,0.0,2.0,0.0,8.5,8.5
2024,6,PCP,WR,Keon Coleman,BUF,@NYJ,4,0.0,0.0,0.0,0.0,0.0,0.0,0.0,0.0,0.0,4.0,3.0,26.0,0.0,2.0,0.0,4.6,4.6
2024,6,PCP,RB,Tyjae Spears,TEN,IND,24,0.0,0.0,0.0,0.0,0.0,6.0,27.0,0.0,1.0,0.0,0.0,0.0,0.0,0.0,0.0,3.7,3.7
2024,6,PCP,RB,Trey Benson,ARI,@GB,17,0.0,0.0,0.0,0.0,0.0,5.0,26.0,0.0,1.0,0.0,0.0,0.0,0.0,0.0,0.0,3.6,3.6
2024,6,PCP,RB,Braelon Allen,NYJ,BUF,30,0.0,0.0,0.0,0.0,0.0,3.0,8.0,0.0,1.0,2.0,0.0,0.0,0.0,0.0,0.0,1.8,1.8
2024,6,PCP,RB,Ezekiel Elliott,DAL,DET,5,0.0,0.0,0.0,0.0,0.0,8.0,17.0,0.0,0.0,0.0,0.0,0.0,0.0,0.0,0.0,1.7,1.7
2024,6,PCP,TE,Pat Freiermuth,PIT,@LV,11,0.0,0.0,0.0,0.0,0.0,0.0,0.0,0.0,0.0,3.0,2.0,16.0,0.0,0.0,0.0,1.6,1.6
2024,6,PCP,WR,Rashee Rice,KC,BYE,---,0.0,0.0,0.0,0.0,0.0,0.0,0.0,0.0,0.0,0.0,0.0,0.0,0.0,0.0,0.0,-,0.0
2024,6,PCP,TE,TJ Hockenson,MIN,BYE,---,0.0,0.0,0.0,0.0,0.0,0.0,0.0,0.0,0.0,0.0,0.0,0.0,0.0,0.0,0.0,-,0.0
2024,6,PCP,TE,Luke Musgrave,GB,ARI,18,0.0,0.0,0.0,0.0,0.0,0.0,0.0,0.0,0.0,0.0,0.0,0.0,0.0,0.0,0.0,-,0.0
2024,6,PCP,RB,Kyren Williams,LAR,BYE,---,0.0,0.0,0.0,0.0,0.0,0.0,0.0,0.0,0.0,0.0,0.0,0.0,0.0,0.0,0.0,-,0.0
2024,6,PCP,DST,Ravens,BAL,WAS,2,,,,,,,,,,,,,,,,3,3.0
2024,6,PP,QB,Brock Purdy,SF,@SEA,18,18.0,28.0,255.0,3.0,0.0,4.0,19.0,0.0,2.0,0.0,0.0,0.0,0.0,0.0,0.0,26.1,26.1
2024,6,PP,RB,David Montgomery,DET,@DAL,31,0.0,0.0,0.0,0.0,0.0,12.0,80.0,2.0,5.0,1.0,1.0,0.0,0.0,0.0,0.0,25,25.0
2024,6,PP,WR,Romeo Doubs,GB,ARI,26,0.0,0.0,0.0,0.0,0.0,0.0,0.0,0.0,0.0,4.0,3.0,49.0,2.0,3.0,0.0,19.9,19.9
2024,6,PP,WR,Courtland Sutton,DEN,LAC,5,0.0,0.0,0.0,0.0,0.0,0.0,0.0,0.0,0.0,6.0,4.0,53.0,1.0,3.0,0.0,14.3,14.3
2024,6,PP,QB,Justin Herbert,LAC,@DEN,5,21.0,34.0,237.0,1.0,0.0,4.0,2.0,0.0,0.0,0.0,0.0,0.0,0.0,0.0,0.0,13.68,13.68
2024,6,PP,QB,Kirk Cousins,ATL,@CAR,19,19.0,30.0,225.0,1.0,0.0,4.0,-5.0,0.0,0.0,0.0,0.0,0.0,0.0,0.0,0.0,13,13.0
2024,6,PP,RB,Josh Jacobs,GB,ARI,25,0.0,0.0,0.0,0.0,0.0,18.0,62.0,0.0,1.0,3.0,3.0,28.0,0.0,3.0,0.0,13,13.0
2024,6,PP,WR,Wan'Dale Robinson,NYG,CIN,14,0.0,0.0,0.0,0.0,0.0,0.0,0.0,0.0,0.0,11.0,5.0,50.0,0.0,2.0,0.0,7,7.0
2024,6,PP,RB,Trey Sermon,IND,@TEN,8,0.0,0.0,0.0,0.0,0.0,18.0,29.0,0.0,3.0,0.0,0.0,0.0,0.0,0.0,0.0,5.9,5.9
2024,6,PP,WR,Amari Cooper,BUF,@PHI,27,0.0,0.0,0.0,0.0,0.0,0.0,0.0,0.0,0.0,6.0,4.0,42.0,0.0,1.0,0.0,5.2,5.2
2024,6,PP,WR,Jauan Jennings,SF,@SEA,9,0.0,0.0,0.0,0.0,0.0,0.0,0.0,0.0,0.0,5.0,3.0,27.0,0.0,2.0,0.0,4.7,4.7
2024,6,PP,TE,Isaiah Likely,BAL,WAS,14,0.0,0.0,0.0,0.0,0.0,0.0,0.0,0.0,0.0,4.0,2.0,27.0,0.0,1.0,0.0,3.7,3.7
2024,6,PP,TE,Tucker Kraft,GB,ARI,18,0.0,0.0,0.0,0.0,0.0,1.0,2.0,0.0,1.0,4.0,2.0,13.0,0.0,1.0,0.0,3.5,3.5
2024,6,PP,WR,Calvin Ridley,TEN,IND,24,0.0,0.0,0.0,0.0,0.0,1.0,9.0,0.0,0.0,8.0,0.0,0.0,0.0,0.0,0.0,0.9,0.9
2024,6,PP,QB,JJ McCarthy,MIN,BYE,---,0.0,0.0,0.0,0.0,0.0,0.0,0.0,0.0,0.0,0.0,0.0,0.0,0.0,0.0,0.0,-,0.0
2024,6,PP,WR,Malachi Corley,NYJ,BUF,8,0.0,0.0,0.0,0.0,0.0,0.0,0.0,0.0,0.0,0.0,0.0,0.0,0.0,0.0,0.0,-,0.0
2024,6,PP,RB,Devin Singletary,NYG,CIN,21,0.0,0.0,0.0,0.0,0.0,0.0,0.0,0.0,0.0,0.0,0.0,0.0,0.0,0.0,0.0,-,0.0
2024,6,PP,WR,Davante Adams,NYJ,PIT,11,0.0,0.0,0.0,0.0,0.0,0.0,0.0,0.0,0.0,0.0,0.0,0.0,0.0,0.0,0.0,-,0.0
2024,6,PP,RB,MarShawn Lloyd,GB,ARI,25,0.0,0.0,0.0,0.0,0.0,0.0,0.0,0.0,0.0,0.0,0.0,0.0,0.0,0.0,0.0,-,0.0
2024,6,PP,RB,Christian McCaffrey,SF,@SEA,20,0.0,0.0,0.0,0.0,0.0,0.0,0.0,0.0,0.0,0.0,0.0,0.0,0.0,0.0,0.0,-,0.0
2024,6,PP,DST,Chiefs,KC,BYE,---,,,,,,,,,,,,,,,,-,0.0
2024,6,RR,RB,Joe Mixon,HOU,@NE,26,0.0,0.0,0.0,0.0,0.0,13.0,102.0,1.0,3.0,3.0,2.0,30.0,1.0,2.0,0.0,30.2,30.2
2024,6,RR,QB,Baker Mayfield,TB,@NO,7,24.0,36.0,325.0,4.0,3.0,3.0,29.0,0.0,1.0,0.0,0.0,0.0,0.0,0.0,0.0,26.9,26.9
2024,6,RR,RB,Najee Harris,PIT,@LV,22,0.0,0.0,0.0,0.0,0.0,14.0,106.0,1.0,4.0,2.0,2.0,16.0,0.0,1.0,0.0,23.2,23.2
2024,6,RR,TE,Cole Kmet,CHI,JAC,27,0.0,0.0,0.0,0.0,0.0,0.0,0.0,0.0,0.0,5.0,5.0,70.0,2.0,3.0,0.0,22,22.0
2024,6,RR,QB,CJ Stroud,HOU,@NE,10,20.0,31.0,192.0,3.0,1.0,3.0,7.0,0.0,1.0,0.0,0.0,0.0,0.0,0.0,0.0,19.38,19.38
2024,6,RR,WR,Diontae Johnson,CAR,ATL,21,0.0,0.0,0.0,0.0,0.0,0.0,0.0,0.0,0.0,10.0,6.0,78.0,1.0,5.0,0.0,18.8,18.8
2024,6,RR,QB,Spencer Rattler,NO,TB,31,22.0,40.0,243.0,1.0,2.0,4.0,27.0,0.0,1.0,0.0,0.0,0.0,0.0,0.0,0.0,13.42,13.42
2024,6,RR,WR,George Pickens,PIT,@LV,10,0.0,0.0,0.0,0.0,0.0,0.0,0.0,0.0,0.0,8.0,3.0,53.0,0.0,2.0,0.0,7.3,7.3
2024,6,RR,TE,Taysom Hill,NO,TB,16,0.0,0.0,0.0,0.0,0.0,0.0,0.0,0.0,0.0,0.0,0.0,0.0,0.0,0.0,0.0,-,0.0
2024,6,RR,RB,Kareem Hunt,KC,BYE,---,0.0,0.0,0.0,0.0,0.0,0.0,0.0,0.0,0.0,0.0,0.0,0.0,0.0,0.0,0.0,-,0.0
2024,6,RR,WR,Justin Jefferson,MIN,BYE,---,0.0,0.0,0.0,0.0,0.0,0.0,0.0,0.0,0.0,0.0,0.0,0.0,0.0,0.0,0.0,-,0.0
2024,6,RR,WR,Tre Tucker,LV,PIT,11,0.0,0.0,0.0,0.0,0.0,0.0,0.0,0.0,0.0,2.0,0.0,0.0,0.0,0.0,0.0,0,0.0
2024,6,RR,QB,Michael Penix,ATL,@CAR,19,0.0,0.0,0.0,0.0,0.0,0.0,0.0,0.0,0.0,0.0,0.0,0.0,0.0,0.0,0.0,-,0.0
2024,6,RR,RB,Jonathon Brooks,CAR,ATL,7,0.0,0.0,0.0,0.0,0.0,0.0,0.0,0.0,0.0,0.0,0.0,0.0,0.0,0.0,0.0,-,0.0
2024,6,RR,QB,Tua Tagovailoa,MIA,BYE,---,0.0,0.0,0.0,0.0,0.0,0.0,0.0,0.0,0.0,0.0,0.0,0.0,0.0,0.0,0.0,-,0.0
2024,6,RR,WR,Jordan Addison,MIN,BYE,---,0.0,0.0,0.0,0.0,0.0,0.0,0.0,0.0,0.0,0.0,0.0,0.0,0.0,0.0,0.0,-,0.0
2024,6,RR,WR,Jalen McMillan,TB,@NO,15,0.0,0.0,0.0,0.0,0.0,0.0,0.0,0.0,0.0,1.0,0.0,0.0,0.0,0.0,0.0,0,0.0
2024,6,RR,RB,Rachaad White,TB,@NO,27,0.0,0.0,0.0,0.0,0.0,0.0,0.0,0.0,0.0,0.0,0.0,0.0,0.0,0.0,0.0,-,0.0
2024,6,RR,DST,Steelers,PIT,@LV,29,,,,,,,,,,,,,,,,13,13.0
2024,6,SBS,QB,Jayden Daniels,WAS,@BAL,28,24.0,35.0,269.0,2.0,0.0,6.0,22.0,0.0,1.0,0.0,0.0,0.0,0.0,0.0,0.0,21.96,21.96
2024,6,SBS,QB,Lamar Jackson,BAL,WAS,22,20.0,26.0,323.0,1.0,1.0,11.0,40.0,0.0,3.0,0.0,0.0,0.0,0.0,0.0,0.0,21.92,21.92
2024,6,SBS,WR,Deebo Samuel,SF,@SEA,9,0.0,0.0,0.0,0.0,0.0,4.0,15.0,0.0,0.0,5.0,3.0,102.0,1.0,2.0,0.0,19.7,19.7
2024,6,SBS,WR,Stefon Diggs,HOU,@NE,17,0.0,0.0,0.0,0.0,0.0,0.0,0.0,0.0,0.0,7.0,6.0,77.0,1.0,5.0,0.0,18.7,18.7
2024,6,SBS,RB,Chuba Hubbard,CAR,ATL,7,0.0,0.0,0.0,0.0,0.0,18.0,92.0,0.0,6.0,6.0,5.0,11.0,0.0,1.0,0.0,17.3,17.3
2024,6,SBS,WR,Christian Watson,GB,ARI,26,0.0,0.0,0.0,0.0,0.0,0.0,0.0,0.0,0.0,4.0,3.0,68.0,1.0,3.0,0.0,15.8,15.8
2024,6,SBS,WR,Troy Franklin,DEN,LAC,5,0.0,0.0,0.0,0.0,0.0,1.0,5.0,0.0,0.0,3.0,2.0,31.0,1.0,2.0,0.0,11.6,11.6
2024,6,SBS,WR,Rashod Bateman,BAL,WAS,29,0.0,0.0,0.0,0.0,0.0,0.0,0.0,0.0,0.0,4.0,4.0,71.0,0.0,4.0,0.0,11.1,11.1
2024,6,SBS,TE,Zach Ertz,WAS,@BAL,30,0.0,0.0,0.0,0.0,0.0,0.0,0.0,0.0,0.0,5.0,4.0,68.0,0.0,4.0,0.0,10.8,10.8
2024,6,SBS,RB,Austin Ekeler,WAS,@BAL,3,0.0,0.0,0.0,0.0,0.0,9.0,21.0,0.0,0.0,5.0,4.0,47.0,0.0,2.0,0.0,8.8,8.8
2024,6,SBS,RB,Antonio Gibson,NE,HOU,6,0.0,0.0,0.0,0.0,0.0,13.0,19.0,0.0,0.0,4.0,3.0,24.0,0.0,3.0,0.0,7.3,7.3
2024,6,SBS,WR,Christian Kirk,JAC,@CHI,6,0.0,0.0,0.0,0.0,0.0,0.0,0.0,0.0,0.0,6.0,3.0,39.0,0.0,3.0,0.0,6.9,6.9
2024,6,SBS,WR,Andrei Iosivas,CIN,@NYG,12,0.0,0.0,0.0,0.0,0.0,0.0,0.0,0.0,0.0,3.0,2.0,36.0,0.0,1.0,0.0,4.6,4.6
2024,6,SBS,RB,Jerome Ford,CLE,@PHI,18,0.0,0.0,0.0,0.0,0.0,2.0,14.0,0.0,1.0,0.0,0.0,0.0,0.0,0.0,0.0,2.4,2.4
2024,6,SBS,WR,Alec Pierce,IND,@TEN,1,0.0,0.0,0.0,0.0,0.0,0.0,0.0,0.0,0.0,4.0,0.0,0.0,0.0,0.0,0.0,0,0.0
2024,6,SBS,RB,Jonathan Taylor,IND,@TEN,8,0.0,0.0,0.0,0.0,0.0,0.0,0.0,0.0,0.0,0.0,0.0,0.0,0.0,0.0,0.0,-,0.0
2024,6,SBS,RB,Jaylen Wright,MIA,BYE,---,0.0,0.0,0.0,0.0,0.0,0.0,0.0,0.0,0.0,0.0,0.0,0.0,0.0,0.0,0.0,-,0.0
2024,6,SBS,QB,Russell Wilson,PIT,@LV,24,0.0,0.0,0.0,0.0,0.0,0.0,0.0,0.0,0.0,0.0,0.0,0.0,0.0,0.0,0.0,-,0.0
2024,6,SBS,DST,Cowboys,DAL,DET,4,,,,,,,,,,,,,,,,0,0.0
2024,7,ABT,RB,Saquon Barkley,PHI,@NYG,15,0.0,0.0,0.0,0.0,0.0,17.0,176.0,1.0,6.0,3.0,2.0,11.0,0.0,0.0,0.0,30.70,30.7
2024,7,ABT,RB,Alexander Mattison,LV,@LAR,27,0.0,0.0,0.0,0.0,0.0,23.0,92.0,0.0,5.0,3.0,3.0,31.0,0.0,1.0,0.0,18.30,18.3
2024,7,ABT,TE,Hunter Henry,NE,@JAC,27,0.0,0.0,0.0,0.0,0.0,0.0,0.0,0.0,0.0,9.0,8.0,92.0,0.0,4.0,0.0,13.20,13.2
2024,7,ABT,RB,Chase Brown,CIN,@CLE,6,0.0,0.0,0.0,0.0,0.0,15.0,44.0,0.0,2.0,2.0,2.0,9.0,0.0,0.0,0.0,7.30,7.3
2024,7,ABT,RB,Alvin Kamara,NO,DEN,11,0.0,0.0,0.0,0.0,0.0,7.0,10.0,0.0,1.0,7.0,6.0,14.0,0.0,0.0,0.0,3.40,3.4
2024,7,ABT,WR,Josh Downs,IND,MIA,2,0.0,0.0,0.0,0.0,0.0,0.0,0.0,0.0,0.0,3.0,1.0,3.0,0.0,0.0,0.0,0.30,0.3
2024,7,ABT,QB,Andy Dalton,CAR,@WAS,14,11.0,16.0,93.0,0.0,2.0,2.0,3.0,0.0,0.0,0.0,0.0,0.0,0.0,0.0,0.0,0.02,0.02
2024,7,ABT,WR,Roman Wilson,PIT,NYJ,7,0.0,0.0,0.0,0.0,0.0,0.0,0.0,0.0,0.0,0.0,0.0,0.0,0.0,0.0,0.0,-,0.0
2024,7,ABT,WR,Chris Olave,NO,DEN,1,0.0,0.0,0.0,0.0,0.0,0.0,0.0,0.0,0.0,0.0,0.0,0.0,0.0,0.0,0.0,-,0.0
2024,7,ABT,WR,Puka Nacua,LAR,LV,9,0.0,0.0,0.0,0.0,0.0,0.0,0.0,0.0,0.0,0.0,0.0,0.0,0.0,0.0,0.0,-,0.0
2024,7,ABT,WR,Jermaine Burton,CIN,@CLE,28,0.0,0.0,0.0,0.0,0.0,0.0,0.0,0.0,0.0,0.0,0.0,0.0,0.0,0.0,0.0,0.00,0.0
2024,7,ABT,WR,DJ Moore,CHI,BYE,---,0.0,0.0,0.0,0.0,0.0,0.0,0.0,0.0,0.0,0.0,0.0,0.0,0.0,0.0,0.0,-,0.0
2024,7,ABT,QB,Caleb Williams,CHI,BYE,---,0.0,0.0,0.0,0.0,0.0,0.0,0.0,0.0,0.0,0.0,0.0,0.0,0.0,0.0,0.0,-,0.0
2024,7,ABT,WR,Keenan Allen,CHI,BYE,---,0.0,0.0,0.0,0.0,0.0,0.0,0.0,0.0,0.0,0.0,0.0,0.0,0.0,0.0,0.0,-,0.0
2024,7,ABT,TE,Jake Ferguson,DAL,BYE,---,0.0,0.0,0.0,0.0,0.0,0.0,0.0,0.0,0.0,0.0,0.0,0.0,0.0,0.0,0.0,-,0.0
2024,7,ABT,QB,Dak Prescott,DAL,BYE,---,0.0,0.0,0.0,0.0,0.0,0.0,0.0,0.0,0.0,0.0,0.0,0.0,0.0,0.0,0.0,-,0.0
2024,7,ABT,RB,Keaton Mitchell,BAL,@TB,17,0.0,0.0,0.0,0.0,0.0,0.0,0.0,0.0,0.0,0.0,0.0,0.0,0.0,0.0,0.0,-,0.0
2024,7,ABT,WR,JuJu Smith-Schuster,KC,@SF,12,0.0,0.0,0.0,0.0,0.0,0.0,0.0,0.0,0.0,0.0,0.0,0.0,0.0,0.0,0.0,0.00,0.0
2024,7,ABT,DST,Eagles,PHI,@NYG,26,,,,,,,,,,,,,,,,15.00,15.0
2024,7,CLC,RB,Javonte Williams,DEN,@NO,29,0.0,0.0,0.0,0.0,0.0,14.0,88.0,2.0,6.0,3.0,3.0,23.0,0.0,1.0,0.0,30.10,30.1
2024,7,CLC,RB,Breece Hall,NYJ,@PIT,8,0.0,0.0,0.0,0.0,0.0,12.0,38.0,1.0,2.0,9.0,6.0,103.0,0.0,3.0,0.0,25.10,25.1
2024,7,CLC,QB,Jordan Love,GB,HOU,24,24.0,33.0,220.0,3.0,2.0,0.0,0.0,0.0,0.0,0.0,0.0,0.0,0.0,0.0,0.0,16.80,16.8
2024,7,CLC,RB,Justice Hill,BAL,@TB,17,0.0,0.0,0.0,0.0,0.0,5.0,4.0,0.0,0.0,3.0,3.0,44.0,1.0,1.0,0.0,11.80,11.8
2024,7,CLC,RB,Jordan Mason,SF,KC,1,0.0,0.0,0.0,0.0,0.0,14.0,58.0,0.0,3.0,2.0,2.0,11.0,0.0,0.0,0.0,9.90,9.9
2024,7,CLC,WR,Darnell Mooney,ATL,SEA,11,0.0,0.0,0.0,0.0,0.0,0.0,0.0,0.0,0.0,8.0,5.0,46.0,0.0,4.0,0.0,8.60,8.6
2024,7,CLC,TE,Dalton Kincaid,BUF,TEN,3,0.0,0.0,0.0,0.0,0.0,0.0,0.0,0.0,0.0,6.0,3.0,52.0,0.0,3.0,0.0,8.20,8.2
2024,7,CLC,RB,Zack Moss,CIN,@CLE,6,0.0,0.0,0.0,0.0,0.0,6.0,7.0,0.0,0.0,3.0,3.0,33.0,0.0,2.0,0.0,6.00,6.0
2024,7,CLC,WR,Ricky Pearsall,SF,KC,4,0.0,0.0,0.0,0.0,0.0,0.0,0.0,0.0,0.0,5.0,3.0,21.0,0.0,1.0,0.0,3.10,3.1
2024,7,CLC,WR,Jaylen Waddle,MIA,@IND,16,0.0,0.0,0.0,0.0,0.0,0.0,0.0,0.0,0.0,2.0,1.0,11.0,0.0,0.0,0.0,1.10,1.1
2024,7,CLC,WR,Rome Odunze,CHI,BYE,---,0.0,0.0,0.0,0.0,0.0,0.0,0.0,0.0,0.0,0.0,0.0,0.0,0.0,0.0,0.0,-,0.0
2024,7,CLC,WR,Jalen Tolbert,DAL,BYE,---,0.0,0.0,0.0,0.0,0.0,0.0,0.0,0.0,0.0,0.0,0.0,0.0,0.0,0.0,0.0,-,0.0
2024,7,CLC,WR,Ja'Lynn Polk,NE,@JAC,29,0.0,0.0,0.0,0.0,0.0,0.0,0.0,0.0,0.0,3.0,0.0,0.0,0.0,0.0,0.0,0.00,0.0
2024,7,CLC,WR,Nico Collins,HOU,@GB,17,0.0,0.0,0.0,0.0,0.0,0.0,0.0,0.0,0.0,0.0,0.0,0.0,0.0,0.0,0.0,-,0.0
2024,7,CLC,WR,DeVonta Smith,PHI,@NYG,10,0.0,0.0,0.0,0.0,0.0,0.0,0.0,0.0,0.0,2.0,1.0,-2.0,0.0,0.0,0.0,0.00,0.0
2024,7,CLC,QB,Justin Fields,PIT,NYJ,6,0.0,0.0,0.0,0.0,0.0,0.0,0.0,0.0,0.0,0.0,0.0,0.0,0.0,0.0,0.0,-,0.0
2024,7,CLC,DST,Bears,CHI,BYE,---,,,,,,,,,,,,,,,,-,0.0
2024,7,CPC,RB,Derrick Henry,BAL,@TB,17,0.0,0.0,0.0,0.0,0.0,15.0,169.0,0.0,3.0,1.0,1.0,13.0,1.0,1.0,0.0,28.20,28.2
2024,7,CPC,QB,Drake Maye,NE,@JAC,32,26.0,37.0,276.0,2.0,0.0,3.0,18.0,0.0,1.0,0.0,0.0,0.0,0.0,0.0,0.0,21.84,21.84
2024,7,CPC,WR,Tee Higgins,CIN,@CLE,28,0.0,0.0,0.0,0.0,0.0,0.0,0.0,0.0,0.0,8.0,4.0,82.0,1.0,4.0,0.0,18.20,18.2
2024,7,CPC,RB,Brian Robinson,WAS,CAR,32,0.0,0.0,0.0,0.0,0.0,12.0,71.0,1.0,5.0,0.0,0.0,0.0,0.0,0.0,0.0,18.10,18.1
2024,7,CPC,QB,Sam Darnold,MIN,DET,15,22.0,27.0,259.0,1.0,1.0,4.0,39.0,0.0,1.0,0.0,0.0,0.0,0.0,0.0,0.0,17.26,17.26
2024,7,CPC,WR,Ja'Marr Chase,CIN,@CLE,28,0.0,0.0,0.0,0.0,0.0,1.0,11.0,0.0,1.0,6.0,5.0,55.0,1.0,2.0,0.0,15.60,15.6
2024,7,CPC,WR,Dontayvion Wicks,GB,HOU,23,0.0,0.0,0.0,0.0,0.0,0.0,0.0,0.0,0.0,6.0,3.0,48.0,1.0,2.0,0.0,12.80,12.8
2024,7,CPC,TE,George Kittle,SF,KC,32,0.0,0.0,0.0,0.0,0.0,0.0,0.0,0.0,0.0,7.0,6.0,92.0,0.0,3.0,0.0,12.20,12.2
2024,7,CPC,RB,JK Dobbins,LAC,@ARI,23,0.0,0.0,0.0,0.0,0.0,14.0,40.0,0.0,3.0,3.0,3.0,26.0,0.0,1.0,0.0,10.60,10.6
2024,7,CPC,RB,James Cook,BUF,TEN,10,0.0,0.0,0.0,0.0,0.0,12.0,32.0,1.0,1.0,0.0,0.0,0.0,0.0,0.0,0.0,10.20,10.2
2024,7,CPC,WR,Tyler Lockett,SEA,@ATL,21,0.0,0.0,0.0,0.0,0.0,0.0,0.0,0.0,0.0,6.0,4.0,45.0,0.0,4.0,0.0,8.50,8.5
2024,7,CPC,TE,Ja'Tavion Sanders,CAR,@WAS,15,0.0,0.0,0.0,0.0,0.0,0.0,0.0,0.0,0.0,6.0,6.0,61.0,0.0,2.0,0.0,8.10,8.1
2024,7,CPC,RB,Tony Pollard,TEN,@BUF,26,0.0,0.0,0.0,0.0,0.0,16.0,61.0,0.0,1.0,6.0,2.0,4.0,0.0,0.0,0.0,7.50,7.5
2024,7,CPC,WR,Ladd McConkey,LAC,@ARI,27,0.0,0.0,0.0,0.0,0.0,0.0,0.0,0.0,0.0,7.0,5.0,46.0,0.0,2.0,0.0,6.60,6.6
2024,7,CPC,WR,Tyreek Hill,MIA,@IND,16,0.0,0.0,0.0,0.0,0.0,1.0,5.0,0.0,0.0,2.0,1.0,8.0,0.0,0.0,0.0,1.30,1.3
2024,7,CPC,WR,Jakobi Meyers,LV,@LAR,15,0.0,0.0,0.0,0.0,0.0,0.0,0.0,0.0,0.0,0.0,0.0,0.0,0.0,0.0,0.0,-,0.0
2024,7,CPC,QB,Derek Carr,NO,DEN,4,0.0,0.0,0.0,0.0,0.0,0.0,0.0,0.0,0.0,0.0,0.0,0.0,0.0,0.0,0.0,-,0.0
2024,7,CPC,DST,Jets,NYJ,@PIT,4,,,,,,,,,,,,,,,,-3.00,-3.0
2024,7,DDD,RB,Jahmyr Gibbs,DET,@MIN,4,0.0,0.0,0.0,0.0,0.0,15.0,116.0,2.0,3.0,4.0,4.0,44.0,0.0,3.0,0.0,34.00,34.0
2024,7,DDD,RB,Tank Bigsby,JAC,NE,30,0.0,0.0,0.0,0.0,0.0,26.0,118.0,2.0,8.0,1.0,0.0,0.0,0.0,0.0,0.0,31.80,31.8
2024,7,DDD,RB,Kenneth Walker,SEA,@ATL,7,0.0,0.0,0.0,0.0,0.0,14.0,69.0,1.0,4.0,2.0,2.0,24.0,1.0,2.0,0.0,27.30,27.3
2024,7,DDD,QB,Jared Goff,DET,@MIN,9,22.0,25.0,280.0,2.0,0.0,2.0,-4.0,0.0,0.0,0.0,0.0,0.0,0.0,0.0,0.0,19.20,19.2
2024,7,DDD,RB,Bucky Irving,TB,BAL,9,0.0,0.0,0.0,0.0,0.0,9.0,23.0,1.0,2.0,3.0,3.0,54.0,0.0,3.0,0.0,18.70,18.7
2024,7,DDD,RB,De'Von Achane,MIA,@IND,22,0.0,0.0,0.0,0.0,0.0,15.0,77.0,0.0,3.0,3.0,2.0,8.0,0.0,0.0,0.0,11.50,11.5
2024,7,DDD,WR,Malik Nabers,NYG,PHI,24,0.0,0.0,0.0,0.0,0.0,0.0,0.0,0.0,0.0,8.0,4.0,41.0,0.0,4.0,0.0,8.10,8.1
2024,7,DDD,QB,Deshaun Watson,CLE,CIN,29,15.0,17.0,128.0,0.0,0.0,2.0,0.0,0.0,1.0,0.0,0.0,0.0,0.0,0.0,0.0,6.12,6.12
2024,7,DDD,WR,Zay Flowers,BAL,@TB,25,0.0,0.0,0.0,0.0,0.0,1.0,19.0,0.0,1.0,1.0,1.0,11.0,0.0,1.0,0.0,5.00,5.0
2024,7,DDD,WR,Adonai Mitchell,IND,MIA,2,0.0,0.0,0.0,0.0,0.0,0.0,0.0,0.0,0.0,3.0,2.0,30.0,0.0,2.0,0.0,5.00,5.0
2024,7,DDD,RB,Jaleel McLaughlin,DEN,@NO,29,0.0,0.0,0.0,0.0,0.0,4.0,35.0,0.0,1.0,0.0,0.0,0.0,0.0,0.0,0.0,4.50,4.5
2024,7,DDD,TE,Sam LaPorta,DET,@MIN,20,0.0,0.0,0.0,0.0,0.0,0.0,0.0,0.0,0.0,2.0,1.0,25.0,0.0,1.0,0.0,3.50,3.5
2024,7,DDD,WR,Dyami Brown,WAS,CAR,22,0.0,0.0,0.0,0.0,0.0,0.0,0.0,0.0,0.0,3.0,1.0,23.0,0.0,1.0,0.0,3.30,3.3
2024,7,DDD,RB,Kimani Vidal,LAC,@ARI,23,0.0,0.0,0.0,0.0,0.0,3.0,10.0,0.0,1.0,1.0,1.0,9.0,0.0,0.0,0.0,2.90,2.9
2024,7,DDD,TE,Mike Gesicki,CIN,@CLE,6,0.0,0.0,0.0,0.0,0.0,0.0,0.0,0.0,0.0,1.0,1.0,2.0,0.0,0.0,0.0,0.20,0.2
2024,7,DDD,WR,Quentin Johnston,LAC,@ARI,27,0.0,0.0,0.0,0.0,0.0,0.0,0.0,0.0,0.0,0.0,0.0,0.0,0.0,0.0,0.0,-,0.0
2024,7,DDD,WR,Tank Dell,HOU,@GB,17,0.0,0.0,0.0,0.0,0.0,0.0,0.0,0.0,0.0,4.0,0.0,0.0,0.0,0.0,0.0,0.00,0.0
2024,7,DDD,DST,Bengals,CIN,@CLE,29,,,,,,,,,,,,,,,,16.00,16.0
2024,7,LBC,QB,Bo Nix,DEN,@NO,7,16.0,26.0,164.0,0.0,0.0,10.0,75.0,0.0,4.0,0.0,0.0,0.0,0.0,0.0,0.0,18.06,18.06
2024,7,LBC,WR,Drake London,ATL,SEA,11,0.0,0.0,0.0,0.0,0.0,0.0,0.0,0.0,0.0,8.0,6.0,63.0,1.0,5.0,0.0,17.30,17.3
2024,7,LBC,TE,Brock Bowers,LV,@LAR,31,0.0,0.0,0.0,0.0,0.0,0.0,0.0,0.0,0.0,14.0,10.0,93.0,0.0,6.0,0.0,15.30,15.3
2024,7,LBC,QB,Aaron Rodgers,NYJ,@PIT,3,24.0,39.0,276.0,1.0,2.0,0.0,0.0,0.0,0.0,0.0,0.0,0.0,0.0,0.0,0.0,13.04,13.04
2024,7,LBC,QB,Anthony Richardson,IND,MIA,1,10.0,24.0,129.0,0.0,0.0,14.0,56.0,0.0,3.0,0.0,0.0,0.0,0.0,0.0,1.0,11.76,11.76
2024,7,LBC,TE,Trey McBride,ARI,LAC,13,0.0,0.0,0.0,0.0,0.0,0.0,0.0,0.0,0.0,7.0,5.0,51.0,0.0,4.0,0.0,9.10,9.1
2024,7,LBC,WR,Michael Pittman,IND,MIA,2,0.0,0.0,0.0,0.0,0.0,0.0,0.0,0.0,0.0,5.0,3.0,63.0,0.0,2.0,0.0,8.30,8.3
2024,7,LBC,TE,Evan Engram,JAC,NE,12,0.0,0.0,0.0,0.0,0.0,0.0,0.0,0.0,0.0,5.0,5.0,35.0,0.0,2.0,0.0,5.50,5.5
2024,7,LBC,RB,Raheem Mostert,MIA,@IND,22,0.0,0.0,0.0,0.0,0.0,11.0,50.0,0.0,2.0,0.0,0.0,0.0,0.0,0.0,1.0,5.00,5.0
2024,7,LBC,RB,Rhamondre Stevenson,NE,@JAC,21,0.0,0.0,0.0,0.0,0.0,7.0,18.0,0.0,1.0,3.0,2.0,7.0,0.0,0.0,0.0,3.50,3.5
2024,7,LBC,WR,Brandon Aiyuk,SF,KC,4,0.0,0.0,0.0,0.0,0.0,0.0,0.0,0.0,0.0,6.0,2.0,23.0,0.0,1.0,0.0,3.30,3.3
2024,7,LBC,WR,Jerry Jeudy,CLE,CIN,14,0.0,0.0,0.0,0.0,0.0,0.0,0.0,0.0,0.0,5.0,1.0,18.0,0.0,1.0,0.0,2.80,2.8
2024,7,LBC,WR,Michael Wilson,ARI,LAC,3,0.0,0.0,0.0,0.0,0.0,0.0,0.0,0.0,0.0,3.0,1.0,15.0,0.0,1.0,0.0,2.50,2.5
2024,7,LBC,WR,Jaxon Smith-Njigba,SEA,@ATL,21,1.0,1.0,35.0,0.0,0.0,0.0,0.0,0.0,0.0,6.0,3.0,9.0,0.0,0.0,0.0,2.30,2.3
2024,7,LBC,RB,Isiah Pacheco,KC,@SF,16,0.0,0.0,0.0,0.0,0.0,0.0,0.0,0.0,0.0,0.0,0.0,0.0,0.0,0.0,0.0,-,0.0
2024,7,LBC,RB,Travis Etienne,JAC,NE,30,0.0,0.0,0.0,0.0,0.0,0.0,0.0,0.0,0.0,0.0,0.0,0.0,0.0,0.0,0.0,-,0.0
2024,7,LBC,WR,Devontez Walker,BAL,@TB,25,0.0,0.0,0.0,0.0,0.0,0.0,0.0,0.0,0.0,0.0,0.0,0.0,0.0,0.0,0.0,0.00,0.0
2024,7,LBC,WR,Jordan Whittington,LAR,LV,9,0.0,0.0,0.0,0.0,0.0,0.0,0.0,0.0,0.0,0.0,0.0,0.0,0.0,0.0,0.0,0.00,0.0
2024,7,LBC,DST,Broncos,DEN,@NO,28,,,,,,,,,,,,,,,,21.00,21.0
2024,7,LC,QB,Jalen Hurts,PHI,@NYG,25,10.0,14.0,114.0,1.0,0.0,7.0,22.0,2.0,4.0,0.0,0.0,0.0,0.0,0.0,0.0,26.76,26.76
2024,7,LC,RB,James Conner,ARI,LAC,3,0.0,0.0,0.0,0.0,0.0,19.0,101.0,0.0,7.0,4.0,2.0,51.0,0.0,2.0,0.0,24.20,24.2
2024,7,LC,WR,DK Metcalf,SEA,@ATL,21,0.0,0.0,0.0,0.0,0.0,0.0,0.0,0.0,0.0,7.0,4.0,99.0,1.0,3.0,0.0,18.90,18.9
2024,7,LC,QB,Patrick Mahomes,KC,@SF,12,16.0,27.0,154.0,0.0,2.0,5.0,39.0,1.0,3.0,0.0,0.0,0.0,0.0,0.0,0.0,15.06,15.06
2024,7,LC,WR,Allen Lazard,NYJ,@PIT,13,0.0,0.0,0.0,0.0,0.0,0.0,0.0,0.0,0.0,4.0,4.0,58.0,0.0,4.0,0.0,9.80,9.8
2024,7,LC,RB,Jaylen Warren,PIT,NYJ,13,0.0,0.0,0.0,0.0,0.0,12.0,44.0,0.0,2.0,3.0,2.0,15.0,0.0,1.0,0.0,8.90,8.9
2024,7,LC,TE,Ben Sinnott,WAS,CAR,30,0.0,0.0,0.0,0.0,0.0,0.0,0.0,0.0,0.0,2.0,2.0,6.0,1.0,1.0,0.0,7.60,7.6
2024,7,LC,RB,Tyler Allgeier,ATL,SEA,25,0.0,0.0,0.0,0.0,0.0,5.0,36.0,0.0,2.0,1.0,1.0,9.0,0.0,0.0,0.0,6.50,6.5
2024,7,LC,WR,Xavier Worthy,KC,@SF,12,0.0,0.0,0.0,0.0,0.0,1.0,5.0,0.0,0.0,8.0,3.0,19.0,0.0,2.0,0.0,4.40,4.4
2024,7,LC,TE,Dalton Schultz,HOU,@GB,22,0.0,0.0,0.0,0.0,0.0,0.0,0.0,0.0,0.0,2.0,1.0,28.0,0.0,1.0,0.0,3.80,3.8
2024,7,LC,RB,Jamaal Williams,NO,DEN,11,0.0,0.0,0.0,0.0,0.0,3.0,17.0,0.0,2.0,0.0,0.0,0.0,0.0,0.0,0.0,3.70,3.7
2024,7,LC,TE,Juwan Johnson,NO,DEN,17,0.0,0.0,0.0,0.0,0.0,0.0,0.0,0.0,0.0,6.0,3.0,18.0,0.0,1.0,0.0,2.80,2.8
2024,7,LC,RB,Zach Charbonnet,SEA,@ATL,7,0.0,0.0,0.0,0.0,0.0,7.0,14.0,0.0,1.0,1.0,1.0,-5.0,0.0,0.0,0.0,2.40,2.4
2024,7,LC,WR,Xavier Legette,CAR,@WAS,26,0.0,0.0,0.0,0.0,0.0,1.0,6.0,0.0,1.0,3.0,2.0,3.0,0.0,0.0,0.0,1.90,1.9
2024,7,LC,WR,DeAndre Hopkins,TEN,@BUF,8,0.0,0.0,0.0,0.0,0.0,0.0,0.0,0.0,0.0,1.0,1.0,-2.0,0.0,1.0,0.0,1.00,1.0
2024,7,LC,RB,Jeff Wilson,MIA,@IND,22,0.0,0.0,0.0,0.0,0.0,0.0,0.0,0.0,0.0,0.0,0.0,0.0,0.0,0.0,0.0,-,0.0
2024,7,LC,WR,Rashid Shaheed,NO,DEN,1,0.0,0.0,0.0,0.0,0.0,0.0,0.0,0.0,0.0,0.0,0.0,0.0,0.0,0.0,0.0,-,0.0
2024,7,LC,QB,Gardner Minshew,LV,@LAR,16,15.0,34.0,154.0,0.0,3.0,1.0,2.0,0.0,1.0,0.0,0.0,0.0,0.0,0.0,1.0,-0.64,-0.64
2024,7,LC,DST,49ers,SF,KC,8,,,,,,,,,,,,,,,,6.00,6.0
2024,7,MB,RB,Bijan Robinson,ATL,SEA,25,0.0,0.0,0.0,0.0,0.0,21.0,103.0,1.0,5.0,5.0,3.0,40.0,0.0,1.0,0.0,26.30,26.3
2024,7,MB,WR,Amon-Ra St Brown,DET,@MIN,32,0.0,0.0,0.0,0.0,0.0,0.0,0.0,0.0,0.0,8.0,8.0,112.0,1.0,7.0,0.0,24.20,24.2
2024,7,MB,RB,Aaron Jones,MIN,DET,2,0.0,0.0,0.0,0.0,0.0,14.0,93.0,1.0,3.0,3.0,3.0,23.0,0.0,2.0,0.0,22.60,22.6
2024,7,MB,QB,Kyler Murray,ARI,LAC,11,14.0,26.0,145.0,1.0,1.0,6.0,64.0,1.0,2.0,0.0,0.0,0.0,0.0,0.0,0.0,22.20,22.2
2024,7,MB,TE,Mark Andrews,BAL,@TB,24,0.0,0.0,0.0,0.0,0.0,0.0,0.0,0.0,0.0,4.0,4.0,41.0,2.0,3.0,0.0,19.10,19.1
2024,7,MB,RB,Ray Davis,BUF,TEN,10,0.0,0.0,0.0,0.0,0.0,5.0,41.0,1.0,2.0,1.0,1.0,6.0,0.0,0.0,0.0,12.70,12.7
2024,7,MB,WR,Josh Palmer,LAC,@ARI,27,0.0,0.0,0.0,0.0,0.0,0.0,0.0,0.0,0.0,5.0,4.0,63.0,0.0,3.0,0.0,9.30,9.3
2024,7,MB,WR,Tutu Atwell,LAR,LV,9,0.0,0.0,0.0,0.0,0.0,0.0,0.0,0.0,0.0,9.0,6.0,51.0,0.0,3.0,0.0,8.10,8.1
2024,7,MB,RB,Tyrone Tracy,NYG,PHI,12,0.0,0.0,0.0,0.0,0.0,6.0,23.0,0.0,2.0,3.0,3.0,9.0,0.0,0.0,0.0,5.20,5.2
2024,7,MB,QB,Matthew Stafford,LAR,LV,20,14.0,23.0,154.0,0.0,1.0,2.0,-2.0,0.0,0.0,0.0,0.0,0.0,0.0,0.0,0.0,4.16,4.16
2024,7,MB,WR,Marvin Harrison,ARI,LAC,3,0.0,0.0,0.0,0.0,0.0,0.0,0.0,0.0,0.0,6.0,3.0,21.0,0.0,2.0,0.0,4.10,4.1
2024,7,MB,TE,Travis Kelce,KC,@SF,16,0.0,0.0,0.0,0.0,0.0,0.0,0.0,0.0,0.0,5.0,4.0,17.0,0.0,2.0,0.0,3.70,3.7
2024,7,MB,RB,Zamir White,LV,@LAR,27,0.0,0.0,0.0,0.0,0.0,3.0,13.0,0.0,0.0,1.0,1.0,14.0,0.0,1.0,0.0,3.70,3.7
2024,7,MB,RB,Isaac Guerendo,SF,KC,1,0.0,0.0,0.0,0.0,0.0,1.0,2.0,0.0,0.0,1.0,1.0,5.0,0.0,1.0,0.0,1.70,1.7
2024,7,MB,RB,Khalil Herbert,CHI,BYE,---,0.0,0.0,0.0,0.0,0.0,0.0,0.0,0.0,0.0,0.0,0.0,0.0,0.0,0.0,0.0,-,0.0
2024,7,MB,WR,Cooper Kupp,LAR,LV,9,0.0,0.0,0.0,0.0,0.0,0.0,0.0,0.0,0.0,0.0,0.0,0.0,0.0,0.0,0.0,-,0.0
2024,7,MB,QB,Will Levis,TEN,@BUF,10,0.0,0.0,0.0,0.0,0.0,0.0,0.0,0.0,0.0,0.0,0.0,0.0,0.0,0.0,0.0,-,0.0
2024,7,MB,RB,Cam Akers,MIN,DET,2,0.0,0.0,0.0,0.0,0.0,0.0,0.0,0.0,0.0,0.0,0.0,0.0,0.0,0.0,0.0,0.00,0.0
2024,7,MB,DST,Buccaneers,TB,BAL,2,,,,,,,,,,,,,,,,0.00,0.0
2024,7,NBB,WR,Brian Thomas,JAC,NE,20,0.0,0.0,0.0,0.0,0.0,2.0,2.0,0.0,0.0,5.0,5.0,89.0,1.0,4.0,0.0,21.10,21.1
2024,7,NBB,QB,Josh Allen,BUF,TEN,19,21.0,33.0,323.0,2.0,0.0,3.0,1.0,0.0,0.0,0.0,0.0,0.0,0.0,0.0,0.0,21.02,21.02
2024,7,NBB,TE,David Njoku,CLE,CIN,29,0.0,0.0,0.0,0.0,0.0,0.0,0.0,0.0,0.0,14.0,10.0,76.0,1.0,4.0,0.0,17.60,17.6
2024,7,NBB,QB,Trevor Lawrence,JAC,NE,13,15.0,20.0,193.0,1.0,0.0,2.0,13.0,0.0,2.0,0.0,0.0,0.0,0.0,0.0,0.0,17.02,17.02
2024,7,NBB,WR,Terry McLaurin,WAS,CAR,22,0.0,0.0,0.0,0.0,0.0,0.0,0.0,0.0,0.0,6.0,6.0,98.0,0.0,5.0,0.0,14.80,14.8
2024,7,NBB,RB,Nick Chubb,CLE,CIN,18,0.0,0.0,0.0,0.0,0.0,11.0,22.0,1.0,1.0,3.0,1.0,10.0,0.0,1.0,0.0,11.20,11.2
2024,7,NBB,WR,Mike Evans,TB,BAL,31,0.0,0.0,0.0,0.0,0.0,0.0,0.0,0.0,0.0,3.0,1.0,25.0,1.0,1.0,0.0,9.50,9.5
2024,7,NBB,WR,Chris Godwin,TB,BAL,31,0.0,0.0,0.0,0.0,0.0,0.0,0.0,0.0,0.0,9.0,7.0,65.0,0.0,3.0,0.0,9.50,9.5
2024,7,NBB,WR,Khalil Shakir,BUF,TEN,5,0.0,0.0,0.0,0.0,0.0,0.0,0.0,0.0,0.0,7.0,7.0,65.0,0.0,2.0,0.0,8.50,8.5
2024,7,NBB,TE,Kyle Pitts,ATL,SEA,25,0.0,0.0,0.0,0.0,0.0,0.0,0.0,0.0,0.0,9.0,7.0,65.0,0.0,2.0,0.0,8.50,8.5
2024,7,NBB,WR,Gabe Davis,JAC,NE,20,0.0,0.0,0.0,0.0,0.0,0.0,0.0,0.0,0.0,2.0,1.0,13.0,0.0,1.0,0.0,2.30,2.3
2024,7,NBB,RB,Blake Corum,LAR,LV,24,0.0,0.0,0.0,0.0,0.0,3.0,11.0,0.0,1.0,0.0,0.0,0.0,0.0,0.0,0.0,2.10,2.1
2024,7,NBB,RB,Will Shipley,PHI,@NYG,15,0.0,0.0,0.0,0.0,0.0,8.0,15.0,0.0,0.0,0.0,0.0,0.0,0.0,0.0,0.0,1.50,1.5
2024,7,NBB,WR,Jayden Reed,GB,HOU,23,0.0,0.0,0.0,0.0,0.0,1.0,0.0,0.0,0.0,4.0,2.0,10.0,0.0,0.0,0.0,1.00,1.0
2024,7,NBB,RB,Ty Chandler,MIN,DET,2,0.0,0.0,0.0,0.0,0.0,2.0,4.0,0.0,0.0,0.0,0.0,0.0,0.0,0.0,0.0,0.40,0.4
2024,7,NBB,WR,Jameson Williams,DET,@MIN,32,0.0,0.0,0.0,0.0,0.0,0.0,0.0,0.0,0.0,1.0,1.0,-4.0,0.0,0.0,0.0,0.00,0.0
2024,7,NBB,TE,Dallas Goedert,PHI,@NYG,4,0.0,0.0,0.0,0.0,0.0,0.0,0.0,0.0,0.0,0.0,0.0,0.0,0.0,0.0,0.0,-,0.0
2024,7,NBB,RB,Gus Edwards,LAC,@ARI,23,0.0,0.0,0.0,0.0,0.0,0.0,0.0,0.0,0.0,0.0,0.0,0.0,0.0,0.0,0.0,-,0.0
2024,7,NBB,RB,D'Andre Swift,CHI,BYE,---,0.0,0.0,0.0,0.0,0.0,0.0,0.0,0.0,0.0,0.0,0.0,0.0,0.0,0.0,0.0,-,0.0
2024,7,NBB,DST,Bills,BUF,TEN,31,,,,,,,,,,,,,,,,12.00,12.0
2024,7,PCP,RB,Kyren Williams,LAR,LV,24,0.0,0.0,0.0,0.0,0.0,21.0,76.0,2.0,5.0,0.0,0.0,0.0,0.0,0.0,0.0,24.60,24.6
2024,7,PCP,WR,AJ Brown,PHI,@NYG,10,0.0,0.0,0.0,0.0,0.0,0.0,0.0,0.0,0.0,5.0,5.0,89.0,1.0,5.0,0.0,19.90,19.9
2024,7,PCP,QB,Geno Smith,SEA,@ATL,22,18.0,28.0,207.0,2.0,0.0,4.0,15.0,0.0,0.0,0.0,0.0,0.0,0.0,0.0,0.0,17.78,17.78
2024,7,PCP,WR,Keon Coleman,BUF,TEN,5,0.0,0.0,0.0,0.0,0.0,0.0,0.0,0.0,0.0,7.0,4.0,125.0,0.0,4.0,0.0,16.50,16.5
2024,7,PCP,QB,Joe Burrow,CIN,@CLE,17,15.0,25.0,181.0,2.0,0.0,3.0,-3.0,0.0,0.0,0.0,0.0,0.0,0.0,0.0,0.0,15.24,15.24
2024,7,PCP,WR,Garrett Wilson,NYJ,@PIT,13,0.0,0.0,0.0,0.0,0.0,0.0,0.0,0.0,0.0,9.0,5.0,61.0,0.0,3.0,0.0,11.10,11.1
2024,7,PCP,TE,Pat Freiermuth,PIT,NYJ,8,0.0,0.0,0.0,0.0,0.0,0.0,0.0,0.0,0.0,3.0,2.0,51.0,0.0,2.0,0.0,7.10,7.1
2024,7,PCP,QB,Daniel Jones,NYG,PHI,8,14.0,21.0,99.0,0.0,0.0,5.0,20.0,0.0,1.0,0.0,0.0,0.0,0.0,0.0,0.0,6.96,6.96
2024,7,PCP,RB,Braelon Allen,NYJ,@PIT,8,0.0,0.0,0.0,0.0,0.0,2.0,4.0,0.0,0.0,1.0,1.0,2.0,0.0,0.0,0.0,0.60,0.6
2024,7,PCP,RB,Dameon Pierce,HOU,@GB,19,0.0,0.0,0.0,0.0,0.0,2.0,2.0,0.0,0.0,0.0,0.0,0.0,0.0,0.0,0.0,0.20,0.2
2024,7,PCP,TE,TJ Hockenson,MIN,DET,5,0.0,0.0,0.0,0.0,0.0,0.0,0.0,0.0,0.0,0.0,0.0,0.0,0.0,0.0,0.0,-,0.0
2024,7,PCP,RB,Rico Dowdle,DAL,BYE,---,0.0,0.0,0.0,0.0,0.0,0.0,0.0,0.0,0.0,0.0,0.0,0.0,0.0,0.0,0.0,-,0.0
2024,7,PCP,TE,Luke Musgrave,GB,HOU,7,0.0,0.0,0.0,0.0,0.0,0.0,0.0,0.0,0.0,0.0,0.0,0.0,0.0,0.0,0.0,-,0.0
2024,7,PCP,WR,CeeDee Lamb,DAL,BYE,---,0.0,0.0,0.0,0.0,0.0,0.0,0.0,0.0,0.0,0.0,0.0,0.0,0.0,0.0,0.0,-,0.0
2024,7,PCP,RB,Ezekiel Elliott,DAL,BYE,---,0.0,0.0,0.0,0.0,0.0,0.0,0.0,0.0,0.0,0.0,0.0,0.0,0.0,0.0,0.0,-,0.0
2024,7,PCP,RB,Tyjae Spears,TEN,@BUF,26,0.0,0.0,0.0,0.0,0.0,0.0,0.0,0.0,0.0,0.0,0.0,0.0,0.0,0.0,0.0,-,0.0
2024,7,PCP,RB,Trey Benson,ARI,LAC,3,0.0,0.0,0.0,0.0,0.0,0.0,0.0,0.0,0.0,0.0,0.0,0.0,0.0,0.0,0.0,0.00,0.0
2024,7,PCP,WR,Rashee Rice,KC,@SF,12,0.0,0.0,0.0,0.0,0.0,0.0,0.0,0.0,0.0,0.0,0.0,0.0,0.0,0.0,0.0,-,0.0
2024,7,PCP,DST,Ravens,BAL,@TB,14,,,,,,,,,,,,,,,,6.00,6.0
2024,7,PP,QB,Brock Purdy,SF,KC,21,17.0,31.0,212.0,0.0,3.0,8.0,27.0,2.0,4.0,0.0,0.0,0.0,0.0,0.0,0.0,21.18,21.18
2024,7,PP,RB,Josh Jacobs,GB,HOU,5,0.0,0.0,0.0,0.0,0.0,12.0,76.0,0.0,3.0,5.0,5.0,16.0,1.0,1.0,0.0,19.20,19.2
2024,7,PP,WR,Amari Cooper,BUF,TEN,5,0.0,0.0,0.0,0.0,0.0,0.0,0.0,0.0,0.0,5.0,4.0,66.0,1.0,4.0,0.0,16.60,16.6
2024,7,PP,WR,Romeo Doubs,GB,HOU,23,0.0,0.0,0.0,0.0,0.0,0.0,0.0,0.0,0.0,10.0,8.0,94.0,0.0,6.0,0.0,15.40,15.4
2024,7,PP,QB,Justin Herbert,LAC,@ARI,28,27.0,39.0,349.0,0.0,0.0,2.0,8.0,0.0,0.0,0.0,0.0,0.0,0.0,0.0,0.0,14.76,14.76
2024,7,PP,TE,Tucker Kraft,GB,HOU,7,0.0,0.0,0.0,0.0,0.0,0.0,0.0,0.0,0.0,4.0,3.0,33.0,1.0,2.0,0.0,11.30,11.3
2024,7,PP,QB,Kirk Cousins,ATL,SEA,18,24.0,35.0,232.0,1.0,2.0,1.0,-1.0,0.0,0.0,0.0,0.0,0.0,0.0,0.0,1.0,7.28,7.28
2024,7,PP,RB,David Montgomery,DET,@MIN,4,0.0,0.0,0.0,0.0,0.0,9.0,31.0,0.0,0.0,4.0,3.0,39.0,0.0,1.0,1.0,6.00,6.0
2024,7,PP,WR,Calvin Ridley,TEN,@BUF,8,0.0,0.0,0.0,0.0,0.0,0.0,0.0,0.0,0.0,9.0,3.0,42.0,0.0,1.0,0.0,5.20,5.2
2024,7,PP,WR,Davante Adams,NYJ,@PIT,13,0.0,0.0,0.0,0.0,0.0,0.0,0.0,0.0,0.0,9.0,3.0,30.0,0.0,1.0,0.0,4.00,4.0
2024,7,PP,TE,Isaiah Likely,BAL,@TB,24,0.0,0.0,0.0,0.0,0.0,0.0,0.0,0.0,0.0,4.0,2.0,17.0,0.0,2.0,0.0,3.70,3.7
2024,7,PP,WR,Demario Douglas,NE,@JAC,29,0.0,0.0,0.0,0.0,0.0,0.0,0.0,0.0,0.0,3.0,2.0,14.0,0.0,1.0,0.0,2.40,2.4
2024,7,PP,WR,Wan'Dale Robinson,NYG,PHI,24,0.0,0.0,0.0,0.0,0.0,0.0,0.0,0.0,0.0,9.0,6.0,23.0,0.0,0.0,0.0,2.30,2.3
2024,7,PP,RB,Devin Singletary,NYG,PHI,12,0.0,0.0,0.0,0.0,0.0,5.0,18.0,0.0,0.0,1.0,1.0,3.0,0.0,0.0,0.0,2.10,2.1
2024,7,PP,TE,Mark Andrews Dead Cap,BAL,0,0,0.0,0.0,0.0,0.0,0.0,0.0,0.0,0.0,0.0,0.0,0.0,0.0,0.0,0.0,0.0,-,0.0
2024,7,PP,RB,MarShawn Lloyd,GB,HOU,5,0.0,0.0,0.0,0.0,0.0,0.0,0.0,0.0,0.0,0.0,0.0,0.0,0.0,0.0,0.0,-,0.0
2024,7,PP,WR,Malachi Corley,NYJ,@PIT,13,0.0,0.0,0.0,0.0,0.0,0.0,0.0,0.0,0.0,0.0,0.0,0.0,0.0,0.0,0.0,-,0.0
2024,7,PP,QB,JJ McCarthy,MIN,DET,15,0.0,0.0,0.0,0.0,0.0,0.0,0.0,0.0,0.0,0.0,0.0,0.0,0.0,0.0,0.0,-,0.0
2024,7,PP,WR,Jauan Jennings,SF,KC,4,0.0,0.0,0.0,0.0,0.0,0.0,0.0,0.0,0.0,0.0,0.0,0.0,0.0,0.0,0.0,-,0.0
2024,7,PP,WR,Courtland Sutton,DEN,@NO,18,0.0,0.0,0.0,0.0,0.0,0.0,0.0,0.0,0.0,0.0,0.0,0.0,0.0,0.0,0.0,0.00,0.0
2024,7,PP,RB,Christian McCaffrey,SF,KC,1,0.0,0.0,0.0,0.0,0.0,0.0,0.0,0.0,0.0,0.0,0.0,0.0,0.0,0.0,0.0,-,0.0
2024,7,PP,DST,Rams,LAR,LV,30,,,,,,,,,,,,,,,,17.00,17.0
2024,7,RR,RB,Joe Mixon,HOU,@GB,19,0.0,0.0,0.0,0.0,0.0,25.0,115.0,2.0,6.0,3.0,2.0,9.0,0.0,1.0,0.0,31.40,31.4
2024,7,RR,RB,Rachaad White,TB,BAL,9,0.0,0.0,0.0,0.0,0.0,10.0,40.0,0.0,2.0,6.0,6.0,71.0,2.0,4.0,0.0,29.10,29.1
2024,7,RR,QB,Baker Mayfield,TB,BAL,30,31.0,45.0,370.0,3.0,2.0,5.0,22.0,0.0,1.0,0.0,0.0,0.0,0.0,0.0,0.0,28.00,28.0
2024,7,RR,RB,Kareem Hunt,KC,@SF,16,0.0,0.0,0.0,0.0,0.0,22.0,78.0,2.0,5.0,2.0,2.0,5.0,0.0,1.0,0.0,26.30,26.3
2024,7,RR,WR,George Pickens,PIT,NYJ,7,0.0,0.0,0.0,0.0,0.0,0.0,0.0,0.0,0.0,9.0,5.0,111.0,1.0,4.0,0.0,21.10,21.1
2024,7,RR,RB,Najee Harris,PIT,NYJ,13,0.0,0.0,0.0,0.0,0.0,21.0,102.0,1.0,4.0,1.0,0.0,0.0,0.0,0.0,0.0,20.20,20.2
2024,7,RR,WR,Justin Jefferson,MIN,DET,30,0.0,0.0,0.0,0.0,0.0,1.0,3.0,0.0,0.0,8.0,7.0,81.0,1.0,4.0,0.0,18.40,18.4
2024,7,RR,TE,Cade Otton,TB,BAL,26,0.0,0.0,0.0,0.0,0.0,0.0,0.0,0.0,0.0,10.0,8.0,100.0,0.0,4.0,0.0,14.00,14.0
2024,7,RR,QB,Spencer Rattler,NO,DEN,4,25.0,35.0,172.0,0.0,0.0,5.0,34.0,0.0,2.0,0.0,0.0,0.0,0.0,0.0,2.0,8.28,8.28
2024,7,RR,WR,Jordan Addison,MIN,DET,30,0.0,0.0,0.0,0.0,0.0,0.0,0.0,0.0,0.0,4.0,3.0,66.0,0.0,1.0,0.0,7.60,7.6
2024,7,RR,QB,CJ Stroud,HOU,@GB,5,10.0,21.0,86.0,0.0,0.0,5.0,19.0,0.0,2.0,0.0,0.0,0.0,0.0,0.0,0.0,7.34,7.34
2024,7,RR,WR,Jalen McMillan,TB,BAL,31,0.0,0.0,0.0,0.0,0.0,1.0,11.0,0.0,1.0,8.0,3.0,15.0,0.0,1.0,0.0,4.60,4.6
2024,7,RR,WR,Diontae Johnson,CAR,@WAS,26,0.0,0.0,0.0,0.0,0.0,0.0,0.0,0.0,0.0,3.0,1.0,17.0,0.0,1.0,0.0,2.70,2.7
2024,7,RR,QB,Michael Penix,ATL,SEA,18,1.0,1.0,14.0,0.0,0.0,0.0,0.0,0.0,0.0,0.0,0.0,0.0,0.0,0.0,0.0,0.56,0.56
2024,7,RR,TE,Cole Kmet,CHI,BYE,---,0.0,0.0,0.0,0.0,0.0,0.0,0.0,0.0,0.0,0.0,0.0,0.0,0.0,0.0,0.0,-,0.0
2024,7,RR,RB,Jonathon Brooks,CAR,@WAS,20,0.0,0.0,0.0,0.0,0.0,0.0,0.0,0.0,0.0,0.0,0.0,0.0,0.0,0.0,0.0,-,0.0
2024,7,RR,QB,Tua Tagovailoa,MIA,@IND,23,0.0,0.0,0.0,0.0,0.0,0.0,0.0,0.0,0.0,0.0,0.0,0.0,0.0,0.0,0.0,-,0.0
2024,7,RR,TE,Taysom Hill,NO,DEN,17,0.0,0.0,0.0,0.0,0.0,0.0,0.0,0.0,0.0,0.0,0.0,0.0,0.0,0.0,0.0,-,0.0
2024,7,RR,DST,Steelers,PIT,NYJ,21,,,,,,,,,,,,,,,,7.00,7.0
2024,7,SBS,QB,Lamar Jackson,BAL,@TB,31,17.0,22.0,281.0,5.0,0.0,9.0,52.0,0.0,3.0,0.0,0.0,0.0,0.0,0.0,1.0,37.44,37.44
2024,7,SBS,QB,Russell Wilson,PIT,NYJ,6,16.0,29.0,264.0,2.0,0.0,3.0,3.0,1.0,2.0,0.0,0.0,0.0,0.0,0.0,0.0,26.86,26.86
2024,7,SBS,WR,Rashod Bateman,BAL,@TB,25,0.0,0.0,0.0,0.0,0.0,0.0,0.0,0.0,0.0,4.0,4.0,121.0,1.0,3.0,0.0,21.10,21.1
2024,7,SBS,RB,Chuba Hubbard,CAR,@WAS,20,0.0,0.0,0.0,0.0,0.0,17.0,52.0,1.0,2.0,0.0,0.0,0.0,0.0,0.0,0.0,13.20,13.2
2024,7,SBS,TE,Zach Ertz,WAS,CAR,30,0.0,0.0,0.0,0.0,0.0,0.0,0.0,0.0,0.0,5.0,4.0,40.0,1.0,2.0,0.0,12.00,12.0
2024,7,SBS,WR,Troy Franklin,DEN,@NO,18,0.0,0.0,0.0,0.0,0.0,0.0,0.0,0.0,0.0,6.0,5.0,50.0,0.0,2.0,0.0,7.00,7.0
2024,7,SBS,QB,Jayden Daniels,WAS,CAR,26,2.0,2.0,6.0,0.0,0.0,3.0,50.0,0.0,1.0,0.0,0.0,0.0,0.0,0.0,0.0,6.24,6.24
2024,7,SBS,WR,Stefon Diggs,HOU,@GB,17,0.0,0.0,0.0,0.0,0.0,0.0,0.0,0.0,0.0,7.0,5.0,23.0,0.0,3.0,0.0,5.30,5.3
2024,7,SBS,RB,Jaylen Wright,MIA,@IND,22,0.0,0.0,0.0,0.0,0.0,5.0,33.0,0.0,1.0,0.0,0.0,0.0,0.0,0.0,0.0,4.30,4.3
2024,7,SBS,WR,Christian Kirk,JAC,NE,20,0.0,0.0,0.0,0.0,0.0,0.0,0.0,0.0,0.0,3.0,1.0,24.0,0.0,1.0,0.0,3.40,3.4
2024,7,SBS,WR,Alec Pierce,IND,MIA,2,0.0,0.0,0.0,0.0,0.0,0.0,0.0,0.0,0.0,5.0,2.0,15.0,0.0,1.0,0.0,2.50,2.5
2024,7,SBS,RB,Austin Ekeler,WAS,CAR,32,0.0,0.0,0.0,0.0,0.0,4.0,17.0,0.0,0.0,2.0,2.0,3.0,0.0,0.0,0.0,2.00,2.0
2024,7,SBS,RB,Antonio Gibson,NE,@JAC,21,0.0,0.0,0.0,0.0,0.0,3.0,4.0,0.0,0.0,1.0,1.0,9.0,0.0,0.0,0.0,1.30,1.3
2024,7,SBS,WR,Christian Watson,GB,HOU,23,0.0,0.0,0.0,0.0,0.0,1.0,-4.0,0.0,0.0,2.0,1.0,9.0,0.0,0.0,0.0,0.90,0.9
2024,7,SBS,RB,Jerome Ford,CLE,CIN,18,0.0,0.0,0.0,0.0,0.0,0.0,0.0,0.0,0.0,0.0,0.0,0.0,0.0,0.0,0.0,-,0.0
2024,7,SBS,RB,Jonathan Taylor,IND,MIA,28,0.0,0.0,0.0,0.0,0.0,0.0,0.0,0.0,0.0,0.0,0.0,0.0,0.0,0.0,0.0,-,0.0
2024,7,SBS,WR,Andrei Iosivas,CIN,@CLE,28,0.0,0.0,0.0,0.0,0.0,0.0,0.0,0.0,0.0,1.0,0.0,0.0,0.0,0.0,0.0,0.00,0.0
2024,7,SBS,WR,Deebo Samuel,SF,KC,4,0.0,0.0,0.0,0.0,0.0,0.0,0.0,0.0,0.0,0.0,0.0,0.0,0.0,0.0,0.0,0.00,0.0
2024,7,SBS,DST,Giants,NYG,PHI,24,,,,,,,,,,,,,,,,4.00,4.0
2024,8,ABT,WR,Josh Downs,IND,@HOU,24,0.0,0.0,0.0,0.0,0.0,0.0,13.0,0.0,1.0,9.0,4.0,109.0,1.0,3.0,0.0,22.20,22.2
2024,8,ABT,WR,Puka Nacua,LAR,MIN,32,0.0,0.0,0.0,0.0,0.0,2.0,5.0,0.0,0.0,9.0,7.0,106.0,0.0,6.0,0.0,17.10,17.1
2024,8,ABT,RB,Alvin Kamara,NO,@LAC,2,0.0,0.0,0.0,0.0,0.0,10.0,67.0,0.0,3.0,11.0,6.0,55.0,0.0,1.0,0.0,16.20,16.2
2024,8,ABT,RB,Saquon Barkley,PHI,@CIN,17,0.0,0.0,0.0,0.0,0.0,22.0,108.0,0.0,5.0,1.0,1.0,3.0,0.0,0.0,0.0,16.10,16.1
2024,8,ABT,WR,Chris Olave,NO,@LAC,1,0.0,0.0,0.0,0.0,0.0,0.0,0.0,0.0,0.0,14.0,8.0,107.0,0.0,5.0,0.0,15.70,15.7
2024,8,ABT,QB,Dak Prescott,DAL,@SF,10,25.0,38.0,243.0,2.0,2.0,1.0,-1.0,0.0,0.0,0.0,0.0,0.0,0.0,0.0,0.0,13.72,13.72
2024,8,ABT,RB,Chase Brown,CIN,PHI,9,0.0,0.0,0.0,0.0,0.0,12.0,32.0,1.0,2.0,4.0,2.0,2.0,0.0,0.0,0.0,11.40,11.4
2024,8,ABT,QB,Caleb Williams,CHI,@WAS,11,10.0,24.0,131.0,0.0,0.0,10.0,41.0,0.0,2.0,0.0,0.0,0.0,0.0,0.0,1.0,11.34,11.34
2024,8,ABT,RB,Roschon Johnson,CHI,@WAS,20,0.0,0.0,0.0,0.0,0.0,2.0,6.0,1.0,1.0,0.0,0.0,0.0,0.0,0.0,0.0,7.60,7.6
2024,8,ABT,TE,Hunter Henry,NE,NYJ,8,0.0,0.0,0.0,0.0,0.0,0.0,0.0,0.0,0.0,6.0,5.0,45.0,0.0,3.0,0.0,7.50,7.5
2024,8,ABT,RB,Alexander Mattison,LV,KC,1,0.0,0.0,0.0,0.0,0.0,14.0,15.0,0.0,1.0,5.0,5.0,29.0,0.0,1.0,0.0,6.40,6.4
2024,8,ABT,WR,Keenan Allen,CHI,@WAS,26,0.0,0.0,0.0,0.0,0.0,0.0,0.0,0.0,0.0,7.0,2.0,39.0,0.0,2.0,0.0,5.90,5.9
2024,8,ABT,WR,Jermaine Burton,CIN,PHI,21,0.0,0.0,0.0,0.0,0.0,0.0,0.0,0.0,0.0,3.0,1.0,41.0,0.0,1.0,0.0,5.10,5.1
2024,8,ABT,WR,DJ Moore,CHI,@WAS,26,0.0,0.0,0.0,0.0,0.0,2.0,7.0,0.0,0.0,4.0,2.0,27.0,0.0,1.0,0.0,4.40,4.4
2024,8,ABT,TE,Jake Ferguson,DAL,@SF,12,0.0,0.0,0.0,0.0,0.0,0.0,0.0,0.0,0.0,8.0,6.0,23.0,0.0,1.0,0.0,3.30,3.3
2024,8,ABT,WR,Sterling Shepard,TB,ATL,23,0.0,0.0,0.0,0.0,0.0,0.0,0.0,0.0,0.0,5.0,3.0,18.0,0.0,0.0,0.0,1.80,1.8
2024,8,ABT,WR,Roman Wilson,PIT,NYG,12,0.0,0.0,0.0,0.0,0.0,0.0,0.0,0.0,0.0,0.0,0.0,0.0,0.0,0.0,0.0,-,0.0
2024,8,ABT,RB,Keaton Mitchell,BAL,@CLE,7,0.0,0.0,0.0,0.0,0.0,0.0,0.0,0.0,0.0,0.0,0.0,0.0,0.0,0.0,0.0,-,0.0
2024,8,ABT,DST,Eagles,PHI,@CIN,11,,,,,,,,,,,,,,,,7.00,7.0
2024,8,CLC,WR,Darnell Mooney,ATL,@TB,25,0.0,0.0,0.0,0.0,0.0,0.0,0.0,0.0,0.0,6.0,4.0,86.0,1.0,4.0,0.0,18.60,18.6
2024,8,CLC,WR,DeVonta Smith,PHI,@CIN,14,0.0,0.0,0.0,0.0,0.0,0.0,0.0,0.0,0.0,7.0,6.0,85.0,1.0,4.0,0.0,18.50,18.5
2024,8,CLC,TE,Dalton Kincaid,BUF,@SEA,24,0.0,0.0,0.0,0.0,0.0,0.0,0.0,0.0,0.0,7.0,4.0,31.0,1.0,3.0,0.0,12.10,12.1
2024,8,CLC,RB,Breece Hall,NYJ,@NE,30,0.0,0.0,0.0,0.0,0.0,16.0,80.0,0.0,2.0,3.0,1.0,9.0,0.0,0.0,0.0,10.90,10.9
2024,8,CLC,WR,Ricky Pearsall,SF,DAL,13,0.0,0.0,0.0,0.0,0.0,1.0,39.0,0.0,1.0,4.0,4.0,38.0,0.0,1.0,0.0,9.70,9.7
2024,8,CLC,WR,Rome Odunze,CHI,@WAS,26,0.0,0.0,0.0,0.0,0.0,2.0,13.0,0.0,1.0,6.0,3.0,41.0,0.0,2.0,0.0,8.40,8.4
2024,8,CLC,WR,Jaylen Waddle,MIA,ARI,27,0.0,0.0,0.0,0.0,0.0,0.0,0.0,0.0,0.0,6.0,4.0,45.0,0.0,3.0,0.0,7.50,7.5
2024,8,CLC,RB,Javonte Williams,DEN,CAR,32,0.0,0.0,0.0,0.0,0.0,17.0,44.0,0.0,0.0,5.0,4.0,8.0,0.0,1.0,0.0,6.20,6.2
2024,8,CLC,RB,Zack Moss,CIN,PHI,9,0.0,0.0,0.0,0.0,0.0,5.0,11.0,0.0,0.0,4.0,4.0,28.0,0.0,2.0,0.0,5.90,5.9
2024,8,CLC,QB,Jordan Love,GB,@JAC,31,14.0,22.0,196.0,0.0,1.0,1.0,-1.0,0.0,0.0,0.0,0.0,0.0,0.0,0.0,0.0,5.84,5.84
2024,8,CLC,RB,Justice Hill,BAL,@CLE,7,0.0,0.0,0.0,0.0,0.0,2.0,5.0,0.0,1.0,1.0,1.0,14.0,0.0,1.0,0.0,3.90,3.9
2024,8,CLC,RB,Jordan Mason,SF,DAL,31,0.0,0.0,0.0,0.0,0.0,6.0,18.0,0.0,0.0,0.0,0.0,0.0,0.0,0.0,0.0,1.80,1.8
2024,8,CLC,QB,Justin Fields,PIT,NYG,24,0.0,0.0,0.0,0.0,0.0,0.0,0.0,0.0,0.0,0.0,0.0,0.0,0.0,0.0,0.0,-,0.0
2024,8,CLC,WR,Ja'Lynn Polk,NE,NYJ,3,0.0,0.0,0.0,0.0,0.0,0.0,0.0,0.0,0.0,0.0,0.0,0.0,0.0,0.0,0.0,-,0.0
2024,8,CLC,QB,Marcus Mariota,WAS,CHI,2,0.0,0.0,0.0,0.0,0.0,0.0,0.0,0.0,0.0,0.0,0.0,0.0,0.0,0.0,0.0,-,0.0
2024,8,CLC,WR,Nico Collins,HOU,IND,17,0.0,0.0,0.0,0.0,0.0,0.0,0.0,0.0,0.0,0.0,0.0,0.0,0.0,0.0,0.0,-,0.0
2024,8,CLC,DST,Bears,CHI,@WAS,2,,,,,,,,,,,,,,,,3.00,3.0
2024,8,CPC,RB,James Cook,BUF,@SEA,28,0.0,0.0,0.0,0.0,0.0,17.0,111.0,2.0,8.0,3.0,3.0,22.0,0.0,2.0,0.0,35.30,35.3
2024,8,CPC,WR,Ladd McConkey,LAC,NO,22,0.0,0.0,0.0,0.0,0.0,0.0,0.0,0.0,0.0,6.0,6.0,111.0,2.0,5.0,0.0,28.10,28.1
2024,8,CPC,TE,George Kittle,SF,DAL,21,0.0,0.0,0.0,0.0,0.0,0.0,0.0,0.0,0.0,7.0,6.0,128.0,1.0,5.0,0.0,23.80,23.8
2024,8,CPC,QB,Sam Darnold,MIN,@LAR,16,18.0,25.0,240.0,2.0,0.0,3.0,6.0,0.0,1.0,0.0,0.0,0.0,0.0,0.0,0.0,19.20,19.2
2024,8,CPC,RB,JK Dobbins,LAC,NO,27,0.0,0.0,0.0,0.0,0.0,17.0,57.0,1.0,5.0,7.0,4.0,11.0,0.0,1.0,0.0,18.80,18.8
2024,8,CPC,RB,Tony Pollard,TEN,@DET,3,0.0,0.0,0.0,0.0,0.0,20.0,94.0,0.0,5.0,4.0,3.0,23.0,0.0,2.0,0.0,18.70,18.7
2024,8,CPC,WR,Ja'Marr Chase,CIN,PHI,21,0.0,0.0,0.0,0.0,0.0,0.0,0.0,0.0,0.0,11.0,9.0,54.0,1.0,5.0,0.0,16.40,16.4
2024,8,CPC,RB,Derrick Henry,BAL,@CLE,7,0.0,0.0,0.0,0.0,0.0,11.0,73.0,1.0,2.0,1.0,1.0,4.0,0.0,0.0,0.0,15.70,15.7
2024,8,CPC,WR,Jakobi Meyers,LV,KC,7,0.0,0.0,0.0,0.0,0.0,0.0,0.0,0.0,0.0,7.0,6.0,52.0,1.0,4.0,0.0,15.20,15.2
2024,8,CPC,QB,Drake Maye,NE,NYJ,9,3.0,6.0,23.0,0.0,0.0,3.0,46.0,1.0,3.0,0.0,0.0,0.0,0.0,0.0,0.0,14.52,14.52
2024,8,CPC,RB,Brian Robinson,WAS,CHI,12,0.0,0.0,0.0,0.0,0.0,16.0,65.0,0.0,3.0,1.0,1.0,11.0,0.0,1.0,0.0,11.60,11.6
2024,8,CPC,WR,Tyreek Hill,MIA,ARI,27,0.0,0.0,0.0,0.0,0.0,0.0,0.0,0.0,0.0,9.0,6.0,72.0,0.0,3.0,0.0,10.20,10.2
2024,8,CPC,WR,Dontayvion Wicks,GB,@JAC,29,0.0,0.0,0.0,0.0,0.0,0.0,0.0,0.0,0.0,2.0,2.0,11.0,0.0,1.0,0.0,2.10,2.1
2024,8,CPC,WR,Tyler Lockett,SEA,BUF,6,0.0,0.0,0.0,0.0,0.0,0.0,0.0,0.0,0.0,3.0,1.0,9.0,0.0,0.0,0.0,0.90,0.9
2024,8,CPC,TE,Ja'Tavion Sanders,CAR,@DEN,11,0.0,0.0,0.0,0.0,0.0,0.0,0.0,0.0,0.0,1.0,1.0,7.0,0.0,0.0,0.0,0.70,0.7
2024,8,CPC,QB,Derek Carr,NO,@LAC,7,0.0,0.0,0.0,0.0,0.0,0.0,0.0,0.0,0.0,0.0,0.0,0.0,0.0,0.0,0.0,-,0.0
2024,8,CPC,WR,Tee Higgins,CIN,PHI,21,0.0,0.0,0.0,0.0,0.0,0.0,0.0,0.0,0.0,0.0,0.0,0.0,0.0,0.0,0.0,-,0.0
2024,8,CPC,DST,Vikings,MIN,@LAR,20,,,,,,,,,,,,,,,,1.00,1.0
2024,8,DDD,RB,De'Von Achane,MIA,ARI,29,0.0,0.0,0.0,0.0,0.0,10.0,97.0,0.0,2.0,8.0,6.0,50.0,1.0,3.0,0.0,25.70,25.7
2024,8,DDD,QB,Jameis Winston,CLE,BAL,29,27.0,41.0,334.0,3.0,0.0,2.0,2.0,0.0,2.0,0.0,0.0,0.0,0.0,0.0,1.0,25.56,25.56
2024,8,DDD,RB,Jahmyr Gibbs,DET,TEN,16,0.0,0.0,0.0,0.0,0.0,11.0,127.0,1.0,3.0,1.0,1.0,6.0,0.0,0.0,0.0,22.30,22.3
2024,8,DDD,RB,Jaleel McLaughlin,DEN,CAR,32,0.0,0.0,0.0,0.0,0.0,8.0,47.0,0.0,4.0,1.0,1.0,9.0,1.0,1.0,0.0,16.60,16.6
2024,8,DDD,WR,Zay Flowers,BAL,@CLE,28,0.0,0.0,0.0,0.0,0.0,0.0,0.0,0.0,0.0,12.0,7.0,115.0,0.0,5.0,0.0,16.50,16.5
2024,8,DDD,QB,Jared Goff,DET,TEN,14,12.0,15.0,85.0,3.0,0.0,1.0,1.0,0.0,0.0,0.0,0.0,0.0,0.0,0.0,0.0,15.50,15.5
2024,8,DDD,TE,Sam LaPorta,DET,TEN,7,0.0,0.0,0.0,0.0,0.0,0.0,0.0,0.0,0.0,6.0,6.0,48.0,1.0,4.0,0.0,14.80,14.8
2024,8,DDD,RB,Bucky Irving,TB,ATL,10,0.0,0.0,0.0,0.0,0.0,9.0,44.0,0.0,4.0,7.0,7.0,40.0,0.0,1.0,0.0,13.40,13.4
2024,8,DDD,RB,Tank Bigsby,JAC,GB,15,0.0,0.0,0.0,0.0,0.0,18.0,78.0,0.0,3.0,3.0,2.0,8.0,0.0,0.0,0.0,11.60,11.6
2024,8,DDD,WR,Tank Dell,HOU,IND,17,0.0,0.0,0.0,0.0,0.0,0.0,0.0,0.0,0.0,4.0,4.0,35.0,1.0,2.0,0.0,11.50,11.5
2024,8,DDD,TE,Mike Gesicki,CIN,PHI,4,0.0,0.0,0.0,0.0,0.0,0.0,0.0,0.0,0.0,8.0,7.0,73.0,0.0,6.0,1.0,11.30,11.3
2024,8,DDD,WR,Malik Nabers,NYG,@PIT,11,0.0,0.0,0.0,0.0,0.0,0.0,0.0,0.0,0.0,13.0,7.0,71.0,0.0,4.0,0.0,11.10,11.1
2024,8,DDD,RB,Kenneth Walker,SEA,BUF,25,0.0,0.0,0.0,0.0,0.0,9.0,12.0,0.0,0.0,5.0,4.0,33.0,0.0,2.0,0.0,6.50,6.5
2024,8,DDD,WR,Adonai Mitchell,IND,@HOU,24,0.0,0.0,0.0,0.0,0.0,0.0,0.0,0.0,0.0,4.0,1.0,9.0,0.0,0.0,0.0,0.90,0.9
2024,8,DDD,QB,Deshaun Watson,CLE,BAL,29,0.0,0.0,0.0,0.0,0.0,0.0,0.0,0.0,0.0,0.0,0.0,0.0,0.0,0.0,0.0,-,0.0
2024,8,DDD,WR,Quentin Johnston,LAC,NO,22,0.0,0.0,0.0,0.0,0.0,0.0,0.0,0.0,0.0,0.0,0.0,0.0,0.0,0.0,0.0,-,0.0
2024,8,DDD,DST,Bengals,CIN,PHI,19,,,,,,,,,,,,,,,,-4.00,-4.0
2024,8,LBC,QB,Bo Nix,DEN,CAR,27,28.0,37.0,284.0,3.0,0.0,5.0,4.0,1.0,2.0,0.0,0.0,0.0,0.0,0.0,0.0,31.76,31.76
2024,8,LBC,RB,Rhamondre Stevenson,NE,NYJ,13,0.0,0.0,0.0,0.0,0.0,20.0,48.0,2.0,5.0,3.0,3.0,17.0,0.0,0.0,0.0,25.50,25.5
2024,8,LBC,RB,Raheem Mostert,MIA,ARI,29,0.0,0.0,0.0,0.0,0.0,9.0,19.0,2.0,3.0,2.0,1.0,11.0,0.0,1.0,0.0,19.00,19.0
2024,8,LBC,TE,Trey McBride,ARI,@MIA,5,0.0,0.0,0.0,0.0,0.0,0.0,0.0,0.0,0.0,11.0,9.0,124.0,0.0,6.0,0.0,18.40,18.4
2024,8,LBC,QB,Aaron Rodgers,NYJ,@NE,13,17.0,28.0,233.0,2.0,0.0,0.0,0.0,0.0,0.0,0.0,0.0,0.0,0.0,0.0,0.0,17.32,17.32
2024,8,LBC,QB,Anthony Richardson,IND,@HOU,23,10.0,32.0,175.0,1.0,1.0,6.0,45.0,0.0,3.0,0.0,0.0,0.0,0.0,0.0,1.0,14.50,14.5
2024,8,LBC,WR,Jerry Jeudy,CLE,BAL,31,0.0,0.0,0.0,0.0,0.0,0.0,0.0,0.0,0.0,8.0,5.0,79.0,0.0,4.0,0.0,11.90,11.9
2024,8,LBC,WR,Jaxon Smith-Njigba,SEA,BUF,6,0.0,0.0,0.0,0.0,0.0,0.0,0.0,0.0,0.0,7.0,6.0,69.0,0.0,5.0,0.0,11.90,11.9
2024,8,LBC,TE,Evan Engram,JAC,GB,22,0.0,0.0,0.0,0.0,0.0,0.0,0.0,0.0,0.0,5.0,4.0,36.0,1.0,2.0,0.0,11.60,11.6
2024,8,LBC,WR,Michael Wilson,ARI,@MIA,5,0.0,0.0,0.0,0.0,0.0,0.0,0.0,0.0,0.0,6.0,5.0,31.0,1.0,1.0,0.0,10.10,10.1
2024,8,LBC,TE,Brock Bowers,LV,KC,30,0.0,0.0,0.0,0.0,0.0,0.0,0.0,0.0,0.0,5.0,5.0,58.0,0.0,3.0,0.0,8.80,8.8
2024,8,LBC,WR,Drake London,ATL,@TB,25,0.0,0.0,0.0,0.0,0.0,0.0,0.0,0.0,0.0,6.0,4.0,34.0,0.0,1.0,0.0,4.40,4.4
2024,8,LBC,WR,Michael Pittman,IND,@HOU,24,0.0,0.0,0.0,0.0,0.0,0.0,0.0,0.0,0.0,6.0,1.0,16.0,0.0,1.0,0.0,2.60,2.6
2024,8,LBC,RB,Isiah Pacheco,KC,@LV,21,0.0,0.0,0.0,0.0,0.0,0.0,0.0,0.0,0.0,0.0,0.0,0.0,0.0,0.0,0.0,-,0.0
2024,8,LBC,WR,Jordan Whittington,LAR,MIN,32,0.0,0.0,0.0,0.0,0.0,0.0,0.0,0.0,0.0,0.0,0.0,0.0,0.0,0.0,0.0,-,0.0
2024,8,LBC,WR,Devontez Walker,BAL,@CLE,28,0.0,0.0,0.0,0.0,0.0,0.0,0.0,0.0,0.0,0.0,0.0,0.0,0.0,0.0,0.0,0.00,0.0
2024,8,LBC,WR,Brandon Aiyuk,SF,DAL,13,0.0,0.0,0.0,0.0,0.0,0.0,0.0,0.0,0.0,0.0,0.0,0.0,0.0,0.0,0.0,-,0.0
2024,8,LBC,RB,Travis Etienne,JAC,GB,15,0.0,0.0,0.0,0.0,0.0,0.0,0.0,0.0,0.0,0.0,0.0,0.0,0.0,0.0,0.0,-,0.0
2024,8,LBC,DST,Broncos,DEN,CAR,26,,,,,,,,,,,,,,,,10.00,10.0
2024,8,LC,QB,Jalen Hurts,PHI,@CIN,30,16.0,20.0,236.0,1.0,0.0,10.0,37.0,3.0,7.0,0.0,0.0,0.0,0.0,0.0,0.0,42.14,42.14
2024,8,LC,QB,Patrick Mahomes,KC,@LV,19,27.0,38.0,262.0,2.0,1.0,6.0,17.0,0.0,2.0,0.0,0.0,0.0,0.0,0.0,0.0,20.18,20.18
2024,8,LC,RB,James Conner,ARI,@MIA,26,0.0,0.0,0.0,0.0,0.0,20.0,53.0,1.0,4.0,3.0,2.0,16.0,0.0,1.0,0.0,17.90,17.9
2024,8,LC,QB,Gardner Minshew,LV,KC,20,24.0,30.0,209.0,2.0,0.0,2.0,6.0,0.0,0.0,0.0,0.0,0.0,0.0,0.0,1.0,14.96,14.96
2024,8,LC,WR,Xavier Worthy,KC,@LV,8,0.0,0.0,0.0,0.0,0.0,0.0,0.0,0.0,0.0,8.0,4.0,37.0,1.0,3.0,0.0,12.70,12.7
2024,8,LC,WR,Xavier Legette,CAR,@DEN,2,0.0,0.0,0.0,0.0,0.0,1.0,0.0,0.0,0.0,7.0,4.0,34.0,1.0,2.0,0.0,11.40,11.4
2024,8,LC,RB,Zach Charbonnet,SEA,BUF,25,0.0,0.0,0.0,0.0,0.0,3.0,4.0,1.0,1.0,4.0,3.0,20.0,0.0,1.0,0.0,10.40,10.4
2024,8,LC,TE,Dalton Schultz,HOU,IND,27,0.0,0.0,0.0,0.0,0.0,0.0,0.0,0.0,0.0,6.0,4.0,52.0,0.0,3.0,0.0,8.20,8.2
2024,8,LC,RB,Jaylen Warren,PIT,NYG,18,0.0,0.0,0.0,0.0,0.0,9.0,46.0,0.0,2.0,3.0,2.0,13.0,0.0,0.0,0.0,7.90,7.9
2024,8,LC,TE,Juwan Johnson,NO,@LAC,14,0.0,0.0,0.0,0.0,0.0,0.0,0.0,0.0,0.0,4.0,3.0,48.0,0.0,2.0,0.0,6.80,6.8
2024,8,LC,RB,Tyler Allgeier,ATL,@TB,19,0.0,0.0,0.0,0.0,0.0,12.0,33.0,0.0,3.0,0.0,0.0,0.0,0.0,0.0,0.0,6.30,6.3
2024,8,LC,WR,DeAndre Hopkins,KC,@LV,8,0.0,0.0,0.0,0.0,0.0,0.0,0.0,0.0,0.0,3.0,2.0,29.0,0.0,2.0,0.0,4.90,4.9
2024,8,LC,RB,Jamaal Williams,NO,@LAC,2,0.0,0.0,0.0,0.0,0.0,2.0,4.0,0.0,0.0,0.0,0.0,0.0,0.0,0.0,0.0,0.40,0.4
2024,8,LC,WR,Allen Lazard,NYJ,@NE,19,0.0,0.0,0.0,0.0,0.0,0.0,0.0,0.0,0.0,0.0,0.0,0.0,0.0,0.0,0.0,-,0.0
2024,8,LC,RB,Jeff Wilson,MIA,ARI,29,0.0,0.0,0.0,0.0,0.0,0.0,0.0,0.0,0.0,0.0,0.0,0.0,0.0,0.0,0.0,-,0.0
2024,8,LC,TE,Ben Sinnott,WAS,CHI,15,0.0,0.0,0.0,0.0,0.0,0.0,0.0,0.0,0.0,0.0,0.0,0.0,0.0,0.0,0.0,0.00,0.0
2024,8,LC,WR,Rashid Shaheed,NO,@LAC,1,0.0,0.0,0.0,0.0,0.0,0.0,0.0,0.0,0.0,0.0,0.0,0.0,0.0,0.0,0.0,-,0.0
2024,8,LC,WR,DK Metcalf,SEA,BUF,6,0.0,0.0,0.0,0.0,0.0,0.0,0.0,0.0,0.0,0.0,0.0,0.0,0.0,0.0,0.0,-,0.0
2024,8,LC,DST,49ers,SF,DAL,23,,,,,,,,,,,,,,,,7.00,7.0
2024,8,MB,RB,Tyrone Tracy,NYG,@PIT,11,0.0,0.0,0.0,0.0,0.0,20.0,145.0,1.0,5.0,3.0,2.0,5.0,0.0,0.0,0.0,26.00,26.0
2024,8,MB,QB,Matthew Stafford,LAR,MIN,15,25.0,34.0,279.0,4.0,1.0,3.0,-4.0,0.0,0.0,0.0,0.0,0.0,0.0,0.0,0.0,25.16,25.16
2024,8,MB,QB,Kyler Murray,ARI,@MIA,1,26.0,36.0,307.0,2.0,0.0,5.0,19.0,0.0,1.0,0.0,0.0,0.0,0.0,0.0,0.0,23.18,23.18
2024,8,MB,WR,Marvin Harrison,ARI,@MIA,5,0.0,0.0,0.0,0.0,0.0,0.0,0.0,0.0,0.0,7.0,6.0,111.0,1.0,5.0,0.0,22.10,22.1
2024,8,MB,RB,Bijan Robinson,ATL,@TB,19,0.0,0.0,0.0,0.0,0.0,13.0,63.0,0.0,3.0,7.0,7.0,43.0,1.0,2.0,0.0,21.60,21.6
2024,8,MB,RB,Isaac Guerendo,SF,DAL,31,0.0,0.0,0.0,0.0,0.0,14.0,85.0,1.0,4.0,4.0,3.0,17.0,0.0,1.0,0.0,21.20,21.2
2024,8,MB,TE,Travis Kelce,KC,@LV,19,0.0,0.0,0.0,0.0,0.0,0.0,0.0,0.0,0.0,12.0,10.0,90.0,1.0,5.0,0.0,20.00,20.0
2024,8,MB,RB,Aaron Jones,MIN,@LAR,24,0.0,0.0,0.0,0.0,0.0,19.0,58.0,0.0,2.0,2.0,2.0,37.0,0.0,2.0,0.0,13.50,13.5
2024,8,MB,WR,Cooper Kupp,LAR,MIN,32,0.0,0.0,0.0,0.0,0.0,0.0,0.0,0.0,0.0,8.0,5.0,51.0,1.0,2.0,0.0,13.10,13.1
2024,8,MB,TE,Mark Andrews,BAL,@CLE,6,0.0,0.0,0.0,0.0,0.0,0.0,0.0,0.0,0.0,5.0,5.0,36.0,1.0,2.0,0.0,11.60,11.6
2024,8,MB,WR,Josh Palmer,LAC,NO,22,0.0,0.0,0.0,0.0,0.0,0.0,0.0,0.0,0.0,4.0,2.0,72.0,0.0,2.0,0.0,9.20,9.2
2024,8,MB,WR,Amon-Ra St Brown,DET,TEN,4,0.0,0.0,0.0,0.0,0.0,0.0,0.0,0.0,0.0,2.0,2.0,7.0,1.0,1.0,0.0,7.70,7.7
2024,8,MB,RB,Ray Davis,BUF,@SEA,28,0.0,0.0,0.0,0.0,0.0,6.0,29.0,0.0,2.0,0.0,0.0,0.0,0.0,0.0,0.0,4.90,4.9
2024,8,MB,WR,Tutu Atwell,LAR,MIN,32,0.0,0.0,0.0,0.0,0.0,0.0,0.0,0.0,0.0,2.0,1.0,18.0,0.0,1.0,0.0,2.80,2.8
2024,8,MB,QB,Will Levis,TEN,@DET,17,0.0,0.0,0.0,0.0,0.0,0.0,0.0,0.0,0.0,0.0,0.0,0.0,0.0,0.0,0.0,-,0.0
2024,8,MB,RB,Khalil Herbert,CHI,@WAS,20,0.0,0.0,0.0,0.0,0.0,0.0,0.0,0.0,0.0,0.0,0.0,0.0,0.0,0.0,0.0,-,0.0
2024,8,MB,RB,Zamir White,LV,KC,1,0.0,0.0,0.0,0.0,0.0,2.0,-1.0,0.0,0.0,0.0,0.0,0.0,0.0,0.0,0.0,0.00,0.0
2024,8,MB,RB,Cam Akers,MIN,@LAR,24,0.0,0.0,0.0,0.0,0.0,0.0,0.0,0.0,0.0,0.0,0.0,0.0,0.0,0.0,0.0,0.00,0.0
2024,8,MB,DST,Buccaneers,TB,ATL,14,,,,,,,,,,,,,,,,3.00,3.0
2024,8,NBB,QB,Trevor Lawrence,JAC,GB,8,21.0,32.0,308.0,2.0,1.0,4.0,10.0,1.0,2.0,0.0,0.0,0.0,0.0,0.0,1.0,25.32,25.32
2024,8,NBB,TE,Kyle Pitts,ATL,@TB,29,0.0,0.0,0.0,0.0,0.0,0.0,0.0,0.0,0.0,5.0,4.0,91.0,2.0,3.0,0.0,24.10,24.1
2024,8,NBB,RB,D'Andre Swift,CHI,@WAS,20,0.0,0.0,0.0,0.0,0.0,18.0,129.0,1.0,4.0,0.0,0.0,0.0,0.0,0.0,0.0,22.90,22.9
2024,8,NBB,QB,Josh Allen,BUF,@SEA,18,24.0,34.0,283.0,2.0,1.0,7.0,25.0,0.0,3.0,0.0,0.0,0.0,0.0,0.0,0.0,22.82,22.82
2024,8,NBB,WR,Terry McLaurin,WAS,CHI,9,0.0,0.0,0.0,0.0,0.0,0.0,0.0,0.0,0.0,8.0,5.0,125.0,0.0,5.0,0.0,17.50,17.5
2024,8,NBB,WR,Brian Thomas,JAC,GB,16,0.0,0.0,0.0,0.0,0.0,0.0,0.0,0.0,0.0,4.0,3.0,60.0,1.0,3.0,0.0,15.00,15.0
2024,8,NBB,TE,David Njoku,CLE,BAL,26,0.0,0.0,0.0,0.0,0.0,0.0,0.0,0.0,0.0,7.0,5.0,61.0,1.0,2.0,0.0,14.10,14.1
2024,8,NBB,WR,Khalil Shakir,BUF,@SEA,10,0.0,0.0,0.0,0.0,0.0,1.0,2.0,0.0,0.0,10.0,9.0,107.0,0.0,2.0,0.0,12.90,12.9
2024,8,NBB,RB,Nick Chubb,CLE,BAL,6,0.0,0.0,0.0,0.0,0.0,16.0,52.0,0.0,2.0,2.0,0.0,0.0,0.0,0.0,0.0,7.20,7.2
2024,8,NBB,WR,Jayden Reed,GB,@JAC,29,0.0,0.0,0.0,0.0,0.0,1.0,0.0,0.0,0.0,3.0,2.0,55.0,0.0,1.0,0.0,6.50,6.5
2024,8,NBB,RB,Blake Corum,LAR,MIN,4,0.0,0.0,0.0,0.0,0.0,4.0,9.0,0.0,0.0,1.0,1.0,9.0,0.0,1.0,0.0,2.80,2.8
2024,8,NBB,WR,Gabe Davis,JAC,GB,16,0.0,0.0,0.0,0.0,0.0,0.0,0.0,0.0,0.0,0.0,0.0,0.0,0.0,0.0,0.0,0.00,0.0
2024,8,NBB,RB,Gus Edwards,LAC,NO,27,0.0,0.0,0.0,0.0,0.0,0.0,0.0,0.0,0.0,0.0,0.0,0.0,0.0,0.0,0.0,-,0.0
2024,8,NBB,TE,Dallas Goedert,PHI,@CIN,25,0.0,0.0,0.0,0.0,0.0,0.0,0.0,0.0,0.0,0.0,0.0,0.0,0.0,0.0,0.0,-,0.0
2024,8,NBB,WR,Mike Evans,TB,ATL,23,0.0,0.0,0.0,0.0,0.0,0.0,0.0,0.0,0.0,0.0,0.0,0.0,0.0,0.0,0.0,-,0.0
2024,8,NBB,WR,Chris Godwin,TB,ATL,23,0.0,0.0,0.0,0.0,0.0,0.0,0.0,0.0,0.0,0.0,0.0,0.0,0.0,0.0,0.0,-,0.0
2024,8,NBB,RB,Ty Chandler,MIN,@LAR,24,0.0,0.0,0.0,0.0,0.0,0.0,0.0,0.0,0.0,0.0,0.0,0.0,0.0,0.0,0.0,0.00,0.0
2024,8,NBB,RB,Will Shipley,PHI,@CIN,17,0.0,0.0,0.0,0.0,0.0,2.0,-3.0,0.0,0.0,0.0,0.0,0.0,0.0,0.0,0.0,0.00,0.0
2024,8,NBB,WR,Jameson Williams,DET,TEN,4,0.0,0.0,0.0,0.0,0.0,0.0,0.0,0.0,0.0,0.0,0.0,0.0,0.0,0.0,0.0,-,0.0
2024,8,NBB,DST,Bills,BUF,@SEA,24,,,,,,,,,,,,,,,,10.00,10.0
2024,8,PCP,WR,CeeDee Lamb,DAL,@SF,18,0.0,0.0,0.0,0.0,0.0,0.0,0.0,0.0,0.0,17.0,13.0,146.0,2.0,9.0,0.0,35.60,35.6
2024,8,PCP,RB,Kyren Williams,LAR,MIN,4,0.0,0.0,0.0,0.0,0.0,23.0,97.0,0.0,5.0,7.0,5.0,19.0,1.0,1.0,0.0,23.60,23.6
2024,8,PCP,WR,Keon Coleman,BUF,@SEA,10,0.0,0.0,0.0,0.0,0.0,0.0,0.0,0.0,0.0,7.0,5.0,70.0,1.0,3.0,0.0,16.00,16.0
2024,8,PCP,WR,Garrett Wilson,NYJ,@NE,19,0.0,0.0,0.0,0.0,0.0,0.0,0.0,0.0,0.0,8.0,5.0,113.0,0.0,4.0,0.0,15.30,15.3
2024,8,PCP,QB,Joe Burrow,CIN,PHI,6,26.0,37.0,234.0,1.0,1.0,3.0,15.0,0.0,1.0,0.0,0.0,0.0,0.0,0.0,0.0,13.86,13.86
2024,8,PCP,RB,Braelon Allen,NYJ,@NE,30,0.0,0.0,0.0,0.0,0.0,12.0,32.0,1.0,4.0,0.0,0.0,0.0,0.0,0.0,0.0,13.20,13.2
2024,8,PCP,RB,Ezekiel Elliott,DAL,@SF,14,0.0,0.0,0.0,0.0,0.0,10.0,34.0,1.0,2.0,1.0,1.0,4.0,0.0,0.0,0.0,11.80,11.8
2024,8,PCP,WR,AJ Brown,PHI,@CIN,14,0.0,0.0,0.0,0.0,0.0,0.0,0.0,0.0,0.0,6.0,5.0,84.0,0.0,3.0,0.0,11.40,11.4
2024,8,PCP,QB,Geno Smith,SEA,BUF,5,21.0,29.0,212.0,0.0,1.0,5.0,16.0,0.0,1.0,0.0,0.0,0.0,0.0,0.0,0.0,9.08,9.08
2024,8,PCP,QB,Daniel Jones,NYG,@PIT,3,24.0,38.0,264.0,0.0,1.0,3.0,1.0,0.0,1.0,0.0,0.0,0.0,0.0,0.0,1.0,7.66,7.66
2024,8,PCP,TE,Pat Freiermuth,PIT,NYG,2,0.0,0.0,0.0,0.0,0.0,0.0,0.0,0.0,0.0,2.0,2.0,19.0,0.0,1.0,0.0,2.90,2.9
2024,8,PCP,RB,Trey Benson,ARI,@MIA,26,0.0,0.0,0.0,0.0,0.0,1.0,10.0,0.0,1.0,0.0,0.0,0.0,0.0,0.0,0.0,2.00,2.0
2024,8,PCP,RB,Dameon Pierce,HOU,IND,22,0.0,0.0,0.0,0.0,0.0,1.0,4.0,0.0,0.0,0.0,0.0,0.0,0.0,0.0,0.0,0.40,0.4
2024,8,PCP,TE,Luke Musgrave,GB,@JAC,28,0.0,0.0,0.0,0.0,0.0,0.0,0.0,0.0,0.0,0.0,0.0,0.0,0.0,0.0,0.0,-,0.0
2024,8,PCP,RB,Tyjae Spears,TEN,@DET,3,0.0,0.0,0.0,0.0,0.0,0.0,0.0,0.0,0.0,0.0,0.0,0.0,0.0,0.0,0.0,-,0.0
2024,8,PCP,WR,Rashee Rice,KC,@LV,8,0.0,0.0,0.0,0.0,0.0,0.0,0.0,0.0,0.0,0.0,0.0,0.0,0.0,0.0,0.0,-,0.0
2024,8,PCP,TE,TJ Hockenson,MIN,@LAR,31,0.0,0.0,0.0,0.0,0.0,0.0,0.0,0.0,0.0,0.0,0.0,0.0,0.0,0.0,0.0,-,0.0
2024,8,PCP,RB,Rico Dowdle,DAL,@SF,14,0.0,0.0,0.0,0.0,0.0,0.0,0.0,0.0,0.0,0.0,0.0,0.0,0.0,0.0,0.0,-,0.0
2024,8,PCP,DST,Ravens,BAL,@CLE,28,,,,,,,,,,,,,,,,3.00,3.0
2024,8,PP,QB,Brock Purdy,SF,DAL,28,18.0,26.0,260.0,1.0,0.0,8.0,56.0,1.0,5.0,0.0,0.0,0.0,0.0,0.0,0.0,31.00,31.0
2024,8,PP,RB,Josh Jacobs,GB,@JAC,23,0.0,0.0,0.0,0.0,0.0,25.0,127.0,2.0,5.0,2.0,1.0,-2.0,0.0,0.0,0.0,29.70,29.7
2024,8,PP,QB,Kirk Cousins,ATL,@TB,32,23.0,29.0,276.0,4.0,0.0,3.0,16.0,0.0,1.0,0.0,0.0,0.0,0.0,0.0,0.0,29.64,29.64
2024,8,PP,QB,Justin Herbert,LAC,NO,12,20.0,32.0,279.0,2.0,0.0,4.0,49.0,0.0,1.0,0.0,0.0,0.0,0.0,0.0,0.0,25.06,25.06
2024,8,PP,WR,Calvin Ridley,TEN,@DET,30,0.0,0.0,0.0,0.0,0.0,1.0,3.0,0.0,0.0,15.0,10.0,143.0,0.0,6.0,1.0,18.60,18.6
2024,8,PP,RB,David Montgomery,DET,TEN,16,1.0,1.0,3.0,1.0,0.0,9.0,33.0,1.0,2.0,1.0,1.0,5.0,0.0,1.0,0.0,16.92,16.92
2024,8,PP,TE,Tucker Kraft,GB,@JAC,28,0.0,0.0,0.0,0.0,0.0,0.0,0.0,0.0,0.0,3.0,3.0,78.0,1.0,3.0,0.0,16.80,16.8
2024,8,PP,WR,Courtland Sutton,DEN,CAR,20,1.0,1.0,28.0,0.0,0.0,0.0,0.0,0.0,0.0,11.0,8.0,100.0,0.0,4.0,1.0,13.12,13.12
2024,8,PP,WR,Romeo Doubs,GB,@JAC,29,0.0,0.0,0.0,0.0,0.0,0.0,0.0,0.0,0.0,6.0,3.0,72.0,0.0,3.0,0.0,10.20,10.2
2024,8,PP,WR,Davante Adams,NYJ,@NE,19,0.0,0.0,0.0,0.0,0.0,0.0,0.0,0.0,0.0,6.0,4.0,54.0,0.0,3.0,0.0,8.40,8.4
2024,8,PP,TE,Isaiah Likely,BAL,@CLE,6,0.0,0.0,0.0,0.0,0.0,0.0,0.0,0.0,0.0,4.0,4.0,47.0,0.0,2.0,0.0,6.70,6.7
2024,8,PP,WR,Wan'Dale Robinson,NYG,@PIT,11,0.0,0.0,0.0,0.0,0.0,0.0,0.0,0.0,0.0,5.0,5.0,30.0,0.0,1.0,0.0,4.00,4.0
2024,8,PP,RB,Devin Singletary,NYG,@PIT,11,0.0,0.0,0.0,0.0,0.0,2.0,11.0,0.0,0.0,3.0,2.0,12.0,0.0,0.0,0.0,2.30,2.3
2024,8,PP,WR,Demario Douglas,NE,NYJ,3,0.0,0.0,0.0,0.0,0.0,0.0,0.0,0.0,0.0,3.0,2.0,12.0,0.0,0.0,0.0,1.20,1.2
2024,8,PP,WR,Amari Cooper,BUF,@SEA,10,0.0,0.0,0.0,0.0,0.0,0.0,0.0,0.0,0.0,2.0,1.0,3.0,0.0,0.0,0.0,0.30,0.3
2024,8,PP,TE,Mark Andrews Dead Cap,BAL,0,0,0.0,0.0,0.0,0.0,0.0,0.0,0.0,0.0,0.0,0.0,0.0,0.0,0.0,0.0,0.0,-,0.0
2024,8,PP,WR,Jauan Jennings,SF,DAL,13,0.0,0.0,0.0,0.0,0.0,0.0,0.0,0.0,0.0,0.0,0.0,0.0,0.0,0.0,0.0,-,0.0
2024,8,PP,RB,Christian McCaffrey,SF,DAL,31,0.0,0.0,0.0,0.0,0.0,0.0,0.0,0.0,0.0,0.0,0.0,0.0,0.0,0.0,0.0,-,0.0
2024,8,PP,QB,JJ McCarthy,MIN,@LAR,16,0.0,0.0,0.0,0.0,0.0,0.0,0.0,0.0,0.0,0.0,0.0,0.0,0.0,0.0,0.0,-,0.0
2024,8,PP,RB,MarShawn Lloyd,GB,@JAC,23,0.0,0.0,0.0,0.0,0.0,0.0,0.0,0.0,0.0,0.0,0.0,0.0,0.0,0.0,0.0,-,0.0
2024,8,PP,WR,Malachi Corley,NYJ,@NE,19,0.0,0.0,0.0,0.0,0.0,0.0,0.0,0.0,0.0,0.0,0.0,0.0,0.0,0.0,0.0,0.00,0.0
2024,8,PP,DST,Rams,LAR,MIN,21,,,,,,,,,,,,,,,,6.00,6.0
2024,8,RR,TE,Cade Otton,TB,ATL,23,0.0,0.0,0.0,0.0,0.0,0.0,0.0,0.0,0.0,10.0,9.0,81.0,2.0,5.0,0.0,25.10,25.1
2024,8,RR,RB,Joe Mixon,HOU,IND,22,0.0,0.0,0.0,0.0,0.0,25.0,102.0,1.0,4.0,6.0,4.0,32.0,0.0,1.0,0.0,24.40,24.4
2024,8,RR,QB,Baker Mayfield,TB,ATL,25,37.0,50.0,330.0,3.0,2.0,3.0,11.0,0.0,2.0,0.0,0.0,0.0,0.0,0.0,0.0,24.30,24.3
2024,8,RR,RB,Najee Harris,PIT,NYG,18,0.0,0.0,0.0,0.0,0.0,19.0,114.0,0.0,4.0,4.0,3.0,17.0,0.0,1.0,0.0,18.10,18.1
2024,8,RR,WR,Justin Jefferson,MIN,@LAR,15,0.0,0.0,0.0,0.0,0.0,0.0,0.0,0.0,0.0,9.0,8.0,115.0,0.0,6.0,0.0,17.50,17.5
2024,8,RR,RB,Kareem Hunt,KC,@LV,21,0.0,0.0,0.0,0.0,0.0,21.0,59.0,1.0,3.0,1.0,1.0,4.0,0.0,1.0,0.0,16.30,16.3
2024,8,RR,QB,Tua Tagovailoa,MIA,ARI,26,28.0,38.0,234.0,1.0,0.0,3.0,13.0,0.0,1.0,0.0,0.0,0.0,0.0,0.0,0.0,15.66,15.66
2024,8,RR,QB,Bryce Young,CAR,@DEN,4,24.0,37.0,224.0,2.0,2.0,3.0,6.0,0.0,0.0,0.0,0.0,0.0,0.0,0.0,0.0,13.56,13.56
2024,8,RR,QB,CJ Stroud,HOU,IND,22,25.0,37.0,285.0,1.0,0.0,1.0,-10.0,0.0,0.0,0.0,0.0,0.0,0.0,0.0,1.0,13.40,13.4
2024,8,RR,RB,Rachaad White,TB,ATL,10,0.0,0.0,0.0,0.0,0.0,6.0,29.0,0.0,1.0,6.0,5.0,38.0,1.0,1.0,1.0,12.70,12.7
2024,8,RR,WR,George Pickens,PIT,NYG,12,0.0,0.0,0.0,0.0,0.0,0.0,0.0,0.0,0.0,5.0,4.0,74.0,0.0,3.0,0.0,10.40,10.4
2024,8,RR,WR,Jalen McMillan,TB,ATL,23,0.0,0.0,0.0,0.0,0.0,1.0,17.0,0.0,1.0,7.0,4.0,35.0,0.0,2.0,0.0,8.20,8.2
2024,8,RR,TE,Cole Kmet,CHI,@WAS,9,0.0,0.0,0.0,0.0,0.0,0.0,0.0,0.0,0.0,1.0,1.0,14.0,0.0,1.0,0.0,4.40,4.4
2024,8,RR,TE,Taysom Hill,NO,@LAC,14,1.0,1.0,3.0,0.0,0.0,4.0,20.0,0.0,0.0,4.0,2.0,21.0,0.0,0.0,0.0,4.22,4.22
2024,8,RR,WR,Jordan Addison,MIN,@LAR,15,0.0,0.0,0.0,0.0,0.0,0.0,0.0,0.0,0.0,3.0,2.0,22.0,0.0,2.0,0.0,4.20,4.2
2024,8,RR,RB,Jonathon Brooks,CAR,@DEN,8,0.0,0.0,0.0,0.0,0.0,0.0,0.0,0.0,0.0,0.0,0.0,0.0,0.0,0.0,0.0,-,0.0
2024,8,RR,WR,Diontae Johnson,CAR,@DEN,2,0.0,0.0,0.0,0.0,0.0,0.0,0.0,0.0,0.0,0.0,0.0,0.0,0.0,0.0,0.0,-,0.0
2024,8,RR,QB,Michael Penix,ATL,@TB,32,0.0,0.0,0.0,0.0,0.0,0.0,0.0,0.0,0.0,0.0,0.0,0.0,0.0,0.0,0.0,-,0.0
2024,8,RR,DST,Steelers,PIT,NYG,29,,,,,,,,,,,,,,,,15.00,15.0
2024,8,SBS,QB,Lamar Jackson,BAL,@CLE,21,23.0,38.0,289.0,2.0,0.0,8.0,46.0,0.0,2.0,0.0,0.0,0.0,0.0,0.0,0.0,26.16,26.16
2024,8,SBS,RB,Jonathan Taylor,IND,@HOU,5,0.0,0.0,0.0,0.0,0.0,20.0,105.0,1.0,6.0,1.0,1.0,12.0,0.0,1.0,0.0,24.70,24.7
2024,8,SBS,QB,Jayden Daniels,WAS,CHI,2,21.0,38.0,326.0,1.0,0.0,8.0,52.0,0.0,2.0,0.0,0.0,0.0,0.0,0.0,0.0,24.24,24.24
2024,8,SBS,QB,Russell Wilson,PIT,NYG,24,20.0,28.0,278.0,1.0,0.0,3.0,7.0,0.0,0.0,0.0,0.0,0.0,0.0,0.0,1.0,13.82,13.82
2024,8,SBS,TE,Zach Ertz,WAS,CHI,15,0.0,0.0,0.0,0.0,0.0,0.0,0.0,0.0,0.0,11.0,7.0,77.0,0.0,6.0,0.0,13.70,13.7
2024,8,SBS,WR,Stefon Diggs,HOU,IND,17,0.0,0.0,0.0,0.0,0.0,1.0,-4.0,0.0,0.0,9.0,5.0,81.0,0.0,4.0,0.0,12.10,12.1
2024,8,SBS,WR,Deebo Samuel,SF,DAL,13,0.0,0.0,0.0,0.0,0.0,4.0,15.0,0.0,0.0,7.0,4.0,71.0,0.0,2.0,0.0,10.60,10.6
2024,8,SBS,RB,Chuba Hubbard,CAR,@DEN,8,0.0,0.0,0.0,0.0,0.0,15.0,56.0,0.0,2.0,2.0,2.0,15.0,0.0,0.0,0.0,9.10,9.1
2024,8,SBS,WR,Christian Kirk,JAC,GB,16,0.0,0.0,0.0,0.0,0.0,0.0,0.0,0.0,0.0,5.0,2.0,59.0,0.0,2.0,0.0,7.90,7.9
2024,8,SBS,WR,Christian Watson,GB,@JAC,29,0.0,0.0,0.0,0.0,0.0,0.0,0.0,0.0,0.0,6.0,4.0,39.0,0.0,3.0,0.0,6.90,6.9
2024,8,SBS,RB,Austin Ekeler,WAS,CHI,12,0.0,0.0,0.0,0.0,0.0,7.0,52.0,0.0,1.0,3.0,2.0,6.0,0.0,0.0,0.0,6.80,6.8
2024,8,SBS,WR,Rashod Bateman,BAL,@CLE,28,0.0,0.0,0.0,0.0,0.0,0.0,0.0,0.0,0.0,5.0,1.0,28.0,0.0,1.0,0.0,3.80,3.8
2024,8,SBS,WR,Alec Pierce,IND,@HOU,24,0.0,0.0,0.0,0.0,0.0,0.0,0.0,0.0,0.0,4.0,1.0,11.0,0.0,1.0,0.0,2.10,2.1
2024,8,SBS,RB,Jaylen Wright,MIA,ARI,29,0.0,0.0,0.0,0.0,0.0,2.0,18.0,0.0,0.0,0.0,0.0,0.0,0.0,0.0,0.0,1.80,1.8
2024,8,SBS,RB,Antonio Gibson,NE,NYJ,13,0.0,0.0,0.0,0.0,0.0,5.0,7.0,0.0,1.0,0.0,0.0,0.0,0.0,0.0,0.0,1.70,1.7
2024,8,SBS,WR,Troy Franklin,DEN,CAR,20,0.0,0.0,0.0,0.0,0.0,1.0,3.0,0.0,0.0,2.0,1.0,6.0,0.0,0.0,0.0,0.90,0.9
2024,8,SBS,RB,Jerome Ford,CLE,BAL,6,0.0,0.0,0.0,0.0,0.0,0.0,0.0,0.0,0.0,0.0,0.0,0.0,0.0,0.0,0.0,-,0.0
2024,8,SBS,WR,Andrei Iosivas,CIN,PHI,21,0.0,0.0,0.0,0.0,0.0,0.0,0.0,0.0,0.0,3.0,0.0,0.0,0.0,0.0,0.0,0.00,0.0
2024,8,SBS,DST,Giants,NYG,@PIT,4,,,,,,,,,,,,,,,,6.00,6.0
2024,9,ABT,RB,Saquon Barkley,PHI,JAC,26,0.0,0.0,0.0,0.0,0.0,27.0,159.0,1.0,5.0,4.0,3.0,40.0,1.0,3.0,1.0,37.90,37.9
2024,9,ABT,RB,Alvin Kamara,NO,@CAR,32,0.0,0.0,0.0,0.0,0.0,29.0,155.0,0.0,7.0,9.0,6.0,60.0,0.0,3.0,0.0,31.50,31.5
2024,9,ABT,RB,Chase Brown,CIN,LV,23,0.0,0.0,0.0,0.0,0.0,27.0,120.0,0.0,3.0,5.0,5.0,37.0,1.0,4.0,0.0,28.70,28.7
2024,9,ABT,QB,Dak Prescott,DAL,@ATL,26,18.0,24.0,133.0,1.0,0.0,3.0,30.0,0.0,2.0,0.0,0.0,0.0,0.0,0.0,0.0,14.32,14.32
2024,9,ABT,WR,Sterling Shepard,TB,@KC,7,0.0,0.0,0.0,0.0,0.0,2.0,21.0,0.0,2.0,5.0,4.0,48.0,0.0,2.0,0.0,10.90,10.9
2024,9,ABT,TE,Jake Ferguson,DAL,@ATL,24,0.0,0.0,0.0,0.0,0.0,0.0,0.0,0.0,0.0,10.0,7.0,71.0,0.0,3.0,0.0,10.10,10.1
2024,9,ABT,WR,Josh Downs,IND,@MIN,31,0.0,0.0,0.0,0.0,0.0,0.0,0.0,0.0,0.0,9.0,6.0,60.0,0.0,4.0,0.0,10.00,10.0
2024,9,ABT,QB,Caleb Williams,CHI,@ARI,21,22.0,41.0,217.0,0.0,0.0,4.0,5.0,0.0,0.0,0.0,0.0,0.0,0.0,0.0,0.0,9.18,9.18
2024,9,ABT,TE,Hunter Henry,NE,@TEN,9,0.0,0.0,0.0,0.0,0.0,0.0,0.0,0.0,0.0,8.0,7.0,56.0,0.0,3.0,0.0,8.60,8.6
2024,9,ABT,WR,Keenan Allen,CHI,@ARI,24,0.0,0.0,0.0,0.0,0.0,0.0,0.0,0.0,0.0,10.0,4.0,36.0,0.0,3.0,0.0,6.60,6.6
2024,9,ABT,RB,Alexander Mattison,LV,@CIN,13,0.0,0.0,0.0,0.0,0.0,9.0,36.0,0.0,2.0,0.0,0.0,0.0,0.0,0.0,0.0,5.60,5.6
2024,9,ABT,WR,DJ Moore,CHI,@ARI,24,0.0,0.0,0.0,0.0,0.0,0.0,0.0,0.0,0.0,9.0,4.0,33.0,0.0,2.0,0.0,5.30,5.3
2024,9,ABT,WR,Chris Olave,NO,@CAR,12,0.0,0.0,0.0,0.0,0.0,0.0,0.0,0.0,0.0,1.0,1.0,13.0,0.0,1.0,0.0,2.30,2.3
2024,9,ABT,WR,Puka Nacua,LAR,@SEA,20,0.0,0.0,0.0,0.0,0.0,0.0,0.0,0.0,0.0,4.0,1.0,11.0,0.0,1.0,0.0,2.10,2.1
2024,9,ABT,RB,Roschon Johnson,CHI,@ARI,27,0.0,0.0,0.0,0.0,0.0,3.0,13.0,0.0,0.0,3.0,2.0,8.0,0.0,0.0,0.0,2.10,2.1
2024,9,ABT,WR,Roman Wilson,PIT,BYE,---,0.0,0.0,0.0,0.0,0.0,0.0,0.0,0.0,0.0,0.0,0.0,0.0,0.0,0.0,0.0,-,0.0
2024,9,ABT,RB,Keaton Mitchell,BAL,DEN,15,0.0,0.0,0.0,0.0,0.0,0.0,0.0,0.0,0.0,0.0,0.0,0.0,0.0,0.0,0.0,-,0.0
2024,9,ABT,WR,Jermaine Burton,CIN,LV,8,0.0,0.0,0.0,0.0,0.0,0.0,0.0,0.0,0.0,0.0,0.0,0.0,0.0,0.0,0.0,-,0.0
2024,9,ABT,DST,Eagles,PHI,JAC,14,,,,,,,,,,,,,,,,10.00,10.0
2024,9,CLC,WR,Darnell Mooney,ATL,DAL,18,0.0,0.0,0.0,0.0,0.0,0.0,0.0,0.0,0.0,9.0,5.0,88.0,1.0,4.0,0.0,18.80,18.8
2024,9,CLC,WR,DeVonta Smith,PHI,JAC,28,0.0,0.0,0.0,0.0,0.0,0.0,0.0,0.0,0.0,6.0,4.0,87.0,1.0,4.0,0.0,18.70,18.7
2024,9,CLC,WR,Rome Odunze,CHI,@ARI,24,0.0,0.0,0.0,0.0,0.0,0.0,0.0,0.0,0.0,7.0,5.0,104.0,0.0,4.0,0.0,14.40,14.4
2024,9,CLC,RB,Breece Hall,NYJ,HOU,4,0.0,0.0,0.0,0.0,0.0,15.0,74.0,0.0,3.0,4.0,2.0,11.0,0.0,1.0,0.0,12.50,12.5
2024,9,CLC,RB,Javonte Williams,DEN,@BAL,6,0.0,0.0,0.0,0.0,0.0,12.0,42.0,0.0,2.0,3.0,2.0,42.0,0.0,2.0,0.0,12.40,12.4
2024,9,CLC,QB,Jordan Love,GB,DET,14,23.0,39.0,273.0,0.0,1.0,3.0,0.0,0.0,0.0,0.0,0.0,0.0,0.0,0.0,0.0,10.92,10.92
2024,9,CLC,RB,Justice Hill,BAL,DEN,15,0.0,0.0,0.0,0.0,0.0,5.0,15.0,0.0,2.0,3.0,3.0,43.0,0.0,2.0,0.0,9.80,9.8
2024,9,CLC,WR,Jaylen Waddle,MIA,@BUF,5,0.0,0.0,0.0,0.0,0.0,0.0,0.0,0.0,0.0,2.0,2.0,-4.0,1.0,2.0,0.0,8.00,8.0
2024,9,CLC,TE,Dalton Kincaid,BUF,MIA,7,0.0,0.0,0.0,0.0,0.0,0.0,0.0,0.0,0.0,10.0,4.0,32.0,0.0,1.0,0.0,4.20,4.2
2024,9,CLC,QB,Joe Flacco,IND,@MIN,8,16.0,27.0,179.0,0.0,1.0,2.0,-1.0,0.0,0.0,0.0,0.0,0.0,0.0,0.0,1.0,3.16,3.16
2024,9,CLC,QB,Justin Fields,PIT,BYE,---,0.0,0.0,0.0,0.0,0.0,0.0,0.0,0.0,0.0,0.0,0.0,0.0,0.0,0.0,0.0,-,0.0
2024,9,CLC,RB,Jordan Mason,SF,BYE,---,0.0,0.0,0.0,0.0,0.0,0.0,0.0,0.0,0.0,0.0,0.0,0.0,0.0,0.0,0.0,-,0.0
2024,9,CLC,WR,Ricky Pearsall,SF,BYE,---,0.0,0.0,0.0,0.0,0.0,0.0,0.0,0.0,0.0,0.0,0.0,0.0,0.0,0.0,0.0,-,0.0
2024,9,CLC,WR,Nico Collins,HOU,@NYJ,3,0.0,0.0,0.0,0.0,0.0,0.0,0.0,0.0,0.0,0.0,0.0,0.0,0.0,0.0,0.0,-,0.0
2024,9,CLC,WR,Ja'Lynn Polk,NE,@TEN,1,0.0,0.0,0.0,0.0,0.0,0.0,0.0,0.0,0.0,1.0,0.0,0.0,0.0,0.0,0.0,0.00,0.0
2024,9,CLC,RB,Zack Moss,CIN,LV,23,0.0,0.0,0.0,0.0,0.0,0.0,0.0,0.0,0.0,0.0,0.0,0.0,0.0,0.0,0.0,-,0.0
2024,9,CLC,DST,Bears,CHI,@ARI,7,,,,,,,,,,,,,,,,8.00,8.0
2024,9,CPC,RB,Derrick Henry,BAL,DEN,15,0.0,0.0,0.0,0.0,0.0,23.0,106.0,2.0,5.0,1.0,1.0,27.0,0.0,1.0,0.0,31.30,31.3
2024,9,CPC,RB,JK Dobbins,LAC,@CLE,8,0.0,0.0,0.0,0.0,0.0,14.0,85.0,2.0,3.0,2.0,2.0,20.0,0.0,1.0,0.0,26.50,26.5
2024,9,CPC,QB,Sam Darnold,MIN,IND,22,28.0,34.0,290.0,3.0,2.0,4.0,14.0,0.0,3.0,0.0,0.0,0.0,0.0,0.0,1.0,22.00,22.0
2024,9,CPC,RB,Tony Pollard,TEN,NE,29,0.0,0.0,0.0,0.0,0.0,28.0,128.0,0.0,6.0,3.0,3.0,26.0,0.0,0.0,0.0,21.40,21.4
2024,9,CPC,QB,Drake Maye,NE,@TEN,15,29.0,41.0,206.0,1.0,2.0,8.0,95.0,0.0,5.0,0.0,0.0,0.0,0.0,0.0,1.0,20.74,20.74
2024,9,CPC,WR,Jakobi Meyers,LV,@CIN,10,0.0,0.0,0.0,0.0,0.0,0.0,0.0,0.0,0.0,11.0,8.0,105.0,0.0,6.0,0.0,16.50,16.5
2024,9,CPC,WR,Tyler Lockett,SEA,LAR,26,0.0,0.0,0.0,0.0,0.0,0.0,0.0,0.0,0.0,4.0,3.0,63.0,1.0,3.0,0.0,15.30,15.3
2024,9,CPC,QB,Derek Carr,NO,@CAR,27,18.0,31.0,236.0,1.0,0.0,0.0,0.0,0.0,0.0,0.0,0.0,0.0,0.0,0.0,0.0,13.44,13.44
2024,9,CPC,WR,Tyreek Hill,MIA,@BUF,5,0.0,0.0,0.0,0.0,0.0,0.0,0.0,0.0,0.0,5.0,4.0,80.0,0.0,4.0,0.0,12.00,12.0
2024,9,CPC,TE,Ja'Tavion Sanders,CAR,NO,17,0.0,0.0,0.0,0.0,0.0,0.0,0.0,0.0,0.0,5.0,4.0,87.0,0.0,3.0,0.0,11.70,11.7
2024,9,CPC,WR,Ladd McConkey,LAC,@CLE,29,0.0,0.0,0.0,0.0,0.0,0.0,0.0,0.0,0.0,7.0,5.0,64.0,0.0,4.0,0.0,10.40,10.4
2024,9,CPC,RB,James Cook,BUF,MIA,28,0.0,0.0,0.0,0.0,0.0,10.0,44.0,0.0,2.0,6.0,5.0,25.0,0.0,1.0,0.0,9.90,9.9
2024,9,CPC,WR,Ja'Marr Chase,CIN,LV,8,0.0,0.0,0.0,0.0,0.0,0.0,0.0,0.0,0.0,11.0,7.0,43.0,0.0,3.0,0.0,7.30,7.3
2024,9,CPC,WR,Tee Higgins,CIN,LV,8,0.0,0.0,0.0,0.0,0.0,0.0,0.0,0.0,0.0,0.0,0.0,0.0,0.0,0.0,0.0,-,0.0
2024,9,CPC,TE,George Kittle,SF,BYE,---,0.0,0.0,0.0,0.0,0.0,0.0,0.0,0.0,0.0,0.0,0.0,0.0,0.0,0.0,0.0,-,0.0
2024,9,CPC,WR,Dontayvion Wicks,GB,DET,30,0.0,0.0,0.0,0.0,0.0,0.0,0.0,0.0,0.0,3.0,0.0,0.0,0.0,0.0,0.0,0.00,0.0
2024,9,CPC,RB,Brian Robinson,WAS,@NYG,18,0.0,0.0,0.0,0.0,0.0,0.0,0.0,0.0,0.0,0.0,0.0,0.0,0.0,0.0,0.0,-,0.0
2024,9,CPC,DST,Vikings,MIN,IND,18,,,,,,,,,,,,,,,,12.00,12.0
2024,9,DDD,RB,De'Von Achane,MIA,@BUF,30,0.0,0.0,0.0,0.0,0.0,12.0,63.0,1.0,5.0,8.0,8.0,58.0,1.0,4.0,0.0,33.10,33.1
2024,9,DDD,WR,Zay Flowers,BAL,DEN,9,0.0,0.0,0.0,0.0,0.0,0.0,0.0,0.0,0.0,6.0,5.0,127.0,2.0,4.0,0.0,28.70,28.7
2024,9,DDD,TE,Mike Gesicki,CIN,LV,29,0.0,0.0,0.0,0.0,0.0,0.0,0.0,0.0,0.0,6.0,5.0,100.0,2.0,5.0,0.0,27.00,27.0
2024,9,DDD,WR,Quentin Johnston,LAC,@CLE,29,0.0,0.0,0.0,0.0,0.0,1.0,2.0,0.0,0.0,5.0,4.0,118.0,1.0,3.0,0.0,21.00,21.0
2024,9,DDD,WR,Tank Dell,HOU,@NYJ,3,0.0,0.0,0.0,0.0,0.0,0.0,0.0,0.0,0.0,9.0,6.0,126.0,0.0,4.0,0.0,16.60,16.6
2024,9,DDD,RB,Jahmyr Gibbs,DET,@GB,17,0.0,0.0,0.0,0.0,0.0,11.0,65.0,1.0,2.0,2.0,1.0,11.0,0.0,1.0,0.0,16.60,16.6
2024,9,DDD,RB,Kenneth Walker,SEA,LAR,21,0.0,0.0,0.0,0.0,0.0,25.0,83.0,0.0,3.0,3.0,3.0,24.0,0.0,1.0,0.0,14.70,14.7
2024,9,DDD,QB,Jameis Winston,CLE,LAC,6,26.0,46.0,235.0,1.0,3.0,5.0,27.0,0.0,4.0,0.0,0.0,0.0,0.0,0.0,0.0,14.10,14.1
2024,9,DDD,WR,Malik Nabers,NYG,WAS,21,0.0,0.0,0.0,0.0,0.0,0.0,0.0,0.0,0.0,11.0,9.0,59.0,0.0,4.0,0.0,9.90,9.9
2024,9,DDD,QB,Jared Goff,DET,@GB,5,18.0,22.0,145.0,1.0,0.0,3.0,-2.0,0.0,0.0,0.0,0.0,0.0,0.0,0.0,0.0,9.80,9.8
2024,9,DDD,RB,Bucky Irving,TB,@KC,1,0.0,0.0,0.0,0.0,0.0,7.0,24.0,0.0,1.0,3.0,3.0,10.0,0.0,0.0,0.0,4.40,4.4
2024,9,DDD,TE,Sam LaPorta,DET,@GB,21,0.0,0.0,0.0,0.0,0.0,0.0,0.0,0.0,0.0,3.0,2.0,28.0,0.0,1.0,0.0,3.80,3.8
2024,9,DDD,RB,Tank Bigsby,JAC,@PHI,5,0.0,0.0,0.0,0.0,0.0,8.0,22.0,0.0,1.0,0.0,0.0,0.0,0.0,0.0,0.0,3.20,3.2
2024,9,DDD,WR,Adonai Mitchell,IND,@MIN,31,0.0,0.0,0.0,0.0,0.0,0.0,0.0,0.0,0.0,1.0,1.0,22.0,0.0,0.0,0.0,2.20,2.2
2024,9,DDD,RB,Jaleel McLaughlin,DEN,@BAL,6,0.0,0.0,0.0,0.0,0.0,5.0,10.0,0.0,0.0,3.0,3.0,10.0,0.0,0.0,0.0,2.00,2.0
2024,9,DDD,QB,Deshaun Watson,CLE,LAC,6,0.0,0.0,0.0,0.0,0.0,0.0,0.0,0.0,0.0,0.0,0.0,0.0,0.0,0.0,0.0,-,0.0
2024,9,DDD,DST,Bengals,CIN,LV,31,,,,,,,,,,,,,,,,11.00,11.0
2024,9,LBC,WR,Jaxon Smith-Njigba,SEA,LAR,26,0.0,0.0,0.0,0.0,0.0,0.0,0.0,0.0,0.0,13.0,7.0,180.0,2.0,5.0,0.0,35.00,35.0
2024,9,LBC,RB,Rhamondre Stevenson,NE,@TEN,14,0.0,0.0,0.0,0.0,0.0,10.0,16.0,1.0,2.0,5.0,5.0,38.0,1.0,2.0,0.0,21.40,21.4
2024,9,LBC,QB,Bo Nix,DEN,@BAL,30,19.0,33.0,223.0,0.0,1.0,6.0,36.0,0.0,3.0,1.0,1.0,2.0,1.0,1.0,0.0,20.72,20.72
2024,9,LBC,QB,Aaron Rodgers,NYJ,HOU,23,22.0,32.0,211.0,3.0,0.0,1.0,-1.0,0.0,0.0,0.0,0.0,0.0,0.0,0.0,0.0,20.44,20.44
2024,9,LBC,TE,Trey McBride,ARI,CHI,19,0.0,0.0,0.0,0.0,0.0,1.0,2.0,1.0,1.0,4.0,3.0,35.0,0.0,2.0,0.0,12.70,12.7
2024,9,LBC,TE,Brock Bowers,LV,@CIN,26,0.0,0.0,0.0,0.0,0.0,0.0,0.0,0.0,0.0,8.0,5.0,45.0,1.0,2.0,0.0,12.50,12.5
2024,9,LBC,WR,Jerry Jeudy,CLE,LAC,6,0.0,0.0,0.0,0.0,0.0,0.0,0.0,0.0,0.0,11.0,7.0,73.0,0.0,5.0,0.0,12.30,12.3
2024,9,LBC,RB,Raheem Mostert,MIA,@BUF,30,0.0,0.0,0.0,0.0,0.0,10.0,56.0,0.0,3.0,2.0,2.0,32.0,0.0,2.0,1.0,11.80,11.8
2024,9,LBC,WR,Drake London,ATL,DAL,18,0.0,0.0,0.0,0.0,0.0,0.0,0.0,0.0,0.0,2.0,2.0,27.0,1.0,2.0,0.0,10.70,10.7
2024,9,LBC,TE,Evan Engram,JAC,@PHI,4,0.0,0.0,0.0,0.0,0.0,0.0,0.0,0.0,0.0,10.0,5.0,45.0,0.0,2.0,0.0,8.50,8.5
2024,9,LBC,WR,Jalen Coker,CAR,NO,17,0.0,0.0,0.0,0.0,0.0,0.0,0.0,0.0,0.0,3.0,2.0,36.0,0.0,2.0,0.0,5.60,5.6
2024,9,LBC,RB,Travis Etienne,JAC,@PHI,5,0.0,0.0,0.0,0.0,0.0,3.0,24.0,0.0,1.0,3.0,2.0,6.0,0.0,0.0,0.0,4.00,4.0
2024,9,LBC,WR,Michael Pittman,IND,@MIN,31,0.0,0.0,0.0,0.0,0.0,0.0,0.0,0.0,0.0,4.0,1.0,14.0,0.0,0.0,0.0,1.40,1.4
2024,9,LBC,WR,Brandon Aiyuk,SF,BYE,---,0.0,0.0,0.0,0.0,0.0,0.0,0.0,0.0,0.0,0.0,0.0,0.0,0.0,0.0,0.0,-,0.0
2024,9,LBC,WR,Devontez Walker,BAL,DEN,9,0.0,0.0,0.0,0.0,0.0,0.0,0.0,0.0,0.0,0.0,0.0,0.0,0.0,0.0,0.0,0.00,0.0
2024,9,LBC,QB,Anthony Richardson,IND,@MIN,8,0.0,0.0,0.0,0.0,0.0,0.0,0.0,0.0,0.0,0.0,0.0,0.0,0.0,0.0,0.0,-,0.0
2024,9,LBC,RB,Isiah Pacheco,KC,TB,22,0.0,0.0,0.0,0.0,0.0,0.0,0.0,0.0,0.0,0.0,0.0,0.0,0.0,0.0,0.0,-,0.0
2024,9,LBC,WR,Michael Wilson,ARI,CHI,2,0.0,0.0,0.0,0.0,0.0,0.0,0.0,0.0,0.0,1.0,0.0,0.0,0.0,0.0,0.0,0.00,0.0
2024,9,LBC,DST,Broncos,DEN,@BAL,3,,,,,,,,,,,,,,,,-3.00,-3.0
2024,9,LC,QB,Jalen Hurts,PHI,JAC,31,18.0,24.0,230.0,2.0,0.0,13.0,67.0,1.0,4.0,0.0,0.0,0.0,0.0,0.0,0.0,33.90,33.9
2024,9,LC,WR,DeAndre Hopkins,KC,TB,25,0.0,0.0,0.0,0.0,0.0,0.0,0.0,0.0,0.0,9.0,8.0,86.0,2.0,5.0,0.0,25.60,25.6
2024,9,LC,QB,Patrick Mahomes,KC,TB,32,34.0,44.0,291.0,3.0,0.0,2.0,9.0,0.0,1.0,0.0,0.0,0.0,0.0,0.0,0.0,25.54,25.54
2024,9,LC,RB,James Conner,ARI,CHI,19,0.0,0.0,0.0,0.0,0.0,18.0,107.0,0.0,5.0,3.0,3.0,12.0,0.0,0.0,0.0,16.90,16.9
2024,9,LC,WR,Xavier Legette,CAR,NO,17,0.0,0.0,0.0,0.0,0.0,1.0,6.0,0.0,1.0,6.0,4.0,33.0,1.0,2.0,0.0,12.90,12.9
2024,9,LC,RB,Tyler Allgeier,ATL,DAL,31,0.0,0.0,0.0,0.0,0.0,6.0,18.0,1.0,1.0,0.0,0.0,0.0,0.0,0.0,0.0,8.80,8.8
2024,9,LC,TE,Juwan Johnson,NO,@CAR,32,0.0,0.0,0.0,0.0,0.0,0.0,0.0,0.0,0.0,2.0,2.0,41.0,0.0,2.0,0.0,6.10,6.1
2024,9,LC,RB,Zach Charbonnet,SEA,LAR,21,0.0,0.0,0.0,0.0,0.0,2.0,8.0,0.0,0.0,3.0,2.0,25.0,0.0,1.0,0.0,4.30,4.3
2024,9,LC,QB,Gardner Minshew,LV,@CIN,29,10.0,17.0,124.0,0.0,0.0,1.0,0.0,0.0,0.0,0.0,0.0,0.0,0.0,0.0,1.0,2.96,2.96
2024,9,LC,TE,Ben Sinnott,WAS,@NYG,1,0.0,0.0,0.0,0.0,0.0,0.0,0.0,0.0,0.0,1.0,1.0,12.0,0.0,1.0,0.0,2.20,2.2
2024,9,LC,TE,Dalton Schultz,HOU,@NYJ,6,0.0,0.0,0.0,0.0,0.0,0.0,0.0,0.0,0.0,6.0,3.0,21.0,0.0,0.0,0.0,2.10,2.1
2024,9,LC,RB,Jeff Wilson,MIA,@BUF,30,0.0,0.0,0.0,0.0,0.0,0.0,0.0,0.0,0.0,0.0,0.0,0.0,0.0,0.0,0.0,-,0.0
2024,9,LC,WR,DK Metcalf,SEA,LAR,26,0.0,0.0,0.0,0.0,0.0,0.0,0.0,0.0,0.0,0.0,0.0,0.0,0.0,0.0,0.0,-,0.0
2024,9,LC,WR,Allen Lazard,NYJ,HOU,27,0.0,0.0,0.0,0.0,0.0,0.0,0.0,0.0,0.0,0.0,0.0,0.0,0.0,0.0,0.0,-,0.0
2024,9,LC,WR,Rashid Shaheed,NO,@CAR,12,0.0,0.0,0.0,0.0,0.0,0.0,0.0,0.0,0.0,0.0,0.0,0.0,0.0,0.0,0.0,-,0.0
2024,9,LC,RB,Jaylen Warren,PIT,BYE,---,0.0,0.0,0.0,0.0,0.0,0.0,0.0,0.0,0.0,0.0,0.0,0.0,0.0,0.0,0.0,-,0.0
2024,9,LC,WR,Xavier Worthy,KC,TB,25,0.0,0.0,0.0,0.0,0.0,2.0,-10.0,0.0,0.0,2.0,0.0,0.0,0.0,0.0,0.0,0.00,0.0
2024,9,LC,RB,Jamaal Williams,NO,@CAR,32,0.0,0.0,0.0,0.0,0.0,0.0,0.0,0.0,0.0,0.0,0.0,0.0,0.0,0.0,0.0,-,0.0
2024,9,LC,DST,49ers,SF,BYE,---,,,,,,,,,,,,,,,,-,0.0
2024,9,MB,RB,Bijan Robinson,ATL,DAL,31,0.0,0.0,0.0,0.0,0.0,19.0,86.0,0.0,4.0,7.0,7.0,59.0,0.0,4.0,0.0,22.50,22.5
2024,9,MB,QB,Matthew Stafford,LAR,@SEA,16,25.0,44.0,298.0,2.0,1.0,1.0,0.0,0.0,0.0,0.0,0.0,0.0,0.0,0.0,0.0,17.92,17.92
2024,9,MB,RB,Ray Davis,BUF,MIA,28,0.0,0.0,0.0,0.0,0.0,4.0,20.0,0.0,0.0,2.0,2.0,70.0,1.0,2.0,0.0,17.00,17.0
2024,9,MB,WR,Amon-Ra St Brown,DET,@GB,13,0.0,0.0,0.0,0.0,0.0,0.0,0.0,0.0,0.0,7.0,7.0,56.0,1.0,4.0,0.0,15.60,15.6
2024,9,MB,WR,Cooper Kupp,LAR,@SEA,20,0.0,0.0,0.0,0.0,0.0,0.0,0.0,0.0,0.0,14.0,11.0,104.0,0.0,4.0,0.0,14.40,14.4
2024,9,MB,WR,Josh Palmer,LAC,@CLE,29,0.0,0.0,0.0,0.0,0.0,0.0,0.0,0.0,0.0,4.0,2.0,63.0,1.0,2.0,0.0,14.30,14.3
2024,9,MB,TE,Travis Kelce,KC,TB,28,0.0,0.0,0.0,0.0,0.0,0.0,0.0,0.0,0.0,16.0,14.0,100.0,0.0,6.0,1.0,14.00,14.0
2024,9,MB,RB,Aaron Jones,MIN,IND,20,0.0,0.0,0.0,0.0,0.0,21.0,64.0,0.0,4.0,4.0,4.0,18.0,0.0,1.0,0.0,13.20,13.2
2024,9,MB,RB,Tyrone Tracy,NYG,WAS,16,0.0,0.0,0.0,0.0,0.0,16.0,66.0,0.0,2.0,1.0,1.0,3.0,0.0,0.0,0.0,8.90,8.9
2024,9,MB,RB,Cam Akers,MIN,IND,20,0.0,0.0,0.0,0.0,0.0,6.0,46.0,0.0,3.0,2.0,2.0,7.0,0.0,0.0,0.0,8.30,8.3
2024,9,MB,RB,Zamir White,LV,@CIN,13,0.0,0.0,0.0,0.0,0.0,6.0,10.0,1.0,1.0,0.0,0.0,0.0,0.0,0.0,0.0,8.00,8.0
2024,9,MB,QB,Kyler Murray,ARI,CHI,1,13.0,20.0,154.0,0.0,0.0,2.0,6.0,0.0,1.0,0.0,0.0,0.0,0.0,0.0,1.0,5.76,5.76
2024,9,MB,TE,Mark Andrews,BAL,DEN,8,0.0,0.0,0.0,0.0,0.0,0.0,0.0,0.0,0.0,2.0,2.0,26.0,0.0,2.0,0.0,4.60,4.6
2024,9,MB,WR,Tutu Atwell,LAR,@SEA,20,0.0,0.0,0.0,0.0,0.0,0.0,0.0,0.0,0.0,3.0,1.0,16.0,0.0,1.0,0.0,2.60,2.6
2024,9,MB,WR,Marvin Harrison,ARI,CHI,2,0.0,0.0,0.0,0.0,0.0,0.0,0.0,0.0,0.0,5.0,2.0,34.0,0.0,0.0,1.0,1.40,1.4
2024,9,MB,RB,Isaac Guerendo,SF,BYE,---,0.0,0.0,0.0,0.0,0.0,0.0,0.0,0.0,0.0,0.0,0.0,0.0,0.0,0.0,0.0,-,0.0
2024,9,MB,QB,Will Levis,TEN,NE,13,0.0,0.0,0.0,0.0,0.0,0.0,0.0,0.0,0.0,0.0,0.0,0.0,0.0,0.0,0.0,-,0.0
2024,9,MB,RB,Khalil Herbert,CHI,@ARI,27,0.0,0.0,0.0,0.0,0.0,0.0,0.0,0.0,0.0,0.0,0.0,0.0,0.0,0.0,0.0,-,0.0
2024,9,MB,DST,Buccaneers,TB,@KC,6,,,,,,,,,,,,,,,,5.00,5.0
2024,9,NBB,QB,Josh Allen,BUF,MIA,3,25.0,39.0,235.0,3.0,1.0,2.0,7.0,0.0,1.0,0.0,0.0,0.0,0.0,0.0,0.0,23.10,23.1
2024,9,NBB,QB,Trevor Lawrence,JAC,@PHI,12,16.0,31.0,169.0,0.0,2.0,5.0,8.0,2.0,2.0,0.0,0.0,0.0,0.0,0.0,0.0,21.56,21.56
2024,9,NBB,WR,Terry McLaurin,WAS,@NYG,14,0.0,0.0,0.0,0.0,0.0,0.0,0.0,0.0,0.0,3.0,2.0,19.0,2.0,2.0,0.0,15.90,15.9
2024,9,NBB,WR,Jayden Reed,GB,DET,30,0.0,0.0,0.0,0.0,0.0,0.0,0.0,0.0,0.0,6.0,5.0,113.0,0.0,4.0,0.0,15.30,15.3
2024,9,NBB,RB,D'Andre Swift,CHI,@ARI,27,0.0,0.0,0.0,0.0,0.0,16.0,51.0,0.0,5.0,6.0,6.0,31.0,0.0,1.0,0.0,14.20,14.2
2024,9,NBB,WR,Khalil Shakir,BUF,MIA,4,0.0,0.0,0.0,0.0,0.0,0.0,0.0,0.0,0.0,7.0,6.0,50.0,0.0,4.0,0.0,9.00,9.0
2024,9,NBB,RB,Nick Chubb,CLE,LAC,2,0.0,0.0,0.0,0.0,0.0,15.0,39.0,0.0,2.0,1.0,1.0,-4.0,0.0,0.0,0.0,5.90,5.9
2024,9,NBB,WR,Brian Thomas,JAC,@PHI,15,0.0,0.0,0.0,0.0,0.0,0.0,0.0,0.0,0.0,4.0,2.0,22.0,0.0,1.0,0.0,5.20,5.2
2024,9,NBB,TE,David Njoku,CLE,LAC,15,0.0,0.0,0.0,0.0,0.0,0.0,0.0,0.0,0.0,7.0,5.0,29.0,0.0,1.0,0.0,3.90,3.9
2024,9,NBB,TE,Kyle Pitts,ATL,DAL,18,0.0,0.0,0.0,0.0,0.0,0.0,0.0,0.0,0.0,1.0,1.0,11.0,0.0,0.0,0.0,1.10,1.1
2024,9,NBB,WR,Jameson Williams,DET,@GB,13,0.0,0.0,0.0,0.0,0.0,0.0,0.0,0.0,0.0,0.0,0.0,0.0,0.0,0.0,0.0,-,0.0
2024,9,NBB,RB,Blake Corum,LAR,@SEA,24,0.0,0.0,0.0,0.0,0.0,1.0,-1.0,0.0,0.0,0.0,0.0,0.0,0.0,0.0,0.0,0.00,0.0
2024,9,NBB,TE,Dallas Goedert,PHI,JAC,25,0.0,0.0,0.0,0.0,0.0,0.0,0.0,0.0,0.0,0.0,0.0,0.0,0.0,0.0,0.0,-,0.0
2024,9,NBB,RB,Ty Chandler,MIN,IND,20,0.0,0.0,0.0,0.0,0.0,0.0,0.0,0.0,0.0,0.0,0.0,0.0,0.0,0.0,0.0,0.00,0.0
2024,9,NBB,WR,Chris Godwin,TB,@KC,7,0.0,0.0,0.0,0.0,0.0,0.0,0.0,0.0,0.0,0.0,0.0,0.0,0.0,0.0,0.0,-,0.0
2024,9,NBB,RB,Gus Edwards,LAC,@CLE,8,0.0,0.0,0.0,0.0,0.0,0.0,0.0,0.0,0.0,0.0,0.0,0.0,0.0,0.0,0.0,-,0.0
2024,9,NBB,RB,Will Shipley,PHI,JAC,26,0.0,0.0,0.0,0.0,0.0,0.0,0.0,0.0,0.0,0.0,0.0,0.0,0.0,0.0,0.0,0.00,0.0
2024,9,NBB,WR,Mike Evans,TB,@KC,7,0.0,0.0,0.0,0.0,0.0,0.0,0.0,0.0,0.0,0.0,0.0,0.0,0.0,0.0,0.0,-,0.0
2024,9,NBB,WR,Gabe Davis,JAC,@PHI,15,0.0,0.0,0.0,0.0,0.0,0.0,0.0,0.0,0.0,0.0,0.0,0.0,0.0,0.0,0.0,-,0.0
2024,9,NBB,DST,Bills,BUF,MIA,26,,,,,,,,,,,,,,,,3.00,3.0
2024,9,PCP,QB,Joe Burrow,CIN,LV,24,27.0,39.0,251.0,5.0,1.0,3.0,11.0,0.0,2.0,0.0,0.0,0.0,0.0,0.0,0.0,31.14,31.14
2024,9,PCP,QB,Daniel Jones,NYG,WAS,17,20.0,26.0,174.0,2.0,0.0,7.0,54.0,1.0,6.0,0.0,0.0,0.0,0.0,0.0,1.0,30.36,30.36
2024,9,PCP,WR,Garrett Wilson,NYJ,HOU,27,0.0,0.0,0.0,0.0,0.0,0.0,0.0,0.0,0.0,10.0,9.0,90.0,2.0,4.0,0.0,25.00,25.0
2024,9,PCP,RB,Rico Dowdle,DAL,@ATL,10,0.0,0.0,0.0,0.0,0.0,12.0,75.0,0.0,4.0,6.0,5.0,32.0,1.0,3.0,0.0,23.70,23.7
2024,9,PCP,QB,Geno Smith,SEA,LAR,18,21.0,34.0,363.0,3.0,3.0,6.0,16.0,0.0,1.0,0.0,0.0,0.0,0.0,0.0,0.0,23.12,23.12
2024,9,PCP,RB,Kyren Williams,LAR,@SEA,24,0.0,0.0,0.0,0.0,0.0,22.0,69.0,0.0,4.0,3.0,1.0,26.0,0.0,1.0,0.0,14.50,14.5
2024,9,PCP,RB,Trey Benson,ARI,CHI,19,0.0,0.0,0.0,0.0,0.0,8.0,37.0,1.0,2.0,1.0,1.0,18.0,0.0,1.0,0.0,14.50,14.5
2024,9,PCP,WR,CeeDee Lamb,DAL,@ATL,23,0.0,0.0,0.0,0.0,0.0,2.0,15.0,0.0,1.0,12.0,8.0,47.0,0.0,2.0,0.0,11.20,11.2
2024,9,PCP,WR,Keon Coleman,BUF,MIA,4,0.0,0.0,0.0,0.0,0.0,0.0,0.0,0.0,0.0,2.0,1.0,21.0,0.0,1.0,0.0,5.10,5.1
2024,9,PCP,WR,AJ Brown,PHI,JAC,28,0.0,0.0,0.0,0.0,0.0,0.0,0.0,0.0,0.0,4.0,2.0,36.0,0.0,1.0,0.0,4.60,4.6
2024,9,PCP,TE,TJ Hockenson,MIN,IND,30,0.0,0.0,0.0,0.0,0.0,0.0,0.0,0.0,0.0,4.0,3.0,27.0,0.0,1.0,0.0,3.70,3.7
2024,9,PCP,RB,Braelon Allen,NYJ,HOU,4,0.0,0.0,0.0,0.0,0.0,4.0,9.0,0.0,1.0,1.0,0.0,0.0,0.0,0.0,0.0,1.90,1.9
2024,9,PCP,TE,Luke Musgrave,GB,DET,3,0.0,0.0,0.0,0.0,0.0,0.0,0.0,0.0,0.0,0.0,0.0,0.0,0.0,0.0,0.0,-,0.0
2024,9,PCP,RB,Dameon Pierce,HOU,@NYJ,12,0.0,0.0,0.0,0.0,0.0,0.0,0.0,0.0,0.0,0.0,0.0,0.0,0.0,0.0,0.0,-,0.0
2024,9,PCP,WR,Rashee Rice,KC,TB,25,0.0,0.0,0.0,0.0,0.0,0.0,0.0,0.0,0.0,0.0,0.0,0.0,0.0,0.0,0.0,-,0.0
2024,9,PCP,RB,Ezekiel Elliott,DAL,@ATL,10,0.0,0.0,0.0,0.0,0.0,0.0,0.0,0.0,0.0,0.0,0.0,0.0,0.0,0.0,0.0,-,0.0
2024,9,PCP,TE,Pat Freiermuth,PIT,BYE,---,0.0,0.0,0.0,0.0,0.0,0.0,0.0,0.0,0.0,0.0,0.0,0.0,0.0,0.0,0.0,-,0.0
2024,9,PCP,RB,Tyjae Spears,TEN,NE,29,0.0,0.0,0.0,0.0,0.0,0.0,0.0,0.0,0.0,0.0,0.0,0.0,0.0,0.0,0.0,-,0.0
2024,9,PCP,DST,Ravens,BAL,DEN,19,,,,,,,,,,,,,,,,14.00,14.0
2024,9,PP,WR,Courtland Sutton,DEN,@BAL,32,1.0,1.0,2.0,1.0,0.0,0.0,0.0,0.0,0.0,10.0,7.0,122.0,0.0,5.0,0.0,21.28,21.28
2024,9,PP,QB,Justin Herbert,LAC,@CLE,20,18.0,27.0,282.0,2.0,0.0,3.0,2.0,0.0,0.0,0.0,0.0,0.0,0.0,0.0,0.0,19.48,19.48
2024,9,PP,WR,Davante Adams,NYJ,HOU,27,0.0,0.0,0.0,0.0,0.0,0.0,0.0,0.0,0.0,11.0,7.0,91.0,1.0,4.0,0.0,19.10,19.1
2024,9,PP,QB,Kirk Cousins,ATL,DAL,28,19.0,24.0,222.0,3.0,0.0,4.0,-11.0,0.0,0.0,0.0,0.0,0.0,0.0,0.0,1.0,18.88,18.88
2024,9,PP,RB,David Montgomery,DET,@GB,17,0.0,0.0,0.0,0.0,0.0,17.0,73.0,0.0,6.0,3.0,3.0,23.0,0.0,1.0,0.0,16.60,16.6
2024,9,PP,RB,Josh Jacobs,GB,DET,7,0.0,0.0,0.0,0.0,0.0,13.0,95.0,0.0,4.0,3.0,2.0,13.0,0.0,1.0,0.0,15.80,15.8
2024,9,PP,WR,Calvin Ridley,TEN,NE,19,0.0,0.0,0.0,0.0,0.0,0.0,0.0,0.0,0.0,8.0,5.0,73.0,0.0,4.0,0.0,11.30,11.3
2024,9,PP,RB,Devin Singletary,NYG,WAS,16,0.0,0.0,0.0,0.0,0.0,7.0,33.0,0.0,3.0,0.0,0.0,0.0,0.0,0.0,0.0,6.30,6.3
2024,9,PP,TE,Tucker Kraft,GB,DET,3,0.0,0.0,0.0,0.0,0.0,1.0,2.0,0.0,1.0,6.0,4.0,34.0,0.0,1.0,0.0,5.60,5.6
2024,9,PP,WR,Romeo Doubs,GB,DET,30,0.0,0.0,0.0,0.0,0.0,0.0,0.0,0.0,0.0,5.0,4.0,28.0,0.0,0.0,0.0,2.80,2.8
2024,9,PP,WR,Wan'Dale Robinson,NYG,WAS,21,0.0,0.0,0.0,0.0,0.0,0.0,0.0,0.0,0.0,4.0,3.0,10.0,0.0,1.0,0.0,2.00,2.0
2024,9,PP,TE,Mark Andrews Dead Cap,BAL,0,0,0.0,0.0,0.0,0.0,0.0,0.0,0.0,0.0,0.0,0.0,0.0,0.0,0.0,0.0,0.0,-,0.0
2024,9,PP,TE,Isaiah Likely,BAL,DEN,8,0.0,0.0,0.0,0.0,0.0,0.0,0.0,0.0,0.0,1.0,0.0,0.0,0.0,0.0,0.0,0.00,0.0
2024,9,PP,WR,Jauan Jennings,SF,BYE,---,0.0,0.0,0.0,0.0,0.0,0.0,0.0,0.0,0.0,0.0,0.0,0.0,0.0,0.0,0.0,-,0.0
2024,9,PP,QB,Brock Purdy,SF,BYE,---,0.0,0.0,0.0,0.0,0.0,0.0,0.0,0.0,0.0,0.0,0.0,0.0,0.0,0.0,0.0,-,0.0
2024,9,PP,WR,Adam Thielen,CAR,NO,17,0.0,0.0,0.0,0.0,0.0,0.0,0.0,0.0,0.0,0.0,0.0,0.0,0.0,0.0,0.0,-,0.0
2024,9,PP,QB,JJ McCarthy,MIN,IND,22,0.0,0.0,0.0,0.0,0.0,0.0,0.0,0.0,0.0,0.0,0.0,0.0,0.0,0.0,0.0,-,0.0
2024,9,PP,RB,Christian McCaffrey,SF,BYE,---,0.0,0.0,0.0,0.0,0.0,0.0,0.0,0.0,0.0,0.0,0.0,0.0,0.0,0.0,0.0,-,0.0
2024,9,PP,RB,MarShawn Lloyd,GB,DET,7,0.0,0.0,0.0,0.0,0.0,0.0,0.0,0.0,0.0,0.0,0.0,0.0,0.0,0.0,0.0,-,0.0
2024,9,PP,WR,Amari Cooper,BUF,MIA,4,0.0,0.0,0.0,0.0,0.0,0.0,0.0,0.0,0.0,0.0,0.0,0.0,0.0,0.0,0.0,-,0.0
2024,9,PP,WR,Malachi Corley,NYJ,HOU,27,0.0,0.0,0.0,0.0,0.0,1.0,18.0,0.0,0.0,0.0,0.0,0.0,0.0,0.0,1.0,-0.20,-0.2
2024,9,PP,DST,Texans,HOU,@NYJ,16,,,,,,,,,,,,,,,,2.00,2.0
2024,9,RR,RB,Kareem Hunt,KC,TB,22,0.0,0.0,0.0,0.0,0.0,27.0,106.0,1.0,7.0,1.0,1.0,11.0,0.0,1.0,0.0,25.70,25.7
2024,9,RR,RB,Joe Mixon,HOU,@NYJ,12,0.0,1.0,0.0,0.0,0.0,24.0,106.0,1.0,6.0,0.0,0.0,0.0,0.0,0.0,0.0,22.60,22.6
2024,9,RR,WR,Justin Jefferson,MIN,IND,22,1.0,1.0,22.0,0.0,0.0,0.0,0.0,0.0,0.0,9.0,7.0,137.0,0.0,5.0,0.0,19.58,19.58
2024,9,RR,QB,Baker Mayfield,TB,@KC,19,23.0,31.0,200.0,2.0,0.0,4.0,20.0,0.0,1.0,0.0,0.0,0.0,0.0,0.0,0.0,19.00,19.0
2024,9,RR,QB,Tua Tagovailoa,MIA,@BUF,7,25.0,28.0,231.0,2.0,0.0,2.0,3.0,0.0,1.0,0.0,0.0,0.0,0.0,0.0,0.0,18.54,18.54
2024,9,RR,WR,Cedric Tillman,CLE,LAC,6,0.0,0.0,0.0,0.0,0.0,0.0,0.0,0.0,0.0,11.0,6.0,75.0,1.0,5.0,0.0,18.50,18.5
2024,9,RR,TE,Cade Otton,TB,@KC,31,0.0,0.0,0.0,0.0,0.0,0.0,0.0,0.0,0.0,11.0,8.0,77.0,1.0,3.0,0.0,16.70,16.7
2024,9,RR,WR,Jordan Addison,MIN,IND,22,0.0,0.0,0.0,0.0,0.0,1.0,9.0,0.0,0.0,5.0,5.0,42.0,1.0,4.0,0.0,15.10,15.1
2024,9,RR,QB,CJ Stroud,HOU,@NYJ,9,11.0,30.0,191.0,0.0,0.0,8.0,59.0,0.0,3.0,1.0,0.0,0.0,0.0,0.0,1.0,14.54,14.54
2024,9,RR,RB,Rachaad White,TB,@KC,1,0.0,0.0,0.0,0.0,0.0,3.0,19.0,1.0,2.0,3.0,3.0,16.0,0.0,1.0,0.0,12.50,12.5
2024,9,RR,RB,Jonathon Brooks,CAR,NO,25,0.0,0.0,0.0,0.0,0.0,0.0,0.0,0.0,0.0,0.0,0.0,0.0,0.0,0.0,0.0,-,0.0
2024,9,RR,RB,Najee Harris,PIT,BYE,---,0.0,0.0,0.0,0.0,0.0,0.0,0.0,0.0,0.0,0.0,0.0,0.0,0.0,0.0,0.0,-,0.0
2024,9,RR,WR,Jalen McMillan,TB,@KC,7,0.0,0.0,0.0,0.0,0.0,0.0,0.0,0.0,0.0,0.0,0.0,0.0,0.0,0.0,0.0,-,0.0
2024,9,RR,TE,Cole Kmet,CHI,@ARI,14,0.0,0.0,0.0,0.0,0.0,0.0,0.0,0.0,0.0,0.0,0.0,0.0,0.0,0.0,0.0,0.00,0.0
2024,9,RR,WR,Diontae Johnson,BAL,DEN,9,0.0,0.0,0.0,0.0,0.0,0.0,0.0,0.0,0.0,0.0,0.0,0.0,0.0,0.0,0.0,0.00,0.0
2024,9,RR,QB,Michael Penix,ATL,DAL,28,0.0,0.0,0.0,0.0,0.0,0.0,0.0,0.0,0.0,0.0,0.0,0.0,0.0,0.0,0.0,-,0.0
2024,9,RR,WR,George Pickens,PIT,BYE,---,0.0,0.0,0.0,0.0,0.0,0.0,0.0,0.0,0.0,0.0,0.0,0.0,0.0,0.0,0.0,-,0.0
2024,9,RR,DST,Steelers,PIT,BYE,---,,,,,,,,,,,,,,,,-,0.0
2024,9,SBS,QB,Lamar Jackson,BAL,DEN,4,16.0,19.0,280.0,3.0,0.0,3.0,4.0,0.0,1.0,0.0,0.0,0.0,0.0,0.0,0.0,24.60,24.6
2024,9,SBS,QB,Jayden Daniels,WAS,@NYG,25,15.0,22.0,209.0,2.0,0.0,8.0,35.0,0.0,3.0,0.0,0.0,0.0,0.0,0.0,0.0,22.86,22.86
2024,9,SBS,RB,Chuba Hubbard,CAR,NO,25,0.0,0.0,0.0,0.0,0.0,15.0,72.0,2.0,3.0,3.0,2.0,0.0,0.0,0.0,0.0,22.20,22.2
2024,9,SBS,RB,Austin Ekeler,WAS,@NYG,18,0.0,0.0,0.0,0.0,0.0,11.0,42.0,1.0,4.0,4.0,3.0,41.0,0.0,1.0,0.0,19.30,19.3
2024,9,SBS,WR,Jalen Tolbert,DAL,@ATL,23,0.0,0.0,0.0,0.0,0.0,0.0,0.0,0.0,0.0,6.0,3.0,19.0,1.0,2.0,0.0,9.90,9.9
2024,9,SBS,RB,Jonathan Taylor,IND,@MIN,3,0.0,0.0,0.0,0.0,0.0,13.0,48.0,0.0,2.0,5.0,3.0,11.0,0.0,1.0,0.0,8.90,8.9
2024,9,SBS,WR,Andrei Iosivas,CIN,LV,8,0.0,0.0,0.0,0.0,0.0,0.0,0.0,0.0,0.0,4.0,1.0,10.0,1.0,1.0,0.0,8.00,8.0
2024,9,SBS,WR,Christian Watson,GB,DET,30,0.0,0.0,0.0,0.0,0.0,0.0,0.0,0.0,0.0,7.0,3.0,37.0,0.0,2.0,0.0,7.70,7.7
2024,9,SBS,WR,Alec Pierce,IND,@MIN,31,0.0,0.0,0.0,0.0,0.0,0.0,0.0,0.0,0.0,3.0,3.0,41.0,0.0,3.0,0.0,7.10,7.1
2024,9,SBS,WR,Rashod Bateman,BAL,DEN,9,0.0,0.0,0.0,0.0,0.0,0.0,0.0,0.0,0.0,4.0,3.0,25.0,0.0,1.0,0.0,3.50,3.5
2024,9,SBS,WR,Troy Franklin,DEN,@BAL,32,0.0,0.0,0.0,0.0,0.0,0.0,0.0,0.0,0.0,4.0,1.0,19.0,0.0,1.0,0.0,2.90,2.9
2024,9,SBS,RB,Jaylen Wright,MIA,@BUF,30,0.0,0.0,0.0,0.0,0.0,6.0,18.0,0.0,1.0,0.0,0.0,0.0,0.0,0.0,0.0,2.80,2.8
2024,9,SBS,RB,Antonio Gibson,NE,@TEN,14,0.0,0.0,0.0,0.0,0.0,1.0,-1.0,0.0,0.0,1.0,1.0,12.0,0.0,0.0,0.0,1.20,1.2
2024,9,SBS,RB,Jerome Ford,CLE,LAC,2,0.0,0.0,0.0,0.0,0.0,2.0,5.0,0.0,0.0,3.0,1.0,2.0,0.0,0.0,0.0,0.70,0.7
2024,9,SBS,TE,Zach Ertz,WAS,@NYG,1,0.0,0.0,0.0,0.0,0.0,0.0,0.0,0.0,0.0,1.0,1.0,5.0,0.0,0.0,0.0,0.50,0.5
2024,9,SBS,WR,Christian Kirk,JAC,@PHI,15,0.0,0.0,0.0,0.0,0.0,0.0,0.0,0.0,0.0,0.0,0.0,0.0,0.0,0.0,0.0,-,0.0
2024,9,SBS,QB,Russell Wilson,PIT,BYE,---,0.0,0.0,0.0,0.0,0.0,0.0,0.0,0.0,0.0,0.0,0.0,0.0,0.0,0.0,0.0,-,0.0
2024,9,SBS,WR,Stefon Diggs,HOU,@NYJ,3,0.0,0.0,0.0,0.0,0.0,0.0,0.0,0.0,0.0,0.0,0.0,0.0,0.0,0.0,0.0,-,0.0
2024,9,SBS,WR,Deebo Samuel,SF,BYE,---,0.0,0.0,0.0,0.0,0.0,0.0,0.0,0.0,0.0,0.0,0.0,0.0,0.0,0.0,0.0,-,0.0
2024,9,SBS,DST,Lions,DET,@GB,11,,,,,,,,,,,,,,,,10.00,10.0
2024,10,ABT,RB,Chase Brown,CIN,@BAL,5,0.0,0.0,0.0,0.0,0.0,13.0,42.0,1.0,1.0,11.0,9.0,52.0,0.0,3.0,1.0,17.40,17.4
2024,10,ABT,RB,Najee Harris,PIT,@WAS,19,0.0,0.0,0.0,0.0,0.0,21.0,53.0,1.0,4.0,0.0,0.0,0.0,0.0,0.0,0.0,15.30,15.3
2024,10,ABT,WR,Puka Nacua,LAR,MIA,6,0.0,0.0,0.0,0.0,0.0,0.0,0.0,0.0,0.0,14.0,9.0,98.0,0.0,5.0,0.0,14.80,14.8
2024,10,ABT,QB,Bryce Young,CAR,NYG,23,15.0,25.0,126.0,1.0,0.0,2.0,30.0,0.0,1.0,0.0,0.0,0.0,0.0,0.0,0.0,13.04,13.04
2024,10,ABT,RB,Saquon Barkley,PHI,@DAL,31,0.0,0.0,0.0,0.0,0.0,14.0,66.0,0.0,4.0,1.0,1.0,12.0,0.0,1.0,0.0,12.80,12.8
2024,10,ABT,WR,Josh Downs,IND,BUF,8,0.0,0.0,0.0,0.0,0.0,0.0,0.0,0.0,0.0,10.0,7.0,72.0,0.0,3.0,0.0,10.20,10.2
2024,10,ABT,QB,Caleb Williams,CHI,NE,11,16.0,30.0,120.0,0.0,0.0,2.0,15.0,0.0,2.0,0.0,0.0,0.0,0.0,0.0,0.0,8.30,8.3
2024,10,ABT,WR,Keenan Allen,CHI,NE,16,0.0,0.0,0.0,0.0,0.0,0.0,0.0,0.0,0.0,6.0,5.0,44.0,0.0,2.0,0.0,6.40,6.4
2024,10,ABT,WR,DJ Moore,CHI,NE,16,0.0,0.0,0.0,0.0,0.0,1.0,3.0,0.0,0.0,6.0,3.0,24.0,0.0,1.0,0.0,3.70,3.7
2024,10,ABT,TE,Hunter Henry,NE,@CHI,20,0.0,0.0,0.0,0.0,0.0,0.0,0.0,0.0,0.0,4.0,1.0,14.0,0.0,1.0,0.0,2.40,2.4
2024,10,ABT,WR,Jermaine Burton,CIN,@BAL,32,0.0,0.0,0.0,0.0,0.0,0.0,0.0,0.0,0.0,5.0,1.0,11.0,0.0,1.0,0.0,2.10,2.1
2024,10,ABT,TE,Jake Ferguson,DAL,PHI,2,0.0,0.0,0.0,0.0,0.0,0.0,0.0,0.0,0.0,5.0,4.0,24.0,0.0,1.0,1.0,1.40,1.4
2024,10,ABT,RB,Roschon Johnson,CHI,NE,25,0.0,0.0,0.0,0.0,0.0,1.0,-4.0,0.0,0.0,2.0,1.0,5.0,0.0,0.0,0.0,0.50,0.5
2024,10,ABT,QB,Dak Prescott,DAL,PHI,4,0.0,0.0,0.0,0.0,0.0,0.0,0.0,0.0,0.0,0.0,0.0,0.0,0.0,0.0,0.0,-,0.0
2024,10,ABT,WR,Chris Olave,NO,ATL,24,0.0,0.0,0.0,0.0,0.0,0.0,0.0,0.0,0.0,0.0,0.0,0.0,0.0,0.0,0.0,-,0.0
2024,10,ABT,RB,Alexander Mattison,LV,BYE,---,0.0,0.0,0.0,0.0,0.0,0.0,0.0,0.0,0.0,0.0,0.0,0.0,0.0,0.0,0.0,-,0.0
2024,10,ABT,RB,Keaton Mitchell,BAL,CIN,10,0.0,0.0,0.0,0.0,0.0,0.0,0.0,0.0,0.0,0.0,0.0,0.0,0.0,0.0,0.0,0.00,0.0
2024,10,ABT,RB,Jonathon Brooks,CAR,NYG,21,0.0,0.0,0.0,0.0,0.0,0.0,0.0,0.0,0.0,0.0,0.0,0.0,0.0,0.0,0.0,-,0.0
2024,10,ABT,WR,Roman Wilson,PIT,@WAS,23,0.0,0.0,0.0,0.0,0.0,0.0,0.0,0.0,0.0,0.0,0.0,0.0,0.0,0.0,0.0,-,0.0
2024,10,ABT,DST,Eagles,PHI,@DAL,28,,,,,,,,,,,,,,,,20.00,20.0
2024,10,CLC,WR,Ricky Pearsall,SF,@TB,28,0.0,0.0,0.0,0.0,0.0,0.0,0.0,0.0,0.0,6.0,4.0,73.0,1.0,3.0,0.0,16.30,16.3
2024,10,CLC,WR,Darnell Mooney,ATL,@NO,21,0.0,0.0,0.0,0.0,0.0,0.0,0.0,0.0,0.0,10.0,5.0,96.0,0.0,3.0,0.0,12.60,12.6
2024,10,CLC,RB,Breece Hall,NYJ,@ARI,26,0.0,0.0,0.0,0.0,0.0,10.0,52.0,0.0,2.0,4.0,4.0,31.0,0.0,1.0,0.0,11.30,11.3
2024,10,CLC,QB,Joe Flacco,IND,BUF,7,26.0,35.0,272.0,2.0,3.0,0.0,0.0,0.0,0.0,0.0,0.0,0.0,0.0,0.0,1.0,10.88,10.88
2024,10,CLC,WR,Jaylen Waddle,MIA,@LAR,25,0.0,0.0,0.0,0.0,0.0,1.0,-1.0,0.0,0.0,6.0,3.0,57.0,0.0,2.0,0.0,7.70,7.7
2024,10,CLC,WR,Ja'Lynn Polk,NE,@CHI,2,0.0,0.0,0.0,0.0,0.0,0.0,0.0,0.0,0.0,1.0,1.0,2.0,1.0,1.0,0.0,7.20,7.2
2024,10,CLC,WR,Rome Odunze,CHI,NE,16,0.0,0.0,0.0,0.0,0.0,0.0,0.0,0.0,0.0,6.0,3.0,23.0,0.0,2.0,0.0,4.30,4.3
2024,10,CLC,TE,Dalton Kincaid,BUF,@IND,26,0.0,0.0,0.0,0.0,0.0,0.0,0.0,0.0,0.0,5.0,2.0,24.0,0.0,1.0,0.0,3.40,3.4
2024,10,CLC,WR,DeVonta Smith,PHI,@DAL,19,0.0,0.0,0.0,0.0,0.0,0.0,0.0,0.0,0.0,3.0,2.0,14.0,0.0,0.0,0.0,1.40,1.4
2024,10,CLC,RB,Justice Hill,BAL,CIN,10,0.0,0.0,0.0,0.0,0.0,2.0,-2.0,0.0,0.0,2.0,2.0,0.0,0.0,1.0,0.0,1.00,1.0
2024,10,CLC,RB,Javonte Williams,DEN,@KC,1,0.0,0.0,0.0,0.0,0.0,1.0,1.0,0.0,0.0,2.0,2.0,6.0,0.0,0.0,0.0,0.70,0.7
2024,10,CLC,RB,Jordan Mason,SF,@TB,20,0.0,0.0,0.0,0.0,0.0,1.0,5.0,0.0,0.0,0.0,0.0,0.0,0.0,0.0,0.0,0.50,0.5
2024,10,CLC,QB,Justin Fields,PIT,@WAS,18,0.0,0.0,0.0,0.0,0.0,0.0,0.0,0.0,0.0,0.0,0.0,0.0,0.0,0.0,0.0,-,0.0
2024,10,CLC,RB,Zack Moss,CIN,@BAL,5,0.0,0.0,0.0,0.0,0.0,0.0,0.0,0.0,0.0,0.0,0.0,0.0,0.0,0.0,0.0,-,0.0
2024,10,CLC,QB,Jordan Love,GB,BYE,---,0.0,0.0,0.0,0.0,0.0,0.0,0.0,0.0,0.0,0.0,0.0,0.0,0.0,0.0,0.0,-,0.0
2024,10,CLC,WR,Nico Collins,HOU,DET,29,0.0,0.0,0.0,0.0,0.0,0.0,0.0,0.0,0.0,0.0,0.0,0.0,0.0,0.0,0.0,-,0.0
2024,10,CLC,DST,Bears,CHI,NE,25,,,,,,,,,,,,,,,,4.00,4.0
2024,10,CPC,WR,Ja'Marr Chase,CIN,@BAL,32,0.0,0.0,0.0,0.0,0.0,0.0,0.0,0.0,0.0,17.0,11.0,264.0,3.0,11.0,0.0,55.40,55.4
2024,10,CPC,QB,Derek Carr,NO,ATL,27,16.0,25.0,269.0,2.0,0.0,4.0,17.0,0.0,0.0,0.0,0.0,0.0,0.0,0.0,0.0,20.46,20.46
2024,10,CPC,RB,James Cook,BUF,@IND,22,0.0,0.0,0.0,0.0,0.0,19.0,80.0,1.0,4.0,3.0,1.0,5.0,0.0,0.0,0.0,18.50,18.5
2024,10,CPC,RB,Derrick Henry,BAL,CIN,10,0.0,0.0,0.0,0.0,0.0,16.0,68.0,1.0,3.0,1.0,1.0,3.0,0.0,0.0,0.0,16.10,16.1
2024,10,CPC,TE,George Kittle,SF,@TB,30,0.0,0.0,0.0,0.0,0.0,0.0,0.0,0.0,0.0,4.0,3.0,57.0,1.0,3.0,0.0,14.70,14.7
2024,10,CPC,QB,Drake Maye,NE,@CHI,1,15.0,25.0,184.0,1.0,1.0,4.0,24.0,0.0,1.0,0.0,0.0,0.0,0.0,0.0,0.0,12.76,12.76
2024,10,CPC,WR,Tyreek Hill,MIA,@LAR,25,0.0,0.0,0.0,0.0,0.0,2.0,11.0,0.0,0.0,4.0,3.0,16.0,1.0,2.0,0.0,10.70,10.7
2024,10,CPC,RB,JK Dobbins,LAC,TEN,13,0.0,0.0,0.0,0.0,0.0,15.0,50.0,0.0,3.0,3.0,3.0,5.0,0.0,1.0,0.0,9.50,9.5
2024,10,CPC,QB,Sam Darnold,MIN,@JAC,31,24.0,38.0,241.0,0.0,3.0,7.0,28.0,0.0,3.0,0.0,0.0,0.0,0.0,0.0,0.0,9.44,9.44
2024,10,CPC,RB,Tony Pollard,TEN,@LAC,2,0.0,0.0,0.0,0.0,0.0,9.0,44.0,0.0,2.0,4.0,4.0,19.0,0.0,1.0,0.0,9.30,9.3
2024,10,CPC,TE,Ja'Tavion Sanders,CAR,NYG,1,0.0,0.0,0.0,0.0,0.0,0.0,0.0,0.0,0.0,2.0,2.0,8.0,1.0,1.0,0.0,7.80,7.8
2024,10,CPC,WR,Ladd McConkey,LAC,TEN,1,0.0,0.0,0.0,0.0,0.0,0.0,0.0,0.0,0.0,2.0,2.0,52.0,0.0,2.0,0.0,7.20,7.2
2024,10,CPC,WR,Jakobi Meyers,LV,BYE,---,0.0,0.0,0.0,0.0,0.0,0.0,0.0,0.0,0.0,0.0,0.0,0.0,0.0,0.0,0.0,-,0.0
2024,10,CPC,RB,Brian Robinson,WAS,PIT,11,0.0,0.0,0.0,0.0,0.0,0.0,0.0,0.0,0.0,0.0,0.0,0.0,0.0,0.0,0.0,-,0.0
2024,10,CPC,WR,Tee Higgins,CIN,@BAL,32,0.0,0.0,0.0,0.0,0.0,0.0,0.0,0.0,0.0,0.0,0.0,0.0,0.0,0.0,0.0,-,0.0
2024,10,CPC,WR,Dontayvion Wicks,GB,BYE,---,0.0,0.0,0.0,0.0,0.0,0.0,0.0,0.0,0.0,0.0,0.0,0.0,0.0,0.0,0.0,-,0.0
2024,10,CPC,WR,Tyler Lockett,SEA,BYE,---,0.0,0.0,0.0,0.0,0.0,0.0,0.0,0.0,0.0,0.0,0.0,0.0,0.0,0.0,0.0,-,0.0
2024,10,CPC,DST,Jets,NYJ,@ARI,6,,,,,,,,,,,,,,,,0.00,0.0
2024,10,DDD,RB,Bucky Irving,TB,SF,14,0.0,0.0,0.0,0.0,0.0,13.0,73.0,1.0,4.0,3.0,3.0,14.0,0.0,1.0,0.0,19.70,19.7
2024,10,DDD,RB,Jahmyr Gibbs,DET,@HOU,7,0.0,0.0,0.0,0.0,0.0,19.0,71.0,0.0,3.0,3.0,2.0,37.0,0.0,1.0,0.0,14.80,14.8
2024,10,DDD,TE,Sam LaPorta,DET,@HOU,4,0.0,0.0,0.0,0.0,0.0,0.0,0.0,0.0,0.0,6.0,3.0,66.0,1.0,2.0,0.0,14.60,14.6
2024,10,DDD,WR,Adonai Mitchell,IND,BUF,8,0.0,0.0,0.0,0.0,0.0,0.0,0.0,0.0,0.0,6.0,6.0,71.0,0.0,5.0,0.0,12.10,12.1
2024,10,DDD,WR,Quentin Johnston,LAC,TEN,1,0.0,0.0,0.0,0.0,0.0,0.0,0.0,0.0,0.0,2.0,2.0,24.0,1.0,1.0,0.0,9.40,9.4
2024,10,DDD,QB,Jared Goff,DET,@HOU,19,15.0,30.0,240.0,2.0,5.0,1.0,2.0,0.0,1.0,0.0,0.0,0.0,0.0,0.0,0.0,8.80,8.8
2024,10,DDD,RB,De'Von Achane,MIA,@LAR,16,0.0,0.0,0.0,0.0,0.0,12.0,37.0,0.0,2.0,5.0,5.0,15.0,0.0,1.0,0.0,8.20,8.2
2024,10,DDD,WR,Malik Nabers,NYG,@CAR,14,0.0,0.0,0.0,0.0,0.0,1.0,-2.0,0.0,0.0,10.0,6.0,50.0,0.0,3.0,0.0,8.00,8.0
2024,10,DDD,WR,Tank Dell,HOU,DET,29,0.0,0.0,0.0,0.0,0.0,1.0,-6.0,0.0,0.0,9.0,5.0,39.0,0.0,3.0,0.0,6.90,6.9
2024,10,DDD,WR,Zay Flowers,BAL,CIN,17,0.0,0.0,0.0,0.0,0.0,0.0,0.0,0.0,0.0,6.0,4.0,34.0,0.0,2.0,0.0,5.40,5.4
2024,10,DDD,TE,Mike Gesicki,CIN,@BAL,24,0.0,0.0,0.0,0.0,0.0,0.0,0.0,0.0,0.0,9.0,4.0,30.0,0.0,1.0,0.0,4.00,4.0
2024,10,DDD,RB,Tank Bigsby,JAC,MIN,3,0.0,0.0,0.0,0.0,0.0,2.0,4.0,0.0,0.0,0.0,0.0,0.0,0.0,0.0,0.0,0.40,0.4
2024,10,DDD,RB,Kenneth Walker,SEA,BYE,---,0.0,0.0,0.0,0.0,0.0,0.0,0.0,0.0,0.0,0.0,0.0,0.0,0.0,0.0,0.0,-,0.0
2024,10,DDD,QB,Deshaun Watson,CLE,BYE,---,0.0,0.0,0.0,0.0,0.0,0.0,0.0,0.0,0.0,0.0,0.0,0.0,0.0,0.0,0.0,-,0.0
2024,10,DDD,QB,Jameis Winston,CLE,BYE,---,0.0,0.0,0.0,0.0,0.0,0.0,0.0,0.0,0.0,0.0,0.0,0.0,0.0,0.0,0.0,-,0.0
2024,10,DDD,QB,Cooper Rush,DAL,PHI,4,13.0,23.0,45.0,0.0,0.0,2.0,2.0,0.0,1.0,0.0,0.0,0.0,0.0,0.0,2.0,-1.00,-1.0
2024,10,DDD,DST,Bengals,CIN,@BAL,1,,,,,,,,,,,,,,,,-1.00,-1.0
2024,10,LBC,QB,Bo Nix,DEN,@KC,20,22.0,30.0,215.0,2.0,0.0,3.0,-5.0,0.0,0.0,0.0,0.0,0.0,0.0,0.0,0.0,16.60,16.6
2024,10,LBC,WR,Drake London,ATL,@NO,21,0.0,0.0,0.0,0.0,0.0,0.0,0.0,0.0,0.0,12.0,8.0,97.0,0.0,6.0,0.0,15.70,15.7
2024,10,LBC,TE,Trey McBride,ARI,NYJ,9,0.0,0.0,0.0,0.0,0.0,0.0,0.0,0.0,0.0,5.0,4.0,71.0,0.0,4.0,0.0,11.10,11.1
2024,10,LBC,RB,Rhamondre Stevenson,NE,@CHI,17,0.0,0.0,0.0,0.0,0.0,20.0,74.0,0.0,3.0,1.0,1.0,3.0,0.0,0.0,0.0,10.70,10.7
2024,10,LBC,RB,Travis Etienne,JAC,MIN,3,0.0,0.0,0.0,0.0,0.0,11.0,44.0,0.0,2.0,1.0,1.0,-1.0,0.0,0.0,0.0,6.40,6.4
2024,10,LBC,TE,Evan Engram,JAC,MIN,14,0.0,0.0,0.0,0.0,0.0,0.0,0.0,0.0,0.0,8.0,6.0,40.0,0.0,2.0,0.0,6.00,6.0
2024,10,LBC,RB,Raheem Mostert,MIA,@LAR,16,0.0,0.0,0.0,0.0,0.0,0.0,0.0,0.0,0.0,3.0,2.0,34.0,0.0,2.0,0.0,5.40,5.4
2024,10,LBC,WR,Jalen Coker,CAR,NYG,13,0.0,0.0,0.0,0.0,0.0,0.0,0.0,0.0,0.0,8.0,3.0,41.0,0.0,1.0,0.0,5.10,5.1
2024,10,LBC,WR,Michael Wilson,ARI,NYJ,3,0.0,0.0,0.0,0.0,0.0,0.0,0.0,0.0,0.0,4.0,3.0,24.0,0.0,2.0,0.0,4.40,4.4
2024,10,LBC,QB,Aaron Rodgers,NYJ,@ARI,16,22.0,35.0,151.0,0.0,0.0,0.0,0.0,0.0,0.0,0.0,0.0,0.0,0.0,0.0,1.0,4.04,4.04
2024,10,LBC,WR,Brandon Aiyuk,SF,@TB,28,0.0,0.0,0.0,0.0,0.0,0.0,0.0,0.0,0.0,0.0,0.0,0.0,0.0,0.0,0.0,-,0.0
2024,10,LBC,WR,Devontez Walker,BAL,CIN,17,0.0,0.0,0.0,0.0,0.0,0.0,0.0,0.0,0.0,0.0,0.0,0.0,0.0,0.0,0.0,0.00,0.0
2024,10,LBC,RB,Isiah Pacheco,KC,DEN,12,0.0,0.0,0.0,0.0,0.0,0.0,0.0,0.0,0.0,0.0,0.0,0.0,0.0,0.0,0.0,-,0.0
2024,10,LBC,QB,Anthony Richardson,IND,BUF,7,0.0,0.0,0.0,0.0,0.0,0.0,0.0,0.0,0.0,0.0,0.0,0.0,0.0,0.0,0.0,-,0.0
2024,10,LBC,WR,Jaxon Smith-Njigba,SEA,BYE,---,0.0,0.0,0.0,0.0,0.0,0.0,0.0,0.0,0.0,0.0,0.0,0.0,0.0,0.0,0.0,-,0.0
2024,10,LBC,TE,Brock Bowers,LV,BYE,---,0.0,0.0,0.0,0.0,0.0,0.0,0.0,0.0,0.0,0.0,0.0,0.0,0.0,0.0,0.0,-,0.0
2024,10,LBC,WR,Michael Pittman,IND,BUF,8,0.0,0.0,0.0,0.0,0.0,0.0,0.0,0.0,0.0,0.0,0.0,0.0,0.0,0.0,0.0,-,0.0
2024,10,LBC,WR,Jerry Jeudy,CLE,BYE,---,0.0,0.0,0.0,0.0,0.0,0.0,0.0,0.0,0.0,0.0,0.0,0.0,0.0,0.0,0.0,-,0.0
2024,10,LBC,DST,Broncos,DEN,@KC,7,,,,,,,,,,,,,,,,5.00,5.0
2024,10,LC,QB,Jalen Hurts,PHI,@DAL,28,14.0,20.0,202.0,2.0,1.0,7.0,56.0,2.0,4.0,0.0,0.0,0.0,0.0,0.0,1.0,33.68,33.68
2024,10,LC,RB,James Conner,ARI,NYJ,18,0.0,0.0,0.0,0.0,0.0,12.0,33.0,1.0,3.0,5.0,5.0,80.0,0.0,3.0,0.0,23.30,23.3
2024,10,LC,QB,Patrick Mahomes,KC,DEN,6,28.0,42.0,266.0,1.0,0.0,3.0,19.0,0.0,1.0,0.0,0.0,0.0,0.0,0.0,0.0,17.54,17.54
2024,10,LC,RB,Jaylen Warren,PIT,@WAS,19,0.0,0.0,0.0,0.0,0.0,14.0,66.0,0.0,4.0,2.0,2.0,29.0,0.0,1.0,1.0,12.50,12.5
2024,10,LC,TE,Dalton Schultz,HOU,DET,3,0.0,0.0,0.0,0.0,0.0,0.0,0.0,0.0,0.0,4.0,3.0,66.0,0.0,3.0,0.0,9.60,9.6
2024,10,LC,RB,Tyler Allgeier,ATL,@NO,30,0.0,0.0,0.0,0.0,0.0,11.0,59.0,0.0,3.0,0.0,0.0,0.0,0.0,0.0,0.0,8.90,8.9
2024,10,LC,WR,DeAndre Hopkins,KC,DEN,4,0.0,0.0,0.0,0.0,0.0,0.0,0.0,0.0,0.0,5.0,4.0,56.0,0.0,3.0,0.0,8.60,8.6
2024,10,LC,WR,Xavier Legette,CAR,NYG,13,0.0,0.0,0.0,0.0,0.0,0.0,0.0,0.0,0.0,4.0,3.0,40.0,0.0,2.0,0.0,6.00,6.0
2024,10,LC,TE,Juwan Johnson,NO,ATL,23,0.0,0.0,0.0,0.0,0.0,0.0,0.0,0.0,0.0,3.0,2.0,22.0,0.0,1.0,0.0,3.20,3.2
2024,10,LC,WR,Xavier Worthy,KC,DEN,4,0.0,0.0,0.0,0.0,0.0,0.0,0.0,0.0,0.0,4.0,1.0,11.0,0.0,1.0,0.0,2.10,2.1
2024,10,LC,WR,Rashid Shaheed,NO,ATL,24,0.0,0.0,0.0,0.0,0.0,0.0,0.0,0.0,0.0,0.0,0.0,0.0,0.0,0.0,0.0,-,0.0
2024,10,LC,TE,Ben Sinnott,WAS,PIT,10,0.0,0.0,0.0,0.0,0.0,0.0,0.0,0.0,0.0,0.0,0.0,0.0,0.0,0.0,0.0,0.00,0.0
2024,10,LC,RB,Jeff Wilson,MIA,@LAR,16,0.0,0.0,0.0,0.0,0.0,0.0,0.0,0.0,0.0,0.0,0.0,0.0,0.0,0.0,0.0,-,0.0
2024,10,LC,QB,Gardner Minshew,LV,BYE,---,0.0,0.0,0.0,0.0,0.0,0.0,0.0,0.0,0.0,0.0,0.0,0.0,0.0,0.0,0.0,-,0.0
2024,10,LC,WR,Allen Lazard,NYJ,@ARI,18,0.0,0.0,0.0,0.0,0.0,0.0,0.0,0.0,0.0,0.0,0.0,0.0,0.0,0.0,0.0,-,0.0
2024,10,LC,RB,Jamaal Williams,NO,ATL,9,0.0,0.0,0.0,0.0,0.0,0.0,0.0,0.0,0.0,0.0,0.0,0.0,0.0,0.0,0.0,-,0.0
2024,10,LC,WR,DK Metcalf,SEA,BYE,---,0.0,0.0,0.0,0.0,0.0,0.0,0.0,0.0,0.0,0.0,0.0,0.0,0.0,0.0,0.0,-,0.0
2024,10,LC,RB,Zach Charbonnet,SEA,BYE,---,0.0,0.0,0.0,0.0,0.0,0.0,0.0,0.0,0.0,0.0,0.0,0.0,0.0,0.0,0.0,-,0.0
2024,10,LC,DST,49ers,SF,@TB,12,,,,,,,,,,,,,,,,3.00,3.0
2024,10,MB,RB,Bijan Robinson,ATL,@NO,30,0.0,0.0,0.0,0.0,0.0,20.0,116.0,2.0,6.0,4.0,3.0,28.0,0.0,0.0,0.0,32.40,32.4
2024,10,MB,QB,Kyler Murray,ARI,NYJ,15,22.0,24.0,266.0,1.0,0.0,3.0,21.0,2.0,3.0,0.0,0.0,0.0,0.0,0.0,0.0,31.74,31.74
2024,10,MB,QB,Will Levis,TEN,@LAC,13,18.0,23.0,175.0,2.0,0.0,5.0,41.0,0.0,4.0,0.0,0.0,0.0,0.0,0.0,0.0,23.10,23.1
2024,10,MB,RB,Tyrone Tracy,NYG,@CAR,32,0.0,0.0,0.0,0.0,0.0,18.0,103.0,1.0,5.0,2.0,1.0,1.0,0.0,0.0,1.0,19.40,19.4
2024,10,MB,TE,Travis Kelce,KC,DEN,15,0.0,0.0,0.0,0.0,0.0,0.0,0.0,0.0,0.0,12.0,8.0,64.0,1.0,5.0,0.0,17.40,17.4
2024,10,MB,TE,Mark Andrews,BAL,CIN,28,0.0,0.0,0.0,0.0,0.0,0.0,0.0,0.0,0.0,7.0,6.0,68.0,1.0,4.0,0.0,16.80,16.8
2024,10,MB,WR,Amon-Ra St Brown,DET,@HOU,26,0.0,0.0,0.0,0.0,0.0,0.0,0.0,0.0,0.0,8.0,6.0,60.0,1.0,4.0,0.0,16.00,16.0
2024,10,MB,WR,Marvin Harrison,ARI,NYJ,3,0.0,0.0,0.0,0.0,0.0,0.0,0.0,0.0,0.0,5.0,5.0,54.0,1.0,3.0,0.0,14.40,14.4
2024,10,MB,RB,Aaron Jones,MIN,@JAC,27,0.0,0.0,0.0,0.0,0.0,17.0,88.0,0.0,3.0,3.0,2.0,13.0,0.0,0.0,0.0,13.10,13.1
2024,10,MB,WR,Cooper Kupp,LAR,MIA,6,0.0,0.0,0.0,0.0,0.0,0.0,0.0,0.0,0.0,7.0,7.0,80.0,0.0,4.0,0.0,12.00,12.0
2024,10,MB,QB,Matthew Stafford,LAR,MIA,3,32.0,46.0,293.0,0.0,1.0,1.0,0.0,0.0,0.0,0.0,0.0,0.0,0.0,0.0,0.0,9.72,9.72
2024,10,MB,RB,Cam Akers,MIN,@JAC,27,0.0,0.0,0.0,0.0,0.0,13.0,38.0,0.0,3.0,1.0,1.0,9.0,0.0,0.0,0.0,7.70,7.7
2024,10,MB,WR,Josh Palmer,LAC,TEN,1,0.0,0.0,0.0,0.0,0.0,0.0,0.0,0.0,0.0,2.0,1.0,36.0,0.0,1.0,0.0,4.60,4.6
2024,10,MB,WR,Tutu Atwell,LAR,MIA,6,0.0,0.0,0.0,0.0,0.0,0.0,0.0,0.0,0.0,1.0,1.0,6.0,0.0,0.0,0.0,0.60,0.6
2024,10,MB,RB,Ray Davis,BUF,@IND,22,0.0,0.0,0.0,0.0,0.0,3.0,6.0,0.0,0.0,0.0,0.0,0.0,0.0,0.0,0.0,0.60,0.6
2024,10,MB,RB,Zamir White,LV,BYE,---,0.0,0.0,0.0,0.0,0.0,0.0,0.0,0.0,0.0,0.0,0.0,0.0,0.0,0.0,0.0,-,0.0
2024,10,MB,RB,Isaac Guerendo,SF,@TB,20,0.0,0.0,0.0,0.0,0.0,1.0,0.0,0.0,0.0,0.0,0.0,0.0,0.0,0.0,0.0,0.00,0.0
2024,10,MB,RB,Khalil Herbert,CIN,@BAL,5,0.0,0.0,0.0,0.0,0.0,0.0,0.0,0.0,0.0,0.0,0.0,0.0,0.0,0.0,0.0,0.00,0.0
2024,10,MB,DST,Buccaneers,TB,SF,11,,,,,,,,,,,,,,,,5.00,5.0
2024,10,NBB,QB,Josh Allen,BUF,@IND,24,22.0,37.0,280.0,0.0,2.0,8.0,50.0,1.0,5.0,0.0,0.0,0.0,0.0,0.0,0.0,23.20,23.2
2024,10,NBB,WR,Terry McLaurin,WAS,PIT,12,0.0,0.0,0.0,0.0,0.0,0.0,0.0,0.0,0.0,6.0,5.0,113.0,0.0,4.0,0.0,15.30,15.3
2024,10,NBB,TE,Dallas Goedert,PHI,@DAL,18,0.0,0.0,0.0,0.0,0.0,0.0,0.0,0.0,0.0,3.0,2.0,25.0,1.0,2.0,0.0,10.50,10.5
2024,10,NBB,RB,D'Andre Swift,CHI,NE,25,0.0,0.0,0.0,0.0,0.0,16.0,59.0,0.0,2.0,1.0,1.0,6.0,0.0,0.0,0.0,8.50,8.5
2024,10,NBB,WR,Jameson Williams,DET,@HOU,26,0.0,0.0,0.0,0.0,0.0,0.0,0.0,0.0,0.0,5.0,3.0,53.0,0.0,3.0,0.0,8.30,8.3
2024,10,NBB,WR,Khalil Shakir,BUF,@IND,22,0.0,0.0,0.0,0.0,0.0,0.0,0.0,0.0,0.0,9.0,6.0,58.0,0.0,2.0,0.0,7.80,7.8
2024,10,NBB,RB,Gus Edwards,LAC,TEN,13,0.0,0.0,0.0,0.0,0.0,10.0,55.0,0.0,2.0,0.0,0.0,0.0,0.0,0.0,0.0,7.50,7.5
2024,10,NBB,QB,Mac Jones,JAC,MIN,5,14.0,22.0,111.0,0.0,2.0,5.0,8.0,1.0,2.0,0.0,0.0,0.0,0.0,0.0,1.0,7.24,7.24
2024,10,NBB,TE,Kyle Pitts,ATL,@NO,16,0.0,0.0,0.0,0.0,0.0,0.0,0.0,0.0,0.0,6.0,4.0,55.0,0.0,1.0,0.0,6.50,6.5
2024,10,NBB,RB,Will Shipley,PHI,@DAL,31,0.0,0.0,0.0,0.0,0.0,9.0,34.0,0.0,1.0,0.0,0.0,0.0,0.0,0.0,0.0,4.40,4.4
2024,10,NBB,WR,Gabe Davis,JAC,MIN,31,0.0,0.0,0.0,0.0,0.0,0.0,0.0,0.0,0.0,4.0,1.0,19.0,0.0,1.0,0.0,2.90,2.9
2024,10,NBB,RB,Blake Corum,LAR,MIA,24,0.0,0.0,0.0,0.0,0.0,2.0,8.0,0.0,0.0,1.0,1.0,7.0,0.0,1.0,0.0,2.50,2.5
2024,10,NBB,WR,Brian Thomas,JAC,MIN,31,0.0,0.0,0.0,0.0,0.0,0.0,0.0,0.0,0.0,3.0,2.0,12.0,0.0,1.0,0.0,2.20,2.2
2024,10,NBB,WR,Jayden Reed,GB,BYE,---,0.0,0.0,0.0,0.0,0.0,0.0,0.0,0.0,0.0,0.0,0.0,0.0,0.0,0.0,0.0,-,0.0
2024,10,NBB,TE,David Njoku,CLE,BYE,---,0.0,0.0,0.0,0.0,0.0,0.0,0.0,0.0,0.0,0.0,0.0,0.0,0.0,0.0,0.0,-,0.0
2024,10,NBB,QB,Trevor Lawrence,JAC,MIN,5,0.0,0.0,0.0,0.0,0.0,0.0,0.0,0.0,0.0,0.0,0.0,0.0,0.0,0.0,0.0,-,0.0
2024,10,NBB,WR,Chris Godwin,TB,SF,11,0.0,0.0,0.0,0.0,0.0,0.0,0.0,0.0,0.0,0.0,0.0,0.0,0.0,0.0,0.0,-,0.0
2024,10,NBB,WR,Mike Evans,TB,SF,11,0.0,0.0,0.0,0.0,0.0,0.0,0.0,0.0,0.0,0.0,0.0,0.0,0.0,0.0,0.0,-,0.0
2024,10,NBB,RB,Nick Chubb,CLE,BYE,---,0.0,0.0,0.0,0.0,0.0,0.0,0.0,0.0,0.0,0.0,0.0,0.0,0.0,0.0,0.0,-,0.0
2024,10,NBB,DST,Bills,BUF,@IND,22,,,,,,,,,,,,,,,,20.00,20.0
2024,10,PCP,QB,Joe Burrow,CIN,@BAL,29,34.0,56.0,428.0,4.0,0.0,2.0,6.0,0.0,0.0,0.0,0.0,0.0,0.0,0.0,0.0,33.72,33.72
2024,10,PCP,QB,Daniel Jones,NYG,@CAR,26,22.0,37.0,190.0,0.0,2.0,7.0,26.0,1.0,4.0,0.0,0.0,0.0,0.0,0.0,0.0,16.20,16.2
2024,10,PCP,WR,AJ Brown,PHI,@DAL,19,0.0,0.0,0.0,0.0,0.0,0.0,0.0,0.0,0.0,7.0,5.0,109.0,0.0,4.0,0.0,14.90,14.9
2024,10,PCP,RB,Trey Benson,ARI,NYJ,18,0.0,0.0,0.0,0.0,0.0,10.0,62.0,0.0,3.0,2.0,2.0,25.0,0.0,2.0,0.0,13.70,13.7
2024,10,PCP,TE,TJ Hockenson,MIN,@JAC,27,0.0,0.0,0.0,0.0,0.0,0.0,0.0,0.0,0.0,9.0,8.0,72.0,0.0,6.0,0.0,13.20,13.2
2024,10,PCP,RB,Kyren Williams,LAR,MIA,24,0.0,0.0,0.0,0.0,0.0,15.0,62.0,0.0,4.0,6.0,5.0,20.0,0.0,2.0,1.0,12.20,12.2
2024,10,PCP,TE,Pat Freiermuth,PIT,@WAS,19,0.0,0.0,0.0,0.0,0.0,0.0,0.0,0.0,0.0,3.0,3.0,17.0,1.0,3.0,0.0,10.70,10.7
2024,10,PCP,WR,Garrett Wilson,NYJ,@ARI,18,0.0,0.0,0.0,0.0,0.0,0.0,0.0,0.0,0.0,6.0,5.0,41.0,0.0,5.0,0.0,9.10,9.1
2024,10,PCP,RB,Tyjae Spears,TEN,@LAC,2,0.0,0.0,0.0,0.0,0.0,7.0,47.0,0.0,2.0,3.0,3.0,4.0,0.0,1.0,0.0,8.10,8.1
2024,10,PCP,RB,Rico Dowdle,DAL,PHI,4,0.0,0.0,0.0,0.0,0.0,12.0,53.0,0.0,2.0,3.0,3.0,3.0,0.0,0.0,0.0,7.60,7.6
2024,10,PCP,RB,Braelon Allen,NYJ,@ARI,26,0.0,0.0,0.0,0.0,0.0,7.0,27.0,0.0,3.0,1.0,1.0,7.0,0.0,0.0,0.0,6.40,6.4
2024,10,PCP,WR,CeeDee Lamb,DAL,PHI,10,0.0,0.0,0.0,0.0,0.0,1.0,3.0,0.0,0.0,10.0,6.0,21.0,0.0,3.0,0.0,5.40,5.4
2024,10,PCP,RB,Ezekiel Elliott,DAL,PHI,4,0.0,0.0,0.0,0.0,0.0,6.0,22.0,0.0,0.0,0.0,0.0,0.0,0.0,0.0,1.0,0.20,0.2
2024,10,PCP,RB,Dameon Pierce,HOU,DET,6,0.0,0.0,0.0,0.0,0.0,0.0,0.0,0.0,0.0,0.0,0.0,0.0,0.0,0.0,0.0,-,0.0
2024,10,PCP,WR,Rashee Rice,KC,DEN,4,0.0,0.0,0.0,0.0,0.0,0.0,0.0,0.0,0.0,0.0,0.0,0.0,0.0,0.0,0.0,-,0.0
2024,10,PCP,QB,Geno Smith,SEA,BYE,---,0.0,0.0,0.0,0.0,0.0,0.0,0.0,0.0,0.0,0.0,0.0,0.0,0.0,0.0,0.0,-,0.0
2024,10,PCP,TE,Luke Musgrave,GB,BYE,---,0.0,0.0,0.0,0.0,0.0,0.0,0.0,0.0,0.0,0.0,0.0,0.0,0.0,0.0,0.0,-,0.0
2024,10,PCP,WR,Keon Coleman,BUF,@IND,22,0.0,0.0,0.0,0.0,0.0,0.0,0.0,0.0,0.0,0.0,0.0,0.0,0.0,0.0,0.0,-,0.0
2024,10,PCP,DST,Ravens,BAL,CIN,14,,,,,,,,,,,,,,,,6.00,6.0
2024,10,PP,QB,Brock Purdy,SF,@TB,32,25.0,36.0,353.0,2.0,0.0,4.0,17.0,0.0,1.0,0.0,0.0,0.0,0.0,0.0,0.0,24.82,24.82
2024,10,PP,WR,Calvin Ridley,TEN,@LAC,7,0.0,0.0,0.0,0.0,0.0,0.0,0.0,0.0,0.0,9.0,5.0,84.0,2.0,4.0,0.0,24.40,24.4
2024,10,PP,QB,Justin Herbert,LAC,TEN,21,14.0,18.0,164.0,1.0,0.0,9.0,32.0,1.0,4.0,0.0,0.0,0.0,0.0,0.0,0.0,23.76,23.76
2024,10,PP,WR,Courtland Sutton,DEN,@KC,9,0.0,0.0,0.0,0.0,0.0,0.0,0.0,0.0,0.0,9.0,6.0,70.0,1.0,4.0,0.0,17.00,17.0
2024,10,PP,RB,David Montgomery,DET,@HOU,7,0.0,0.0,0.0,0.0,0.0,12.0,32.0,1.0,3.0,2.0,1.0,24.0,0.0,1.0,0.0,15.60,15.6
2024,10,PP,RB,Christian McCaffrey,SF,@TB,20,0.0,0.0,0.0,0.0,0.0,13.0,39.0,0.0,1.0,7.0,6.0,68.0,0.0,3.0,0.0,14.70,14.7
2024,10,PP,WR,Jauan Jennings,SF,@TB,28,0.0,0.0,0.0,0.0,0.0,0.0,0.0,0.0,0.0,11.0,7.0,93.0,0.0,5.0,0.0,14.30,14.3
2024,10,PP,QB,Kirk Cousins,ATL,@NO,10,23.0,38.0,306.0,0.0,1.0,0.0,0.0,0.0,0.0,0.0,0.0,0.0,0.0,0.0,0.0,10.24,10.24
2024,10,PP,WR,Wan'Dale Robinson,NYG,@CAR,14,0.0,0.0,0.0,0.0,0.0,0.0,0.0,0.0,0.0,8.0,5.0,51.0,0.0,4.0,0.0,9.10,9.1
2024,10,PP,TE,Taysom Hill,NO,ATL,23,0.0,0.0,0.0,0.0,0.0,4.0,14.0,0.0,1.0,2.0,2.0,36.0,0.0,1.0,0.0,7.00,7.0
2024,10,PP,RB,Devin Singletary,NYG,@CAR,32,0.0,0.0,0.0,0.0,0.0,8.0,40.0,0.0,2.0,1.0,1.0,5.0,0.0,0.0,0.0,6.50,6.5
2024,10,PP,WR,Davante Adams,NYJ,@ARI,18,0.0,0.0,0.0,0.0,0.0,0.0,0.0,0.0,0.0,13.0,6.0,31.0,0.0,1.0,0.0,4.10,4.1
2024,10,PP,WR,Malachi Corley,NYJ,@ARI,18,0.0,0.0,0.0,0.0,0.0,0.0,0.0,0.0,0.0,2.0,1.0,2.0,0.0,1.0,0.0,1.20,1.2
2024,10,PP,TE,Isaiah Likely,BAL,CIN,28,0.0,0.0,0.0,0.0,0.0,0.0,0.0,0.0,0.0,0.0,0.0,0.0,0.0,0.0,0.0,-,0.0
2024,10,PP,TE,Mark Andrews Dead Cap,BAL,0,0,0.0,0.0,0.0,0.0,0.0,0.0,0.0,0.0,0.0,0.0,0.0,0.0,0.0,0.0,0.0,-,0.0
2024,10,PP,TE,Tucker Kraft,GB,BYE,---,0.0,0.0,0.0,0.0,0.0,0.0,0.0,0.0,0.0,0.0,0.0,0.0,0.0,0.0,0.0,-,0.0
2024,10,PP,RB,Josh Jacobs,GB,BYE,---,0.0,0.0,0.0,0.0,0.0,0.0,0.0,0.0,0.0,0.0,0.0,0.0,0.0,0.0,0.0,-,0.0
2024,10,PP,RB,MarShawn Lloyd,GB,BYE,---,0.0,0.0,0.0,0.0,0.0,0.0,0.0,0.0,0.0,0.0,0.0,0.0,0.0,0.0,0.0,-,0.0
2024,10,PP,WR,Amari Cooper,BUF,@IND,22,0.0,0.0,0.0,0.0,0.0,0.0,0.0,0.0,0.0,0.0,0.0,0.0,0.0,0.0,0.0,-,0.0
2024,10,PP,WR,Romeo Doubs,GB,BYE,---,0.0,0.0,0.0,0.0,0.0,0.0,0.0,0.0,0.0,0.0,0.0,0.0,0.0,0.0,0.0,-,0.0
2024,10,PP,QB,JJ McCarthy,MIN,@JAC,31,0.0,0.0,0.0,0.0,0.0,0.0,0.0,0.0,0.0,0.0,0.0,0.0,0.0,0.0,0.0,-,0.0
2024,10,PP,DST,Chargers,LAC,TEN,31,,,,,,,,,,,,,,,,8.00,8.0
2024,10,RR,WR,George Pickens,PIT,@WAS,23,0.0,0.0,0.0,0.0,0.0,1.0,4.0,0.0,0.0,7.0,5.0,91.0,1.0,4.0,0.0,19.50,19.5
2024,10,RR,RB,Joe Mixon,HOU,DET,6,0.0,0.0,0.0,0.0,0.0,25.0,46.0,1.0,3.0,4.0,2.0,44.0,0.0,1.0,0.0,19.00,19.0
2024,10,RR,RB,Rachaad White,TB,SF,14,0.0,0.0,0.0,0.0,0.0,10.0,31.0,0.0,2.0,7.0,6.0,39.0,1.0,3.0,0.0,18.00,18.0
2024,10,RR,RB,Kareem Hunt,KC,DEN,12,0.0,0.0,0.0,0.0,0.0,14.0,35.0,0.0,3.0,10.0,7.0,65.0,0.0,2.0,0.0,15.00,15.0
2024,10,RR,RB,Alvin Kamara,NO,ATL,9,0.0,0.0,0.0,0.0,0.0,17.0,55.0,0.0,3.0,6.0,5.0,54.0,0.0,1.0,0.0,14.90,14.9
2024,10,RR,QB,CJ Stroud,HOU,DET,12,19.0,33.0,232.0,1.0,2.0,1.0,5.0,0.0,0.0,0.0,0.0,0.0,0.0,0.0,0.0,9.78,9.78
2024,10,RR,QB,Baker Mayfield,TB,SF,8,18.0,29.0,116.0,1.0,0.0,3.0,3.0,0.0,0.0,0.0,0.0,0.0,0.0,0.0,0.0,8.94,8.94
2024,10,RR,WR,Justin Jefferson,MIN,@JAC,27,0.0,0.0,0.0,0.0,0.0,0.0,0.0,0.0,0.0,9.0,5.0,48.0,0.0,4.0,0.0,8.80,8.8
2024,10,RR,QB,Tua Tagovailoa,MIA,@LAR,14,20.0,28.0,207.0,1.0,1.0,1.0,-1.0,0.0,0.0,0.0,0.0,0.0,0.0,0.0,1.0,8.28,8.28
2024,10,RR,TE,Cade Otton,TB,SF,11,0.0,0.0,0.0,0.0,0.0,0.0,0.0,0.0,0.0,8.0,5.0,35.0,0.0,3.0,0.0,6.50,6.5
2024,10,RR,WR,Jordan Addison,MIN,@JAC,27,0.0,0.0,0.0,0.0,0.0,1.0,4.0,0.0,0.0,5.0,2.0,25.0,0.0,1.0,0.0,3.90,3.9
2024,10,RR,TE,Cole Kmet,CHI,NE,17,0.0,0.0,0.0,0.0,0.0,0.0,0.0,0.0,0.0,4.0,2.0,13.0,0.0,1.0,0.0,2.30,2.3
2024,10,RR,WR,Diontae Johnson,BAL,CIN,17,0.0,0.0,0.0,0.0,0.0,0.0,0.0,0.0,0.0,2.0,1.0,6.0,0.0,0.0,0.0,0.60,0.6
2024,10,RR,WR,Cedric Tillman,CLE,BYE,---,0.0,0.0,0.0,0.0,0.0,0.0,0.0,0.0,0.0,0.0,0.0,0.0,0.0,0.0,0.0,-,0.0
2024,10,RR,WR,Jalen McMillan,TB,SF,11,0.0,0.0,0.0,0.0,0.0,0.0,0.0,0.0,0.0,0.0,0.0,0.0,0.0,0.0,0.0,-,0.0
2024,10,RR,QB,Michael Penix,ATL,@NO,10,0.0,0.0,0.0,0.0,0.0,0.0,0.0,0.0,0.0,0.0,0.0,0.0,0.0,0.0,0.0,-,0.0
2024,10,RR,DST,Chiefs,KC,DEN,13,,,,,,,,,,,,,,,,3.00,3.0
2024,10,SBS,QB,Lamar Jackson,BAL,CIN,30,25.0,33.0,290.0,4.0,0.0,7.0,33.0,0.0,2.0,0.0,0.0,0.0,0.0,0.0,0.0,34.90,34.9
2024,10,SBS,RB,Chuba Hubbard,CAR,NYG,21,0.0,0.0,0.0,0.0,0.0,28.0,153.0,1.0,7.0,6.0,4.0,16.0,0.0,1.0,1.0,28.90,28.9
2024,10,SBS,RB,Austin Ekeler,WAS,PIT,11,0.0,0.0,0.0,0.0,0.0,13.0,44.0,2.0,7.0,2.0,1.0,7.0,0.0,0.0,0.0,24.10,24.1
2024,10,SBS,QB,Russell Wilson,PIT,@WAS,18,14.0,28.0,195.0,3.0,1.0,4.0,3.0,0.0,1.0,0.0,0.0,0.0,0.0,0.0,0.0,19.10,19.1
2024,10,SBS,WR,Alec Pierce,IND,BUF,8,0.0,0.0,0.0,0.0,0.0,0.0,0.0,0.0,0.0,7.0,4.0,81.0,1.0,4.0,0.0,18.10,18.1
2024,10,SBS,RB,Jonathan Taylor,IND,BUF,29,0.0,0.0,0.0,0.0,0.0,21.0,114.0,0.0,4.0,4.0,2.0,8.0,0.0,0.0,0.0,16.20,16.2
2024,10,SBS,WR,Rashod Bateman,BAL,CIN,17,0.0,0.0,0.0,0.0,0.0,0.0,0.0,0.0,0.0,8.0,6.0,54.0,1.0,4.0,0.0,15.40,15.4
2024,10,SBS,WR,Deebo Samuel,SF,@TB,28,0.0,0.0,0.0,0.0,0.0,3.0,14.0,0.0,1.0,6.0,5.0,62.0,0.0,3.0,0.0,11.60,11.6
2024,10,SBS,QB,Jayden Daniels,WAS,PIT,2,17.0,34.0,202.0,0.0,0.0,3.0,5.0,0.0,0.0,0.0,0.0,0.0,0.0,0.0,0.0,8.58,8.58
2024,10,SBS,WR,Andrei Iosivas,CIN,@BAL,32,0.0,0.0,0.0,0.0,0.0,0.0,0.0,0.0,0.0,4.0,2.0,29.0,0.0,2.0,0.0,4.90,4.9
2024,10,SBS,RB,Antonio Gibson,NE,@CHI,17,0.0,0.0,0.0,0.0,0.0,5.0,26.0,0.0,1.0,0.0,0.0,0.0,0.0,0.0,0.0,3.60,3.6
2024,10,SBS,WR,Demarcus Robinson,LAR,MIA,6,0.0,0.0,0.0,0.0,0.0,0.0,0.0,0.0,0.0,5.0,1.0,23.0,0.0,1.0,0.0,3.30,3.3
2024,10,SBS,TE,Zach Ertz,WAS,PIT,10,0.0,0.0,0.0,0.0,0.0,0.0,0.0,0.0,0.0,8.0,4.0,31.0,0.0,0.0,0.0,3.10,3.1
2024,10,SBS,WR,Jalen Tolbert,DAL,PHI,10,0.0,0.0,0.0,0.0,0.0,0.0,0.0,0.0,0.0,5.0,3.0,14.0,0.0,0.0,0.0,1.40,1.4
2024,10,SBS,WR,Troy Franklin,DEN,@KC,9,0.0,0.0,0.0,0.0,0.0,0.0,0.0,0.0,0.0,2.0,1.0,9.0,0.0,0.0,0.0,0.90,0.9
2024,10,SBS,RB,Jaylen Wright,MIA,@LAR,16,0.0,0.0,0.0,0.0,0.0,5.0,3.0,0.0,0.0,0.0,0.0,0.0,0.0,0.0,0.0,0.30,0.3
2024,10,SBS,RB,Jerome Ford,CLE,BYE,---,0.0,0.0,0.0,0.0,0.0,0.0,0.0,0.0,0.0,0.0,0.0,0.0,0.0,0.0,0.0,-,0.0
2024,10,SBS,WR,Christian Watson,GB,BYE,---,0.0,0.0,0.0,0.0,0.0,0.0,0.0,0.0,0.0,0.0,0.0,0.0,0.0,0.0,0.0,-,0.0
2024,10,SBS,WR,Stefon Diggs,HOU,DET,29,0.0,0.0,0.0,0.0,0.0,0.0,0.0,0.0,0.0,0.0,0.0,0.0,0.0,0.0,0.0,-,0.0
2024,10,SBS,WR,Christian Kirk,JAC,MIN,31,0.0,0.0,0.0,0.0,0.0,0.0,0.0,0.0,0.0,0.0,0.0,0.0,0.0,0.0,0.0,-,0.0
2024,10,SBS,DST,Lions,DET,@HOU,13,,,,,,,,,,,,,,,,8.00,8.0
2024,11,ABT,RB,Saquon Barkley,PHI,WAS,26,0.0,0.0,0.0,0.0,0.0,26.0,146.0,2.0,7.0,3.0,2.0,52.0,0.0,1.0,0.0,39.80,39.8
2024,11,ABT,WR,Puka Nacua,LAR,@NE,22,0.0,0.0,0.0,0.0,0.0,0.0,0.0,0.0,0.0,9.0,7.0,123.0,1.0,7.0,0.0,25.30,25.3
2024,11,ABT,QB,Caleb Williams,CHI,GB,10,23.0,31.0,231.0,0.0,0.0,9.0,70.0,0.0,5.0,0.0,0.0,0.0,0.0,0.0,0.0,21.24,21.24
2024,11,ABT,RB,Chase Brown,CIN,@LAC,3,0.0,0.0,0.0,0.0,0.0,22.0,86.0,0.0,4.0,7.0,5.0,57.0,0.0,2.0,0.0,20.30,20.3
2024,11,ABT,WR,Josh Downs,IND,@NYJ,6,0.0,0.0,0.0,0.0,0.0,0.0,0.0,0.0,0.0,5.0,5.0,84.0,1.0,5.0,0.0,19.40,19.4
2024,11,ABT,RB,Najee Harris,PIT,BAL,7,0.0,0.0,0.0,0.0,0.0,18.0,63.0,0.0,5.0,5.0,4.0,30.0,0.0,1.0,0.0,15.30,15.3
2024,11,ABT,RB,Roschon Johnson,CHI,GB,19,0.0,0.0,0.0,0.0,0.0,10.0,33.0,1.0,3.0,1.0,1.0,8.0,0.0,1.0,0.0,14.10,14.1
2024,11,ABT,WR,DJ Moore,CHI,GB,14,0.0,0.0,0.0,0.0,0.0,1.0,5.0,0.0,0.0,7.0,7.0,62.0,0.0,4.0,0.0,10.70,10.7
2024,11,ABT,TE,Hunter Henry,NE,LAR,26,0.0,0.0,0.0,0.0,0.0,0.0,0.0,0.0,0.0,9.0,6.0,63.0,0.0,4.0,0.0,10.30,10.3
2024,11,ABT,RB,Alexander Mattison,LV,@MIA,24,0.0,0.0,0.0,0.0,0.0,5.0,19.0,0.0,1.0,3.0,3.0,50.0,0.0,1.0,0.0,8.90,8.9
2024,11,ABT,WR,Keenan Allen,CHI,GB,14,0.0,0.0,0.0,0.0,0.0,0.0,0.0,0.0,0.0,8.0,4.0,41.0,0.0,2.0,0.0,6.10,6.1
2024,11,ABT,TE,Jake Ferguson,DAL,HOU,5,0.0,0.0,0.0,0.0,0.0,0.0,0.0,0.0,0.0,1.0,1.0,11.0,0.0,1.0,0.0,2.10,2.1
2024,11,ABT,WR,Jermaine Burton,CIN,@LAC,15,0.0,0.0,0.0,0.0,0.0,0.0,0.0,0.0,0.0,4.0,1.0,8.0,0.0,1.0,0.0,1.80,1.8
2024,11,ABT,QB,Bryce Young,CAR,BYE,---,0.0,0.0,0.0,0.0,0.0,0.0,0.0,0.0,0.0,0.0,0.0,0.0,0.0,0.0,0.0,-,0.0
2024,11,ABT,WR,Chris Olave,NO,CLE,28,0.0,0.0,0.0,0.0,0.0,0.0,0.0,0.0,0.0,0.0,0.0,0.0,0.0,0.0,0.0,-,0.0
2024,11,ABT,QB,Dak Prescott,DAL,HOU,16,0.0,0.0,0.0,0.0,0.0,0.0,0.0,0.0,0.0,0.0,0.0,0.0,0.0,0.0,0.0,-,0.0
2024,11,ABT,RB,Jonathon Brooks,CAR,BYE,---,0.0,0.0,0.0,0.0,0.0,0.0,0.0,0.0,0.0,0.0,0.0,0.0,0.0,0.0,0.0,-,0.0
2024,11,ABT,RB,Keaton Mitchell,BAL,@PIT,11,0.0,0.0,0.0,0.0,0.0,0.0,0.0,0.0,0.0,0.0,0.0,0.0,0.0,0.0,0.0,0.00,0.0
2024,11,ABT,WR,Roman Wilson,PIT,BAL,32,0.0,0.0,0.0,0.0,0.0,0.0,0.0,0.0,0.0,0.0,0.0,0.0,0.0,0.0,0.0,-,0.0
2024,11,ABT,DST,Eagles,PHI,WAS,3,,,,,,,,,,,,,,,,7.00,7.0
2024,11,CLC,RB,Breece Hall,NYJ,IND,21,0.0,0.0,0.0,0.0,0.0,16.0,78.0,1.0,3.0,7.0,7.0,43.0,1.0,1.0,0.0,28.10,28.1
2024,11,CLC,QB,Jordan Love,GB,@CHI,2,13.0,17.0,261.0,1.0,1.0,4.0,18.0,1.0,2.0,0.0,0.0,0.0,0.0,0.0,0.0,22.24,22.24
2024,11,CLC,RB,Javonte Williams,DEN,ATL,9,0.0,0.0,0.0,0.0,0.0,9.0,59.0,1.0,4.0,5.0,4.0,28.0,0.0,2.0,0.0,20.70,20.7
2024,11,CLC,WR,Rome Odunze,CHI,GB,14,0.0,0.0,0.0,0.0,0.0,0.0,0.0,0.0,0.0,10.0,6.0,65.0,0.0,3.0,0.0,9.50,9.5
2024,11,CLC,WR,Nico Collins,HOU,@DAL,16,0.0,0.0,0.0,0.0,0.0,0.0,0.0,0.0,0.0,7.0,4.0,54.0,0.0,2.0,0.0,7.40,7.4
2024,11,CLC,WR,Jaylen Waddle,MIA,LV,7,0.0,0.0,0.0,0.0,0.0,0.0,0.0,0.0,0.0,3.0,2.0,37.0,0.0,2.0,0.0,5.70,5.7
2024,11,CLC,RB,Justice Hill,BAL,@PIT,11,0.0,0.0,0.0,0.0,0.0,2.0,13.0,0.0,0.0,7.0,4.0,28.0,0.0,1.0,0.0,5.10,5.1
2024,11,CLC,WR,DeVonta Smith,PHI,WAS,18,0.0,0.0,0.0,0.0,0.0,0.0,0.0,0.0,0.0,6.0,4.0,29.0,0.0,2.0,0.0,4.90,4.9
2024,11,CLC,WR,Darnell Mooney,ATL,@DEN,1,0.0,0.0,0.0,0.0,0.0,0.0,0.0,0.0,0.0,4.0,2.0,27.0,0.0,1.0,0.0,3.70,3.7
2024,11,CLC,RB,Jordan Mason,SF,SEA,25,0.0,0.0,0.0,0.0,0.0,2.0,13.0,0.0,1.0,0.0,0.0,0.0,0.0,0.0,0.0,2.30,2.3
2024,11,CLC,QB,Justin Fields,PIT,BAL,29,0.0,0.0,0.0,0.0,0.0,2.0,17.0,0.0,0.0,0.0,0.0,0.0,0.0,0.0,0.0,1.70,1.7
2024,11,CLC,WR,Ricky Pearsall,SF,SEA,20,0.0,0.0,0.0,0.0,0.0,0.0,0.0,0.0,0.0,2.0,0.0,0.0,0.0,0.0,0.0,0.00,0.0
2024,11,CLC,QB,Joe Flacco,IND,@NYJ,19,0.0,0.0,0.0,0.0,0.0,0.0,0.0,0.0,0.0,0.0,0.0,0.0,0.0,0.0,0.0,-,0.0
2024,11,CLC,WR,Ja'Lynn Polk,NE,LAR,24,0.0,0.0,0.0,0.0,0.0,0.0,0.0,0.0,0.0,0.0,0.0,0.0,0.0,0.0,0.0,0.00,0.0
2024,11,CLC,RB,Zack Moss,CIN,@LAC,3,0.0,0.0,0.0,0.0,0.0,0.0,0.0,0.0,0.0,0.0,0.0,0.0,0.0,0.0,0.0,-,0.0
2024,11,CLC,TE,Dalton Kincaid,BUF,KC,28,0.0,0.0,0.0,0.0,0.0,0.0,0.0,0.0,0.0,0.0,0.0,0.0,0.0,0.0,0.0,-,0.0
2024,11,CLC,DST,Bears,CHI,GB,10,,,,,,,,,,,,,,,,5.00,5.0
2024,11,CPC,QB,Sam Darnold,MIN,@TEN,23,20.0,32.0,246.0,2.0,0.0,8.0,18.0,1.0,4.0,0.0,0.0,0.0,0.0,0.0,1.0,27.64,27.64
2024,11,CPC,WR,Tee Higgins,CIN,@LAC,15,0.0,0.0,0.0,0.0,0.0,0.0,0.0,0.0,0.0,13.0,9.0,148.0,1.0,6.0,0.0,26.80,26.8
2024,11,CPC,WR,Ja'Marr Chase,CIN,@LAC,15,0.0,0.0,0.0,0.0,0.0,0.0,0.0,0.0,0.0,13.0,7.0,75.0,2.0,3.0,0.0,22.50,22.5
2024,11,CPC,RB,JK Dobbins,LAC,CIN,12,0.0,0.0,0.0,0.0,0.0,11.0,56.0,2.0,3.0,1.0,1.0,3.0,0.0,0.0,0.0,20.90,20.9
2024,11,CPC,QB,Derek Carr,NO,CLE,20,21.0,27.0,248.0,2.0,0.0,1.0,8.0,0.0,1.0,0.0,0.0,0.0,0.0,0.0,0.0,19.72,19.72
2024,11,CPC,QB,Drake Maye,NE,LAR,13,30.0,40.0,282.0,2.0,1.0,3.0,27.0,0.0,1.0,0.0,0.0,0.0,0.0,0.0,1.0,18.98,18.98
2024,11,CPC,WR,Ladd McConkey,LAC,CIN,21,0.0,0.0,0.0,0.0,0.0,0.0,0.0,0.0,0.0,9.0,6.0,123.0,0.0,6.0,0.0,18.30,18.3
2024,11,CPC,WR,Tyreek Hill,MIA,LV,7,0.0,0.0,0.0,0.0,0.0,0.0,0.0,0.0,0.0,8.0,7.0,61.0,1.0,6.0,0.0,18.10,18.1
2024,11,CPC,RB,Brian Robinson,WAS,@PHI,6,0.0,0.0,0.0,0.0,0.0,16.0,63.0,1.0,4.0,1.0,1.0,9.0,0.0,0.0,0.0,17.20,17.2
2024,11,CPC,RB,James Cook,BUF,KC,1,0.0,0.0,0.0,0.0,0.0,9.0,20.0,2.0,2.0,6.0,5.0,7.0,0.0,0.0,0.0,16.70,16.7
2024,11,CPC,RB,Derrick Henry,BAL,@PIT,11,0.0,0.0,0.0,0.0,0.0,13.0,65.0,1.0,3.0,0.0,0.0,0.0,0.0,0.0,1.0,13.50,13.5
2024,11,CPC,WR,Jakobi Meyers,LV,@MIA,4,0.0,0.0,0.0,0.0,0.0,1.0,20.0,0.0,1.0,6.0,4.0,28.0,0.0,1.0,0.0,6.80,6.8
2024,11,CPC,RB,Tony Pollard,TEN,MIN,2,0.0,0.0,0.0,0.0,0.0,9.0,15.0,0.0,1.0,4.0,2.0,14.0,0.0,1.0,0.0,4.90,4.9
2024,11,CPC,WR,Tyler Lockett,SEA,@SF,12,0.0,0.0,0.0,0.0,0.0,0.0,0.0,0.0,0.0,3.0,2.0,19.0,0.0,1.0,0.0,2.90,2.9
2024,11,CPC,TE,George Kittle,SF,SEA,19,0.0,0.0,0.0,0.0,0.0,0.0,0.0,0.0,0.0,0.0,0.0,0.0,0.0,0.0,0.0,-,0.0
2024,11,CPC,TE,Ja'Tavion Sanders,CAR,BYE,---,0.0,0.0,0.0,0.0,0.0,0.0,0.0,0.0,0.0,0.0,0.0,0.0,0.0,0.0,0.0,-,0.0
2024,11,CPC,WR,Dontayvion Wicks,GB,@CHI,3,0.0,0.0,0.0,0.0,0.0,0.0,0.0,0.0,0.0,1.0,0.0,0.0,0.0,0.0,0.0,0.00,0.0
2024,11,CPC,DST,Jets,NYJ,IND,22,,,,,,,,,,,,,,,,4.00,4.0
2024,11,DDD,QB,Jared Goff,DET,JAC,31,24.0,29.0,412.0,4.0,0.0,4.0,21.0,0.0,2.0,0.0,0.0,0.0,0.0,0.0,0.0,36.58,36.58
2024,11,DDD,QB,Jameis Winston,CLE,@NO,11,30.0,46.0,395.0,2.0,0.0,1.0,8.0,0.0,0.0,0.0,0.0,0.0,0.0,0.0,0.0,26.60,26.6
2024,11,DDD,RB,Jahmyr Gibbs,DET,JAC,30,0.0,0.0,0.0,0.0,0.0,11.0,69.0,1.0,3.0,1.0,1.0,54.0,0.0,1.0,0.0,22.30,22.3
2024,11,DDD,RB,De'Von Achane,MIA,LV,23,0.0,0.0,0.0,0.0,0.0,17.0,73.0,1.0,4.0,4.0,4.0,32.0,0.0,1.0,0.0,21.50,21.5
2024,11,DDD,QB,Cooper Rush,DAL,HOU,16,32.0,55.0,354.0,1.0,1.0,2.0,2.0,0.0,0.0,0.0,0.0,0.0,0.0,0.0,0.0,16.36,16.36
2024,11,DDD,RB,Kenneth Walker,SEA,@SF,15,0.0,0.0,0.0,0.0,0.0,14.0,54.0,1.0,4.0,2.0,2.0,5.0,0.0,0.0,0.0,15.90,15.9
2024,11,DDD,WR,Quentin Johnston,LAC,CIN,21,0.0,0.0,0.0,0.0,0.0,0.0,0.0,0.0,0.0,8.0,2.0,48.0,1.0,2.0,0.0,12.80,12.8
2024,11,DDD,WR,Zay Flowers,BAL,@PIT,8,0.0,0.0,0.0,0.0,0.0,0.0,0.0,0.0,0.0,6.0,2.0,39.0,1.0,2.0,0.0,11.90,11.9
2024,11,DDD,WR,Tank Dell,HOU,@DAL,16,0.0,0.0,0.0,0.0,0.0,1.0,4.0,0.0,0.0,7.0,4.0,54.0,0.0,3.0,0.0,8.80,8.8
2024,11,DDD,WR,Adonai Mitchell,IND,@NYJ,6,0.0,0.0,0.0,0.0,0.0,1.0,2.0,0.0,0.0,2.0,1.0,33.0,0.0,1.0,0.0,4.50,4.5
2024,11,DDD,RB,Bucky Irving,TB,BYE,---,0.0,0.0,0.0,0.0,0.0,0.0,0.0,0.0,0.0,0.0,0.0,0.0,0.0,0.0,0.0,-,0.0
2024,11,DDD,WR,Malik Nabers,NYG,BYE,---,0.0,0.0,0.0,0.0,0.0,0.0,0.0,0.0,0.0,0.0,0.0,0.0,0.0,0.0,0.0,-,0.0
2024,11,DDD,TE,Mike Gesicki,CIN,@LAC,6,0.0,0.0,0.0,0.0,0.0,0.0,0.0,0.0,0.0,2.0,0.0,0.0,0.0,0.0,0.0,0.00,0.0
2024,11,DDD,QB,Deshaun Watson,CLE,@NO,11,0.0,0.0,0.0,0.0,0.0,0.0,0.0,0.0,0.0,0.0,0.0,0.0,0.0,0.0,0.0,-,0.0
2024,11,DDD,RB,Tank Bigsby,JAC,@DET,4,0.0,0.0,0.0,0.0,0.0,0.0,0.0,0.0,0.0,0.0,0.0,0.0,0.0,0.0,0.0,-,0.0
2024,11,DDD,TE,Sam LaPorta,DET,JAC,27,0.0,0.0,0.0,0.0,0.0,0.0,0.0,0.0,0.0,0.0,0.0,0.0,0.0,0.0,0.0,-,0.0
2024,11,DDD,DST,Bengals,CIN,@LAC,4,,,,,,,,,,,,,,,,3.00,3.0
2024,11,LBC,QB,Anthony Richardson,IND,@NYJ,19,20.0,30.0,272.0,1.0,0.0,10.0,32.0,2.0,3.0,0.0,0.0,0.0,0.0,0.0,1.0,31.08,31.08
2024,11,LBC,QB,Bo Nix,DEN,ATL,27,28.0,33.0,307.0,4.0,0.0,2.0,5.0,0.0,0.0,0.0,0.0,0.0,0.0,0.0,0.0,28.78,28.78
2024,11,LBC,TE,Brock Bowers,LV,@MIA,18,0.0,0.0,0.0,0.0,0.0,1.0,-3.0,0.0,0.0,16.0,13.0,126.0,1.0,10.0,0.0,28.60,28.6
2024,11,LBC,WR,Jerry Jeudy,CLE,@NO,23,0.0,0.0,0.0,0.0,0.0,0.0,0.0,0.0,0.0,11.0,6.0,142.0,1.0,4.0,0.0,24.20,24.2
2024,11,LBC,WR,Jaxon Smith-Njigba,SEA,@SF,12,0.0,0.0,0.0,0.0,0.0,1.0,8.0,0.0,1.0,11.0,10.0,110.0,0.0,6.0,0.0,18.80,18.8
2024,11,LBC,QB,Aaron Rodgers,NYJ,IND,22,22.0,29.0,184.0,2.0,0.0,1.0,7.0,0.0,0.0,0.0,0.0,0.0,0.0,0.0,0.0,16.06,16.06
2024,11,LBC,RB,Rhamondre Stevenson,NE,LAR,15,0.0,0.0,0.0,0.0,0.0,20.0,73.0,0.0,3.0,4.0,4.0,16.0,0.0,0.0,0.0,11.90,11.9
2024,11,LBC,WR,Drake London,ATL,@DEN,1,0.0,0.0,0.0,0.0,0.0,0.0,0.0,0.0,0.0,7.0,3.0,61.0,0.0,3.0,0.0,9.10,9.1
2024,11,LBC,WR,Michael Pittman,IND,@NYJ,6,0.0,0.0,0.0,0.0,0.0,0.0,0.0,0.0,0.0,8.0,5.0,46.0,0.0,2.0,0.0,6.60,6.6
2024,11,LBC,TE,Evan Engram,JAC,@DET,2,0.0,0.0,0.0,0.0,0.0,0.0,0.0,0.0,0.0,7.0,5.0,28.0,0.0,2.0,0.0,4.80,4.8
2024,11,LBC,RB,Travis Etienne,JAC,@DET,4,0.0,0.0,0.0,0.0,0.0,12.0,27.0,0.0,1.0,3.0,3.0,6.0,0.0,0.0,0.0,4.30,4.3
2024,11,LBC,WR,Devontez Walker,BAL,@PIT,8,0.0,0.0,0.0,0.0,0.0,0.0,0.0,0.0,0.0,0.0,0.0,0.0,0.0,0.0,0.0,-,0.0
2024,11,LBC,WR,Brandon Aiyuk,SF,SEA,20,0.0,0.0,0.0,0.0,0.0,0.0,0.0,0.0,0.0,0.0,0.0,0.0,0.0,0.0,0.0,-,0.0
2024,11,LBC,WR,Jalen Coker,CAR,BYE,---,0.0,0.0,0.0,0.0,0.0,0.0,0.0,0.0,0.0,0.0,0.0,0.0,0.0,0.0,0.0,-,0.0
2024,11,LBC,WR,Michael Wilson,ARI,BYE,---,0.0,0.0,0.0,0.0,0.0,0.0,0.0,0.0,0.0,0.0,0.0,0.0,0.0,0.0,0.0,-,0.0
2024,11,LBC,TE,Trey McBride,ARI,BYE,---,0.0,0.0,0.0,0.0,0.0,0.0,0.0,0.0,0.0,0.0,0.0,0.0,0.0,0.0,0.0,-,0.0
2024,11,LBC,RB,Isiah Pacheco,KC,@BUF,28,0.0,0.0,0.0,0.0,0.0,0.0,0.0,0.0,0.0,0.0,0.0,0.0,0.0,0.0,0.0,-,0.0
2024,11,LBC,RB,Raheem Mostert,MIA,LV,23,0.0,0.0,0.0,0.0,0.0,3.0,-2.0,0.0,0.0,0.0,0.0,0.0,0.0,0.0,0.0,0.00,0.0
2024,11,LBC,DST,Broncos,DEN,ATL,12,,,,,,,,,,,,,,,,13.00,13.0
2024,11,LC,QB,Jalen Hurts,PHI,WAS,18,18.0,28.0,221.0,0.0,0.0,10.0,39.0,1.0,4.0,0.0,0.0,0.0,0.0,0.0,0.0,22.74,22.74
2024,11,LC,QB,Gardner Minshew,LV,@MIA,3,30.0,43.0,282.0,2.0,1.0,2.0,7.0,0.0,1.0,0.0,0.0,0.0,0.0,0.0,0.0,18.98,18.98
2024,11,LC,QB,Patrick Mahomes,KC,@BUF,7,23.0,33.0,196.0,3.0,2.0,0.0,0.0,0.0,0.0,0.0,0.0,0.0,0.0,0.0,0.0,15.84,15.84
2024,11,LC,WR,Xavier Worthy,KC,@BUF,9,0.0,0.0,0.0,0.0,0.0,1.0,7.0,0.0,0.0,5.0,4.0,61.0,1.0,3.0,0.0,15.80,15.8
2024,11,LC,TE,Juwan Johnson,NO,CLE,24,0.0,0.0,0.0,0.0,0.0,0.0,0.0,0.0,0.0,3.0,3.0,30.0,1.0,2.0,0.0,11.00,11.0
2024,11,LC,RB,Jaylen Warren,PIT,BAL,7,0.0,0.0,0.0,0.0,0.0,9.0,41.0,0.0,2.0,4.0,4.0,27.0,0.0,2.0,0.0,10.80,10.8
2024,11,LC,WR,DK Metcalf,SEA,@SF,12,0.0,0.0,0.0,0.0,0.0,0.0,0.0,0.0,0.0,9.0,7.0,70.0,0.0,3.0,0.0,10.00,10.0
2024,11,LC,TE,Dalton Schultz,HOU,@DAL,15,0.0,0.0,0.0,0.0,0.0,0.0,0.0,0.0,0.0,7.0,5.0,33.0,0.0,2.0,0.0,5.30,5.3
2024,11,LC,WR,DeAndre Hopkins,KC,@BUF,9,0.0,0.0,0.0,0.0,0.0,0.0,0.0,0.0,0.0,4.0,3.0,29.0,0.0,2.0,0.0,4.90,4.9
2024,11,LC,RB,Zach Charbonnet,SEA,@SF,16,0.0,0.0,0.0,0.0,0.0,4.0,3.0,0.0,1.0,2.0,2.0,2.0,0.0,0.0,0.0,1.50,1.5
2024,11,LC,TE,Ben Sinnott,WAS,@PHI,3,0.0,0.0,0.0,0.0,0.0,0.0,0.0,0.0,0.0,0.0,0.0,0.0,0.0,0.0,0.0,0.00,0.0
2024,11,LC,WR,Rashid Shaheed,NO,CLE,28,0.0,0.0,0.0,0.0,0.0,0.0,0.0,0.0,0.0,0.0,0.0,0.0,0.0,0.0,0.0,-,0.0
2024,11,LC,RB,James Conner,ARI,BYE,---,0.0,0.0,0.0,0.0,0.0,0.0,0.0,0.0,0.0,0.0,0.0,0.0,0.0,0.0,0.0,-,0.0
2024,11,LC,RB,Jamaal Williams,NO,CLE,8,0.0,0.0,0.0,0.0,0.0,0.0,0.0,0.0,0.0,0.0,0.0,0.0,0.0,0.0,0.0,-,0.0
2024,11,LC,WR,Xavier Legette,CAR,BYE,---,0.0,0.0,0.0,0.0,0.0,0.0,0.0,0.0,0.0,0.0,0.0,0.0,0.0,0.0,0.0,-,0.0
2024,11,LC,RB,Jeff Wilson,MIA,LV,23,0.0,0.0,0.0,0.0,0.0,0.0,0.0,0.0,0.0,0.0,0.0,0.0,0.0,0.0,0.0,-,0.0
2024,11,LC,RB,Tyler Allgeier,ATL,@DEN,10,0.0,0.0,0.0,0.0,0.0,0.0,0.0,0.0,0.0,1.0,1.0,-1.0,0.0,0.0,0.0,0.00,0.0
2024,11,LC,WR,Allen Lazard,NYJ,IND,17,0.0,0.0,0.0,0.0,0.0,0.0,0.0,0.0,0.0,0.0,0.0,0.0,0.0,0.0,0.0,-,0.0
2024,11,LC,DST,49ers,SF,SEA,27,,,,,,,,,,,,,,,,8.00,8.0
2024,11,MB,WR,Amon-Ra St Brown,DET,JAC,31,0.0,0.0,0.0,0.0,0.0,1.0,-4.0,0.0,0.0,11.0,11.0,161.0,2.0,9.0,0.0,37.10,37.1
2024,11,MB,QB,Matthew Stafford,LAR,@NE,12,18.0,27.0,295.0,4.0,0.0,4.0,0.0,0.0,1.0,0.0,0.0,0.0,0.0,0.0,0.0,28.80,28.8
2024,11,MB,WR,Cooper Kupp,LAR,@NE,22,0.0,0.0,0.0,0.0,0.0,0.0,0.0,0.0,0.0,10.0,6.0,106.0,2.0,3.0,0.0,25.60,25.6
2024,11,MB,QB,Will Levis,TEN,MIN,6,17.0,31.0,295.0,1.0,1.0,7.0,18.0,0.0,2.0,0.0,0.0,0.0,0.0,0.0,0.0,17.60,17.6
2024,11,MB,RB,Cam Akers,MIN,@TEN,13,0.0,0.0,0.0,0.0,0.0,10.0,25.0,0.0,1.0,2.0,2.0,11.0,1.0,1.0,0.0,11.60,11.6
2024,11,MB,RB,Bijan Robinson,ATL,@DEN,10,0.0,0.0,0.0,0.0,0.0,12.0,35.0,0.0,1.0,4.0,4.0,28.0,0.0,2.0,0.0,9.30,9.3
2024,11,MB,RB,Aaron Jones,MIN,@TEN,13,0.0,0.0,0.0,0.0,0.0,15.0,39.0,0.0,0.0,1.0,1.0,4.0,0.0,0.0,0.0,4.30,4.3
2024,11,MB,WR,Josh Palmer,LAC,CIN,21,0.0,0.0,0.0,0.0,0.0,0.0,0.0,0.0,0.0,4.0,2.0,23.0,0.0,2.0,0.0,4.30,4.3
2024,11,MB,TE,Mark Andrews,BAL,@PIT,9,0.0,0.0,0.0,0.0,0.0,0.0,0.0,0.0,0.0,3.0,2.0,22.0,0.0,1.0,0.0,3.20,3.2
2024,11,MB,WR,Tutu Atwell,LAR,@NE,22,0.0,0.0,0.0,0.0,0.0,0.0,0.0,0.0,0.0,2.0,1.0,21.0,0.0,1.0,0.0,3.10,3.1
2024,11,MB,RB,Ray Davis,BUF,KC,1,0.0,0.0,0.0,0.0,0.0,5.0,11.0,0.0,1.0,0.0,0.0,0.0,0.0,0.0,0.0,2.10,2.1
2024,11,MB,RB,Zamir White,LV,@MIA,24,0.0,0.0,0.0,0.0,0.0,5.0,9.0,0.0,0.0,0.0,0.0,0.0,0.0,0.0,0.0,0.90,0.9
2024,11,MB,TE,Travis Kelce,KC,@BUF,13,0.0,0.0,0.0,0.0,0.0,0.0,0.0,0.0,0.0,4.0,2.0,8.0,0.0,0.0,0.0,0.80,0.8
2024,11,MB,RB,Khalil Herbert,CIN,@LAC,3,0.0,0.0,0.0,0.0,0.0,0.0,0.0,0.0,0.0,0.0,0.0,0.0,0.0,0.0,0.0,0.00,0.0
2024,11,MB,QB,Kyler Murray,ARI,BYE,---,0.0,0.0,0.0,0.0,0.0,0.0,0.0,0.0,0.0,0.0,0.0,0.0,0.0,0.0,0.0,-,0.0
2024,11,MB,RB,Tyrone Tracy,NYG,BYE,---,0.0,0.0,0.0,0.0,0.0,0.0,0.0,0.0,0.0,0.0,0.0,0.0,0.0,0.0,0.0,-,0.0
2024,11,MB,RB,Isaac Guerendo,SF,SEA,25,0.0,0.0,0.0,0.0,0.0,0.0,0.0,0.0,0.0,0.0,0.0,0.0,0.0,0.0,0.0,0.00,0.0
2024,11,MB,WR,Marvin Harrison,ARI,BYE,---,0.0,0.0,0.0,0.0,0.0,0.0,0.0,0.0,0.0,0.0,0.0,0.0,0.0,0.0,0.0,-,0.0
2024,11,MB,DST,Texans,HOU,@DAL,29,,,,,,,,,,,,,,,,23.00,23.0
2024,11,NBB,QB,Josh Allen,BUF,KC,21,27.0,40.0,262.0,1.0,1.0,12.0,55.0,1.0,4.0,0.0,0.0,0.0,0.0,0.0,0.0,27.98,27.98
2024,11,NBB,WR,Jameson Williams,DET,JAC,31,0.0,0.0,0.0,0.0,0.0,1.0,2.0,0.0,0.0,6.0,4.0,124.0,1.0,5.0,0.0,23.60,23.6
2024,11,NBB,RB,D'Andre Swift,CHI,GB,19,0.0,0.0,0.0,0.0,0.0,14.0,71.0,1.0,2.0,2.0,2.0,13.0,0.0,0.0,0.0,16.40,16.4
2024,11,NBB,TE,David Njoku,CLE,@NO,20,0.0,0.0,0.0,0.0,0.0,0.0,0.0,0.0,0.0,9.0,9.0,81.0,0.0,4.0,0.0,14.10,14.1
2024,11,NBB,WR,Brian Thomas,JAC,@DET,24,0.0,0.0,0.0,0.0,0.0,1.0,4.0,0.0,0.0,7.0,5.0,82.0,0.0,4.0,0.0,12.60,12.6
2024,11,NBB,WR,Khalil Shakir,BUF,KC,13,0.0,0.0,0.0,0.0,0.0,0.0,0.0,0.0,0.0,12.0,8.0,70.0,0.0,4.0,0.0,11.00,11.0
2024,11,NBB,WR,Jayden Reed,GB,@CHI,3,0.0,0.0,0.0,0.0,0.0,1.0,-5.0,0.0,0.0,2.0,2.0,23.0,1.0,2.0,0.0,10.30,10.3
2024,11,NBB,TE,Dallas Goedert,PHI,WAS,17,0.0,0.0,0.0,0.0,0.0,0.0,0.0,0.0,0.0,5.0,5.0,61.0,0.0,2.0,0.0,8.10,8.1
2024,11,NBB,RB,Nick Chubb,CLE,@NO,29,0.0,0.0,0.0,0.0,0.0,11.0,50.0,0.0,3.0,0.0,0.0,0.0,0.0,0.0,0.0,8.00,8.0
2024,11,NBB,QB,Mac Jones,JAC,@DET,8,17.0,29.0,138.0,0.0,1.0,2.0,7.0,0.0,1.0,0.0,0.0,0.0,0.0,0.0,0.0,5.22,5.22
2024,11,NBB,RB,Blake Corum,LAR,@NE,22,0.0,0.0,0.0,0.0,0.0,5.0,21.0,0.0,1.0,1.0,1.0,7.0,0.0,0.0,0.0,3.80,3.8
2024,11,NBB,RB,Gus Edwards,LAC,CIN,12,0.0,0.0,0.0,0.0,0.0,6.0,27.0,0.0,1.0,0.0,0.0,0.0,0.0,0.0,0.0,3.70,3.7
2024,11,NBB,WR,Terry McLaurin,WAS,@PHI,5,0.0,0.0,0.0,0.0,0.0,0.0,0.0,0.0,0.0,2.0,1.0,10.0,0.0,1.0,0.0,2.00,2.0
2024,11,NBB,TE,Kyle Pitts,ATL,@DEN,12,0.0,0.0,0.0,0.0,0.0,0.0,0.0,0.0,0.0,3.0,1.0,9.0,0.0,0.0,0.0,0.90,0.9
2024,11,NBB,RB,Will Shipley,PHI,WAS,26,0.0,0.0,0.0,0.0,0.0,0.0,0.0,0.0,0.0,0.0,0.0,0.0,0.0,0.0,0.0,0.00,0.0
2024,11,NBB,WR,Mike Evans,TB,BYE,---,0.0,0.0,0.0,0.0,0.0,0.0,0.0,0.0,0.0,0.0,0.0,0.0,0.0,0.0,0.0,-,0.0
2024,11,NBB,QB,Trevor Lawrence,JAC,@DET,8,0.0,0.0,0.0,0.0,0.0,0.0,0.0,0.0,0.0,0.0,0.0,0.0,0.0,0.0,0.0,-,0.0
2024,11,NBB,WR,Chris Godwin,TB,BYE,---,0.0,0.0,0.0,0.0,0.0,0.0,0.0,0.0,0.0,0.0,0.0,0.0,0.0,0.0,0.0,-,0.0
2024,11,NBB,DST,Bills,BUF,KC,8,,,,,,,,,,,,,,,,7.00,7.0
2024,11,PCP,QB,Joe Burrow,CIN,@LAC,15,28.0,50.0,356.0,3.0,0.0,2.0,28.0,0.0,2.0,0.0,0.0,0.0,0.0,0.0,0.0,31.04,31.04
2024,11,PCP,QB,Geno Smith,SEA,@SF,9,25.0,32.0,221.0,0.0,1.0,4.0,29.0,1.0,2.0,0.0,0.0,0.0,0.0,0.0,0.0,17.74,17.74
2024,11,PCP,WR,CeeDee Lamb,DAL,HOU,27,0.0,0.0,0.0,0.0,0.0,1.0,13.0,0.0,1.0,12.0,8.0,93.0,0.0,4.0,0.0,15.60,15.6
2024,11,PCP,RB,Kyren Williams,LAR,@NE,22,0.0,0.0,0.0,0.0,0.0,15.0,86.0,0.0,3.0,0.0,0.0,0.0,0.0,0.0,0.0,11.60,11.6
2024,11,PCP,WR,AJ Brown,PHI,WAS,18,0.0,0.0,0.0,0.0,0.0,0.0,0.0,0.0,0.0,8.0,5.0,65.0,0.0,4.0,0.0,10.50,10.5
2024,11,PCP,RB,Rico Dowdle,DAL,HOU,5,0.0,0.0,0.0,0.0,0.0,10.0,28.0,0.0,1.0,5.0,2.0,6.0,0.0,1.0,0.0,5.40,5.4
2024,11,PCP,RB,Ezekiel Elliott,DAL,HOU,5,0.0,0.0,0.0,0.0,0.0,1.0,8.0,0.0,1.0,3.0,3.0,16.0,0.0,0.0,0.0,3.40,3.4
2024,11,PCP,TE,TJ Hockenson,MIN,@TEN,8,0.0,0.0,0.0,0.0,0.0,0.0,0.0,0.0,0.0,3.0,2.0,13.0,0.0,2.0,0.0,3.30,3.3
2024,11,PCP,WR,Garrett Wilson,NYJ,IND,17,0.0,0.0,0.0,0.0,0.0,0.0,0.0,0.0,0.0,8.0,4.0,18.0,0.0,0.0,0.0,1.80,1.8
2024,11,PCP,TE,Pat Freiermuth,PIT,BAL,23,0.0,0.0,0.0,0.0,0.0,0.0,0.0,0.0,0.0,2.0,2.0,14.0,0.0,0.0,0.0,1.40,1.4
2024,11,PCP,RB,Tyjae Spears,TEN,MIN,2,0.0,0.0,0.0,0.0,0.0,3.0,0.0,0.0,0.0,3.0,2.0,8.0,0.0,0.0,0.0,0.80,0.8
2024,11,PCP,RB,Braelon Allen,NYJ,IND,21,0.0,0.0,0.0,0.0,0.0,2.0,6.0,0.0,0.0,0.0,0.0,0.0,0.0,0.0,0.0,0.60,0.6
2024,11,PCP,RB,Dameon Pierce,HOU,@DAL,31,0.0,0.0,0.0,0.0,0.0,1.0,2.0,0.0,0.0,0.0,0.0,0.0,0.0,0.0,0.0,0.20,0.2
2024,11,PCP,WR,Keon Coleman,BUF,KC,13,0.0,0.0,0.0,0.0,0.0,0.0,0.0,0.0,0.0,0.0,0.0,0.0,0.0,0.0,0.0,-,0.0
2024,11,PCP,WR,Rashee Rice,KC,@BUF,9,0.0,0.0,0.0,0.0,0.0,0.0,0.0,0.0,0.0,0.0,0.0,0.0,0.0,0.0,0.0,-,0.0
2024,11,PCP,QB,Daniel Jones,NYG,BYE,---,0.0,0.0,0.0,0.0,0.0,0.0,0.0,0.0,0.0,0.0,0.0,0.0,0.0,0.0,0.0,-,0.0
2024,11,PCP,TE,Luke Musgrave,GB,@CHI,14,0.0,0.0,0.0,0.0,0.0,0.0,0.0,0.0,0.0,0.0,0.0,0.0,0.0,0.0,0.0,-,0.0
2024,11,PCP,RB,Trey Benson,ARI,BYE,---,0.0,0.0,0.0,0.0,0.0,0.0,0.0,0.0,0.0,0.0,0.0,0.0,0.0,0.0,0.0,-,0.0
2024,11,PCP,DST,Ravens,BAL,@PIT,7,,,,,,,,,,,,,,,,8.00,8.0
2024,11,PP,TE,Taysom Hill,NO,CLE,24,1.0,2.0,18.0,0.0,1.0,7.0,138.0,3.0,4.0,10.0,8.0,50.0,0.0,2.0,1.0,39.52,39.52
2024,11,PP,QB,Justin Herbert,LAC,CIN,30,17.0,36.0,297.0,2.0,0.0,5.0,65.0,0.0,3.0,0.0,0.0,0.0,0.0,0.0,1.0,27.38,27.38
2024,11,PP,RB,Josh Jacobs,GB,@CHI,20,0.0,0.0,0.0,0.0,0.0,18.0,76.0,1.0,5.0,5.0,4.0,58.0,0.0,2.0,0.0,26.40,26.4
2024,11,PP,WR,Jauan Jennings,SF,SEA,20,0.0,0.0,0.0,0.0,0.0,0.0,0.0,0.0,0.0,11.0,10.0,91.0,1.0,7.0,0.0,22.10,22.1
2024,11,PP,QB,Brock Purdy,SF,SEA,17,21.0,28.0,159.0,1.0,1.0,5.0,40.0,1.0,3.0,0.0,0.0,0.0,0.0,0.0,0.0,21.36,21.36
2024,11,PP,QB,CJ Stroud,HOU,@DAL,28,23.0,34.0,257.0,0.0,1.0,3.0,26.0,0.0,1.0,0.0,0.0,0.0,0.0,0.0,0.0,11.88,11.88
2024,11,PP,WR,Courtland Sutton,DEN,ATL,29,0.0,0.0,0.0,0.0,0.0,0.0,0.0,0.0,0.0,8.0,7.0,78.0,0.0,3.0,0.0,10.80,10.8
2024,11,PP,WR,Calvin Ridley,TEN,MIN,30,0.0,0.0,0.0,0.0,0.0,0.0,0.0,0.0,0.0,6.0,4.0,58.0,0.0,3.0,0.0,8.80,8.8
2024,11,PP,TE,Isaiah Likely,BAL,@PIT,10,0.0,0.0,0.0,0.0,0.0,0.0,0.0,0.0,0.0,5.0,4.0,75.0,0.0,3.0,1.0,8.50,8.5
2024,11,PP,WR,Amari Cooper,BUF,KC,13,0.0,0.0,0.0,0.0,0.0,0.0,0.0,0.0,0.0,3.0,2.0,55.0,0.0,2.0,0.0,7.50,7.5
2024,11,PP,RB,Audric Estime,DEN,ATL,9,0.0,0.0,0.0,0.0,0.0,6.0,16.0,0.0,0.0,3.0,3.0,9.0,0.0,1.0,0.0,3.50,3.5
2024,11,PP,WR,Romeo Doubs,GB,@CHI,3,0.0,0.0,0.0,0.0,0.0,0.0,0.0,0.0,0.0,2.0,1.0,17.0,0.0,1.0,0.0,2.70,2.7
2024,11,PP,WR,Malachi Corley,NYJ,IND,17,0.0,0.0,0.0,0.0,0.0,0.0,0.0,0.0,0.0,1.0,1.0,10.0,0.0,0.0,0.0,1.00,1.0
2024,11,PP,WR,Stefon Diggs,HOU,@DAL,16,0.0,0.0,0.0,0.0,0.0,0.0,0.0,0.0,0.0,0.0,0.0,0.0,0.0,0.0,0.0,-,0.0
2024,11,PP,QB,JJ McCarthy,MIN,@TEN,23,0.0,0.0,0.0,0.0,0.0,0.0,0.0,0.0,0.0,0.0,0.0,0.0,0.0,0.0,0.0,-,0.0
2024,11,PP,RB,MarShawn Lloyd,GB,@CHI,20,0.0,0.0,0.0,0.0,0.0,0.0,0.0,0.0,0.0,0.0,0.0,0.0,0.0,0.0,0.0,-,0.0
2024,11,PP,RB,Devin Singletary,NYG,BYE,---,0.0,0.0,0.0,0.0,0.0,0.0,0.0,0.0,0.0,0.0,0.0,0.0,0.0,0.0,0.0,-,0.0
2024,11,PP,TE,Mark Andrews Dead Cap,BAL,0,0,0.0,0.0,0.0,0.0,0.0,0.0,0.0,0.0,0.0,0.0,0.0,0.0,0.0,0.0,0.0,-,0.0
2024,11,PP,WR,Wan'Dale Robinson,NYG,BYE,---,0.0,0.0,0.0,0.0,0.0,0.0,0.0,0.0,0.0,0.0,0.0,0.0,0.0,0.0,0.0,-,0.0
2024,11,PP,TE,Tucker Kraft,GB,@CHI,14,0.0,0.0,0.0,0.0,0.0,0.0,0.0,0.0,0.0,1.0,0.0,0.0,0.0,0.0,0.0,0.00,0.0
2024,11,PP,DST,Chargers,LAC,CIN,14,,,,,,,,,,,,,,,,3.00,3.0
2024,11,RR,RB,Joe Mixon,HOU,@DAL,31,0.0,0.0,0.0,0.0,0.0,20.0,109.0,3.0,5.0,4.0,2.0,44.0,0.0,2.0,0.0,40.30,40.3
2024,11,RR,TE,Jonnu Smith,MIA,LV,31,0.0,0.0,0.0,0.0,0.0,0.0,0.0,0.0,0.0,8.0,6.0,101.0,2.0,6.0,0.0,28.10,28.1
2024,11,RR,QB,Tua Tagovailoa,MIA,LV,25,28.0,36.0,288.0,3.0,0.0,0.0,0.0,0.0,0.0,0.0,0.0,0.0,0.0,0.0,0.0,23.52,23.52
2024,11,RR,RB,Christian McCaffrey,SF,SEA,25,0.0,0.0,0.0,0.0,0.0,19.0,79.0,0.0,5.0,5.0,4.0,27.0,0.0,1.0,0.0,16.60,16.6
2024,11,RR,WR,Jordan Addison,MIN,@TEN,2,0.0,0.0,0.0,0.0,0.0,0.0,0.0,0.0,0.0,8.0,3.0,61.0,1.0,2.0,0.0,14.10,14.1
2024,11,RR,RB,Alvin Kamara,NO,CLE,8,0.0,0.0,0.0,0.0,0.0,16.0,67.0,0.0,3.0,4.0,4.0,22.0,0.0,1.0,0.0,12.90,12.9
2024,11,RR,WR,George Pickens,PIT,BAL,32,0.0,0.0,0.0,0.0,0.0,0.0,0.0,0.0,0.0,12.0,8.0,89.0,0.0,4.0,0.0,12.90,12.9
2024,11,RR,WR,Justin Jefferson,MIN,@TEN,2,0.0,0.0,0.0,0.0,0.0,0.0,0.0,0.0,0.0,8.0,6.0,81.0,0.0,3.0,0.0,11.10,11.1
2024,11,RR,WR,Davante Adams,NYJ,IND,17,0.0,0.0,0.0,0.0,0.0,0.0,0.0,0.0,0.0,7.0,6.0,72.0,0.0,3.0,0.0,10.20,10.2
2024,11,RR,RB,Kareem Hunt,KC,@BUF,28,0.0,0.0,0.0,0.0,0.0,14.0,60.0,0.0,2.0,0.0,0.0,0.0,0.0,0.0,0.0,8.00,8.0
2024,11,RR,WR,Cedric Tillman,CLE,@NO,23,0.0,0.0,0.0,0.0,0.0,0.0,0.0,0.0,0.0,8.0,3.0,47.0,0.0,2.0,0.0,6.70,6.7
2024,11,RR,QB,Kirk Cousins,ATL,@DEN,4,18.0,27.0,173.0,0.0,1.0,1.0,0.0,0.0,0.0,0.0,0.0,0.0,0.0,0.0,0.0,4.92,4.92
2024,11,RR,QB,Michael Penix,ATL,@DEN,4,2.0,4.0,24.0,0.0,0.0,0.0,0.0,0.0,0.0,0.0,0.0,0.0,0.0,0.0,0.0,0.96,0.96
2024,11,RR,QB,Baker Mayfield,TB,BYE,---,0.0,0.0,0.0,0.0,0.0,0.0,0.0,0.0,0.0,0.0,0.0,0.0,0.0,0.0,0.0,-,0.0
2024,11,RR,WR,Diontae Johnson,BAL,@PIT,8,0.0,0.0,0.0,0.0,0.0,0.0,0.0,0.0,0.0,2.0,0.0,0.0,0.0,0.0,0.0,0.00,0.0
2024,11,RR,WR,Jalen McMillan,TB,BYE,---,0.0,0.0,0.0,0.0,0.0,0.0,0.0,0.0,0.0,0.0,0.0,0.0,0.0,0.0,0.0,-,0.0
2024,11,RR,TE,Cade Otton,TB,BYE,---,0.0,0.0,0.0,0.0,0.0,0.0,0.0,0.0,0.0,0.0,0.0,0.0,0.0,0.0,0.0,-,0.0
2024,11,RR,RB,Rachaad White,TB,BYE,---,0.0,0.0,0.0,0.0,0.0,0.0,0.0,0.0,0.0,0.0,0.0,0.0,0.0,0.0,0.0,-,0.0
2024,11,RR,DST,Packers,GB,@CHI,23,,,,,,,,,,,,,,,,4.00,4.0
2024,11,SBS,RB,David Montgomery,DET,JAC,30,0.0,0.0,0.0,0.0,0.0,15.0,75.0,2.0,7.0,3.0,3.0,20.0,0.0,1.0,0.0,29.50,29.5
2024,11,SBS,WR,Christian Watson,GB,@CHI,3,0.0,0.0,0.0,0.0,0.0,0.0,0.0,0.0,0.0,4.0,4.0,150.0,0.0,4.0,0.0,19.00,19.0
2024,11,SBS,TE,Zach Ertz,WAS,@PHI,3,0.0,0.0,0.0,0.0,0.0,0.0,0.0,0.0,0.0,7.0,6.0,47.0,1.0,5.0,0.0,17.70,17.7
2024,11,SBS,QB,Lamar Jackson,BAL,@PIT,1,16.0,33.0,207.0,1.0,1.0,4.0,46.0,0.0,2.0,0.0,0.0,0.0,0.0,0.0,0.0,16.88,16.88
2024,11,SBS,QB,Jayden Daniels,WAS,@PHI,5,22.0,32.0,191.0,1.0,1.0,7.0,18.0,0.0,1.0,0.0,0.0,0.0,0.0,0.0,0.0,14.44,14.44
2024,11,SBS,RB,Austin Ekeler,WAS,@PHI,6,0.0,0.0,0.0,0.0,0.0,2.0,7.0,0.0,0.0,9.0,8.0,89.0,0.0,3.0,0.0,12.60,12.6
2024,11,SBS,WR,Alec Pierce,IND,@NYJ,6,0.0,0.0,0.0,0.0,0.0,0.0,0.0,0.0,0.0,4.0,3.0,74.0,0.0,3.0,0.0,10.40,10.4
2024,11,SBS,WR,Troy Franklin,DEN,ATL,29,0.0,0.0,0.0,0.0,0.0,0.0,0.0,0.0,0.0,2.0,2.0,15.0,1.0,1.0,0.0,8.50,8.5
2024,11,SBS,RB,Jonathan Taylor,IND,@NYJ,14,0.0,0.0,0.0,0.0,0.0,24.0,57.0,0.0,2.0,2.0,1.0,3.0,0.0,0.0,0.0,8.00,8.0
2024,11,SBS,WR,Andrei Iosivas,CIN,@LAC,15,0.0,0.0,0.0,0.0,0.0,0.0,0.0,0.0,0.0,3.0,3.0,46.0,0.0,2.0,0.0,6.60,6.6
2024,11,SBS,QB,Russell Wilson,PIT,BAL,29,23.0,36.0,205.0,0.0,1.0,4.0,1.0,0.0,0.0,0.0,0.0,0.0,0.0,0.0,0.0,6.30,6.3
2024,11,SBS,RB,Jerome Ford,CLE,@NO,29,0.0,0.0,0.0,0.0,0.0,5.0,10.0,0.0,0.0,4.0,4.0,29.0,0.0,2.0,0.0,5.90,5.9
2024,11,SBS,WR,Rashod Bateman,BAL,@PIT,8,0.0,0.0,0.0,0.0,0.0,0.0,0.0,0.0,0.0,5.0,2.0,30.0,0.0,2.0,0.0,5.00,5.0
2024,11,SBS,WR,Deebo Samuel,SF,SEA,20,0.0,0.0,0.0,0.0,0.0,1.0,-1.0,0.0,0.0,7.0,4.0,22.0,0.0,2.0,0.0,4.20,4.2
2024,11,SBS,WR,Jalen Tolbert,DAL,HOU,27,0.0,0.0,0.0,0.0,0.0,0.0,0.0,0.0,0.0,5.0,2.0,21.0,0.0,1.0,0.0,3.10,3.1
2024,11,SBS,WR,Demarcus Robinson,LAR,@NE,22,0.0,0.0,0.0,0.0,0.0,0.0,0.0,0.0,0.0,4.0,2.0,19.0,0.0,1.0,0.0,2.90,2.9
2024,11,SBS,RB,Jaylen Wright,MIA,LV,23,0.0,0.0,0.0,0.0,0.0,5.0,4.0,0.0,0.0,1.0,1.0,2.0,0.0,0.0,0.0,0.60,0.6
2024,11,SBS,RB,Chuba Hubbard,CAR,BYE,---,0.0,0.0,0.0,0.0,0.0,0.0,0.0,0.0,0.0,0.0,0.0,0.0,0.0,0.0,0.0,-,0.0
2024,11,SBS,WR,Christian Kirk,JAC,@DET,24,0.0,0.0,0.0,0.0,0.0,0.0,0.0,0.0,0.0,0.0,0.0,0.0,0.0,0.0,0.0,-,0.0
2024,11,SBS,DST,Lions,DET,JAC,19,,,,,,,,,,,,,,,,11.00,11.0
2024,12,ABT,RB,Saquon Barkley,PHI,@LAR,25,0.0,0.0,0.0,0.0,0.0,26.0,255.0,2.0,7.0,4.0,4.0,47.0,0.0,2.0,0.0,51.20,51.2
2024,12,ABT,QB,Caleb Williams,CHI,MIN,10,32.0,47.0,340.0,2.0,0.0,6.0,33.0,0.0,3.0,0.0,0.0,0.0,0.0,0.0,0.0,29.90,29.9
2024,12,ABT,WR,DJ Moore,CHI,MIN,31,0.0,1.0,0.0,0.0,0.0,1.0,13.0,0.0,1.0,7.0,7.0,106.0,1.0,4.0,0.0,24.90,24.9
2024,12,ABT,WR,Keenan Allen,CHI,MIN,31,0.0,0.0,0.0,0.0,0.0,0.0,0.0,0.0,0.0,15.0,9.0,86.0,1.0,4.0,0.0,18.60,18.6
2024,12,ABT,QB,Bryce Young,CAR,KC,23,21.0,35.0,263.0,1.0,0.0,3.0,20.0,0.0,1.0,0.0,0.0,0.0,0.0,0.0,0.0,17.52,17.52
2024,12,ABT,WR,Puka Nacua,LAR,PHI,10,0.0,0.0,0.0,0.0,0.0,0.0,0.0,0.0,0.0,13.0,9.0,117.0,0.0,5.0,0.0,16.70,16.7
2024,12,ABT,RB,Roschon Johnson,CHI,MIN,2,0.0,0.0,0.0,0.0,0.0,2.0,2.0,1.0,2.0,1.0,1.0,10.0,0.0,1.0,0.0,10.20,10.2
2024,12,ABT,RB,Najee Harris,PIT,@CLE,8,0.0,0.0,0.0,0.0,0.0,16.0,41.0,0.0,1.0,2.0,2.0,13.0,0.0,1.0,0.0,7.40,7.4
2024,12,ABT,TE,Hunter Henry,NE,@MIA,18,0.0,0.0,0.0,0.0,0.0,0.0,0.0,0.0,0.0,8.0,5.0,44.0,0.0,1.0,0.0,5.40,5.4
2024,12,ABT,WR,Josh Downs,IND,DET,25,0.0,0.0,0.0,0.0,0.0,0.0,0.0,0.0,0.0,7.0,3.0,27.0,0.0,1.0,0.0,3.70,3.7
2024,12,ABT,RB,Jonathon Brooks,CAR,KC,1,0.0,0.0,0.0,0.0,0.0,2.0,7.0,0.0,0.0,0.0,0.0,0.0,0.0,0.0,0.0,0.70,0.7
2024,12,ABT,WR,Chris Olave,NO,BYE,---,0.0,0.0,0.0,0.0,0.0,0.0,0.0,0.0,0.0,0.0,0.0,0.0,0.0,0.0,0.0,-,0.0
2024,12,ABT,RB,Keaton Mitchell,BAL,@LAC,4,0.0,0.0,0.0,0.0,0.0,0.0,0.0,0.0,0.0,0.0,0.0,0.0,0.0,0.0,0.0,0.00,0.0
2024,12,ABT,WR,Jermaine Burton,CIN,BYE,---,0.0,0.0,0.0,0.0,0.0,0.0,0.0,0.0,0.0,0.0,0.0,0.0,0.0,0.0,0.0,-,0.0
2024,12,ABT,RB,Chase Brown,CIN,BYE,---,0.0,0.0,0.0,0.0,0.0,0.0,0.0,0.0,0.0,0.0,0.0,0.0,0.0,0.0,0.0,-,0.0
2024,12,ABT,WR,Roman Wilson,PIT,@CLE,28,0.0,0.0,0.0,0.0,0.0,0.0,0.0,0.0,0.0,0.0,0.0,0.0,0.0,0.0,0.0,-,0.0
2024,12,ABT,RB,Alexander Mattison,LV,DEN,10,0.0,0.0,0.0,0.0,0.0,0.0,0.0,0.0,0.0,0.0,0.0,0.0,0.0,0.0,0.0,-,0.0
2024,12,ABT,TE,Jake Ferguson,DAL,@WAS,17,0.0,0.0,0.0,0.0,0.0,0.0,0.0,0.0,0.0,0.0,0.0,0.0,0.0,0.0,0.0,-,0.0
2024,12,ABT,QB,Dak Prescott,DAL,@WAS,18,0.0,0.0,0.0,0.0,0.0,0.0,0.0,0.0,0.0,0.0,0.0,0.0,0.0,0.0,0.0,-,0.0
2024,12,ABT,DST,Eagles,PHI,@LAR,14,,,,,,,,,,,,,,,,8.00,8.0
2024,12,CLC,WR,Jaylen Waddle,MIA,NE,23,0.0,0.0,0.0,0.0,0.0,0.0,0.0,0.0,0.0,9.0,8.0,144.0,1.0,7.0,0.0,27.40,27.4
2024,12,CLC,WR,Nico Collins,HOU,TEN,3,0.0,0.0,0.0,0.0,0.0,0.0,0.0,0.0,0.0,9.0,5.0,92.0,1.0,3.0,0.0,18.20,18.2
2024,12,CLC,QB,Jordan Love,GB,SF,9,13.0,23.0,163.0,2.0,0.0,1.0,2.0,0.0,1.0,0.0,0.0,0.0,0.0,0.0,0.0,15.72,15.72
2024,12,CLC,RB,Justice Hill,BAL,@LAC,4,0.0,0.0,0.0,0.0,0.0,4.0,55.0,1.0,1.0,2.0,2.0,7.0,0.0,0.0,0.0,13.20,13.2
2024,12,CLC,WR,Rome Odunze,CHI,MIN,31,0.0,0.0,0.0,0.0,0.0,0.0,0.0,0.0,0.0,10.0,5.0,39.0,0.0,2.0,0.0,5.90,5.9
2024,12,CLC,QB,Justin Fields,PIT,@CLE,20,0.0,1.0,0.0,0.0,0.0,3.0,26.0,0.0,1.0,0.0,0.0,0.0,0.0,0.0,0.0,3.60,3.6
2024,12,CLC,RB,Jordan Mason,SF,@GB,15,0.0,0.0,0.0,0.0,0.0,3.0,8.0,0.0,1.0,2.0,1.0,5.0,0.0,0.0,0.0,2.30,2.3
2024,12,CLC,WR,Ja'Lynn Polk,NE,@MIA,1,0.0,0.0,0.0,0.0,0.0,0.0,0.0,0.0,0.0,2.0,1.0,7.0,0.0,0.0,0.0,0.70,0.7
2024,12,CLC,RB,Javonte Williams,DEN,@LV,17,0.0,0.0,0.0,0.0,0.0,8.0,-2.0,0.0,0.0,4.0,2.0,6.0,0.0,0.0,0.0,0.60,0.6
2024,12,CLC,WR,Darnell Mooney,ATL,BYE,---,0.0,0.0,0.0,0.0,0.0,0.0,0.0,0.0,0.0,0.0,0.0,0.0,0.0,0.0,0.0,-,0.0
2024,12,CLC,RB,Zack Moss,CIN,BYE,---,0.0,0.0,0.0,0.0,0.0,0.0,0.0,0.0,0.0,0.0,0.0,0.0,0.0,0.0,0.0,-,0.0
2024,12,CLC,WR,DeVonta Smith,PHI,@LAR,24,0.0,0.0,0.0,0.0,0.0,0.0,0.0,0.0,0.0,0.0,0.0,0.0,0.0,0.0,0.0,-,0.0
2024,12,CLC,TE,Dalton Kincaid,BUF,BYE,---,0.0,0.0,0.0,0.0,0.0,0.0,0.0,0.0,0.0,0.0,0.0,0.0,0.0,0.0,0.0,-,0.0
2024,12,CLC,RB,Breece Hall,NYJ,BYE,---,0.0,0.0,0.0,0.0,0.0,0.0,0.0,0.0,0.0,0.0,0.0,0.0,0.0,0.0,0.0,-,0.0
2024,12,CLC,WR,Ricky Pearsall,SF,@GB,7,0.0,0.0,0.0,0.0,0.0,0.0,0.0,0.0,0.0,0.0,0.0,0.0,0.0,0.0,0.0,0.00,0.0
2024,12,CLC,QB,Joe Flacco,IND,DET,7,0.0,0.0,0.0,0.0,0.0,0.0,0.0,0.0,0.0,0.0,0.0,0.0,0.0,0.0,0.0,-,0.0
2024,12,CLC,DST,Bears,CHI,MIN,21,,,,,,,,,,,,,,,,5.00,5.0
2024,12,CPC,RB,Tony Pollard,TEN,@HOU,6,0.0,0.0,0.0,0.0,0.0,24.0,119.0,1.0,5.0,5.0,3.0,10.0,0.0,0.0,0.0,23.90,23.9
2024,12,CPC,RB,Derrick Henry,BAL,@LAC,4,0.0,0.0,0.0,0.0,0.0,24.0,140.0,0.0,9.0,0.0,0.0,0.0,0.0,0.0,0.0,23.00,23.0
2024,12,CPC,QB,Sam Darnold,MIN,@CHI,3,22.0,34.0,330.0,2.0,0.0,2.0,-1.0,0.0,1.0,0.0,0.0,0.0,0.0,0.0,0.0,22.20,22.2
2024,12,CPC,TE,George Kittle,SF,@GB,20,0.0,0.0,0.0,0.0,0.0,0.0,0.0,0.0,0.0,6.0,6.0,82.0,1.0,4.0,0.0,18.20,18.2
2024,12,CPC,WR,Jakobi Meyers,LV,DEN,2,0.0,0.0,0.0,0.0,0.0,0.0,0.0,0.0,0.0,15.0,10.0,121.0,0.0,6.0,0.0,18.10,18.1
2024,12,CPC,QB,Drake Maye,NE,@MIA,2,22.0,37.0,222.0,1.0,1.0,5.0,26.0,0.0,0.0,0.0,0.0,0.0,0.0,0.0,1.0,13.48,13.48
2024,12,CPC,WR,Ladd McConkey,LAC,BAL,32,0.0,0.0,0.0,0.0,0.0,0.0,0.0,0.0,0.0,6.0,6.0,83.0,0.0,4.0,0.0,12.30,12.3
2024,12,CPC,RB,JK Dobbins,LAC,BAL,7,0.0,0.0,0.0,0.0,0.0,6.0,40.0,0.0,2.0,5.0,3.0,19.0,0.0,0.0,0.0,7.90,7.9
2024,12,CPC,WR,Tyreek Hill,MIA,NE,23,0.0,0.0,0.0,0.0,0.0,0.0,0.0,0.0,0.0,6.0,5.0,48.0,0.0,3.0,0.0,7.80,7.8
2024,12,CPC,TE,Ja'Tavion Sanders,CAR,KC,27,0.0,0.0,0.0,0.0,0.0,0.0,0.0,0.0,0.0,3.0,3.0,49.0,0.0,2.0,0.0,6.90,6.9
2024,12,CPC,RB,Brian Robinson,WAS,DAL,30,0.0,0.0,0.0,0.0,0.0,5.0,13.0,0.0,1.0,2.0,1.0,11.0,0.0,1.0,0.0,4.40,4.4
2024,12,CPC,WR,Dontayvion Wicks,GB,SF,11,0.0,0.0,0.0,0.0,0.0,0.0,0.0,0.0,0.0,2.0,1.0,25.0,0.0,1.0,0.0,3.50,3.5
2024,12,CPC,WR,Tyler Lockett,SEA,ARI,19,0.0,0.0,0.0,0.0,0.0,0.0,0.0,0.0,0.0,3.0,2.0,20.0,0.0,1.0,0.0,3.00,3.0
2024,12,CPC,RB,James Cook,BUF,BYE,---,0.0,0.0,0.0,0.0,0.0,0.0,0.0,0.0,0.0,0.0,0.0,0.0,0.0,0.0,0.0,-,0.0
2024,12,CPC,QB,Derek Carr,NO,BYE,---,0.0,0.0,0.0,0.0,0.0,0.0,0.0,0.0,0.0,0.0,0.0,0.0,0.0,0.0,0.0,-,0.0
2024,12,CPC,WR,Ja'Marr Chase,CIN,BYE,---,0.0,0.0,0.0,0.0,0.0,0.0,0.0,0.0,0.0,0.0,0.0,0.0,0.0,0.0,0.0,-,0.0
2024,12,CPC,WR,Tee Higgins,CIN,BYE,---,0.0,0.0,0.0,0.0,0.0,0.0,0.0,0.0,0.0,0.0,0.0,0.0,0.0,0.0,0.0,-,0.0
2024,12,CPC,DST,Jets,NYJ,BYE,---,,,,,,,,,,,,,,,,-,0.0
2024,12,DDD,RB,Jahmyr Gibbs,DET,@IND,28,0.0,0.0,0.0,0.0,0.0,21.0,90.0,2.0,7.0,3.0,3.0,9.0,0.0,1.0,0.0,29.90,29.9
2024,12,DDD,RB,Bucky Irving,TB,@NYG,26,0.0,0.0,0.0,0.0,0.0,12.0,87.0,1.0,2.0,6.0,6.0,64.0,0.0,2.0,0.0,25.10,25.1
2024,12,DDD,RB,De'Von Achane,MIA,NE,22,0.0,0.0,0.0,0.0,0.0,10.0,32.0,0.0,0.0,4.0,3.0,24.0,2.0,2.0,0.0,19.60,19.6
2024,12,DDD,QB,Cooper Rush,DAL,@WAS,18,24.0,32.0,247.0,2.0,0.0,4.0,1.0,0.0,0.0,0.0,0.0,0.0,0.0,0.0,0.0,17.98,17.98
2024,12,DDD,QB,Jameis Winston,CLE,PIT,1,18.0,27.0,219.0,0.0,1.0,3.0,7.0,1.0,3.0,0.0,0.0,0.0,0.0,0.0,1.0,16.46,16.46
2024,12,DDD,RB,Kenneth Walker,SEA,ARI,24,0.0,0.0,0.0,0.0,0.0,16.0,41.0,0.0,2.0,6.0,4.0,52.0,0.0,3.0,0.0,14.30,14.3
2024,12,DDD,QB,Jared Goff,DET,@IND,19,26.0,36.0,269.0,0.0,0.0,2.0,0.0,0.0,0.0,0.0,0.0,0.0,0.0,0.0,0.0,10.76,10.76
2024,12,DDD,WR,Tank Dell,HOU,TEN,3,0.0,0.0,0.0,0.0,0.0,0.0,0.0,0.0,0.0,5.0,3.0,72.0,0.0,3.0,0.0,10.20,10.2
2024,12,DDD,WR,Malik Nabers,NYG,TB,22,0.0,0.0,0.0,0.0,0.0,0.0,0.0,0.0,0.0,9.0,6.0,64.0,0.0,3.0,0.0,9.40,9.4
2024,12,DDD,WR,Zay Flowers,BAL,@LAC,14,0.0,0.0,0.0,0.0,0.0,0.0,0.0,0.0,0.0,8.0,5.0,62.0,0.0,2.0,0.0,8.20,8.2
2024,12,DDD,WR,Adonai Mitchell,IND,DET,25,0.0,0.0,0.0,0.0,0.0,0.0,0.0,0.0,0.0,3.0,1.0,10.0,0.0,1.0,0.0,2.00,2.0
2024,12,DDD,TE,Sam LaPorta,DET,@IND,26,0.0,0.0,0.0,0.0,0.0,0.0,0.0,0.0,0.0,6.0,3.0,19.0,0.0,0.0,0.0,1.90,1.9
2024,12,DDD,QB,Deshaun Watson,CLE,PIT,1,0.0,0.0,0.0,0.0,0.0,0.0,0.0,0.0,0.0,0.0,0.0,0.0,0.0,0.0,0.0,-,0.0
2024,12,DDD,TE,Mike Gesicki,CIN,BYE,---,0.0,0.0,0.0,0.0,0.0,0.0,0.0,0.0,0.0,0.0,0.0,0.0,0.0,0.0,0.0,-,0.0
2024,12,DDD,WR,Quentin Johnston,LAC,BAL,32,0.0,0.0,0.0,0.0,0.0,0.0,0.0,0.0,0.0,5.0,0.0,0.0,0.0,0.0,0.0,0.00,0.0
2024,12,DDD,RB,Tank Bigsby,JAC,BYE,---,0.0,0.0,0.0,0.0,0.0,0.0,0.0,0.0,0.0,0.0,0.0,0.0,0.0,0.0,0.0,-,0.0
2024,12,DDD,DST,Buccaneers,TB,@NYG,27,,,,,,,,,,,,,,,,12.00,12.0
2024,12,LBC,TE,Trey McBride,ARI,@SEA,21,0.0,0.0,0.0,0.0,0.0,0.0,0.0,0.0,0.0,15.0,12.0,133.0,0.0,8.0,0.0,21.30,21.3
2024,12,LBC,QB,Bo Nix,DEN,@LV,25,25.0,42.0,273.0,2.0,0.0,1.0,5.0,0.0,0.0,0.0,0.0,0.0,0.0,0.0,0.0,19.42,19.42
2024,12,LBC,WR,Jaxon Smith-Njigba,SEA,ARI,19,0.0,0.0,0.0,0.0,0.0,0.0,0.0,0.0,0.0,7.0,6.0,77.0,1.0,4.0,0.0,17.70,17.7
2024,12,LBC,QB,Anthony Richardson,IND,DET,7,11.0,28.0,172.0,0.0,0.0,10.0,61.0,0.0,3.0,0.0,0.0,0.0,0.0,0.0,0.0,15.98,15.98
2024,12,LBC,WR,Michael Pittman,IND,DET,25,0.0,0.0,0.0,0.0,0.0,0.0,0.0,0.0,0.0,7.0,6.0,96.0,0.0,4.0,0.0,13.60,13.6
2024,12,LBC,WR,Jerry Jeudy,CLE,PIT,5,0.0,0.0,0.0,0.0,0.0,0.0,0.0,0.0,0.0,6.0,6.0,85.0,0.0,5.0,0.0,13.50,13.5
2024,12,LBC,WR,Michael Wilson,ARI,@SEA,15,0.0,0.0,0.0,0.0,0.0,0.0,0.0,0.0,0.0,4.0,2.0,54.0,0.0,2.0,0.0,7.40,7.4
2024,12,LBC,RB,Rhamondre Stevenson,NE,@MIA,18,0.0,0.0,0.0,0.0,0.0,8.0,13.0,0.0,1.0,2.0,0.0,0.0,0.0,0.0,0.0,4.30,4.3
2024,12,LBC,TE,Brock Bowers,LV,DEN,8,0.0,0.0,0.0,0.0,0.0,0.0,0.0,0.0,0.0,10.0,4.0,38.0,0.0,0.0,0.0,3.80,3.8
2024,12,LBC,RB,Raheem Mostert,MIA,NE,21,0.0,0.0,0.0,0.0,0.0,2.0,5.0,0.0,0.0,1.0,1.0,-3.0,0.0,0.0,0.0,0.50,0.5
2024,12,LBC,RB,Travis Etienne,JAC,BYE,---,0.0,0.0,0.0,0.0,0.0,0.0,0.0,0.0,0.0,0.0,0.0,0.0,0.0,0.0,0.0,-,0.0
2024,12,LBC,WR,Drake London,ATL,BYE,---,0.0,0.0,0.0,0.0,0.0,0.0,0.0,0.0,0.0,0.0,0.0,0.0,0.0,0.0,0.0,-,0.0
2024,12,LBC,TE,Evan Engram,JAC,BYE,---,0.0,0.0,0.0,0.0,0.0,0.0,0.0,0.0,0.0,0.0,0.0,0.0,0.0,0.0,0.0,-,0.0
2024,12,LBC,WR,Jalen Coker,CAR,KC,16,0.0,0.0,0.0,0.0,0.0,0.0,0.0,0.0,0.0,0.0,0.0,0.0,0.0,0.0,0.0,-,0.0
2024,12,LBC,RB,Isiah Pacheco,KC,@CAR,32,0.0,0.0,0.0,0.0,0.0,0.0,0.0,0.0,0.0,0.0,0.0,0.0,0.0,0.0,0.0,-,0.0
2024,12,LBC,WR,Devontez Walker,BAL,@LAC,14,0.0,0.0,0.0,0.0,0.0,0.0,0.0,0.0,0.0,0.0,0.0,0.0,0.0,0.0,0.0,0.00,0.0
2024,12,LBC,QB,Aaron Rodgers,NYJ,BYE,---,0.0,0.0,0.0,0.0,0.0,0.0,0.0,0.0,0.0,0.0,0.0,0.0,0.0,0.0,0.0,-,0.0
2024,12,LBC,WR,Brandon Aiyuk,SF,@GB,7,0.0,0.0,0.0,0.0,0.0,0.0,0.0,0.0,0.0,0.0,0.0,0.0,0.0,0.0,0.0,-,0.0
2024,12,LBC,DST,Broncos,DEN,@LV,31,,,,,,,,,,,,,,,,10.00,10.0
2024,12,LC,QB,Patrick Mahomes,KC,@CAR,27,27.0,37.0,269.0,3.0,0.0,5.0,60.0,0.0,3.0,0.0,0.0,0.0,0.0,0.0,0.0,31.76,31.76
2024,12,LC,QB,Jalen Hurts,PHI,@LAR,13,15.0,22.0,179.0,1.0,0.0,12.0,39.0,0.0,4.0,0.0,0.0,0.0,0.0,0.0,0.0,19.06,19.06
2024,12,LC,RB,Jaylen Warren,PIT,@CLE,8,0.0,0.0,0.0,0.0,0.0,11.0,45.0,1.0,3.0,5.0,3.0,19.0,0.0,1.0,0.0,16.40,16.4
2024,12,LC,WR,DeAndre Hopkins,KC,@CAR,13,0.0,0.0,0.0,0.0,0.0,0.0,0.0,0.0,0.0,6.0,5.0,35.0,1.0,4.0,0.0,13.50,13.5
2024,12,LC,QB,Gardner Minshew,LV,DEN,4,25.0,42.0,230.0,1.0,1.0,2.0,5.0,0.0,0.0,0.0,0.0,0.0,0.0,0.0,0.0,11.70,11.7
2024,12,LC,WR,Xavier Worthy,KC,@CAR,13,0.0,0.0,0.0,0.0,0.0,1.0,5.0,0.0,0.0,6.0,4.0,46.0,0.0,3.0,0.0,8.10,8.1
2024,12,LC,WR,DK Metcalf,SEA,ARI,19,0.0,0.0,0.0,0.0,0.0,0.0,0.0,0.0,0.0,5.0,4.0,59.0,0.0,2.0,0.0,7.90,7.9
2024,12,LC,WR,Xavier Legette,CAR,KC,16,0.0,0.0,0.0,0.0,0.0,0.0,0.0,0.0,0.0,6.0,4.0,56.0,0.0,2.0,0.0,7.60,7.6
2024,12,LC,RB,James Conner,ARI,@SEA,19,0.0,0.0,0.0,0.0,0.0,7.0,8.0,0.0,0.0,5.0,5.0,41.0,0.0,2.0,0.0,6.90,6.9
2024,12,LC,RB,Zach Charbonnet,SEA,ARI,24,0.0,0.0,0.0,0.0,0.0,6.0,22.0,0.0,2.0,0.0,0.0,0.0,0.0,0.0,0.0,4.20,4.2
2024,12,LC,TE,Dalton Schultz,HOU,TEN,10,0.0,0.0,0.0,0.0,0.0,0.0,0.0,0.0,0.0,2.0,2.0,20.0,0.0,1.0,0.0,3.00,3.0
2024,12,LC,WR,Allen Lazard,NYJ,BYE,---,0.0,0.0,0.0,0.0,0.0,0.0,0.0,0.0,0.0,0.0,0.0,0.0,0.0,0.0,0.0,-,0.0
2024,12,LC,TE,Ben Sinnott,WAS,DAL,14,0.0,0.0,0.0,0.0,0.0,0.0,0.0,0.0,0.0,0.0,0.0,0.0,0.0,0.0,0.0,0.00,0.0
2024,12,LC,RB,Jamaal Williams,NO,BYE,---,0.0,0.0,0.0,0.0,0.0,0.0,0.0,0.0,0.0,0.0,0.0,0.0,0.0,0.0,0.0,-,0.0
2024,12,LC,WR,Rashid Shaheed,NO,BYE,---,0.0,0.0,0.0,0.0,0.0,0.0,0.0,0.0,0.0,0.0,0.0,0.0,0.0,0.0,0.0,-,0.0
2024,12,LC,RB,Jeff Wilson,MIA,NE,22,0.0,0.0,0.0,0.0,0.0,0.0,0.0,0.0,0.0,0.0,0.0,0.0,0.0,0.0,0.0,-,0.0
2024,12,LC,RB,Tyler Allgeier,ATL,BYE,---,0.0,0.0,0.0,0.0,0.0,0.0,0.0,0.0,0.0,0.0,0.0,0.0,0.0,0.0,0.0,-,0.0
2024,12,LC,TE,Juwan Johnson,NO,BYE,---,0.0,0.0,0.0,0.0,0.0,0.0,0.0,0.0,0.0,0.0,0.0,0.0,0.0,0.0,0.0,-,0.0
2024,12,LC,DST,49ers,SF,@GB,9,,,,,,,,,,,,,,,,-1.00,-1.0
2024,12,MB,RB,Aaron Jones,MIN,@CHI,20,0.0,0.0,0.0,0.0,0.0,22.0,106.0,1.0,5.0,4.0,3.0,23.0,0.0,1.0,1.0,22.90,22.9
2024,12,MB,QB,Matthew Stafford,LAR,PHI,5,24.0,36.0,243.0,2.0,0.0,1.0,15.0,0.0,1.0,0.0,0.0,0.0,0.0,0.0,0.0,20.22,20.22
2024,12,MB,QB,Will Levis,TEN,@HOU,15,18.0,24.0,278.0,2.0,1.0,8.0,10.0,0.0,3.0,0.0,0.0,0.0,0.0,0.0,1.0,19.12,19.12
2024,12,MB,TE,Mark Andrews,BAL,@LAC,9,0.0,0.0,0.0,0.0,0.0,1.0,2.0,0.0,1.0,5.0,5.0,44.0,1.0,3.0,0.0,14.60,14.6
2024,12,MB,WR,Cooper Kupp,LAR,PHI,10,0.0,0.0,0.0,0.0,0.0,0.0,0.0,0.0,0.0,11.0,8.0,60.0,1.0,1.0,0.0,13.00,13.0
2024,12,MB,QB,Kyler Murray,ARI,@SEA,14,24.0,37.0,285.0,0.0,1.0,2.0,9.0,0.0,0.0,0.0,0.0,0.0,0.0,0.0,0.0,10.30,10.3
2024,12,MB,WR,Amon-Ra St Brown,DET,@IND,17,0.0,0.0,0.0,0.0,0.0,0.0,0.0,0.0,0.0,7.0,6.0,62.0,0.0,4.0,0.0,10.20,10.2
2024,12,MB,RB,Tyrone Tracy,NYG,TB,16,0.0,0.0,0.0,0.0,0.0,9.0,42.0,0.0,3.0,4.0,4.0,28.0,0.0,2.0,1.0,10.00,10.0
2024,12,MB,TE,Travis Kelce,KC,@CAR,32,0.0,0.0,0.0,0.0,0.0,0.0,0.0,0.0,0.0,8.0,6.0,62.0,0.0,2.0,0.0,8.20,8.2
2024,12,MB,WR,Marvin Harrison,ARI,@SEA,15,0.0,0.0,0.0,0.0,0.0,0.0,0.0,0.0,0.0,6.0,3.0,47.0,0.0,3.0,0.0,7.70,7.7
2024,12,MB,WR,Josh Palmer,LAC,BAL,32,0.0,0.0,0.0,0.0,0.0,0.0,0.0,0.0,0.0,8.0,3.0,38.0,0.0,3.0,0.0,6.80,6.8
2024,12,MB,WR,Tutu Atwell,LAR,PHI,10,0.0,0.0,0.0,0.0,0.0,0.0,0.0,0.0,0.0,3.0,3.0,30.0,0.0,3.0,0.0,6.00,6.0
2024,12,MB,RB,Cam Akers,MIN,@CHI,20,0.0,0.0,0.0,0.0,0.0,3.0,19.0,0.0,1.0,1.0,1.0,6.0,0.0,0.0,0.0,3.50,3.5
2024,12,MB,RB,Ray Davis,BUF,BYE,---,0.0,0.0,0.0,0.0,0.0,0.0,0.0,0.0,0.0,0.0,0.0,0.0,0.0,0.0,0.0,-,0.0
2024,12,MB,RB,Khalil Herbert,CIN,BYE,---,0.0,0.0,0.0,0.0,0.0,0.0,0.0,0.0,0.0,0.0,0.0,0.0,0.0,0.0,0.0,-,0.0
2024,12,MB,RB,Isaac Guerendo,SF,@GB,15,0.0,0.0,0.0,0.0,0.0,0.0,0.0,0.0,0.0,0.0,0.0,0.0,0.0,0.0,0.0,0.00,0.0
2024,12,MB,RB,Zamir White,LV,DEN,10,0.0,0.0,0.0,0.0,0.0,0.0,0.0,0.0,0.0,0.0,0.0,0.0,0.0,0.0,0.0,-,0.0
2024,12,MB,RB,Bijan Robinson,ATL,BYE,---,0.0,0.0,0.0,0.0,0.0,0.0,0.0,0.0,0.0,0.0,0.0,0.0,0.0,0.0,0.0,-,0.0
2024,12,MB,DST,Texans,HOU,TEN,32,,,,,,,,,,,,,,,,19.00,19.0
2024,12,NBB,RB,Nick Chubb,CLE,PIT,13,0.0,0.0,0.0,0.0,0.0,20.0,59.0,2.0,5.0,1.0,1.0,1.0,0.0,0.0,0.0,23.00,23.0
2024,12,NBB,WR,Terry McLaurin,WAS,DAL,20,0.0,0.0,0.0,0.0,0.0,0.0,0.0,0.0,0.0,6.0,5.0,102.0,1.0,1.0,0.0,17.20,17.2
2024,12,NBB,WR,Jameson Williams,DET,@IND,17,0.0,0.0,0.0,0.0,0.0,1.0,4.0,0.0,0.0,7.0,5.0,64.0,0.0,4.0,0.0,10.80,10.8
2024,12,NBB,RB,Gus Edwards,LAC,BAL,7,0.0,0.0,0.0,0.0,0.0,9.0,11.0,1.0,3.0,1.0,0.0,0.0,0.0,0.0,0.0,10.10,10.1
2024,12,NBB,WR,Mike Evans,TB,@NYG,9,0.0,0.0,0.0,0.0,0.0,0.0,0.0,0.0,0.0,6.0,5.0,68.0,0.0,3.0,0.0,9.80,9.8
2024,12,NBB,RB,D'Andre Swift,CHI,MIN,2,0.0,0.0,0.0,0.0,0.0,13.0,30.0,0.0,0.0,4.0,3.0,35.0,0.0,1.0,0.0,7.50,7.5
2024,12,NBB,WR,Jayden Reed,GB,SF,11,0.0,0.0,0.0,0.0,0.0,0.0,0.0,0.0,0.0,3.0,3.0,26.0,0.0,1.0,0.0,3.60,3.6
2024,12,NBB,TE,David Njoku,CLE,PIT,12,0.0,0.0,0.0,0.0,0.0,0.0,0.0,0.0,0.0,5.0,1.0,9.0,0.0,0.0,0.0,2.90,2.9
2024,12,NBB,TE,Dallas Goedert,PHI,@LAR,25,0.0,0.0,0.0,0.0,0.0,0.0,0.0,0.0,0.0,5.0,4.0,19.0,0.0,1.0,0.0,2.90,2.9
2024,12,NBB,RB,Blake Corum,LAR,PHI,5,0.0,0.0,0.0,0.0,0.0,1.0,5.0,0.0,1.0,0.0,0.0,0.0,0.0,0.0,0.0,1.50,1.5
2024,12,NBB,RB,Will Shipley,PHI,@LAR,25,0.0,0.0,0.0,0.0,0.0,0.0,0.0,0.0,0.0,0.0,0.0,0.0,0.0,0.0,0.0,0.00,0.0
2024,12,NBB,TE,Kyle Pitts,ATL,BYE,---,0.0,0.0,0.0,0.0,0.0,0.0,0.0,0.0,0.0,0.0,0.0,0.0,0.0,0.0,0.0,-,0.0
2024,12,NBB,QB,Josh Allen,BUF,BYE,---,0.0,0.0,0.0,0.0,0.0,0.0,0.0,0.0,0.0,0.0,0.0,0.0,0.0,0.0,0.0,-,0.0
2024,12,NBB,WR,Khalil Shakir,BUF,BYE,---,0.0,0.0,0.0,0.0,0.0,0.0,0.0,0.0,0.0,0.0,0.0,0.0,0.0,0.0,0.0,-,0.0
2024,12,NBB,QB,Trevor Lawrence,JAC,BYE,---,0.0,0.0,0.0,0.0,0.0,0.0,0.0,0.0,0.0,0.0,0.0,0.0,0.0,0.0,0.0,-,0.0
2024,12,NBB,WR,Chris Godwin,TB,@NYG,9,0.0,0.0,0.0,0.0,0.0,0.0,0.0,0.0,0.0,0.0,0.0,0.0,0.0,0.0,0.0,-,0.0
2024,12,NBB,WR,Brian Thomas,JAC,BYE,---,0.0,0.0,0.0,0.0,0.0,0.0,0.0,0.0,0.0,0.0,0.0,0.0,0.0,0.0,0.0,-,0.0
2024,12,NBB,DST,Giants,NYG,TB,10,,,,,,,,,,,,,,,,2.00,2.0
2024,12,PCP,WR,AJ Brown,PHI,@LAR,24,0.0,0.0,0.0,0.0,0.0,0.0,0.0,0.0,0.0,7.0,6.0,109.0,1.0,6.0,0.0,22.90,22.9
2024,12,PCP,RB,Kyren Williams,LAR,PHI,5,0.0,0.0,0.0,0.0,0.0,16.0,72.0,1.0,6.0,0.0,0.0,0.0,0.0,0.0,1.0,17.20,17.2
2024,12,PCP,TE,TJ Hockenson,MIN,@CHI,15,0.0,0.0,0.0,0.0,0.0,0.0,0.0,0.0,0.0,9.0,7.0,114.0,0.0,4.0,0.0,15.40,15.4
2024,12,PCP,QB,Geno Smith,SEA,ARI,12,22.0,31.0,254.0,1.0,1.0,3.0,2.0,0.0,0.0,0.0,0.0,0.0,0.0,0.0,0.0,12.36,12.36
2024,12,PCP,RB,Rico Dowdle,DAL,@WAS,21,0.0,0.0,0.0,0.0,0.0,19.0,86.0,0.0,3.0,3.0,3.0,12.0,0.0,1.0,1.0,11.80,11.8
2024,12,PCP,WR,CeeDee Lamb,DAL,@WAS,18,0.0,0.0,0.0,0.0,0.0,1.0,1.0,0.0,0.0,12.0,10.0,67.0,0.0,4.0,0.0,10.80,10.8
2024,12,PCP,TE,Pat Freiermuth,PIT,@CLE,24,0.0,0.0,0.0,0.0,0.0,0.0,0.0,0.0,0.0,4.0,4.0,59.0,0.0,3.0,0.0,8.90,8.9
2024,12,PCP,RB,Trey Benson,ARI,@SEA,19,0.0,0.0,0.0,0.0,0.0,4.0,18.0,0.0,0.0,0.0,0.0,0.0,0.0,0.0,0.0,1.80,1.8
2024,12,PCP,RB,Ezekiel Elliott,DAL,@WAS,21,0.0,0.0,0.0,0.0,0.0,3.0,6.0,0.0,0.0,0.0,0.0,0.0,0.0,0.0,0.0,0.60,0.6
2024,12,PCP,QB,Daniel Jones,NYG,TB,31,0.0,0.0,0.0,0.0,0.0,0.0,0.0,0.0,0.0,0.0,0.0,0.0,0.0,0.0,0.0,-,0.0
2024,12,PCP,WR,Garrett Wilson,NYJ,BYE,---,0.0,0.0,0.0,0.0,0.0,0.0,0.0,0.0,0.0,0.0,0.0,0.0,0.0,0.0,0.0,-,0.0
2024,12,PCP,RB,Braelon Allen,NYJ,BYE,---,0.0,0.0,0.0,0.0,0.0,0.0,0.0,0.0,0.0,0.0,0.0,0.0,0.0,0.0,0.0,-,0.0
2024,12,PCP,QB,Joe Burrow,CIN,BYE,---,0.0,0.0,0.0,0.0,0.0,0.0,0.0,0.0,0.0,0.0,0.0,0.0,0.0,0.0,0.0,-,0.0
2024,12,PCP,RB,Dameon Pierce,HOU,TEN,9,0.0,0.0,0.0,0.0,0.0,0.0,0.0,0.0,0.0,0.0,0.0,0.0,0.0,0.0,0.0,0.00,0.0
2024,12,PCP,RB,Tyjae Spears,TEN,@HOU,6,0.0,0.0,0.0,0.0,0.0,0.0,0.0,0.0,0.0,0.0,0.0,0.0,0.0,0.0,0.0,-,0.0
2024,12,PCP,WR,Rashee Rice,KC,@CAR,13,0.0,0.0,0.0,0.0,0.0,0.0,0.0,0.0,0.0,0.0,0.0,0.0,0.0,0.0,0.0,-,0.0
2024,12,PCP,TE,Luke Musgrave,GB,SF,5,0.0,0.0,0.0,0.0,0.0,0.0,0.0,0.0,0.0,0.0,0.0,0.0,0.0,0.0,0.0,-,0.0
2024,12,PCP,WR,Keon Coleman,BUF,BYE,---,0.0,0.0,0.0,0.0,0.0,0.0,0.0,0.0,0.0,0.0,0.0,0.0,0.0,0.0,0.0,-,0.0
2024,12,PCP,DST,Ravens,BAL,@LAC,3,,,,,,,,,,,,,,,,4.00,4.0
2024,12,PP,RB,Josh Jacobs,GB,SF,23,0.0,0.0,0.0,0.0,0.0,26.0,106.0,3.0,8.0,1.0,0.0,0.0,0.0,0.0,0.0,36.60,36.6
2024,12,PP,WR,Courtland Sutton,DEN,@LV,12,0.0,0.0,0.0,0.0,0.0,0.0,0.0,0.0,0.0,10.0,8.0,97.0,2.0,6.0,0.0,27.70,27.7
2024,12,PP,QB,Justin Herbert,LAC,BAL,28,21.0,36.0,218.0,0.0,0.0,4.0,29.0,1.0,2.0,0.0,0.0,0.0,0.0,0.0,0.0,19.62,19.62
2024,12,PP,QB,CJ Stroud,HOU,TEN,22,20.0,33.0,247.0,2.0,2.0,3.0,18.0,0.0,0.0,0.0,0.0,0.0,0.0,0.0,0.0,15.68,15.68
2024,12,PP,WR,Calvin Ridley,TEN,@HOU,27,0.0,0.0,0.0,0.0,0.0,0.0,0.0,0.0,0.0,6.0,5.0,93.0,0.0,3.0,0.0,12.30,12.3
2024,12,PP,TE,Tucker Kraft,GB,SF,5,0.0,0.0,0.0,0.0,0.0,0.0,0.0,0.0,0.0,2.0,2.0,26.0,1.0,2.0,0.0,10.60,10.6
2024,12,PP,RB,Devin Singletary,NYG,TB,16,0.0,0.0,0.0,0.0,0.0,2.0,3.0,1.0,1.0,2.0,2.0,7.0,0.0,1.0,0.0,9.00,9.0
2024,12,PP,WR,Romeo Doubs,GB,SF,11,0.0,0.0,0.0,0.0,0.0,0.0,0.0,0.0,0.0,6.0,3.0,54.0,0.0,3.0,0.0,8.40,8.4
2024,12,PP,WR,Wan'Dale Robinson,NYG,TB,22,0.0,0.0,0.0,0.0,0.0,1.0,0.0,0.0,0.0,5.0,5.0,47.0,0.0,2.0,0.0,6.70,6.7
2024,12,PP,WR,Jauan Jennings,SF,@GB,7,0.0,0.0,0.0,0.0,0.0,0.0,0.0,0.0,0.0,7.0,5.0,40.0,0.0,1.0,0.0,5.00,5.0
2024,12,PP,RB,Audric Estime,DEN,@LV,17,0.0,0.0,0.0,0.0,0.0,3.0,15.0,0.0,1.0,0.0,0.0,0.0,0.0,0.0,0.0,2.50,2.5
2024,12,PP,WR,Malachi Corley,NYJ,BYE,---,0.0,0.0,0.0,0.0,0.0,0.0,0.0,0.0,0.0,0.0,0.0,0.0,0.0,0.0,0.0,-,0.0
2024,12,PP,QB,JJ McCarthy,MIN,@CHI,3,0.0,0.0,0.0,0.0,0.0,0.0,0.0,0.0,0.0,0.0,0.0,0.0,0.0,0.0,0.0,-,0.0
2024,12,PP,RB,MarShawn Lloyd,GB,SF,23,0.0,0.0,0.0,0.0,0.0,0.0,0.0,0.0,0.0,0.0,0.0,0.0,0.0,0.0,0.0,-,0.0
2024,12,PP,TE,Taysom Hill,NO,BYE,---,0.0,0.0,0.0,0.0,0.0,0.0,0.0,0.0,0.0,0.0,0.0,0.0,0.0,0.0,0.0,-,0.0
2024,12,PP,WR,Stefon Diggs,HOU,TEN,3,0.0,0.0,0.0,0.0,0.0,0.0,0.0,0.0,0.0,0.0,0.0,0.0,0.0,0.0,0.0,-,0.0
2024,12,PP,WR,Amari Cooper,BUF,BYE,---,0.0,0.0,0.0,0.0,0.0,0.0,0.0,0.0,0.0,0.0,0.0,0.0,0.0,0.0,0.0,-,0.0
2024,12,PP,QB,Brock Purdy,SF,@GB,8,0.0,0.0,0.0,0.0,0.0,0.0,0.0,0.0,0.0,0.0,0.0,0.0,0.0,0.0,0.0,-,0.0
2024,12,PP,TE,Mark Andrews Dead Cap,BAL,0,0,0.0,0.0,0.0,0.0,0.0,0.0,0.0,0.0,0.0,0.0,0.0,0.0,0.0,0.0,0.0,-,0.0
2024,12,PP,TE,Isaiah Likely,BAL,@LAC,9,0.0,0.0,0.0,0.0,0.0,0.0,0.0,0.0,0.0,0.0,0.0,0.0,0.0,0.0,0.0,0.00,0.0
2024,12,PP,DST,Chargers,LAC,BAL,2,,,,,,,,,,,,,,,,0.00,0.0
2024,12,RR,QB,Tua Tagovailoa,MIA,NE,16,29.0,40.0,317.0,4.0,0.0,3.0,-2.0,0.0,0.0,0.0,0.0,0.0,0.0,0.0,0.0,28.68,28.68
2024,12,RR,WR,Jordan Addison,MIN,@CHI,6,0.0,0.0,0.0,0.0,0.0,0.0,0.0,0.0,0.0,9.0,8.0,162.0,1.0,6.0,0.0,28.20,28.2
2024,12,RR,QB,Baker Mayfield,TB,@NYG,24,24.0,30.0,294.0,0.0,0.0,4.0,29.0,1.0,3.0,0.0,0.0,0.0,0.0,0.0,1.0,21.66,21.66
2024,12,RR,TE,Jonnu Smith,MIA,NE,19,0.0,0.0,0.0,0.0,0.0,1.0,0.0,0.0,0.0,11.0,9.0,87.0,1.0,6.0,0.0,20.70,20.7
2024,12,RR,RB,Rachaad White,TB,@NYG,26,0.0,0.0,0.0,0.0,0.0,12.0,37.0,1.0,3.0,1.0,1.0,10.0,0.0,1.0,0.0,14.70,14.7
2024,12,RR,RB,Kareem Hunt,KC,@CAR,32,0.0,0.0,0.0,0.0,0.0,16.0,68.0,0.0,4.0,4.0,3.0,19.0,0.0,1.0,0.0,13.70,13.7
2024,12,RR,RB,Christian McCaffrey,SF,@GB,15,0.0,0.0,0.0,0.0,0.0,11.0,31.0,0.0,2.0,4.0,3.0,37.0,0.0,1.0,1.0,7.80,7.8
2024,12,RR,WR,George Pickens,PIT,@CLE,28,0.0,0.0,0.0,0.0,0.0,0.0,0.0,0.0,0.0,7.0,4.0,48.0,0.0,2.0,0.0,6.80,6.8
2024,12,RR,RB,Joe Mixon,HOU,TEN,9,0.0,0.0,0.0,0.0,0.0,14.0,22.0,0.0,0.0,6.0,5.0,23.0,0.0,1.0,0.0,5.50,5.5
2024,12,RR,TE,Cade Otton,TB,@NYG,2,0.0,0.0,0.0,0.0,0.0,0.0,0.0,0.0,0.0,3.0,1.0,30.0,0.0,1.0,0.0,4.00,4.0
2024,12,RR,WR,Justin Jefferson,MIN,@CHI,6,0.0,0.0,0.0,0.0,0.0,0.0,0.0,0.0,0.0,5.0,2.0,27.0,0.0,1.0,0.0,3.70,3.7
2024,12,RR,WR,Jalen McMillan,TB,@NYG,9,0.0,0.0,0.0,0.0,0.0,0.0,0.0,0.0,0.0,2.0,1.0,11.0,0.0,1.0,0.0,2.10,2.1
2024,12,RR,WR,Cedric Tillman,CLE,PIT,5,0.0,0.0,0.0,0.0,0.0,0.0,0.0,0.0,0.0,4.0,2.0,28.0,0.0,0.0,1.0,0.80,0.8
2024,12,RR,QB,Kirk Cousins,ATL,BYE,---,0.0,0.0,0.0,0.0,0.0,0.0,0.0,0.0,0.0,0.0,0.0,0.0,0.0,0.0,0.0,-,0.0
2024,12,RR,WR,Davante Adams,NYJ,BYE,---,0.0,0.0,0.0,0.0,0.0,0.0,0.0,0.0,0.0,0.0,0.0,0.0,0.0,0.0,0.0,-,0.0
2024,12,RR,QB,Michael Penix,ATL,BYE,---,0.0,0.0,0.0,0.0,0.0,0.0,0.0,0.0,0.0,0.0,0.0,0.0,0.0,0.0,0.0,-,0.0
2024,12,RR,WR,Diontae Johnson,BAL,@LAC,14,0.0,0.0,0.0,0.0,0.0,0.0,0.0,0.0,0.0,1.0,0.0,0.0,0.0,0.0,0.0,0.00,0.0
2024,12,RR,RB,Alvin Kamara,NO,BYE,---,0.0,0.0,0.0,0.0,0.0,0.0,0.0,0.0,0.0,0.0,0.0,0.0,0.0,0.0,0.0,-,0.0
2024,12,RR,DST,Steelers,PIT,@CLE,30,,,,,,,,,,,,,,,,7.00,7.0
2024,12,SBS,QB,Jayden Daniels,WAS,DAL,29,25.0,38.0,275.0,2.0,2.0,7.0,74.0,1.0,4.0,0.0,0.0,0.0,0.0,0.0,0.0,34.40,34.4
2024,12,SBS,QB,Lamar Jackson,BAL,@LAC,17,16.0,22.0,177.0,2.0,0.0,8.0,15.0,1.0,1.0,0.0,0.0,0.0,0.0,0.0,0.0,23.58,23.58
2024,12,SBS,RB,Chuba Hubbard,CAR,KC,1,0.0,0.0,0.0,0.0,0.0,16.0,58.0,1.0,5.0,5.0,1.0,2.0,0.0,0.0,0.0,19.00,19.0
2024,12,SBS,RB,David Montgomery,DET,@IND,28,0.0,0.0,0.0,0.0,0.0,8.0,37.0,1.0,2.0,3.0,3.0,36.0,0.0,2.0,0.0,17.30,17.3
2024,12,SBS,QB,Russell Wilson,PIT,@CLE,20,21.0,28.0,270.0,1.0,0.0,3.0,10.0,0.0,0.0,0.0,0.0,0.0,0.0,0.0,1.0,13.80,13.8
2024,12,SBS,TE,Zach Ertz,WAS,DAL,14,0.0,0.0,0.0,0.0,0.0,0.0,0.0,0.0,0.0,8.0,6.0,38.0,1.0,3.0,0.0,12.80,12.8
2024,12,SBS,QB,Tommy DeVito,NYG,TB,31,21.0,31.0,189.0,0.0,0.0,7.0,32.0,0.0,1.0,0.0,0.0,0.0,0.0,0.0,0.0,11.76,11.76
2024,12,SBS,WR,Rashod Bateman,BAL,@LAC,14,0.0,0.0,0.0,0.0,0.0,0.0,0.0,0.0,0.0,3.0,2.0,43.0,1.0,1.0,0.0,11.30,11.3
2024,12,SBS,TE,Will Dissly,LAC,BAL,22,0.0,0.0,0.0,0.0,0.0,0.0,0.0,0.0,0.0,4.0,4.0,47.0,0.0,1.0,0.0,5.70,5.7
2024,12,SBS,WR,Alec Pierce,IND,DET,25,0.0,0.0,0.0,0.0,0.0,0.0,0.0,0.0,0.0,4.0,1.0,39.0,0.0,1.0,0.0,4.90,4.9
2024,12,SBS,WR,Troy Franklin,DEN,@LV,12,0.0,0.0,0.0,0.0,0.0,0.0,0.0,0.0,0.0,4.0,2.0,31.0,0.0,1.0,0.0,4.10,4.1
2024,12,SBS,RB,Jonathan Taylor,IND,DET,3,0.0,0.0,0.0,0.0,0.0,11.0,35.0,0.0,0.0,0.0,0.0,0.0,0.0,0.0,0.0,3.50,3.5
2024,12,SBS,RB,Austin Ekeler,WAS,DAL,30,0.0,0.0,0.0,0.0,0.0,9.0,22.0,0.0,1.0,3.0,2.0,2.0,0.0,0.0,0.0,3.40,3.4
2024,12,SBS,WR,Deebo Samuel,SF,@GB,7,0.0,0.0,0.0,0.0,0.0,0.0,0.0,0.0,0.0,4.0,1.0,21.0,0.0,1.0,0.0,3.10,3.1
2024,12,SBS,RB,Jaylen Wright,MIA,NE,22,0.0,0.0,0.0,0.0,0.0,7.0,28.0,0.0,2.0,1.0,0.0,0.0,0.0,0.0,1.0,2.80,2.8
2024,12,SBS,RB,Jerome Ford,CLE,PIT,13,0.0,0.0,0.0,0.0,0.0,4.0,19.0,0.0,0.0,1.0,1.0,8.0,0.0,0.0,0.0,2.70,2.7
2024,12,SBS,WR,Christian Watson,GB,SF,11,0.0,0.0,0.0,0.0,0.0,1.0,4.0,0.0,0.0,3.0,0.0,0.0,0.0,0.0,0.0,0.40,0.4
2024,12,SBS,WR,Andrei Iosivas,CIN,BYE,---,0.0,0.0,0.0,0.0,0.0,0.0,0.0,0.0,0.0,0.0,0.0,0.0,0.0,0.0,0.0,-,0.0
2024,12,SBS,WR,Christian Kirk,JAC,BYE,---,0.0,0.0,0.0,0.0,0.0,0.0,0.0,0.0,0.0,0.0,0.0,0.0,0.0,0.0,0.0,-,0.0
2024,12,SBS,DST,Lions,DET,@IND,20,,,,,,,,,,,,,,,,8.00,8.0
2024,13,ABT,QB,Caleb Williams,CHI,@DET,7,20.0,39.0,256.0,3.0,0.0,4.0,39.0,0.0,1.0,0.0,0.0,0.0,0.0,0.0,0.0,27.14,27.14
2024,13,ABT,QB,Bryce Young,CAR,TB,32,26.0,46.0,298.0,1.0,0.0,3.0,17.0,1.0,1.0,0.0,0.0,0.0,0.0,0.0,0.0,24.62,24.62
2024,13,ABT,RB,Najee Harris,PIT,@CIN,18,0.0,0.0,0.0,0.0,0.0,16.0,75.0,1.0,2.0,6.0,6.0,54.0,0.0,3.0,0.0,23.90,23.9
2024,13,ABT,RB,Saquon Barkley,PHI,@BAL,7,0.0,0.0,0.0,0.0,0.0,23.0,107.0,1.0,5.0,4.0,2.0,10.0,0.0,0.0,0.0,22.70,22.7
2024,13,ABT,WR,Keenan Allen,CHI,@DET,27,0.0,0.0,0.0,0.0,0.0,0.0,0.0,0.0,0.0,8.0,5.0,73.0,2.0,3.0,0.0,22.30,22.3
2024,13,ABT,RB,Chase Brown,CIN,PIT,11,0.0,0.0,0.0,0.0,0.0,12.0,70.0,1.0,4.0,3.0,3.0,30.0,0.0,2.0,0.0,22.00,22.0
2024,13,ABT,WR,DJ Moore,CHI,@DET,27,0.0,0.0,0.0,0.0,0.0,0.0,0.0,0.0,0.0,16.0,8.0,97.0,1.0,3.0,0.0,18.70,18.7
2024,13,ABT,WR,Puka Nacua,LAR,@NO,25,0.0,0.0,0.0,0.0,0.0,1.0,7.0,0.0,0.0,8.0,5.0,56.0,1.0,4.0,0.0,16.30,16.3
2024,13,ABT,TE,Hunter Henry,NE,IND,28,0.0,0.0,0.0,0.0,0.0,0.0,0.0,0.0,0.0,9.0,7.0,75.0,0.0,5.0,0.0,12.50,12.5
2024,13,ABT,RB,Jonathon Brooks,CAR,TB,13,0.0,0.0,0.0,0.0,0.0,6.0,18.0,0.0,0.0,3.0,3.0,23.0,0.0,2.0,0.0,6.10,6.1
2024,13,ABT,RB,Keaton Mitchell,BAL,PHI,5,0.0,0.0,0.0,0.0,0.0,0.0,0.0,0.0,0.0,0.0,0.0,0.0,0.0,0.0,0.0,-,0.0
2024,13,ABT,WR,Roman Wilson,PIT,@CIN,22,0.0,0.0,0.0,0.0,0.0,0.0,0.0,0.0,0.0,0.0,0.0,0.0,0.0,0.0,0.0,-,0.0
2024,13,ABT,WR,Chris Olave,NO,LAR,23,0.0,0.0,0.0,0.0,0.0,0.0,0.0,0.0,0.0,0.0,0.0,0.0,0.0,0.0,0.0,-,0.0
2024,13,ABT,WR,Josh Downs,IND,@NE,21,0.0,0.0,0.0,0.0,0.0,0.0,0.0,0.0,0.0,0.0,0.0,0.0,0.0,0.0,0.0,-,0.0
2024,13,ABT,WR,Jermaine Burton,CIN,PIT,11,0.0,0.0,0.0,0.0,0.0,0.0,0.0,0.0,0.0,0.0,0.0,0.0,0.0,0.0,0.0,0.00,0.0
2024,13,ABT,RB,Alexander Mattison,LV,@KC,1,0.0,0.0,0.0,0.0,0.0,0.0,0.0,0.0,0.0,0.0,0.0,0.0,0.0,0.0,0.0,-,0.0
2024,13,ABT,TE,Jake Ferguson,DAL,NYG,2,0.0,0.0,0.0,0.0,0.0,0.0,0.0,0.0,0.0,0.0,0.0,0.0,0.0,0.0,0.0,-,0.0
2024,13,ABT,RB,Roschon Johnson,CHI,@DET,3,0.0,0.0,0.0,0.0,0.0,0.0,0.0,0.0,0.0,0.0,0.0,0.0,0.0,0.0,0.0,0.00,0.0
2024,13,ABT,QB,Dak Prescott,DAL,NYG,21,0.0,0.0,0.0,0.0,0.0,0.0,0.0,0.0,0.0,0.0,0.0,0.0,0.0,0.0,0.0,-,0.0
2024,13,ABT,DST,Eagles,PHI,@BAL,2,,,,,,,,,,,,,,,,5.00,5.0
2024,13,CLC,QB,Jordan Love,GB,MIA,2,21.0,28.0,274.0,2.0,0.0,0.0,0.0,0.0,0.0,0.0,0.0,0.0,0.0,0.0,0.0,18.96,18.96
2024,13,CLC,WR,Nico Collins,HOU,@JAC,30,0.0,0.0,0.0,0.0,0.0,0.0,0.0,0.0,0.0,11.0,8.0,119.0,0.0,5.0,0.0,16.90,16.9
2024,13,CLC,RB,Jordan Mason,SF,@BUF,27,0.0,0.0,0.0,0.0,0.0,13.0,78.0,0.0,5.0,0.0,0.0,0.0,0.0,0.0,0.0,12.80,12.8
2024,13,CLC,WR,Jaylen Waddle,MIA,@GB,9,0.0,0.0,0.0,0.0,0.0,0.0,0.0,0.0,0.0,4.0,4.0,53.0,0.0,3.0,0.0,10.30,10.3
2024,13,CLC,RB,Javonte Williams,DEN,CLE,8,0.0,0.0,0.0,0.0,0.0,4.0,1.0,1.0,1.0,2.0,1.0,3.0,0.0,0.0,0.0,7.40,7.4
2024,13,CLC,RB,Breece Hall,NYJ,SEA,19,0.0,0.0,0.0,0.0,0.0,12.0,60.0,0.0,1.0,1.0,0.0,0.0,0.0,0.0,1.0,7.00,7.0
2024,13,CLC,TE,Cole Kmet,CHI,@DET,1,0.0,0.0,0.0,0.0,0.0,0.0,0.0,0.0,0.0,3.0,3.0,26.0,0.0,2.0,0.0,4.60,4.6
2024,13,CLC,WR,Rome Odunze,CHI,@DET,27,0.0,0.0,0.0,0.0,0.0,0.0,0.0,0.0,0.0,6.0,2.0,25.0,0.0,2.0,0.0,4.50,4.5
2024,13,CLC,WR,Darnell Mooney,ATL,LAC,15,0.0,0.0,0.0,0.0,0.0,0.0,0.0,0.0,0.0,6.0,3.0,20.0,0.0,2.0,0.0,4.00,4.0
2024,13,CLC,RB,Justice Hill,BAL,PHI,5,0.0,0.0,0.0,0.0,0.0,3.0,6.0,0.0,0.0,6.0,4.0,15.0,0.0,0.0,0.0,2.10,2.1
2024,13,CLC,QB,Justin Fields,PIT,@CIN,30,0.0,0.0,0.0,0.0,0.0,1.0,7.0,0.0,1.0,0.0,0.0,0.0,0.0,0.0,0.0,1.70,1.7
2024,13,CLC,WR,Ricky Pearsall,SF,@BUF,4,0.0,0.0,0.0,0.0,0.0,0.0,0.0,0.0,0.0,1.0,0.0,0.0,0.0,0.0,0.0,0.00,0.0
2024,13,CLC,TE,Dalton Kincaid,BUF,SF,5,0.0,0.0,0.0,0.0,0.0,0.0,0.0,0.0,0.0,0.0,0.0,0.0,0.0,0.0,0.0,-,0.0
2024,13,CLC,WR,DeVonta Smith,PHI,@BAL,32,0.0,0.0,0.0,0.0,0.0,0.0,0.0,0.0,0.0,0.0,0.0,0.0,0.0,0.0,0.0,-,0.0
2024,13,CLC,RB,Zack Moss,CIN,PIT,11,0.0,0.0,0.0,0.0,0.0,0.0,0.0,0.0,0.0,0.0,0.0,0.0,0.0,0.0,0.0,-,0.0
2024,13,CLC,WR,Ja'Lynn Polk,NE,IND,16,0.0,0.0,0.0,0.0,0.0,0.0,0.0,0.0,0.0,1.0,0.0,0.0,0.0,0.0,0.0,0.00,0.0
2024,13,CLC,DST,Bears,CHI,@DET,4,,,,,,,,,,,,,,,,4.00,4.0
2024,13,CPC,RB,James Cook,BUF,SF,25,0.0,0.0,0.0,0.0,0.0,14.0,107.0,1.0,3.0,1.0,1.0,13.0,0.0,1.0,0.0,22.00,22.0
2024,13,CPC,QB,Drake Maye,NE,IND,20,24.0,30.0,238.0,1.0,1.0,5.0,59.0,0.0,2.0,0.0,0.0,0.0,0.0,0.0,0.0,21.42,21.42
2024,13,CPC,RB,Brian Robinson,WAS,TEN,14,0.0,0.0,0.0,0.0,0.0,16.0,103.0,1.0,4.0,1.0,1.0,6.0,0.0,0.0,0.0,20.90,20.9
2024,13,CPC,QB,Sam Darnold,MIN,ARI,14,21.0,31.0,235.0,2.0,0.0,4.0,22.0,0.0,1.0,0.0,0.0,0.0,0.0,0.0,0.0,20.60,20.6
2024,13,CPC,WR,Tyreek Hill,MIA,@GB,9,0.0,0.0,0.0,0.0,0.0,0.0,0.0,0.0,0.0,9.0,6.0,83.0,1.0,4.0,0.0,18.30,18.3
2024,13,CPC,RB,Derrick Henry,BAL,PHI,5,0.0,0.0,0.0,0.0,0.0,19.0,82.0,0.0,4.0,3.0,3.0,29.0,0.0,2.0,0.0,17.10,17.1
2024,13,CPC,WR,Tee Higgins,CIN,PIT,11,0.0,0.0,0.0,0.0,0.0,0.0,0.0,0.0,0.0,10.0,5.0,69.0,1.0,4.0,0.0,16.90,16.9
2024,13,CPC,WR,Ja'Marr Chase,CIN,PIT,11,0.0,0.0,0.0,0.0,0.0,0.0,0.0,0.0,0.0,9.0,6.0,86.0,1.0,2.0,0.0,16.60,16.6
2024,13,CPC,QB,Derek Carr,NO,LAR,15,24.0,37.0,184.0,1.0,0.0,2.0,12.0,0.0,1.0,0.0,0.0,0.0,0.0,0.0,0.0,15.56,15.56
2024,13,CPC,WR,Ladd McConkey,LAC,@ATL,26,0.0,0.0,0.0,0.0,0.0,0.0,0.0,0.0,0.0,12.0,9.0,117.0,0.0,3.0,0.0,14.70,14.7
2024,13,CPC,WR,Jakobi Meyers,LV,@KC,18,0.0,0.0,0.0,0.0,0.0,0.0,0.0,0.0,0.0,11.0,6.0,97.0,0.0,4.0,0.0,13.70,13.7
2024,13,CPC,RB,Tony Pollard,TEN,@WAS,17,0.0,0.0,0.0,0.0,0.0,8.0,35.0,0.0,1.0,6.0,4.0,33.0,0.0,1.0,1.0,6.80,6.8
2024,13,CPC,WR,Dontayvion Wicks,GB,MIA,3,0.0,0.0,0.0,0.0,0.0,0.0,0.0,0.0,0.0,5.0,4.0,30.0,0.0,1.0,0.0,4.00,4.0
2024,13,CPC,WR,Tyler Lockett,SEA,@NYJ,1,0.0,0.0,0.0,0.0,0.0,0.0,0.0,0.0,0.0,3.0,3.0,16.0,0.0,1.0,0.0,2.60,2.6
2024,13,CPC,TE,George Kittle,SF,@BUF,8,0.0,0.0,0.0,0.0,0.0,0.0,0.0,0.0,0.0,2.0,1.0,7.0,0.0,0.0,0.0,0.70,0.7
2024,13,CPC,RB,JK Dobbins,LAC,@ATL,9,0.0,0.0,0.0,0.0,0.0,0.0,0.0,0.0,0.0,0.0,0.0,0.0,0.0,0.0,0.0,-,0.0
2024,13,CPC,TE,Ja'Tavion Sanders,CAR,TB,26,0.0,0.0,0.0,0.0,0.0,0.0,0.0,0.0,0.0,0.0,0.0,0.0,0.0,0.0,0.0,-,0.0
2024,13,CPC,DST,Vikings,MIN,ARI,13,,,,,,,,,,,,,,,,6.00,6.0
2024,13,DDD,QB,Jameis Winston,CLE,@DEN,4,34.0,58.0,497.0,4.0,3.0,3.0,11.0,0.0,1.0,0.0,0.0,0.0,0.0,0.0,0.0,33.98,33.98
2024,13,DDD,RB,Bucky Irving,TB,@CAR,32,0.0,0.0,0.0,0.0,0.0,25.0,152.0,1.0,7.0,3.0,3.0,33.0,0.0,2.0,0.0,33.50,33.5
2024,13,DDD,QB,Jared Goff,DET,CHI,3,21.0,34.0,221.0,2.0,0.0,1.0,1.0,0.0,1.0,0.0,0.0,0.0,0.0,0.0,0.0,17.94,17.94
2024,13,DDD,RB,De'Von Achane,MIA,@GB,16,0.0,0.0,0.0,0.0,0.0,7.0,14.0,0.0,1.0,9.0,8.0,56.0,1.0,3.0,0.0,17.00,17.0
2024,13,DDD,TE,Sam LaPorta,DET,CHI,19,0.0,0.0,0.0,0.0,0.0,0.0,0.0,0.0,0.0,6.0,3.0,6.0,2.0,2.0,0.0,14.60,14.6
2024,13,DDD,RB,Jahmyr Gibbs,DET,CHI,23,0.0,0.0,0.0,0.0,0.0,9.0,87.0,0.0,4.0,4.0,2.0,17.0,0.0,0.0,1.0,12.40,12.4
2024,13,DDD,QB,Cooper Rush,DAL,NYG,21,21.0,36.0,195.0,1.0,0.0,5.0,0.0,0.0,0.0,0.0,0.0,0.0,0.0,0.0,0.0,11.80,11.8
2024,13,DDD,WR,Zay Flowers,BAL,PHI,6,0.0,0.0,0.0,0.0,0.0,1.0,-3.0,0.0,0.0,7.0,3.0,74.0,0.0,3.0,0.0,10.40,10.4
2024,13,DDD,WR,Malik Nabers,NYG,@DAL,17,0.0,0.0,0.0,0.0,0.0,1.0,4.0,0.0,0.0,13.0,8.0,69.0,0.0,3.0,0.0,10.30,10.3
2024,13,DDD,TE,Mike Gesicki,CIN,PIT,12,0.0,0.0,0.0,0.0,0.0,0.0,0.0,0.0,0.0,5.0,5.0,53.0,0.0,3.0,0.0,8.30,8.3
2024,13,DDD,RB,Kenneth Walker,SEA,@NYJ,12,0.0,0.0,0.0,0.0,0.0,16.0,49.0,0.0,2.0,3.0,2.0,-3.0,0.0,0.0,0.0,6.90,6.9
2024,13,DDD,RB,Tank Bigsby,JAC,HOU,4,0.0,0.0,0.0,0.0,0.0,7.0,28.0,0.0,2.0,1.0,1.0,7.0,0.0,0.0,0.0,5.50,5.5
2024,13,DDD,WR,Tank Dell,HOU,@JAC,30,0.0,0.0,0.0,0.0,0.0,0.0,0.0,0.0,0.0,4.0,1.0,23.0,0.0,1.0,0.0,3.30,3.3
2024,13,DDD,WR,Quentin Johnston,LAC,@ATL,26,0.0,0.0,0.0,0.0,0.0,0.0,0.0,0.0,0.0,4.0,2.0,12.0,0.0,1.0,0.0,2.20,2.2
2024,13,DDD,WR,Adonai Mitchell,IND,@NE,21,0.0,0.0,0.0,0.0,0.0,0.0,0.0,0.0,0.0,2.0,0.0,0.0,0.0,0.0,0.0,0.00,0.0
2024,13,DDD,QB,Deshaun Watson,CLE,@DEN,4,0.0,0.0,0.0,0.0,0.0,0.0,0.0,0.0,0.0,0.0,0.0,0.0,0.0,0.0,0.0,-,0.0
2024,13,DDD,DST,Buccaneers,TB,@CAR,21,,,,,,,,,,,,,,,,3.00,3.0
2024,13,LBC,WR,Jerry Jeudy,CLE,@DEN,2,0.0,0.0,0.0,0.0,0.0,0.0,0.0,0.0,0.0,13.0,9.0,235.0,1.0,9.0,0.0,40.50,40.5
2024,13,LBC,TE,Brock Bowers,LV,@KC,29,0.0,0.0,0.0,0.0,0.0,1.0,2.0,0.0,1.0,14.0,10.0,140.0,1.0,5.0,0.0,26.20,26.2
2024,13,LBC,QB,Anthony Richardson,IND,@NE,22,12.0,24.0,109.0,2.0,2.0,9.0,48.0,1.0,5.0,0.0,0.0,0.0,0.0,0.0,0.0,26.16,26.16
2024,13,LBC,TE,Trey McBride,ARI,@MIN,14,0.0,0.0,0.0,0.0,0.0,0.0,0.0,0.0,0.0,12.0,12.0,96.0,0.0,7.0,0.0,16.60,16.6
2024,13,LBC,QB,Aaron Rodgers,NYJ,SEA,13,21.0,39.0,185.0,2.0,1.0,2.0,6.0,0.0,1.0,0.0,0.0,0.0,0.0,0.0,0.0,15.00,15.0
2024,13,LBC,WR,Drake London,ATL,LAC,15,0.0,0.0,0.0,0.0,0.0,1.0,-3.0,0.0,0.0,16.0,9.0,86.0,0.0,6.0,0.0,14.60,14.6
2024,13,LBC,RB,Rhamondre Stevenson,NE,IND,28,0.0,0.0,0.0,0.0,0.0,18.0,73.0,0.0,2.0,3.0,3.0,21.0,0.0,2.0,0.0,13.40,13.4
2024,13,LBC,QB,Bo Nix,DEN,CLE,19,18.0,35.0,294.0,1.0,2.0,3.0,4.0,0.0,0.0,0.0,0.0,0.0,0.0,0.0,0.0,12.16,12.16
2024,13,LBC,WR,Jaxon Smith-Njigba,SEA,@NYJ,1,0.0,0.0,0.0,0.0,0.0,1.0,5.0,0.0,0.0,4.0,4.0,74.0,0.0,3.0,0.0,10.90,10.9
2024,13,LBC,RB,Travis Etienne,JAC,HOU,4,0.0,0.0,0.0,0.0,0.0,13.0,46.0,0.0,2.0,3.0,3.0,12.0,0.0,0.0,0.0,7.80,7.8
2024,13,LBC,WR,Michael Wilson,ARI,@MIN,31,0.0,0.0,0.0,0.0,0.0,0.0,0.0,0.0,0.0,7.0,5.0,55.0,0.0,2.0,0.0,7.50,7.5
2024,13,LBC,RB,Isiah Pacheco,KC,LV,15,0.0,0.0,0.0,0.0,0.0,7.0,44.0,0.0,2.0,1.0,1.0,5.0,0.0,0.0,0.0,6.90,6.9
2024,13,LBC,TE,Evan Engram,JAC,HOU,6,0.0,0.0,0.0,0.0,0.0,0.0,0.0,0.0,0.0,9.0,7.0,41.0,0.0,2.0,0.0,6.10,6.1
2024,13,LBC,RB,Raheem Mostert,MIA,@GB,16,0.0,0.0,0.0,0.0,0.0,5.0,19.0,0.0,0.0,3.0,2.0,15.0,0.0,1.0,0.0,4.40,4.4
2024,13,LBC,WR,Michael Pittman,IND,@NE,21,0.0,0.0,0.0,0.0,0.0,0.0,0.0,0.0,0.0,7.0,5.0,42.0,0.0,0.0,0.0,4.20,4.2
2024,13,LBC,WR,Devontez Walker,BAL,PHI,6,0.0,0.0,0.0,0.0,0.0,0.0,0.0,0.0,0.0,0.0,0.0,0.0,0.0,0.0,0.0,-,0.0
2024,13,LBC,WR,Brandon Aiyuk,SF,@BUF,4,0.0,0.0,0.0,0.0,0.0,0.0,0.0,0.0,0.0,0.0,0.0,0.0,0.0,0.0,0.0,-,0.0
2024,13,LBC,WR,Jalen Coker,CAR,TB,24,0.0,0.0,0.0,0.0,0.0,0.0,0.0,0.0,0.0,0.0,0.0,0.0,0.0,0.0,0.0,-,0.0
2024,13,LBC,DST,Broncos,DEN,CLE,30,,,,,,,,,,,,,,,,20.00,20.0
2024,13,LC,QB,Jalen Hurts,PHI,@BAL,28,11.0,19.0,118.0,1.0,0.0,9.0,29.0,1.0,4.0,0.0,0.0,0.0,0.0,0.0,0.0,21.62,21.62
2024,13,LC,QB,Patrick Mahomes,KC,LV,24,26.0,46.0,306.0,1.0,0.0,2.0,4.0,0.0,0.0,0.0,0.0,0.0,0.0,0.0,0.0,16.64,16.64
2024,13,LC,TE,Dalton Schultz,HOU,@JAC,27,0.0,0.0,0.0,0.0,0.0,0.0,0.0,0.0,0.0,7.0,5.0,61.0,1.0,4.0,0.0,16.10,16.1
2024,13,LC,RB,James Conner,ARI,@MIN,2,0.0,0.0,0.0,0.0,0.0,17.0,68.0,0.0,6.0,4.0,3.0,13.0,0.0,0.0,0.0,14.10,14.1
2024,13,LC,RB,Zach Charbonnet,SEA,@NYJ,12,0.0,0.0,0.0,0.0,0.0,4.0,28.0,1.0,3.0,3.0,2.0,13.0,0.0,0.0,0.0,13.10,13.1
2024,13,LC,WR,DeAndre Hopkins,KC,LV,12,0.0,0.0,0.0,0.0,0.0,0.0,0.0,0.0,0.0,9.0,4.0,90.0,0.0,2.0,0.0,11.00,11.0
2024,13,LC,RB,Jaylen Warren,PIT,@CIN,18,0.0,0.0,0.0,0.0,0.0,3.0,9.0,0.0,1.0,4.0,4.0,55.0,0.0,3.0,0.0,10.40,10.4
2024,13,LC,WR,DK Metcalf,SEA,@NYJ,1,0.0,0.0,0.0,0.0,0.0,0.0,0.0,0.0,0.0,9.0,4.0,66.0,0.0,2.0,0.0,8.60,8.6
2024,13,LC,WR,Xavier Worthy,KC,LV,12,0.0,0.0,0.0,0.0,0.0,0.0,0.0,0.0,0.0,7.0,5.0,54.0,0.0,3.0,0.0,8.40,8.4
2024,13,LC,WR,Xavier Legette,CAR,TB,24,0.0,0.0,0.0,0.0,0.0,0.0,0.0,0.0,0.0,8.0,4.0,53.0,0.0,3.0,0.0,8.30,8.3
2024,13,LC,TE,Juwan Johnson,NO,LAR,25,0.0,0.0,0.0,0.0,0.0,0.0,0.0,0.0,0.0,7.0,5.0,36.0,0.0,2.0,0.0,5.60,5.6
2024,13,LC,RB,Tyler Allgeier,ATL,LAC,6,0.0,0.0,0.0,0.0,0.0,8.0,16.0,0.0,1.0,1.0,1.0,6.0,0.0,0.0,0.0,3.20,3.2
2024,13,LC,RB,Jamaal Williams,NO,LAR,24,0.0,0.0,0.0,0.0,0.0,0.0,0.0,0.0,0.0,1.0,1.0,7.0,0.0,1.0,0.0,1.70,1.7
2024,13,LC,TE,Ben Sinnott,WAS,TEN,9,0.0,0.0,0.0,0.0,0.0,0.0,0.0,0.0,0.0,1.0,1.0,3.0,0.0,0.0,0.0,0.30,0.3
2024,13,LC,RB,Jeff Wilson,MIA,@GB,16,0.0,0.0,0.0,0.0,0.0,0.0,0.0,0.0,0.0,0.0,0.0,0.0,0.0,0.0,0.0,0.00,0.0
2024,13,LC,QB,Gardner Minshew,LV,@KC,23,0.0,0.0,0.0,0.0,0.0,0.0,0.0,0.0,0.0,0.0,0.0,0.0,0.0,0.0,0.0,-,0.0
2024,13,LC,WR,Rashid Shaheed,NO,LAR,23,0.0,0.0,0.0,0.0,0.0,0.0,0.0,0.0,0.0,0.0,0.0,0.0,0.0,0.0,0.0,-,0.0
2024,13,LC,WR,Allen Lazard,NYJ,SEA,14,0.0,0.0,0.0,0.0,0.0,0.0,0.0,0.0,0.0,0.0,0.0,0.0,0.0,0.0,0.0,-,0.0
2024,13,LC,DST,49ers,SF,@BUF,1,,,,,,,,,,,,,,,,-1.00,-1.0
2024,13,MB,RB,Bijan Robinson,ATL,LAC,6,0.0,0.0,0.0,0.0,0.0,26.0,102.0,1.0,5.0,6.0,6.0,33.0,0.0,1.0,0.0,25.50,25.5
2024,13,MB,RB,Ray Davis,BUF,SF,25,0.0,0.0,0.0,0.0,0.0,11.0,63.0,1.0,5.0,1.0,1.0,4.0,0.0,0.0,0.0,17.70,17.7
2024,13,MB,QB,Matthew Stafford,LAR,@NO,10,14.0,24.0,183.0,2.0,0.0,4.0,3.0,0.0,2.0,0.0,0.0,0.0,0.0,0.0,0.0,17.62,17.62
2024,13,MB,QB,Kyler Murray,ARI,@MIN,8,31.0,45.0,260.0,1.0,2.0,7.0,48.0,0.0,2.0,0.0,0.0,0.0,0.0,0.0,0.0,17.20,17.2
2024,13,MB,TE,Mark Andrews,BAL,PHI,10,0.0,0.0,0.0,0.0,0.0,1.0,2.0,0.0,1.0,7.0,6.0,67.0,1.0,3.0,0.0,16.90,16.9
2024,13,MB,RB,Tyrone Tracy,NYG,@DAL,30,0.0,0.0,0.0,0.0,0.0,9.0,32.0,1.0,2.0,3.0,2.0,33.0,0.0,2.0,0.0,16.50,16.5
2024,13,MB,QB,Will Levis,TEN,@WAS,18,18.0,37.0,212.0,2.0,0.0,2.0,-3.0,0.0,0.0,0.0,0.0,0.0,0.0,0.0,0.0,16.48,16.48
2024,13,MB,WR,Marvin Harrison,ARI,@MIN,31,0.0,0.0,0.0,0.0,0.0,0.0,0.0,0.0,0.0,12.0,5.0,60.0,1.0,3.0,0.0,15.00,15.0
2024,13,MB,TE,Travis Kelce,KC,LV,31,0.0,0.0,0.0,0.0,0.0,0.0,0.0,0.0,0.0,13.0,7.0,68.0,0.0,4.0,0.0,10.80,10.8
2024,13,MB,WR,Amon-Ra St Brown,DET,CHI,5,0.0,0.0,0.0,0.0,0.0,0.0,0.0,0.0,0.0,7.0,5.0,73.0,0.0,2.0,0.0,9.30,9.3
2024,13,MB,RB,Isaac Guerendo,SF,@BUF,27,0.0,0.0,0.0,0.0,0.0,4.0,19.0,1.0,1.0,1.0,1.0,-3.0,0.0,0.0,0.0,8.90,8.9
2024,13,MB,RB,Aaron Jones,MIN,ARI,20,0.0,0.0,0.0,0.0,0.0,5.0,22.0,0.0,1.0,4.0,3.0,6.0,1.0,1.0,1.0,8.80,8.8
2024,13,MB,WR,Tutu Atwell,LAR,@NO,25,0.0,0.0,0.0,0.0,0.0,1.0,0.0,0.0,0.0,2.0,2.0,39.0,0.0,2.0,0.0,5.90,5.9
2024,13,MB,WR,Josh Palmer,LAC,@ATL,26,0.0,0.0,0.0,0.0,0.0,0.0,0.0,0.0,0.0,1.0,1.0,11.0,0.0,1.0,0.0,4.10,4.1
2024,13,MB,RB,Cam Akers,MIN,ARI,20,0.0,0.0,0.0,0.0,0.0,4.0,22.0,0.0,1.0,0.0,0.0,0.0,0.0,0.0,0.0,3.20,3.2
2024,13,MB,RB,Khalil Herbert,CIN,PIT,11,0.0,0.0,0.0,0.0,0.0,1.0,14.0,0.0,1.0,0.0,0.0,0.0,0.0,0.0,0.0,2.40,2.4
2024,13,MB,WR,Cooper Kupp,LAR,@NO,25,0.0,0.0,0.0,0.0,0.0,0.0,0.0,0.0,0.0,6.0,3.0,17.0,0.0,0.0,0.0,1.70,1.7
2024,13,MB,RB,Zamir White,LV,@KC,1,0.0,0.0,0.0,0.0,0.0,0.0,0.0,0.0,0.0,0.0,0.0,0.0,0.0,0.0,0.0,-,0.0
2024,13,MB,DST,Texans,HOU,@JAC,17,,,,,,,,,,,,,,,,3.00,3.0
2024,13,NBB,QB,Josh Allen,BUF,SF,11,13.0,17.0,148.0,2.0,0.0,3.0,18.0,1.0,3.0,0.0,0.0,7.0,1.0,1.0,0.0,32.42,32.42
2024,13,NBB,WR,Mike Evans,TB,@CAR,13,0.0,0.0,0.0,0.0,0.0,0.0,0.0,0.0,0.0,12.0,8.0,118.0,1.0,8.0,0.0,25.80,25.8
2024,13,NBB,WR,Terry McLaurin,WAS,TEN,7,0.0,0.0,0.0,0.0,0.0,0.0,0.0,0.0,0.0,8.0,8.0,73.0,2.0,6.0,0.0,25.30,25.3
2024,13,NBB,TE,David Njoku,CLE,@DEN,7,0.0,0.0,0.0,0.0,0.0,0.0,0.0,0.0,0.0,17.0,9.0,52.0,2.0,3.0,0.0,20.20,20.2
2024,13,NBB,WR,Jayden Reed,GB,MIA,3,0.0,0.0,0.0,0.0,0.0,1.0,23.0,0.0,1.0,6.0,3.0,24.0,2.0,2.0,0.0,19.70,19.7
2024,13,NBB,WR,Brian Thomas,JAC,HOU,29,0.0,0.0,0.0,0.0,0.0,1.0,11.0,0.0,1.0,10.0,4.0,76.0,1.0,3.0,0.0,18.70,18.7
2024,13,NBB,RB,Nick Chubb,CLE,@DEN,10,0.0,0.0,0.0,0.0,0.0,9.0,21.0,0.0,1.0,2.0,2.0,24.0,1.0,2.0,0.0,13.50,13.5
2024,13,NBB,TE,Dallas Goedert,PHI,@BAL,22,0.0,0.0,0.0,0.0,0.0,0.0,0.0,0.0,0.0,4.0,3.0,35.0,1.0,3.0,0.0,12.50,12.5
2024,13,NBB,RB,D'Andre Swift,CHI,@DET,3,0.0,0.0,0.0,0.0,0.0,11.0,39.0,0.0,2.0,3.0,2.0,35.0,0.0,1.0,0.0,10.40,10.4
2024,13,NBB,WR,Jameson Williams,DET,CHI,5,0.0,0.0,0.0,0.0,0.0,2.0,18.0,0.0,1.0,7.0,5.0,28.0,0.0,2.0,0.0,7.60,7.6
2024,13,NBB,RB,Blake Corum,LAR,@NO,29,0.0,0.0,0.0,0.0,0.0,8.0,42.0,0.0,2.0,0.0,0.0,0.0,0.0,0.0,0.0,6.20,6.2
2024,13,NBB,RB,Gus Edwards,LAC,@ATL,9,0.0,0.0,0.0,0.0,0.0,6.0,32.0,0.0,2.0,1.0,1.0,1.0,0.0,0.0,0.0,5.30,5.3
2024,13,NBB,WR,Khalil Shakir,BUF,SF,8,0.0,0.0,0.0,0.0,0.0,0.0,0.0,0.0,0.0,7.0,4.0,30.0,0.0,1.0,0.0,4.00,4.0
2024,13,NBB,RB,Will Shipley,PHI,@BAL,7,0.0,0.0,0.0,0.0,0.0,1.0,4.0,0.0,0.0,0.0,0.0,0.0,0.0,0.0,0.0,0.40,0.4
2024,13,NBB,QB,Trevor Lawrence,JAC,HOU,17,4.0,10.0,41.0,0.0,1.0,1.0,6.0,0.0,0.0,0.0,0.0,0.0,0.0,0.0,0.0,0.24,0.24
2024,13,NBB,TE,Kyle Pitts,ATL,LAC,3,0.0,0.0,0.0,0.0,0.0,0.0,0.0,0.0,0.0,2.0,0.0,0.0,0.0,0.0,0.0,0.00,0.0
2024,13,NBB,WR,Chris Godwin,TB,@CAR,13,0.0,0.0,0.0,0.0,0.0,0.0,0.0,0.0,0.0,0.0,0.0,0.0,0.0,0.0,0.0,-,0.0
2024,13,NBB,DST,Giants,NYG,@DAL,27,,,,,,,,,,,,,,,,1.00,1.0
2024,13,PCP,RB,Kyren Williams,LAR,@NO,29,0.0,0.0,0.0,0.0,0.0,15.0,104.0,1.0,8.0,1.0,1.0,9.0,0.0,0.0,0.0,25.30,25.3
2024,13,PCP,RB,Rico Dowdle,DAL,NYG,26,0.0,0.0,0.0,0.0,0.0,22.0,112.0,1.0,6.0,3.0,3.0,11.0,0.0,0.0,0.0,24.30,24.3
2024,13,PCP,QB,Joe Burrow,CIN,PIT,1,28.0,38.0,309.0,3.0,1.0,2.0,9.0,0.0,0.0,0.0,0.0,0.0,0.0,0.0,2.0,19.26,19.26
2024,13,PCP,TE,Pat Freiermuth,PIT,@CIN,30,0.0,0.0,0.0,0.0,0.0,0.0,0.0,0.0,0.0,7.0,6.0,68.0,1.0,2.0,0.0,14.80,14.8
2024,13,PCP,QB,Geno Smith,SEA,@NYJ,16,20.0,31.0,206.0,1.0,0.0,2.0,2.0,0.0,0.0,0.0,0.0,0.0,0.0,0.0,0.0,12.44,12.44
2024,13,PCP,WR,AJ Brown,PHI,@BAL,32,0.0,0.0,0.0,0.0,0.0,0.0,0.0,0.0,0.0,6.0,5.0,66.0,0.0,4.0,0.0,10.60,10.6
2024,13,PCP,WR,Garrett Wilson,NYJ,SEA,14,0.0,0.0,0.0,0.0,0.0,0.0,0.0,0.0,0.0,10.0,5.0,41.0,0.0,3.0,0.0,7.10,7.1
2024,13,PCP,WR,CeeDee Lamb,DAL,NYG,10,0.0,0.0,0.0,0.0,0.0,0.0,0.0,0.0,0.0,6.0,2.0,39.0,0.0,2.0,0.0,5.90,5.9
2024,13,PCP,TE,TJ Hockenson,MIN,ARI,11,0.0,0.0,0.0,0.0,0.0,0.0,0.0,0.0,0.0,6.0,3.0,28.0,0.0,3.0,0.0,5.80,5.8
2024,13,PCP,RB,Braelon Allen,NYJ,SEA,19,0.0,0.0,0.0,0.0,0.0,5.0,11.0,0.0,0.0,2.0,2.0,16.0,0.0,1.0,0.0,3.70,3.7
2024,13,PCP,RB,Trey Benson,ARI,@MIN,2,0.0,0.0,0.0,0.0,0.0,3.0,20.0,0.0,1.0,0.0,0.0,0.0,0.0,0.0,0.0,3.00,3.0
2024,13,PCP,RB,Ezekiel Elliott,DAL,NYG,26,0.0,0.0,0.0,0.0,0.0,1.0,4.0,0.0,1.0,0.0,0.0,0.0,0.0,0.0,0.0,1.40,1.4
2024,13,PCP,RB,Tyjae Spears,TEN,@WAS,17,0.0,0.0,0.0,0.0,0.0,1.0,3.0,0.0,0.0,0.0,0.0,0.0,0.0,0.0,0.0,0.30,0.3
2024,13,PCP,RB,Dameon Pierce,HOU,@JAC,31,0.0,0.0,0.0,0.0,0.0,0.0,0.0,0.0,0.0,1.0,1.0,1.0,0.0,0.0,0.0,0.10,0.1
2024,13,PCP,WR,Keon Coleman,BUF,SF,8,0.0,0.0,0.0,0.0,0.0,0.0,0.0,0.0,0.0,0.0,0.0,0.0,0.0,0.0,0.0,-,0.0
2024,13,PCP,WR,Rashee Rice,KC,LV,12,0.0,0.0,0.0,0.0,0.0,0.0,0.0,0.0,0.0,0.0,0.0,0.0,0.0,0.0,0.0,-,0.0
2024,13,PCP,QB,Daniel Jones,MIN,ARI,14,0.0,0.0,0.0,0.0,0.0,0.0,0.0,0.0,0.0,0.0,0.0,0.0,0.0,0.0,0.0,-,0.0
2024,13,PCP,TE,Luke Musgrave,GB,MIA,21,0.0,0.0,0.0,0.0,0.0,0.0,0.0,0.0,0.0,0.0,0.0,0.0,0.0,0.0,0.0,-,0.0
2024,13,PCP,DST,Ravens,BAL,PHI,14,,,,,,,,,,,,,,,,2.00,2.0
2024,13,PP,RB,Josh Jacobs,GB,MIA,21,0.0,0.0,0.0,0.0,0.0,19.0,43.0,1.0,3.0,4.0,4.0,74.0,0.0,2.0,0.0,22.70,22.7
2024,13,PP,WR,Courtland Sutton,DEN,CLE,28,0.0,0.0,0.0,0.0,0.0,0.0,0.0,0.0,0.0,9.0,6.0,102.0,0.0,6.0,0.0,16.20,16.2
2024,13,PP,QB,CJ Stroud,HOU,@JAC,31,22.0,34.0,242.0,1.0,0.0,5.0,7.0,0.0,0.0,0.0,0.0,0.0,0.0,0.0,0.0,14.38,14.38
2024,13,PP,TE,Isaiah Likely,BAL,PHI,10,0.0,0.0,0.0,0.0,0.0,0.0,0.0,0.0,0.0,8.0,5.0,38.0,1.0,2.0,0.0,11.80,11.8
2024,13,PP,TE,Tucker Kraft,GB,MIA,21,0.0,0.0,0.0,0.0,0.0,0.0,0.0,0.0,0.0,7.0,6.0,78.0,0.0,4.0,0.0,11.80,11.8
2024,13,PP,QB,Justin Herbert,LAC,@ATL,26,16.0,23.0,147.0,0.0,0.0,5.0,1.0,0.0,2.0,0.0,0.0,0.0,0.0,0.0,0.0,9.98,9.98
2024,13,PP,WR,Jauan Jennings,SF,@BUF,4,0.0,0.0,0.0,0.0,0.0,0.0,0.0,0.0,0.0,5.0,3.0,56.0,0.0,3.0,0.0,8.60,8.6
2024,13,PP,TE,Taysom Hill,NO,LAR,25,0.0,0.0,0.0,0.0,0.0,5.0,10.0,0.0,1.0,7.0,5.0,37.0,0.0,2.0,0.0,7.70,7.7
2024,13,PP,WR,Calvin Ridley,TEN,@WAS,20,0.0,0.0,0.0,0.0,0.0,0.0,0.0,0.0,0.0,7.0,2.0,45.0,0.0,2.0,0.0,6.50,6.5
2024,13,PP,RB,Jeremy McNichols,WAS,TEN,14,0.0,0.0,0.0,0.0,0.0,6.0,32.0,0.0,2.0,0.0,0.0,0.0,0.0,0.0,0.0,5.20,5.2
2024,13,PP,RB,Devin Singletary,NYG,@DAL,30,0.0,0.0,0.0,0.0,0.0,7.0,23.0,0.0,2.0,1.0,0.0,0.0,0.0,0.0,0.0,4.30,4.3
2024,13,PP,QB,Brock Purdy,SF,@BUF,5,11.0,18.0,94.0,0.0,0.0,2.0,4.0,0.0,0.0,0.0,0.0,0.0,0.0,0.0,1.0,2.16,2.16
2024,13,PP,WR,Malachi Corley,NYJ,SEA,14,0.0,0.0,0.0,0.0,0.0,1.0,8.0,0.0,1.0,2.0,0.0,0.0,0.0,0.0,0.0,1.80,1.8
2024,13,PP,RB,Audric Estime,DEN,CLE,8,0.0,0.0,0.0,0.0,0.0,3.0,12.0,0.0,0.0,0.0,0.0,0.0,0.0,0.0,0.0,1.20,1.2
2024,13,PP,WR,Amari Cooper,BUF,SF,8,0.0,0.0,0.0,0.0,0.0,0.0,0.0,0.0,0.0,3.0,3.0,12.0,0.0,0.0,0.0,1.20,1.2
2024,13,PP,WR,Wan'Dale Robinson,NYG,@DAL,17,0.0,0.0,0.0,0.0,0.0,0.0,0.0,0.0,0.0,2.0,2.0,6.0,0.0,0.0,0.0,0.60,0.6
2024,13,PP,WR,Romeo Doubs,GB,MIA,3,0.0,0.0,0.0,0.0,0.0,0.0,0.0,0.0,0.0,0.0,0.0,0.0,0.0,0.0,0.0,-,0.0
2024,13,PP,QB,JJ McCarthy,MIN,ARI,14,0.0,0.0,0.0,0.0,0.0,0.0,0.0,0.0,0.0,0.0,0.0,0.0,0.0,0.0,0.0,-,0.0
2024,13,PP,RB,MarShawn Lloyd,GB,MIA,21,0.0,0.0,0.0,0.0,0.0,0.0,0.0,0.0,0.0,0.0,0.0,0.0,0.0,0.0,0.0,-,0.0
2024,13,PP,TE,Mark Andrews Dead Cap,BAL,0,0,0.0,0.0,0.0,0.0,0.0,0.0,0.0,0.0,0.0,0.0,0.0,0.0,0.0,0.0,0.0,-,0.0
2024,13,PP,WR,Stefon Diggs,HOU,@JAC,30,0.0,0.0,0.0,0.0,0.0,0.0,0.0,0.0,0.0,0.0,0.0,0.0,0.0,0.0,0.0,-,0.0
2024,13,PP,DST,Commanders,WAS,TEN,32,,,,,,,,,,,,,,,,8.00,8.0
2024,13,RR,RB,Joe Mixon,HOU,@JAC,31,0.0,0.0,0.0,0.0,0.0,20.0,101.0,1.0,9.0,6.0,4.0,18.0,0.0,0.0,0.0,26.90,26.9
2024,13,RR,QB,Tua Tagovailoa,MIA,@GB,6,37.0,46.0,365.0,2.0,0.0,2.0,6.0,0.0,0.0,0.0,0.0,0.0,0.0,0.0,0.0,25.20,25.2
2024,13,RR,TE,Jonnu Smith,MIA,@GB,23,0.0,0.0,0.0,0.0,0.0,0.0,0.0,0.0,0.0,11.0,10.0,113.0,0.0,7.0,0.0,18.30,18.3
2024,13,RR,WR,Davante Adams,NYJ,SEA,14,0.0,0.0,0.0,0.0,0.0,0.0,0.0,0.0,0.0,12.0,5.0,66.0,1.0,5.0,0.0,17.60,17.6
2024,13,RR,RB,Alvin Kamara,NO,LAR,24,0.0,0.0,0.0,0.0,0.0,23.0,112.0,0.0,5.0,6.0,4.0,7.0,0.0,0.0,0.0,16.90,16.9
2024,13,RR,WR,George Pickens,PIT,@CIN,22,0.0,0.0,0.0,0.0,0.0,0.0,0.0,0.0,0.0,6.0,3.0,74.0,1.0,3.0,0.0,16.40,16.4
2024,13,RR,WR,Justin Jefferson,MIN,ARI,19,0.0,0.0,0.0,0.0,0.0,0.0,0.0,0.0,0.0,9.0,7.0,99.0,0.0,4.0,0.0,13.90,13.9
2024,13,RR,RB,Christian McCaffrey,SF,@BUF,27,0.0,0.0,0.0,0.0,0.0,7.0,53.0,0.0,4.0,3.0,2.0,14.0,0.0,1.0,0.0,11.70,11.7
2024,13,RR,QB,Baker Mayfield,TB,@CAR,27,21.0,33.0,235.0,1.0,2.0,3.0,8.0,0.0,1.0,0.0,0.0,0.0,0.0,0.0,0.0,11.20,11.2
2024,13,RR,RB,Rachaad White,TB,@CAR,32,0.0,0.0,0.0,0.0,0.0,11.0,76.0,0.0,3.0,1.0,1.0,2.0,0.0,0.0,0.0,10.80,10.8
2024,13,RR,WR,Jordan Addison,MIN,ARI,19,0.0,0.0,0.0,0.0,0.0,0.0,0.0,0.0,0.0,6.0,4.0,54.0,0.0,2.0,0.0,7.40,7.4
2024,13,RR,WR,Jalen McMillan,TB,@CAR,13,0.0,0.0,0.0,0.0,0.0,0.0,0.0,0.0,0.0,3.0,2.0,25.0,0.0,1.0,0.0,3.50,3.5
2024,13,RR,QB,Kirk Cousins,ATL,LAC,12,24.0,39.0,245.0,0.0,4.0,1.0,3.0,0.0,1.0,0.0,0.0,0.0,0.0,0.0,0.0,3.10,3.1
2024,13,RR,TE,Cade Otton,TB,@CAR,32,0.0,0.0,0.0,0.0,0.0,0.0,0.0,0.0,0.0,7.0,4.0,20.0,0.0,1.0,0.0,3.00,3.0
2024,13,RR,RB,Kareem Hunt,KC,LV,15,0.0,0.0,0.0,0.0,0.0,7.0,15.0,0.0,0.0,4.0,2.0,0.0,0.0,0.0,0.0,1.50,1.5
2024,13,RR,WR,Cedric Tillman,CLE,@DEN,2,0.0,0.0,0.0,0.0,0.0,0.0,0.0,0.0,0.0,0.0,0.0,0.0,0.0,0.0,0.0,-,0.0
2024,13,RR,QB,Michael Penix,ATL,LAC,12,0.0,0.0,0.0,0.0,0.0,0.0,0.0,0.0,0.0,0.0,0.0,0.0,0.0,0.0,0.0,-,0.0
2024,13,RR,WR,Diontae Johnson,BAL,PHI,6,0.0,0.0,0.0,0.0,0.0,0.0,0.0,0.0,0.0,0.0,0.0,0.0,0.0,0.0,0.0,-,0.0
2024,13,RR,DST,Steelers,PIT,@CIN,18,,,,,,,,,,,,,,,,15.00,15.0
2024,13,SBS,QB,Lamar Jackson,BAL,PHI,9,23.0,36.0,237.0,2.0,0.0,8.0,79.0,0.0,5.0,0.0,0.0,0.0,0.0,0.0,0.0,30.38,30.38
2024,13,SBS,QB,Jayden Daniels,WAS,TEN,25,25.0,30.0,206.0,3.0,1.0,9.0,34.0,1.0,2.0,0.0,0.0,0.0,0.0,0.0,0.0,29.64,29.64
2024,13,SBS,QB,Russell Wilson,PIT,@CIN,30,29.0,38.0,414.0,3.0,1.0,3.0,3.0,0.0,0.0,0.0,0.0,0.0,0.0,0.0,0.0,26.86,26.86
2024,13,SBS,RB,Jonathan Taylor,IND,@NE,22,0.0,0.0,0.0,0.0,0.0,25.0,96.0,0.0,8.0,1.0,1.0,7.0,1.0,1.0,0.0,25.30,25.3
2024,13,SBS,RB,David Montgomery,DET,CHI,23,0.0,0.0,0.0,0.0,0.0,21.0,88.0,0.0,4.0,3.0,3.0,36.0,0.0,3.0,0.0,19.40,19.4
2024,13,SBS,QB,Drew Lock,NYG,@DAL,29,21.0,32.0,178.0,0.0,1.0,4.0,57.0,1.0,3.0,0.0,0.0,0.0,0.0,0.0,1.0,17.82,17.82
2024,13,SBS,WR,Andrei Iosivas,CIN,PIT,11,0.0,0.0,0.0,0.0,0.0,0.0,0.0,0.0,0.0,4.0,3.0,35.0,1.0,3.0,0.0,12.50,12.5
2024,13,SBS,TE,Zach Ertz,WAS,TEN,9,0.0,0.0,0.0,0.0,0.0,0.0,0.0,0.0,0.0,6.0,3.0,35.0,1.0,2.0,0.0,11.50,11.5
2024,13,SBS,WR,Alec Pierce,IND,@NE,21,0.0,0.0,0.0,0.0,0.0,0.0,0.0,0.0,0.0,6.0,2.0,16.0,1.0,2.0,0.0,9.60,9.6
2024,13,SBS,WR,Christian Watson,GB,MIA,3,0.0,0.0,0.0,0.0,0.0,0.0,0.0,0.0,0.0,4.0,2.0,67.0,0.0,2.0,0.0,8.70,8.7
2024,13,SBS,RB,Jerome Ford,CLE,@DEN,10,0.0,0.0,0.0,0.0,0.0,9.0,41.0,0.0,1.0,1.0,1.0,21.0,0.0,1.0,0.0,8.20,8.2
2024,13,SBS,RB,Chuba Hubbard,CAR,TB,13,0.0,0.0,0.0,0.0,0.0,12.0,43.0,0.0,2.0,0.0,0.0,0.0,0.0,0.0,1.0,4.30,4.3
2024,13,SBS,WR,Troy Franklin,DEN,CLE,28,0.0,0.0,0.0,0.0,0.0,0.0,0.0,0.0,0.0,5.0,2.0,28.0,0.0,1.0,0.0,3.80,3.8
2024,13,SBS,WR,Deebo Samuel,SF,@BUF,4,0.0,0.0,0.0,0.0,0.0,0.0,0.0,0.0,0.0,5.0,4.0,20.0,0.0,0.0,1.0,0.00,0.0
2024,13,SBS,RB,Jaylen Wright,MIA,@GB,16,0.0,0.0,0.0,0.0,0.0,0.0,0.0,0.0,0.0,0.0,0.0,0.0,0.0,0.0,0.0,0.00,0.0
2024,13,SBS,TE,Will Dissly,LAC,@ATL,17,0.0,0.0,0.0,0.0,0.0,0.0,0.0,0.0,0.0,1.0,0.0,0.0,0.0,0.0,0.0,0.00,0.0
2024,13,SBS,WR,Christian Kirk,JAC,HOU,29,0.0,0.0,0.0,0.0,0.0,0.0,0.0,0.0,0.0,0.0,0.0,0.0,0.0,0.0,0.0,-,0.0
2024,13,SBS,WR,Rashod Bateman,BAL,PHI,6,0.0,0.0,0.0,0.0,0.0,0.0,0.0,0.0,0.0,0.0,0.0,0.0,0.0,0.0,0.0,0.00,0.0
2024,13,SBS,DST,Lions,DET,CHI,23,,,,,,,,,,,,,,,,8.00,8.0
2024,14,ABT,WR,Puka Nacua,LAR,BUF,14,0.0,0.0,0.0,0.0,0.0,5.0,16.0,1.0,2.0,14.0,12.0,162.0,1.0,8.0,0.0,39.80,39.8
2024,14,ABT,RB,Chase Brown,CIN,@DAL,30,0.0,0.0,0.0,0.0,0.0,14.0,58.0,0.0,3.0,8.0,6.0,65.0,1.0,4.0,0.0,25.30,25.3
2024,14,ABT,RB,Saquon Barkley,PHI,CAR,32,0.0,0.0,0.0,0.0,0.0,20.0,124.0,0.0,6.0,1.0,0.0,0.0,0.0,0.0,0.0,20.40,20.4
2024,14,ABT,QB,Caleb Williams,CHI,@SF,11,17.0,23.0,134.0,2.0,0.0,4.0,27.0,0.0,1.0,0.0,0.0,0.0,0.0,0.0,1.0,15.06,15.06
2024,14,ABT,QB,Bryce Young,CAR,@PHI,8,19.0,34.0,191.0,1.0,1.0,7.0,29.0,0.0,2.0,0.0,0.0,0.0,0.0,0.0,0.0,14.54,14.54
2024,14,ABT,RB,Najee Harris,PIT,CLE,9,0.0,0.0,0.0,0.0,0.0,16.0,53.0,1.0,3.0,0.0,0.0,0.0,0.0,0.0,0.0,14.30,14.3
2024,14,ABT,WR,DJ Moore,CHI,@SF,8,0.0,0.0,0.0,0.0,0.0,0.0,0.0,0.0,0.0,8.0,6.0,49.0,0.0,3.0,0.0,7.90,7.9
2024,14,ABT,WR,Keenan Allen,CHI,@SF,8,0.0,0.0,0.0,0.0,0.0,0.0,0.0,0.0,0.0,5.0,3.0,30.0,0.0,3.0,0.0,6.00,6.0
2024,14,ABT,TE,Jake Ferguson,DAL,CIN,30,0.0,0.0,0.0,0.0,0.0,0.0,0.0,0.0,0.0,6.0,3.0,32.0,0.0,1.0,0.0,4.20,4.2
2024,14,ABT,WR,Josh Downs,IND,BYE,---,0.0,0.0,0.0,0.0,0.0,0.0,0.0,0.0,0.0,0.0,0.0,0.0,0.0,0.0,0.0,-,0.0
2024,14,ABT,RB,Keaton Mitchell,BAL,BYE,---,0.0,0.0,0.0,0.0,0.0,0.0,0.0,0.0,0.0,0.0,0.0,0.0,0.0,0.0,0.0,-,0.0
2024,14,ABT,RB,Jonathon Brooks,CAR,@PHI,6,0.0,0.0,0.0,0.0,0.0,1.0,-3.0,0.0,0.0,0.0,0.0,0.0,0.0,0.0,0.0,0.00,0.0
2024,14,ABT,WR,Chris Olave,NO,@NYG,2,0.0,0.0,0.0,0.0,0.0,0.0,0.0,0.0,0.0,0.0,0.0,0.0,0.0,0.0,0.0,-,0.0
2024,14,ABT,RB,Alexander Mattison,LV,@TB,12,0.0,0.0,0.0,0.0,0.0,0.0,0.0,0.0,0.0,0.0,0.0,0.0,0.0,0.0,0.0,-,0.0
2024,14,ABT,WR,Jermaine Burton,CIN,@DAL,22,0.0,0.0,0.0,0.0,0.0,0.0,0.0,0.0,0.0,0.0,0.0,0.0,0.0,0.0,0.0,0.00,0.0
2024,14,ABT,TE,Hunter Henry,NE,BYE,---,0.0,0.0,0.0,0.0,0.0,0.0,0.0,0.0,0.0,0.0,0.0,0.0,0.0,0.0,0.0,-,0.0
2024,14,ABT,RB,Roschon Johnson,CHI,@SF,23,0.0,0.0,0.0,0.0,0.0,0.0,0.0,0.0,0.0,0.0,0.0,0.0,0.0,0.0,0.0,-,0.0
2024,14,ABT,QB,Dak Prescott,DAL,CIN,31,0.0,0.0,0.0,0.0,0.0,0.0,0.0,0.0,0.0,0.0,0.0,0.0,0.0,0.0,0.0,-,0.0
2024,14,ABT,WR,Roman Wilson,PIT,CLE,26,0.0,0.0,0.0,0.0,0.0,0.0,0.0,0.0,0.0,0.0,0.0,0.0,0.0,0.0,0.0,-,0.0
2024,14,ABT,DST,Eagles,PHI,CAR,22,,,,,,,,,,,,,,,,6.00,6.0
2024,14,CLC,WR,Darnell Mooney,ATL,@MIN,32,0.0,0.0,0.0,0.0,0.0,0.0,0.0,0.0,0.0,7.0,6.0,142.0,0.0,6.0,0.0,20.20,20.2
2024,14,CLC,WR,Rome Odunze,CHI,@SF,8,0.0,0.0,0.0,0.0,0.0,0.0,0.0,0.0,0.0,5.0,4.0,42.0,2.0,3.0,0.0,19.20,19.2
2024,14,CLC,WR,Jaylen Waddle,MIA,NYJ,4,0.0,0.0,0.0,0.0,0.0,0.0,0.0,0.0,0.0,12.0,9.0,99.0,0.0,6.0,0.0,17.90,17.9
2024,14,CLC,QB,Jordan Love,GB,@DET,7,12.0,20.0,206.0,1.0,0.0,4.0,23.0,0.0,1.0,0.0,0.0,0.0,0.0,0.0,0.0,15.54,15.54
2024,14,CLC,WR,DeVonta Smith,PHI,CAR,9,0.0,0.0,0.0,0.0,0.0,0.0,0.0,0.0,0.0,6.0,4.0,37.0,1.0,2.0,0.0,11.70,11.7
2024,14,CLC,WR,Ricky Pearsall,SF,CHI,5,0.0,0.0,0.0,0.0,0.0,0.0,0.0,0.0,0.0,2.0,1.0,5.0,0.0,0.0,0.0,0.50,0.5
2024,14,CLC,RB,Ameer Abdullah,LV,@TB,12,0.0,0.0,0.0,0.0,0.0,1.0,1.0,0.0,0.0,2.0,1.0,-3.0,0.0,0.0,0.0,0.10,0.1
2024,14,CLC,QB,Justin Fields,PIT,CLE,15,0.0,0.0,0.0,0.0,0.0,0.0,0.0,0.0,0.0,0.0,0.0,0.0,0.0,0.0,0.0,-,0.0
2024,14,CLC,WR,Ja'Lynn Polk,NE,BYE,---,0.0,0.0,0.0,0.0,0.0,0.0,0.0,0.0,0.0,0.0,0.0,0.0,0.0,0.0,0.0,-,0.0
2024,14,CLC,RB,Justice Hill,BAL,BYE,---,0.0,0.0,0.0,0.0,0.0,0.0,0.0,0.0,0.0,0.0,0.0,0.0,0.0,0.0,0.0,-,0.0
2024,14,CLC,TE,Dalton Kincaid,BUF,@LAR,21,0.0,0.0,0.0,0.0,0.0,0.0,0.0,0.0,0.0,0.0,0.0,0.0,0.0,0.0,0.0,-,0.0
2024,14,CLC,RB,Breece Hall,NYJ,@MIA,21,0.0,0.0,0.0,0.0,0.0,0.0,0.0,0.0,0.0,0.0,0.0,0.0,0.0,0.0,0.0,-,0.0
2024,14,CLC,TE,Cole Kmet,CHI,@SF,3,0.0,0.0,0.0,0.0,0.0,0.0,0.0,0.0,0.0,0.0,0.0,0.0,0.0,0.0,0.0,0.00,0.0
2024,14,CLC,WR,Nico Collins,HOU,BYE,---,0.0,0.0,0.0,0.0,0.0,0.0,0.0,0.0,0.0,0.0,0.0,0.0,0.0,0.0,0.0,-,0.0
2024,14,CLC,RB,Zack Moss,CIN,@DAL,30,0.0,0.0,0.0,0.0,0.0,0.0,0.0,0.0,0.0,0.0,0.0,0.0,0.0,0.0,0.0,-,0.0
2024,14,CLC,RB,Javonte Williams,DEN,BYE,---,0.0,0.0,0.0,0.0,0.0,0.0,0.0,0.0,0.0,0.0,0.0,0.0,0.0,0.0,0.0,-,0.0
2024,14,CLC,DST,Bears,CHI,@SF,13,,,,,,,,,,,,,,,,-1.00,-1.0
2024,14,CPC,WR,Ja'Marr Chase,CIN,@DAL,22,0.0,0.0,0.0,0.0,0.0,1.0,14.0,0.0,1.0,18.0,14.0,177.0,2.0,9.0,0.0,41.10,41.1
2024,14,CPC,QB,Sam Darnold,MIN,ATL,27,22.0,28.0,347.0,5.0,0.0,4.0,7.0,0.0,0.0,0.0,0.0,0.0,0.0,0.0,0.0,34.58,34.58
2024,14,CPC,WR,Tyreek Hill,MIA,NYJ,4,0.0,0.0,0.0,0.0,0.0,1.0,6.0,0.0,0.0,14.0,10.0,115.0,1.0,8.0,0.0,26.10,26.1
2024,14,CPC,TE,George Kittle,SF,CHI,24,0.0,0.0,0.0,0.0,0.0,0.0,0.0,0.0,0.0,6.0,6.0,151.0,0.0,6.0,0.0,21.10,21.1
2024,14,CPC,RB,Tony Pollard,TEN,JAC,31,0.0,0.0,0.0,0.0,0.0,21.0,102.0,0.0,7.0,2.0,2.0,22.0,0.0,1.0,0.0,20.40,20.4
2024,14,CPC,WR,Adam Thielen,CAR,@PHI,3,0.0,0.0,0.0,0.0,0.0,0.0,0.0,0.0,0.0,11.0,9.0,102.0,0.0,7.0,0.0,17.20,17.2
2024,14,CPC,QB,Derek Carr,NO,@NYG,17,20.0,31.0,219.0,1.0,1.0,2.0,12.0,0.0,0.0,0.0,0.0,0.0,0.0,0.0,0.0,11.96,11.96
2024,14,CPC,WR,Jakobi Meyers,LV,@TB,20,0.0,0.0,0.0,0.0,0.0,0.0,0.0,0.0,0.0,10.0,7.0,67.0,0.0,3.0,0.0,9.70,9.7
2024,14,CPC,WR,Dontayvion Wicks,GB,@DET,25,0.0,0.0,0.0,0.0,0.0,0.0,0.0,0.0,0.0,5.0,4.0,49.0,0.0,3.0,0.0,7.90,7.9
2024,14,CPC,WR,Tee Higgins,CIN,@DAL,22,0.0,0.0,0.0,0.0,0.0,0.0,0.0,0.0,0.0,5.0,2.0,23.0,0.0,1.0,0.0,3.30,3.3
2024,14,CPC,RB,James Cook,BUF,@LAR,20,0.0,0.0,0.0,0.0,0.0,6.0,20.0,0.0,0.0,2.0,2.0,9.0,0.0,0.0,0.0,2.90,2.9
2024,14,CPC,RB,Derrick Henry,BAL,BYE,---,0.0,0.0,0.0,0.0,0.0,0.0,0.0,0.0,0.0,0.0,0.0,0.0,0.0,0.0,0.0,-,0.0
2024,14,CPC,WR,Tyler Lockett,SEA,@ARI,18,0.0,0.0,0.0,0.0,0.0,0.0,0.0,0.0,0.0,1.0,0.0,0.0,0.0,0.0,0.0,0.00,0.0
2024,14,CPC,RB,Brian Robinson,WAS,BYE,---,0.0,0.0,0.0,0.0,0.0,0.0,0.0,0.0,0.0,0.0,0.0,0.0,0.0,0.0,0.0,-,0.0
2024,14,CPC,QB,Drake Maye,NE,BYE,---,0.0,0.0,0.0,0.0,0.0,0.0,0.0,0.0,0.0,0.0,0.0,0.0,0.0,0.0,0.0,-,0.0
2024,14,CPC,TE,Ja'Tavion Sanders,CAR,@PHI,10,0.0,0.0,0.0,0.0,0.0,0.0,0.0,0.0,0.0,1.0,0.0,0.0,0.0,0.0,0.0,0.00,0.0
2024,14,CPC,WR,Ladd McConkey,LAC,@KC,17,0.0,0.0,0.0,0.0,0.0,0.0,0.0,0.0,0.0,0.0,0.0,0.0,0.0,0.0,0.0,-,0.0
2024,14,CPC,RB,JK Dobbins,LAC,@KC,1,0.0,0.0,0.0,0.0,0.0,0.0,0.0,0.0,0.0,0.0,0.0,0.0,0.0,0.0,0.0,-,0.0
2024,14,CPC,DST,Jets,NYJ,@MIA,25,,,,,,,,,,,,,,,,-1.00,-1.0
2024,14,DDD,QB,Jared Goff,DET,GB,9,32.0,41.0,283.0,3.0,1.0,4.0,7.0,0.0,1.0,0.0,0.0,0.0,0.0,0.0,0.0,23.02,23.02
2024,14,DDD,QB,Jameis Winston,CLE,@PIT,1,24.0,41.0,212.0,2.0,2.0,4.0,28.0,0.0,4.0,0.0,0.0,0.0,0.0,0.0,0.0,19.28,19.28
2024,14,DDD,RB,Jahmyr Gibbs,DET,GB,18,0.0,0.0,0.0,0.0,0.0,15.0,43.0,0.0,2.0,6.0,6.0,30.0,1.0,2.0,0.0,17.30,17.3
2024,14,DDD,RB,De'Von Achane,MIA,NYJ,13,0.0,0.0,0.0,0.0,0.0,14.0,24.0,1.0,2.0,7.0,6.0,45.0,0.0,2.0,0.0,16.90,16.9
2024,14,DDD,RB,Tank Bigsby,JAC,@TEN,14,0.0,0.0,0.0,0.0,0.0,18.0,55.0,1.0,4.0,2.0,1.0,7.0,0.0,0.0,0.0,16.20,16.2
2024,14,DDD,QB,Cooper Rush,DAL,CIN,31,16.0,31.0,183.0,2.0,1.0,2.0,5.0,0.0,1.0,0.0,0.0,0.0,0.0,0.0,0.0,14.82,14.82
2024,14,DDD,WR,Quentin Johnston,LAC,@KC,17,0.0,0.0,0.0,0.0,0.0,0.0,0.0,0.0,0.0,7.0,5.0,48.0,1.0,3.0,0.0,13.80,13.8
2024,14,DDD,WR,Malik Nabers,NYG,NO,24,0.0,0.0,0.0,0.0,0.0,0.0,0.0,0.0,0.0,10.0,5.0,79.0,0.0,3.0,0.0,12.90,12.9
2024,14,DDD,TE,Sam LaPorta,DET,GB,23,0.0,0.0,0.0,0.0,0.0,0.0,0.0,0.0,0.0,7.0,5.0,54.0,0.0,4.0,0.0,9.40,9.4
2024,14,DDD,TE,Mike Gesicki,CIN,@DAL,14,0.0,0.0,0.0,0.0,0.0,0.0,0.0,0.0,0.0,3.0,3.0,24.0,0.0,1.0,0.0,3.40,3.4
2024,14,DDD,RB,Bucky Irving,TB,LV,17,0.0,0.0,0.0,0.0,0.0,4.0,3.0,0.0,0.0,1.0,1.0,15.0,0.0,1.0,0.0,2.80,2.8
2024,14,DDD,RB,Kenneth Walker,SEA,@ARI,24,0.0,0.0,0.0,0.0,0.0,0.0,0.0,0.0,0.0,0.0,0.0,0.0,0.0,0.0,0.0,-,0.0
2024,14,DDD,QB,Deshaun Watson,CLE,@PIT,1,0.0,0.0,0.0,0.0,0.0,0.0,0.0,0.0,0.0,0.0,0.0,0.0,0.0,0.0,0.0,-,0.0
2024,14,DDD,WR,Zay Flowers,BAL,BYE,---,0.0,0.0,0.0,0.0,0.0,0.0,0.0,0.0,0.0,0.0,0.0,0.0,0.0,0.0,0.0,-,0.0
2024,14,DDD,WR,Tank Dell,HOU,BYE,---,0.0,0.0,0.0,0.0,0.0,0.0,0.0,0.0,0.0,0.0,0.0,0.0,0.0,0.0,0.0,-,0.0
2024,14,DDD,WR,Adonai Mitchell,IND,BYE,---,0.0,0.0,0.0,0.0,0.0,0.0,0.0,0.0,0.0,0.0,0.0,0.0,0.0,0.0,0.0,-,0.0
2024,14,DDD,DST,Buccaneers,TB,LV,30,,,,,,,,,,,,,,,,10.00,10.0
2024,14,LBC,WR,Jaxon Smith-Njigba,SEA,@ARI,18,0.0,0.0,0.0,0.0,0.0,1.0,4.0,0.0,0.0,5.0,5.0,82.0,1.0,4.0,0.0,18.60,18.6
2024,14,LBC,QB,Drew Lock,NYG,NO,10,21.0,49.0,227.0,0.0,1.0,5.0,59.0,0.0,3.0,0.0,0.0,0.0,0.0,0.0,0.0,17.98,17.98
2024,14,LBC,QB,Aaron Rodgers,NYJ,@MIA,2,27.0,39.0,339.0,1.0,0.0,0.0,0.0,0.0,0.0,0.0,0.0,0.0,0.0,0.0,0.0,17.56,17.56
2024,14,LBC,WR,Jerry Jeudy,CLE,@PIT,7,0.0,0.0,0.0,0.0,0.0,0.0,0.0,0.0,0.0,6.0,5.0,64.0,1.0,2.0,0.0,14.40,14.4
2024,14,LBC,WR,Michael Wilson,ARI,SEA,13,0.0,0.0,0.0,0.0,0.0,0.0,0.0,0.0,0.0,3.0,2.0,57.0,1.0,2.0,0.0,13.70,13.7
2024,14,LBC,WR,Drake London,ATL,@MIN,32,0.0,0.0,0.0,0.0,0.0,0.0,0.0,0.0,0.0,10.0,5.0,70.0,0.0,4.0,0.0,11.00,11.0
2024,14,LBC,TE,Trey McBride,ARI,SEA,20,0.0,0.0,0.0,0.0,0.0,0.0,0.0,0.0,0.0,14.0,7.0,70.0,0.0,4.0,0.0,11.00,11.0
2024,14,LBC,RB,Isiah Pacheco,KC,LAC,5,0.0,0.0,0.0,0.0,0.0,14.0,55.0,0.0,4.0,4.0,2.0,6.0,0.0,0.0,0.0,10.10,10.1
2024,14,LBC,RB,Travis Etienne,JAC,@TEN,14,0.0,0.0,0.0,0.0,0.0,4.0,20.0,0.0,1.0,4.0,4.0,50.0,0.0,2.0,0.0,10.00,10.0
2024,14,LBC,TE,Brock Bowers,LV,@TB,27,0.0,0.0,0.0,0.0,0.0,1.0,3.0,0.0,0.0,5.0,3.0,49.0,0.0,3.0,0.0,8.20,8.2
2024,14,LBC,TE,Evan Engram,JAC,@TEN,9,0.0,0.0,0.0,0.0,0.0,0.0,0.0,0.0,0.0,6.0,4.0,33.0,0.0,1.0,0.0,4.30,4.3
2024,14,LBC,WR,Michael Pittman,IND,BYE,---,0.0,0.0,0.0,0.0,0.0,0.0,0.0,0.0,0.0,0.0,0.0,0.0,0.0,0.0,0.0,-,0.0
2024,14,LBC,WR,Brandon Aiyuk,SF,CHI,5,0.0,0.0,0.0,0.0,0.0,0.0,0.0,0.0,0.0,0.0,0.0,0.0,0.0,0.0,0.0,-,0.0
2024,14,LBC,RB,Raheem Mostert,MIA,NYJ,13,0.0,0.0,0.0,0.0,0.0,0.0,0.0,0.0,0.0,0.0,0.0,0.0,0.0,0.0,0.0,-,0.0
2024,14,LBC,QB,Bo Nix,DEN,BYE,---,0.0,0.0,0.0,0.0,0.0,0.0,0.0,0.0,0.0,0.0,0.0,0.0,0.0,0.0,0.0,-,0.0
2024,14,LBC,WR,Devontez Walker,BAL,BYE,---,0.0,0.0,0.0,0.0,0.0,0.0,0.0,0.0,0.0,0.0,0.0,0.0,0.0,0.0,0.0,-,0.0
2024,14,LBC,RB,Rhamondre Stevenson,NE,BYE,---,0.0,0.0,0.0,0.0,0.0,0.0,0.0,0.0,0.0,0.0,0.0,0.0,0.0,0.0,0.0,-,0.0
2024,14,LBC,QB,Anthony Richardson,IND,BYE,---,0.0,0.0,0.0,0.0,0.0,0.0,0.0,0.0,0.0,0.0,0.0,0.0,0.0,0.0,0.0,-,0.0
2024,14,LBC,DST,Bills,BUF,@LAR,6,,,,,,,,,,,,,,,,-4.00,-4.0
2024,14,LC,RB,Zach Charbonnet,SEA,@ARI,24,0.0,0.0,0.0,0.0,0.0,22.0,134.0,2.0,5.0,7.0,7.0,59.0,0.0,1.0,0.0,37.30,37.3
2024,14,LC,QB,Jalen Hurts,PHI,CAR,26,14.0,21.0,108.0,2.0,0.0,8.0,59.0,1.0,4.0,0.0,0.0,0.0,0.0,0.0,0.0,28.22,28.22
2024,14,LC,RB,James Conner,ARI,SEA,19,0.0,0.0,0.0,0.0,0.0,18.0,90.0,0.0,5.0,4.0,4.0,32.0,1.0,3.0,0.0,26.20,26.2
2024,14,LC,RB,Tyler Allgeier,ATL,@MIN,3,0.0,0.0,0.0,0.0,0.0,9.0,63.0,1.0,5.0,0.0,0.0,0.0,0.0,0.0,0.0,17.30,17.3
2024,14,LC,QB,Patrick Mahomes,KC,LAC,12,24.0,37.0,210.0,1.0,0.0,4.0,17.0,0.0,2.0,0.0,0.0,0.0,0.0,0.0,0.0,16.10,16.1
2024,14,LC,TE,Juwan Johnson,NO,@NYG,2,0.0,0.0,0.0,0.0,0.0,0.0,0.0,0.0,0.0,5.0,4.0,50.0,1.0,3.0,0.0,14.00,14.0
2024,14,LC,WR,DeAndre Hopkins,KC,LAC,12,0.0,0.0,0.0,0.0,0.0,0.0,0.0,0.0,0.0,9.0,4.0,32.0,1.0,1.0,0.0,10.20,10.2
2024,14,LC,RB,Jaylen Warren,PIT,CLE,9,0.0,0.0,0.0,0.0,0.0,9.0,47.0,0.0,2.0,5.0,2.0,25.0,0.0,1.0,0.0,10.20,10.2
2024,14,LC,WR,DK Metcalf,SEA,@ARI,18,0.0,0.0,0.0,0.0,0.0,0.0,0.0,0.0,0.0,6.0,4.0,49.0,0.0,2.0,0.0,6.90,6.9
2024,14,LC,WR,Xavier Worthy,KC,LAC,12,0.0,0.0,0.0,0.0,0.0,1.0,5.0,0.0,0.0,6.0,5.0,41.0,0.0,2.0,0.0,6.60,6.6
2024,14,LC,WR,Xavier Legette,CAR,@PHI,3,0.0,0.0,0.0,0.0,0.0,0.0,0.0,0.0,0.0,8.0,2.0,39.0,0.0,1.0,0.0,4.90,4.9
2024,14,LC,WR,Allen Lazard,NYJ,@MIA,6,0.0,0.0,0.0,0.0,0.0,0.0,0.0,0.0,0.0,1.0,1.0,18.0,0.0,1.0,0.0,2.80,2.8
2024,14,LC,RB,Jamaal Williams,NO,@NYG,26,0.0,0.0,0.0,0.0,0.0,3.0,5.0,0.0,1.0,2.0,2.0,10.0,0.0,0.0,0.0,2.50,2.5
2024,14,LC,RB,Jeff Wilson,MIA,NYJ,13,0.0,0.0,0.0,0.0,0.0,1.0,4.0,0.0,1.0,1.0,1.0,7.0,0.0,0.0,0.0,2.10,2.1
2024,14,LC,TE,Ben Sinnott,WAS,BYE,---,0.0,0.0,0.0,0.0,0.0,0.0,0.0,0.0,0.0,0.0,0.0,0.0,0.0,0.0,0.0,-,0.0
2024,14,LC,WR,Rashid Shaheed,NO,@NYG,2,0.0,0.0,0.0,0.0,0.0,0.0,0.0,0.0,0.0,0.0,0.0,0.0,0.0,0.0,0.0,-,0.0
2024,14,LC,TE,Dalton Schultz,HOU,BYE,---,0.0,0.0,0.0,0.0,0.0,0.0,0.0,0.0,0.0,0.0,0.0,0.0,0.0,0.0,0.0,-,0.0
2024,14,LC,QB,Gardner Minshew,LV,@TB,32,0.0,0.0,0.0,0.0,0.0,0.0,0.0,0.0,0.0,0.0,0.0,0.0,0.0,0.0,0.0,-,0.0
2024,14,LC,DST,49ers,SF,CHI,23,,,,,,,,,,,,,,,,13.00,13.0
2024,14,MB,RB,Isaac Guerendo,SF,CHI,25,0.0,0.0,0.0,0.0,0.0,15.0,78.0,2.0,3.0,2.0,2.0,50.0,0.0,2.0,0.0,29.80,29.8
2024,14,MB,RB,Bijan Robinson,ATL,@MIN,3,0.0,0.0,0.0,0.0,0.0,22.0,92.0,1.0,5.0,2.0,2.0,9.0,0.0,0.0,0.0,23.10,23.1
2024,14,MB,QB,Matthew Stafford,LAR,BUF,4,23.0,30.0,320.0,2.0,0.0,0.0,0.0,0.0,0.0,0.0,0.0,0.0,0.0,0.0,0.0,20.80,20.8
2024,14,MB,WR,Cooper Kupp,LAR,BUF,14,0.0,0.0,0.0,0.0,0.0,0.0,0.0,0.0,0.0,8.0,5.0,92.0,1.0,4.0,0.0,19.20,19.2
2024,14,MB,QB,Kyler Murray,ARI,SEA,14,25.0,38.0,259.0,2.0,2.0,3.0,16.0,0.0,1.0,0.0,0.0,0.0,0.0,0.0,0.0,18.96,18.96
2024,14,MB,RB,Aaron Jones,MIN,ATL,8,0.0,0.0,0.0,0.0,0.0,13.0,73.0,1.0,3.0,2.0,2.0,11.0,0.0,0.0,0.0,17.40,17.4
2024,14,MB,RB,Tyrone Tracy,NYG,NO,27,0.0,0.0,0.0,0.0,0.0,16.0,45.0,1.0,1.0,10.0,5.0,38.0,0.0,2.0,0.0,17.30,17.3
2024,14,MB,WR,Josh Palmer,LAC,@KC,17,0.0,0.0,0.0,0.0,0.0,0.0,0.0,0.0,0.0,9.0,6.0,78.0,0.0,4.0,0.0,11.80,11.8
2024,14,MB,WR,Amon-Ra St Brown,DET,GB,10,0.0,0.0,0.0,0.0,0.0,1.0,10.0,0.0,1.0,6.0,5.0,43.0,0.0,2.0,0.0,8.30,8.3
2024,14,MB,QB,Will Levis,TEN,JAC,30,19.0,32.0,168.0,0.0,0.0,1.0,3.0,0.0,1.0,0.0,0.0,0.0,0.0,0.0,0.0,8.02,8.02
2024,14,MB,WR,Marvin Harrison,ARI,SEA,13,0.0,0.0,0.0,0.0,0.0,0.0,0.0,0.0,0.0,8.0,4.0,49.0,0.0,3.0,0.0,7.90,7.9
2024,14,MB,TE,Travis Kelce,KC,LAC,5,0.0,0.0,0.0,0.0,0.0,0.0,0.0,0.0,0.0,6.0,5.0,45.0,0.0,3.0,0.0,7.50,7.5
2024,14,MB,WR,Tutu Atwell,LAR,BUF,14,0.0,0.0,0.0,0.0,0.0,0.0,0.0,0.0,0.0,3.0,3.0,45.0,0.0,3.0,0.0,7.50,7.5
2024,14,MB,RB,Cam Akers,MIN,ATL,8,0.0,0.0,0.0,0.0,0.0,5.0,37.0,0.0,2.0,0.0,0.0,0.0,0.0,0.0,0.0,5.70,5.7
2024,14,MB,RB,Khalil Herbert,CIN,@DAL,30,0.0,0.0,0.0,0.0,0.0,2.0,4.0,0.0,0.0,1.0,1.0,7.0,0.0,0.0,0.0,1.10,1.1
2024,14,MB,TE,Mark Andrews,BAL,BYE,---,0.0,0.0,0.0,0.0,0.0,0.0,0.0,0.0,0.0,0.0,0.0,0.0,0.0,0.0,0.0,-,0.0
2024,14,MB,RB,Zamir White,LV,@TB,12,0.0,0.0,0.0,0.0,0.0,0.0,0.0,0.0,0.0,0.0,0.0,0.0,0.0,0.0,0.0,-,0.0
2024,14,MB,RB,Ray Davis,BUF,@LAR,20,0.0,0.0,0.0,0.0,0.0,0.0,0.0,0.0,0.0,0.0,0.0,0.0,0.0,0.0,0.0,0.00,0.0
2024,14,MB,DST,Saints,NO,@NYG,29,,,,,,,,,,,,,,,,10.00,10.0
2024,14,NBB,QB,Josh Allen,BUF,@LAR,25,22.0,37.0,342.0,3.0,0.0,10.0,82.0,3.0,6.0,0.0,0.0,0.0,0.0,0.0,0.0,57.88,57.88
2024,14,NBB,WR,Khalil Shakir,BUF,@LAR,27,0.0,0.0,0.0,0.0,0.0,0.0,0.0,0.0,0.0,8.0,5.0,106.0,1.0,3.0,0.0,19.60,19.6
2024,14,NBB,WR,Brian Thomas,JAC,@TEN,1,0.0,0.0,0.0,0.0,0.0,0.0,0.0,0.0,0.0,12.0,8.0,86.0,0.0,4.0,0.0,12.60,12.6
2024,14,NBB,TE,David Njoku,CLE,@PIT,15,0.0,0.0,0.0,0.0,0.0,0.0,0.0,0.0,0.0,13.0,7.0,42.0,1.0,2.0,0.0,12.20,12.2
2024,14,NBB,RB,Gus Edwards,LAC,@KC,1,0.0,0.0,0.0,0.0,0.0,10.0,36.0,1.0,2.0,0.0,0.0,0.0,0.0,0.0,0.0,11.60,11.6
2024,14,NBB,WR,Jameson Williams,DET,GB,10,0.0,0.0,0.0,0.0,0.0,0.0,0.0,0.0,0.0,8.0,5.0,80.0,0.0,3.0,0.0,11.00,11.0
2024,14,NBB,QB,Aidan O'Connell,LV,@TB,32,11.0,19.0,104.0,0.0,1.0,6.0,6.0,1.0,3.0,0.0,0.0,0.0,0.0,0.0,1.0,9.76,9.76
2024,14,NBB,WR,Mike Evans,TB,LV,16,0.0,0.0,0.0,0.0,0.0,0.0,0.0,0.0,0.0,5.0,4.0,69.0,0.0,2.0,0.0,8.90,8.9
2024,14,NBB,RB,D'Andre Swift,CHI,@SF,23,0.0,0.0,0.0,0.0,0.0,14.0,38.0,0.0,3.0,2.0,1.0,2.0,0.0,0.0,0.0,7.00,7.0
2024,14,NBB,RB,Nick Chubb,CLE,@PIT,11,0.0,0.0,0.0,0.0,0.0,11.0,48.0,0.0,2.0,1.0,0.0,0.0,0.0,0.0,0.0,6.80,6.8
2024,14,NBB,RB,Blake Corum,LAR,BUF,29,0.0,0.0,0.0,0.0,0.0,8.0,34.0,0.0,2.0,0.0,0.0,0.0,0.0,0.0,0.0,5.40,5.4
2024,14,NBB,TE,Kyle Pitts,ATL,@MIN,11,0.0,0.0,0.0,0.0,0.0,0.0,0.0,0.0,0.0,6.0,1.0,14.0,0.0,1.0,0.0,2.40,2.4
2024,14,NBB,TE,Dallas Goedert,PHI,CAR,32,0.0,0.0,0.0,0.0,0.0,0.0,0.0,0.0,0.0,0.0,0.0,0.0,0.0,0.0,0.0,-,0.0
2024,14,NBB,WR,Chris Godwin,TB,LV,16,0.0,0.0,0.0,0.0,0.0,0.0,0.0,0.0,0.0,0.0,0.0,0.0,0.0,0.0,0.0,-,0.0
2024,14,NBB,WR,Terry McLaurin,WAS,BYE,---,0.0,0.0,0.0,0.0,0.0,0.0,0.0,0.0,0.0,0.0,0.0,0.0,0.0,0.0,0.0,-,0.0
2024,14,NBB,RB,Will Shipley,PHI,CAR,32,0.0,0.0,0.0,0.0,0.0,0.0,0.0,0.0,0.0,0.0,0.0,0.0,0.0,0.0,0.0,0.00,0.0
2024,14,NBB,QB,Trevor Lawrence,JAC,@TEN,21,0.0,0.0,0.0,0.0,0.0,0.0,0.0,0.0,0.0,0.0,0.0,0.0,0.0,0.0,0.0,-,0.0
2024,14,NBB,WR,Jayden Reed,GB,@DET,25,0.0,0.0,0.0,0.0,0.0,0.0,0.0,0.0,0.0,1.0,0.0,0.0,0.0,0.0,0.0,0.00,0.0
2024,14,NBB,DST,Giants,NYG,NO,17,,,,,,,,,,,,,,,,6.00,6.0
2024,14,PCP,RB,Kyren Williams,LAR,BUF,29,0.0,0.0,0.0,0.0,0.0,29.0,87.0,2.0,6.0,2.0,2.0,10.0,0.0,0.0,0.0,27.70,27.7
2024,14,PCP,QB,Joe Burrow,CIN,@DAL,29,33.0,44.0,369.0,3.0,1.0,2.0,-2.0,0.0,0.0,0.0,0.0,0.0,0.0,0.0,0.0,24.76,24.76
2024,14,PCP,RB,Rico Dowdle,DAL,CIN,15,0.0,0.0,0.0,0.0,0.0,18.0,131.0,0.0,5.0,2.0,1.0,10.0,0.0,1.0,0.0,20.10,20.1
2024,14,PCP,WR,CeeDee Lamb,DAL,CIN,23,0.0,0.0,0.0,0.0,0.0,1.0,1.0,0.0,0.0,7.0,6.0,93.0,1.0,4.0,0.0,19.40,19.4
2024,14,PCP,WR,Garrett Wilson,NYJ,@MIA,6,0.0,0.0,0.0,0.0,0.0,0.0,0.0,0.0,0.0,10.0,7.0,114.0,0.0,4.0,0.0,15.40,15.4
2024,14,PCP,QB,Geno Smith,SEA,@ARI,13,24.0,30.0,233.0,1.0,0.0,1.0,0.0,0.0,0.0,0.0,0.0,0.0,0.0,0.0,0.0,13.32,13.32
2024,14,PCP,TE,Pat Freiermuth,PIT,CLE,25,0.0,0.0,0.0,0.0,0.0,0.0,0.0,0.0,0.0,3.0,3.0,48.0,1.0,2.0,0.0,12.80,12.8
2024,14,PCP,RB,Braelon Allen,NYJ,@MIA,22,0.0,0.0,0.0,0.0,0.0,11.0,43.0,0.0,1.0,5.0,4.0,38.0,0.0,3.0,0.0,12.10,12.1
2024,14,PCP,WR,AJ Brown,PHI,CAR,9,0.0,0.0,0.0,0.0,0.0,0.0,0.0,0.0,0.0,4.0,4.0,43.0,0.0,4.0,0.0,8.30,8.3
2024,14,PCP,TE,TJ Hockenson,MIN,ATL,18,0.0,0.0,0.0,0.0,0.0,0.0,0.0,0.0,0.0,5.0,4.0,45.0,0.0,3.0,0.0,7.50,7.5
2024,14,PCP,RB,Trey Benson,ARI,SEA,19,0.0,0.0,0.0,0.0,0.0,2.0,15.0,0.0,1.0,1.0,1.0,4.0,0.0,0.0,0.0,2.90,2.9
2024,14,PCP,RB,Tyjae Spears,TEN,JAC,31,0.0,0.0,0.0,0.0,0.0,6.0,21.0,0.0,0.0,2.0,1.0,2.0,0.0,0.0,0.0,2.30,2.3
2024,14,PCP,RB,Ezekiel Elliott,DAL,CIN,15,0.0,0.0,0.0,0.0,0.0,2.0,4.0,0.0,0.0,1.0,1.0,2.0,0.0,0.0,0.0,0.60,0.6
2024,14,PCP,WR,Keon Coleman,BUF,@LAR,27,0.0,0.0,0.0,0.0,0.0,0.0,0.0,0.0,0.0,0.0,0.0,0.0,0.0,0.0,0.0,-,0.0
2024,14,PCP,TE,Luke Musgrave,GB,@DET,1,0.0,0.0,0.0,0.0,0.0,0.0,0.0,0.0,0.0,0.0,0.0,0.0,0.0,0.0,0.0,-,0.0
2024,14,PCP,QB,Daniel Jones,MIN,ATL,27,0.0,0.0,0.0,0.0,0.0,0.0,0.0,0.0,0.0,0.0,0.0,0.0,0.0,0.0,0.0,-,0.0
2024,14,PCP,RB,Dameon Pierce,HOU,BYE,---,0.0,0.0,0.0,0.0,0.0,0.0,0.0,0.0,0.0,0.0,0.0,0.0,0.0,0.0,0.0,-,0.0
2024,14,PCP,WR,Rashee Rice,KC,LAC,12,0.0,0.0,0.0,0.0,0.0,0.0,0.0,0.0,0.0,0.0,0.0,0.0,0.0,0.0,0.0,-,0.0
2024,14,PCP,DST,Ravens,BAL,BYE,---,,,,,,,,,,,,,,,,-,0.0
2024,14,PP,RB,Josh Jacobs,GB,@DET,2,0.0,0.0,0.0,0.0,0.0,18.0,66.0,3.0,5.0,0.0,0.0,0.0,0.0,0.0,0.0,29.60,29.6
2024,14,PP,WR,Jauan Jennings,SF,CHI,5,0.0,0.0,0.0,0.0,0.0,0.0,0.0,0.0,0.0,8.0,7.0,90.0,2.0,4.0,0.0,25.00,25.0
2024,14,PP,QB,Brock Purdy,SF,CHI,3,20.0,25.0,325.0,2.0,0.0,5.0,11.0,0.0,2.0,0.0,0.0,0.0,0.0,0.0,0.0,24.10,24.1
2024,14,PP,QB,Justin Herbert,LAC,@KC,23,21.0,30.0,213.0,1.0,0.0,4.0,12.0,0.0,2.0,0.0,0.0,0.0,0.0,0.0,0.0,15.72,15.72
2024,14,PP,WR,Amari Cooper,BUF,@LAR,27,0.0,0.0,0.0,0.0,0.0,0.0,0.0,0.0,0.0,14.0,6.0,95.0,0.0,5.0,0.0,14.50,14.5
2024,14,PP,TE,Tucker Kraft,GB,@DET,1,0.0,0.0,0.0,0.0,0.0,0.0,0.0,0.0,0.0,5.0,3.0,41.0,1.0,2.0,0.0,12.10,12.1
2024,14,PP,WR,Calvin Ridley,TEN,JAC,28,0.0,0.0,0.0,0.0,0.0,0.0,0.0,0.0,0.0,12.0,7.0,59.0,0.0,1.0,0.0,6.90,6.9
2024,14,PP,WR,Wan'Dale Robinson,NYG,NO,24,0.0,0.0,0.0,0.0,0.0,0.0,0.0,0.0,0.0,11.0,4.0,38.0,0.0,2.0,0.0,5.80,5.8
2024,14,PP,RB,Devin Singletary,NYG,NO,27,0.0,0.0,0.0,0.0,0.0,2.0,8.0,0.0,0.0,0.0,0.0,0.0,0.0,0.0,0.0,0.80,0.8
2024,14,PP,WR,Stefon Diggs,HOU,BYE,---,0.0,0.0,0.0,0.0,0.0,0.0,0.0,0.0,0.0,0.0,0.0,0.0,0.0,0.0,0.0,-,0.0
2024,14,PP,RB,MarShawn Lloyd,GB,@DET,2,0.0,0.0,0.0,0.0,0.0,0.0,0.0,0.0,0.0,0.0,0.0,0.0,0.0,0.0,0.0,-,0.0
2024,14,PP,TE,Taysom Hill,NO,@NYG,2,0.0,0.0,0.0,0.0,0.0,0.0,0.0,0.0,0.0,0.0,0.0,0.0,0.0,0.0,0.0,-,0.0
2024,14,PP,TE,Mark Andrews Dead Cap,BAL,0,0,0.0,0.0,0.0,0.0,0.0,0.0,0.0,0.0,0.0,0.0,0.0,0.0,0.0,0.0,0.0,-,0.0
2024,14,PP,RB,Jeremy McNichols,WAS,BYE,---,0.0,0.0,0.0,0.0,0.0,0.0,0.0,0.0,0.0,0.0,0.0,0.0,0.0,0.0,0.0,-,0.0
2024,14,PP,WR,Malachi Corley,NYJ,@MIA,6,0.0,0.0,0.0,0.0,0.0,0.0,0.0,0.0,0.0,0.0,0.0,0.0,0.0,0.0,0.0,-,0.0
2024,14,PP,TE,Isaiah Likely,BAL,BYE,---,0.0,0.0,0.0,0.0,0.0,0.0,0.0,0.0,0.0,0.0,0.0,0.0,0.0,0.0,0.0,-,0.0
2024,14,PP,RB,Audric Estime,DEN,BYE,---,0.0,0.0,0.0,0.0,0.0,0.0,0.0,0.0,0.0,0.0,0.0,0.0,0.0,0.0,0.0,-,0.0
2024,14,PP,WR,Romeo Doubs,GB,@DET,25,0.0,0.0,0.0,0.0,0.0,0.0,0.0,0.0,0.0,0.0,0.0,0.0,0.0,0.0,0.0,-,0.0
2024,14,PP,QB,JJ McCarthy,MIN,ATL,27,0.0,0.0,0.0,0.0,0.0,0.0,0.0,0.0,0.0,0.0,0.0,0.0,0.0,0.0,0.0,-,0.0
2024,14,PP,QB,CJ Stroud,HOU,BYE,---,0.0,0.0,0.0,0.0,0.0,0.0,0.0,0.0,0.0,0.0,0.0,0.0,0.0,0.0,0.0,-,0.0
2024,14,PP,WR,Courtland Sutton,DEN,BYE,---,0.0,0.0,0.0,0.0,0.0,0.0,0.0,0.0,0.0,0.0,0.0,0.0,0.0,0.0,0.0,-,0.0
2024,14,PP,DST,Commanders,WAS,BYE,---,,,,,,,,,,,,,,,,-,0.0
2024,14,RR,WR,Jordan Addison,MIN,ATL,30,0.0,0.0,0.0,0.0,0.0,0.0,0.0,0.0,0.0,12.0,8.0,133.0,3.0,6.0,0.0,37.30,37.3
2024,14,RR,RB,Rachaad White,TB,LV,17,0.0,0.0,0.0,0.0,0.0,17.0,90.0,1.0,6.0,3.0,2.0,19.0,1.0,2.0,0.0,30.90,30.9
2024,14,RR,WR,Justin Jefferson,MIN,ATL,30,0.0,0.0,0.0,0.0,0.0,0.0,0.0,0.0,0.0,7.0,7.0,132.0,2.0,5.0,0.0,30.20,30.2
2024,14,RR,QB,Tua Tagovailoa,MIA,NYJ,19,33.0,47.0,331.0,2.0,0.0,1.0,3.0,0.0,0.0,0.0,0.0,0.0,0.0,0.0,0.0,23.54,23.54
2024,14,RR,WR,Davante Adams,NYJ,@MIA,6,0.0,0.0,0.0,0.0,0.0,0.0,0.0,0.0,0.0,11.0,9.0,109.0,1.0,6.0,0.0,22.90,22.9
2024,14,RR,WR,Jalen McMillan,TB,LV,16,0.0,0.0,0.0,0.0,0.0,0.0,0.0,0.0,0.0,7.0,4.0,59.0,2.0,2.0,0.0,19.90,19.9
2024,14,RR,QB,Baker Mayfield,TB,LV,24,18.0,29.0,295.0,3.0,2.0,2.0,12.0,0.0,0.0,0.0,0.0,0.0,0.0,0.0,1.0,19.00,19.0
2024,14,RR,TE,Jonnu Smith,MIA,NYJ,7,0.0,0.0,0.0,0.0,0.0,0.0,0.0,0.0,0.0,4.0,3.0,44.0,1.0,3.0,0.0,13.40,13.4
2024,14,RR,RB,Alvin Kamara,NO,@NYG,26,0.0,0.0,0.0,0.0,0.0,17.0,44.0,0.0,2.0,5.0,5.0,35.0,0.0,2.0,0.0,11.90,11.9
2024,14,RR,QB,Kirk Cousins,ATL,@MIN,6,23.0,37.0,344.0,0.0,2.0,0.0,0.0,0.0,0.0,0.0,0.0,0.0,0.0,0.0,0.0,9.76,9.76
2024,14,RR,TE,Cade Otton,TB,LV,31,0.0,0.0,0.0,0.0,0.0,0.0,0.0,0.0,0.0,4.0,3.0,70.0,0.0,2.0,0.0,9.00,9.0
2024,14,RR,RB,Kareem Hunt,KC,LAC,5,0.0,0.0,0.0,0.0,0.0,5.0,16.0,0.0,0.0,1.0,1.0,13.0,0.0,1.0,0.0,3.90,3.9
2024,14,RR,WR,George Pickens,PIT,CLE,26,0.0,0.0,0.0,0.0,0.0,0.0,0.0,0.0,0.0,0.0,0.0,0.0,0.0,0.0,0.0,-,0.0
2024,14,RR,QB,Michael Penix,ATL,@MIN,6,0.0,0.0,0.0,0.0,0.0,0.0,0.0,0.0,0.0,0.0,0.0,0.0,0.0,0.0,0.0,-,0.0
2024,14,RR,WR,Cedric Tillman,CLE,@PIT,7,0.0,0.0,0.0,0.0,0.0,0.0,0.0,0.0,0.0,0.0,0.0,0.0,0.0,0.0,0.0,-,0.0
2024,14,RR,RB,Joe Mixon,HOU,BYE,---,0.0,0.0,0.0,0.0,0.0,0.0,0.0,0.0,0.0,0.0,0.0,0.0,0.0,0.0,0.0,-,0.0
2024,14,RR,RB,Christian McCaffrey,SF,CHI,25,0.0,0.0,0.0,0.0,0.0,0.0,0.0,0.0,0.0,0.0,0.0,0.0,0.0,0.0,0.0,-,0.0
2024,14,RR,WR,Diontae Johnson,BAL,BYE,---,0.0,0.0,0.0,0.0,0.0,0.0,0.0,0.0,0.0,0.0,0.0,0.0,0.0,0.0,0.0,-,0.0
2024,14,RR,DST,Steelers,PIT,CLE,31,,,,,,,,,,,,,,,,11.00,11.0
2024,14,SBS,RB,Chuba Hubbard,CAR,@PHI,6,0.0,0.0,0.0,0.0,0.0,26.0,92.0,1.0,5.0,5.0,4.0,15.0,0.0,0.0,0.0,21.70,21.7
2024,14,SBS,RB,David Montgomery,DET,GB,18,0.0,0.0,0.0,0.0,0.0,14.0,51.0,1.0,3.0,5.0,5.0,33.0,0.0,2.0,0.0,19.40,19.4
2024,14,SBS,QB,Russell Wilson,PIT,CLE,15,15.0,26.0,158.0,2.0,0.0,6.0,17.0,0.0,3.0,0.0,0.0,0.0,0.0,0.0,0.0,19.02,19.02
2024,14,SBS,WR,Christian Watson,GB,@DET,25,0.0,0.0,0.0,0.0,0.0,0.0,0.0,0.0,0.0,7.0,4.0,114.0,0.0,2.0,1.0,11.40,11.4
2024,14,SBS,RB,Jerome Ford,CLE,@PIT,11,0.0,0.0,0.0,0.0,0.0,10.0,28.0,0.0,1.0,4.0,3.0,19.0,0.0,1.0,0.0,6.70,6.7
2024,14,SBS,WR,Deebo Samuel,SF,CHI,5,0.0,0.0,0.0,0.0,0.0,5.0,13.0,0.0,1.0,3.0,2.0,22.0,0.0,1.0,0.0,5.50,5.5
2024,14,SBS,QB,Mac Jones,JAC,@TEN,21,23.0,31.0,220.0,0.0,2.0,3.0,3.0,0.0,0.0,0.0,0.0,0.0,0.0,0.0,0.0,5.10,5.1
2024,14,SBS,WR,Andrei Iosivas,CIN,@DAL,22,0.0,0.0,0.0,0.0,0.0,0.0,0.0,0.0,0.0,5.0,4.0,41.0,0.0,1.0,0.0,5.10,5.1
2024,14,SBS,WR,Nick Westbrook-Ikhine,TEN,JAC,28,0.0,0.0,0.0,0.0,0.0,0.0,0.0,0.0,0.0,2.0,1.0,19.0,0.0,1.0,0.0,2.90,2.9
2024,14,SBS,TE,Will Dissly,LAC,@KC,29,0.0,0.0,0.0,0.0,0.0,0.0,0.0,0.0,0.0,2.0,2.0,19.0,0.0,1.0,0.0,2.90,2.9
2024,14,SBS,RB,Jaylen Wright,MIA,NYJ,13,0.0,0.0,0.0,0.0,0.0,2.0,7.0,0.0,0.0,3.0,2.0,6.0,0.0,1.0,0.0,2.30,2.3
2024,14,SBS,WR,Rashod Bateman,BAL,BYE,---,0.0,0.0,0.0,0.0,0.0,0.0,0.0,0.0,0.0,0.0,0.0,0.0,0.0,0.0,0.0,-,0.0
2024,14,SBS,WR,Troy Franklin,DEN,BYE,---,0.0,0.0,0.0,0.0,0.0,0.0,0.0,0.0,0.0,0.0,0.0,0.0,0.0,0.0,0.0,-,0.0
2024,14,SBS,TE,Zach Ertz,WAS,BYE,---,0.0,0.0,0.0,0.0,0.0,0.0,0.0,0.0,0.0,0.0,0.0,0.0,0.0,0.0,0.0,-,0.0
2024,14,SBS,QB,Lamar Jackson,BAL,BYE,---,0.0,0.0,0.0,0.0,0.0,0.0,0.0,0.0,0.0,0.0,0.0,0.0,0.0,0.0,0.0,-,0.0
2024,14,SBS,WR,Alec Pierce,IND,BYE,---,0.0,0.0,0.0,0.0,0.0,0.0,0.0,0.0,0.0,0.0,0.0,0.0,0.0,0.0,0.0,-,0.0
2024,14,SBS,QB,Jayden Daniels,WAS,BYE,---,0.0,0.0,0.0,0.0,0.0,0.0,0.0,0.0,0.0,0.0,0.0,0.0,0.0,0.0,0.0,-,0.0
2024,14,SBS,WR,Christian Kirk,JAC,@TEN,1,0.0,0.0,0.0,0.0,0.0,0.0,0.0,0.0,0.0,0.0,0.0,0.0,0.0,0.0,0.0,-,0.0
2024,14,SBS,RB,Jonathan Taylor,IND,BYE,---,0.0,0.0,0.0,0.0,0.0,0.0,0.0,0.0,0.0,0.0,0.0,0.0,0.0,0.0,0.0,-,0.0
2024,14,SBS,DST,Lions,DET,GB,8,,,,,,,,,,,,,,,,2.00,2.0
2024,15,ABT,RB,Chase Brown,CIN,@TEN,15,0.0,0.0,0.0,0.0,0.0,25.0,97.0,1.0,9.0,3.0,3.0,16.0,1.0,1.0,0.0,33.30,33.3
2024,15,ABT,WR,Keenan Allen,CHI,@MIN,32,0.0,0.0,0.0,0.0,0.0,0.0,0.0,0.0,0.0,13.0,6.0,82.0,1.0,4.0,0.0,18.20,18.2
2024,15,ABT,QB,Bryce Young,CAR,DAL,29,19.0,28.0,219.0,1.0,2.0,3.0,12.0,1.0,1.0,0.0,0.0,0.0,0.0,0.0,2.0,12.96,12.96
2024,15,ABT,WR,Puka Nacua,LAR,@SF,4,0.0,0.0,0.0,0.0,0.0,2.0,11.0,0.0,0.0,8.0,7.0,97.0,0.0,2.0,0.0,12.80,12.8
2024,15,ABT,RB,Saquon Barkley,PHI,PIT,12,0.0,0.0,0.0,0.0,0.0,19.0,65.0,0.0,4.0,2.0,2.0,9.0,0.0,0.0,0.0,11.40,11.4
2024,15,ABT,QB,Caleb Williams,CHI,@MIN,4,18.0,31.0,191.0,1.0,0.0,4.0,3.0,0.0,0.0,0.0,0.0,0.0,0.0,0.0,1.0,9.94,9.94
2024,15,ABT,WR,DJ Moore,CHI,@MIN,32,0.0,0.0,0.0,0.0,0.0,3.0,24.0,0.0,1.0,8.0,8.0,46.0,0.0,0.0,0.0,8.00,8.0
2024,15,ABT,WR,Josh Downs,IND,@DEN,6,0.0,0.0,0.0,0.0,0.0,0.0,0.0,0.0,0.0,8.0,3.0,32.0,0.0,1.0,0.0,4.20,4.2
2024,15,ABT,TE,Hunter Henry,NE,@ARI,8,0.0,0.0,0.0,0.0,0.0,0.0,0.0,0.0,0.0,4.0,4.0,25.0,0.0,1.0,0.0,3.50,3.5
2024,15,ABT,RB,Najee Harris,PIT,@PHI,3,0.0,0.0,0.0,0.0,0.0,6.0,14.0,0.0,1.0,1.0,1.0,7.0,0.0,0.0,0.0,3.10,3.1
2024,15,ABT,RB,Alexander Mattison,LV,ATL,9,0.0,0.0,0.0,0.0,0.0,7.0,21.0,0.0,2.0,4.0,2.0,3.0,0.0,0.0,1.0,2.40,2.4
2024,15,ABT,TE,Jake Ferguson,DAL,@CAR,32,0.0,0.0,0.0,0.0,0.0,0.0,0.0,0.0,0.0,4.0,2.0,23.0,0.0,0.0,0.0,2.30,2.3
2024,15,ABT,QB,Jake Haener,NO,WAS,14,4.0,10.0,49.0,0.0,1.0,1.0,7.0,0.0,0.0,0.0,0.0,0.0,0.0,0.0,0.0,0.66,0.66
2024,15,ABT,WR,Roman Wilson,PIT,@PHI,1,0.0,0.0,0.0,0.0,0.0,0.0,0.0,0.0,0.0,0.0,0.0,0.0,0.0,0.0,0.0,-,0.0
2024,15,ABT,WR,Chris Olave,NO,WAS,16,0.0,0.0,0.0,0.0,0.0,0.0,0.0,0.0,0.0,0.0,0.0,0.0,0.0,0.0,0.0,-,0.0
2024,15,ABT,RB,Keaton Mitchell,BAL,@NYG,29,0.0,0.0,0.0,0.0,0.0,0.0,0.0,0.0,0.0,0.0,0.0,0.0,0.0,0.0,0.0,-,0.0
2024,15,ABT,RB,Jonathon Brooks,CAR,DAL,27,0.0,0.0,0.0,0.0,0.0,0.0,0.0,0.0,0.0,0.0,0.0,0.0,0.0,0.0,0.0,-,0.0
2024,15,ABT,WR,Jermaine Burton,CIN,@TEN,2,0.0,0.0,0.0,0.0,0.0,0.0,0.0,0.0,0.0,0.0,0.0,0.0,0.0,0.0,0.0,0.00,0.0
2024,15,ABT,QB,Dak Prescott,DAL,@CAR,28,0.0,0.0,0.0,0.0,0.0,0.0,0.0,0.0,0.0,0.0,0.0,0.0,0.0,0.0,0.0,-,0.0
2024,15,ABT,DST,Eagles,PHI,PIT,11,,,,,,,,,,,,,,,,8.00,8.0
2024,15,CLC,WR,DeVonta Smith,PHI,PIT,14,0.0,0.0,0.0,0.0,0.0,1.0,1.0,0.0,0.0,12.0,11.0,109.0,1.0,6.0,0.0,23.00,23.0
2024,15,CLC,QB,Jordan Love,GB,@SEA,12,20.0,27.0,229.0,2.0,0.0,1.0,4.0,0.0,0.0,0.0,0.0,0.0,0.0,0.0,0.0,17.56,17.56
2024,15,CLC,RB,Justice Hill,BAL,@NYG,29,0.0,0.0,0.0,0.0,0.0,2.0,7.0,0.0,1.0,5.0,5.0,61.0,1.0,3.0,0.0,16.80,16.8
2024,15,CLC,RB,Ameer Abdullah,LV,ATL,9,0.0,0.0,0.0,0.0,0.0,3.0,8.0,0.0,0.0,7.0,7.0,58.0,1.0,4.0,0.0,16.60,16.6
2024,15,CLC,WR,Nico Collins,HOU,MIA,3,0.0,0.0,0.0,0.0,0.0,0.0,0.0,0.0,0.0,6.0,4.0,17.0,2.0,2.0,0.0,15.70,15.7
2024,15,CLC,RB,Breece Hall,NYJ,@JAC,30,0.0,0.0,0.0,0.0,0.0,9.0,30.0,1.0,3.0,2.0,2.0,21.0,0.0,0.0,0.0,14.10,14.1
2024,15,CLC,QB,Desmond Ridder,LV,ATL,26,23.0,39.0,208.0,1.0,2.0,5.0,28.0,0.0,2.0,0.0,0.0,0.0,0.0,0.0,0.0,13.12,13.12
2024,15,CLC,TE,Dalton Kincaid,BUF,@DET,1,0.0,0.0,0.0,0.0,0.0,0.0,0.0,0.0,0.0,7.0,4.0,53.0,0.0,2.0,0.0,7.30,7.3
2024,15,CLC,WR,Rome Odunze,CHI,@MIN,32,0.0,0.0,0.0,0.0,0.0,0.0,0.0,0.0,0.0,7.0,2.0,39.0,0.0,2.0,0.0,5.90,5.9
2024,15,CLC,WR,Ricky Pearsall,SF,LAR,24,0.0,0.0,0.0,0.0,0.0,0.0,0.0,0.0,0.0,4.0,1.0,16.0,0.0,1.0,0.0,2.60,2.6
2024,15,CLC,RB,Javonte Williams,DEN,IND,24,0.0,0.0,0.0,0.0,0.0,6.0,15.0,0.0,0.0,3.0,2.0,8.0,0.0,0.0,0.0,2.30,2.3
2024,15,CLC,QB,Justin Fields,PIT,@PHI,7,0.0,0.0,0.0,0.0,0.0,1.0,8.0,0.0,0.0,0.0,0.0,0.0,0.0,0.0,0.0,0.80,0.8
2024,15,CLC,WR,Jaylen Waddle,MIA,@HOU,27,0.0,0.0,0.0,0.0,0.0,0.0,0.0,0.0,0.0,2.0,0.0,0.0,0.0,0.0,0.0,0.00,0.0
2024,15,CLC,RB,Zack Moss,CIN,@TEN,15,0.0,0.0,0.0,0.0,0.0,0.0,0.0,0.0,0.0,0.0,0.0,0.0,0.0,0.0,0.0,-,0.0
2024,15,CLC,WR,Ja'Lynn Polk,NE,@ARI,13,0.0,0.0,0.0,0.0,0.0,0.0,0.0,0.0,0.0,1.0,0.0,0.0,0.0,0.0,0.0,0.00,0.0
2024,15,CLC,WR,Darnell Mooney,ATL,@LV,11,0.0,0.0,0.0,0.0,0.0,0.0,0.0,0.0,0.0,1.0,0.0,0.0,0.0,0.0,0.0,0.00,0.0
2024,15,CLC,DST,Bears,CHI,@MIN,20,,,,,,,,,,,,,,,,4.00,4.0
2024,15,CPC,RB,James Cook,BUF,@DET,7,0.0,0.0,0.0,0.0,0.0,14.0,105.0,2.0,4.0,1.0,1.0,28.0,0.0,1.0,0.0,30.30,30.3
2024,15,CPC,QB,Drake Maye,NE,@ARI,10,19.0,23.0,202.0,1.0,1.0,4.0,14.0,1.0,1.0,0.0,0.0,0.0,0.0,0.0,0.0,18.48,18.48
2024,15,CPC,WR,Tee Higgins,CIN,@TEN,2,0.0,0.0,0.0,0.0,0.0,0.0,0.0,0.0,0.0,8.0,5.0,88.0,1.0,3.0,0.0,17.80,17.8
2024,15,CPC,WR,Ladd McConkey,LAC,TB,23,0.0,0.0,0.0,0.0,0.0,0.0,0.0,0.0,0.0,7.0,5.0,58.0,1.0,4.0,0.0,15.80,15.8
2024,15,CPC,RB,Brian Robinson,WAS,@NO,23,0.0,0.0,0.0,0.0,0.0,21.0,65.0,0.0,5.0,3.0,3.0,22.0,0.0,0.0,0.0,13.70,13.7
2024,15,CPC,RB,Tony Pollard,TEN,CIN,20,0.0,0.0,0.0,0.0,0.0,17.0,45.0,1.0,4.0,0.0,0.0,0.0,0.0,0.0,1.0,12.50,12.5
2024,15,CPC,WR,Ja'Marr Chase,CIN,@TEN,2,0.0,0.0,0.0,0.0,0.0,0.0,0.0,0.0,0.0,11.0,9.0,94.0,0.0,3.0,0.0,12.40,12.4
2024,15,CPC,RB,Derrick Henry,BAL,@NYG,29,0.0,0.0,0.0,0.0,0.0,14.0,67.0,0.0,5.0,0.0,0.0,0.0,0.0,0.0,0.0,11.70,11.7
2024,15,CPC,QB,Sam Darnold,MIN,CHI,2,24.0,40.0,231.0,1.0,1.0,0.0,0.0,0.0,0.0,0.0,0.0,0.0,0.0,0.0,0.0,11.24,11.24
2024,15,CPC,TE,George Kittle,SF,LAR,23,0.0,0.0,0.0,0.0,0.0,0.0,0.0,0.0,0.0,7.0,4.0,61.0,0.0,3.0,0.0,9.10,9.1
2024,15,CPC,WR,Jakobi Meyers,LV,ATL,29,0.0,0.0,0.0,0.0,0.0,0.0,0.0,0.0,0.0,9.0,5.0,59.0,0.0,3.0,0.0,8.90,8.9
2024,15,CPC,WR,Adam Thielen,CAR,DAL,22,0.0,0.0,0.0,0.0,0.0,0.0,0.0,0.0,0.0,7.0,5.0,51.0,0.0,1.0,0.0,6.10,6.1
2024,15,CPC,WR,Tyreek Hill,MIA,@HOU,27,0.0,0.0,0.0,0.0,0.0,0.0,0.0,0.0,0.0,7.0,2.0,36.0,0.0,2.0,0.0,5.60,5.6
2024,15,CPC,WR,Dontayvion Wicks,GB,@SEA,15,0.0,0.0,0.0,0.0,0.0,0.0,0.0,0.0,0.0,2.0,2.0,14.0,0.0,2.0,0.0,3.40,3.4
2024,15,CPC,TE,Ja'Tavion Sanders,CAR,DAL,13,0.0,0.0,0.0,0.0,0.0,0.0,0.0,0.0,0.0,1.0,0.0,0.0,0.0,0.0,0.0,0.00,0.0
2024,15,CPC,QB,Derek Carr,NO,WAS,14,0.0,0.0,0.0,0.0,0.0,0.0,0.0,0.0,0.0,0.0,0.0,0.0,0.0,0.0,0.0,-,0.0
2024,15,CPC,RB,JK Dobbins,LAC,TB,10,0.0,0.0,0.0,0.0,0.0,0.0,0.0,0.0,0.0,0.0,0.0,0.0,0.0,0.0,0.0,-,0.0
2024,15,CPC,RB,Jordan Mason,SF,LAR,17,0.0,0.0,0.0,0.0,0.0,0.0,0.0,0.0,0.0,0.0,0.0,0.0,0.0,0.0,0.0,-,0.0
2024,15,CPC,DST,Chargers,LAC,TB,10,,,,,,,,,,,,,,,,1.00,1.0
2024,15,DDD,QB,Jared Goff,DET,BUF,9,38.0,59.0,494.0,5.0,0.0,2.0,13.0,0.0,1.0,0.0,0.0,0.0,0.0,0.0,0.0,42.06,42.06
2024,15,DDD,RB,Jahmyr Gibbs,DET,BUF,31,0.0,0.0,0.0,0.0,0.0,8.0,31.0,1.0,2.0,7.0,5.0,83.0,1.0,5.0,0.0,30.40,30.4
2024,15,DDD,QB,Mac Jones,JAC,NYJ,23,31.0,46.0,294.0,2.0,2.0,4.0,29.0,0.0,3.0,0.0,0.0,0.0,0.0,0.0,0.0,21.66,21.66
2024,15,DDD,QB,Cooper Rush,DAL,@CAR,28,18.0,29.0,214.0,3.0,0.0,4.0,5.0,0.0,0.0,0.0,0.0,0.0,0.0,0.0,1.0,19.06,19.06
2024,15,DDD,TE,Sam LaPorta,DET,BUF,5,0.0,0.0,0.0,0.0,0.0,0.0,0.0,0.0,0.0,10.0,7.0,111.0,0.0,7.0,0.0,18.10,18.1
2024,15,DDD,QB,Mason Rudolph,TEN,CIN,30,21.0,26.0,209.0,2.0,1.0,2.0,14.0,0.0,2.0,0.0,0.0,0.0,0.0,0.0,0.0,17.76,17.76
2024,15,DDD,WR,Malik Nabers,NYG,BAL,31,0.0,0.0,0.0,0.0,0.0,0.0,0.0,0.0,0.0,14.0,10.0,82.0,1.0,3.0,0.0,17.20,17.2
2024,15,DDD,RB,Bucky Irving,TB,@LAC,6,0.0,0.0,0.0,0.0,0.0,15.0,117.0,0.0,3.0,2.0,2.0,-4.0,0.0,0.0,0.0,14.70,14.7
2024,15,DDD,WR,Quentin Johnston,LAC,TB,23,0.0,0.0,0.0,0.0,0.0,0.0,0.0,0.0,0.0,10.0,5.0,45.0,1.0,3.0,0.0,13.50,13.5
2024,15,DDD,RB,De'Von Achane,MIA,@HOU,4,0.0,0.0,0.0,0.0,0.0,12.0,41.0,0.0,2.0,7.0,7.0,35.0,0.0,2.0,0.0,11.60,11.6
2024,15,DDD,WR,Zay Flowers,BAL,@NYG,8,0.0,0.0,0.0,0.0,0.0,0.0,0.0,0.0,0.0,7.0,6.0,53.0,0.0,2.0,0.0,7.30,7.3
2024,15,DDD,RB,Tank Bigsby,JAC,NYJ,13,0.0,0.0,0.0,0.0,0.0,11.0,42.0,0.0,3.0,1.0,0.0,0.0,0.0,0.0,0.0,7.20,7.2
2024,15,DDD,WR,Tank Dell,HOU,MIA,3,0.0,0.0,0.0,0.0,0.0,1.0,15.0,0.0,1.0,2.0,2.0,26.0,0.0,2.0,0.0,7.10,7.1
2024,15,DDD,QB,Tommy DeVito,NYG,BAL,27,10.0,13.0,68.0,0.0,0.0,1.0,0.0,0.0,0.0,0.0,0.0,0.0,0.0,0.0,0.0,2.72,2.72
2024,15,DDD,QB,Deshaun Watson,CLE,KC,15,0.0,0.0,0.0,0.0,0.0,0.0,0.0,0.0,0.0,0.0,0.0,0.0,0.0,0.0,0.0,-,0.0
2024,15,DDD,RB,Kenneth Walker,SEA,GB,16,0.0,0.0,0.0,0.0,0.0,0.0,0.0,0.0,0.0,0.0,0.0,0.0,0.0,0.0,0.0,-,0.0
2024,15,DDD,WR,Adonai Mitchell,IND,@DEN,6,0.0,0.0,0.0,0.0,0.0,1.0,-10.0,0.0,0.0,4.0,0.0,0.0,0.0,0.0,1.0,-2.00,-2.0
2024,15,DDD,DST,Buccaneers,TB,@LAC,12,,,,,,,,,,,,,,,,10.00,10.0
2024,15,LBC,QB,Aaron Rodgers,NYJ,@JAC,32,16.0,30.0,289.0,3.0,0.0,6.0,45.0,0.0,3.0,0.0,0.0,0.0,0.0,0.0,0.0,33.06,33.06
2024,15,LBC,QB,Bo Nix,DEN,IND,21,20.0,33.0,130.0,3.0,3.0,8.0,23.0,0.0,4.0,0.0,0.0,0.0,0.0,0.0,0.0,17.50,17.5
2024,15,LBC,WR,Jerry Jeudy,CLE,KC,12,0.0,0.0,0.0,0.0,0.0,0.0,0.0,0.0,0.0,14.0,11.0,108.0,0.0,6.0,0.0,16.80,16.8
2024,15,LBC,QB,Anthony Richardson,IND,@DEN,5,17.0,38.0,172.0,0.0,2.0,7.0,46.0,1.0,2.0,1.0,1.0,-1.0,0.0,0.0,0.0,15.48,15.48
2024,15,LBC,RB,Rhamondre Stevenson,NE,@ARI,25,0.0,0.0,0.0,0.0,0.0,13.0,69.0,0.0,5.0,1.0,1.0,16.0,0.0,1.0,0.0,14.50,14.5
2024,15,LBC,WR,Drake London,ATL,@LV,11,0.0,0.0,0.0,0.0,0.0,0.0,0.0,0.0,0.0,3.0,3.0,53.0,1.0,3.0,0.0,14.30,14.3
2024,15,LBC,RB,Travis Etienne,JAC,NYJ,13,0.0,0.0,0.0,0.0,0.0,14.0,65.0,0.0,4.0,5.0,4.0,20.0,0.0,1.0,0.0,13.50,13.5
2024,15,LBC,WR,Jaxon Smith-Njigba,SEA,GB,9,0.0,0.0,0.0,0.0,0.0,0.0,0.0,0.0,0.0,12.0,10.0,83.0,0.0,4.0,0.0,12.30,12.3
2024,15,LBC,TE,Trey McBride,ARI,NE,20,0.0,0.0,0.0,0.0,0.0,0.0,0.0,0.0,0.0,10.0,9.0,87.0,0.0,3.0,0.0,11.70,11.7
2024,15,LBC,WR,Devontez Walker,BAL,@NYG,8,0.0,0.0,0.0,0.0,0.0,0.0,0.0,0.0,0.0,1.0,1.0,21.0,1.0,1.0,0.0,9.10,9.1
2024,15,LBC,WR,Michael Pittman,IND,@DEN,6,0.0,0.0,0.0,0.0,0.0,0.0,0.0,0.0,0.0,9.0,6.0,58.0,0.0,3.0,1.0,6.80,6.8
2024,15,LBC,RB,Isiah Pacheco,KC,@CLE,8,0.0,0.0,0.0,0.0,0.0,13.0,32.0,0.0,0.0,1.0,1.0,15.0,0.0,1.0,0.0,5.70,5.7
2024,15,LBC,TE,Brock Bowers,LV,ATL,17,0.0,0.0,0.0,0.0,0.0,0.0,0.0,0.0,0.0,6.0,3.0,35.0,0.0,1.0,0.0,4.50,4.5
2024,15,LBC,RB,Sincere McCormick,LV,ATL,9,0.0,0.0,0.0,0.0,0.0,7.0,8.0,0.0,1.0,2.0,2.0,17.0,0.0,1.0,0.0,4.50,4.5
2024,15,LBC,RB,Raheem Mostert,MIA,@HOU,4,0.0,0.0,0.0,0.0,0.0,6.0,8.0,0.0,1.0,3.0,3.0,13.0,0.0,1.0,0.0,4.10,4.1
2024,15,LBC,WR,Michael Wilson,ARI,NE,17,0.0,0.0,0.0,0.0,0.0,0.0,0.0,0.0,0.0,2.0,2.0,9.0,0.0,1.0,0.0,1.90,1.9
2024,15,LBC,WR,Brandon Aiyuk,SF,LAR,24,0.0,0.0,0.0,0.0,0.0,0.0,0.0,0.0,0.0,0.0,0.0,0.0,0.0,0.0,0.0,-,0.0
2024,15,LBC,TE,Evan Engram,JAC,NYJ,8,0.0,0.0,0.0,0.0,0.0,0.0,0.0,0.0,0.0,0.0,0.0,0.0,0.0,0.0,0.0,-,0.0
2024,15,LBC,DST,Broncos,DEN,IND,22,,,,,,,,,,,,,,,,22.00,22.0
2024,15,LC,QB,Jalen Hurts,PHI,PIT,3,25.0,32.0,290.0,2.0,0.0,15.0,45.0,1.0,5.0,0.0,0.0,0.0,0.0,0.0,1.0,33.10,33.1
2024,15,LC,RB,James Conner,ARI,NE,26,0.0,0.0,0.0,0.0,0.0,16.0,110.0,2.0,4.0,5.0,5.0,28.0,0.0,2.0,0.0,31.80,31.8
2024,15,LC,WR,Xavier Worthy,KC,@CLE,28,0.0,0.0,0.0,0.0,0.0,3.0,30.0,1.0,2.0,11.0,6.0,46.0,0.0,2.0,0.0,17.60,17.6
2024,15,LC,QB,Patrick Mahomes,KC,@CLE,17,19.0,38.0,159.0,2.0,0.0,2.0,14.0,0.0,1.0,0.0,0.0,0.0,0.0,0.0,0.0,16.76,16.76
2024,15,LC,RB,Zach Charbonnet,SEA,GB,16,0.0,0.0,0.0,0.0,0.0,8.0,54.0,1.0,3.0,4.0,1.0,12.0,0.0,0.0,0.0,15.60,15.6
2024,15,LC,WR,DeAndre Hopkins,KC,@CLE,28,0.0,0.0,0.0,0.0,0.0,0.0,0.0,0.0,0.0,6.0,5.0,36.0,0.0,3.0,0.0,6.60,6.6
2024,15,LC,RB,Tyler Allgeier,ATL,@LV,18,0.0,0.0,0.0,0.0,0.0,12.0,43.0,0.0,2.0,0.0,0.0,0.0,0.0,0.0,0.0,6.30,6.3
2024,15,LC,WR,DK Metcalf,SEA,GB,9,0.0,0.0,0.0,0.0,0.0,0.0,0.0,0.0,0.0,3.0,3.0,28.0,0.0,1.0,0.0,3.80,3.8
2024,15,LC,TE,Dalton Schultz,HOU,MIA,16,0.0,0.0,0.0,0.0,0.0,0.0,0.0,0.0,0.0,4.0,2.0,13.0,0.0,1.0,0.0,2.30,2.3
2024,15,LC,RB,Jaylen Warren,PIT,@PHI,3,0.0,0.0,0.0,0.0,0.0,4.0,12.0,0.0,0.0,2.0,1.0,3.0,0.0,0.0,0.0,1.50,1.5
2024,15,LC,TE,Juwan Johnson,NO,WAS,18,0.0,0.0,0.0,0.0,0.0,0.0,0.0,0.0,0.0,3.0,2.0,12.0,0.0,0.0,0.0,1.20,1.2
2024,15,LC,WR,Xavier Legette,CAR,DAL,22,0.0,0.0,0.0,0.0,0.0,1.0,2.0,0.0,0.0,3.0,2.0,7.0,0.0,0.0,0.0,0.90,0.9
2024,15,LC,TE,Ben Sinnott,WAS,@NO,13,0.0,0.0,0.0,0.0,0.0,0.0,0.0,0.0,0.0,1.0,1.0,7.0,0.0,0.0,0.0,0.70,0.7
2024,15,LC,WR,Rashid Shaheed,NO,WAS,16,0.0,0.0,0.0,0.0,0.0,0.0,0.0,0.0,0.0,0.0,0.0,0.0,0.0,0.0,0.0,-,0.0
2024,15,LC,WR,Allen Lazard,NYJ,@JAC,30,0.0,0.0,0.0,0.0,0.0,0.0,0.0,0.0,0.0,4.0,0.0,0.0,0.0,0.0,0.0,0.00,0.0
2024,15,LC,QB,Gardner Minshew,LV,ATL,26,0.0,0.0,0.0,0.0,0.0,0.0,0.0,0.0,0.0,0.0,0.0,0.0,0.0,0.0,0.0,-,0.0
2024,15,LC,RB,Jamaal Williams,NO,WAS,14,0.0,0.0,0.0,0.0,0.0,0.0,0.0,0.0,0.0,0.0,0.0,0.0,0.0,0.0,0.0,0.00,0.0
2024,15,LC,RB,Jeff Wilson,MIA,@HOU,4,0.0,0.0,0.0,0.0,0.0,0.0,0.0,0.0,0.0,0.0,0.0,0.0,0.0,0.0,0.0,-,0.0
2024,15,LC,DST,49ers,SF,LAR,9,,,,,,,,,,,,,,,,4.00,4.0
2024,15,MB,WR,Amon-Ra St Brown,DET,BUF,21,0.0,0.0,0.0,0.0,0.0,0.0,0.0,0.0,0.0,18.0,14.0,193.0,1.0,7.0,1.0,30.30,30.3
2024,15,MB,RB,Aaron Jones,MIN,CHI,28,0.0,0.0,0.0,0.0,0.0,18.0,86.0,1.0,5.0,3.0,2.0,20.0,0.0,1.0,0.0,22.60,22.6
2024,15,MB,RB,Bijan Robinson,ATL,@LV,18,0.0,0.0,0.0,0.0,0.0,22.0,125.0,0.0,5.0,2.0,1.0,10.0,0.0,1.0,0.0,19.50,19.5
2024,15,MB,RB,Ray Davis,BUF,@DET,7,0.0,0.0,0.0,0.0,0.0,7.0,15.0,0.0,1.0,2.0,2.0,14.0,1.0,2.0,0.0,11.90,11.9
2024,15,MB,RB,Isaac Guerendo,SF,LAR,17,0.0,0.0,0.0,0.0,0.0,16.0,57.0,0.0,3.0,4.0,4.0,18.0,0.0,1.0,0.0,11.50,11.5
2024,15,MB,RB,Cam Akers,MIN,CHI,28,0.0,0.0,0.0,0.0,0.0,10.0,24.0,1.0,3.0,0.0,0.0,0.0,0.0,0.0,0.0,11.40,11.4
2024,15,MB,QB,Matthew Stafford,LAR,@SF,8,16.0,27.0,160.0,0.0,0.0,4.0,18.0,0.0,3.0,0.0,0.0,0.0,0.0,0.0,0.0,11.20,11.2
2024,15,MB,TE,Mark Andrews,BAL,@NYG,3,0.0,0.0,0.0,0.0,0.0,0.0,0.0,0.0,0.0,2.0,2.0,24.0,1.0,2.0,0.0,10.40,10.4
2024,15,MB,QB,Kyler Murray,ARI,NE,18,23.0,30.0,224.0,0.0,0.0,5.0,11.0,0.0,0.0,0.0,0.0,0.0,0.0,0.0,0.0,10.06,10.06
2024,15,MB,RB,Tyrone Tracy,NYG,BAL,5,0.0,0.0,0.0,0.0,0.0,10.0,31.0,0.0,2.0,4.0,1.0,4.0,0.0,0.0,0.0,5.50,5.5
2024,15,MB,TE,Travis Kelce,KC,@CLE,25,0.0,0.0,0.0,0.0,0.0,0.0,0.0,0.0,0.0,8.0,4.0,27.0,0.0,2.0,0.0,4.70,4.7
2024,15,MB,WR,Marvin Harrison,ARI,NE,17,0.0,0.0,0.0,0.0,0.0,0.0,0.0,0.0,0.0,6.0,2.0,32.0,0.0,1.0,0.0,4.20,4.2
2024,15,MB,WR,Josh Palmer,LAC,TB,23,0.0,0.0,0.0,0.0,0.0,0.0,0.0,0.0,0.0,3.0,2.0,10.0,0.0,0.0,0.0,1.00,1.0
2024,15,MB,WR,Tutu Atwell,LAR,@SF,4,0.0,0.0,0.0,0.0,0.0,0.0,0.0,0.0,0.0,2.0,1.0,6.0,0.0,0.0,0.0,0.60,0.6
2024,15,MB,RB,Khalil Herbert,CIN,@TEN,15,0.0,0.0,0.0,0.0,0.0,1.0,4.0,0.0,0.0,0.0,0.0,0.0,0.0,0.0,0.0,0.40,0.4
2024,15,MB,WR,Cooper Kupp,LAR,@SF,4,0.0,0.0,0.0,0.0,0.0,0.0,0.0,0.0,0.0,3.0,0.0,0.0,0.0,0.0,0.0,0.00,0.0
2024,15,MB,RB,Zamir White,LV,ATL,9,0.0,0.0,0.0,0.0,0.0,0.0,0.0,0.0,0.0,0.0,0.0,0.0,0.0,0.0,0.0,-,0.0
2024,15,MB,QB,Will Levis,TEN,CIN,30,8.0,12.0,89.0,0.0,3.0,2.0,0.0,0.0,1.0,0.0,0.0,0.0,0.0,0.0,1.0,-3.44,-3.44
2024,15,MB,DST,Chiefs,KC,@CLE,31,,,,,,,,,,,,,,,,22.00,22.0
2024,15,NBB,QB,Josh Allen,BUF,@DET,19,23.0,34.0,362.0,2.0,0.0,11.0,68.0,2.0,6.0,0.0,0.0,0.0,0.0,0.0,0.0,47.28,47.28
2024,15,NBB,WR,Mike Evans,TB,@LAC,19,0.0,0.0,0.0,0.0,0.0,0.0,0.0,0.0,0.0,11.0,9.0,159.0,2.0,5.0,0.0,32.90,32.9
2024,15,NBB,WR,Brian Thomas,JAC,NYJ,7,0.0,0.0,0.0,0.0,0.0,0.0,0.0,0.0,0.0,14.0,10.0,105.0,2.0,5.0,0.0,27.50,27.5
2024,15,NBB,WR,Terry McLaurin,WAS,@NO,26,0.0,0.0,0.0,0.0,0.0,0.0,0.0,0.0,0.0,10.0,7.0,73.0,2.0,5.0,0.0,24.30,24.3
2024,15,NBB,RB,D'Andre Swift,CHI,@MIN,2,0.0,0.0,0.0,0.0,0.0,19.0,79.0,0.0,5.0,1.0,1.0,10.0,0.0,1.0,0.0,14.90,14.9
2024,15,NBB,WR,Khalil Shakir,BUF,@DET,25,0.0,0.0,0.0,0.0,0.0,0.0,0.0,0.0,0.0,7.0,6.0,39.0,1.0,3.0,0.0,12.90,12.9
2024,15,NBB,WR,Jameson Williams,DET,BUF,21,0.0,0.0,0.0,0.0,0.0,0.0,0.0,0.0,0.0,5.0,3.0,37.0,1.0,3.0,0.0,12.70,12.7
2024,15,NBB,WR,Jayden Reed,GB,@SEA,15,0.0,0.0,0.0,0.0,0.0,3.0,27.0,0.0,1.0,6.0,5.0,34.0,0.0,1.0,0.0,8.10,8.1
2024,15,NBB,RB,Blake Corum,LAR,@SF,21,0.0,0.0,0.0,0.0,0.0,3.0,5.0,0.0,0.0,3.0,2.0,15.0,0.0,2.0,0.0,4.00,4.0
2024,15,NBB,TE,Kyle Pitts,ATL,@LV,29,0.0,0.0,0.0,0.0,0.0,0.0,0.0,0.0,0.0,4.0,4.0,28.0,0.0,1.0,0.0,3.80,3.8
2024,15,NBB,RB,Gus Edwards,LAC,TB,10,0.0,0.0,0.0,0.0,0.0,8.0,23.0,0.0,1.0,0.0,0.0,0.0,0.0,0.0,0.0,3.30,3.3
2024,15,NBB,RB,Nick Chubb,CLE,KC,1,0.0,0.0,0.0,0.0,0.0,9.0,41.0,0.0,1.0,1.0,0.0,0.0,0.0,0.0,1.0,3.10,3.1
2024,15,NBB,WR,Chris Godwin,TB,@LAC,19,0.0,0.0,0.0,0.0,0.0,0.0,0.0,0.0,0.0,0.0,0.0,0.0,0.0,0.0,0.0,-,0.0
2024,15,NBB,TE,Dallas Goedert,PHI,PIT,15,0.0,0.0,0.0,0.0,0.0,0.0,0.0,0.0,0.0,0.0,0.0,0.0,0.0,0.0,0.0,-,0.0
2024,15,NBB,QB,Aidan O'Connell,LV,ATL,26,0.0,0.0,0.0,0.0,0.0,0.0,0.0,0.0,0.0,0.0,0.0,0.0,0.0,0.0,0.0,-,0.0
2024,15,NBB,RB,Will Shipley,PHI,PIT,12,0.0,0.0,0.0,0.0,0.0,0.0,0.0,0.0,0.0,0.0,0.0,0.0,0.0,0.0,0.0,0.00,0.0
2024,15,NBB,TE,David Njoku,CLE,KC,28,0.0,0.0,0.0,0.0,0.0,0.0,0.0,0.0,0.0,0.0,0.0,0.0,0.0,0.0,0.0,-,0.0
2024,15,NBB,QB,Trevor Lawrence,JAC,NYJ,23,0.0,0.0,0.0,0.0,0.0,0.0,0.0,0.0,0.0,0.0,0.0,0.0,0.0,0.0,0.0,-,0.0
2024,15,NBB,DST,Giants,NYG,BAL,2,,,,,,,,,,,,,,,,4.00,4.0
2024,15,PCP,RB,Tyjae Spears,TEN,CIN,20,0.0,0.0,0.0,0.0,0.0,4.0,5.0,1.0,1.0,7.0,6.0,87.0,1.0,3.0,0.0,25.20,25.2
2024,15,PCP,WR,CeeDee Lamb,DAL,@CAR,18,0.0,0.0,0.0,0.0,0.0,0.0,0.0,0.0,0.0,13.0,9.0,116.0,1.0,6.0,0.0,23.60,23.6
2024,15,PCP,WR,AJ Brown,PHI,PIT,14,0.0,0.0,0.0,0.0,0.0,0.0,0.0,0.0,0.0,11.0,8.0,110.0,1.0,5.0,0.0,22.00,22.0
2024,15,PCP,RB,Rico Dowdle,DAL,@CAR,32,0.0,0.0,0.0,0.0,0.0,25.0,149.0,0.0,7.0,0.0,0.0,0.0,0.0,0.0,0.0,21.90,21.9
2024,15,PCP,QB,Joe Burrow,CIN,@TEN,20,26.0,37.0,271.0,3.0,2.0,0.0,0.0,0.0,0.0,0.0,0.0,0.0,0.0,0.0,1.0,16.84,16.84
2024,15,PCP,RB,Kyren Williams,LAR,@SF,21,0.0,0.0,0.0,0.0,0.0,29.0,108.0,0.0,5.0,2.0,2.0,4.0,0.0,0.0,0.0,16.20,16.2
2024,15,PCP,WR,Garrett Wilson,NYJ,@JAC,30,0.0,0.0,0.0,0.0,0.0,0.0,0.0,0.0,0.0,6.0,3.0,56.0,1.0,3.0,0.0,14.60,14.6
2024,15,PCP,TE,Pat Freiermuth,PIT,@PHI,11,0.0,0.0,0.0,0.0,0.0,0.0,0.0,0.0,0.0,6.0,3.0,22.0,1.0,2.0,0.0,10.20,10.2
2024,15,PCP,TE,TJ Hockenson,MIN,CHI,24,0.0,0.0,0.0,0.0,0.0,0.0,0.0,0.0,0.0,7.0,5.0,52.0,0.0,4.0,0.0,9.20,9.2
2024,15,PCP,RB,Ezekiel Elliott,DAL,@CAR,32,0.0,0.0,0.0,0.0,0.0,9.0,30.0,0.0,3.0,1.0,1.0,11.0,0.0,1.0,0.0,8.10,8.1
2024,15,PCP,WR,Keon Coleman,BUF,@DET,25,0.0,0.0,0.0,0.0,0.0,0.0,0.0,0.0,0.0,2.0,1.0,64.0,0.0,1.0,0.0,7.40,7.4
2024,15,PCP,QB,Geno Smith,SEA,GB,6,15.0,19.0,149.0,0.0,1.0,1.0,5.0,0.0,1.0,0.0,0.0,0.0,0.0,0.0,0.0,5.46,5.46
2024,15,PCP,RB,Trey Benson,ARI,NE,26,0.0,0.0,0.0,0.0,0.0,5.0,22.0,0.0,2.0,0.0,0.0,0.0,0.0,0.0,0.0,4.20,4.2
2024,15,PCP,RB,Braelon Allen,NYJ,@JAC,30,0.0,0.0,0.0,0.0,0.0,2.0,5.0,0.0,0.0,0.0,0.0,0.0,0.0,0.0,0.0,0.50,0.5
2024,15,PCP,RB,Dameon Pierce,HOU,MIA,19,0.0,0.0,0.0,0.0,0.0,0.0,0.0,0.0,0.0,0.0,0.0,0.0,0.0,0.0,0.0,0.00,0.0
2024,15,PCP,WR,Rashee Rice,KC,@CLE,28,0.0,0.0,0.0,0.0,0.0,0.0,0.0,0.0,0.0,0.0,0.0,0.0,0.0,0.0,0.0,-,0.0
2024,15,PCP,QB,Daniel Jones,MIN,CHI,2,0.0,0.0,0.0,0.0,0.0,0.0,0.0,0.0,0.0,0.0,0.0,0.0,0.0,0.0,0.0,-,0.0
2024,15,PCP,TE,Luke Musgrave,GB,@SEA,19,0.0,0.0,0.0,0.0,0.0,0.0,0.0,0.0,0.0,0.0,0.0,0.0,0.0,0.0,0.0,-,0.0
2024,15,PCP,DST,Ravens,BAL,@NYG,29,,,,,,,,,,,,,,,,8.00,8.0
2024,15,PP,RB,Josh Jacobs,GB,@SEA,22,0.0,0.0,0.0,0.0,0.0,26.0,94.0,1.0,5.0,4.0,4.0,42.0,0.0,2.0,1.0,24.60,24.6
2024,15,PP,WR,Romeo Doubs,GB,@SEA,15,0.0,0.0,0.0,0.0,0.0,0.0,0.0,0.0,0.0,5.0,3.0,40.0,2.0,2.0,0.0,18.00,18.0
2024,15,PP,QB,Justin Herbert,LAC,TB,31,21.0,33.0,195.0,2.0,1.0,0.0,0.0,0.0,0.0,0.0,0.0,0.0,0.0,0.0,0.0,13.80,13.8
2024,15,PP,QB,CJ Stroud,HOU,MIA,1,18.0,26.0,131.0,2.0,0.0,6.0,4.0,0.0,1.0,0.0,0.0,0.0,0.0,0.0,1.0,12.64,12.64
2024,15,PP,WR,Courtland Sutton,DEN,IND,10,0.0,0.0,0.0,0.0,0.0,0.0,0.0,0.0,0.0,9.0,3.0,32.0,1.0,2.0,0.0,11.20,11.2
2024,15,PP,RB,Devin Singletary,NYG,BAL,5,0.0,0.0,0.0,0.0,0.0,8.0,25.0,1.0,1.0,3.0,3.0,16.0,0.0,0.0,0.0,11.10,11.1
2024,15,PP,WR,Calvin Ridley,TEN,CIN,20,0.0,0.0,0.0,0.0,0.0,1.0,19.0,0.0,1.0,5.0,3.0,41.0,0.0,2.0,0.0,9.00,9.0
2024,15,PP,WR,Wan'Dale Robinson,NYG,BAL,31,0.0,0.0,0.0,0.0,0.0,0.0,0.0,0.0,0.0,9.0,4.0,38.0,0.0,2.0,0.0,5.80,5.8
2024,15,PP,WR,Jauan Jennings,SF,LAR,24,0.0,0.0,0.0,0.0,0.0,0.0,0.0,0.0,0.0,9.0,2.0,31.0,0.0,2.0,0.0,5.10,5.1
2024,15,PP,QB,Brock Purdy,SF,LAR,24,14.0,31.0,142.0,0.0,1.0,1.0,3.0,0.0,1.0,0.0,0.0,0.0,0.0,0.0,0.0,4.98,4.98
2024,15,PP,TE,Tucker Kraft,GB,@SEA,19,0.0,0.0,0.0,0.0,0.0,0.0,0.0,0.0,0.0,2.0,2.0,34.0,0.0,1.0,0.0,4.40,4.4
2024,15,PP,TE,Isaiah Likely,BAL,@NYG,3,0.0,0.0,0.0,0.0,0.0,0.0,0.0,0.0,0.0,2.0,2.0,17.0,0.0,1.0,0.0,2.70,2.7
2024,15,PP,RB,Audric Estime,DEN,IND,24,0.0,0.0,0.0,0.0,0.0,5.0,13.0,0.0,0.0,1.0,1.0,5.0,0.0,0.0,0.0,1.80,1.8
2024,15,PP,RB,Jeremy McNichols,WAS,@NO,23,0.0,0.0,0.0,0.0,0.0,2.0,4.0,0.0,0.0,2.0,1.0,0.0,0.0,0.0,0.0,0.40,0.4
2024,15,PP,WR,Amari Cooper,BUF,@DET,25,0.0,0.0,0.0,0.0,0.0,0.0,0.0,0.0,0.0,0.0,0.0,0.0,0.0,0.0,0.0,0.00,0.0
2024,15,PP,WR,Stefon Diggs,HOU,MIA,3,0.0,0.0,0.0,0.0,0.0,0.0,0.0,0.0,0.0,0.0,0.0,0.0,0.0,0.0,0.0,-,0.0
2024,15,PP,QB,JJ McCarthy,MIN,CHI,2,0.0,0.0,0.0,0.0,0.0,0.0,0.0,0.0,0.0,0.0,0.0,0.0,0.0,0.0,0.0,-,0.0
2024,15,PP,WR,Malachi Corley,NYJ,@JAC,30,0.0,0.0,0.0,0.0,0.0,0.0,0.0,0.0,0.0,0.0,0.0,0.0,0.0,0.0,0.0,-,0.0
2024,15,PP,RB,MarShawn Lloyd,GB,@SEA,22,0.0,0.0,0.0,0.0,0.0,0.0,0.0,0.0,0.0,0.0,0.0,0.0,0.0,0.0,0.0,-,0.0
2024,15,PP,TE,Mark Andrews Dead Cap,BAL,0,0,0.0,0.0,0.0,0.0,0.0,0.0,0.0,0.0,0.0,0.0,0.0,0.0,0.0,0.0,0.0,-,0.0
2024,15,PP,TE,Taysom Hill,NO,WAS,18,0.0,0.0,0.0,0.0,0.0,0.0,0.0,0.0,0.0,0.0,0.0,0.0,0.0,0.0,0.0,-,0.0
2024,15,PP,DST,Commanders,WAS,@NO,18,,,,,,,,,,,,,,,,6.00,6.0
2024,15,RR,WR,Davante Adams,NYJ,@JAC,30,0.0,0.0,0.0,0.0,0.0,0.0,0.0,0.0,0.0,12.0,9.0,198.0,2.0,6.0,0.0,39.80,39.8
2024,15,RR,QB,Baker Mayfield,TB,@LAC,16,22.0,27.0,288.0,4.0,1.0,2.0,25.0,0.0,1.0,0.0,0.0,0.0,0.0,0.0,0.0,29.02,29.02
2024,15,RR,WR,Jalen McMillan,TB,@LAC,19,0.0,0.0,0.0,0.0,0.0,0.0,0.0,0.0,0.0,6.0,5.0,75.0,1.0,3.0,0.0,16.50,16.5
2024,15,RR,WR,Justin Jefferson,MIN,CHI,5,0.0,0.0,0.0,0.0,0.0,0.0,0.0,0.0,0.0,13.0,7.0,73.0,1.0,3.0,0.0,16.30,16.3
2024,15,RR,RB,Rachaad White,TB,@LAC,6,0.0,0.0,0.0,0.0,0.0,15.0,64.0,0.0,3.0,2.0,2.0,17.0,1.0,1.0,1.0,16.10,16.1
2024,15,RR,RB,Alvin Kamara,NO,WAS,14,0.0,0.0,0.0,0.0,0.0,5.0,12.0,0.0,0.0,5.0,4.0,58.0,1.0,2.0,0.0,15.00,15.0
2024,15,RR,TE,Jonnu Smith,MIA,@HOU,6,0.0,0.0,0.0,0.0,0.0,0.0,0.0,0.0,0.0,11.0,9.0,48.0,1.0,3.0,0.0,13.80,13.8
2024,15,RR,WR,Jordan Addison,MIN,CHI,5,0.0,0.0,0.0,0.0,0.0,0.0,0.0,0.0,0.0,9.0,7.0,63.0,0.0,3.0,0.0,9.30,9.3
2024,15,RR,RB,Kareem Hunt,KC,@CLE,8,0.0,0.0,0.0,0.0,0.0,13.0,45.0,0.0,3.0,2.0,1.0,4.0,0.0,0.0,0.0,7.90,7.9
2024,15,RR,RB,Joe Mixon,HOU,MIA,19,0.0,0.0,0.0,0.0,0.0,12.0,23.0,0.0,0.0,6.0,5.0,33.0,0.0,1.0,0.0,6.60,6.6
2024,15,RR,QB,Kirk Cousins,ATL,@LV,22,11.0,17.0,112.0,1.0,1.0,3.0,0.0,0.0,0.0,0.0,0.0,0.0,0.0,0.0,0.0,6.48,6.48
2024,15,RR,TE,Cade Otton,TB,@LAC,4,0.0,0.0,0.0,0.0,0.0,0.0,0.0,0.0,0.0,3.0,2.0,24.0,0.0,2.0,0.0,4.40,4.4
2024,15,RR,QB,Tua Tagovailoa,MIA,@HOU,11,29.0,40.0,196.0,1.0,3.0,0.0,0.0,0.0,0.0,0.0,0.0,0.0,0.0,0.0,1.0,3.84,3.84
2024,15,RR,RB,Kimani Vidal,LAC,TB,10,0.0,0.0,0.0,0.0,0.0,3.0,9.0,0.0,0.0,3.0,2.0,13.0,0.0,1.0,0.0,3.20,3.2
2024,15,RR,QB,Michael Penix,ATL,@LV,22,0.0,0.0,0.0,0.0,0.0,0.0,0.0,0.0,0.0,0.0,0.0,0.0,0.0,0.0,0.0,-,0.0
2024,15,RR,WR,George Pickens,PIT,@PHI,1,0.0,0.0,0.0,0.0,0.0,0.0,0.0,0.0,0.0,0.0,0.0,0.0,0.0,0.0,0.0,-,0.0
2024,15,RR,RB,Christian McCaffrey,SF,LAR,17,0.0,0.0,0.0,0.0,0.0,0.0,0.0,0.0,0.0,0.0,0.0,0.0,0.0,0.0,0.0,-,0.0
2024,15,RR,WR,Diontae Johnson,BAL,@NYG,8,0.0,0.0,0.0,0.0,0.0,0.0,0.0,0.0,0.0,0.0,0.0,0.0,0.0,0.0,0.0,-,0.0
2024,15,RR,WR,Cedric Tillman,CLE,KC,12,0.0,0.0,0.0,0.0,0.0,0.0,0.0,0.0,0.0,0.0,0.0,0.0,0.0,0.0,0.0,-,0.0
2024,15,RR,DST,Steelers,PIT,@PHI,13,,,,,,,,,,,,,,,,7.00,7.0
2024,15,SBS,QB,Lamar Jackson,BAL,@NYG,25,21.0,25.0,290.0,5.0,0.0,6.0,65.0,0.0,4.0,0.0,0.0,0.0,0.0,0.0,1.0,40.10,40.1
2024,15,SBS,QB,Jayden Daniels,WAS,@NO,13,25.0,31.0,226.0,2.0,0.0,11.0,66.0,0.0,6.0,0.0,0.0,0.0,0.0,0.0,0.0,29.64,29.64
2024,15,SBS,WR,Rashod Bateman,BAL,@NYG,8,0.0,0.0,0.0,0.0,0.0,0.0,0.0,0.0,0.0,5.0,3.0,80.0,2.0,3.0,0.0,23.00,23.0
2024,15,SBS,RB,Jerome Ford,CLE,KC,1,0.0,0.0,0.0,0.0,0.0,7.0,84.0,1.0,2.0,2.0,2.0,20.0,0.0,1.0,0.0,19.40,19.4
2024,15,SBS,RB,Jonathan Taylor,IND,@DEN,11,0.0,0.0,0.0,0.0,0.0,22.0,107.0,0.0,4.0,2.0,1.0,4.0,0.0,0.0,1.0,13.10,13.1
2024,15,SBS,QB,Russell Wilson,PIT,@PHI,7,14.0,22.0,128.0,1.0,0.0,4.0,13.0,0.0,2.0,0.0,0.0,0.0,0.0,0.0,1.0,10.42,10.42
2024,15,SBS,RB,Chuba Hubbard,CAR,DAL,27,0.0,0.0,0.0,0.0,0.0,10.0,32.0,0.0,2.0,4.0,4.0,17.0,0.0,3.0,0.0,9.90,9.9
2024,15,SBS,WR,Christian Watson,GB,@SEA,15,0.0,0.0,0.0,0.0,0.0,0.0,0.0,0.0,0.0,6.0,3.0,56.0,0.0,2.0,0.0,7.60,7.6
2024,15,SBS,RB,David Montgomery,DET,BUF,31,0.0,0.0,0.0,0.0,0.0,5.0,4.0,0.0,0.0,4.0,4.0,31.0,0.0,2.0,0.0,5.50,5.5
2024,15,SBS,TE,Zach Ertz,WAS,@NO,13,0.0,0.0,0.0,0.0,0.0,0.0,0.0,0.0,0.0,2.0,2.0,25.0,0.0,1.0,0.0,3.50,3.5
2024,15,SBS,WR,Nick Westbrook-Ikhine,TEN,CIN,20,0.0,0.0,0.0,0.0,0.0,0.0,0.0,0.0,0.0,3.0,2.0,9.0,0.0,2.0,0.0,2.90,2.9
2024,15,SBS,WR,Deebo Samuel,SF,LAR,24,0.0,0.0,0.0,0.0,0.0,2.0,3.0,0.0,0.0,7.0,3.0,16.0,0.0,0.0,0.0,1.90,1.9
2024,15,SBS,WR,Troy Franklin,DEN,IND,10,0.0,0.0,0.0,0.0,0.0,0.0,0.0,0.0,0.0,5.0,2.0,9.0,0.0,0.0,0.0,0.90,0.9
2024,15,SBS,RB,Jaylen Wright,MIA,@HOU,4,0.0,0.0,0.0,0.0,0.0,1.0,3.0,0.0,0.0,0.0,0.0,0.0,0.0,0.0,0.0,0.30,0.3
2024,15,SBS,WR,Christian Kirk,JAC,NYJ,7,0.0,0.0,0.0,0.0,0.0,0.0,0.0,0.0,0.0,0.0,0.0,0.0,0.0,0.0,0.0,-,0.0
2024,15,SBS,RB,Patrick Taylor,SF,LAR,17,0.0,0.0,0.0,0.0,0.0,0.0,0.0,0.0,0.0,0.0,0.0,0.0,0.0,0.0,0.0,0.00,0.0
2024,15,SBS,WR,Alec Pierce,IND,@DEN,6,0.0,0.0,0.0,0.0,0.0,0.0,0.0,0.0,0.0,4.0,0.0,0.0,0.0,0.0,0.0,0.00,0.0
2024,15,SBS,DST,Lions,DET,BUF,1,,,,,,,,,,,,,,,,-4.00,-4.0
2024,16,ABT,RB,Saquon Barkley,PHI,@WAS,20,0.0,0.0,0.0,0.0,0.0,29.0,150.0,2.0,5.0,1.0,0.0,0.0,0.0,0.0,0.0,32.00,32.0
2024,16,ABT,QB,Bryce Young,CAR,ARI,12,17.0,26.0,158.0,2.0,0.0,5.0,68.0,1.0,3.0,0.0,0.0,0.0,0.0,0.0,0.0,30.12,30.12
2024,16,ABT,WR,Keenan Allen,CHI,DET,30,0.0,0.0,0.0,0.0,0.0,0.0,0.0,0.0,0.0,13.0,9.0,141.0,1.0,7.0,0.0,27.10,27.1
2024,16,ABT,QB,Caleb Williams,CHI,DET,26,26.0,40.0,334.0,2.0,0.0,6.0,34.0,0.0,1.0,0.0,0.0,0.0,0.0,0.0,1.0,23.76,23.76
2024,16,ABT,RB,Chase Brown,CIN,CLE,7,0.0,0.0,0.0,0.0,0.0,18.0,91.0,0.0,5.0,3.0,3.0,18.0,0.0,2.0,0.0,17.90,17.9
2024,16,ABT,WR,Josh Downs,IND,TEN,1,0.0,0.0,0.0,0.0,0.0,0.0,0.0,0.0,0.0,4.0,3.0,61.0,1.0,2.0,0.0,14.10,14.1
2024,16,ABT,TE,Hunter Henry,NE,@BUF,16,0.0,0.0,0.0,0.0,0.0,0.0,0.0,0.0,0.0,8.0,4.0,39.0,1.0,4.0,0.0,13.90,13.9
2024,16,ABT,RB,Alexander Mattison,LV,JAC,30,0.0,0.0,0.0,0.0,0.0,12.0,27.0,1.0,1.0,7.0,4.0,29.0,0.0,1.0,0.0,13.60,13.6
2024,16,ABT,WR,DJ Moore,CHI,DET,30,0.0,0.0,0.0,0.0,0.0,1.0,2.0,0.0,0.0,10.0,7.0,68.0,0.0,4.0,0.0,11.00,11.0
2024,16,ABT,WR,Puka Nacua,LAR,@NYJ,7,0.0,0.0,0.0,0.0,0.0,0.0,0.0,0.0,0.0,9.0,8.0,56.0,0.0,3.0,0.0,8.60,8.6
2024,16,ABT,RB,Najee Harris,PIT,@BAL,4,0.0,0.0,0.0,0.0,0.0,9.0,42.0,0.0,1.0,1.0,0.0,0.0,0.0,0.0,0.0,5.20,5.2
2024,16,ABT,TE,Jake Ferguson,DAL,TB,25,0.0,0.0,0.0,0.0,0.0,0.0,0.0,0.0,0.0,9.0,6.0,40.0,0.0,1.0,0.0,5.00,5.0
2024,16,ABT,RB,Jonathon Brooks,CAR,ARI,23,0.0,0.0,0.0,0.0,0.0,0.0,0.0,0.0,0.0,0.0,0.0,0.0,0.0,0.0,0.0,-,0.0
2024,16,ABT,WR,Jermaine Burton,CIN,CLE,29,0.0,0.0,0.0,0.0,0.0,0.0,0.0,0.0,0.0,0.0,0.0,0.0,0.0,0.0,0.0,0.00,0.0
2024,16,ABT,RB,Keaton Mitchell,BAL,PIT,12,0.0,0.0,0.0,0.0,0.0,0.0,0.0,0.0,0.0,0.0,0.0,0.0,0.0,0.0,0.0,-,0.0
2024,16,ABT,WR,Chris Olave,NO,@GB,6,0.0,0.0,0.0,0.0,0.0,0.0,0.0,0.0,0.0,0.0,0.0,0.0,0.0,0.0,0.0,-,0.0
2024,16,ABT,WR,Roman Wilson,PIT,@BAL,31,0.0,0.0,0.0,0.0,0.0,0.0,0.0,0.0,0.0,0.0,0.0,0.0,0.0,0.0,0.0,-,0.0
2024,16,ABT,QB,Dak Prescott,DAL,TB,30,0.0,0.0,0.0,0.0,0.0,0.0,0.0,0.0,0.0,0.0,0.0,0.0,0.0,0.0,0.0,-,0.0
2024,16,ABT,QB,Jake Haener,NO,@GB,3,0.0,0.0,0.0,0.0,0.0,0.0,0.0,0.0,0.0,0.0,0.0,0.0,0.0,0.0,0.0,-,0.0
2024,16,ABT,DST,Eagles,PHI,@WAS,8,,,,,,,,,,,,,,,,8.00,8.0
2024,16,CLC,RB,Ameer Abdullah,LV,JAC,30,0.0,0.0,0.0,0.0,0.0,7.0,38.0,1.0,2.0,6.0,5.0,47.0,0.0,2.0,0.0,18.50,18.5
2024,16,CLC,RB,Breece Hall,NYJ,LAR,15,0.0,0.0,0.0,0.0,0.0,14.0,52.0,0.0,2.0,6.0,5.0,38.0,0.0,2.0,0.0,13.00,13.0
2024,16,CLC,QB,Jordan Love,GB,NO,11,16.0,28.0,182.0,1.0,0.0,1.0,2.0,0.0,1.0,0.0,0.0,0.0,0.0,0.0,0.0,12.48,12.48
2024,16,CLC,WR,Darnell Mooney,ATL,NYG,12,0.0,0.0,0.0,0.0,0.0,0.0,0.0,0.0,0.0,6.0,5.0,82.0,0.0,4.0,0.0,12.20,12.2
2024,16,CLC,WR,DeVonta Smith,PHI,@WAS,11,0.0,0.0,0.0,0.0,0.0,0.0,0.0,0.0,0.0,8.0,6.0,51.0,0.0,5.0,0.0,10.10,10.1
2024,16,CLC,RB,Javonte Williams,DEN,@LAC,8,0.0,0.0,0.0,0.0,0.0,4.0,24.0,0.0,2.0,11.0,7.0,29.0,0.0,2.0,0.0,9.30,9.3
2024,16,CLC,WR,Nico Collins,HOU,@KC,9,0.0,0.0,0.0,0.0,0.0,0.0,0.0,0.0,0.0,10.0,7.0,60.0,0.0,3.0,0.0,9.00,9.0
2024,16,CLC,WR,Rome Odunze,CHI,DET,30,0.0,0.0,0.0,0.0,0.0,0.0,0.0,0.0,0.0,7.0,4.0,77.0,0.0,3.0,1.0,8.70,8.7
2024,16,CLC,WR,Ricky Pearsall,SF,@MIA,2,0.0,0.0,0.0,0.0,0.0,0.0,0.0,0.0,0.0,4.0,4.0,37.0,0.0,2.0,0.0,5.70,5.7
2024,16,CLC,RB,Justice Hill,BAL,PIT,12,0.0,0.0,0.0,0.0,0.0,2.0,30.0,0.0,1.0,1.0,0.0,0.0,0.0,0.0,0.0,4.00,4.0
2024,16,CLC,TE,Dalton Kincaid,BUF,NE,17,0.0,0.0,0.0,0.0,0.0,0.0,0.0,0.0,0.0,7.0,4.0,15.0,0.0,1.0,0.0,2.50,2.5
2024,16,CLC,QB,Justin Fields,PIT,@BAL,25,0.0,0.0,0.0,0.0,0.0,0.0,0.0,0.0,0.0,0.0,0.0,0.0,0.0,0.0,0.0,-,0.0
2024,16,CLC,QB,Desmond Ridder,LV,JAC,32,0.0,0.0,0.0,0.0,0.0,0.0,0.0,0.0,0.0,0.0,0.0,0.0,0.0,0.0,0.0,-,0.0
2024,16,CLC,WR,Ja'Lynn Polk,NE,@BUF,17,0.0,0.0,0.0,0.0,0.0,0.0,0.0,0.0,0.0,0.0,0.0,0.0,0.0,0.0,0.0,0.00,0.0
2024,16,CLC,RB,Zack Moss,CIN,CLE,7,0.0,0.0,0.0,0.0,0.0,0.0,0.0,0.0,0.0,0.0,0.0,0.0,0.0,0.0,0.0,-,0.0
2024,16,CLC,WR,Jaylen Waddle,MIA,SF,5,0.0,0.0,0.0,0.0,0.0,0.0,0.0,0.0,0.0,0.0,0.0,0.0,0.0,0.0,0.0,-,0.0
2024,16,CLC,DST,Bears,CHI,DET,3,,,,,,,,,,,,,,,,1.00,1.0
2024,16,CPC,RB,James Cook,BUF,NE,26,0.0,0.0,0.0,0.0,0.0,11.0,100.0,1.0,3.0,3.0,3.0,26.0,1.0,3.0,0.0,30.60,30.6
2024,16,CPC,RB,Derrick Henry,BAL,PIT,12,0.0,0.0,0.0,0.0,0.0,24.0,162.0,0.0,8.0,2.0,2.0,27.0,0.0,1.0,0.0,27.90,27.9
2024,16,CPC,QB,Sam Darnold,MIN,@SEA,10,22.0,35.0,246.0,3.0,0.0,5.0,11.0,0.0,1.0,0.0,0.0,0.0,0.0,0.0,0.0,23.94,23.94
2024,16,CPC,WR,Ja'Marr Chase,CIN,CLE,29,0.0,0.0,0.0,0.0,0.0,1.0,7.0,0.0,0.0,8.0,6.0,97.0,1.0,6.0,0.0,22.40,22.4
2024,16,CPC,QB,Drake Maye,NE,@BUF,6,22.0,36.0,261.0,2.0,1.0,6.0,30.0,0.0,3.0,0.0,0.0,0.0,0.0,0.0,1.0,20.44,20.44
2024,16,CPC,TE,George Kittle,SF,@MIA,18,0.0,0.0,0.0,0.0,0.0,0.0,0.0,0.0,0.0,9.0,8.0,106.0,0.0,4.0,0.0,14.60,14.6
2024,16,CPC,WR,Adam Thielen,CAR,ARI,10,0.0,0.0,0.0,0.0,0.0,0.0,0.0,0.0,0.0,6.0,5.0,43.0,1.0,4.0,0.0,14.30,14.3
2024,16,CPC,WR,Tee Higgins,CIN,CLE,29,0.0,0.0,0.0,0.0,0.0,0.0,0.0,0.0,0.0,11.0,8.0,58.0,1.0,2.0,0.0,13.80,13.8
2024,16,CPC,WR,Tyreek Hill,MIA,SF,5,0.0,0.0,0.0,0.0,0.0,0.0,0.0,0.0,0.0,7.0,3.0,29.0,1.0,3.0,0.0,11.90,11.9
2024,16,CPC,WR,Ladd McConkey,LAC,DEN,15,0.0,0.0,0.0,0.0,0.0,0.0,0.0,0.0,0.0,6.0,6.0,87.0,0.0,3.0,0.0,11.70,11.7
2024,16,CPC,WR,Dontayvion Wicks,GB,NO,26,0.0,0.0,0.0,0.0,0.0,0.0,0.0,0.0,0.0,7.0,3.0,13.0,1.0,2.0,0.0,9.30,9.3
2024,16,CPC,RB,Tony Pollard,TEN,@IND,22,0.0,0.0,0.0,0.0,0.0,8.0,35.0,0.0,1.0,4.0,2.0,5.0,0.0,0.0,0.0,7.00,7.0
2024,16,CPC,WR,Jakobi Meyers,LV,JAC,28,0.0,0.0,0.0,0.0,0.0,0.0,0.0,0.0,0.0,5.0,2.0,41.0,0.0,2.0,0.0,6.10,6.1
2024,16,CPC,RB,Brian Robinson,WAS,PHI,2,0.0,0.0,0.0,0.0,0.0,10.0,24.0,0.0,2.0,3.0,2.0,17.0,0.0,1.0,2.0,3.10,3.1
2024,16,CPC,TE,Ja'Tavion Sanders,CAR,ARI,7,0.0,0.0,0.0,0.0,0.0,0.0,0.0,0.0,0.0,0.0,0.0,0.0,0.0,0.0,0.0,0.00,0.0
2024,16,CPC,QB,Derek Carr,NO,@GB,3,0.0,0.0,0.0,0.0,0.0,0.0,0.0,0.0,0.0,0.0,0.0,0.0,0.0,0.0,0.0,-,0.0
2024,16,CPC,RB,Jordan Mason,SF,@MIA,14,0.0,0.0,0.0,0.0,0.0,0.0,0.0,0.0,0.0,0.0,0.0,0.0,0.0,0.0,0.0,-,0.0
2024,16,CPC,RB,JK Dobbins,LAC,DEN,11,0.0,0.0,0.0,0.0,0.0,0.0,0.0,0.0,0.0,0.0,0.0,0.0,0.0,0.0,0.0,-,0.0
2024,16,CPC,DST,Chargers,LAC,DEN,6,,,,,,,,,,,,,,,,2.00,2.0
2024,16,DDD,RB,De'Von Achane,MIA,SF,24,0.0,0.0,0.0,0.0,0.0,17.0,120.0,1.0,3.0,7.0,6.0,70.0,0.0,4.0,0.0,32.00,32.0
2024,16,DDD,RB,Jahmyr Gibbs,DET,@CHI,29,0.0,0.0,0.0,0.0,0.0,23.0,109.0,1.0,8.0,5.0,4.0,45.0,0.0,2.0,0.0,31.40,31.4
2024,16,DDD,QB,Jared Goff,DET,@CHI,2,23.0,32.0,336.0,3.0,0.0,1.0,-1.0,0.0,0.0,0.0,0.0,0.0,0.0,0.0,0.0,25.44,25.44
2024,16,DDD,WR,Tank Dell,HOU,@KC,9,0.0,0.0,0.0,0.0,0.0,0.0,0.0,0.0,0.0,7.0,6.0,98.0,1.0,6.0,0.0,21.80,21.8
2024,16,DDD,RB,Bucky Irving,TB,@DAL,25,0.0,0.0,0.0,0.0,0.0,16.0,68.0,1.0,5.0,3.0,3.0,24.0,0.0,1.0,0.0,21.20,21.2
2024,16,DDD,QB,Cooper Rush,DAL,TB,30,26.0,35.0,292.0,1.0,0.0,3.0,-4.0,0.0,0.0,0.0,0.0,0.0,0.0,0.0,0.0,15.68,15.68
2024,16,DDD,QB,Mason Rudolph,TEN,@IND,24,23.0,34.0,252.0,2.0,3.0,4.0,3.0,0.0,1.0,0.0,0.0,0.0,0.0,0.0,0.0,15.38,15.38
2024,16,DDD,WR,Zay Flowers,BAL,PIT,14,0.0,0.0,0.0,0.0,0.0,1.0,3.0,0.0,0.0,8.0,5.0,100.0,0.0,5.0,0.0,15.30,15.3
2024,16,DDD,QB,Mac Jones,JAC,@LV,16,25.0,39.0,247.0,1.0,0.0,0.0,0.0,0.0,0.0,0.0,0.0,0.0,0.0,0.0,0.0,13.88,13.88
2024,16,DDD,RB,Tank Bigsby,JAC,@LV,16,0.0,0.0,0.0,0.0,0.0,12.0,50.0,1.0,4.0,1.0,1.0,1.0,0.0,0.0,1.0,13.10,13.1
2024,16,DDD,TE,Sam LaPorta,DET,@CHI,23,0.0,0.0,0.0,0.0,0.0,0.0,0.0,0.0,0.0,7.0,4.0,43.0,1.0,2.0,0.0,12.30,12.3
2024,16,DDD,QB,Dorian Thompson-Robinson,CLE,@CIN,28,20.0,34.0,157.0,0.0,2.0,9.0,49.0,0.0,3.0,0.0,0.0,0.0,0.0,0.0,0.0,10.18,10.18
2024,16,DDD,WR,Malik Nabers,NYG,@ATL,27,0.0,0.0,0.0,0.0,0.0,0.0,0.0,0.0,0.0,14.0,7.0,68.0,0.0,3.0,0.0,9.80,9.8
2024,16,DDD,RB,Kenneth Walker,SEA,MIN,3,0.0,0.0,0.0,0.0,0.0,8.0,31.0,0.0,2.0,8.0,8.0,28.0,0.0,1.0,0.0,8.90,8.9
2024,16,DDD,QB,Spencer Rattler,NO,@GB,3,15.0,30.0,153.0,0.0,1.0,5.0,28.0,0.0,1.0,0.0,0.0,0.0,0.0,0.0,1.0,5.92,5.92
2024,16,DDD,WR,Adonai Mitchell,IND,TEN,1,0.0,0.0,0.0,0.0,0.0,0.0,0.0,0.0,0.0,1.0,1.0,36.0,0.0,1.0,0.0,4.60,4.6
2024,16,DDD,WR,Quentin Johnston,LAC,DEN,15,0.0,0.0,0.0,0.0,0.0,0.0,0.0,0.0,0.0,6.0,3.0,18.0,0.0,1.0,0.0,2.80,2.8
2024,16,DDD,QB,Deshaun Watson,CLE,@CIN,28,0.0,0.0,0.0,0.0,0.0,0.0,0.0,0.0,0.0,0.0,0.0,0.0,0.0,0.0,0.0,-,0.0
2024,16,DDD,DST,Buccaneers,TB,@DAL,26,,,,,,,,,,,,,,,,1.00,1.0
2024,16,LBC,QB,Anthony Richardson,IND,TEN,23,7.0,11.0,131.0,1.0,1.0,9.0,70.0,1.0,4.0,0.0,0.0,0.0,0.0,0.0,0.0,24.24,24.24
2024,16,LBC,QB,Bo Nix,DEN,@LAC,14,29.0,40.0,263.0,2.0,0.0,3.0,25.0,0.0,2.0,0.0,0.0,0.0,0.0,0.0,0.0,23.02,23.02
2024,16,LBC,WR,Jaxon Smith-Njigba,SEA,MIN,32,0.0,0.0,0.0,0.0,0.0,1.0,5.0,0.0,0.0,12.0,8.0,95.0,1.0,5.0,0.0,21.00,21.0
2024,16,LBC,TE,Brock Bowers,LV,JAC,27,0.0,0.0,0.0,0.0,0.0,0.0,0.0,0.0,0.0,13.0,11.0,99.0,0.0,6.0,0.0,15.90,15.9
2024,16,LBC,RB,Rhamondre Stevenson,NE,@BUF,27,0.0,0.0,0.0,0.0,0.0,12.0,60.0,1.0,3.0,1.0,1.0,13.0,0.0,1.0,1.0,15.30,15.3
2024,16,LBC,QB,Aaron Rodgers,NYJ,LAR,19,28.0,42.0,256.0,1.0,0.0,1.0,6.0,0.0,0.0,0.0,0.0,0.0,0.0,0.0,1.0,12.84,12.84
2024,16,LBC,WR,Drake London,ATL,NYG,12,0.0,0.0,0.0,0.0,0.0,0.0,0.0,0.0,0.0,8.0,5.0,59.0,0.0,3.0,0.0,8.90,8.9
2024,16,LBC,RB,Raheem Mostert,MIA,SF,24,0.0,0.0,0.0,0.0,0.0,8.0,31.0,0.0,1.0,2.0,2.0,15.0,0.0,1.0,0.0,6.60,6.6
2024,16,LBC,RB,Travis Etienne,JAC,@LV,16,0.0,0.0,0.0,0.0,0.0,9.0,22.0,0.0,1.0,3.0,2.0,15.0,0.0,1.0,0.0,5.70,5.7
2024,16,LBC,WR,Michael Wilson,ARI,@CAR,21,0.0,0.0,0.0,0.0,0.0,0.0,0.0,0.0,0.0,5.0,2.0,44.0,0.0,1.0,0.0,5.40,5.4
2024,16,LBC,RB,Isiah Pacheco,KC,HOU,9,0.0,0.0,0.0,0.0,0.0,9.0,26.0,0.0,2.0,2.0,1.0,-1.0,0.0,0.0,0.0,4.60,4.6
2024,16,LBC,TE,Trey McBride,ARI,@CAR,32,0.0,0.0,0.0,0.0,0.0,0.0,0.0,0.0,0.0,4.0,3.0,20.0,0.0,2.0,0.0,4.00,4.0
2024,16,LBC,WR,Michael Pittman,IND,TEN,1,0.0,0.0,0.0,0.0,0.0,0.0,0.0,0.0,0.0,3.0,2.0,19.0,0.0,2.0,0.0,3.90,3.9
2024,16,LBC,WR,Jerry Jeudy,CLE,@CIN,19,0.0,0.0,0.0,0.0,0.0,0.0,0.0,0.0,0.0,3.0,2.0,20.0,0.0,1.0,0.0,3.00,3.0
2024,16,LBC,RB,Sincere McCormick,LV,JAC,30,0.0,0.0,0.0,0.0,0.0,0.0,0.0,0.0,0.0,0.0,0.0,0.0,0.0,0.0,0.0,-,0.0
2024,16,LBC,WR,Devontez Walker,BAL,PIT,14,0.0,0.0,0.0,0.0,0.0,0.0,0.0,0.0,0.0,0.0,0.0,0.0,0.0,0.0,0.0,0.00,0.0
2024,16,LBC,TE,Evan Engram,JAC,@LV,31,0.0,0.0,0.0,0.0,0.0,0.0,0.0,0.0,0.0,0.0,0.0,0.0,0.0,0.0,0.0,-,0.0
2024,16,LBC,WR,Brandon Aiyuk,SF,@MIA,2,0.0,0.0,0.0,0.0,0.0,0.0,0.0,0.0,0.0,0.0,0.0,0.0,0.0,0.0,0.0,-,0.0
2024,16,LBC,DST,Broncos,DEN,@LAC,6,,,,,,,,,,,,,,,,4.00,4.0
2024,16,LC,RB,James Conner,ARI,@CAR,32,0.0,0.0,0.0,0.0,0.0,15.0,117.0,1.0,4.0,4.0,4.0,49.0,0.0,2.0,0.0,28.60,28.6
2024,16,LC,QB,Patrick Mahomes,KC,HOU,18,28.0,41.0,260.0,1.0,0.0,5.0,33.0,1.0,1.0,0.0,0.0,0.0,0.0,0.0,0.0,24.70,24.7
2024,16,LC,WR,Xavier Worthy,KC,HOU,23,0.0,0.0,0.0,0.0,0.0,3.0,10.0,0.0,0.0,11.0,7.0,65.0,1.0,4.0,0.0,17.50,17.5
2024,16,LC,RB,Jaylen Warren,PIT,@BAL,4,0.0,0.0,0.0,0.0,0.0,12.0,48.0,0.0,4.0,5.0,5.0,44.0,0.0,3.0,0.0,16.20,16.2
2024,16,LC,WR,DK Metcalf,SEA,MIN,32,0.0,0.0,0.0,0.0,0.0,0.0,0.0,0.0,0.0,7.0,3.0,57.0,1.0,2.0,0.0,13.70,13.7
2024,16,LC,TE,Dalton Schultz,HOU,@KC,28,0.0,0.0,0.0,0.0,0.0,0.0,0.0,0.0,0.0,8.0,5.0,45.0,1.0,2.0,0.0,12.50,12.5
2024,16,LC,WR,DeAndre Hopkins,KC,HOU,23,0.0,0.0,0.0,0.0,0.0,0.0,0.0,0.0,0.0,4.0,4.0,37.0,0.0,3.0,0.0,6.70,6.7
2024,16,LC,RB,Tyler Allgeier,ATL,NYG,31,0.0,0.0,0.0,0.0,0.0,11.0,22.0,0.0,3.0,1.0,1.0,9.0,0.0,0.0,0.0,6.10,6.1
2024,16,LC,QB,Jalen Hurts,PHI,@WAS,9,1.0,4.0,11.0,0.0,0.0,3.0,41.0,0.0,1.0,0.0,0.0,0.0,0.0,0.0,0.0,5.54,5.54
2024,16,LC,TE,Juwan Johnson,NO,@GB,22,0.0,0.0,0.0,0.0,0.0,0.0,0.0,0.0,0.0,2.0,2.0,27.0,0.0,2.0,0.0,4.70,4.7
2024,16,LC,WR,Allen Lazard,NYJ,LAR,22,0.0,0.0,0.0,0.0,0.0,0.0,0.0,0.0,0.0,5.0,2.0,20.0,0.0,1.0,0.0,3.00,3.0
2024,16,LC,RB,Zach Charbonnet,SEA,MIN,3,0.0,0.0,0.0,0.0,0.0,1.0,-1.0,0.0,0.0,2.0,2.0,14.0,0.0,1.0,0.0,2.40,2.4
2024,16,LC,RB,Jeff Wilson,MIA,SF,24,0.0,0.0,0.0,0.0,0.0,2.0,12.0,0.0,1.0,0.0,0.0,0.0,0.0,0.0,0.0,2.20,2.2
2024,16,LC,RB,Jamaal Williams,NO,@GB,17,0.0,0.0,0.0,0.0,0.0,3.0,8.0,0.0,0.0,0.0,0.0,0.0,0.0,0.0,0.0,0.80,0.8
2024,16,LC,WR,Rashid Shaheed,NO,@GB,6,0.0,0.0,0.0,0.0,0.0,0.0,0.0,0.0,0.0,0.0,0.0,0.0,0.0,0.0,0.0,-,0.0
2024,16,LC,TE,Ben Sinnott,WAS,PHI,5,0.0,0.0,0.0,0.0,0.0,0.0,0.0,0.0,0.0,0.0,0.0,0.0,0.0,0.0,0.0,0.00,0.0
2024,16,LC,QB,Gardner Minshew,LV,JAC,32,0.0,0.0,0.0,0.0,0.0,0.0,0.0,0.0,0.0,0.0,0.0,0.0,0.0,0.0,0.0,-,0.0
2024,16,LC,WR,Xavier Legette,CAR,ARI,10,0.0,0.0,0.0,0.0,0.0,0.0,0.0,0.0,0.0,0.0,0.0,0.0,0.0,0.0,0.0,-,0.0
2024,16,LC,DST,49ers,SF,@MIA,22,,,,,,,,,,,,,,,,-1.00,-1.0
2024,16,MB,RB,Bijan Robinson,ATL,NYG,31,0.0,0.0,0.0,0.0,0.0,22.0,94.0,2.0,8.0,2.0,2.0,9.0,0.0,1.0,0.0,31.30,31.3
2024,16,MB,QB,Kyler Murray,ARI,@CAR,29,20.0,32.0,202.0,1.0,1.0,8.0,63.0,1.0,4.0,0.0,0.0,0.0,0.0,0.0,1.0,24.38,24.38
2024,16,MB,RB,Tyrone Tracy,NYG,@ATL,10,0.0,0.0,0.0,0.0,0.0,7.0,26.0,0.0,3.0,4.0,4.0,43.0,1.0,3.0,0.0,18.90,18.9
2024,16,MB,WR,Amon-Ra St Brown,DET,@CHI,3,0.0,0.0,0.0,0.0,0.0,0.0,0.0,0.0,0.0,8.0,6.0,70.0,1.0,4.0,0.0,17.00,17.0
2024,16,MB,RB,Aaron Jones,MIN,@SEA,18,0.0,0.0,0.0,0.0,0.0,18.0,67.0,0.0,4.0,5.0,3.0,26.0,0.0,1.0,0.0,14.30,14.3
2024,16,MB,TE,Mark Andrews,BAL,PIT,21,0.0,0.0,0.0,0.0,0.0,1.0,1.0,0.0,1.0,6.0,4.0,37.0,1.0,3.0,0.0,13.80,13.8
2024,16,MB,WR,Josh Palmer,LAC,DEN,15,0.0,0.0,0.0,0.0,0.0,0.0,0.0,0.0,0.0,6.0,3.0,41.0,0.0,2.0,0.0,8.10,8.1
2024,16,MB,QB,Matthew Stafford,LAR,@NYJ,21,14.0,19.0,110.0,1.0,1.0,3.0,-4.0,0.0,0.0,0.0,0.0,0.0,0.0,0.0,0.0,6.40,6.4
2024,16,MB,WR,Marvin Harrison,ARI,@CAR,21,0.0,0.0,0.0,0.0,0.0,0.0,0.0,0.0,0.0,8.0,4.0,39.0,0.0,2.0,0.0,5.90,5.9
2024,16,MB,TE,Travis Kelce,KC,HOU,10,0.0,0.0,0.0,0.0,0.0,0.0,0.0,0.0,0.0,7.0,5.0,30.0,0.0,2.0,0.0,5.00,5.0
2024,16,MB,RB,Ray Davis,BUF,NE,26,0.0,0.0,0.0,0.0,0.0,5.0,12.0,0.0,1.0,1.0,1.0,17.0,0.0,1.0,0.0,4.90,4.9
2024,16,MB,WR,Cooper Kupp,LAR,@NYJ,7,0.0,0.0,0.0,0.0,0.0,0.0,0.0,0.0,0.0,3.0,3.0,24.0,0.0,2.0,0.0,4.40,4.4
2024,16,MB,WR,Tutu Atwell,LAR,@NYJ,7,0.0,0.0,0.0,0.0,0.0,0.0,0.0,0.0,0.0,2.0,1.0,12.0,0.0,1.0,0.0,2.20,2.2
2024,16,MB,RB,Cam Akers,MIN,@SEA,18,0.0,0.0,0.0,0.0,0.0,1.0,3.0,0.0,0.0,0.0,0.0,0.0,0.0,0.0,0.0,0.30,0.3
2024,16,MB,RB,Khalil Herbert,CIN,CLE,7,0.0,0.0,0.0,0.0,0.0,0.0,0.0,0.0,0.0,0.0,0.0,0.0,0.0,0.0,0.0,0.00,0.0
2024,16,MB,QB,Will Levis,TEN,@IND,24,0.0,0.0,0.0,0.0,0.0,0.0,0.0,0.0,0.0,0.0,0.0,0.0,0.0,0.0,0.0,-,0.0
2024,16,MB,RB,Isaac Guerendo,SF,@MIA,14,0.0,0.0,0.0,0.0,0.0,0.0,0.0,0.0,0.0,0.0,0.0,0.0,0.0,0.0,0.0,-,0.0
2024,16,MB,RB,Zamir White,LV,JAC,30,0.0,0.0,0.0,0.0,0.0,0.0,0.0,0.0,0.0,0.0,0.0,0.0,0.0,0.0,0.0,-,0.0
2024,16,MB,DST,Chiefs,KC,HOU,19,,,,,,,,,,,,,,,,7.00,7.0
2024,16,NBB,WR,Jameson Williams,DET,@CHI,3,0.0,0.0,0.0,0.0,0.0,1.0,7.0,0.0,0.0,7.0,5.0,143.0,1.0,5.0,0.0,26.00,26.0
2024,16,NBB,WR,Brian Thomas,JAC,@LV,4,0.0,0.0,0.0,0.0,0.0,0.0,0.0,0.0,0.0,13.0,9.0,132.0,1.0,4.0,0.0,23.20,23.2
2024,16,NBB,RB,Gus Edwards,LAC,DEN,11,0.0,0.0,0.0,0.0,0.0,14.0,68.0,2.0,3.0,2.0,1.0,3.0,0.0,0.0,0.0,22.10,22.1
2024,16,NBB,WR,Terry McLaurin,WAS,PHI,8,0.0,0.0,0.0,0.0,0.0,0.0,0.0,0.0,0.0,6.0,5.0,60.0,1.0,4.0,0.0,16.00,16.0
2024,16,NBB,QB,Aidan O'Connell,LV,JAC,32,24.0,38.0,257.0,0.0,0.0,7.0,12.0,0.0,4.0,0.0,0.0,0.0,0.0,0.0,0.0,15.48,15.48
2024,16,NBB,QB,Josh Allen,BUF,NE,17,16.0,29.0,154.0,1.0,1.0,6.0,30.0,0.0,3.0,0.0,0.0,0.0,0.0,0.0,0.0,14.16,14.16
2024,16,NBB,WR,Mike Evans,TB,@DAL,24,0.0,0.0,0.0,0.0,0.0,0.0,0.0,0.0,0.0,8.0,5.0,69.0,0.0,4.0,0.0,10.90,10.9
2024,16,NBB,WR,Jayden Reed,GB,NO,26,0.0,0.0,0.0,0.0,0.0,1.0,5.0,0.0,0.0,4.0,3.0,76.0,0.0,2.0,0.0,10.10,10.1
2024,16,NBB,TE,David Njoku,CLE,@CIN,30,0.0,0.0,0.0,0.0,0.0,0.0,0.0,0.0,0.0,10.0,8.0,66.0,0.0,3.0,0.0,9.60,9.6
2024,16,NBB,RB,D'Andre Swift,CHI,DET,5,0.0,0.0,0.0,0.0,0.0,9.0,20.0,0.0,1.0,3.0,3.0,33.0,0.0,0.0,0.0,6.30,6.3
2024,16,NBB,WR,Khalil Shakir,BUF,NE,18,0.0,0.0,0.0,0.0,0.0,0.0,0.0,0.0,0.0,6.0,2.0,22.0,0.0,1.0,0.0,3.20,3.2
2024,16,NBB,RB,Blake Corum,LAR,@NYJ,13,0.0,0.0,0.0,0.0,0.0,5.0,14.0,0.0,0.0,0.0,0.0,0.0,0.0,0.0,0.0,1.40,1.4
2024,16,NBB,TE,Kyle Pitts,ATL,NYG,1,0.0,0.0,0.0,0.0,0.0,0.0,0.0,0.0,0.0,2.0,1.0,7.0,0.0,0.0,0.0,0.70,0.7
2024,16,NBB,WR,Chris Godwin,TB,@DAL,24,0.0,0.0,0.0,0.0,0.0,0.0,0.0,0.0,0.0,0.0,0.0,0.0,0.0,0.0,0.0,-,0.0
2024,16,NBB,TE,Dallas Goedert,PHI,@WAS,15,0.0,0.0,0.0,0.0,0.0,0.0,0.0,0.0,0.0,0.0,0.0,0.0,0.0,0.0,0.0,-,0.0
2024,16,NBB,RB,Will Shipley,PHI,@WAS,20,0.0,0.0,0.0,0.0,0.0,0.0,0.0,0.0,0.0,0.0,0.0,0.0,0.0,0.0,0.0,0.00,0.0
2024,16,NBB,RB,Nick Chubb,CLE,@CIN,19,0.0,0.0,0.0,0.0,0.0,0.0,0.0,0.0,0.0,0.0,0.0,0.0,0.0,0.0,0.0,-,0.0
2024,16,NBB,QB,Trevor Lawrence,JAC,@LV,16,0.0,0.0,0.0,0.0,0.0,0.0,0.0,0.0,0.0,0.0,0.0,0.0,0.0,0.0,0.0,-,0.0
2024,16,NBB,DST,Giants,NYG,@ATL,20,,,,,,,,,,,,,,,,2.00,2.0
2024,16,PCP,RB,Kyren Williams,LAR,@NYJ,13,0.0,0.0,0.0,0.0,0.0,23.0,122.0,1.0,9.0,1.0,1.0,7.0,0.0,0.0,0.0,27.90,27.9
2024,16,PCP,QB,Joe Burrow,CIN,CLE,22,23.0,30.0,252.0,3.0,0.0,2.0,19.0,0.0,1.0,0.0,0.0,0.0,0.0,0.0,1.0,22.98,22.98
2024,16,PCP,RB,Tyjae Spears,TEN,@IND,22,0.0,0.0,0.0,0.0,0.0,10.0,27.0,2.0,2.0,4.0,3.0,39.0,0.0,2.0,0.0,22.60,22.6
2024,16,PCP,QB,Geno Smith,SEA,MIN,4,31.0,43.0,314.0,3.0,2.0,1.0,8.0,0.0,0.0,0.0,0.0,0.0,0.0,0.0,0.0,21.36,21.36
2024,16,PCP,WR,AJ Brown,PHI,@WAS,11,0.0,0.0,0.0,0.0,0.0,0.0,0.0,0.0,0.0,15.0,8.0,97.0,1.0,4.0,0.0,19.70,19.7
2024,16,PCP,WR,CeeDee Lamb,DAL,TB,25,0.0,0.0,0.0,0.0,0.0,0.0,0.0,0.0,0.0,8.0,7.0,105.0,0.0,4.0,0.0,14.50,14.5
2024,16,PCP,WR,Garrett Wilson,NYJ,LAR,22,0.0,0.0,0.0,0.0,0.0,0.0,0.0,0.0,0.0,7.0,6.0,54.0,0.0,3.0,0.0,8.40,8.4
2024,16,PCP,RB,Ezekiel Elliott,DAL,TB,6,0.0,0.0,0.0,0.0,0.0,1.0,1.0,1.0,1.0,0.0,0.0,0.0,0.0,0.0,0.0,7.10,7.1
2024,16,PCP,RB,Rico Dowdle,DAL,TB,6,0.0,0.0,0.0,0.0,0.0,13.0,23.0,0.0,0.0,3.0,3.0,28.0,0.0,0.0,0.0,5.10,5.1
2024,16,PCP,TE,TJ Hockenson,MIN,@SEA,12,0.0,0.0,0.0,0.0,0.0,0.0,0.0,0.0,0.0,5.0,2.0,27.0,0.0,2.0,0.0,4.70,4.7
2024,16,PCP,WR,Keon Coleman,BUF,NE,18,0.0,0.0,0.0,0.0,0.0,0.0,0.0,0.0,0.0,2.0,1.0,17.0,0.0,1.0,0.0,2.70,2.7
2024,16,PCP,TE,Pat Freiermuth,PIT,@BAL,19,0.0,0.0,0.0,0.0,0.0,0.0,0.0,0.0,0.0,3.0,3.0,16.0,0.0,1.0,0.0,2.60,2.6
2024,16,PCP,RB,Braelon Allen,NYJ,LAR,15,0.0,0.0,0.0,0.0,0.0,2.0,5.0,0.0,0.0,1.0,1.0,5.0,0.0,0.0,0.0,1.00,1.0
2024,16,PCP,RB,Dameon Pierce,HOU,@KC,1,0.0,0.0,0.0,0.0,0.0,1.0,4.0,0.0,0.0,0.0,0.0,0.0,0.0,0.0,0.0,0.40,0.4
2024,16,PCP,WR,Rashee Rice,KC,HOU,23,0.0,0.0,0.0,0.0,0.0,0.0,0.0,0.0,0.0,0.0,0.0,0.0,0.0,0.0,0.0,-,0.0
2024,16,PCP,TE,Luke Musgrave,GB,NO,13,0.0,0.0,0.0,0.0,0.0,0.0,0.0,0.0,0.0,1.0,0.0,0.0,0.0,0.0,0.0,0.00,0.0
2024,16,PCP,RB,Trey Benson,ARI,@CAR,32,0.0,0.0,0.0,0.0,0.0,0.0,0.0,0.0,0.0,0.0,0.0,0.0,0.0,0.0,0.0,-,0.0
2024,16,PCP,QB,Daniel Jones,MIN,@SEA,10,0.0,0.0,0.0,0.0,0.0,0.0,0.0,0.0,0.0,0.0,0.0,0.0,0.0,0.0,0.0,-,0.0
2024,16,PCP,DST,Ravens,BAL,PIT,13,,,,,,,,,,,,,,,,15.00,15.0
2024,16,PP,QB,Justin Herbert,LAC,DEN,13,23.0,31.0,284.0,2.0,1.0,8.0,28.0,0.0,3.0,0.0,0.0,0.0,0.0,0.0,0.0,25.16,25.16
2024,16,PP,RB,Josh Jacobs,GB,NO,28,0.0,0.0,0.0,0.0,0.0,13.0,69.0,1.0,5.0,4.0,4.0,38.0,0.0,2.0,0.0,23.70,23.7
2024,16,PP,QB,Brock Purdy,SF,@MIA,1,26.0,40.0,313.0,2.0,1.0,4.0,26.0,0.0,2.0,0.0,0.0,0.0,0.0,0.0,0.0,23.12,23.12
2024,16,PP,QB,CJ Stroud,HOU,@KC,15,23.0,39.0,244.0,2.0,2.0,2.0,23.0,0.0,2.0,0.0,0.0,0.0,0.0,0.0,0.0,18.06,18.06
2024,16,PP,WR,Calvin Ridley,TEN,@IND,20,0.0,0.0,0.0,0.0,0.0,0.0,0.0,0.0,0.0,5.0,3.0,78.0,1.0,2.0,0.0,15.80,15.8
2024,16,PP,RB,Audric Estime,DEN,@LAC,8,0.0,0.0,0.0,0.0,0.0,9.0,48.0,1.0,1.0,0.0,0.0,0.0,0.0,0.0,0.0,11.80,11.8
2024,16,PP,TE,Isaiah Likely,BAL,PIT,21,0.0,0.0,0.0,0.0,0.0,0.0,0.0,0.0,0.0,3.0,3.0,29.0,1.0,2.0,0.0,10.90,10.9
2024,16,PP,TE,Tucker Kraft,GB,NO,13,0.0,0.0,0.0,0.0,0.0,1.0,2.0,0.0,1.0,4.0,3.0,63.0,0.0,3.0,0.0,10.50,10.5
2024,16,PP,WR,Wan'Dale Robinson,NYG,@ATL,27,0.0,0.0,0.0,0.0,0.0,0.0,0.0,0.0,0.0,12.0,7.0,62.0,0.0,3.0,0.0,9.20,9.2
2024,16,PP,WR,Jauan Jennings,SF,@MIA,2,0.0,0.0,0.0,0.0,0.0,0.0,0.0,0.0,0.0,6.0,4.0,51.0,0.0,3.0,0.0,8.10,8.1
2024,16,PP,WR,Courtland Sutton,DEN,@LAC,16,0.0,0.0,0.0,0.0,0.0,0.0,0.0,0.0,0.0,6.0,5.0,50.0,0.0,3.0,0.0,8.00,8.0
2024,16,PP,RB,Jeremy McNichols,WAS,PHI,2,0.0,0.0,0.0,0.0,0.0,2.0,3.0,0.0,1.0,4.0,4.0,15.0,0.0,0.0,0.0,4.80,4.8
2024,16,PP,WR,Romeo Doubs,GB,NO,26,0.0,0.0,0.0,0.0,0.0,0.0,0.0,0.0,0.0,3.0,2.0,20.0,0.0,1.0,0.0,3.00,3.0
2024,16,PP,WR,Amari Cooper,BUF,NE,18,0.0,0.0,0.0,0.0,0.0,0.0,0.0,0.0,0.0,2.0,1.0,10.0,0.0,1.0,0.0,2.00,2.0
2024,16,PP,RB,Devin Singletary,NYG,@ATL,10,0.0,0.0,0.0,0.0,0.0,4.0,12.0,0.0,0.0,0.0,0.0,0.0,0.0,0.0,0.0,1.20,1.2
2024,16,PP,TE,Taysom Hill,NO,@GB,22,0.0,0.0,0.0,0.0,0.0,0.0,0.0,0.0,0.0,0.0,0.0,0.0,0.0,0.0,0.0,-,0.0
2024,16,PP,RB,MarShawn Lloyd,GB,NO,28,0.0,0.0,0.0,0.0,0.0,0.0,0.0,0.0,0.0,0.0,0.0,0.0,0.0,0.0,0.0,-,0.0
2024,16,PP,TE,Mark Andrews Dead Cap,BAL,0,0,0.0,0.0,0.0,0.0,0.0,0.0,0.0,0.0,0.0,0.0,0.0,0.0,0.0,0.0,0.0,-,0.0
2024,16,PP,WR,Malachi Corley,NYJ,LAR,22,0.0,0.0,0.0,0.0,0.0,0.0,0.0,0.0,0.0,0.0,0.0,0.0,0.0,0.0,0.0,-,0.0
2024,16,PP,QB,JJ McCarthy,MIN,@SEA,10,0.0,0.0,0.0,0.0,0.0,0.0,0.0,0.0,0.0,0.0,0.0,0.0,0.0,0.0,0.0,-,0.0
2024,16,PP,WR,Stefon Diggs,HOU,@KC,9,0.0,0.0,0.0,0.0,0.0,0.0,0.0,0.0,0.0,0.0,0.0,0.0,0.0,0.0,0.0,-,0.0
2024,16,PP,DST,Commanders,WAS,PHI,11,,,,,,,,,,,,,,,,7.00,7.0
2024,16,RR,WR,Justin Jefferson,MIN,@SEA,13,0.0,0.0,0.0,0.0,0.0,0.0,0.0,0.0,0.0,13.0,10.0,144.0,2.0,6.0,0.0,32.40,32.4
2024,16,RR,QB,Baker Mayfield,TB,@DAL,31,31.0,43.0,303.0,2.0,1.0,3.0,42.0,0.0,3.0,0.0,0.0,0.0,0.0,0.0,0.0,25.32,25.32
2024,16,RR,RB,Kareem Hunt,KC,HOU,9,0.0,0.0,0.0,0.0,0.0,11.0,55.0,1.0,5.0,3.0,2.0,24.0,0.0,1.0,0.0,19.90,19.9
2024,16,RR,WR,Davante Adams,NYJ,LAR,22,0.0,0.0,0.0,0.0,0.0,0.0,0.0,0.0,0.0,13.0,7.0,68.0,1.0,5.0,0.0,17.80,17.8
2024,16,RR,WR,Jalen McMillan,TB,@DAL,24,0.0,0.0,0.0,0.0,0.0,0.0,0.0,0.0,0.0,7.0,5.0,57.0,1.0,4.0,0.0,15.70,15.7
2024,16,RR,QB,Tua Tagovailoa,MIA,SF,7,22.0,34.0,215.0,1.0,0.0,2.0,-1.0,0.0,0.0,0.0,0.0,0.0,0.0,0.0,0.0,12.60,12.6
2024,16,RR,RB,Joe Mixon,HOU,@KC,1,0.0,0.0,0.0,0.0,0.0,14.0,57.0,0.0,4.0,2.0,1.0,14.0,0.0,1.0,0.0,12.10,12.1
2024,16,RR,WR,Jordan Addison,MIN,@SEA,13,0.0,0.0,0.0,0.0,0.0,0.0,0.0,0.0,0.0,8.0,5.0,35.0,1.0,2.0,0.0,11.50,11.5
2024,16,RR,TE,Jonnu Smith,MIA,SF,6,0.0,0.0,0.0,0.0,0.0,0.0,0.0,0.0,0.0,6.0,6.0,62.0,0.0,3.0,0.0,9.20,9.2
2024,16,RR,RB,Rachaad White,TB,@DAL,25,0.0,0.0,0.0,0.0,0.0,3.0,10.0,0.0,2.0,8.0,7.0,50.0,0.0,1.0,1.0,7.00,7.0
2024,16,RR,WR,Marquise Brown,KC,HOU,23,0.0,0.0,0.0,0.0,0.0,0.0,0.0,0.0,0.0,8.0,5.0,45.0,0.0,2.0,0.0,6.50,6.5
2024,16,RR,QB,Michael Penix,ATL,NYG,20,18.0,27.0,202.0,0.0,1.0,4.0,3.0,0.0,0.0,0.0,0.0,0.0,0.0,0.0,0.0,6.38,6.38
2024,16,RR,RB,Kendre Miller,NO,@GB,17,0.0,0.0,0.0,0.0,0.0,8.0,15.0,0.0,2.0,2.0,2.0,16.0,0.0,1.0,0.0,6.10,6.1
2024,16,RR,WR,Cedric Tillman,CLE,@CIN,19,0.0,0.0,0.0,0.0,0.0,0.0,0.0,0.0,0.0,0.0,0.0,0.0,0.0,0.0,0.0,-,0.0
2024,16,RR,RB,Alvin Kamara,NO,@GB,17,0.0,0.0,0.0,0.0,0.0,0.0,0.0,0.0,0.0,0.0,0.0,0.0,0.0,0.0,0.0,-,0.0
2024,16,RR,RB,Christian McCaffrey,SF,@MIA,14,0.0,0.0,0.0,0.0,0.0,0.0,0.0,0.0,0.0,0.0,0.0,0.0,0.0,0.0,0.0,-,0.0
2024,16,RR,WR,Diontae Johnson,HOU,@KC,9,0.0,0.0,0.0,0.0,0.0,0.0,0.0,0.0,0.0,0.0,0.0,0.0,0.0,0.0,0.0,-,0.0
2024,16,RR,TE,Cade Otton,TB,@DAL,8,0.0,0.0,0.0,0.0,0.0,0.0,0.0,0.0,0.0,0.0,0.0,0.0,0.0,0.0,0.0,-,0.0
2024,16,RR,WR,George Pickens,PIT,@BAL,31,0.0,0.0,0.0,0.0,0.0,0.0,0.0,0.0,0.0,0.0,0.0,0.0,0.0,0.0,0.0,-,0.0
2024,16,RR,DST,Steelers,PIT,@BAL,2,,,,,,,,,,,,,,,,2.00,2.0
2024,16,SBS,RB,Jonathan Taylor,IND,TEN,21,0.0,0.0,0.0,0.0,0.0,29.0,218.0,3.0,6.0,0.0,0.0,0.0,0.0,0.0,0.0,45.80,45.8
2024,16,SBS,QB,Jayden Daniels,WAS,PHI,8,24.0,39.0,258.0,5.0,2.0,9.0,81.0,0.0,4.0,0.0,0.0,0.0,0.0,0.0,0.0,38.42,38.42
2024,16,SBS,RB,Chuba Hubbard,CAR,ARI,23,0.0,0.0,0.0,0.0,0.0,25.0,152.0,2.0,8.0,5.0,4.0,13.0,0.0,0.0,0.0,36.50,36.5
2024,16,SBS,RB,Jerome Ford,CLE,@CIN,19,0.0,0.0,0.0,0.0,0.0,11.0,92.0,1.0,3.0,5.0,5.0,39.0,0.0,3.0,0.0,25.10,25.1
2024,16,SBS,WR,Deebo Samuel,SF,@MIA,2,0.0,0.0,0.0,0.0,0.0,5.0,25.0,0.0,1.0,9.0,7.0,96.0,1.0,5.0,0.0,24.10,24.1
2024,16,SBS,QB,Lamar Jackson,BAL,PIT,5,15.0,23.0,207.0,3.0,1.0,9.0,22.0,0.0,1.0,0.0,0.0,0.0,0.0,0.0,0.0,21.48,21.48
2024,16,SBS,QB,Russell Wilson,PIT,@BAL,25,22.0,33.0,217.0,2.0,1.0,3.0,27.0,0.0,0.0,0.0,0.0,0.0,0.0,0.0,1.0,15.38,15.38
2024,16,SBS,WR,Nick Westbrook-Ikhine,TEN,@IND,20,0.0,0.0,0.0,0.0,0.0,0.0,0.0,0.0,0.0,4.0,2.0,17.0,1.0,2.0,0.0,9.70,9.7
2024,16,SBS,WR,Rashod Bateman,BAL,PIT,14,0.0,0.0,0.0,0.0,0.0,0.0,0.0,0.0,0.0,3.0,1.0,14.0,1.0,1.0,0.0,8.40,8.4
2024,16,SBS,WR,Troy Franklin,DEN,@LAC,16,0.0,0.0,0.0,0.0,0.0,0.0,0.0,0.0,0.0,3.0,2.0,25.0,0.0,1.0,0.0,3.50,3.5
2024,16,SBS,WR,Christian Watson,GB,NO,26,0.0,0.0,0.0,0.0,0.0,2.0,23.0,0.0,1.0,1.0,0.0,0.0,0.0,0.0,0.0,3.30,3.3
2024,16,SBS,RB,Patrick Taylor,SF,@MIA,14,0.0,0.0,0.0,0.0,0.0,8.0,24.0,0.0,0.0,5.0,1.0,1.0,0.0,0.0,0.0,2.50,2.5
2024,16,SBS,TE,Zach Ertz,WAS,PHI,5,0.0,0.0,0.0,0.0,0.0,0.0,0.0,0.0,0.0,2.0,1.0,12.0,0.0,1.0,0.0,2.20,2.2
2024,16,SBS,RB,David Montgomery,DET,@CHI,29,0.0,0.0,0.0,0.0,0.0,0.0,0.0,0.0,0.0,0.0,0.0,0.0,0.0,0.0,0.0,-,0.0
2024,16,SBS,RB,Jaylen Wright,MIA,SF,24,0.0,0.0,0.0,0.0,0.0,0.0,0.0,0.0,0.0,0.0,0.0,0.0,0.0,0.0,0.0,-,0.0
2024,16,SBS,WR,Christian Kirk,JAC,@LV,4,0.0,0.0,0.0,0.0,0.0,0.0,0.0,0.0,0.0,0.0,0.0,0.0,0.0,0.0,0.0,-,0.0
2024,16,SBS,WR,Alec Pierce,IND,TEN,1,0.0,0.0,0.0,0.0,0.0,0.0,0.0,0.0,0.0,0.0,0.0,0.0,0.0,0.0,0.0,-,0.0
2024,16,SBS,DST,Lions,DET,@CHI,25,,,,,,,,,,,,,,,,8.00,8.0
2024,17,ABT,RB,Saquon Barkley,PHI,DAL,25,0.0,0.0,0.0,0.0,0.0,31.0,167.0,0.0,9.0,2.0,2.0,2.0,0.0,0.0,0.0,25.90,25.9
2024,17,ABT,QB,Bryce Young,CAR,@TB,30,15.0,28.0,203.0,2.0,0.0,2.0,8.0,0.0,1.0,0.0,0.0,0.0,0.0,0.0,0.0,17.92,17.92
2024,17,ABT,WR,Puka Nacua,LAR,ARI,10,0.0,0.0,0.0,0.0,0.0,0.0,0.0,0.0,0.0,14.0,10.0,129.0,0.0,5.0,0.0,17.90,17.9
2024,17,ABT,RB,Chase Brown,CIN,DEN,11,0.0,0.0,0.0,0.0,0.0,20.0,67.0,0.0,3.0,4.0,4.0,24.0,0.0,2.0,0.0,14.10,14.1
2024,17,ABT,RB,Najee Harris,PIT,KC,1,0.0,0.0,0.0,0.0,0.0,13.0,74.0,0.0,3.0,4.0,2.0,7.0,0.0,0.0,0.0,11.10,11.1
2024,17,ABT,WR,DJ Moore,CHI,SEA,13,0.0,0.0,0.0,0.0,0.0,2.0,8.0,0.0,0.0,8.0,6.0,54.0,0.0,2.0,0.0,8.20,8.2
2024,17,ABT,RB,Keaton Mitchell,BAL,@HOU,9,0.0,0.0,0.0,0.0,0.0,11.0,20.0,0.0,2.0,1.0,1.0,28.0,0.0,1.0,0.0,7.80,7.8
2024,17,ABT,QB,Caleb Williams,CHI,SEA,10,16.0,28.0,122.0,0.0,1.0,5.0,37.0,0.0,1.0,0.0,0.0,0.0,0.0,0.0,0.0,7.58,7.58
2024,17,ABT,RB,Alexander Mattison,LV,@NO,28,0.0,0.0,0.0,0.0,0.0,10.0,32.0,0.0,1.0,3.0,1.0,6.0,0.0,0.0,0.0,4.80,4.8
2024,17,ABT,WR,Keenan Allen,CHI,SEA,13,0.0,0.0,0.0,0.0,0.0,0.0,0.0,0.0,0.0,8.0,5.0,25.0,0.0,2.0,0.0,4.50,4.5
2024,17,ABT,WR,Josh Downs,IND,@NYG,12,0.0,0.0,0.0,0.0,0.0,0.0,0.0,0.0,0.0,4.0,3.0,22.0,0.0,1.0,0.0,3.20,3.2
2024,17,ABT,QB,Dak Prescott,DAL,@PHI,8,0.0,0.0,0.0,0.0,0.0,0.0,0.0,0.0,0.0,0.0,0.0,0.0,0.0,0.0,0.0,-,0.0
2024,17,ABT,WR,Chris Olave,NO,LV,4,0.0,0.0,0.0,0.0,0.0,0.0,0.0,0.0,0.0,0.0,0.0,0.0,0.0,0.0,0.0,-,0.0
2024,17,ABT,WR,Roman Wilson,PIT,KC,9,0.0,0.0,0.0,0.0,0.0,0.0,0.0,0.0,0.0,0.0,0.0,0.0,0.0,0.0,0.0,-,0.0
2024,17,ABT,TE,Brenton Strange,JAC,TEN,4,0.0,0.0,0.0,0.0,0.0,0.0,0.0,0.0,0.0,1.0,0.0,0.0,0.0,0.0,0.0,0.00,0.0
2024,17,ABT,RB,Jonathon Brooks,CAR,@TB,6,0.0,0.0,0.0,0.0,0.0,0.0,0.0,0.0,0.0,0.0,0.0,0.0,0.0,0.0,0.0,-,0.0
2024,17,ABT,TE,Hunter Henry,NE,LAC,3,0.0,0.0,0.0,0.0,0.0,0.0,0.0,0.0,0.0,2.0,0.0,0.0,0.0,0.0,0.0,0.00,0.0
2024,17,ABT,WR,Jermaine Burton,CIN,DEN,15,0.0,0.0,0.0,0.0,0.0,0.0,0.0,0.0,0.0,0.0,0.0,0.0,0.0,0.0,0.0,0.00,0.0
2024,17,ABT,TE,Jake Ferguson,DAL,@PHI,5,0.0,0.0,0.0,0.0,0.0,0.0,0.0,0.0,0.0,5.0,3.0,18.0,0.0,0.0,1.0,-0.20,-0.2
2024,17,ABT,DST,Eagles,PHI,DAL,26,,,,,,,,,,,,,,,,19.00,19.0
2024,17,CLC,WR,DeVonta Smith,PHI,DAL,24,0.0,0.0,0.0,0.0,0.0,0.0,0.0,0.0,0.0,7.0,6.0,120.0,2.0,4.0,0.0,28.00,28.0
2024,17,CLC,WR,Ricky Pearsall,SF,DET,30,0.0,1.0,0.0,0.0,0.0,2.0,6.0,0.0,0.0,10.0,8.0,141.0,1.0,7.0,0.0,27.70,27.7
2024,17,CLC,RB,Ameer Abdullah,LV,@NO,28,0.0,0.0,0.0,0.0,0.0,20.0,115.0,0.0,5.0,4.0,3.0,32.0,0.0,2.0,0.0,21.70,21.7
2024,17,CLC,QB,Jordan Love,GB,@MIN,4,19.0,30.0,185.0,1.0,0.0,1.0,6.0,0.0,0.0,0.0,0.0,0.0,0.0,0.0,0.0,14.00,14.0
2024,17,CLC,RB,Breece Hall,NYJ,@BUF,27,0.0,0.0,0.0,0.0,0.0,10.0,45.0,0.0,4.0,1.0,1.0,8.0,0.0,0.0,0.0,9.30,9.3
2024,17,CLC,WR,Nico Collins,HOU,BAL,31,0.0,0.0,0.0,0.0,0.0,0.0,0.0,0.0,0.0,6.0,3.0,59.0,0.0,3.0,0.0,8.90,8.9
2024,17,CLC,WR,Darnell Mooney,ATL,@WAS,11,0.0,0.0,0.0,0.0,0.0,0.0,0.0,0.0,0.0,5.0,2.0,37.0,0.0,2.0,0.0,5.70,5.7
2024,17,CLC,TE,Dalton Kincaid,BUF,NYJ,9,0.0,0.0,0.0,0.0,0.0,0.0,0.0,0.0,0.0,2.0,2.0,24.0,0.0,2.0,0.0,4.40,4.4
2024,17,CLC,WR,Rome Odunze,CHI,SEA,13,0.0,0.0,0.0,0.0,0.0,0.0,0.0,0.0,0.0,4.0,1.0,15.0,0.0,1.0,0.0,2.50,2.5
2024,17,CLC,QB,Justin Fields,PIT,KC,15,0.0,0.0,0.0,0.0,0.0,0.0,0.0,0.0,0.0,0.0,0.0,0.0,0.0,0.0,0.0,-,0.0
2024,17,CLC,WR,Jaylen Waddle,MIA,@CLE,29,0.0,0.0,0.0,0.0,0.0,0.0,0.0,0.0,0.0,0.0,0.0,0.0,0.0,0.0,0.0,-,0.0
2024,17,CLC,WR,Ja'Lynn Polk,NE,LAC,16,0.0,0.0,0.0,0.0,0.0,0.0,0.0,0.0,0.0,1.0,0.0,0.0,0.0,0.0,0.0,0.00,0.0
2024,17,CLC,RB,Justice Hill,BAL,@HOU,9,0.0,0.0,0.0,0.0,0.0,0.0,0.0,0.0,0.0,0.0,0.0,0.0,0.0,0.0,0.0,-,0.0
2024,17,CLC,QB,Desmond Ridder,LV,@NO,11,0.0,0.0,0.0,0.0,0.0,0.0,0.0,0.0,0.0,0.0,0.0,0.0,0.0,0.0,0.0,-,0.0
2024,17,CLC,RB,Javonte Williams,DEN,@CIN,19,0.0,0.0,0.0,0.0,0.0,0.0,0.0,0.0,0.0,2.0,2.0,0.0,0.0,0.0,0.0,0.00,0.0
2024,17,CLC,RB,Zack Moss,CIN,DEN,11,0.0,0.0,0.0,0.0,0.0,0.0,0.0,0.0,0.0,0.0,0.0,0.0,0.0,0.0,0.0,-,0.0
2024,17,CLC,DST,Bears,CHI,SEA,28,,,,,,,,,,,,,,,,12.00,12.0
2024,17,CPC,WR,Tee Higgins,CIN,DEN,15,0.0,0.0,0.0,0.0,0.0,0.0,0.0,0.0,0.0,12.0,11.0,131.0,3.0,8.0,1.0,37.10,37.1
2024,17,CPC,RB,Derrick Henry,BAL,@HOU,9,0.0,0.0,0.0,0.0,0.0,27.0,147.0,1.0,11.0,2.0,2.0,18.0,0.0,1.0,0.0,34.50,34.5
2024,17,CPC,WR,Adam Thielen,CAR,@TB,25,0.0,0.0,0.0,0.0,0.0,0.0,0.0,0.0,0.0,6.0,5.0,110.0,2.0,4.0,0.0,27.00,27.0
2024,17,CPC,WR,Ladd McConkey,LAC,@NE,18,0.0,0.0,0.0,0.0,0.0,0.0,0.0,0.0,0.0,10.0,8.0,94.0,2.0,4.0,0.0,25.40,25.4
2024,17,CPC,QB,Sam Darnold,MIN,GB,3,33.0,43.0,377.0,3.0,1.0,3.0,-3.0,0.0,0.0,0.0,0.0,0.0,0.0,0.0,0.0,25.08,25.08
2024,17,CPC,RB,JK Dobbins,LAC,@NE,26,0.0,0.0,0.0,0.0,0.0,19.0,76.0,1.0,4.0,1.0,1.0,7.0,0.0,0.0,0.0,18.30,18.3
2024,17,CPC,WR,Tyreek Hill,MIA,@CLE,29,0.0,0.0,0.0,0.0,0.0,0.0,0.0,0.0,0.0,9.0,9.0,105.0,0.0,6.0,0.0,16.50,16.5
2024,17,CPC,TE,George Kittle,SF,DET,2,0.0,0.0,0.0,0.0,0.0,0.0,0.0,0.0,0.0,8.0,8.0,112.0,0.0,5.0,0.0,16.20,16.2
2024,17,CPC,WR,Jakobi Meyers,LV,@NO,26,0.0,0.0,0.0,0.0,0.0,0.0,0.0,0.0,0.0,9.0,5.0,61.0,1.0,4.0,0.0,16.10,16.1
2024,17,CPC,RB,James Cook,BUF,NYJ,13,0.0,0.0,0.0,0.0,0.0,15.0,53.0,1.0,3.0,0.0,0.0,0.0,0.0,0.0,0.0,14.30,14.3
2024,17,CPC,WR,Ja'Marr Chase,CIN,DEN,15,0.0,0.0,0.0,0.0,0.0,0.0,0.0,0.0,0.0,15.0,9.0,102.0,0.0,4.0,0.0,14.20,14.2
2024,17,CPC,RB,Brian Robinson,WAS,ATL,10,0.0,0.0,0.0,0.0,0.0,13.0,60.0,0.0,4.0,2.0,2.0,9.0,0.0,0.0,0.0,10.90,10.9
2024,17,CPC,QB,Drake Maye,NE,LAC,14,12.0,22.0,117.0,1.0,0.0,6.0,32.0,0.0,1.0,0.0,0.0,0.0,0.0,0.0,1.0,10.88,10.88
2024,17,CPC,WR,Dontayvion Wicks,GB,@MIN,32,0.0,0.0,0.0,0.0,0.0,0.0,0.0,0.0,0.0,5.0,4.0,43.0,0.0,2.0,0.0,6.30,6.3
2024,17,CPC,TE,Ja'Tavion Sanders,CAR,@TB,25,0.0,0.0,0.0,0.0,0.0,0.0,0.0,0.0,0.0,1.0,1.0,5.0,0.0,0.0,0.0,0.50,0.5
2024,17,CPC,QB,Derek Carr,NO,LV,16,0.0,0.0,0.0,0.0,0.0,0.0,0.0,0.0,0.0,0.0,0.0,0.0,0.0,0.0,0.0,-,0.0
2024,17,CPC,RB,Tony Pollard,TEN,@JAC,30,0.0,0.0,0.0,0.0,0.0,0.0,0.0,0.0,0.0,0.0,0.0,0.0,0.0,0.0,0.0,-,0.0
2024,17,CPC,RB,Jordan Mason,SF,DET,5,0.0,0.0,0.0,0.0,0.0,0.0,0.0,0.0,0.0,0.0,0.0,0.0,0.0,0.0,0.0,-,0.0
2024,17,CPC,DST,Vikings,MIN,GB,7,,,,,,,,,,,,,,,,6.00,6.0
2024,17,DDD,WR,Malik Nabers,NYG,IND,20,0.0,0.0,0.0,0.0,0.0,0.0,0.0,0.0,0.0,8.0,7.0,171.0,2.0,4.0,0.0,33.10,33.1
2024,17,DDD,RB,Bucky Irving,TB,CAR,32,0.0,0.0,0.0,0.0,0.0,20.0,113.0,0.0,7.0,4.0,4.0,77.0,0.0,3.0,0.0,29.00,29.0
2024,17,DDD,RB,Jahmyr Gibbs,DET,@SF,24,0.0,0.0,0.0,0.0,0.0,18.0,117.0,1.0,5.0,4.0,4.0,46.0,0.0,1.0,0.0,28.30,28.3
2024,17,DDD,QB,Jared Goff,DET,@SF,7,26.0,34.0,303.0,3.0,0.0,3.0,-3.0,0.0,0.0,0.0,0.0,0.0,0.0,0.0,0.0,26.12,26.12
2024,17,DDD,QB,Mac Jones,JAC,TEN,23,15.0,22.0,174.0,2.0,0.0,6.0,22.0,0.0,4.0,0.0,0.0,0.0,0.0,0.0,0.0,21.16,21.16
2024,17,DDD,TE,Sam LaPorta,DET,@SF,6,0.0,0.0,0.0,0.0,0.0,0.0,0.0,0.0,0.0,8.0,6.0,64.0,1.0,4.0,0.0,16.40,16.4
2024,17,DDD,QB,Spencer Rattler,NO,LV,16,20.0,36.0,218.0,1.0,2.0,3.0,46.0,0.0,3.0,0.0,0.0,0.0,0.0,0.0,0.0,16.32,16.32
2024,17,DDD,QB,Mason Rudolph,TEN,@JAC,32,19.0,31.0,193.0,1.0,1.0,5.0,23.0,0.0,3.0,0.0,0.0,0.0,0.0,0.0,0.0,15.02,15.02
2024,17,DDD,WR,Quentin Johnston,LAC,@NE,18,0.0,0.0,0.0,0.0,0.0,0.0,0.0,0.0,0.0,8.0,5.0,48.0,0.0,4.0,0.0,8.80,8.8
2024,17,DDD,QB,Cooper Rush,DAL,@PHI,8,15.0,28.0,147.0,1.0,2.0,1.0,2.0,0.0,1.0,0.0,0.0,0.0,0.0,0.0,0.0,7.08,7.08
2024,17,DDD,QB,Dorian Thompson-Robinson,CLE,MIA,1,24.0,47.0,170.0,0.0,1.0,4.0,10.0,0.0,2.0,0.0,0.0,0.0,0.0,0.0,1.0,5.80,5.8
2024,17,DDD,RB,Tank Bigsby,JAC,TEN,21,0.0,0.0,0.0,0.0,0.0,11.0,33.0,0.0,2.0,1.0,0.0,0.0,0.0,0.0,0.0,5.30,5.3
2024,17,DDD,RB,De'Von Achane,MIA,@CLE,7,0.0,0.0,0.0,0.0,0.0,10.0,25.0,0.0,1.0,2.0,2.0,13.0,0.0,0.0,0.0,4.80,4.8
2024,17,DDD,WR,Adonai Mitchell,IND,@NYG,12,0.0,0.0,0.0,0.0,0.0,0.0,0.0,0.0,0.0,4.0,2.0,22.0,0.0,2.0,0.0,4.20,4.2
2024,17,DDD,WR,Zay Flowers,BAL,@HOU,23,0.0,0.0,0.0,0.0,0.0,0.0,0.0,0.0,0.0,5.0,2.0,31.0,0.0,1.0,0.0,4.10,4.1
2024,17,DDD,WR,Tank Dell,HOU,BAL,31,0.0,0.0,0.0,0.0,0.0,0.0,0.0,0.0,0.0,0.0,0.0,0.0,0.0,0.0,0.0,-,0.0
2024,17,DDD,QB,Deshaun Watson,CLE,MIA,1,0.0,0.0,0.0,0.0,0.0,0.0,0.0,0.0,0.0,0.0,0.0,0.0,0.0,0.0,0.0,-,0.0
2024,17,DDD,RB,Kenneth Walker,SEA,@CHI,29,0.0,0.0,0.0,0.0,0.0,0.0,0.0,0.0,0.0,0.0,0.0,0.0,0.0,0.0,0.0,-,0.0
2024,17,DDD,DST,Buccaneers,TB,CAR,24,,,,,,,,,,,,,,,,13.00,13.0
2024,17,LBC,QB,Bo Nix,DEN,@CIN,28,24.0,31.0,219.0,3.0,1.0,7.0,31.0,0.0,3.0,0.0,0.0,0.0,0.0,0.0,0.0,24.86,24.86
2024,17,LBC,TE,Trey McBride,ARI,@LAR,26,0.0,0.0,0.0,0.0,0.0,0.0,0.0,0.0,0.0,16.0,12.0,123.0,1.0,6.0,0.0,24.30,24.3
2024,17,LBC,WR,Michael Pittman,IND,@NYG,12,0.0,0.0,0.0,0.0,0.0,0.0,0.0,0.0,0.0,10.0,9.0,109.0,1.0,6.0,0.0,22.90,22.9
2024,17,LBC,WR,Drake London,ATL,@WAS,11,0.0,0.0,0.0,0.0,0.0,0.0,0.0,0.0,0.0,13.0,7.0,106.0,0.0,5.0,0.0,15.60,15.6
2024,17,LBC,WR,Jerry Jeudy,CLE,MIA,2,0.0,0.0,0.0,0.0,0.0,0.0,0.0,0.0,0.0,18.0,12.0,94.0,0.0,5.0,0.0,14.40,14.4
2024,17,LBC,TE,Brock Bowers,LV,@NO,12,0.0,0.0,0.0,0.0,0.0,1.0,-1.0,0.0,0.0,7.0,7.0,77.0,0.0,5.0,0.0,12.70,12.7
2024,17,LBC,RB,Travis Etienne,JAC,TEN,21,0.0,0.0,0.0,0.0,0.0,15.0,49.0,0.0,2.0,2.0,1.0,26.0,0.0,1.0,0.0,10.50,10.5
2024,17,LBC,WR,Tre Tucker,LV,@NO,26,0.0,0.0,0.0,0.0,0.0,1.0,5.0,0.0,0.0,8.0,2.0,24.0,1.0,1.0,0.0,9.90,9.9
2024,17,LBC,WR,Andrei Iosivas,CIN,DEN,15,0.0,0.0,0.0,0.0,0.0,0.0,0.0,0.0,0.0,4.0,3.0,59.0,0.0,3.0,0.0,8.90,8.9
2024,17,LBC,WR,Michael Wilson,ARI,@LAR,22,0.0,0.0,0.0,0.0,0.0,1.0,7.0,0.0,0.0,6.0,4.0,22.0,0.0,3.0,0.0,5.90,5.9
2024,17,LBC,WR,Jalen Coker,CAR,@TB,25,0.0,0.0,0.0,0.0,0.0,0.0,0.0,0.0,0.0,2.0,2.0,35.0,0.0,2.0,0.0,5.50,5.5
2024,17,LBC,WR,Jaxon Smith-Njigba,SEA,@CHI,3,0.0,0.0,0.0,0.0,0.0,0.0,0.0,0.0,0.0,6.0,3.0,32.0,0.0,2.0,0.0,5.20,5.2
2024,17,LBC,RB,Raheem Mostert,MIA,@CLE,7,0.0,0.0,0.0,0.0,0.0,6.0,3.0,0.0,0.0,2.0,2.0,16.0,0.0,0.0,0.0,1.90,1.9
2024,17,LBC,RB,Isiah Pacheco,KC,@PIT,12,0.0,0.0,0.0,0.0,0.0,6.0,18.0,0.0,0.0,0.0,0.0,0.0,0.0,0.0,0.0,1.80,1.8
2024,17,LBC,QB,Aaron Rodgers,NYJ,@BUF,6,12.0,18.0,112.0,0.0,2.0,0.0,0.0,0.0,0.0,0.0,0.0,0.0,0.0,0.0,0.0,0.48,0.48
2024,17,LBC,RB,Rhamondre Stevenson,NE,LAC,8,0.0,0.0,0.0,0.0,0.0,2.0,1.0,0.0,0.0,1.0,0.0,0.0,0.0,0.0,0.0,0.10,0.1
2024,17,LBC,WR,Devontez Walker,BAL,@HOU,23,0.0,0.0,0.0,0.0,0.0,0.0,0.0,0.0,0.0,2.0,0.0,0.0,0.0,0.0,0.0,0.00,0.0
2024,17,LBC,QB,Anthony Richardson,IND,@NYG,20,0.0,0.0,0.0,0.0,0.0,0.0,0.0,0.0,0.0,0.0,0.0,0.0,0.0,0.0,0.0,-,0.0
2024,17,LBC,WR,Brandon Aiyuk,SF,DET,30,0.0,0.0,0.0,0.0,0.0,0.0,0.0,0.0,0.0,0.0,0.0,0.0,0.0,0.0,0.0,-,0.0
2024,17,LBC,TE,Evan Engram,JAC,TEN,4,0.0,0.0,0.0,0.0,0.0,0.0,0.0,0.0,0.0,0.0,0.0,0.0,0.0,0.0,0.0,-,0.0
2024,17,LBC,DST,Broncos,DEN,@CIN,17,,,,,,,,,,,,,,,,10.00,10.0
2024,17,LC,QB,Patrick Mahomes,KC,@PIT,5,29.0,38.0,320.0,3.0,0.0,1.0,12.0,0.0,1.0,0.0,0.0,0.0,0.0,0.0,0.0,27.00,27.0
2024,17,LC,WR,Xavier Worthy,KC,@PIT,14,0.0,0.0,0.0,0.0,0.0,2.0,10.0,0.0,0.0,9.0,8.0,79.0,1.0,5.0,0.0,19.90,19.9
2024,17,LC,RB,Jaylen Warren,PIT,KC,1,0.0,0.0,0.0,0.0,0.0,11.0,71.0,0.0,4.0,6.0,5.0,41.0,0.0,3.0,0.0,18.20,18.2
2024,17,LC,RB,Zach Charbonnet,SEA,@CHI,29,0.0,0.0,0.0,0.0,0.0,15.0,57.0,0.0,3.0,3.0,3.0,19.0,0.0,0.0,0.0,10.60,10.6
2024,17,LC,TE,Juwan Johnson,NO,LV,31,0.0,0.0,0.0,0.0,0.0,0.0,0.0,0.0,0.0,10.0,6.0,66.0,0.0,3.0,0.0,9.60,9.6
2024,17,LC,WR,DK Metcalf,SEA,@CHI,3,0.0,0.0,0.0,0.0,0.0,0.0,0.0,0.0,0.0,3.0,3.0,42.0,0.0,2.0,0.0,6.20,6.2
2024,17,LC,WR,Xavier Legette,CAR,@TB,25,0.0,0.0,0.0,0.0,0.0,0.0,0.0,0.0,0.0,9.0,5.0,28.0,0.0,2.0,0.0,4.80,4.8
2024,17,LC,RB,Jamaal Williams,NO,LV,16,0.0,0.0,0.0,0.0,0.0,2.0,12.0,0.0,0.0,1.0,1.0,12.0,0.0,1.0,0.0,3.40,3.4
2024,17,LC,TE,Dalton Schultz,HOU,BAL,19,0.0,0.0,0.0,0.0,0.0,0.0,0.0,0.0,0.0,6.0,2.0,21.0,0.0,1.0,0.0,3.10,3.1
2024,17,LC,RB,Tyler Allgeier,ATL,@WAS,20,0.0,0.0,0.0,0.0,0.0,3.0,19.0,0.0,1.0,0.0,0.0,0.0,0.0,0.0,0.0,2.90,2.9
2024,17,LC,WR,Allen Lazard,NYJ,@BUF,17,0.0,0.0,0.0,0.0,0.0,0.0,0.0,0.0,0.0,3.0,1.0,9.0,0.0,1.0,0.0,1.90,1.9
2024,17,LC,RB,James Conner,ARI,@LAR,15,0.0,0.0,0.0,0.0,0.0,4.0,4.0,0.0,1.0,3.0,2.0,4.0,0.0,0.0,0.0,1.80,1.8
2024,17,LC,WR,DeAndre Hopkins,KC,@PIT,14,0.0,0.0,0.0,0.0,0.0,0.0,0.0,0.0,0.0,4.0,2.0,7.0,0.0,0.0,0.0,0.70,0.7
2024,17,LC,RB,Jeff Wilson,MIA,@CLE,7,0.0,0.0,0.0,0.0,0.0,3.0,5.0,0.0,0.0,0.0,0.0,0.0,0.0,0.0,0.0,0.50,0.5
2024,17,LC,QB,Jalen Hurts,PHI,DAL,31,0.0,0.0,0.0,0.0,0.0,0.0,0.0,0.0,0.0,0.0,0.0,0.0,0.0,0.0,0.0,-,0.0
2024,17,LC,QB,Gardner Minshew,LV,@NO,11,0.0,0.0,0.0,0.0,0.0,0.0,0.0,0.0,0.0,0.0,0.0,0.0,0.0,0.0,0.0,-,0.0
2024,17,LC,WR,Rashid Shaheed,NO,LV,4,0.0,0.0,0.0,0.0,0.0,0.0,0.0,0.0,0.0,0.0,0.0,0.0,0.0,0.0,0.0,-,0.0
2024,17,LC,TE,Ben Sinnott,WAS,ATL,20,0.0,0.0,0.0,0.0,0.0,0.0,0.0,0.0,0.0,0.0,0.0,0.0,0.0,0.0,0.0,0.00,0.0
2024,17,LC,DST,49ers,SF,DET,3,,,,,,,,,,,,,,,,-1.00,-1.0
2024,17,MB,RB,Bijan Robinson,ATL,@WAS,20,0.0,0.0,0.0,0.0,0.0,17.0,90.0,2.0,6.0,5.0,3.0,8.0,0.0,0.0,0.0,27.80,27.8
2024,17,MB,TE,Travis Kelce,KC,@PIT,21,0.0,0.0,0.0,0.0,0.0,0.0,0.0,0.0,0.0,11.0,8.0,84.0,1.0,4.0,0.0,18.40,18.4
2024,17,MB,QB,Kyler Murray,ARI,@LAR,19,33.0,48.0,321.0,1.0,2.0,4.0,32.0,0.0,1.0,0.0,0.0,0.0,0.0,0.0,0.0,17.04,17.04
2024,17,MB,WR,Amon-Ra St Brown,DET,@SF,5,0.0,0.0,0.0,0.0,0.0,0.0,0.0,0.0,0.0,10.0,8.0,60.0,1.0,5.0,0.0,17.00,17.0
2024,17,MB,RB,Isaac Guerendo,SF,DET,5,0.0,0.0,0.0,0.0,0.0,9.0,34.0,0.0,3.0,4.0,4.0,65.0,0.0,2.0,0.0,14.90,14.9
2024,17,MB,TE,Mark Andrews,BAL,@HOU,10,0.0,0.0,0.0,0.0,0.0,0.0,0.0,0.0,0.0,2.0,2.0,68.0,1.0,2.0,0.0,14.80,14.8
2024,17,MB,WR,Marvin Harrison,ARI,@LAR,22,0.0,0.0,0.0,0.0,0.0,0.0,0.0,0.0,0.0,10.0,6.0,96.0,0.0,4.0,0.0,13.60,13.6
2024,17,MB,RB,Aaron Jones,MIN,GB,17,0.0,0.0,0.0,0.0,0.0,12.0,47.0,0.0,2.0,5.0,4.0,30.0,0.0,3.0,0.0,12.70,12.7
2024,17,MB,RB,Cam Akers,MIN,GB,17,0.0,0.0,0.0,0.0,0.0,6.0,18.0,0.0,1.0,3.0,2.0,15.0,1.0,2.0,0.0,12.30,12.3
2024,17,MB,QB,Matthew Stafford,LAR,ARI,12,17.0,32.0,189.0,0.0,0.0,6.0,16.0,0.0,3.0,0.0,0.0,0.0,0.0,0.0,0.0,12.16,12.16
2024,17,MB,RB,Tyrone Tracy,NYG,IND,22,0.0,0.0,0.0,0.0,0.0,20.0,59.0,0.0,1.0,3.0,2.0,14.0,0.0,0.0,0.0,8.30,8.3
2024,17,MB,WR,Josh Palmer,LAC,@NE,18,0.0,0.0,0.0,0.0,0.0,0.0,0.0,0.0,0.0,6.0,4.0,41.0,0.0,2.0,0.0,6.10,6.1
2024,17,MB,WR,Cooper Kupp,LAR,ARI,10,0.0,0.0,0.0,0.0,0.0,0.0,0.0,0.0,0.0,3.0,1.0,29.0,0.0,1.0,0.0,3.90,3.9
2024,17,MB,RB,Khalil Herbert,CIN,DEN,11,0.0,0.0,0.0,0.0,0.0,4.0,23.0,0.0,1.0,0.0,0.0,0.0,0.0,0.0,0.0,3.30,3.3
2024,17,MB,RB,Ray Davis,BUF,NYJ,13,0.0,0.0,0.0,0.0,0.0,6.0,9.0,0.0,0.0,1.0,1.0,4.0,0.0,0.0,0.0,1.30,1.3
2024,17,MB,QB,Will Levis,TEN,@JAC,32,0.0,0.0,0.0,0.0,0.0,0.0,0.0,0.0,0.0,0.0,0.0,0.0,0.0,0.0,0.0,-,0.0
2024,17,MB,RB,Zamir White,LV,@NO,28,0.0,0.0,0.0,0.0,0.0,0.0,0.0,0.0,0.0,0.0,0.0,0.0,0.0,0.0,0.0,-,0.0
2024,17,MB,WR,Tutu Atwell,LAR,ARI,10,0.0,0.0,0.0,0.0,0.0,0.0,0.0,0.0,0.0,0.0,0.0,0.0,0.0,0.0,0.0,0.00,0.0
2024,17,MB,DST,Chiefs,KC,@PIT,13,,,,,,,,,,,,,,,,14.00,14.0
2024,17,NBB,WR,Mike Evans,TB,CAR,21,0.0,0.0,0.0,0.0,0.0,0.0,0.0,0.0,0.0,9.0,8.0,97.0,2.0,6.0,0.0,27.70,27.7
2024,17,NBB,QB,Josh Allen,BUF,NYJ,21,16.0,27.0,182.0,2.0,0.0,5.0,17.0,1.0,3.0,0.0,0.0,0.0,0.0,0.0,0.0,25.98,25.98
2024,17,NBB,WR,Jameson Williams,DET,@SF,5,0.0,0.0,0.0,0.0,0.0,2.0,-2.0,1.0,1.0,8.0,5.0,77.0,1.0,3.0,0.0,23.70,23.7
2024,17,NBB,WR,Brian Thomas,JAC,TEN,1,0.0,0.0,0.0,0.0,0.0,1.0,18.0,0.0,1.0,10.0,7.0,91.0,1.0,4.0,0.0,21.90,21.9
2024,17,NBB,QB,Aidan O'Connell,LV,@NO,11,20.0,35.0,242.0,2.0,0.0,3.0,-1.0,0.0,1.0,0.0,0.0,0.0,0.0,0.0,0.0,18.68,18.68
2024,17,NBB,TE,Kyle Pitts,ATL,@WAS,15,0.0,0.0,0.0,0.0,0.0,0.0,0.0,0.0,0.0,5.0,4.0,44.0,1.0,2.0,0.0,12.40,12.4
2024,17,NBB,RB,D'Andre Swift,CHI,SEA,18,0.0,0.0,0.0,0.0,0.0,12.0,53.0,0.0,2.0,5.0,4.0,28.0,0.0,2.0,0.0,12.10,12.1
2024,17,NBB,WR,Khalil Shakir,BUF,NYJ,7,0.0,0.0,0.0,0.0,0.0,0.0,0.0,0.0,0.0,6.0,3.0,25.0,0.0,1.0,0.0,3.50,3.5
2024,17,NBB,WR,Jayden Reed,GB,@MIN,32,0.0,0.0,0.0,0.0,0.0,0.0,0.0,0.0,0.0,4.0,1.0,6.0,0.0,0.0,0.0,0.60,0.6
2024,17,NBB,WR,Terry McLaurin,WAS,ATL,27,0.0,0.0,0.0,0.0,0.0,0.0,0.0,0.0,0.0,7.0,1.0,5.0,0.0,0.0,0.0,0.50,0.5
2024,17,NBB,RB,Gus Edwards,LAC,@NE,26,0.0,0.0,0.0,0.0,0.0,0.0,0.0,0.0,0.0,0.0,0.0,0.0,0.0,0.0,0.0,-,0.0
2024,17,NBB,RB,Blake Corum,LAR,ARI,23,0.0,0.0,0.0,0.0,0.0,3.0,-4.0,0.0,0.0,0.0,0.0,0.0,0.0,0.0,0.0,0.00,0.0
2024,17,NBB,RB,Will Shipley,PHI,DAL,25,0.0,0.0,0.0,0.0,0.0,0.0,0.0,0.0,0.0,0.0,0.0,0.0,0.0,0.0,0.0,-,0.0
2024,17,NBB,QB,Trevor Lawrence,JAC,TEN,23,0.0,0.0,0.0,0.0,0.0,0.0,0.0,0.0,0.0,0.0,0.0,0.0,0.0,0.0,0.0,-,0.0
2024,17,NBB,WR,Chris Godwin,TB,CAR,21,0.0,0.0,0.0,0.0,0.0,0.0,0.0,0.0,0.0,0.0,0.0,0.0,0.0,0.0,0.0,-,0.0
2024,17,NBB,TE,David Njoku,CLE,MIA,18,0.0,0.0,0.0,0.0,0.0,0.0,0.0,0.0,0.0,0.0,0.0,0.0,0.0,0.0,0.0,-,0.0
2024,17,NBB,TE,Dallas Goedert,PHI,DAL,9,0.0,0.0,0.0,0.0,0.0,0.0,0.0,0.0,0.0,0.0,0.0,0.0,0.0,0.0,0.0,-,0.0
2024,17,NBB,RB,Nick Chubb,CLE,MIA,14,0.0,0.0,0.0,0.0,0.0,0.0,0.0,0.0,0.0,0.0,0.0,0.0,0.0,0.0,0.0,-,0.0
2024,17,NBB,DST,Giants,NYG,IND,21,,,,,,,,,,,,,,,,14.00,14.0
2024,17,PCP,QB,Joe Burrow,CIN,DEN,13,39.0,49.0,412.0,3.0,0.0,4.0,25.0,1.0,2.0,0.0,0.0,0.0,0.0,0.0,0.0,38.98,38.98
2024,17,PCP,RB,Tyjae Spears,TEN,@JAC,30,0.0,0.0,0.0,0.0,0.0,20.0,95.0,0.0,6.0,4.0,3.0,8.0,0.0,0.0,0.0,16.30,16.3
2024,17,PCP,RB,Rico Dowdle,DAL,@PHI,2,0.0,0.0,0.0,0.0,0.0,23.0,104.0,0.0,6.0,1.0,1.0,4.0,0.0,0.0,1.0,14.80,14.8
2024,17,PCP,WR,Garrett Wilson,NYJ,@BUF,17,0.0,0.0,0.0,0.0,0.0,0.0,0.0,0.0,0.0,8.0,7.0,66.0,1.0,4.0,1.0,14.60,14.6
2024,17,PCP,RB,Kyren Williams,LAR,ARI,23,0.0,0.0,0.0,0.0,0.0,13.0,56.0,1.0,1.0,3.0,3.0,16.0,0.0,0.0,0.0,14.20,14.2
2024,17,PCP,TE,TJ Hockenson,MIN,GB,22,0.0,0.0,0.0,0.0,0.0,0.0,0.0,0.0,0.0,6.0,5.0,68.0,0.0,4.0,0.0,10.80,10.8
2024,17,PCP,WR,Keon Coleman,BUF,NYJ,7,0.0,0.0,0.0,0.0,0.0,0.0,0.0,0.0,0.0,7.0,3.0,27.0,1.0,2.0,0.0,10.70,10.7
2024,17,PCP,WR,AJ Brown,PHI,DAL,24,0.0,0.0,0.0,0.0,0.0,0.0,0.0,0.0,0.0,5.0,3.0,36.0,1.0,1.0,0.0,10.60,10.6
2024,17,PCP,QB,Geno Smith,SEA,@CHI,2,17.0,23.0,160.0,0.0,0.0,3.0,19.0,0.0,1.0,0.0,0.0,0.0,0.0,0.0,0.0,9.30,9.3
2024,17,PCP,TE,Pat Freiermuth,PIT,KC,28,0.0,0.0,0.0,0.0,0.0,0.0,0.0,0.0,0.0,8.0,7.0,60.0,0.0,2.0,1.0,6.00,6.0
2024,17,PCP,RB,Braelon Allen,NYJ,@BUF,27,0.0,0.0,0.0,0.0,0.0,6.0,26.0,0.0,2.0,0.0,0.0,0.0,0.0,0.0,0.0,4.60,4.6
2024,17,PCP,RB,Dameon Pierce,HOU,BAL,4,0.0,0.0,0.0,0.0,0.0,5.0,13.0,0.0,0.0,0.0,0.0,0.0,0.0,0.0,0.0,1.30,1.3
2024,17,PCP,TE,Luke Musgrave,GB,@MIN,11,0.0,0.0,0.0,0.0,0.0,0.0,0.0,0.0,0.0,1.0,1.0,4.0,0.0,0.0,0.0,0.40,0.4
2024,17,PCP,RB,Ezekiel Elliott,DAL,@PHI,2,0.0,0.0,0.0,0.0,0.0,3.0,2.0,0.0,0.0,0.0,0.0,0.0,0.0,0.0,0.0,0.20,0.2
2024,17,PCP,WR,CeeDee Lamb,DAL,@PHI,8,0.0,0.0,0.0,0.0,0.0,0.0,0.0,0.0,0.0,0.0,0.0,0.0,0.0,0.0,0.0,-,0.0
2024,17,PCP,WR,Rashee Rice,KC,@PIT,14,0.0,0.0,0.0,0.0,0.0,0.0,0.0,0.0,0.0,0.0,0.0,0.0,0.0,0.0,0.0,-,0.0
2024,17,PCP,RB,Trey Benson,ARI,@LAR,15,0.0,0.0,0.0,0.0,0.0,0.0,0.0,0.0,0.0,0.0,0.0,0.0,0.0,0.0,0.0,-,0.0
2024,17,PCP,QB,Daniel Jones,MIN,GB,3,0.0,0.0,0.0,0.0,0.0,0.0,0.0,0.0,0.0,0.0,0.0,0.0,0.0,0.0,0.0,-,0.0
2024,17,PCP,DST,Ravens,BAL,@HOU,19,,,,,,,,,,,,,,,,19.00,19.0
2024,17,PP,QB,Drew Lock,NYG,IND,24,17.0,23.0,309.0,4.0,0.0,5.0,0.0,1.0,1.0,0.0,0.0,0.0,0.0,0.0,0.0,35.36,35.36
2024,17,PP,QB,Brock Purdy,SF,DET,26,27.0,35.0,377.0,3.0,2.0,3.0,12.0,1.0,2.0,0.0,0.0,0.0,0.0,0.0,0.0,32.28,32.28
2024,17,PP,QB,Justin Herbert,LAC,@NE,17,26.0,38.0,281.0,3.0,0.0,3.0,12.0,0.0,2.0,0.0,0.0,0.0,0.0,0.0,0.0,26.44,26.44
2024,17,PP,QB,Kenny Pickett,PHI,DAL,31,10.0,15.0,143.0,1.0,0.0,3.0,3.0,1.0,2.0,0.0,0.0,0.0,0.0,0.0,0.0,18.02,18.02
2024,17,PP,WR,Courtland Sutton,DEN,@CIN,19,0.0,0.0,0.0,0.0,0.0,0.0,0.0,0.0,0.0,9.0,5.0,55.0,1.0,4.0,0.0,15.50,15.5
2024,17,PP,WR,Calvin Ridley,TEN,@JAC,28,0.0,0.0,0.0,0.0,0.0,1.0,7.0,0.0,0.0,6.0,5.0,84.0,0.0,5.0,0.0,14.10,14.1
2024,17,PP,RB,Josh Jacobs,GB,@MIN,3,0.0,0.0,0.0,0.0,0.0,17.0,69.0,1.0,3.0,0.0,0.0,0.0,0.0,0.0,1.0,13.90,13.9
2024,17,PP,WR,Romeo Doubs,GB,@MIN,32,0.0,0.0,0.0,0.0,0.0,0.0,0.0,0.0,0.0,11.0,7.0,58.0,0.0,5.0,0.0,12.80,12.8
2024,17,PP,WR,Amari Cooper,BUF,NYJ,7,0.0,0.0,0.0,0.0,0.0,0.0,0.0,0.0,0.0,3.0,3.0,56.0,1.0,1.0,0.0,12.60,12.6
2024,17,PP,WR,Jauan Jennings,SF,DET,30,0.0,0.0,0.0,0.0,0.0,0.0,0.0,0.0,0.0,10.0,7.0,67.0,0.0,2.0,0.0,8.70,8.7
2024,17,PP,TE,Isaiah Likely,BAL,@HOU,10,0.0,0.0,0.0,0.0,0.0,0.0,0.0,0.0,0.0,1.0,1.0,9.0,1.0,1.0,0.0,7.90,7.9
2024,17,PP,TE,Tucker Kraft,GB,@MIN,11,0.0,0.0,0.0,0.0,0.0,0.0,0.0,0.0,0.0,3.0,2.0,53.0,0.0,2.0,0.0,7.30,7.3
2024,17,PP,RB,Audric Estime,DEN,@CIN,19,0.0,0.0,0.0,0.0,0.0,9.0,24.0,0.0,2.0,1.0,1.0,13.0,0.0,1.0,0.0,6.70,6.7
2024,17,PP,QB,CJ Stroud,HOU,BAL,25,17.0,31.0,185.0,0.0,1.0,1.0,7.0,0.0,0.0,0.0,0.0,0.0,0.0,0.0,0.0,6.10,6.1
2024,17,PP,RB,Devin Singletary,NYG,IND,22,0.0,0.0,0.0,0.0,0.0,5.0,21.0,0.0,1.0,1.0,1.0,9.0,0.0,0.0,0.0,4.00,4.0
2024,17,PP,WR,Stefon Diggs,HOU,BAL,31,0.0,0.0,0.0,0.0,0.0,0.0,0.0,0.0,0.0,0.0,0.0,0.0,0.0,0.0,0.0,-,0.0
2024,17,PP,QB,JJ McCarthy,MIN,GB,3,0.0,0.0,0.0,0.0,0.0,0.0,0.0,0.0,0.0,0.0,0.0,0.0,0.0,0.0,0.0,-,0.0
2024,17,PP,WR,Malachi Corley,NYJ,@BUF,17,0.0,0.0,0.0,0.0,0.0,0.0,0.0,0.0,0.0,0.0,0.0,0.0,0.0,0.0,0.0,0.00,0.0
2024,17,PP,TE,Mark Andrews Dead Cap,BAL,0,0,0.0,0.0,0.0,0.0,0.0,0.0,0.0,0.0,0.0,0.0,0.0,0.0,0.0,0.0,0.0,-,0.0
2024,17,PP,RB,MarShawn Lloyd,GB,@MIN,3,0.0,0.0,0.0,0.0,0.0,0.0,0.0,0.0,0.0,0.0,0.0,0.0,0.0,0.0,0.0,-,0.0
2024,17,PP,TE,Taysom Hill,NO,LV,31,0.0,0.0,0.0,0.0,0.0,0.0,0.0,0.0,0.0,0.0,0.0,0.0,0.0,0.0,0.0,-,0.0
2024,17,PP,DST,Commanders,WAS,ATL,20,,,,,,,,,,,,,,,,4.00,4.0
2024,17,RR,QB,Baker Mayfield,TB,CAR,29,27.0,32.0,359.0,5.0,0.0,1.0,2.0,0.0,0.0,0.0,0.0,0.0,0.0,0.0,0.0,34.56,34.56
2024,17,RR,WR,Jalen McMillan,TB,CAR,21,0.0,0.0,0.0,0.0,0.0,1.0,9.0,0.0,1.0,5.0,5.0,51.0,2.0,3.0,0.0,22.00,22.0
2024,17,RR,WR,Jordan Addison,MIN,GB,6,0.0,0.0,0.0,0.0,0.0,0.0,0.0,0.0,0.0,8.0,6.0,69.0,1.0,4.0,0.0,16.90,16.9
2024,17,RR,QB,Michael Penix,ATL,@WAS,9,19.0,35.0,223.0,1.0,1.0,2.0,3.0,0.0,0.0,0.0,0.0,0.0,0.0,0.0,0.0,11.22,11.22
2024,17,RR,WR,Justin Jefferson,MIN,GB,6,0.0,0.0,0.0,0.0,0.0,0.0,0.0,0.0,0.0,11.0,8.0,92.0,0.0,2.0,0.0,11.20,11.2
2024,17,RR,TE,Jonnu Smith,MIA,@CLE,24,0.0,0.0,0.0,0.0,0.0,0.0,0.0,0.0,0.0,4.0,3.0,26.0,1.0,2.0,0.0,10.60,10.6
2024,17,RR,WR,Marquise Brown,KC,@PIT,14,0.0,0.0,0.0,0.0,0.0,0.0,0.0,0.0,0.0,7.0,4.0,46.0,0.0,3.0,0.0,7.60,7.6
2024,17,RR,WR,George Pickens,PIT,KC,9,0.0,0.0,0.0,0.0,0.0,0.0,0.0,0.0,0.0,7.0,3.0,50.0,0.0,2.0,0.0,7.00,7.0
2024,17,RR,RB,Rachaad White,TB,CAR,32,0.0,0.0,0.0,0.0,0.0,6.0,30.0,0.0,3.0,1.0,1.0,4.0,0.0,0.0,0.0,6.40,6.4
2024,17,RR,WR,Davante Adams,NYJ,@BUF,17,0.0,0.0,0.0,0.0,0.0,0.0,0.0,0.0,0.0,8.0,5.0,47.0,0.0,1.0,0.0,5.70,5.7
2024,17,RR,RB,Joe Mixon,HOU,BAL,4,0.0,0.0,0.0,0.0,0.0,9.0,26.0,0.0,0.0,3.0,2.0,13.0,0.0,0.0,0.0,3.90,3.9
2024,17,RR,RB,Kendre Miller,NO,LV,16,0.0,0.0,0.0,0.0,0.0,3.0,3.0,0.0,0.0,1.0,1.0,16.0,0.0,1.0,0.0,2.90,2.9
2024,17,RR,WR,Diontae Johnson,HOU,BAL,31,0.0,0.0,0.0,0.0,0.0,0.0,0.0,0.0,0.0,0.0,0.0,0.0,0.0,0.0,0.0,-,0.0
2024,17,RR,QB,Tua Tagovailoa,MIA,@CLE,22,0.0,0.0,0.0,0.0,0.0,0.0,0.0,0.0,0.0,0.0,0.0,0.0,0.0,0.0,0.0,-,0.0
2024,17,RR,QB,Kirk Cousins,ATL,@WAS,9,0.0,0.0,0.0,0.0,0.0,0.0,0.0,0.0,0.0,0.0,0.0,0.0,0.0,0.0,0.0,-,0.0
2024,17,RR,TE,Cade Otton,TB,CAR,32,0.0,0.0,0.0,0.0,0.0,0.0,0.0,0.0,0.0,0.0,0.0,0.0,0.0,0.0,0.0,-,0.0
2024,17,RR,WR,Cedric Tillman,CLE,MIA,2,0.0,0.0,0.0,0.0,0.0,0.0,0.0,0.0,0.0,0.0,0.0,0.0,0.0,0.0,0.0,-,0.0
2024,17,RR,RB,Alvin Kamara,NO,LV,16,0.0,0.0,0.0,0.0,0.0,0.0,0.0,0.0,0.0,0.0,0.0,0.0,0.0,0.0,0.0,-,0.0
2024,17,RR,RB,Christian McCaffrey,SF,DET,5,0.0,0.0,0.0,0.0,0.0,0.0,0.0,0.0,0.0,0.0,0.0,0.0,0.0,0.0,0.0,-,0.0
2024,17,RR,DST,Steelers,PIT,KC,4,,,,,,,,,,,,,,,,-1.00,-1.0
2024,17,SBS,QB,Jayden Daniels,WAS,ATL,27,24.0,36.0,227.0,3.0,1.0,16.0,127.0,0.0,7.0,0.0,0.0,0.0,0.0,0.0,0.0,38.78,38.78
2024,17,SBS,RB,Jonathan Taylor,IND,@NYG,31,0.0,0.0,0.0,0.0,0.0,32.0,125.0,2.0,7.0,4.0,2.0,11.0,0.0,0.0,0.0,32.60,32.6
2024,17,SBS,QB,Lamar Jackson,BAL,@HOU,18,10.0,15.0,168.0,2.0,0.0,4.0,87.0,1.0,3.0,0.0,0.0,0.0,0.0,0.0,0.0,32.42,32.42
2024,17,SBS,QB,Russell Wilson,PIT,KC,15,23.0,37.0,205.0,0.0,1.0,6.0,55.0,1.0,6.0,0.0,0.0,0.0,0.0,0.0,0.0,23.70,23.7
2024,17,SBS,TE,Zach Ertz,WAS,ATL,20,0.0,0.0,0.0,0.0,0.0,0.0,0.0,0.0,0.0,7.0,6.0,72.0,2.0,4.0,0.0,23.20,23.2
2024,17,SBS,WR,Alec Pierce,IND,@NYG,12,0.0,0.0,0.0,0.0,0.0,0.0,0.0,0.0,0.0,9.0,6.0,122.0,1.0,5.0,0.0,23.20,23.2
2024,17,SBS,WR,Deebo Samuel,SF,DET,30,0.0,0.0,0.0,0.0,0.0,3.0,16.0,0.0,1.0,1.0,1.0,5.0,1.0,1.0,0.0,10.10,10.1
2024,17,SBS,WR,Nick Westbrook-Ikhine,TEN,@JAC,28,0.0,0.0,0.0,0.0,0.0,0.0,0.0,0.0,0.0,6.0,3.0,37.0,0.0,2.0,0.0,5.70,5.7
2024,17,SBS,RB,Jerome Ford,CLE,MIA,14,0.0,0.0,0.0,0.0,0.0,6.0,22.0,0.0,1.0,0.0,0.0,0.0,0.0,0.0,0.0,3.20,3.2
2024,17,SBS,WR,Rashod Bateman,BAL,@HOU,23,0.0,0.0,0.0,0.0,0.0,0.0,0.0,0.0,0.0,1.0,1.0,12.0,0.0,1.0,0.0,2.20,2.2
2024,17,SBS,RB,Chuba Hubbard,CAR,@TB,6,0.0,0.0,0.0,0.0,0.0,0.0,0.0,0.0,0.0,0.0,0.0,0.0,0.0,0.0,0.0,-,0.0
2024,17,SBS,RB,David Montgomery,DET,@SF,24,0.0,0.0,0.0,0.0,0.0,0.0,0.0,0.0,0.0,0.0,0.0,0.0,0.0,0.0,0.0,-,0.0
2024,17,SBS,WR,Christian Kirk,JAC,TEN,1,0.0,0.0,0.0,0.0,0.0,0.0,0.0,0.0,0.0,0.0,0.0,0.0,0.0,0.0,0.0,-,0.0
2024,17,SBS,WR,Troy Franklin,DEN,@CIN,19,0.0,0.0,0.0,0.0,0.0,0.0,0.0,0.0,0.0,2.0,1.0,-1.0,0.0,0.0,0.0,0.00,0.0
2024,17,SBS,RB,Jaylen Wright,MIA,@CLE,7,0.0,0.0,0.0,0.0,0.0,0.0,0.0,0.0,0.0,0.0,0.0,0.0,0.0,0.0,0.0,0.00,0.0
2024,17,SBS,WR,Christian Watson,GB,@MIN,32,0.0,0.0,0.0,0.0,0.0,0.0,0.0,0.0,0.0,0.0,0.0,0.0,0.0,0.0,0.0,-,0.0
2024,17,SBS,RB,Patrick Taylor,SF,DET,5,0.0,0.0,0.0,0.0,0.0,0.0,0.0,0.0,0.0,0.0,0.0,0.0,0.0,0.0,0.0,0.00,0.0
2024,17,SBS,DST,Packers,GB,@MIN,15,,,,,,,,,,,,,,,,3.00,3.0
2025,1,ABT,QB,Caleb Williams,CHI,MIN,---,21.0,35.0,210.0,1.0,0.0,6.0,58.0,1.0,4.0,0.0,0.0,0.0,0.0,0.0,0.0,28.20,28.2
2025,1,ABT,RB,Saquon Barkley,PHI,DAL,25,0.0,0.0,0.0,0.0,0.0,18.0,60.0,1.0,4.0,5.0,4.0,24.0,0.0,2.0,0.0,20.40,20.4
2025,1,ABT,WR,Puka Nacua,LAR,HOU,23,0.0,0.0,0.0,0.0,0.0,1.0,1.0,0.0,0.0,11.0,10.0,130.0,0.0,7.0,0.0,20.10,20.1
2025,1,ABT,WR,Calvin Austin,PIT,@NYJ,25,0.0,0.0,0.0,0.0,0.0,0.0,0.0,0.0,0.0,6.0,4.0,70.0,1.0,3.0,0.0,16.00,16.0
2025,1,ABT,RB,Chase Brown,CIN,@CLE,10,0.0,0.0,0.0,0.0,0.0,21.0,43.0,1.0,3.0,3.0,2.0,8.0,0.0,0.0,0.0,14.10,14.1
2025,1,ABT,QB,Bryce Young,CAR,@JAC,7,18.0,35.0,154.0,1.0,2.0,5.0,40.0,0.0,2.0,0.0,0.0,0.0,0.0,0.0,1.0,10.16,10.16
2025,1,ABT,TE,Hunter Henry,NE,LV,20,0.0,0.0,0.0,0.0,0.0,0.0,0.0,0.0,0.0,8.0,4.0,66.0,0.0,3.0,0.0,9.60,9.6
2025,1,ABT,TE,Brenton Strange,JAC,CAR,27,0.0,0.0,0.0,0.0,0.0,0.0,0.0,0.0,0.0,4.0,4.0,59.0,0.0,3.0,0.0,8.90,8.9
2025,1,ABT,WR,DJ Moore,CHI,MIN,---,0.0,0.0,0.0,0.0,0.0,3.0,8.0,0.0,1.0,5.0,3.0,68.0,0.0,2.0,1.0,8.60,8.6
2025,1,ABT,QB,Dak Prescott,DAL,@PHI,4,21.0,34.0,188.0,0.0,0.0,1.0,3.0,0.0,0.0,0.0,0.0,0.0,0.0,0.0,0.0,7.82,7.82
2025,1,ABT,WR,Chris Olave,NO,ARI,10,0.0,0.0,0.0,0.0,0.0,0.0,0.0,0.0,0.0,13.0,7.0,54.0,0.0,2.0,0.0,7.40,7.4
2025,1,ABT,RB,Miles Sanders,DAL,@PHI,26,0.0,0.0,0.0,0.0,0.0,4.0,53.0,0.0,1.0,1.0,1.0,-3.0,0.0,0.0,1.0,4.30,4.3
2025,1,ABT,RB,Rachaad White,TB,@ATL,9,0.0,0.0,0.0,0.0,0.0,2.0,14.0,0.0,1.0,1.0,1.0,2.0,0.0,0.0,0.0,2.60,2.6
2025,1,ABT,WR,Josh Downs,IND,MIA,21,0.0,0.0,0.0,0.0,0.0,0.0,0.0,0.0,0.0,3.0,2.0,12.0,0.0,1.0,0.0,2.20,2.2
2025,1,ABT,WR,Michael Wilson,ARI,@NO,7,0.0,0.0,0.0,0.0,0.0,0.0,0.0,0.0,0.0,4.0,1.0,5.0,0.0,1.0,0.0,1.50,1.5
2025,1,ABT,TE,Colston Loveland,CHI,MIN,---,0.0,0.0,0.0,0.0,0.0,0.0,0.0,0.0,0.0,2.0,2.0,12.0,0.0,0.0,0.0,1.20,1.2
2025,1,ABT,RB,Jonathon Brooks,CAR,@JAC,18,0.0,0.0,0.0,0.0,0.0,0.0,0.0,0.0,0.0,0.0,0.0,0.0,0.0,0.0,0.0,-,0.0
2025,1,ABT,WR,Roman Wilson,PIT,@NYJ,25,0.0,0.0,0.0,0.0,0.0,0.0,0.0,0.0,0.0,0.0,0.0,0.0,0.0,0.0,0.0,0.00,0.0
2025,1,ABT,RB,Keaton Mitchell,BAL,@BUF,30,0.0,0.0,0.0,0.0,0.0,0.0,0.0,0.0,0.0,0.0,0.0,0.0,0.0,0.0,0.0,-,0.0
2025,1,ABT,DST,Eagles,PHI,DAL,14,,,,,,,,,,,,,,,,4.00,4.0
2025,1,CLC,QB,Justin Fields,NYJ,PIT,29,16.0,22.0,218.0,1.0,0.0,12.0,48.0,2.0,5.0,0.0,0.0,0.0,0.0,0.0,0.0,34.52,34.52
2025,1,CLC,RB,Javonte Williams,DAL,@PHI,26,0.0,0.0,0.0,0.0,0.0,15.0,54.0,2.0,5.0,3.0,2.0,10.0,0.0,0.0,0.0,23.40,23.4
2025,1,CLC,QB,Jordan Love,GB,DET,17,16.0,22.0,188.0,2.0,0.0,3.0,4.0,0.0,1.0,0.0,0.0,0.0,0.0,0.0,0.0,16.92,16.92
2025,1,CLC,RB,Alvin Kamara,NO,ARI,16,0.0,0.0,0.0,0.0,0.0,11.0,45.0,1.0,3.0,2.0,2.0,12.0,0.0,1.0,0.0,15.70,15.7
2025,1,CLC,WR,Ricky Pearsall,SF,@SEA,6,0.0,0.0,0.0,0.0,0.0,0.0,0.0,0.0,0.0,7.0,4.0,108.0,0.0,4.0,0.0,14.80,14.8
2025,1,CLC,TE,Dalton Kincaid,BUF,BAL,28,0.0,0.0,0.0,0.0,0.0,0.0,0.0,0.0,0.0,4.0,4.0,48.0,1.0,3.0,0.0,13.80,13.8
2025,1,CLC,WR,Rome Odunze,CHI,MIN,---,0.0,0.0,0.0,0.0,0.0,0.0,0.0,0.0,0.0,9.0,6.0,37.0,1.0,3.0,0.0,12.70,12.7
2025,1,CLC,WR,Jaylen Waddle,MIA,@IND,9,0.0,0.0,0.0,0.0,0.0,0.0,0.0,0.0,0.0,5.0,4.0,30.0,0.0,1.0,0.0,4.00,4.0
2025,1,CLC,WR,DeVonta Smith,PHI,DAL,3,0.0,0.0,0.0,0.0,0.0,0.0,0.0,0.0,0.0,3.0,3.0,16.0,0.0,1.0,0.0,2.60,2.6
2025,1,CLC,WR,Nico Collins,HOU,@LAR,5,0.0,0.0,0.0,0.0,0.0,0.0,0.0,0.0,0.0,5.0,3.0,25.0,0.0,0.0,0.0,2.50,2.5
2025,1,CLC,QB,Cameron Ward,TEN,@DEN,1,12.0,28.0,112.0,0.0,0.0,0.0,0.0,0.0,0.0,0.0,0.0,0.0,0.0,0.0,1.0,2.48,2.48
2025,1,CLC,RB,Ollie Gordon,MIA,@IND,14,0.0,0.0,0.0,0.0,0.0,2.0,4.0,0.0,1.0,1.0,1.0,-1.0,0.0,0.0,0.0,1.40,1.4
2025,1,CLC,RB,Justice Hill,BAL,@BUF,30,0.0,0.0,0.0,0.0,0.0,2.0,-14.0,0.0,0.0,2.0,1.0,3.0,0.0,1.0,0.0,1.30,1.3
2025,1,CLC,RB,Trevor Etienne,CAR,@JAC,18,0.0,0.0,0.0,0.0,0.0,1.0,4.0,0.0,0.0,0.0,0.0,0.0,0.0,0.0,0.0,0.40,0.4
2025,1,CLC,WR,Marvin Mims,DEN,TEN,16,0.0,0.0,0.0,0.0,0.0,0.0,0.0,0.0,0.0,4.0,3.0,12.0,0.0,1.0,1.0,0.20,0.2
2025,1,CLC,WR,Darnell Mooney,ATL,TB,12,0.0,0.0,0.0,0.0,0.0,0.0,0.0,0.0,0.0,0.0,0.0,0.0,0.0,0.0,0.0,-,0.0
2025,1,CLC,TE,Terrance Ferguson,LAR,HOU,10,0.0,0.0,0.0,0.0,0.0,0.0,0.0,0.0,0.0,0.0,0.0,0.0,0.0,0.0,0.0,0.00,0.0
2025,1,CLC,WR,Ja'Lynn Polk,NE,LV,23,0.0,0.0,0.0,0.0,0.0,0.0,0.0,0.0,0.0,0.0,0.0,0.0,0.0,0.0,0.0,-,0.0
2025,1,CLC,WR,Andrei Iosivas,CIN,@CLE,2,0.0,0.0,0.0,0.0,0.0,0.0,0.0,0.0,0.0,0.0,0.0,0.0,0.0,0.0,0.0,0.00,0.0
2025,1,CLC,DST,Bills,BUF,BAL,3,,,,,,,,,,,,,,,,0.00,0.0
2025,1,CPC,RB,Derrick Henry,BAL,@BUF,30,0.0,0.0,0.0,0.0,0.0,18.0,169.0,2.0,5.0,1.0,1.0,13.0,0.0,1.0,1.0,34.20,34.2
2025,1,CPC,RB,James Cook,BUF,BAL,21,0.0,0.0,0.0,0.0,0.0,13.0,44.0,1.0,3.0,5.0,5.0,58.0,0.0,1.0,0.0,20.20,20.2
2025,1,CPC,QB,Geno Smith,LV,@NE,18,24.0,34.0,362.0,1.0,1.0,2.0,10.0,0.0,1.0,0.0,0.0,0.0,0.0,0.0,0.0,18.48,18.48
2025,1,CPC,RB,JK Dobbins,DEN,TEN,22,0.0,0.0,0.0,0.0,0.0,16.0,63.0,1.0,2.0,2.0,2.0,5.0,0.0,0.0,0.0,14.80,14.8
2025,1,CPC,QB,Drake Maye,NE,LV,15,30.0,46.0,287.0,1.0,1.0,4.0,11.0,0.0,0.0,1.0,1.0,2.0,0.0,0.0,0.0,14.78,14.78
2025,1,CPC,WR,Jakobi Meyers,LV,@NE,28,0.0,0.0,0.0,0.0,0.0,0.0,0.0,0.0,0.0,10.0,8.0,97.0,0.0,5.0,0.0,14.70,14.7
2025,1,CPC,TE,George Kittle,SF,@SEA,30,0.0,0.0,0.0,0.0,0.0,0.0,0.0,0.0,0.0,4.0,4.0,25.0,1.0,3.0,0.0,11.50,11.5
2025,1,CPC,RB,Jordan Mason,MIN,@CHI,---,0.0,0.0,0.0,0.0,0.0,15.0,68.0,0.0,3.0,1.0,1.0,7.0,0.0,0.0,0.0,10.50,10.5
2025,1,CPC,WR,Ladd McConkey,LAC,KC,30,0.0,0.0,0.0,0.0,0.0,0.0,0.0,0.0,0.0,9.0,6.0,74.0,0.0,3.0,0.0,10.40,10.4
2025,1,CPC,RB,Tony Pollard,TEN,@DEN,3,0.0,0.0,0.0,0.0,0.0,18.0,60.0,0.0,2.0,1.0,1.0,29.0,0.0,1.0,1.0,9.90,9.9
2025,1,CPC,QB,Sam Darnold,SEA,SF,2,16.0,23.0,150.0,0.0,0.0,2.0,14.0,0.0,1.0,0.0,0.0,0.0,0.0,0.0,1.0,6.40,6.4
2025,1,CPC,WR,Tee Higgins,CIN,@CLE,2,0.0,0.0,0.0,0.0,0.0,0.0,0.0,0.0,0.0,4.0,3.0,33.0,0.0,2.0,0.0,5.30,5.3
2025,1,CPC,RB,Brian Robinson,SF,@SEA,28,0.0,0.0,0.0,0.0,0.0,9.0,33.0,0.0,1.0,2.0,1.0,4.0,0.0,0.0,0.0,4.70,4.7
2025,1,CPC,TE,Ja'Tavion Sanders,CAR,@JAC,6,0.0,0.0,0.0,0.0,0.0,0.0,0.0,0.0,0.0,3.0,2.0,27.0,0.0,1.0,0.0,3.70,3.7
2025,1,CPC,WR,Ja'Marr Chase,CIN,@CLE,2,0.0,0.0,0.0,0.0,0.0,0.0,0.0,0.0,0.0,5.0,2.0,26.0,0.0,1.0,0.0,3.60,3.6
2025,1,CPC,RB,Tyler Allgeier,ATL,TB,23,0.0,0.0,0.0,0.0,0.0,10.0,24.0,0.0,1.0,0.0,0.0,0.0,0.0,0.0,0.0,3.40,3.4
2025,1,CPC,WR,Matthew Golden,GB,DET,20,0.0,0.0,0.0,0.0,0.0,0.0,0.0,0.0,0.0,2.0,2.0,16.0,0.0,1.0,0.0,2.60,2.6
2025,1,CPC,RB,Quinshon Judkins,CLE,CIN,20,0.0,0.0,0.0,0.0,0.0,0.0,0.0,0.0,0.0,0.0,0.0,0.0,0.0,0.0,0.0,-,0.0
2025,1,CPC,WR,Jalen Royals,KC,@LAC,17,0.0,0.0,0.0,0.0,0.0,0.0,0.0,0.0,0.0,0.0,0.0,0.0,0.0,0.0,0.0,-,0.0
2025,1,CPC,WR,Dontayvion Wicks Dead Cap,GB,0,0,0.0,0.0,0.0,0.0,0.0,0.0,0.0,0.0,0.0,0.0,0.0,0.0,0.0,0.0,0.0,-,0.0
2025,1,CPC,DST,Vikings,MIN,@CHI,---,,,,,,,,,,,,,,,,6.00,6.0
2025,1,DDD,WR,Zay Flowers,BAL,@BUF,26,0.0,0.0,0.0,0.0,0.0,2.0,8.0,0.0,0.0,9.0,7.0,143.0,1.0,5.0,0.0,26.10,26.1
2025,1,DDD,WR,Quentin Johnston,LAC,KC,30,0.0,0.0,0.0,0.0,0.0,0.0,0.0,0.0,0.0,7.0,5.0,79.0,2.0,3.0,0.0,22.90,22.9
2025,1,DDD,WR,Emeka Egbuka,TB,@ATL,27,0.0,0.0,0.0,0.0,0.0,1.0,9.0,0.0,0.0,6.0,4.0,67.0,2.0,2.0,0.0,21.60,21.6
2025,1,DDD,WR,Keenan Allen,LAC,KC,30,0.0,0.0,0.0,0.0,0.0,0.0,0.0,0.0,0.0,10.0,7.0,68.0,1.0,6.0,0.0,18.80,18.8
2025,1,DDD,QB,Brock Purdy,SF,@SEA,16,26.0,35.0,277.0,2.0,2.0,5.0,17.0,0.0,0.0,0.0,0.0,0.0,0.0,0.0,0.0,16.78,16.78
2025,1,DDD,RB,Bucky Irving,TB,@ATL,9,0.0,0.0,0.0,0.0,0.0,14.0,37.0,0.0,1.0,4.0,4.0,8.0,1.0,1.0,0.0,12.50,12.5
2025,1,DDD,QB,Spencer Rattler,NO,ARI,11,27.0,46.0,214.0,0.0,0.0,4.0,29.0,0.0,1.0,0.0,0.0,0.0,0.0,0.0,0.0,12.46,12.46
2025,1,DDD,WR,Malik Nabers,NYG,@WAS,11,0.0,0.0,0.0,0.0,0.0,0.0,0.0,0.0,0.0,12.0,5.0,71.0,0.0,4.0,0.0,11.10,11.1
2025,1,DDD,QB,Jared Goff,DET,@GB,8,31.0,39.0,225.0,1.0,1.0,1.0,-1.0,0.0,0.0,0.0,0.0,0.0,0.0,0.0,0.0,11.00,11.0
2025,1,DDD,TE,Sam LaPorta,DET,@GB,16,0.0,0.0,0.0,0.0,0.0,0.0,0.0,0.0,0.0,9.0,6.0,79.0,0.0,3.0,0.0,10.90,10.9
2025,1,DDD,RB,Austin Ekeler,WAS,NYG,27,0.0,0.0,0.0,0.0,0.0,6.0,26.0,0.0,1.0,3.0,3.0,31.0,0.0,2.0,0.0,8.70,8.7
2025,1,DDD,RB,Jahmyr Gibbs,DET,@GB,8,0.0,0.0,0.0,0.0,0.0,9.0,19.0,0.0,1.0,10.0,10.0,31.0,0.0,1.0,0.0,7.00,7.0
2025,1,DDD,RB,Kendre Miller,NO,ARI,16,0.0,0.0,0.0,0.0,0.0,5.0,24.0,0.0,1.0,0.0,0.0,0.0,0.0,0.0,0.0,3.40,3.4
2025,1,DDD,WR,Adonai Mitchell,IND,MIA,21,0.0,0.0,0.0,0.0,0.0,0.0,0.0,0.0,0.0,2.0,2.0,21.0,0.0,1.0,0.0,3.10,3.1
2025,1,DDD,WR,Elic Ayomanor,TEN,@DEN,1,0.0,0.0,0.0,0.0,0.0,0.0,0.0,0.0,0.0,7.0,2.0,13.0,0.0,1.0,0.0,2.30,2.3
2025,1,DDD,RB,Tank Bigsby,JAC,CAR,24,0.0,0.0,0.0,0.0,0.0,5.0,12.0,0.0,1.0,0.0,0.0,0.0,0.0,0.0,0.0,2.20,2.2
2025,1,DDD,WR,Adam Thielen,MIN,@CHI,---,0.0,0.0,0.0,0.0,0.0,0.0,0.0,0.0,0.0,1.0,0.0,0.0,0.0,0.0,0.0,2.00,2.0
2025,1,DDD,RB,Cam Skattebo,NYG,@WAS,1,0.0,0.0,0.0,0.0,0.0,2.0,-3.0,0.0,0.0,2.0,2.0,12.0,0.0,0.0,0.0,1.20,1.2
2025,1,DDD,QB,Deshaun Watson Dead Cap,CLE,0,0,0.0,0.0,0.0,0.0,0.0,0.0,0.0,0.0,0.0,0.0,0.0,0.0,0.0,0.0,0.0,-,0.0
2025,1,DDD,QB,Mac Jones,SF,@SEA,16,0.0,0.0,0.0,0.0,0.0,0.0,0.0,0.0,0.0,0.0,0.0,0.0,0.0,0.0,0.0,-,0.0
2025,1,DDD,WR,Tank Dell,HOU,@LAR,5,0.0,0.0,0.0,0.0,0.0,0.0,0.0,0.0,0.0,0.0,0.0,0.0,0.0,0.0,0.0,-,0.0
2025,1,DDD,DST,Buccaneers,TB,@ATL,10,,,,,,,,,,,,,,,,3.00,3.0
2025,1,LBC,QB,Aaron Rodgers,PIT,@NYJ,22,22.0,30.0,244.0,4.0,0.0,1.0,-1.0,0.0,0.0,0.0,0.0,0.0,0.0,0.0,0.0,25.76,25.76
2025,1,LBC,RB,Travis Etienne,JAC,CAR,24,0.0,0.0,0.0,0.0,0.0,16.0,143.0,0.0,3.0,3.0,3.0,13.0,0.0,1.0,0.0,19.60,19.6
2025,1,LBC,WR,Michael Pittman,IND,MIA,21,0.0,0.0,0.0,0.0,0.0,0.0,0.0,0.0,0.0,8.0,6.0,80.0,1.0,4.0,0.0,18.00,18.0
2025,1,LBC,WR,Jaxon Smith-Njigba,SEA,SF,8,0.0,0.0,0.0,0.0,0.0,0.0,0.0,0.0,0.0,13.0,9.0,124.0,0.0,6.0,1.0,16.40,16.4
2025,1,LBC,RB,Kyren Williams,LAR,HOU,13,0.0,0.0,0.0,0.0,0.0,18.0,66.0,1.0,3.0,2.0,1.0,3.0,0.0,0.0,0.0,15.90,15.9
2025,1,LBC,TE,Brock Bowers,LV,@NE,29,0.0,0.0,0.0,0.0,0.0,0.0,0.0,0.0,0.0,8.0,5.0,103.0,0.0,4.0,0.0,14.30,14.3
2025,1,LBC,QB,CJ Stroud,HOU,@LAR,9,19.0,27.0,188.0,0.0,1.0,5.0,32.0,0.0,3.0,0.0,0.0,0.0,0.0,0.0,0.0,11.72,11.72
2025,1,LBC,WR,Jerry Jeudy,CLE,CIN,18,0.0,0.0,0.0,0.0,0.0,0.0,0.0,0.0,0.0,8.0,5.0,66.0,0.0,4.0,0.0,10.60,10.6
2025,1,LBC,TE,Trey McBride,ARI,@NO,21,0.0,0.0,0.0,0.0,0.0,0.0,0.0,0.0,0.0,9.0,6.0,61.0,0.0,4.0,0.0,10.10,10.1
2025,1,LBC,QB,Bo Nix,DEN,TEN,6,25.0,40.0,176.0,1.0,2.0,8.0,18.0,0.0,2.0,0.0,0.0,0.0,0.0,0.0,1.0,8.84,8.84
2025,1,LBC,RB,RJ Harvey,DEN,TEN,22,0.0,0.0,0.0,0.0,0.0,6.0,70.0,0.0,1.0,1.0,1.0,-1.0,0.0,0.0,0.0,8.00,8.0
2025,1,LBC,WR,Drake London,ATL,TB,12,0.0,0.0,0.0,0.0,0.0,0.0,0.0,0.0,0.0,15.0,8.0,55.0,0.0,2.0,0.0,7.50,7.5
2025,1,LBC,RB,Isiah Pacheco,KC,@LAC,2,0.0,0.0,0.0,0.0,0.0,5.0,25.0,0.0,1.0,3.0,2.0,3.0,0.0,0.0,0.0,3.80,3.8
2025,1,LBC,RB,Rhamondre Stevenson,NE,LV,4,0.0,0.0,0.0,0.0,0.0,7.0,15.0,0.0,1.0,3.0,2.0,12.0,0.0,0.0,0.0,3.70,3.7
2025,1,LBC,WR,Jack Bech,LV,@NE,28,0.0,0.0,0.0,0.0,0.0,0.0,0.0,0.0,0.0,1.0,1.0,23.0,0.0,1.0,0.0,3.30,3.3
2025,1,LBC,TE,Evan Engram,DEN,TEN,7,0.0,0.0,0.0,0.0,0.0,0.0,0.0,0.0,0.0,4.0,3.0,21.0,0.0,1.0,0.0,3.10,3.1
2025,1,LBC,WR,Kyle Williams,NE,LV,24,0.0,0.0,0.0,0.0,0.0,0.0,0.0,0.0,0.0,1.0,1.0,12.0,0.0,1.0,0.0,2.20,2.2
2025,1,LBC,WR,Jalen Coker,CAR,@JAC,4,0.0,0.0,0.0,0.0,0.0,0.0,0.0,0.0,0.0,0.0,0.0,0.0,0.0,0.0,0.0,-,0.0
2025,1,LBC,WR,Brandon Aiyuk,SF,@SEA,6,0.0,0.0,0.0,0.0,0.0,0.0,0.0,0.0,0.0,0.0,0.0,0.0,0.0,0.0,0.0,-,0.0
2025,1,LBC,WR,Michael Wilson Dead Cap,ARI,0,0,0.0,0.0,0.0,0.0,0.0,0.0,0.0,0.0,0.0,0.0,0.0,0.0,0.0,0.0,0.0,-,0.0
2025,1,LBC,DST,Broncos,DEN,TEN,30,,,,,,,,,,,,,,,,15.00,15.0
2025,1,LC,QB,Jalen Hurts,PHI,DAL,26,19.0,23.0,152.0,0.0,0.0,14.0,62.0,2.0,7.0,0.0,0.0,0.0,0.0,0.0,0.0,31.28,31.28
2025,1,LC,QB,Patrick Mahomes,KC,@LAC,25,24.0,39.0,258.0,1.0,0.0,6.0,57.0,1.0,5.0,0.0,0.0,0.0,0.0,0.0,0.0,31.02,31.02
2025,1,LC,RB,Jaylen Warren,PIT,@NYJ,15,0.0,0.0,0.0,0.0,0.0,11.0,37.0,0.0,1.0,2.0,2.0,22.0,1.0,2.0,0.0,14.90,14.9
2025,1,LC,RB,Zach Charbonnet,SEA,SF,12,0.0,0.0,0.0,0.0,0.0,12.0,47.0,1.0,4.0,0.0,0.0,0.0,0.0,0.0,0.0,14.70,14.7
2025,1,LC,RB,James Conner,ARI,@NO,19,0.0,0.0,0.0,0.0,0.0,12.0,39.0,0.0,1.0,4.0,4.0,5.0,1.0,2.0,0.0,13.40,13.4
2025,1,LC,WR,DK Metcalf,PIT,@NYJ,25,0.0,0.0,0.0,0.0,0.0,0.0,0.0,0.0,0.0,7.0,4.0,83.0,0.0,4.0,0.0,12.30,12.3
2025,1,LC,WR,DeAndre Hopkins,BAL,@BUF,26,0.0,0.0,0.0,0.0,0.0,0.0,0.0,0.0,0.0,2.0,2.0,35.0,1.0,1.0,0.0,10.50,10.5
2025,1,LC,WR,Rashid Shaheed,NO,ARI,10,0.0,0.0,0.0,0.0,0.0,0.0,0.0,0.0,0.0,9.0,6.0,33.0,0.0,2.0,0.0,5.30,5.3
2025,1,LC,TE,Dalton Schultz,HOU,@LAR,13,0.0,0.0,0.0,0.0,0.0,0.0,0.0,0.0,0.0,5.0,3.0,28.0,0.0,2.0,0.0,4.80,4.8
2025,1,LC,WR,Travis Hunter,JAC,CAR,13,0.0,0.0,0.0,0.0,0.0,0.0,0.0,0.0,0.0,8.0,6.0,33.0,0.0,0.0,0.0,3.30,3.3
2025,1,LC,TE,Jake Ferguson,DAL,@PHI,4,0.0,0.0,0.0,0.0,0.0,0.0,0.0,0.0,0.0,6.0,5.0,23.0,0.0,0.0,0.0,2.30,2.3
2025,1,LC,WR,Xavier Legette,CAR,@JAC,4,0.0,0.0,0.0,0.0,0.0,0.0,0.0,0.0,0.0,7.0,3.0,10.0,0.0,0.0,0.0,1.00,1.0
2025,1,LC,RB,Jerome Ford,CLE,CIN,20,0.0,0.0,0.0,0.0,0.0,6.0,8.0,0.0,0.0,1.0,1.0,-3.0,0.0,0.0,0.0,0.80,0.8
2025,1,LC,RB,Joe Mixon,HOU,@LAR,6,0.0,0.0,0.0,0.0,0.0,0.0,0.0,0.0,0.0,0.0,0.0,0.0,0.0,0.0,0.0,-,0.0
2025,1,LC,WR,Tory Horton,SEA,SF,8,0.0,0.0,0.0,0.0,0.0,0.0,0.0,0.0,0.0,0.0,0.0,0.0,0.0,0.0,0.0,0.00,0.0
2025,1,LC,WR,Xavier Worthy,KC,@LAC,17,0.0,0.0,0.0,0.0,0.0,1.0,0.0,0.0,0.0,1.0,0.0,0.0,0.0,0.0,0.0,0.00,0.0
2025,1,LC,WR,Luther Burden,CHI,MIN,---,0.0,0.0,0.0,0.0,0.0,0.0,0.0,0.0,0.0,1.0,1.0,-3.0,0.0,0.0,0.0,0.00,0.0
2025,1,LC,DST,49ers,SF,@SEA,22,,,,,,,,,,,,,,,,9.00,9.0
2025,1,MB,RB,Bijan Robinson,ATL,TB,23,0.0,0.0,0.0,0.0,0.0,12.0,24.0,0.0,0.0,7.0,6.0,100.0,1.0,3.0,0.0,21.40,21.4
2025,1,MB,QB,Kyler Murray,ARI,@NO,19,21.0,29.0,163.0,2.0,0.0,7.0,38.0,0.0,3.0,0.0,0.0,0.0,0.0,0.0,0.0,21.32,21.32
2025,1,MB,RB,Jacory Croskey-Merritt,WAS,NYG,27,0.0,0.0,0.0,0.0,0.0,10.0,82.0,1.0,4.0,1.0,0.0,0.0,0.0,0.0,0.0,18.20,18.2
2025,1,MB,WR,Marvin Harrison,ARI,@NO,7,0.0,0.0,0.0,0.0,0.0,0.0,0.0,0.0,0.0,6.0,5.0,71.0,1.0,3.0,0.0,16.10,16.1
2025,1,MB,RB,Aaron Jones,MIN,@CHI,---,0.0,0.0,0.0,0.0,0.0,8.0,23.0,0.0,1.0,3.0,3.0,44.0,1.0,2.0,0.0,15.70,15.7
2025,1,MB,QB,Matthew Stafford,LAR,HOU,13,21.0,29.0,245.0,1.0,0.0,4.0,-2.0,0.0,0.0,0.0,0.0,0.0,0.0,0.0,0.0,13.80,13.8
2025,1,MB,QB,Joe Flacco,CLE,CIN,12,31.0,45.0,290.0,1.0,2.0,2.0,6.0,0.0,1.0,0.0,0.0,0.0,0.0,0.0,0.0,13.20,13.2
2025,1,MB,WR,Josh Palmer,BUF,BAL,29,0.0,0.0,0.0,0.0,0.0,0.0,0.0,0.0,0.0,9.0,5.0,61.0,0.0,3.0,0.0,9.10,9.1
2025,1,MB,WR,Amon-Ra St Brown,DET,@GB,16,0.0,0.0,0.0,0.0,0.0,0.0,0.0,0.0,0.0,6.0,4.0,45.0,0.0,4.0,0.0,8.50,8.5
2025,1,MB,RB,Tyrone Tracy,NYG,@WAS,1,0.0,0.0,0.0,0.0,0.0,10.0,24.0,0.0,1.0,5.0,2.0,11.0,0.0,0.0,0.0,4.50,4.5
2025,1,MB,WR,Tre Harris,LAC,KC,30,0.0,0.0,0.0,0.0,0.0,0.0,0.0,0.0,0.0,1.0,1.0,11.0,0.0,1.0,0.0,2.10,2.1
2025,1,MB,WR,Cooper Kupp,SEA,SF,8,0.0,0.0,0.0,0.0,0.0,0.0,0.0,0.0,0.0,3.0,2.0,15.0,0.0,0.0,0.0,1.50,1.5
2025,1,MB,TE,Mark Andrews,BAL,@BUF,2,0.0,0.0,0.0,0.0,0.0,0.0,0.0,0.0,0.0,1.0,1.0,5.0,0.0,0.0,0.0,0.50,0.5
2025,1,MB,RB,Ray Davis,BUF,BAL,21,0.0,0.0,0.0,0.0,0.0,1.0,2.0,0.0,0.0,1.0,1.0,-1.0,0.0,0.0,0.0,0.20,0.2
2025,1,MB,TE,Tyler Higbee,LAR,HOU,10,0.0,0.0,0.0,0.0,0.0,0.0,0.0,0.0,0.0,0.0,0.0,0.0,0.0,0.0,0.0,0.00,0.0
2025,1,MB,QB,Jaxson Dart,NYG,@WAS,14,0.0,0.0,0.0,0.0,0.0,0.0,0.0,0.0,0.0,0.0,0.0,0.0,0.0,0.0,0.0,-,0.0
2025,1,MB,RB,Isaac Guerendo,SF,@SEA,28,0.0,0.0,0.0,0.0,0.0,0.0,0.0,0.0,0.0,0.0,0.0,0.0,0.0,0.0,0.0,0.00,0.0
2025,1,MB,RB,Jarquez Hunter,LAR,HOU,13,0.0,0.0,0.0,0.0,0.0,0.0,0.0,0.0,0.0,0.0,0.0,0.0,0.0,0.0,0.0,-,0.0
2025,1,MB,WR,Amari Cooper,LV,@NE,28,0.0,0.0,0.0,0.0,0.0,0.0,0.0,0.0,0.0,0.0,0.0,0.0,0.0,0.0,0.0,-,0.0
2025,1,MB,DST,Chiefs,KC,@LAC,10,,,,,,,,,,,,,,,,3.00,3.0
2025,1,NBB,QB,Josh Allen,BUF,BAL,30,33.0,46.0,394.0,2.0,0.0,14.0,30.0,2.0,4.0,0.0,0.0,0.0,0.0,0.0,0.0,42.76,42.76
2025,1,NBB,WR,Jayden Reed,GB,DET,20,0.0,0.0,0.0,0.0,0.0,0.0,0.0,0.0,0.0,5.0,3.0,45.0,1.0,2.0,0.0,12.50,12.5
2025,1,NBB,QB,Trevor Lawrence,JAC,CAR,10,19.0,31.0,178.0,1.0,1.0,4.0,12.0,0.0,2.0,0.0,0.0,0.0,0.0,0.0,0.0,12.32,12.32
2025,1,NBB,WR,Tetairoa McMillan,CAR,@JAC,4,0.0,0.0,0.0,0.0,0.0,0.0,0.0,0.0,0.0,9.0,5.0,68.0,0.0,4.0,0.0,10.80,10.8
2025,1,NBB,WR,Brian Thomas,JAC,CAR,13,0.0,0.0,0.0,0.0,0.0,1.0,9.0,1.0,1.0,7.0,1.0,11.0,0.0,1.0,0.0,10.00,10.0
2025,1,NBB,TE,Harold Fannin,CLE,CIN,25,0.0,0.0,0.0,0.0,0.0,1.0,3.0,0.0,0.0,9.0,7.0,63.0,0.0,3.0,0.0,9.60,9.6
2025,1,NBB,RB,D'Andre Swift,CHI,MIN,---,0.0,0.0,0.0,0.0,0.0,17.0,53.0,0.0,2.0,5.0,3.0,12.0,0.0,1.0,0.0,9.50,9.5
2025,1,NBB,WR,Khalil Shakir,BUF,BAL,29,0.0,0.0,0.0,0.0,0.0,0.0,0.0,0.0,0.0,9.0,6.0,64.0,0.0,3.0,0.0,9.40,9.4
2025,1,NBB,WR,Mike Evans,TB,@ATL,27,0.0,0.0,0.0,0.0,0.0,0.0,0.0,0.0,0.0,8.0,5.0,51.0,0.0,4.0,0.0,9.10,9.1
2025,1,NBB,TE,Dallas Goedert,PHI,DAL,11,0.0,0.0,0.0,0.0,0.0,0.0,0.0,0.0,0.0,7.0,7.0,44.0,0.0,2.0,0.0,6.40,6.4
2025,1,NBB,TE,David Njoku,CLE,CIN,25,0.0,0.0,0.0,0.0,0.0,0.0,0.0,0.0,0.0,6.0,3.0,37.0,0.0,1.0,0.0,4.70,4.7
2025,1,NBB,RB,Will Shipley,PHI,DAL,25,0.0,0.0,0.0,0.0,0.0,3.0,26.0,0.0,2.0,0.0,0.0,0.0,0.0,0.0,0.0,4.60,4.6
2025,1,NBB,WR,Jameson Williams,DET,@GB,15,0.0,0.0,0.0,0.0,0.0,1.0,3.0,0.0,0.0,5.0,4.0,23.0,0.0,2.0,0.0,4.60,4.6
2025,1,NBB,WR,Terry McLaurin,WAS,NYG,22,0.0,0.0,0.0,0.0,0.0,0.0,0.0,0.0,0.0,4.0,2.0,27.0,0.0,1.0,0.0,3.70,3.7
2025,1,NBB,RB,Bhayshul Tuten,JAC,CAR,24,0.0,0.0,0.0,0.0,0.0,3.0,11.0,0.0,1.0,0.0,0.0,0.0,0.0,0.0,0.0,2.10,2.1
2025,1,NBB,RB,Blake Corum,LAR,HOU,13,0.0,0.0,0.0,0.0,0.0,1.0,2.0,0.0,0.0,1.0,1.0,14.0,0.0,0.0,0.0,1.60,1.6
2025,1,NBB,RB,Najee Harris,LAC,KC,5,0.0,0.0,0.0,0.0,0.0,1.0,5.0,0.0,0.0,1.0,1.0,5.0,0.0,0.0,0.0,1.00,1.0
2025,1,NBB,WR,Chris Godwin,TB,@ATL,27,0.0,0.0,0.0,0.0,0.0,0.0,0.0,0.0,0.0,0.0,0.0,0.0,0.0,0.0,0.0,-,0.0
2025,1,NBB,DST,Giants,NYG,@WAS,13,,,,,,,,,,,,,,,,3.00,3.0
2025,1,PCP,QB,Daniel Jones,IND,MIA,27,22.0,29.0,272.0,1.0,0.0,7.0,26.0,2.0,4.0,0.0,0.0,0.0,0.0,0.0,0.0,33.48,33.48
2025,1,PCP,WR,Keon Coleman,BUF,BAL,29,0.0,0.0,0.0,0.0,0.0,0.0,0.0,0.0,0.0,11.0,8.0,112.0,1.0,6.0,0.0,23.20,23.2
2025,1,PCP,WR,Garrett Wilson,NYJ,PIT,14,0.0,0.0,0.0,0.0,0.0,0.0,0.0,0.0,0.0,9.0,7.0,95.0,1.0,4.0,0.0,19.50,19.5
2025,1,PCP,WR,CeeDee Lamb,DAL,@PHI,19,0.0,0.0,0.0,0.0,0.0,0.0,0.0,0.0,0.0,13.0,7.0,110.0,0.0,6.0,0.0,17.00,17.0
2025,1,PCP,RB,Ashton Jeanty,LV,@NE,7,0.0,0.0,0.0,0.0,0.0,19.0,38.0,1.0,2.0,2.0,2.0,2.0,0.0,0.0,0.0,12.00,12.0
2025,1,PCP,RB,Nick Chubb,HOU,@LAR,6,0.0,0.0,0.0,0.0,0.0,13.0,60.0,0.0,4.0,1.0,0.0,0.0,0.0,0.0,0.0,10.00,10.0
2025,1,PCP,QB,Joe Burrow,CIN,@CLE,5,14.0,23.0,113.0,1.0,0.0,2.0,3.0,0.0,0.0,0.0,0.0,0.0,0.0,0.0,0.0,8.82,8.82
2025,1,PCP,RB,Trey Benson,ARI,@NO,19,0.0,0.0,0.0,0.0,0.0,8.0,69.0,0.0,1.0,1.0,1.0,6.0,0.0,0.0,0.0,8.50,8.5
2025,1,PCP,RB,Braelon Allen,NYJ,PIT,29,0.0,0.0,0.0,0.0,0.0,6.0,9.0,1.0,1.0,0.0,0.0,0.0,0.0,0.0,0.0,7.90,7.9
2025,1,PCP,RB,DJ Giddens,IND,MIA,17,0.0,0.0,0.0,0.0,0.0,12.0,41.0,0.0,2.0,0.0,0.0,0.0,0.0,0.0,0.0,6.10,6.1
2025,1,PCP,TE,Pat Freiermuth,PIT,@NYJ,24,0.0,0.0,0.0,0.0,0.0,0.0,0.0,0.0,0.0,3.0,3.0,28.0,0.0,2.0,0.0,4.80,4.8
2025,1,PCP,RB,Rico Dowdle,CAR,@JAC,18,0.0,0.0,0.0,0.0,0.0,3.0,12.0,0.0,0.0,3.0,2.0,4.0,0.0,0.0,0.0,1.60,1.6
2025,1,PCP,TE,TJ Hockenson,MIN,@CHI,---,0.0,0.0,0.0,0.0,0.0,0.0,0.0,0.0,0.0,4.0,3.0,15.0,0.0,0.0,0.0,1.50,1.5
2025,1,PCP,RB,Devin Neal,NO,ARI,16,0.0,0.0,0.0,0.0,0.0,2.0,9.0,0.0,0.0,0.0,0.0,0.0,0.0,0.0,0.0,0.90,0.9
2025,1,PCP,WR,AJ Brown,PHI,DAL,3,0.0,0.0,0.0,0.0,0.0,0.0,0.0,0.0,0.0,1.0,1.0,8.0,0.0,0.0,0.0,0.80,0.8
2025,1,PCP,TE,Luke Musgrave,GB,DET,14,0.0,0.0,0.0,0.0,0.0,0.0,0.0,0.0,0.0,1.0,1.0,4.0,0.0,0.0,0.0,0.40,0.4
2025,1,PCP,WR,Rashee Rice,KC,@LAC,17,0.0,0.0,0.0,0.0,0.0,0.0,0.0,0.0,0.0,0.0,0.0,0.0,0.0,0.0,0.0,-,0.0
2025,1,PCP,RB,Tyjae Spears,TEN,@DEN,4,0.0,0.0,0.0,0.0,0.0,0.0,0.0,0.0,0.0,0.0,0.0,0.0,0.0,0.0,0.0,-,0.0
2025,1,PCP,QB,Shedeur Sanders,CLE,CIN,12,0.0,0.0,0.0,0.0,0.0,0.0,0.0,0.0,0.0,0.0,0.0,0.0,0.0,0.0,0.0,-,0.0
2025,1,PCP,DST,Ravens,BAL,@BUF,1,,,,,,,,,,,,,,,,-3.00,-3.0
2025,1,PP,QB,Justin Herbert,LAC,KC,24,25.0,34.0,318.0,3.0,0.0,7.0,32.0,0.0,1.0,0.0,0.0,0.0,0.0,0.0,0.0,28.92,28.92
2025,1,PP,QB,JJ McCarthy,MIN,@CHI,---,13.0,20.0,143.0,2.0,1.0,2.0,25.0,1.0,2.0,0.0,0.0,0.0,0.0,0.0,0.0,24.22,24.22
2025,1,PP,RB,De'Von Achane,MIA,@IND,14,0.0,0.0,0.0,0.0,0.0,7.0,55.0,0.0,2.0,4.0,3.0,20.0,1.0,1.0,0.0,16.50,16.5
2025,1,PP,WR,Courtland Sutton,DEN,TEN,16,0.0,0.0,0.0,0.0,0.0,0.0,0.0,0.0,0.0,9.0,6.0,61.0,1.0,4.0,0.0,16.10,16.1
2025,1,PP,RB,Josh Jacobs,GB,DET,11,0.0,0.0,0.0,0.0,0.0,19.0,66.0,1.0,3.0,1.0,1.0,4.0,0.0,0.0,0.0,16.00,16.0
2025,1,PP,TE,Travis Kelce,KC,@LAC,23,0.0,0.0,0.0,0.0,0.0,0.0,0.0,0.0,0.0,4.0,2.0,47.0,1.0,2.0,0.0,12.70,12.7
2025,1,PP,RB,Omarion Hampton,LAC,KC,5,0.0,0.0,0.0,0.0,0.0,15.0,48.0,0.0,4.0,2.0,2.0,13.0,0.0,0.0,0.0,10.10,10.1
2025,1,PP,TE,Tucker Kraft,GB,DET,14,0.0,0.0,0.0,0.0,0.0,1.0,3.0,0.0,0.0,4.0,2.0,16.0,1.0,1.0,0.0,8.90,8.9
2025,1,PP,WR,Romeo Doubs,GB,DET,20,0.0,0.0,0.0,0.0,0.0,0.0,0.0,0.0,0.0,4.0,2.0,68.0,0.0,2.0,0.0,8.80,8.8
2025,1,PP,WR,Stefon Diggs,NE,LV,23,0.0,0.0,0.0,0.0,0.0,0.0,0.0,0.0,0.0,7.0,6.0,57.0,0.0,3.0,0.0,8.70,8.7
2025,1,PP,WR,Tyreek Hill,MIA,@IND,9,0.0,0.0,0.0,0.0,0.0,0.0,0.0,0.0,0.0,6.0,4.0,40.0,0.0,3.0,0.0,7.00,7.0
2025,1,PP,WR,Jayden Higgins,HOU,@LAR,5,0.0,0.0,0.0,0.0,0.0,0.0,0.0,0.0,0.0,3.0,2.0,32.0,0.0,1.0,0.0,4.20,4.2
2025,1,PP,WR,Calvin Ridley,TEN,@DEN,1,0.0,0.0,0.0,0.0,0.0,0.0,0.0,0.0,0.0,8.0,4.0,27.0,0.0,1.0,0.0,3.70,3.7
2025,1,PP,WR,Jauan Jennings,SF,@SEA,6,0.0,0.0,0.0,0.0,0.0,0.0,0.0,0.0,0.0,5.0,2.0,16.0,0.0,1.0,0.0,2.60,2.6
2025,1,PP,QB,Jalen Milroe,SEA,SF,2,0.0,0.0,0.0,0.0,0.0,1.0,1.0,0.0,0.0,0.0,0.0,0.0,0.0,0.0,0.0,0.10,0.1
2025,1,PP,"QB,TE",Taysom Hill,NO,ARI,20,0.0,0.0,0.0,0.0,0.0,0.0,0.0,0.0,0.0,0.0,0.0,0.0,0.0,0.0,0.0,-,0.0
2025,1,PP,WR,Jordan Addison,MIN,@CHI,---,0.0,0.0,0.0,0.0,0.0,0.0,0.0,0.0,0.0,0.0,0.0,0.0,0.0,0.0,0.0,-,0.0
2025,1,PP,RB,MarShawn Lloyd,GB,DET,11,0.0,0.0,0.0,0.0,0.0,0.0,0.0,0.0,0.0,0.0,0.0,0.0,0.0,0.0,0.0,-,0.0
2025,1,PP,RB,Jaydon Blue,DAL,@PHI,26,0.0,0.0,0.0,0.0,0.0,0.0,0.0,0.0,0.0,0.0,0.0,0.0,0.0,0.0,0.0,-,0.0
2025,1,PP,TE,Isaiah Likely,BAL,@BUF,2,0.0,0.0,0.0,0.0,0.0,0.0,0.0,0.0,0.0,0.0,0.0,0.0,0.0,0.0,0.0,-,0.0
2025,1,PP,DST,Commanders,WAS,NYG,23,,,,,,,,,,,,,,,,10.00,10.0
2025,1,RR,QB,Michael Penix,ATL,TB,23,27.0,42.0,298.0,1.0,0.0,6.0,21.0,1.0,3.0,0.0,0.0,0.0,0.0,0.0,0.0,27.02,27.02
2025,1,RR,QB,Baker Mayfield,TB,@ATL,21,17.0,32.0,167.0,3.0,0.0,5.0,39.0,0.0,3.0,0.0,0.0,0.0,0.0,0.0,0.0,25.58,25.58
2025,1,RR,RB,Christian McCaffrey,SF,@SEA,28,0.0,0.0,0.0,0.0,0.0,22.0,69.0,0.0,6.0,10.0,9.0,73.0,0.0,3.0,0.0,23.20,23.2
2025,1,RR,RB,Breece Hall,NYJ,PIT,29,0.0,0.0,0.0,0.0,0.0,19.0,107.0,0.0,7.0,4.0,2.0,38.0,0.0,1.0,0.0,22.50,22.5
2025,1,RR,WR,Cedric Tillman,CLE,CIN,18,0.0,0.0,0.0,0.0,0.0,0.0,0.0,0.0,0.0,8.0,5.0,52.0,1.0,3.0,0.0,14.20,14.2
2025,1,RR,WR,Marquise Brown,KC,@LAC,17,0.0,0.0,0.0,0.0,0.0,0.0,0.0,0.0,0.0,16.0,10.0,99.0,0.0,4.0,0.0,13.90,13.9
2025,1,RR,TE,Tyler Warren,IND,MIA,26,0.0,0.0,0.0,0.0,0.0,1.0,3.0,0.0,1.0,9.0,7.0,76.0,0.0,4.0,0.0,12.90,12.9
2025,1,RR,WR,Justin Jefferson,MIN,@CHI,---,0.0,0.0,0.0,0.0,0.0,1.0,4.0,0.0,0.0,7.0,4.0,44.0,1.0,2.0,0.0,12.80,12.8
2025,1,RR,TE,Kyle Pitts,ATL,TB,17,0.0,0.0,0.0,0.0,0.0,0.0,0.0,0.0,0.0,8.0,7.0,59.0,0.0,5.0,0.0,10.90,10.9
2025,1,RR,TE,Jonnu Smith,PIT,@NYJ,25,0.0,0.0,0.0,0.0,0.0,0.0,0.0,0.0,0.0,6.0,5.0,15.0,1.0,2.0,0.0,9.50,9.5
2025,1,RR,WR,Davante Adams,LAR,HOU,23,0.0,0.0,0.0,0.0,0.0,0.0,0.0,0.0,0.0,8.0,4.0,51.0,0.0,4.0,0.0,9.10,9.1
2025,1,RR,QB,Tua Tagovailoa,MIA,@IND,3,14.0,23.0,114.0,1.0,2.0,1.0,7.0,0.0,0.0,0.0,0.0,0.0,0.0,0.0,1.0,5.26,5.26
2025,1,RR,WR,George Pickens,DAL,@PHI,19,0.0,0.0,0.0,0.0,0.0,0.0,0.0,0.0,0.0,4.0,3.0,30.0,0.0,2.0,0.0,5.00,5.0
2025,1,RR,RB,Kenneth Walker,SEA,SF,12,0.0,0.0,0.0,0.0,0.0,10.0,20.0,0.0,0.0,3.0,3.0,4.0,0.0,0.0,0.0,2.40,2.4
2025,1,RR,RB,Woody Marks,HOU,@LAR,6,0.0,0.0,0.0,0.0,0.0,3.0,3.0,0.0,0.0,0.0,0.0,0.0,0.0,0.0,0.0,0.30,0.3
2025,1,RR,RB,Roschon Johnson,CHI,MIN,---,0.0,0.0,0.0,0.0,0.0,0.0,0.0,0.0,0.0,0.0,0.0,0.0,0.0,0.0,0.0,-,0.0
2025,1,RR,WR,Jalen McMillan,TB,@ATL,27,0.0,0.0,0.0,0.0,0.0,0.0,0.0,0.0,0.0,0.0,0.0,0.0,0.0,0.0,0.0,-,0.0
2025,1,RR,RB,Kaleb Johnson,PIT,@NYJ,15,0.0,0.0,0.0,0.0,0.0,1.0,-2.0,0.0,0.0,0.0,0.0,0.0,0.0,0.0,0.0,0.00,0.0
2025,1,RR,QB,Tyler Shough,NO,ARI,11,0.0,0.0,0.0,0.0,0.0,0.0,0.0,0.0,0.0,0.0,0.0,0.0,0.0,0.0,0.0,-,0.0
2025,1,RR,DST,Steelers,PIT,@NYJ,13,,,,,,,,,,,,,,,,3.00,3.0
2025,1,SBS,QB,Lamar Jackson,BAL,@BUF,28,14.0,19.0,209.0,2.0,0.0,6.0,70.0,1.0,5.0,0.0,0.0,0.0,0.0,0.0,0.0,34.36,34.36
2025,1,SBS,QB,Jayden Daniels,WAS,NYG,20,19.0,30.0,233.0,1.0,0.0,11.0,68.0,0.0,3.0,0.0,0.0,0.0,0.0,0.0,0.0,23.12,23.12
2025,1,SBS,WR,Deebo Samuel,WAS,NYG,22,0.0,0.0,0.0,0.0,0.0,1.0,19.0,1.0,1.0,10.0,7.0,77.0,0.0,3.0,0.0,19.60,19.6
2025,1,SBS,RB,Chuba Hubbard,CAR,@JAC,18,0.0,0.0,0.0,0.0,0.0,16.0,57.0,0.0,3.0,5.0,3.0,32.0,1.0,1.0,0.0,18.90,18.9
2025,1,SBS,RB,Jonathan Taylor,IND,MIA,17,0.0,0.0,0.0,0.0,0.0,18.0,71.0,0.0,3.0,3.0,3.0,27.0,0.0,2.0,0.0,14.80,14.8
2025,1,SBS,QB,Russell Wilson,NYG,@WAS,14,17.0,37.0,168.0,0.0,0.0,8.0,44.0,0.0,3.0,0.0,0.0,0.0,0.0,0.0,0.0,14.12,14.12
2025,1,SBS,RB,Dylan Sampson,CLE,CIN,20,0.0,0.0,0.0,0.0,0.0,12.0,29.0,0.0,2.0,8.0,8.0,64.0,0.0,2.0,0.0,13.30,13.3
2025,1,SBS,TE,Zach Ertz,WAS,NYG,15,0.0,0.0,0.0,0.0,0.0,0.0,0.0,0.0,0.0,5.0,3.0,26.0,1.0,2.0,0.0,10.60,10.6
2025,1,SBS,WR,Wan'Dale Robinson,NYG,@WAS,11,0.0,0.0,0.0,0.0,0.0,0.0,0.0,0.0,0.0,8.0,6.0,55.0,0.0,4.0,0.0,9.50,9.5
2025,1,SBS,WR,Troy Franklin,DEN,TEN,15,0.0,0.0,0.0,0.0,0.0,0.0,0.0,0.0,0.0,6.0,4.0,44.0,0.0,3.0,0.0,7.40,7.4
2025,1,SBS,RB,David Montgomery,DET,@GB,8,0.0,0.0,0.0,0.0,0.0,11.0,25.0,0.0,1.0,4.0,4.0,18.0,0.0,1.0,0.0,6.30,6.3
2025,1,SBS,RB,TreVeyon Henderson,NE,LV,3,0.0,0.0,0.0,0.0,0.0,5.0,27.0,0.0,1.0,6.0,6.0,24.0,0.0,0.0,0.0,6.10,6.1
2025,1,SBS,WR,Alec Pierce,IND,MIA,21,0.0,0.0,0.0,0.0,0.0,0.0,0.0,0.0,0.0,3.0,1.0,36.0,0.0,1.0,0.0,4.60,4.6
2025,1,SBS,TE,Mason Taylor,NYJ,PIT,12,0.0,0.0,0.0,0.0,0.0,0.0,0.0,0.0,0.0,1.0,1.0,20.0,0.0,1.0,0.0,3.00,3.0
2025,1,SBS,WR,Rashod Bateman,BAL,@BUF,27,0.0,0.0,0.0,0.0,0.0,0.0,0.0,0.0,0.0,4.0,2.0,10.0,0.0,0.0,0.0,1.00,1.0
2025,1,SBS,WR,Jaylin Noel,HOU,@LAR,5,0.0,0.0,0.0,0.0,0.0,0.0,0.0,0.0,0.0,2.0,1.0,7.0,0.0,0.0,0.0,0.70,0.7
2025,1,SBS,WR,Christian Watson,GB,DET,20,0.0,0.0,0.0,0.0,0.0,0.0,0.0,0.0,0.0,0.0,0.0,0.0,0.0,0.0,0.0,-,0.0
2025,1,SBS,RB,Raheem Mostert,LV,@NE,7,0.0,0.0,0.0,0.0,0.0,0.0,0.0,0.0,0.0,0.0,0.0,0.0,0.0,0.0,0.0,-,0.0
2025,1,SBS,WR,Christian Kirk,HOU,@LAR,5,0.0,0.0,0.0,0.0,0.0,0.0,0.0,0.0,0.0,0.0,0.0,0.0,0.0,0.0,0.0,-,0.0
2025,1,SBS,DST,Lions,DET,@GB,4,,,,,,,,,,,,,,,,0.00,0.0
2025,2,ABT,WR,Puka Nacua,LAR,@TEN,28,0.0,0.0,0.0,0.0,0.0,1.0,45.0,1.0,1.0,9.0,8.0,91.0,0.0,4.0,0.0,24.60,24.6
2025,2,ABT,QB,Dak Prescott,DAL,NYG,24,38.0,52.0,361.0,2.0,1.0,3.0,17.0,0.0,1.0,0.0,0.0,0.0,0.0,0.0,0.0,23.14,23.14
2025,2,ABT,QB,Bryce Young,CAR,@ARI,14,35.0,55.0,328.0,3.0,1.0,2.0,2.0,0.0,0.0,0.0,0.0,0.0,0.0,0.0,1.0,21.32,21.32
2025,2,ABT,QB,Caleb Williams,CHI,@DET,20,19.0,30.0,207.0,2.0,1.0,5.0,27.0,0.0,2.0,0.0,0.0,0.0,0.0,0.0,0.0,18.98,18.98
2025,2,ABT,RB,Saquon Barkley,PHI,@KC,10,0.0,0.0,0.0,0.0,0.0,22.0,88.0,1.0,3.0,2.0,2.0,6.0,0.0,0.0,0.0,18.40,18.4
2025,2,ABT,RB,Rachaad White,TB,@HOU,11,0.0,0.0,0.0,0.0,0.0,10.0,65.0,1.0,4.0,2.0,2.0,1.0,0.0,0.0,0.0,16.60,16.6
2025,2,ABT,RB,Chase Brown,CIN,JAC,9,0.0,0.0,0.0,0.0,0.0,16.0,47.0,0.0,4.0,3.0,2.0,18.0,0.0,1.0,0.0,11.50,11.5
2025,2,ABT,WR,Chris Olave,NO,SF,14,0.0,0.0,0.0,0.0,0.0,0.0,0.0,0.0,0.0,10.0,6.0,54.0,0.0,4.0,0.0,9.40,9.4
2025,2,ABT,WR,Josh Downs,IND,DEN,3,0.0,0.0,0.0,0.0,0.0,0.0,0.0,0.0,0.0,8.0,6.0,51.0,0.0,4.0,0.0,9.10,9.1
2025,2,ABT,RB,Miles Sanders,DAL,NYG,32,0.0,0.0,0.0,0.0,0.0,5.0,15.0,1.0,1.0,2.0,2.0,4.0,0.0,0.0,0.0,8.90,8.9
2025,2,ABT,WR,Michael Wilson,ARI,CAR,4,0.0,0.0,0.0,0.0,0.0,0.0,0.0,0.0,0.0,2.0,1.0,11.0,1.0,1.0,0.0,8.10,8.1
2025,2,ABT,WR,DJ Moore,CHI,@DET,26,0.0,0.0,0.0,0.0,0.0,0.0,0.0,0.0,0.0,6.0,5.0,46.0,0.0,2.0,0.0,6.60,6.6
2025,2,ABT,WR,Calvin Austin,PIT,SEA,1,0.0,0.0,0.0,0.0,0.0,0.0,0.0,0.0,0.0,4.0,1.0,22.0,0.0,1.0,0.0,3.20,3.2
2025,2,ABT,TE,Brenton Strange,JAC,@CIN,15,0.0,0.0,0.0,0.0,0.0,0.0,0.0,0.0,0.0,5.0,3.0,17.0,0.0,1.0,0.0,2.70,2.7
2025,2,ABT,TE,Hunter Henry,NE,@MIA,20,0.0,0.0,0.0,0.0,0.0,0.0,0.0,0.0,0.0,3.0,1.0,9.0,0.0,0.0,0.0,0.90,0.9
2025,2,ABT,WR,Roman Wilson,PIT,SEA,1,0.0,0.0,0.0,0.0,0.0,0.0,0.0,0.0,0.0,2.0,1.0,7.0,0.0,0.0,0.0,0.70,0.7
2025,2,ABT,RB,Jonathon Brooks,CAR,@ARI,17,0.0,0.0,0.0,0.0,0.0,0.0,0.0,0.0,0.0,0.0,0.0,0.0,0.0,0.0,0.0,-,0.0
2025,2,ABT,TE,Colston Loveland,CHI,@DET,10,0.0,0.0,0.0,0.0,0.0,0.0,0.0,0.0,0.0,1.0,0.0,0.0,0.0,0.0,0.0,0.00,0.0
2025,2,ABT,RB,Keaton Mitchell,BAL,CLE,4,0.0,0.0,0.0,0.0,0.0,0.0,0.0,0.0,0.0,0.0,0.0,0.0,0.0,0.0,0.0,-,0.0
2025,2,ABT,DST,Eagles,PHI,@KC,14,,,,,,,,,,,,,,,,6.00,6.0
2025,2,CLC,WR,Rome Odunze,CHI,@DET,26,0.0,0.0,0.0,0.0,0.0,0.0,0.0,0.0,0.0,11.0,7.0,128.0,2.0,6.0,0.0,30.80,30.8
2025,2,CLC,RB,Javonte Williams,DAL,NYG,32,0.0,0.0,0.0,0.0,0.0,18.0,97.0,1.0,5.0,7.0,6.0,33.0,0.0,1.0,0.0,25.00,25.0
2025,2,CLC,QB,Jordan Love,GB,WAS,18,19.0,31.0,292.0,2.0,0.0,3.0,12.0,0.0,1.0,0.0,0.0,0.0,0.0,0.0,0.0,21.88,21.88
2025,2,CLC,WR,Jaylen Waddle,MIA,NE,29,0.0,0.0,0.0,0.0,0.0,0.0,0.0,0.0,0.0,6.0,5.0,68.0,1.0,3.0,0.0,15.80,15.8
2025,2,CLC,RB,Alvin Kamara,NO,SF,8,0.0,0.0,0.0,0.0,0.0,21.0,99.0,0.0,4.0,6.0,6.0,21.0,0.0,0.0,1.0,14.00,14.0
2025,2,CLC,WR,Nico Collins,HOU,TB,5,0.0,0.0,0.0,0.0,0.0,0.0,0.0,0.0,0.0,9.0,3.0,52.0,1.0,2.0,0.0,13.20,13.2
2025,2,CLC,QB,Cam Ward,TEN,LAR,1,19.0,33.0,175.0,1.0,0.0,4.0,8.0,0.0,2.0,0.0,0.0,0.0,0.0,0.0,1.0,11.80,11.8
2025,2,CLC,WR,Ricky Pearsall,SF,@NO,10,0.0,0.0,0.0,0.0,0.0,1.0,-4.0,0.0,0.0,6.0,4.0,56.0,0.0,4.0,0.0,9.60,9.6
2025,2,CLC,WR,Marvin Mims,DEN,@IND,15,0.0,0.0,0.0,0.0,0.0,0.0,0.0,0.0,0.0,2.0,2.0,24.0,1.0,1.0,0.0,9.40,9.4
2025,2,CLC,WR,DeVonta Smith,PHI,@KC,23,0.0,0.0,0.0,0.0,0.0,0.0,0.0,0.0,0.0,6.0,4.0,53.0,0.0,2.0,0.0,7.30,7.3
2025,2,CLC,QB,Justin Fields,NYJ,BUF,25,3.0,11.0,27.0,0.0,0.0,5.0,49.0,0.0,2.0,0.0,0.0,0.0,0.0,0.0,1.0,5.98,5.98
2025,2,CLC,TE,Dalton Kincaid,BUF,@NYJ,24,0.0,0.0,0.0,0.0,0.0,0.0,0.0,0.0,0.0,6.0,4.0,37.0,0.0,1.0,0.0,4.70,4.7
2025,2,CLC,WR,Darnell Mooney,ATL,@MIN,2,0.0,0.0,0.0,0.0,0.0,0.0,0.0,0.0,0.0,4.0,2.0,20.0,0.0,1.0,0.0,3.00,3.0
2025,2,CLC,RB,Justice Hill,BAL,CLE,4,0.0,0.0,0.0,0.0,0.0,3.0,7.0,0.0,0.0,3.0,3.0,18.0,0.0,0.0,0.0,2.50,2.5
2025,2,CLC,WR,Andrei Iosivas,CIN,JAC,27,0.0,0.0,0.0,0.0,0.0,0.0,0.0,0.0,0.0,5.0,1.0,12.0,0.0,1.0,0.0,2.20,2.2
2025,2,CLC,RB,Ollie Gordon,MIA,NE,14,0.0,0.0,0.0,0.0,0.0,1.0,8.0,0.0,0.0,1.0,1.0,5.0,0.0,0.0,0.0,1.30,1.3
2025,2,CLC,RB,Trevor Etienne,CAR,@ARI,17,0.0,0.0,0.0,0.0,0.0,0.0,0.0,0.0,0.0,1.0,1.0,2.0,0.0,0.0,0.0,0.20,0.2
2025,2,CLC,TE,Terrance Ferguson,LAR,@TEN,16,0.0,0.0,0.0,0.0,0.0,0.0,0.0,0.0,0.0,0.0,0.0,0.0,0.0,0.0,0.0,0.00,0.0
2025,2,CLC,WR,Ja'Lynn Polk,NE,@MIA,13,0.0,0.0,0.0,0.0,0.0,0.0,0.0,0.0,0.0,0.0,0.0,0.0,0.0,0.0,0.0,-,0.0
2025,2,CLC,DST,Bills,BUF,@NYJ,16,,,,,,,,,,,,,,,,10.00,10.0
2025,2,CPC,WR,Ja'Marr Chase,CIN,JAC,27,0.0,0.0,0.0,0.0,0.0,0.0,0.0,0.0,0.0,16.0,14.0,165.0,1.0,10.0,0.0,32.50,32.5
2025,2,CPC,RB,James Cook,BUF,@NYJ,27,0.0,0.0,0.0,0.0,0.0,21.0,132.0,2.0,6.0,1.0,1.0,3.0,0.0,0.0,0.0,31.50,31.5
2025,2,CPC,QB,Drake Maye,NE,@MIA,32,19.0,23.0,230.0,2.0,0.0,10.0,31.0,1.0,4.0,0.0,0.0,0.0,0.0,0.0,0.0,30.30,30.3
2025,2,CPC,RB,Tyler Allgeier,ATL,@MIN,26,0.0,0.0,0.0,0.0,0.0,16.0,76.0,1.0,7.0,1.0,1.0,4.0,0.0,0.0,0.0,21.00,21.0
2025,2,CPC,RB,JK Dobbins,DEN,@IND,18,0.0,0.0,0.0,0.0,0.0,14.0,76.0,1.0,5.0,2.0,1.0,9.0,0.0,0.0,0.0,19.50,19.5
2025,2,CPC,QB,Sam Darnold,SEA,@PIT,26,22.0,33.0,295.0,2.0,2.0,0.0,0.0,0.0,0.0,0.0,0.0,0.0,0.0,0.0,0.0,15.80,15.8
2025,2,CPC,RB,Tony Pollard,TEN,LAR,6,0.0,0.0,0.0,0.0,0.0,20.0,92.0,0.0,5.0,1.0,0.0,0.0,0.0,0.0,0.0,14.20,14.2
2025,2,CPC,WR,Tee Higgins,CIN,JAC,27,0.0,0.0,0.0,0.0,0.0,0.0,0.0,0.0,0.0,8.0,3.0,56.0,1.0,2.0,0.0,13.60,13.6
2025,2,CPC,RB,Quinshon Judkins,CLE,@BAL,25,0.0,0.0,0.0,0.0,0.0,10.0,61.0,0.0,3.0,3.0,3.0,10.0,0.0,0.0,0.0,10.10,10.1
2025,2,CPC,WR,Jakobi Meyers,LV,LAC,12,0.0,0.0,0.0,0.0,0.0,0.0,0.0,0.0,0.0,12.0,6.0,68.0,0.0,3.0,0.0,9.80,9.8
2025,2,CPC,TE,Ja'Tavion Sanders,CAR,@ARI,25,0.0,0.0,0.0,0.0,0.0,0.0,0.0,0.0,0.0,9.0,7.0,54.0,0.0,3.0,0.0,8.40,8.4
2025,2,CPC,WR,Ladd McConkey,LAC,@LV,24,0.0,0.0,0.0,0.0,0.0,0.0,0.0,0.0,0.0,5.0,5.0,48.0,0.0,2.0,0.0,6.80,6.8
2025,2,CPC,RB,Jordan Mason,MIN,ATL,5,0.0,0.0,0.0,0.0,0.0,9.0,30.0,0.0,2.0,3.0,2.0,8.0,0.0,0.0,0.0,5.80,5.8
2025,2,CPC,QB,Geno Smith,LV,LAC,30,24.0,43.0,180.0,0.0,3.0,5.0,20.0,0.0,2.0,0.0,0.0,0.0,0.0,0.0,0.0,5.20,5.2
2025,2,CPC,RB,Derrick Henry,BAL,CLE,4,0.0,0.0,0.0,0.0,0.0,11.0,23.0,0.0,1.0,0.0,0.0,0.0,0.0,0.0,0.0,3.30,3.3
2025,2,CPC,RB,Brian Robinson,SF,@NO,20,0.0,0.0,0.0,0.0,0.0,6.0,20.0,0.0,0.0,1.0,1.0,-1.0,0.0,0.0,0.0,2.00,2.0
2025,2,CPC,WR,Matthew Golden,GB,WAS,9,0.0,0.0,0.0,0.0,0.0,2.0,15.0,0.0,0.0,2.0,0.0,0.0,0.0,0.0,0.0,1.50,1.5
2025,2,CPC,WR,Jalen Royals,KC,PHI,8,0.0,0.0,0.0,0.0,0.0,0.0,0.0,0.0,0.0,0.0,0.0,0.0,0.0,0.0,0.0,-,0.0
2025,2,CPC,TE,George Kittle,SF,@NO,27,0.0,0.0,0.0,0.0,0.0,0.0,0.0,0.0,0.0,0.0,0.0,0.0,0.0,0.0,0.0,-,0.0
2025,2,CPC,WR,Dontayvion Wicks Dead Cap,GB,0,0,0.0,0.0,0.0,0.0,0.0,0.0,0.0,0.0,0.0,0.0,0.0,0.0,0.0,0.0,0.0,-,0.0
2025,2,CPC,DST,Vikings,MIN,ATL,10,,,,,,,,,,,,,,,,5.00,5.0
2025,2,DDD,WR,Malik Nabers,NYG,@DAL,30,0.0,0.0,0.0,0.0,0.0,0.0,0.0,0.0,0.0,13.0,9.0,167.0,2.0,6.0,0.0,34.70,34.7
2025,2,DDD,QB,Jared Goff,DET,CHI,29,23.0,28.0,334.0,5.0,0.0,1.0,6.0,0.0,0.0,0.0,0.0,0.0,0.0,0.0,0.0,33.96,33.96
2025,2,DDD,QB,Spencer Rattler,NO,SF,10,25.0,34.0,207.0,3.0,0.0,4.0,14.0,0.0,2.0,0.0,0.0,0.0,0.0,0.0,0.0,23.68,23.68
2025,2,DDD,QB,Mac Jones,SF,@NO,22,26.0,39.0,279.0,3.0,0.0,6.0,6.0,0.0,1.0,0.0,0.0,0.0,0.0,0.0,1.0,22.76,22.76
2025,2,DDD,RB,Jahmyr Gibbs,DET,CHI,31,0.0,0.0,0.0,0.0,0.0,12.0,94.0,1.0,5.0,3.0,3.0,10.0,0.0,1.0,0.0,22.40,22.4
2025,2,DDD,RB,Bucky Irving,TB,@HOU,11,0.0,0.0,0.0,0.0,0.0,17.0,71.0,0.0,2.0,6.0,6.0,50.0,0.0,2.0,0.0,16.10,16.1
2025,2,DDD,WR,Elic Ayomanor,TEN,LAR,7,0.0,0.0,0.0,0.0,0.0,0.0,0.0,0.0,0.0,6.0,4.0,56.0,1.0,4.0,0.0,15.60,15.6
2025,2,DDD,WR,Keenan Allen,LAC,@LV,25,0.0,0.0,0.0,0.0,0.0,0.0,0.0,0.0,0.0,7.0,5.0,61.0,1.0,3.0,0.0,15.10,15.1
2025,2,DDD,RB,Cam Skattebo,NYG,@DAL,22,0.0,0.0,0.0,0.0,0.0,11.0,45.0,1.0,3.0,3.0,2.0,14.0,0.0,0.0,0.0,14.90,14.9
2025,2,DDD,WR,Quentin Johnston,LAC,@LV,25,0.0,0.0,0.0,0.0,0.0,1.0,-2.0,0.0,0.0,7.0,3.0,71.0,1.0,1.0,0.0,14.10,14.1
2025,2,DDD,WR,Emeka Egbuka,TB,@HOU,24,0.0,0.0,0.0,0.0,0.0,0.0,0.0,0.0,0.0,7.0,4.0,29.0,1.0,3.0,0.0,11.90,11.9
2025,2,DDD,WR,Zay Flowers,BAL,CLE,20,0.0,0.0,0.0,0.0,0.0,1.0,4.0,0.0,0.0,11.0,7.0,75.0,0.0,3.0,0.0,10.90,10.9
2025,2,DDD,WR,Adam Thielen,MIN,ATL,16,0.0,0.0,0.0,0.0,0.0,0.0,0.0,0.0,0.0,3.0,2.0,26.0,0.0,2.0,0.0,4.60,4.6
2025,2,W (9/18),RB,Austin Ekeler,WAS,@GB,3,0.0,0.0,0.0,0.0,0.0,8.0,17.0,0.0,2.0,4.0,2.0,7.0,0.0,0.0,0.0,4.40,4.4
2025,2,DDD,TE,Sam LaPorta,DET,CHI,14,0.0,0.0,0.0,0.0,0.0,0.0,0.0,0.0,0.0,4.0,3.0,26.0,0.0,1.0,0.0,3.60,3.6
2025,2,DDD,WR,Adonai Mitchell,IND,DEN,3,0.0,0.0,0.0,0.0,0.0,0.0,0.0,0.0,0.0,4.0,2.0,20.0,0.0,0.0,0.0,2.00,2.0
2025,2,DDD,RB,Kendre Miller,NO,SF,8,0.0,0.0,0.0,0.0,0.0,5.0,8.0,0.0,0.0,1.0,1.0,2.0,0.0,0.0,0.0,1.00,1.0
2025,2,DDD,WR,Tank Dell,HOU,TB,5,0.0,0.0,0.0,0.0,0.0,0.0,0.0,0.0,0.0,0.0,0.0,0.0,0.0,0.0,0.0,-,0.0
2025,2,DDD,RB,Tank Bigsby,PHI,@KC,10,0.0,0.0,0.0,0.0,0.0,0.0,0.0,0.0,0.0,0.0,0.0,0.0,0.0,0.0,0.0,0.00,0.0
2025,2,DDD,QB,Brock Purdy,SF,@NO,22,0.0,0.0,0.0,0.0,0.0,0.0,0.0,0.0,0.0,0.0,0.0,0.0,0.0,0.0,0.0,-,0.0
2025,2,DDD,QB,Deshaun Watson Dead Cap,CLE,0,0,0.0,0.0,0.0,0.0,0.0,0.0,0.0,0.0,0.0,0.0,0.0,0.0,0.0,0.0,0.0,-,0.0
2025,2,DDD,DST,Buccaneers,TB,@HOU,28,,,,,,,,,,,,,,,,5.00,5.0
2025,2,LBC,QB,Bo Nix,DEN,@IND,6,22.0,30.0,206.0,3.0,1.0,3.0,20.0,0.0,1.0,0.0,0.0,0.0,0.0,0.0,0.0,21.24,21.24
2025,2,LBC,RB,Rhamondre Stevenson,NE,@MIA,24,0.0,0.0,0.0,0.0,0.0,11.0,54.0,0.0,2.0,5.0,5.0,88.0,0.0,2.0,0.0,20.20,20.2
2025,2,LBC,RB,Travis Etienne,JAC,@CIN,30,0.0,0.0,0.0,0.0,0.0,14.0,71.0,0.0,3.0,3.0,2.0,18.0,1.0,1.0,0.0,18.90,18.9
2025,2,LBC,QB,CJ Stroud,HOU,TB,27,13.0,24.0,207.0,1.0,0.0,4.0,27.0,0.0,1.0,0.0,0.0,0.0,0.0,0.0,0.0,15.98,15.98
2025,2,LBC,WR,Jaxon Smith-Njigba,SEA,@PIT,17,0.0,0.0,0.0,0.0,0.0,0.0,0.0,0.0,0.0,10.0,8.0,103.0,0.0,4.0,0.0,14.30,14.3
2025,2,LBC,TE,Trey McBride,ARI,CAR,32,0.0,0.0,0.0,0.0,0.0,0.0,0.0,0.0,0.0,7.0,6.0,78.0,0.0,4.0,0.0,11.80,11.8
2025,2,LBC,RB,Kyren Williams,LAR,@TEN,22,0.0,0.0,0.0,0.0,0.0,17.0,66.0,0.0,3.0,2.0,2.0,14.0,0.0,0.0,0.0,11.00,11.0
2025,2,LBC,QB,Aaron Rodgers,PIT,SEA,5,18.0,33.0,203.0,1.0,2.0,1.0,3.0,0.0,0.0,0.0,0.0,0.0,0.0,0.0,0.0,10.42,10.42
2025,2,LBC,WR,Jerry Jeudy,CLE,@BAL,22,0.0,0.0,0.0,0.0,0.0,0.0,0.0,0.0,0.0,8.0,4.0,51.0,0.0,2.0,0.0,7.10,7.1
2025,2,LBC,WR,Michael Pittman,IND,DEN,3,0.0,0.0,0.0,0.0,0.0,0.0,0.0,0.0,0.0,5.0,4.0,40.0,0.0,3.0,0.0,7.00,7.0
2025,2,LBC,TE,Brock Bowers,LV,LAC,26,0.0,0.0,0.0,0.0,0.0,0.0,0.0,0.0,0.0,8.0,5.0,38.0,0.0,2.0,0.0,5.80,5.8
2025,2,LBC,WR,Drake London,ATL,@MIN,2,0.0,0.0,0.0,0.0,0.0,0.0,0.0,0.0,0.0,4.0,3.0,49.0,0.0,2.0,1.0,4.90,4.9
2025,2,LBC,WR,Isaac TeSlaa,DET,CHI,31,0.0,0.0,0.0,0.0,0.0,0.0,0.0,0.0,0.0,1.0,1.0,29.0,0.0,1.0,0.0,3.90,3.9
2025,2,LBC,RB,Isiah Pacheco,KC,PHI,13,0.0,0.0,0.0,0.0,0.0,10.0,22.0,0.0,1.0,2.0,1.0,7.0,0.0,0.0,0.0,3.90,3.9
2025,2,LBC,RB,RJ Harvey,DEN,@IND,18,0.0,0.0,0.0,0.0,0.0,5.0,8.0,0.0,0.0,2.0,1.0,16.0,0.0,1.0,0.0,3.40,3.4
2025,2,LBC,TE,Evan Engram,DEN,@IND,13,0.0,0.0,0.0,0.0,0.0,0.0,0.0,0.0,0.0,2.0,1.0,12.0,0.0,1.0,0.0,2.20,2.2
2025,2,LBC,WR,Michael Wilson Dead Cap,ARI,0,0,0.0,0.0,0.0,0.0,0.0,0.0,0.0,0.0,0.0,0.0,0.0,0.0,0.0,0.0,0.0,-,0.0
2025,2,LBC,WR,Kyle Williams,NE,@MIA,13,0.0,0.0,0.0,0.0,0.0,0.0,0.0,0.0,0.0,0.0,0.0,0.0,0.0,0.0,0.0,0.00,0.0
2025,2,LBC,WR,Jack Bech,LV,LAC,12,0.0,0.0,0.0,0.0,0.0,0.0,0.0,0.0,0.0,0.0,0.0,0.0,0.0,0.0,0.0,0.00,0.0
2025,2,LBC,WR,Jalen Coker,CAR,@ARI,18,0.0,0.0,0.0,0.0,0.0,0.0,0.0,0.0,0.0,0.0,0.0,0.0,0.0,0.0,0.0,-,0.0
2025,2,LBC,WR,Brandon Aiyuk,SF,@NO,10,0.0,0.0,0.0,0.0,0.0,0.0,0.0,0.0,0.0,0.0,0.0,0.0,0.0,0.0,0.0,-,0.0
2025,2,LBC,DST,Broncos,DEN,@IND,4,,,,,,,,,,,,,,,,2.00,2.0
2025,2,LC,QB,Patrick Mahomes,KC,PHI,16,16.0,29.0,187.0,1.0,1.0,7.0,66.0,1.0,5.0,0.0,0.0,0.0,0.0,0.0,0.0,27.08,27.08
2025,2,LC,RB,Jaylen Warren,PIT,SEA,29,0.0,0.0,0.0,0.0,0.0,14.0,48.0,0.0,5.0,4.0,4.0,86.0,0.0,2.0,0.0,20.40,20.4
2025,2,LC,QB,Jalen Hurts,PHI,@KC,23,15.0,22.0,101.0,0.0,0.0,9.0,15.0,1.0,5.0,0.0,0.0,0.0,0.0,0.0,0.0,16.54,16.54
2025,2,LC,RB,James Conner,ARI,CAR,19,0.0,0.0,0.0,0.0,0.0,11.0,34.0,1.0,3.0,1.0,1.0,18.0,0.0,1.0,0.0,15.20,15.2
2025,2,LC,WR,DeAndre Hopkins,BAL,CLE,20,0.0,0.0,0.0,0.0,0.0,0.0,0.0,0.0,0.0,2.0,2.0,64.0,1.0,2.0,0.0,14.40,14.4
2025,2,LC,WR,Rashid Shaheed,NO,SF,14,0.0,0.0,0.0,0.0,0.0,0.0,0.0,0.0,0.0,5.0,4.0,52.0,1.0,2.0,0.0,13.20,13.2
2025,2,LC,TE,Jake Ferguson,DAL,NYG,22,0.0,0.0,0.0,0.0,0.0,0.0,0.0,0.0,0.0,12.0,9.0,78.0,0.0,4.0,0.0,11.80,11.8
2025,2,LC,WR,Tory Horton,SEA,@PIT,17,0.0,0.0,0.0,0.0,0.0,0.0,0.0,0.0,0.0,4.0,2.0,32.0,1.0,1.0,0.0,10.20,10.2
2025,2,LC,WR,DK Metcalf,PIT,SEA,1,0.0,0.0,0.0,0.0,0.0,0.0,0.0,0.0,0.0,6.0,3.0,20.0,1.0,1.0,0.0,9.00,9.0
2025,2,LC,RB,Jerome Ford,CLE,@BAL,25,0.0,0.0,0.0,0.0,0.0,6.0,31.0,0.0,1.0,6.0,5.0,23.0,0.0,0.0,0.0,6.40,6.4
2025,2,LC,TE,Dalton Schultz,HOU,TB,19,0.0,0.0,0.0,0.0,0.0,0.0,0.0,0.0,0.0,4.0,3.0,29.0,0.0,1.0,0.0,3.90,3.9
2025,2,LC,WR,Travis Hunter,JAC,@CIN,22,0.0,0.0,0.0,0.0,0.0,0.0,0.0,0.0,0.0,6.0,3.0,22.0,0.0,1.0,0.0,3.20,3.2
2025,2,LC,RB,Zach Charbonnet,SEA,@PIT,28,0.0,0.0,0.0,0.0,0.0,15.0,10.0,0.0,0.0,0.0,0.0,0.0,0.0,0.0,0.0,1.00,1.0
2025,2,LC,WR,Luther Burden,CHI,@DET,26,0.0,0.0,0.0,0.0,0.0,0.0,0.0,0.0,0.0,2.0,1.0,5.0,0.0,0.0,0.0,0.50,0.5
2025,2,LC,WR,Xavier Worthy,KC,PHI,8,0.0,0.0,0.0,0.0,0.0,0.0,0.0,0.0,0.0,0.0,0.0,0.0,0.0,0.0,0.0,-,0.0
2025,2,LC,WR,Xavier Legette,CAR,@ARI,18,0.0,0.0,0.0,0.0,0.0,1.0,0.0,0.0,0.0,8.0,1.0,-2.0,0.0,0.0,0.0,0.00,0.0
2025,2,LC,RB,Joe Mixon,HOU,TB,21,0.0,0.0,0.0,0.0,0.0,0.0,0.0,0.0,0.0,0.0,0.0,0.0,0.0,0.0,0.0,-,0.0
2025,2,LC,DST,49ers,SF,@NO,17,,,,,,,,,,,,,,,,6.00,6.0
2025,2,MB,WR,Amon-Ra St Brown,DET,CHI,31,0.0,0.0,0.0,0.0,0.0,2.0,7.0,0.0,1.0,11.0,9.0,115.0,3.0,7.0,0.0,38.20,38.2
2025,2,MB,RB,Bijan Robinson,ATL,@MIN,27,0.0,0.0,0.0,0.0,0.0,22.0,143.0,0.0,5.0,5.0,3.0,25.0,0.0,0.0,0.0,21.80,21.8
2025,2,MB,QB,Matthew Stafford,LAR,@TEN,2,23.0,33.0,298.0,2.0,1.0,2.0,-6.0,0.0,0.0,0.0,0.0,0.0,0.0,0.0,0.0,17.92,17.92
2025,2,MB,QB,Kyler Murray,ARI,CAR,7,17.0,25.0,220.0,1.0,1.0,7.0,32.0,0.0,1.0,0.0,0.0,0.0,0.0,0.0,0.0,15.00,15.0
2025,2,MB,WR,Cooper Kupp,SEA,@PIT,17,0.0,0.0,0.0,0.0,0.0,0.0,0.0,0.0,0.0,9.0,7.0,90.0,0.0,5.0,0.0,14.00,14.0
2025,2,MB,QB,Joe Flacco,CLE,@BAL,28,25.0,45.0,199.0,1.0,1.0,1.0,8.0,0.0,1.0,0.0,0.0,0.0,0.0,0.0,1.0,9.76,9.76
2025,2,MB,RB,Tyrone Tracy,NYG,@DAL,22,0.0,0.0,0.0,0.0,0.0,5.0,15.0,0.0,2.0,5.0,4.0,36.0,0.0,1.0,0.0,8.10,8.1
2025,2,MB,WR,Josh Palmer,BUF,@NYJ,19,0.0,0.0,0.0,0.0,0.0,0.0,0.0,0.0,0.0,3.0,2.0,47.0,0.0,2.0,0.0,6.70,6.7
2025,2,MB,TE,Tyler Higbee,LAR,@TEN,16,0.0,0.0,0.0,0.0,0.0,0.0,0.0,0.0,0.0,4.0,4.0,37.0,0.0,2.0,0.0,5.70,5.7
2025,2,MB,RB,Ray Davis,BUF,@NYJ,26,0.0,0.0,0.0,0.0,0.0,9.0,24.0,0.0,2.0,0.0,0.0,0.0,0.0,0.0,0.0,4.40,4.4
2025,2,MB,WR,Tre Harris,LAC,@LV,25,0.0,0.0,0.0,0.0,0.0,0.0,0.0,0.0,0.0,3.0,2.0,34.0,0.0,1.0,0.0,4.40,4.4
2025,2,MB,WR,Marvin Harrison,ARI,CAR,4,0.0,0.0,0.0,0.0,0.0,0.0,0.0,0.0,0.0,5.0,2.0,27.0,0.0,1.0,0.0,3.70,3.7
2025,2,MB,RB,Jacory Croskey-Merritt,WAS,@GB,3,0.0,0.0,0.0,0.0,0.0,4.0,17.0,0.0,1.0,1.0,0.0,0.0,0.0,0.0,0.0,2.70,2.7
2025,2,MB,RB,Aaron Jones,MIN,ATL,5,0.0,0.0,0.0,0.0,0.0,5.0,23.0,0.0,0.0,1.0,0.0,0.0,0.0,0.0,0.0,2.30,2.3
2025,2,MB,TE,Mark Andrews,BAL,CLE,11,0.0,0.0,0.0,0.0,0.0,1.0,2.0,0.0,1.0,3.0,1.0,2.0,0.0,0.0,0.0,1.40,1.4
2025,2,MB,RB,Jarquez Hunter,LAR,@TEN,23,0.0,0.0,0.0,0.0,0.0,0.0,0.0,0.0,0.0,0.0,0.0,0.0,0.0,0.0,0.0,0.00,0.0
2025,2,MB,QB,Jaxson Dart,NYG,@DAL,31,0.0,0.0,0.0,0.0,0.0,1.0,-3.0,0.0,0.0,0.0,0.0,0.0,0.0,0.0,0.0,0.00,0.0
2025,2,MB,WR,Amari Cooper,LV,LAC,11,0.0,0.0,0.0,0.0,0.0,0.0,0.0,0.0,0.0,0.0,0.0,0.0,0.0,0.0,0.0,-,0.0
2025,2,MB,RB,Isaac Guerendo,SF,@NO,20,0.0,0.0,0.0,0.0,0.0,0.0,0.0,0.0,0.0,0.0,0.0,0.0,0.0,0.0,0.0,0.00,0.0
2025,2,MB,DST,Chiefs,KC,PHI,5,,,,,,,,,,,,,,,,3.00,3.0
2025,2,NBB,QB,Trevor Lawrence,JAC,@CIN,13,24.0,42.0,271.0,3.0,2.0,2.0,4.0,0.0,1.0,0.0,0.0,0.0,0.0,0.0,0.0,20.24,20.24
2025,2,NBB,WR,Jameson Williams,DET,CHI,31,0.0,0.0,0.0,0.0,0.0,0.0,0.0,0.0,0.0,4.0,2.0,108.0,1.0,2.0,0.0,18.80,18.8
2025,2,NBB,RB,Bhayshul Tuten,JAC,@CIN,30,0.0,0.0,0.0,0.0,0.0,8.0,42.0,0.0,0.0,2.0,2.0,32.0,1.0,2.0,0.0,15.40,15.4
2025,2,NBB,WR,Tetairoa McMillan,CAR,@ARI,18,0.0,0.0,0.0,0.0,0.0,0.0,0.0,0.0,0.0,10.0,6.0,100.0,0.0,5.0,0.0,15.00,15.0
2025,2,NBB,QB,Josh Allen,BUF,@NYJ,21,14.0,25.0,148.0,0.0,0.0,6.0,59.0,0.0,3.0,0.0,0.0,0.0,0.0,0.0,0.0,14.82,14.82
2025,2,NBB,RB,Blake Corum,LAR,@TEN,23,0.0,0.0,0.0,0.0,0.0,5.0,44.0,1.0,4.0,0.0,0.0,0.0,0.0,0.0,0.0,14.40,14.4
2025,2,NBB,RB,D'Andre Swift,CHI,@DET,12,0.0,0.0,0.0,0.0,0.0,12.0,63.0,1.0,3.0,3.0,3.0,6.0,0.0,0.0,1.0,13.90,13.9
2025,2,NBB,WR,Terry McLaurin,WAS,@GB,12,0.0,0.0,0.0,0.0,0.0,0.0,0.0,0.0,0.0,9.0,5.0,48.0,0.0,4.0,0.0,8.80,8.8
2025,2,NBB,WR,Mike Evans,TB,@HOU,24,0.0,0.0,0.0,0.0,0.0,0.0,0.0,0.0,0.0,11.0,5.0,56.0,0.0,3.0,0.0,8.60,8.6
2025,2,NBB,WR,Brian Thomas,JAC,@CIN,21,0.0,0.0,0.0,0.0,0.0,0.0,0.0,0.0,0.0,12.0,4.0,49.0,0.0,3.0,0.0,7.90,7.9
2025,2,NBB,RB,Najee Harris,LAC,@LV,2,0.0,0.0,0.0,0.0,0.0,8.0,28.0,0.0,2.0,2.0,2.0,20.0,0.0,1.0,0.0,7.80,7.8
2025,2,NBB,TE,Harold Fannin,CLE,@BAL,31,0.0,0.0,0.0,0.0,0.0,0.0,0.0,0.0,0.0,5.0,5.0,48.0,0.0,2.0,0.0,6.80,6.8
2025,2,NBB,TE,David Njoku,CLE,@BAL,31,0.0,0.0,0.0,0.0,0.0,0.0,0.0,0.0,0.0,5.0,4.0,40.0,0.0,1.0,0.0,5.00,5.0
2025,2,NBB,WR,Khalil Shakir,BUF,@NYJ,19,0.0,0.0,0.0,0.0,0.0,0.0,0.0,0.0,0.0,2.0,1.0,12.0,0.0,1.0,0.0,2.20,2.2
2025,2,NBB,WR,Chris Godwin,TB,@HOU,24,0.0,0.0,0.0,0.0,0.0,0.0,0.0,0.0,0.0,0.0,0.0,0.0,0.0,0.0,0.0,-,0.0
2025,2,NBB,TE,Dallas Goedert,PHI,@KC,8,0.0,0.0,0.0,0.0,0.0,0.0,0.0,0.0,0.0,0.0,0.0,0.0,0.0,0.0,0.0,-,0.0
2025,2,NBB,WR,Jayden Reed,GB,WAS,9,0.0,0.0,0.0,0.0,0.0,0.0,0.0,0.0,0.0,0.0,0.0,0.0,0.0,0.0,0.0,0.00,0.0
2025,2,NBB,RB,Will Shipley,PHI,@KC,9,0.0,0.0,0.0,0.0,0.0,0.0,0.0,0.0,0.0,0.0,0.0,0.0,0.0,0.0,0.0,-,0.0
2025,2,NBB,DST,Giants,NYG,@DAL,8,,,,,,,,,,,,,,,,1.00,1.0
2025,2,PCP,QB,Daniel Jones,IND,DEN,3,23.0,34.0,316.0,1.0,0.0,6.0,2.0,1.0,2.0,0.0,0.0,0.0,0.0,0.0,0.0,24.84,24.84
2025,2,PCP,RB,Nick Chubb,HOU,TB,21,0.0,0.0,0.0,0.0,0.0,12.0,43.0,1.0,2.0,2.0,2.0,29.0,0.0,1.0,0.0,16.20,16.2
2025,2,PCP,WR,CeeDee Lamb,DAL,NYG,32,0.0,0.0,0.0,0.0,0.0,0.0,0.0,0.0,0.0,11.0,9.0,112.0,0.0,4.0,0.0,15.20,15.2
2025,2,PCP,RB,Ashton Jeanty,LV,LAC,1,0.0,0.0,0.0,0.0,0.0,11.0,43.0,0.0,3.0,4.0,3.0,1.0,0.0,0.0,0.0,7.40,7.4
2025,2,PCP,QB,Joe Burrow,CIN,JAC,17,7.0,13.0,76.0,1.0,0.0,0.0,0.0,0.0,0.0,0.0,0.0,0.0,0.0,0.0,0.0,7.04,7.04
2025,2,PCP,WR,Garrett Wilson,NYJ,BUF,6,0.0,0.0,0.0,0.0,0.0,0.0,0.0,0.0,0.0,8.0,4.0,50.0,0.0,2.0,0.0,7.00,7.0
2025,2,PCP,RB,Trey Benson,ARI,CAR,19,0.0,0.0,0.0,0.0,0.0,3.0,14.0,0.0,0.0,6.0,4.0,30.0,0.0,1.0,0.0,5.40,5.4
2025,2,PCP,TE,Luke Musgrave,GB,WAS,29,0.0,0.0,0.0,0.0,0.0,0.0,0.0,0.0,0.0,2.0,2.0,32.0,0.0,2.0,0.0,5.20,5.2
2025,2,PCP,WR,Keon Coleman,BUF,@NYJ,19,0.0,0.0,0.0,0.0,0.0,0.0,0.0,0.0,0.0,3.0,3.0,26.0,0.0,2.0,0.0,4.60,4.6
2025,2,PCP,TE,Pat Freiermuth,PIT,SEA,30,0.0,0.0,0.0,0.0,0.0,0.0,0.0,0.0,0.0,4.0,3.0,31.0,0.0,1.0,0.0,4.10,4.1
2025,2,PCP,WR,AJ Brown,PHI,@KC,23,0.0,0.0,0.0,0.0,0.0,0.0,0.0,0.0,0.0,8.0,5.0,27.0,0.0,1.0,0.0,3.70,3.7
2025,2,PCP,RB,Rico Dowdle,CAR,@ARI,17,0.0,0.0,0.0,0.0,0.0,6.0,9.0,0.0,0.0,1.0,1.0,10.0,0.0,1.0,0.0,2.90,2.9
2025,2,PCP,TE,TJ Hockenson,MIN,ATL,1,0.0,0.0,0.0,0.0,0.0,0.0,0.0,0.0,0.0,3.0,1.0,12.0,0.0,1.0,0.0,2.20,2.2
2025,2,PCP,RB,Braelon Allen,NYJ,BUF,15,0.0,0.0,0.0,0.0,0.0,2.0,11.0,0.0,0.0,1.0,0.0,0.0,0.0,0.0,0.0,1.10,1.1
2025,2,PCP,RB,Devin Neal,NO,SF,8,0.0,0.0,0.0,0.0,0.0,0.0,0.0,0.0,0.0,0.0,0.0,0.0,0.0,0.0,0.0,-,0.0
2025,2,PCP,WR,Rashee Rice,KC,PHI,8,0.0,0.0,0.0,0.0,0.0,0.0,0.0,0.0,0.0,0.0,0.0,0.0,0.0,0.0,0.0,-,0.0
2025,2,PCP,QB,Shedeur Sanders,CLE,@BAL,28,0.0,0.0,0.0,0.0,0.0,0.0,0.0,0.0,0.0,0.0,0.0,0.0,0.0,0.0,0.0,-,0.0
2025,2,PCP,RB,DJ Giddens,IND,DEN,16,0.0,0.0,0.0,0.0,0.0,0.0,0.0,0.0,0.0,1.0,0.0,0.0,0.0,0.0,0.0,0.00,0.0
2025,2,PCP,RB,Tyjae Spears,TEN,LAR,6,0.0,0.0,0.0,0.0,0.0,0.0,0.0,0.0,0.0,0.0,0.0,0.0,0.0,0.0,0.0,-,0.0
2025,2,PCP,DST,Ravens,BAL,CLE,29,,,,,,,,,,,,,,,,15.00,15.0
2025,2,PP,TE,Tucker Kraft,GB,WAS,29,0.0,0.0,0.0,0.0,0.0,0.0,0.0,0.0,0.0,7.0,6.0,124.0,1.0,5.0,0.0,23.40,23.4
2025,2,PP,RB,De'Von Achane,MIA,NE,14,0.0,0.0,0.0,0.0,0.0,11.0,30.0,0.0,0.0,10.0,8.0,92.0,1.0,4.0,0.0,22.20,22.2
2025,2,PP,QB,Justin Herbert,LAC,@LV,9,19.0,27.0,242.0,2.0,0.0,9.0,31.0,0.0,2.0,0.0,0.0,0.0,0.0,0.0,1.0,20.78,20.78
2025,2,PP,RB,Josh Jacobs,GB,WAS,7,0.0,0.0,0.0,0.0,0.0,23.0,84.0,1.0,4.0,0.0,0.0,0.0,0.0,0.0,0.0,18.40,18.4
2025,2,PP,WR,Jauan Jennings,SF,@NO,10,0.0,0.0,0.0,0.0,0.0,0.0,0.0,0.0,0.0,10.0,5.0,89.0,1.0,3.0,0.0,17.90,17.9
2025,2,PP,WR,Tyreek Hill,MIA,NE,29,0.0,0.0,0.0,0.0,0.0,0.0,0.0,0.0,0.0,7.0,6.0,109.0,0.0,4.0,0.0,14.90,14.9
2025,2,PP,WR,Romeo Doubs,GB,WAS,9,0.0,0.0,0.0,0.0,0.0,0.0,0.0,0.0,0.0,5.0,3.0,28.0,1.0,2.0,0.0,10.80,10.8
2025,2,PP,TE,Travis Kelce,KC,PHI,6,0.0,0.0,0.0,0.0,0.0,0.0,0.0,0.0,0.0,6.0,4.0,61.0,0.0,3.0,0.0,9.10,9.1
2025,2,PP,WR,Calvin Ridley,TEN,LAR,7,0.0,0.0,0.0,0.0,0.0,0.0,0.0,0.0,0.0,6.0,3.0,57.0,0.0,3.0,0.0,8.70,8.7
2025,2,PP,WR,Kayshon Boutte,NE,@MIA,13,0.0,0.0,0.0,0.0,0.0,0.0,0.0,0.0,0.0,1.0,1.0,16.0,1.0,1.0,0.0,8.60,8.6
2025,2,PP,RB,Omarion Hampton,LAC,@LV,2,0.0,0.0,0.0,0.0,0.0,8.0,24.0,0.0,2.0,2.0,1.0,1.0,0.0,0.0,0.0,4.50,4.5
2025,2,PP,WR,Stefon Diggs,NE,@MIA,13,0.0,0.0,0.0,0.0,0.0,0.0,0.0,0.0,0.0,5.0,4.0,32.0,0.0,1.0,0.0,4.20,4.2
2025,2,PP,QB,JJ McCarthy,MIN,ATL,8,11.0,21.0,158.0,0.0,2.0,5.0,25.0,0.0,1.0,0.0,0.0,0.0,0.0,0.0,1.0,3.82,3.82
2025,2,PP,WR,Jayden Higgins,HOU,TB,5,0.0,0.0,0.0,0.0,0.0,0.0,0.0,0.0,0.0,1.0,1.0,28.0,0.0,1.0,0.0,3.80,3.8
2025,2,PP,WR,Courtland Sutton,DEN,@IND,15,0.0,0.0,0.0,0.0,0.0,0.0,0.0,0.0,0.0,4.0,1.0,6.0,0.0,0.0,0.0,0.60,0.6
2025,2,PP,RB,MarShawn Lloyd,GB,WAS,7,0.0,0.0,0.0,0.0,0.0,0.0,0.0,0.0,0.0,0.0,0.0,0.0,0.0,0.0,0.0,-,0.0
2025,2,PP,WR,Jordan Addison,MIN,ATL,16,0.0,0.0,0.0,0.0,0.0,0.0,0.0,0.0,0.0,0.0,0.0,0.0,0.0,0.0,0.0,-,0.0
2025,2,PP,TE,Isaiah Likely,BAL,CLE,11,0.0,0.0,0.0,0.0,0.0,0.0,0.0,0.0,0.0,0.0,0.0,0.0,0.0,0.0,0.0,-,0.0
2025,2,PP,QB,Jalen Milroe,SEA,@PIT,26,0.0,0.0,0.0,0.0,0.0,0.0,0.0,0.0,0.0,0.0,0.0,0.0,0.0,0.0,0.0,-,0.0
2025,2,PP,RB,Jaydon Blue,DAL,NYG,32,0.0,0.0,0.0,0.0,0.0,0.0,0.0,0.0,0.0,0.0,0.0,0.0,0.0,0.0,0.0,-,0.0
2025,2,PP,DST,Rams,LAR,@TEN,27,,,,,,,,,,,,,,,,8.00,8.0
2025,2,RR,RB,Kenneth Walker,SEA,@PIT,28,0.0,0.0,0.0,0.0,0.0,13.0,105.0,1.0,7.0,1.0,1.0,13.0,0.0,0.0,0.0,24.80,24.8
2025,2,RR,RB,Christian McCaffrey,SF,@NO,20,0.0,0.0,0.0,0.0,0.0,13.0,55.0,0.0,4.0,7.0,6.0,52.0,1.0,3.0,0.0,23.70,23.7
2025,2,RR,QB,Baker Mayfield,TB,@HOU,4,25.0,38.0,215.0,2.0,0.0,3.0,33.0,0.0,3.0,0.0,0.0,0.0,0.0,0.0,0.0,22.90,22.9
2025,2,RR,WR,Davante Adams,LAR,@TEN,28,0.0,0.0,0.0,0.0,0.0,0.0,0.0,0.0,0.0,13.0,6.0,106.0,1.0,4.0,0.0,20.60,20.6
2025,2,RR,QB,Tua Tagovailoa,MIA,NE,19,26.0,32.0,315.0,2.0,1.0,0.0,0.0,0.0,0.0,0.0,0.0,0.0,0.0,0.0,0.0,18.60,18.6
2025,2,RR,WR,George Pickens,DAL,NYG,32,0.0,0.0,0.0,0.0,0.0,0.0,0.0,0.0,0.0,9.0,5.0,68.0,1.0,5.0,0.0,17.80,17.8
2025,2,RR,TE,Tyler Warren,IND,DEN,17,0.0,0.0,0.0,0.0,0.0,1.0,0.0,0.0,0.0,7.0,4.0,79.0,0.0,4.0,0.0,11.90,11.9
2025,2,RR,WR,Justin Jefferson,MIN,ATL,16,0.0,0.0,0.0,0.0,0.0,0.0,0.0,0.0,0.0,6.0,3.0,81.0,0.0,2.0,0.0,10.10,10.1
2025,2,RR,WR,Cedric Tillman,CLE,@BAL,21,0.0,0.0,0.0,0.0,0.0,0.0,0.0,0.0,0.0,7.0,2.0,22.0,1.0,1.0,0.0,9.20,9.2
2025,2,RR,RB,Kareem Hunt,KC,PHI,13,0.0,0.0,0.0,0.0,0.0,8.0,31.0,0.0,3.0,1.0,1.0,3.0,0.0,0.0,0.0,6.40,6.4
2025,2,RR,RB,Woody Marks,HOU,TB,21,0.0,0.0,0.0,0.0,0.0,3.0,14.0,0.0,0.0,1.0,1.0,37.0,0.0,1.0,0.0,6.10,6.1
2025,2,RR,RB,Breece Hall,NYJ,BUF,15,0.0,0.0,0.0,0.0,0.0,10.0,29.0,0.0,2.0,3.0,2.0,9.0,0.0,0.0,0.0,5.80,5.8
2025,2,RR,TE,Kyle Pitts,ATL,@MIN,3,0.0,0.0,0.0,0.0,0.0,0.0,0.0,0.0,0.0,5.0,4.0,37.0,0.0,2.0,0.0,5.70,5.7
2025,2,RR,RB,Kenneth Gainwell,PIT,SEA,29,0.0,0.0,0.0,0.0,0.0,5.0,20.0,0.0,1.0,5.0,3.0,16.0,0.0,1.0,0.0,5.60,5.6
2025,2,RR,QB,Michael Penix,ATL,@MIN,12,13.0,21.0,135.0,0.0,0.0,1.0,-1.0,0.0,0.0,0.0,0.0,0.0,0.0,0.0,0.0,5.40,5.4
2025,2,RR,WR,Marquise Brown,KC,PHI,8,0.0,0.0,0.0,0.0,0.0,0.0,0.0,0.0,0.0,5.0,5.0,30.0,0.0,2.0,0.0,5.00,5.0
2025,2,RR,WR,Dont'e Thornton,LV,LAC,11,0.0,0.0,0.0,0.0,0.0,0.0,0.0,0.0,0.0,4.0,1.0,20.0,0.0,1.0,0.0,3.00,3.0
2025,2,RR,RB,Kaleb Johnson,PIT,SEA,29,0.0,0.0,0.0,0.0,0.0,1.0,1.0,0.0,0.0,0.0,0.0,0.0,0.0,0.0,0.0,0.10,0.1
2025,2,RR,QB,Tyler Shough,NO,SF,10,0.0,0.0,0.0,0.0,0.0,0.0,0.0,0.0,0.0,0.0,0.0,0.0,0.0,0.0,0.0,-,0.0
2025,2,RR,WR,Jalen McMillan,TB,@HOU,24,0.0,0.0,0.0,0.0,0.0,0.0,0.0,0.0,0.0,0.0,0.0,0.0,0.0,0.0,0.0,-,0.0
2025,2,RR,DST,Steelers,PIT,SEA,21,,,,,,,,,,,,,,,,6.00,6.0
2025,2,SBS,RB,Jonathan Taylor,IND,DEN,16,0.0,0.0,0.0,0.0,0.0,25.0,165.0,0.0,4.0,2.0,2.0,50.0,1.0,2.0,0.0,33.50,33.5
2025,2,SBS,QB,Russell Wilson,NYG,@DAL,31,30.0,41.0,450.0,3.0,1.0,3.0,23.0,0.0,1.0,0.0,0.0,0.0,0.0,0.0,0.0,31.30,31.3
2025,2,SBS,QB,Lamar Jackson,BAL,CLE,15,19.0,29.0,225.0,4.0,0.0,2.0,13.0,0.0,0.0,0.0,0.0,0.0,0.0,0.0,0.0,26.30,26.3
2025,2,SBS,WR,Wan'Dale Robinson,NYG,@DAL,30,0.0,0.0,0.0,0.0,0.0,0.0,0.0,0.0,0.0,10.0,8.0,142.0,1.0,5.0,0.0,25.20,25.2
2025,2,SBS,RB,Chuba Hubbard,CAR,@ARI,17,0.0,0.0,0.0,0.0,0.0,10.0,38.0,0.0,4.0,6.0,5.0,39.0,1.0,3.0,0.0,20.70,20.7
2025,2,SBS,WR,Troy Franklin,DEN,@IND,15,0.0,0.0,0.0,0.0,0.0,1.0,11.0,0.0,1.0,9.0,8.0,89.0,1.0,3.0,0.0,20.00,20.0
2025,2,SBS,QB,Jayden Daniels,WAS,@GB,11,24.0,42.0,200.0,2.0,0.0,7.0,17.0,0.0,0.0,0.0,0.0,0.0,0.0,0.0,0.0,19.70,19.7
2025,2,SBS,RB,David Montgomery,DET,CHI,31,0.0,0.0,0.0,0.0,0.0,11.0,57.0,1.0,4.0,1.0,1.0,4.0,0.0,0.0,0.0,16.10,16.1
2025,2,SBS,TE,Zach Ertz,WAS,@GB,28,0.0,0.0,0.0,0.0,0.0,0.0,0.0,0.0,0.0,8.0,6.0,64.0,1.0,3.0,0.0,15.40,15.4
2025,2,SBS,WR,Deebo Samuel,WAS,@GB,11,0.0,0.0,0.0,0.0,0.0,0.0,0.0,0.0,0.0,8.0,7.0,44.0,1.0,2.0,0.0,12.40,12.4
2025,2,SBS,RB,Dylan Sampson,CLE,@BAL,25,0.0,0.0,0.0,0.0,0.0,4.0,6.0,0.0,2.0,3.0,3.0,13.0,1.0,2.0,0.0,11.90,11.9
2025,2,SBS,WR,Alec Pierce,IND,DEN,3,0.0,0.0,0.0,0.0,0.0,0.0,0.0,0.0,0.0,5.0,4.0,68.0,0.0,3.0,0.0,9.80,9.8
2025,2,SBS,RB,TreVeyon Henderson,NE,@MIA,24,0.0,0.0,0.0,0.0,0.0,3.0,10.0,0.0,1.0,2.0,2.0,30.0,0.0,2.0,0.0,7.00,7.0
2025,2,SBS,RB,Kyle Monangai,CHI,@DET,12,0.0,0.0,0.0,0.0,0.0,7.0,28.0,0.0,2.0,3.0,1.0,8.0,0.0,0.0,0.0,5.60,5.6
2025,2,SBS,WR,Rashod Bateman,BAL,CLE,20,0.0,0.0,0.0,0.0,0.0,0.0,0.0,0.0,0.0,4.0,2.0,15.0,0.0,1.0,0.0,2.50,2.5
2025,2,SBS,TE,Mason Taylor,NYJ,BUF,2,0.0,0.0,0.0,0.0,0.0,0.0,0.0,0.0,0.0,2.0,1.0,5.0,0.0,0.0,0.0,0.50,0.5
2025,2,SBS,WR,Christian Kirk,HOU,TB,5,0.0,0.0,0.0,0.0,0.0,0.0,0.0,0.0,0.0,0.0,0.0,0.0,0.0,0.0,0.0,-,0.0
2025,2,SBS,WR,Jaylin Noel,HOU,TB,5,0.0,0.0,0.0,0.0,0.0,0.0,0.0,0.0,0.0,0.0,0.0,0.0,0.0,0.0,0.0,0.00,0.0
2025,2,SBS,WR,Christian Watson,GB,WAS,9,0.0,0.0,0.0,0.0,0.0,0.0,0.0,0.0,0.0,0.0,0.0,0.0,0.0,0.0,0.0,-,0.0
2025,2,SBS,DST,Lions,DET,CHI,25,,,,,,,,,,,,,,,,10.00,10.0
2025,3,ABT,QB,Caleb Williams,CHI,DAL,32,19.0,28.0,298.0,4.0,0.0,5.0,12.0,0.0,0.0,0.0,0.0,0.0,0.0,0.0,0.0,29.12,29.12
2025,3,ABT,TE,Hunter Henry,NE,PIT,32,0.0,0.0,0.0,0.0,0.0,0.0,0.0,0.0,0.0,11.0,8.0,90.0,2.0,6.0,0.0,27.00,27.0
2025,3,ABT,WR,Puka Nacua,LAR,@PHI,17,0.0,0.0,0.0,0.0,0.0,1.0,6.0,0.0,0.0,15.0,11.0,112.0,0.0,7.0,0.0,18.80,18.8
2025,3,ABT,QB,Bryce Young,CAR,ATL,7,16.0,24.0,121.0,0.0,0.0,2.0,8.0,1.0,2.0,0.0,0.0,0.0,0.0,0.0,0.0,13.64,13.64
2025,3,ABT,QB,Dak Prescott,DAL,@CHI,28,31.0,40.0,251.0,1.0,2.0,0.0,0.0,0.0,0.0,0.0,0.0,0.0,0.0,0.0,0.0,12.04,12.04
2025,3,ABT,WR,DJ Moore,CHI,DAL,32,0.0,0.0,0.0,0.0,0.0,3.0,7.0,0.0,0.0,5.0,4.0,21.0,1.0,2.0,0.0,10.80,10.8
2025,3,ABT,WR,Calvin Austin,PIT,@NE,24,0.0,0.0,0.0,0.0,0.0,0.0,0.0,0.0,0.0,5.0,3.0,34.0,1.0,1.0,0.0,10.40,10.4
2025,3,ABT,WR,Chris Olave,NO,@SEA,2,0.0,0.0,0.0,0.0,0.0,0.0,0.0,0.0,0.0,14.0,10.0,57.0,0.0,4.0,0.0,9.70,9.7
2025,3,ABT,TE,Brenton Strange,JAC,HOU,8,0.0,0.0,0.0,0.0,0.0,0.0,0.0,0.0,0.0,7.0,6.0,61.0,0.0,3.0,0.0,9.10,9.1
2025,3,ABT,RB,Saquon Barkley,PHI,LAR,1,0.0,0.0,0.0,0.0,0.0,18.0,46.0,0.0,3.0,5.0,4.0,9.0,0.0,0.0,0.0,8.50,8.5
2025,3,ABT,RB,Miles Sanders,DAL,@CHI,29,0.0,0.0,0.0,0.0,0.0,9.0,41.0,0.0,2.0,3.0,3.0,12.0,0.0,0.0,0.0,7.30,7.3
2025,3,ABT,WR,Josh Downs,IND,@TEN,29,0.0,0.0,0.0,0.0,0.0,0.0,0.0,0.0,0.0,3.0,2.0,34.0,0.0,1.0,0.0,4.40,4.4
2025,3,ABT,TE,Colston Loveland,CHI,DAL,15,0.0,0.0,0.0,0.0,0.0,0.0,0.0,0.0,0.0,3.0,1.0,31.0,0.0,1.0,0.0,4.10,4.1
2025,3,ABT,RB,Chase Brown,CIN,@MIN,11,0.0,0.0,0.0,0.0,0.0,10.0,3.0,0.0,0.0,5.0,4.0,17.0,0.0,1.0,0.0,3.00,3.0
2025,3,ABT,WR,Michael Wilson,ARI,@SF,6,0.0,0.0,0.0,0.0,0.0,0.0,0.0,0.0,0.0,2.0,1.0,5.0,0.0,1.0,0.0,1.50,1.5
2025,3,ABT,RB,Rachaad White,TB,NYJ,19,0.0,0.0,0.0,0.0,0.0,5.0,12.0,0.0,0.0,1.0,1.0,2.0,0.0,0.0,0.0,1.40,1.4
2025,3,ABT,RB,Keaton Mitchell,BAL,DET,9,0.0,0.0,0.0,0.0,0.0,0.0,0.0,0.0,0.0,0.0,0.0,0.0,0.0,0.0,0.0,-,0.0
2025,3,ABT,WR,Roman Wilson,PIT,@NE,24,0.0,0.0,0.0,0.0,0.0,0.0,0.0,0.0,0.0,0.0,0.0,0.0,0.0,0.0,0.0,0.00,0.0
2025,3,ABT,RB,Jonathon Brooks,CAR,ATL,7,0.0,0.0,0.0,0.0,0.0,0.0,0.0,0.0,0.0,0.0,0.0,0.0,0.0,0.0,0.0,-,0.0
2025,3,ABT,DST,Eagles,PHI,LAR,16,,,,,,,,,,,,,,,,10.00,10.0
2025,3,CLC,WR,Ricky Pearsall,SF,ARI,20,0.0,0.0,0.0,0.0,0.0,0.0,0.0,0.0,0.0,11.0,8.0,117.0,0.0,6.0,0.0,17.70,17.7
2025,3,CLC,WR,Nico Collins,HOU,@JAC,23,0.0,0.0,0.0,0.0,0.0,0.0,0.0,0.0,0.0,11.0,8.0,104.0,1.0,3.0,1.0,17.40,17.4
2025,3,CLC,TE,Dalton Kincaid,BUF,MIA,29,0.0,0.0,0.0,0.0,0.0,0.0,0.0,0.0,0.0,6.0,5.0,66.0,1.0,4.0,0.0,16.60,16.6
2025,3,CLC,WR,Rome Odunze,CHI,DAL,32,0.0,0.0,0.0,0.0,0.0,0.0,0.0,0.0,0.0,7.0,3.0,62.0,1.0,3.0,0.0,15.20,15.2
2025,3,CLC,WR,DeVonta Smith,PHI,LAR,18,0.0,0.0,0.0,0.0,0.0,0.0,0.0,0.0,0.0,9.0,8.0,60.0,1.0,3.0,0.0,15.00,15.0
2025,3,CLC,WR,Jaylen Waddle,MIA,@BUF,16,0.0,0.0,0.0,0.0,0.0,0.0,0.0,0.0,0.0,6.0,5.0,39.0,1.0,4.0,0.0,13.90,13.9
2025,3,CLC,RB,Ollie Gordon,MIA,@BUF,17,0.0,0.0,0.0,0.0,0.0,9.0,38.0,1.0,4.0,0.0,0.0,0.0,0.0,0.0,0.0,13.80,13.8
2025,3,CLC,QB,Cam Ward,TEN,IND,5,23.0,38.0,219.0,1.0,1.0,3.0,12.0,0.0,1.0,0.0,0.0,0.0,0.0,0.0,0.0,12.96,12.96
2025,3,CLC,RB,Javonte Williams,DAL,@CHI,29,0.0,0.0,0.0,0.0,0.0,10.0,76.0,0.0,4.0,5.0,5.0,16.0,0.0,1.0,1.0,12.20,12.2
2025,3,CLC,QB,Jordan Love,GB,@CLE,11,18.0,25.0,183.0,1.0,1.0,4.0,18.0,0.0,1.0,0.0,0.0,0.0,0.0,0.0,0.0,12.12,12.12
2025,3,CLC,RB,Alvin Kamara,NO,@SEA,21,0.0,0.0,0.0,0.0,0.0,18.0,42.0,0.0,3.0,2.0,1.0,14.0,0.0,1.0,0.0,9.60,9.6
2025,3,CLC,WR,Darnell Mooney,ATL,@CAR,3,0.0,0.0,0.0,0.0,0.0,0.0,0.0,0.0,0.0,11.0,4.0,44.0,0.0,3.0,0.0,7.40,7.4
2025,3,CLC,RB,Justice Hill,BAL,DET,9,0.0,0.0,0.0,0.0,0.0,0.0,0.0,0.0,0.0,4.0,3.0,45.0,0.0,1.0,0.0,5.50,5.5
2025,3,CLC,WR,Marvin Mims,DEN,@LAC,5,0.0,0.0,0.0,0.0,0.0,0.0,0.0,0.0,0.0,4.0,1.0,4.0,0.0,0.0,0.0,0.40,0.4
2025,3,CLC,WR,Andrei Iosivas,CIN,@MIN,1,0.0,0.0,0.0,0.0,0.0,0.0,0.0,0.0,0.0,0.0,0.0,0.0,0.0,0.0,0.0,0.00,0.0
2025,3,CLC,RB,Zack Moss Dead Cap,CIN,0,0,0.0,0.0,0.0,0.0,0.0,0.0,0.0,0.0,0.0,0.0,0.0,0.0,0.0,0.0,0.0,-,0.0
2025,3,CLC,QB,Justin Fields,NYJ,@TB,25,0.0,0.0,0.0,0.0,0.0,0.0,0.0,0.0,0.0,0.0,0.0,0.0,0.0,0.0,0.0,-,0.0
2025,3,CLC,WR,Ja'Lynn Polk,NO,@SEA,2,0.0,0.0,0.0,0.0,0.0,0.0,0.0,0.0,0.0,0.0,0.0,0.0,0.0,0.0,0.0,-,0.0
2025,3,CLC,TE,Terrance Ferguson,LAR,@PHI,3,0.0,0.0,0.0,0.0,0.0,0.0,0.0,0.0,0.0,0.0,0.0,0.0,0.0,0.0,0.0,-,0.0
2025,3,CLC,RB,Trevor Etienne,CAR,ATL,7,0.0,0.0,0.0,0.0,0.0,0.0,0.0,0.0,0.0,0.0,0.0,0.0,0.0,0.0,1.0,-2.00,-2.0
2025,3,CLC,DST,Bills,BUF,MIA,27,,,,,,,,,,,,,,,,2.00,2.0
2025,3,CPC,RB,Jordan Mason,MIN,CIN,32,0.0,0.0,0.0,0.0,0.0,16.0,116.0,2.0,7.0,0.0,0.0,0.0,0.0,0.0,0.0,30.60,30.6
2025,3,CPC,QB,Geno Smith,LV,@WAS,27,19.0,29.0,289.0,3.0,0.0,2.0,5.0,0.0,2.0,0.0,0.0,0.0,0.0,0.0,0.0,28.06,28.06
2025,3,CPC,QB,Drake Maye,NE,PIT,29,28.0,37.0,268.0,2.0,1.0,7.0,45.0,0.0,5.0,0.0,0.0,0.0,0.0,0.0,1.0,24.22,24.22
2025,3,CPC,RB,James Cook,BUF,MIA,28,0.0,0.0,0.0,0.0,0.0,19.0,108.0,1.0,6.0,3.0,3.0,10.0,0.0,0.0,0.0,23.80,23.8
2025,3,CPC,RB,Quinshon Judkins,CLE,GB,6,0.0,0.0,0.0,0.0,0.0,18.0,94.0,1.0,5.0,2.0,1.0,1.0,0.0,0.0,0.0,20.50,20.5
2025,3,CPC,RB,Tony Pollard,TEN,IND,15,0.0,0.0,0.0,0.0,0.0,16.0,45.0,1.0,6.0,4.0,2.0,14.0,0.0,0.0,0.0,17.90,17.9
2025,3,CPC,RB,JK Dobbins,DEN,@LAC,4,0.0,0.0,0.0,0.0,0.0,11.0,83.0,1.0,3.0,2.0,1.0,0.0,0.0,0.0,0.0,17.30,17.3
2025,3,CPC,QB,Sam Darnold,SEA,NO,24,14.0,18.0,218.0,2.0,0.0,0.0,0.0,0.0,0.0,0.0,0.0,0.0,0.0,0.0,0.0,16.72,16.72
2025,3,CPC,RB,Derrick Henry,BAL,DET,9,0.0,1.0,0.0,0.0,0.0,12.0,50.0,1.0,2.0,1.0,1.0,7.0,0.0,0.0,1.0,11.70,11.7
2025,3,CPC,WR,Jakobi Meyers,LV,@WAS,26,0.0,0.0,0.0,0.0,0.0,0.0,0.0,0.0,0.0,4.0,3.0,63.0,0.0,1.0,0.0,7.30,7.3
2025,3,CPC,WR,Matthew Golden,GB,@CLE,14,0.0,0.0,0.0,0.0,0.0,3.0,9.0,0.0,0.0,4.0,4.0,52.0,0.0,1.0,0.0,7.10,7.1
2025,3,CPC,WR,Ladd McConkey,LAC,DEN,8,0.0,0.0,0.0,0.0,0.0,0.0,0.0,0.0,0.0,7.0,4.0,41.0,0.0,3.0,0.0,7.10,7.1
2025,3,CPC,WR,Ja'Marr Chase,CIN,@MIN,1,0.0,0.0,0.0,0.0,0.0,1.0,9.0,0.0,0.0,6.0,5.0,50.0,0.0,1.0,1.0,4.90,4.9
2025,3,CPC,RB,Brian Robinson,SF,ARI,22,0.0,0.0,0.0,0.0,0.0,2.0,22.0,0.0,1.0,0.0,0.0,0.0,0.0,0.0,0.0,3.20,3.2
2025,3,CPC,WR,Tee Higgins,CIN,@MIN,1,0.0,0.0,0.0,0.0,0.0,0.0,0.0,0.0,0.0,2.0,1.0,15.0,0.0,1.0,0.0,2.50,2.5
2025,3,CPC,TE,Ja'Tavion Sanders,CAR,ATL,1,0.0,0.0,0.0,0.0,0.0,0.0,0.0,0.0,0.0,2.0,2.0,11.0,0.0,1.0,0.0,2.10,2.1
2025,3,CPC,RB,Tyler Allgeier,ATL,@CAR,18,0.0,0.0,0.0,0.0,0.0,1.0,4.0,0.0,0.0,2.0,1.0,0.0,0.0,0.0,0.0,0.40,0.4
2025,3,CPC,TE,George Kittle,SF,ARI,20,0.0,0.0,0.0,0.0,0.0,0.0,0.0,0.0,0.0,0.0,0.0,0.0,0.0,0.0,0.0,-,0.0
2025,3,CPC,WR,Dontayvion Wicks Dead Cap,GB,0,0,0.0,0.0,0.0,0.0,0.0,0.0,0.0,0.0,0.0,0.0,0.0,0.0,0.0,0.0,0.0,-,0.0
2025,3,CPC,WR,Jalen Royals,KC,@NYG,30,0.0,0.0,0.0,0.0,0.0,0.0,0.0,0.0,0.0,0.0,0.0,0.0,0.0,0.0,0.0,-,0.0
2025,3,CPC,DST,Vikings,MIN,CIN,32,,,,,,,,,,,,,,,,30.00,30.0
2025,3,DDD,RB,Jahmyr Gibbs,DET,@BAL,27,0.0,0.0,0.0,0.0,0.0,22.0,67.0,2.0,5.0,6.0,5.0,32.0,0.0,0.0,0.0,26.90,26.9
2025,3,DDD,RB,Cam Skattebo,NYG,KC,16,0.0,0.0,0.0,0.0,0.0,10.0,60.0,1.0,4.0,8.0,6.0,61.0,0.0,4.0,0.0,26.10,26.1
2025,3,DDD,WR,Keenan Allen,LAC,DEN,8,0.0,0.0,0.0,0.0,0.0,0.0,0.0,0.0,0.0,11.0,7.0,65.0,1.0,4.0,0.0,16.50,16.5
2025,3,DDD,QB,Jared Goff,DET,@BAL,30,20.0,28.0,202.0,1.0,0.0,4.0,6.0,0.0,1.0,0.0,0.0,0.0,0.0,0.0,0.0,13.68,13.68
2025,3,DDD,QB,Mac Jones,SF,ARI,12,27.0,41.0,284.0,1.0,1.0,1.0,-1.0,0.0,0.0,0.0,0.0,0.0,0.0,0.0,0.0,13.36,13.36
2025,3,DDD,RB,Bucky Irving,TB,NYJ,19,0.0,0.0,0.0,0.0,0.0,25.0,66.0,0.0,2.0,4.0,4.0,33.0,0.0,1.0,0.0,12.90,12.9
2025,3,DDD,WR,Quentin Johnston,LAC,DEN,8,0.0,0.0,0.0,0.0,0.0,0.0,0.0,0.0,0.0,10.0,6.0,89.0,0.0,4.0,0.0,12.90,12.9
2025,3,DDD,WR,Elic Ayomanor,TEN,IND,11,0.0,0.0,0.0,0.0,0.0,0.0,0.0,0.0,0.0,5.0,4.0,38.0,1.0,3.0,0.0,12.80,12.8
2025,3,DDD,QB,Spencer Rattler,NO,@SEA,3,28.0,39.0,218.0,1.0,1.0,2.0,10.0,0.0,1.0,0.0,0.0,0.0,0.0,0.0,0.0,12.72,12.72
2025,3,DDD,WR,Emeka Egbuka,TB,NYJ,25,0.0,0.0,0.0,0.0,0.0,0.0,0.0,0.0,0.0,8.0,6.0,85.0,0.0,4.0,0.0,12.50,12.5
2025,3,DDD,TE,Sam LaPorta,DET,@BAL,30,0.0,0.0,0.0,0.0,0.0,0.0,0.0,0.0,0.0,4.0,4.0,33.0,0.0,3.0,0.0,6.30,6.3
2025,3,DDD,RB,Kendre Miller,NO,@SEA,21,0.0,0.0,0.0,0.0,0.0,7.0,27.0,0.0,0.0,2.0,2.0,9.0,0.0,0.0,0.0,3.60,3.6
2025,3,DDD,WR,Zay Flowers,BAL,DET,27,0.0,0.0,0.0,0.0,0.0,0.0,0.0,0.0,0.0,3.0,2.0,13.0,0.0,1.0,0.0,2.30,2.3
2025,3,DDD,WR,Malik Nabers,NYG,KC,9,0.0,0.0,0.0,0.0,0.0,0.0,0.0,0.0,0.0,7.0,2.0,13.0,0.0,0.0,0.0,1.30,1.3
2025,3,DDD,WR,Hunter Renfrow,CAR,ATL,7,0.0,0.0,0.0,0.0,0.0,0.0,0.0,0.0,0.0,4.0,2.0,6.0,0.0,0.0,0.0,0.60,0.6
2025,3,DDD,WR,Adam Thielen,MIN,CIN,15,0.0,0.0,0.0,0.0,0.0,0.0,0.0,0.0,0.0,2.0,0.0,0.0,0.0,0.0,0.0,0.00,0.0
2025,3,DDD,QB,Deshaun Watson Dead Cap,CLE,0,0,0.0,0.0,0.0,0.0,0.0,0.0,0.0,0.0,0.0,0.0,0.0,0.0,0.0,0.0,0.0,-,0.0
2025,3,DDD,QB,Brock Purdy,SF,ARI,12,0.0,0.0,0.0,0.0,0.0,0.0,0.0,0.0,0.0,0.0,0.0,0.0,0.0,0.0,0.0,-,0.0
2025,3,DDD,WR,Adonai Mitchell,IND,@TEN,29,0.0,0.0,0.0,0.0,0.0,0.0,0.0,0.0,0.0,2.0,0.0,0.0,0.0,0.0,0.0,0.00,0.0
2025,3,DDD,WR,Tank Dell,HOU,@JAC,23,0.0,0.0,0.0,0.0,0.0,0.0,0.0,0.0,0.0,0.0,0.0,0.0,0.0,0.0,0.0,-,0.0
2025,3,DDD,RB,Tank Bigsby,PHI,LAR,1,0.0,0.0,0.0,0.0,0.0,0.0,0.0,0.0,0.0,0.0,0.0,0.0,0.0,0.0,0.0,0.00,0.0
2025,3,DDD,DST,Buccaneers,TB,NYJ,23,,,,,,,,,,,,,,,,16.00,16.0
2025,3,LBC,RB,Kyren Williams,LAR,@PHI,24,0.0,0.0,0.0,0.0,0.0,20.0,94.0,0.0,7.0,3.0,2.0,18.0,1.0,2.0,0.0,26.20,26.2
2025,3,LBC,WR,Jaxon Smith-Njigba,SEA,NO,19,0.0,0.0,0.0,0.0,0.0,0.0,0.0,0.0,0.0,6.0,5.0,96.0,1.0,4.0,0.0,19.60,19.6
2025,3,LBC,WR,Michael Pittman,IND,@TEN,29,0.0,0.0,0.0,0.0,0.0,0.0,0.0,0.0,0.0,6.0,6.0,73.0,1.0,4.0,0.0,17.30,17.3
2025,3,LBC,RB,Travis Etienne,JAC,HOU,25,0.0,0.0,0.0,0.0,0.0,16.0,56.0,1.0,2.0,2.0,0.0,0.0,0.0,0.0,0.0,13.60,13.6
2025,3,LBC,QB,Bo Nix,DEN,@LAC,16,14.0,25.0,153.0,1.0,0.0,8.0,33.0,0.0,0.0,0.0,0.0,0.0,0.0,0.0,0.0,13.42,13.42
2025,3,LBC,TE,Trey McBride,ARI,@SF,22,0.0,0.0,0.0,0.0,0.0,0.0,0.0,0.0,0.0,8.0,5.0,43.0,1.0,2.0,0.0,12.30,12.3
2025,3,LBC,QB,Aaron Rodgers,PIT,@NE,14,16.0,23.0,139.0,2.0,1.0,4.0,1.0,0.0,0.0,0.0,0.0,0.0,0.0,0.0,0.0,11.66,11.66
2025,3,LBC,QB,CJ Stroud,HOU,@JAC,13,25.0,38.0,204.0,1.0,2.0,4.0,22.0,0.0,1.0,0.0,0.0,0.0,0.0,0.0,0.0,11.36,11.36
2025,3,LBC,WR,Drake London,ATL,@CAR,3,0.0,0.0,0.0,0.0,0.0,0.0,0.0,0.0,0.0,8.0,5.0,55.0,0.0,3.0,0.0,8.50,8.5
2025,3,LBC,TE,Brock Bowers,LV,@WAS,26,0.0,0.0,0.0,0.0,0.0,0.0,0.0,0.0,0.0,5.0,4.0,38.0,0.0,2.0,0.0,7.80,7.8
2025,3,LBC,RB,Isiah Pacheco,KC,@NYG,31,0.0,0.0,0.0,0.0,0.0,10.0,45.0,0.0,2.0,1.0,1.0,3.0,0.0,0.0,0.0,6.80,6.8
2025,3,LBC,RB,Rhamondre Stevenson,NE,PIT,20,0.0,0.0,0.0,0.0,0.0,4.0,18.0,0.0,1.0,3.0,3.0,38.0,0.0,1.0,2.0,3.60,3.6
2025,3,LBC,WR,Jerry Jeudy,CLE,GB,4,0.0,0.0,0.0,0.0,0.0,0.0,0.0,0.0,0.0,5.0,1.0,17.0,0.0,1.0,0.0,2.70,2.7
2025,3,LBC,WR,Jack Bech,LV,@WAS,26,0.0,0.0,0.0,0.0,0.0,0.0,0.0,0.0,0.0,1.0,1.0,10.0,0.0,1.0,0.0,2.00,2.0
2025,3,LBC,RB,RJ Harvey,DEN,@LAC,4,0.0,0.0,0.0,0.0,0.0,2.0,2.0,0.0,0.0,3.0,3.0,14.0,0.0,0.0,0.0,1.60,1.6
2025,3,LBC,WR,Kyle Williams,NE,PIT,10,0.0,0.0,0.0,0.0,0.0,0.0,0.0,0.0,0.0,1.0,1.0,8.0,0.0,0.0,0.0,0.80,0.8
2025,3,LBC,WR,Brandon Aiyuk,SF,ARI,20,0.0,0.0,0.0,0.0,0.0,0.0,0.0,0.0,0.0,0.0,0.0,0.0,0.0,0.0,0.0,-,0.0
2025,3,LBC,WR,Jalen Coker,CAR,ATL,7,0.0,0.0,0.0,0.0,0.0,0.0,0.0,0.0,0.0,0.0,0.0,0.0,0.0,0.0,0.0,-,0.0
2025,3,LBC,TE,Evan Engram,DEN,@LAC,10,0.0,0.0,0.0,0.0,0.0,0.0,0.0,0.0,0.0,0.0,0.0,0.0,0.0,0.0,0.0,-,0.0
2025,3,LBC,WR,Michael Wilson Dead Cap,ARI,0,0,0.0,0.0,0.0,0.0,0.0,0.0,0.0,0.0,0.0,0.0,0.0,0.0,0.0,0.0,0.0,-,0.0
2025,3,LBC,WR,Isaac TeSlaa,DET,@BAL,22,0.0,0.0,0.0,0.0,0.0,0.0,0.0,0.0,0.0,2.0,0.0,0.0,0.0,0.0,0.0,0.00,0.0
2025,3,LBC,DST,Broncos,DEN,@LAC,15,,,,,,,,,,,,,,,,9.00,9.0
2025,3,LC,QB,Jalen Hurts,PHI,LAR,20,21.0,32.0,226.0,3.0,0.0,9.0,40.0,1.0,5.0,0.0,0.0,0.0,0.0,0.0,1.0,34.04,34.04
2025,3,LC,WR,Luther Burden,CHI,DAL,32,0.0,0.0,0.0,0.0,0.0,1.0,7.0,0.0,1.0,3.0,3.0,101.0,1.0,2.0,0.0,19.80,19.8
2025,3,LC,RB,Jaylen Warren,PIT,@NE,13,0.0,0.0,0.0,0.0,0.0,18.0,47.0,0.0,5.0,6.0,5.0,34.0,0.0,1.0,0.0,14.10,14.1
2025,3,LC,QB,Patrick Mahomes,KC,@NYG,22,22.0,37.0,224.0,1.0,0.0,5.0,2.0,0.0,0.0,0.0,0.0,0.0,0.0,0.0,0.0,13.16,13.16
2025,3,LC,WR,DK Metcalf,PIT,@NE,24,0.0,0.0,0.0,0.0,0.0,0.0,0.0,0.0,0.0,4.0,3.0,32.0,1.0,2.0,0.0,11.20,11.2
2025,3,LC,TE,Jake Ferguson,DAL,@CHI,19,0.0,0.0,0.0,0.0,0.0,0.0,0.0,0.0,0.0,14.0,13.0,82.0,0.0,2.0,0.0,10.20,10.2
2025,3,LC,WR,Tory Horton,SEA,NO,19,0.0,0.0,0.0,0.0,0.0,0.0,0.0,0.0,0.0,4.0,3.0,32.0,1.0,1.0,0.0,10.20,10.2
2025,3,LC,RB,James Conner,ARI,@SF,8,0.0,0.0,0.0,0.0,0.0,9.0,22.0,0.0,3.0,4.0,3.0,15.0,0.0,1.0,0.0,7.70,7.7
2025,3,LC,WR,Rashid Shaheed,NO,@SEA,2,0.0,0.0,0.0,0.0,0.0,0.0,0.0,0.0,0.0,6.0,4.0,42.0,0.0,2.0,0.0,6.20,6.2
2025,3,LC,TE,Dalton Schultz,HOU,@JAC,5,0.0,0.0,0.0,0.0,0.0,0.0,0.0,0.0,0.0,6.0,5.0,39.0,0.0,2.0,0.0,5.90,5.9
2025,3,LC,WR,Kayshon Boutte,NE,PIT,10,0.0,0.0,0.0,0.0,0.0,0.0,0.0,0.0,0.0,3.0,2.0,28.0,0.0,1.0,0.0,3.80,3.8
2025,3,LC,WR,Travis Hunter,JAC,HOU,21,0.0,0.0,0.0,0.0,0.0,0.0,0.0,0.0,0.0,2.0,1.0,21.0,0.0,1.0,0.0,3.10,3.1
2025,3,LC,WR,DeAndre Hopkins,BAL,DET,27,0.0,0.0,0.0,0.0,0.0,0.0,0.0,0.0,0.0,2.0,1.0,13.0,0.0,1.0,0.0,2.30,2.3
2025,3,LC,RB,Jerome Ford,CLE,GB,6,0.0,0.0,0.0,0.0,0.0,0.0,0.0,0.0,0.0,4.0,4.0,10.0,0.0,0.0,0.0,1.00,1.0
2025,3,LC,RB,Joe Mixon,HOU,@JAC,5,0.0,0.0,0.0,0.0,0.0,0.0,0.0,0.0,0.0,0.0,0.0,0.0,0.0,0.0,0.0,-,0.0
2025,3,LC,WR,Xavier Legette,CAR,ATL,7,0.0,0.0,0.0,0.0,0.0,0.0,0.0,0.0,0.0,0.0,0.0,0.0,0.0,0.0,0.0,-,0.0
2025,3,LC,WR,Xavier Worthy,KC,@NYG,30,0.0,0.0,0.0,0.0,0.0,0.0,0.0,0.0,0.0,0.0,0.0,0.0,0.0,0.0,0.0,-,0.0
2025,3,LC,RB,Zach Charbonnet,SEA,NO,27,0.0,0.0,0.0,0.0,0.0,0.0,0.0,0.0,0.0,0.0,0.0,0.0,0.0,0.0,0.0,-,0.0
2025,3,LC,DST,49ers,SF,ARI,9,,,,,,,,,,,,,,,,5.00,5.0
2025,3,MB,TE,Mark Andrews,BAL,DET,9,0.0,0.0,0.0,0.0,0.0,0.0,0.0,0.0,0.0,6.0,6.0,91.0,2.0,4.0,0.0,25.10,25.1
2025,3,MB,WR,Amon-Ra St Brown,DET,@BAL,22,0.0,0.0,0.0,0.0,0.0,0.0,0.0,0.0,0.0,8.0,7.0,77.0,1.0,5.0,0.0,18.70,18.7
2025,3,MB,RB,Bijan Robinson,ATL,@CAR,18,0.0,0.0,0.0,0.0,0.0,13.0,72.0,0.0,4.0,6.0,5.0,39.0,0.0,2.0,0.0,17.10,17.1
2025,3,MB,QB,Kyler Murray,ARI,@SF,10,22.0,35.0,159.0,1.0,0.0,6.0,37.0,0.0,2.0,0.0,0.0,0.0,0.0,0.0,0.0,16.06,16.06
2025,3,MB,QB,Matthew Stafford,LAR,@PHI,15,19.0,33.0,196.0,2.0,1.0,0.0,0.0,0.0,0.0,0.0,0.0,0.0,0.0,0.0,0.0,13.84,13.84
2025,3,MB,RB,Jacory Croskey-Merritt,WAS,LV,10,0.0,0.0,0.0,0.0,0.0,8.0,26.0,1.0,2.0,1.0,1.0,5.0,0.0,0.0,0.0,11.10,11.1
2025,3,MB,TE,Juwan Johnson,NO,@SEA,31,0.0,0.0,0.0,0.0,0.0,0.0,0.0,0.0,0.0,8.0,6.0,51.0,0.0,3.0,0.0,8.10,8.1
2025,3,MB,RB,Tyrone Tracy,NYG,KC,16,0.0,0.0,0.0,0.0,0.0,7.0,29.0,0.0,3.0,3.0,2.0,7.0,0.0,0.0,0.0,6.60,6.6
2025,3,MB,WR,Marvin Harrison,ARI,@SF,6,0.0,0.0,0.0,0.0,0.0,0.0,0.0,0.0,0.0,6.0,3.0,44.0,0.0,2.0,0.0,6.40,6.4
2025,3,MB,WR,Cooper Kupp,SEA,NO,19,0.0,0.0,0.0,0.0,0.0,0.0,0.0,0.0,0.0,3.0,2.0,31.0,0.0,1.0,0.0,4.10,4.1
2025,3,MB,QB,Joe Flacco,CLE,GB,2,21.0,36.0,142.0,0.0,1.0,0.0,0.0,0.0,0.0,0.0,0.0,0.0,0.0,0.0,0.0,3.68,3.68
2025,3,MB,WR,Josh Palmer,BUF,MIA,13,0.0,0.0,0.0,0.0,0.0,0.0,0.0,0.0,0.0,1.0,1.0,5.0,0.0,0.0,0.0,0.50,0.5
2025,3,MB,QB,Jaxson Dart,NYG,KC,18,0.0,0.0,0.0,0.0,0.0,1.0,3.0,0.0,0.0,0.0,0.0,0.0,0.0,0.0,0.0,0.30,0.3
2025,3,MB,WR,Tre Harris,LAC,DEN,8,0.0,0.0,0.0,0.0,0.0,0.0,0.0,0.0,0.0,1.0,0.0,0.0,0.0,0.0,0.0,0.00,0.0
2025,3,MB,RB,Jarquez Hunter,LAR,@PHI,23,0.0,0.0,0.0,0.0,0.0,0.0,0.0,0.0,0.0,0.0,0.0,0.0,0.0,0.0,0.0,0.00,0.0
2025,3,MB,RB,Ray Davis,BUF,MIA,28,0.0,0.0,0.0,0.0,0.0,0.0,0.0,0.0,0.0,1.0,0.0,0.0,0.0,0.0,0.0,0.00,0.0
2025,3,MB,TE,Tyler Higbee,LAR,@PHI,3,0.0,0.0,0.0,0.0,0.0,0.0,0.0,0.0,0.0,2.0,0.0,0.0,0.0,0.0,0.0,0.00,0.0
2025,3,MB,RB,Isaac Guerendo,SF,ARI,22,0.0,0.0,0.0,0.0,0.0,0.0,0.0,0.0,0.0,0.0,0.0,0.0,0.0,0.0,0.0,0.00,0.0
2025,3,MB,RB,Aaron Jones,MIN,CIN,32,0.0,0.0,0.0,0.0,0.0,0.0,0.0,0.0,0.0,0.0,0.0,0.0,0.0,0.0,0.0,-,0.0
2025,3,MB,DST,Chiefs,KC,@NYG,20,,,,,,,,,,,,,,,,13.00,13.0
2025,3,NBB,QB,Josh Allen,BUF,MIA,31,22.0,28.0,213.0,3.0,0.0,4.0,25.0,0.0,0.0,0.0,0.0,0.0,0.0,0.0,0.0,23.02,23.02
2025,3,NBB,RB,D'Andre Swift,CHI,DAL,15,0.0,0.0,0.0,0.0,0.0,13.0,33.0,0.0,4.0,4.0,3.0,45.0,0.0,1.0,0.0,12.80,12.8
2025,3,NBB,WR,Khalil Shakir,BUF,MIA,13,0.0,0.0,0.0,0.0,0.0,0.0,0.0,0.0,0.0,4.0,4.0,45.0,1.0,2.0,0.0,12.50,12.5
2025,3,NBB,WR,Mike Evans,TB,NYJ,25,0.0,0.0,0.0,0.0,0.0,0.0,0.0,0.0,0.0,8.0,4.0,33.0,1.0,3.0,0.0,12.30,12.3
2025,3,NBB,WR,Terry McLaurin,WAS,LV,27,0.0,0.0,0.0,0.0,0.0,0.0,0.0,0.0,0.0,4.0,3.0,74.0,0.0,3.0,0.0,10.40,10.4
2025,3,NBB,TE,Dallas Goedert,PHI,LAR,13,0.0,0.0,0.0,0.0,0.0,0.0,0.0,0.0,0.0,2.0,1.0,33.0,1.0,1.0,0.0,10.30,10.3
2025,3,NBB,RB,Bhayshul Tuten,JAC,HOU,25,0.0,0.0,0.0,0.0,0.0,6.0,21.0,1.0,2.0,1.0,0.0,0.0,0.0,0.0,0.0,10.10,10.1
2025,3,NBB,RB,Blake Corum,LAR,@PHI,24,0.0,0.0,0.0,0.0,0.0,8.0,53.0,0.0,4.0,0.0,0.0,0.0,0.0,0.0,0.0,9.30,9.3
2025,3,NBB,QB,Trevor Lawrence,JAC,HOU,9,20.0,40.0,222.0,0.0,1.0,2.0,9.0,0.0,1.0,0.0,0.0,0.0,0.0,0.0,0.0,8.78,8.78
2025,3,NBB,WR,Tetairoa McMillan,CAR,ATL,7,0.0,0.0,0.0,0.0,0.0,0.0,0.0,0.0,0.0,8.0,3.0,48.0,0.0,3.0,0.0,7.80,7.8
2025,3,NBB,WR,Brian Thomas,JAC,HOU,21,0.0,0.0,0.0,0.0,0.0,0.0,0.0,0.0,0.0,6.0,2.0,55.0,0.0,2.0,0.0,7.50,7.5
2025,3,NBB,WR,Jameson Williams,DET,@BAL,22,0.0,0.0,0.0,0.0,0.0,0.0,0.0,0.0,0.0,3.0,2.0,43.0,0.0,2.0,0.0,6.30,6.3
2025,3,NBB,TE,David Njoku,CLE,GB,25,0.0,0.0,0.0,0.0,0.0,0.0,0.0,0.0,0.0,7.0,5.0,40.0,0.0,2.0,0.0,6.00,6.0
2025,3,NBB,RB,Najee Harris,LAC,DEN,23,0.0,0.0,0.0,0.0,0.0,6.0,28.0,0.0,1.0,0.0,0.0,0.0,0.0,0.0,0.0,3.80,3.8
2025,3,NBB,TE,Harold Fannin,CLE,GB,25,0.0,0.0,0.0,0.0,0.0,0.0,0.0,0.0,0.0,4.0,3.0,25.0,0.0,1.0,0.0,3.50,3.5
2025,3,NBB,WR,Chris Godwin,TB,NYJ,25,0.0,0.0,0.0,0.0,0.0,0.0,0.0,0.0,0.0,0.0,0.0,0.0,0.0,0.0,0.0,-,0.0
2025,3,NBB,RB,Will Shipley,PHI,LAR,1,0.0,0.0,0.0,0.0,0.0,0.0,0.0,0.0,0.0,0.0,0.0,0.0,0.0,0.0,0.0,-,0.0
2025,3,NBB,WR,Jayden Reed,GB,@CLE,14,0.0,0.0,0.0,0.0,0.0,0.0,0.0,0.0,0.0,0.0,0.0,0.0,0.0,0.0,0.0,-,0.0
2025,3,NBB,DST,Giants,NYG,KC,10,,,,,,,,,,,,,,,,2.00,2.0
2025,3,PCP,WR,AJ Brown,PHI,LAR,18,0.0,0.0,0.0,0.0,0.0,0.0,0.0,0.0,0.0,10.0,6.0,109.0,1.0,4.0,0.0,20.90,20.9
2025,3,PCP,QB,Tyrod Taylor,NYJ,@TB,25,26.0,36.0,197.0,2.0,1.0,8.0,48.0,0.0,3.0,0.0,0.0,0.0,0.0,0.0,1.0,19.68,19.68
2025,3,PCP,WR,Garrett Wilson,NYJ,@TB,12,0.0,0.0,0.0,0.0,0.0,0.0,0.0,0.0,0.0,13.0,10.0,84.0,1.0,4.0,0.0,18.40,18.4
2025,3,PCP,QB,Daniel Jones,IND,@TEN,8,18.0,25.0,228.0,1.0,0.0,4.0,27.0,0.0,2.0,0.0,0.0,0.0,0.0,0.0,0.0,17.82,17.82
2025,3,PCP,TE,TJ Hockenson,MIN,CIN,27,0.0,0.0,0.0,0.0,0.0,0.0,0.0,0.0,0.0,6.0,5.0,49.0,1.0,4.0,0.0,14.90,14.9
2025,3,PCP,RB,Rico Dowdle,CAR,ATL,7,0.0,0.0,0.0,0.0,0.0,10.0,30.0,1.0,3.0,1.0,1.0,8.0,0.0,1.0,0.0,13.80,13.8
2025,3,PCP,RB,Ashton Jeanty,LV,@WAS,3,0.0,0.0,0.0,0.0,0.0,17.0,63.0,0.0,3.0,0.0,0.0,0.0,0.0,0.0,0.0,9.30,9.3
2025,3,PCP,RB,Trey Benson,ARI,@SF,8,0.0,0.0,0.0,0.0,0.0,10.0,42.0,0.0,2.0,4.0,3.0,9.0,0.0,0.0,0.0,7.10,7.1
2025,3,PCP,RB,Braelon Allen,NYJ,@TB,12,0.0,0.0,0.0,0.0,0.0,6.0,30.0,0.0,1.0,2.0,2.0,17.0,0.0,1.0,0.0,6.70,6.7
2025,3,PCP,RB,Nick Chubb,HOU,@JAC,5,0.0,0.0,0.0,0.0,0.0,9.0,38.0,0.0,1.0,4.0,3.0,2.0,0.0,0.0,0.0,5.00,5.0
2025,3,PCP,WR,Keon Coleman,BUF,MIA,13,0.0,0.0,0.0,0.0,0.0,0.0,0.0,0.0,0.0,4.0,3.0,20.0,0.0,1.0,0.0,3.00,3.0
2025,3,PCP,TE,Pat Freiermuth,PIT,@NE,16,0.0,0.0,0.0,0.0,0.0,0.0,0.0,0.0,0.0,3.0,1.0,6.0,0.0,0.0,0.0,0.60,0.6
2025,3,PCP,RB,DJ Giddens,IND,@TEN,30,0.0,0.0,0.0,0.0,0.0,1.0,3.0,0.0,0.0,0.0,0.0,0.0,0.0,0.0,0.0,0.30,0.3
2025,3,PCP,RB,Devin Neal,NO,@SEA,21,0.0,0.0,0.0,0.0,0.0,0.0,0.0,0.0,0.0,0.0,0.0,0.0,0.0,0.0,0.0,-,0.0
2025,3,PCP,QB,Joe Burrow,CIN,@MIN,4,0.0,0.0,0.0,0.0,0.0,0.0,0.0,0.0,0.0,0.0,0.0,0.0,0.0,0.0,0.0,-,0.0
2025,3,PCP,TE,Luke Musgrave,GB,@CLE,18,0.0,0.0,0.0,0.0,0.0,0.0,0.0,0.0,0.0,0.0,0.0,0.0,0.0,0.0,0.0,0.00,0.0
2025,3,PCP,WR,CeeDee Lamb,DAL,@CHI,31,0.0,0.0,0.0,0.0,0.0,0.0,0.0,0.0,0.0,0.0,0.0,0.0,0.0,0.0,0.0,0.00,0.0
2025,3,PCP,RB,Tyjae Spears,TEN,IND,14,0.0,0.0,0.0,0.0,0.0,0.0,0.0,0.0,0.0,0.0,0.0,0.0,0.0,0.0,0.0,-,0.0
2025,3,PCP,QB,Shedeur Sanders,CLE,GB,2,0.0,0.0,0.0,0.0,0.0,0.0,0.0,0.0,0.0,0.0,0.0,0.0,0.0,0.0,0.0,-,0.0
2025,3,PCP,WR,Rashee Rice,KC,@NYG,30,0.0,0.0,0.0,0.0,0.0,0.0,0.0,0.0,0.0,0.0,0.0,0.0,0.0,0.0,0.0,-,0.0
2025,3,PCP,DST,Ravens,BAL,DET,4,,,,,,,,,,,,,,,,-4.00,-4.0
2025,3,PP,RB,Omarion Hampton,LAC,DEN,24,0.0,0.0,0.0,0.0,0.0,19.0,70.0,1.0,4.0,7.0,6.0,59.0,0.0,3.0,0.0,25.90,25.9
2025,3,PP,WR,Courtland Sutton,DEN,@LAC,5,0.0,0.0,0.0,0.0,0.0,0.0,0.0,0.0,0.0,8.0,6.0,118.0,1.0,5.0,0.0,22.80,22.8
2025,3,PP,WR,Tyreek Hill,MIA,@BUF,16,0.0,0.0,0.0,0.0,0.0,0.0,0.0,0.0,0.0,10.0,5.0,49.0,1.0,5.0,0.0,15.90,15.9
2025,3,PP,QB,Justin Herbert,LAC,DEN,6,28.0,47.0,300.0,1.0,1.0,2.0,6.0,0.0,1.0,0.0,0.0,0.0,0.0,0.0,0.0,15.60,15.6
2025,3,PP,QB,Carson Wentz,MIN,CIN,17,14.0,20.0,173.0,2.0,0.0,2.0,4.0,0.0,0.0,0.0,0.0,0.0,0.0,0.0,0.0,15.32,15.32
2025,3,PP,RB,Josh Jacobs,GB,@CLE,2,0.0,0.0,0.0,0.0,0.0,16.0,30.0,0.0,2.0,9.0,5.0,44.0,0.0,2.0,0.0,11.40,11.4
2025,3,PP,RB,De'Von Achane,MIA,@BUF,17,0.0,0.0,0.0,0.0,0.0,12.0,62.0,0.0,1.0,9.0,7.0,29.0,0.0,1.0,0.0,11.10,11.1
2025,3,PP,TE,Travis Kelce,KC,@NYG,21,0.0,0.0,0.0,0.0,0.0,0.0,0.0,0.0,0.0,7.0,4.0,26.0,0.0,2.0,0.0,4.60,4.6
2025,3,PP,WR,Romeo Doubs,GB,@CLE,14,0.0,0.0,0.0,0.0,0.0,0.0,0.0,0.0,0.0,2.0,2.0,25.0,0.0,2.0,0.0,4.50,4.5
2025,3,PP,WR,Stefon Diggs,NE,PIT,10,0.0,0.0,0.0,0.0,0.0,0.0,0.0,0.0,0.0,3.0,3.0,23.0,0.0,2.0,0.0,4.30,4.3
2025,3,PP,TE,Tucker Kraft,GB,@CLE,18,0.0,0.0,0.0,0.0,0.0,0.0,0.0,0.0,0.0,4.0,3.0,29.0,0.0,1.0,0.0,3.90,3.9
2025,3,PP,WR,Calvin Ridley,TEN,IND,11,0.0,0.0,0.0,0.0,0.0,0.0,0.0,0.0,0.0,7.0,1.0,27.0,0.0,1.0,0.0,3.70,3.7
2025,3,PP,WR,Jayden Higgins,HOU,@JAC,23,0.0,0.0,0.0,0.0,0.0,0.0,0.0,0.0,0.0,1.0,1.0,5.0,0.0,1.0,0.0,1.50,1.5
2025,3,PP,QB,Jalen Milroe,SEA,NO,24,0.0,0.0,0.0,0.0,0.0,1.0,3.0,0.0,0.0,0.0,0.0,0.0,0.0,0.0,0.0,0.30,0.3
2025,3,PP,TE,Isaiah Likely,BAL,DET,9,0.0,0.0,0.0,0.0,0.0,0.0,0.0,0.0,0.0,0.0,0.0,0.0,0.0,0.0,0.0,-,0.0
2025,3,PP,WR,Jauan Jennings,SF,ARI,20,0.0,0.0,0.0,0.0,0.0,0.0,0.0,0.0,0.0,0.0,0.0,0.0,0.0,0.0,0.0,-,0.0
2025,3,PP,RB,MarShawn Lloyd,GB,@CLE,2,0.0,0.0,0.0,0.0,0.0,0.0,0.0,0.0,0.0,0.0,0.0,0.0,0.0,0.0,0.0,-,0.0
2025,3,PP,WR,Jordan Addison,MIN,CIN,15,0.0,0.0,0.0,0.0,0.0,0.0,0.0,0.0,0.0,0.0,0.0,0.0,0.0,0.0,0.0,-,0.0
2025,3,PP,RB,Jaydon Blue,DAL,@CHI,29,0.0,0.0,0.0,0.0,0.0,0.0,0.0,0.0,0.0,0.0,0.0,0.0,0.0,0.0,0.0,-,0.0
2025,3,PP,QB,JJ McCarthy,MIN,CIN,17,0.0,0.0,0.0,0.0,0.0,0.0,0.0,0.0,0.0,0.0,0.0,0.0,0.0,0.0,0.0,-,0.0
2025,3,PP,DST,Rams,LAR,@PHI,5,,,,,,,,,,,,,,,,6.00,6.0
2025,3,RR,RB,Kenneth Walker,SEA,NO,26,0.0,0.0,0.0,0.0,0.0,16.0,38.0,2.0,4.0,1.0,1.0,12.0,0.0,1.0,0.0,22.00,22.0
2025,3,RR,QB,Baker Mayfield,TB,NYJ,23,19.0,29.0,233.0,1.0,0.0,4.0,44.0,0.0,2.0,0.0,0.0,0.0,0.0,0.0,0.0,19.72,19.72
2025,3,RR,RB,Christian McCaffrey,SF,ARI,22,0.0,0.0,0.0,0.0,0.0,17.0,52.0,0.0,3.0,15.0,10.0,88.0,0.0,2.0,0.0,19.00,19.0
2025,3,RR,WR,George Pickens,DAL,@CHI,31,0.0,0.0,0.0,0.0,0.0,0.0,0.0,0.0,0.0,9.0,5.0,68.0,1.0,5.0,0.0,17.80,17.8
2025,3,RR,QB,Tua Tagovailoa,MIA,@BUF,26,22.0,34.0,146.0,2.0,1.0,2.0,10.0,0.0,1.0,0.0,0.0,0.0,0.0,0.0,0.0,13.84,13.84
2025,3,RR,RB,Kareem Hunt,KC,@NYG,31,0.0,0.0,0.0,0.0,0.0,10.0,34.0,1.0,2.0,1.0,1.0,10.0,0.0,1.0,0.0,13.40,13.4
2025,3,RR,WR,Davante Adams,LAR,@PHI,17,0.0,0.0,0.0,0.0,0.0,0.0,0.0,0.0,0.0,8.0,3.0,56.0,1.0,1.0,0.0,12.60,12.6
2025,3,RR,WR,Justin Jefferson,MIN,CIN,15,0.0,0.0,0.0,0.0,0.0,0.0,0.0,0.0,0.0,7.0,5.0,75.0,0.0,2.0,0.0,9.50,9.5
2025,3,RR,RB,Breece Hall,NYJ,@TB,12,0.0,0.0,0.0,0.0,0.0,9.0,21.0,0.0,1.0,6.0,4.0,31.0,0.0,2.0,0.0,8.20,8.2
2025,3,RR,QB,Jake Browning,CIN,@MIN,3,19.0,27.0,140.0,1.0,2.0,1.0,3.0,0.0,1.0,0.0,0.0,0.0,0.0,0.0,0.0,6.90,6.9
2025,3,RR,WR,Marquise Brown,KC,@NYG,30,0.0,0.0,0.0,0.0,0.0,0.0,0.0,0.0,0.0,6.0,4.0,42.0,0.0,2.0,0.0,6.20,6.2
2025,3,RR,TE,Kyle Pitts,ATL,@CAR,28,0.0,0.0,0.0,0.0,0.0,0.0,0.0,0.0,0.0,6.0,4.0,39.0,0.0,2.0,0.0,5.90,5.9
2025,3,RR,TE,Tyler Warren,IND,@TEN,12,0.0,0.0,0.0,0.0,0.0,0.0,0.0,0.0,0.0,5.0,3.0,38.0,0.0,2.0,0.0,5.80,5.8
2025,3,RR,WR,Cedric Tillman,CLE,GB,4,0.0,0.0,0.0,0.0,0.0,0.0,0.0,0.0,0.0,3.0,3.0,26.0,0.0,3.0,0.0,5.60,5.6
2025,3,RR,WR,Dont'e Thornton,LV,@WAS,26,0.0,0.0,0.0,0.0,0.0,0.0,0.0,0.0,0.0,4.0,2.0,29.0,0.0,1.0,0.0,3.90,3.9
2025,3,RR,QB,Michael Penix,ATL,@CAR,1,18.0,36.0,172.0,0.0,2.0,2.0,9.0,0.0,0.0,0.0,0.0,0.0,0.0,0.0,0.0,3.78,3.78
2025,3,RR,RB,Woody Marks,HOU,@JAC,5,0.0,0.0,0.0,0.0,0.0,6.0,27.0,0.0,0.0,2.0,1.0,9.0,0.0,0.0,0.0,3.60,3.6
2025,3,RR,WR,Jalen McMillan,TB,NYJ,25,0.0,0.0,0.0,0.0,0.0,0.0,0.0,0.0,0.0,0.0,0.0,0.0,0.0,0.0,0.0,-,0.0
2025,3,RR,RB,Kaleb Johnson,PIT,@NE,13,0.0,0.0,0.0,0.0,0.0,0.0,0.0,0.0,0.0,0.0,0.0,0.0,0.0,0.0,0.0,-,0.0
2025,3,RR,QB,Tyler Shough,NO,@SEA,4,0.0,2.0,0.0,0.0,0.0,0.0,0.0,0.0,0.0,0.0,0.0,0.0,0.0,0.0,0.0,0.00,0.0
2025,3,RR,DST,Steelers,PIT,@NE,31,,,,,,,,,,,,,,,,17.00,17.0
2025,3,SBS,RB,Jonathan Taylor,IND,@TEN,30,0.0,0.0,0.0,0.0,0.0,17.0,102.0,3.0,6.0,4.0,3.0,16.0,0.0,0.0,0.0,35.80,35.8
2025,3,SBS,RB,David Montgomery,DET,@BAL,27,0.0,0.0,0.0,0.0,0.0,12.0,151.0,2.0,6.0,1.0,1.0,13.0,0.0,1.0,0.0,35.40,35.4
2025,3,SBS,QB,Lamar Jackson,BAL,DET,19,21.0,27.0,288.0,3.0,0.0,7.0,35.0,0.0,2.0,0.0,0.0,0.0,0.0,0.0,0.0,29.02,29.02
2025,3,SBS,WR,Rashod Bateman,BAL,DET,28,0.0,0.0,0.0,0.0,0.0,0.0,0.0,0.0,0.0,7.0,5.0,63.0,1.0,5.0,0.0,17.30,17.3
2025,3,SBS,WR,Alec Pierce,IND,@TEN,29,0.0,0.0,0.0,0.0,0.0,0.0,0.0,0.0,0.0,5.0,4.0,67.0,0.0,3.0,0.0,9.70,9.7
2025,3,SBS,RB,Chuba Hubbard,CAR,ATL,7,0.0,0.0,0.0,0.0,0.0,17.0,73.0,0.0,2.0,3.0,2.0,3.0,0.0,0.0,0.0,9.60,9.6
2025,3,SBS,RB,TreVeyon Henderson,NE,PIT,20,0.0,0.0,0.0,0.0,0.0,11.0,28.0,0.0,2.0,3.0,3.0,19.0,0.0,0.0,0.0,6.70,6.7
2025,3,SBS,QB,Russell Wilson,NYG,KC,18,18.0,32.0,160.0,0.0,2.0,5.0,27.0,0.0,1.0,0.0,0.0,0.0,0.0,0.0,0.0,6.10,6.1
2025,3,SBS,TE,Zach Ertz,WAS,LV,6,0.0,0.0,0.0,0.0,0.0,0.0,0.0,0.0,0.0,3.0,3.0,38.0,0.0,1.0,0.0,4.80,4.8
2025,3,SBS,WR,Christian Kirk,HOU,@JAC,23,0.0,0.0,0.0,0.0,0.0,0.0,0.0,0.0,0.0,8.0,3.0,25.0,0.0,2.0,0.0,4.50,4.5
2025,3,SBS,TE,Mason Taylor,NYJ,@TB,7,0.0,0.0,0.0,0.0,0.0,0.0,0.0,0.0,0.0,6.0,4.0,18.0,0.0,2.0,0.0,3.80,3.8
2025,3,SBS,WR,Wan'Dale Robinson,NYG,KC,9,0.0,0.0,0.0,0.0,0.0,0.0,0.0,0.0,0.0,4.0,1.0,26.0,0.0,1.0,0.0,3.60,3.6
2025,3,SBS,RB,Kyle Monangai,CHI,DAL,15,0.0,0.0,0.0,0.0,0.0,6.0,16.0,0.0,1.0,1.0,1.0,4.0,0.0,0.0,0.0,3.00,3.0
2025,3,SBS,WR,Deebo Samuel,WAS,LV,27,0.0,0.0,0.0,0.0,0.0,3.0,18.0,0.0,0.0,3.0,2.0,11.0,0.0,0.0,0.0,2.90,2.9
2025,3,SBS,WR,Troy Franklin,DEN,@LAC,5,0.0,0.0,0.0,0.0,0.0,0.0,0.0,0.0,0.0,4.0,2.0,8.0,0.0,0.0,0.0,0.80,0.8
2025,3,SBS,WR,Jaylin Noel,HOU,@JAC,23,0.0,0.0,0.0,0.0,0.0,0.0,0.0,0.0,0.0,1.0,1.0,4.0,0.0,0.0,0.0,0.40,0.4
2025,3,SBS,RB,Dylan Sampson,CLE,GB,6,0.0,0.0,0.0,0.0,0.0,1.0,2.0,0.0,0.0,0.0,0.0,0.0,0.0,0.0,0.0,0.20,0.2
2025,3,SBS,QB,Jayden Daniels,WAS,LV,21,0.0,0.0,0.0,0.0,0.0,0.0,0.0,0.0,0.0,0.0,0.0,0.0,0.0,0.0,0.0,-,0.0
2025,3,SBS,WR,Christian Watson,GB,@CLE,14,0.0,0.0,0.0,0.0,0.0,0.0,0.0,0.0,0.0,0.0,0.0,0.0,0.0,0.0,0.0,-,0.0
2025,3,SBS,DST,Packers,GB,@CLE,26,,,,,,,,,,,,,,,,9.00,9.0
2025,4,ABT,QB,Dak Prescott,DAL,GB,10,31.0,40.0,319.0,3.0,0.0,1.0,2.0,1.0,1.0,0.0,0.0,0.0,0.0,0.0,0.0,31.96,31.96
2025,4,ABT,WR,Puka Nacua,LAR,IND,29,0.0,0.0,0.0,0.0,0.0,0.0,0.0,0.0,0.0,15.0,13.0,170.0,1.0,8.0,0.0,31.00,31.0
2025,4,ABT,RB,Saquon Barkley,PHI,@TB,10,0.0,0.0,0.0,0.0,0.0,19.0,43.0,1.0,1.0,4.0,4.0,31.0,0.0,2.0,0.0,16.40,16.4
2025,4,ABT,QB,Caleb Williams,CHI,@LV,19,22.0,37.0,212.0,1.0,1.0,8.0,13.0,0.0,1.0,0.0,0.0,0.0,0.0,0.0,0.0,12.78,12.78
2025,4,ABT,TE,Hunter Henry,NE,CAR,28,0.0,0.0,0.0,0.0,0.0,0.0,0.0,0.0,0.0,2.0,2.0,39.0,1.0,2.0,0.0,11.90,11.9
2025,4,ABT,QB,Bryce Young,CAR,@NE,12,18.0,30.0,150.0,1.0,0.0,1.0,3.0,0.0,1.0,0.0,0.0,0.0,0.0,0.0,0.0,11.30,11.3
2025,4,ABT,RB,Chase Brown,CIN,@DEN,12,0.0,0.0,0.0,0.0,0.0,10.0,40.0,0.0,2.0,3.0,3.0,31.0,0.0,1.0,0.0,10.10,10.1
2025,4,ABT,WR,Chris Olave,NO,@BUF,10,0.0,1.0,0.0,0.0,1.0,0.0,0.0,0.0,0.0,6.0,3.0,20.0,1.0,2.0,0.0,8.00,8.0
2025,4,ABT,RB,Rachaad White,TB,PHI,26,0.0,0.0,0.0,0.0,0.0,6.0,17.0,0.0,2.0,5.0,4.0,29.0,0.0,1.0,0.0,7.60,7.6
2025,4,ABT,TE,Brenton Strange,JAC,@SF,24,0.0,0.0,0.0,0.0,0.0,0.0,0.0,0.0,0.0,7.0,6.0,45.0,0.0,2.0,0.0,6.50,6.5
2025,4,ABT,WR,DJ Moore,CHI,@LV,28,0.0,0.0,0.0,0.0,0.0,0.0,0.0,0.0,0.0,5.0,4.0,38.0,0.0,1.0,0.0,4.80,4.8
2025,4,ABT,WR,Josh Downs,IND,@LAR,17,0.0,0.0,0.0,0.0,0.0,0.0,0.0,0.0,0.0,5.0,4.0,24.0,0.0,2.0,0.0,4.40,4.4
2025,4,ABT,RB,Miles Sanders,DAL,GB,5,0.0,0.0,0.0,0.0,0.0,2.0,8.0,0.0,1.0,2.0,2.0,17.0,0.0,0.0,0.0,3.50,3.5
2025,4,ABT,WR,Michael Wilson,ARI,SEA,3,0.0,0.0,0.0,0.0,0.0,0.0,0.0,0.0,0.0,6.0,3.0,15.0,0.0,2.0,0.0,3.50,3.5
2025,4,ABT,WR,Calvin Austin,PIT,MIN,1,0.0,0.0,0.0,0.0,0.0,0.0,0.0,0.0,0.0,2.0,2.0,13.0,0.0,1.0,0.0,2.30,2.3
2025,4,ABT,RB,Jonathon Brooks,CAR,@NE,14,0.0,0.0,0.0,0.0,0.0,0.0,0.0,0.0,0.0,0.0,0.0,0.0,0.0,0.0,0.0,-,0.0
2025,4,ABT,TE,Colston Loveland,CHI,@LV,6,0.0,0.0,0.0,0.0,0.0,0.0,0.0,0.0,0.0,0.0,0.0,0.0,0.0,0.0,0.0,-,0.0
2025,4,ABT,WR,Roman Wilson,PIT,MIN,1,0.0,0.0,0.0,0.0,0.0,0.0,0.0,0.0,0.0,0.0,0.0,0.0,0.0,0.0,0.0,0.00,0.0
2025,4,ABT,RB,Keaton Mitchell,BAL,@KC,23,0.0,0.0,0.0,0.0,0.0,0.0,0.0,0.0,0.0,0.0,0.0,0.0,0.0,0.0,0.0,-,0.0
2025,4,ABT,DST,Eagles,PHI,@TB,19,,,,,,,,,,,,,,,,14.00,14.0
2025,4,CLC,QB,Justin Fields,NYJ,@MIA,31,20.0,27.0,226.0,1.0,0.0,7.0,81.0,1.0,3.0,0.0,0.0,0.0,0.0,0.0,1.0,30.14,30.14
2025,4,CLC,RB,Justice Hill,BAL,@KC,23,0.0,0.0,0.0,0.0,0.0,3.0,76.0,1.0,2.0,6.0,5.0,41.0,1.0,2.0,0.0,27.70,27.7
2025,4,CLC,QB,Jordan Love,GB,@DAL,32,31.0,43.0,337.0,3.0,0.0,3.0,28.0,0.0,1.0,0.0,0.0,0.0,0.0,0.0,1.0,27.28,27.28
2025,4,CLC,RB,Javonte Williams,DAL,GB,5,0.0,0.0,0.0,0.0,0.0,20.0,85.0,1.0,5.0,3.0,3.0,15.0,0.0,1.0,0.0,22.00,22.0
2025,4,CLC,WR,Marvin Mims,DEN,CIN,25,0.0,0.0,0.0,0.0,0.0,1.0,16.0,1.0,1.0,6.0,6.0,69.0,0.0,3.0,0.0,18.50,18.5
2025,4,CLC,WR,Rome Odunze,CHI,@LV,28,0.0,0.0,0.0,0.0,0.0,0.0,0.0,0.0,0.0,8.0,4.0,69.0,1.0,4.0,0.0,16.90,16.9
2025,4,CLC,RB,Alvin Kamara,NO,@BUF,18,0.0,0.0,0.0,0.0,0.0,15.0,70.0,0.0,4.0,5.0,4.0,2.0,0.0,0.0,0.0,11.20,11.2
2025,4,CLC,WR,Nico Collins,HOU,TEN,27,0.0,0.0,0.0,0.0,0.0,0.0,0.0,0.0,0.0,6.0,4.0,79.0,0.0,3.0,0.0,10.90,10.9
2025,4,CLC,TE,Dalton Kincaid,BUF,NO,19,0.0,0.0,0.0,0.0,0.0,0.0,0.0,0.0,0.0,2.0,1.0,28.0,1.0,1.0,0.0,9.80,9.8
2025,4,CLC,WR,Tyquan Thornton,KC,BAL,30,0.0,0.0,0.0,0.0,0.0,0.0,0.0,0.0,0.0,2.0,1.0,11.0,1.0,1.0,0.0,8.10,8.1
2025,4,CLC,WR,Jaylen Waddle,MIA,NYJ,23,0.0,0.0,0.0,0.0,0.0,0.0,0.0,0.0,0.0,6.0,3.0,48.0,0.0,3.0,0.0,7.80,7.8
2025,4,CLC,WR,Ricky Pearsall,SF,JAC,20,0.0,0.0,0.0,0.0,0.0,0.0,0.0,0.0,0.0,5.0,4.0,46.0,0.0,2.0,0.0,6.60,6.6
2025,4,CLC,QB,Cam Ward,TEN,@HOU,2,10.0,26.0,108.0,0.0,1.0,2.0,22.0,0.0,1.0,0.0,0.0,0.0,0.0,0.0,0.0,5.52,5.52
2025,4,CLC,WR,DeVonta Smith,PHI,@TB,7,0.0,0.0,0.0,0.0,0.0,0.0,0.0,0.0,0.0,2.0,2.0,29.0,0.0,2.0,0.0,4.90,4.9
2025,4,CLC,RB,Trevor Etienne,CAR,@NE,14,0.0,0.0,0.0,0.0,0.0,7.0,33.0,0.0,1.0,0.0,0.0,0.0,0.0,0.0,0.0,4.30,4.3
2025,4,CLC,WR,Darnell Mooney,ATL,WAS,26,0.0,0.0,0.0,0.0,0.0,0.0,0.0,0.0,0.0,1.0,1.0,15.0,0.0,1.0,0.0,2.50,2.5
2025,4,CLC,RB,Ollie Gordon,MIA,NYJ,17,0.0,0.0,0.0,0.0,0.0,6.0,10.0,0.0,1.0,1.0,0.0,0.0,0.0,0.0,0.0,2.00,2.0
2025,4,CLC,WR,Ja'Lynn Polk,NO,@BUF,10,0.0,0.0,0.0,0.0,0.0,0.0,0.0,0.0,0.0,0.0,0.0,0.0,0.0,0.0,0.0,-,0.0
2025,4,CLC,TE,Terrance Ferguson,LAR,IND,16,0.0,0.0,0.0,0.0,0.0,0.0,0.0,0.0,0.0,0.0,0.0,0.0,0.0,0.0,0.0,-,0.0
2025,4,CLC,RB,Zack Moss Dead Cap,CIN,0,0,0.0,0.0,0.0,0.0,0.0,0.0,0.0,0.0,0.0,0.0,0.0,0.0,0.0,0.0,0.0,-,0.0
2025,4,CLC,DST,Bills,BUF,NO,23,,,,,,,,,,,,,,,,8.00,8.0
2025,4,CPC,RB,Quinshon Judkins,CLE,@DET,9,0.0,0.0,0.0,0.0,0.0,21.0,82.0,1.0,7.0,4.0,4.0,33.0,0.0,2.0,0.0,26.50,26.5
2025,4,CPC,RB,James Cook,BUF,NO,25,0.0,0.0,0.0,0.0,0.0,22.0,117.0,1.0,6.0,4.0,3.0,18.0,0.0,1.0,0.0,26.50,26.5
2025,4,CPC,QB,Drake Maye,NE,CAR,5,14.0,17.0,203.0,2.0,0.0,3.0,11.0,1.0,1.0,0.0,0.0,0.0,0.0,0.0,0.0,24.22,24.22
2025,4,CPC,QB,Sam Darnold,SEA,@ARI,9,18.0,26.0,242.0,1.0,0.0,1.0,24.0,0.0,1.0,0.0,0.0,0.0,0.0,0.0,0.0,17.08,17.08
2025,4,CPC,RB,JK Dobbins,DEN,CIN,31,0.0,0.0,0.0,0.0,0.0,16.0,101.0,0.0,6.0,1.0,1.0,4.0,0.0,0.0,0.0,16.50,16.5
2025,4,CPC,RB,Tyler Allgeier,ATL,WAS,15,0.0,0.0,0.0,0.0,0.0,16.0,51.0,1.0,3.0,0.0,0.0,0.0,0.0,0.0,0.0,14.10,14.1
2025,4,CPC,RB,Jordan Mason,MIN,@PIT,19,0.0,0.0,0.0,0.0,0.0,16.0,57.0,0.0,5.0,3.0,3.0,15.0,0.0,1.0,0.0,13.20,13.2
2025,4,CPC,QB,Geno Smith,LV,CHI,24,14.0,21.0,117.0,2.0,3.0,4.0,31.0,0.0,1.0,0.0,0.0,0.0,0.0,0.0,0.0,10.78,10.78
2025,4,CPC,RB,Tony Pollard,TEN,@HOU,13,0.0,0.0,0.0,0.0,0.0,14.0,64.0,0.0,2.0,3.0,3.0,12.0,0.0,0.0,0.0,9.60,9.6
2025,4,CPC,WR,Matthew Golden,GB,@DAL,32,0.0,0.0,0.0,0.0,0.0,1.0,5.0,0.0,1.0,6.0,5.0,58.0,0.0,2.0,0.0,9.30,9.3
2025,4,CPC,RB,Derrick Henry,BAL,@KC,23,0.0,0.0,0.0,0.0,0.0,8.0,42.0,0.0,2.0,3.0,2.0,16.0,0.0,0.0,0.0,7.80,7.8
2025,4,CPC,WR,Tee Higgins,CIN,@DEN,6,0.0,0.0,0.0,0.0,0.0,0.0,0.0,0.0,0.0,6.0,3.0,32.0,0.0,1.0,0.0,4.20,4.2
2025,4,CPC,WR,Jakobi Meyers,LV,CHI,24,0.0,0.0,0.0,0.0,0.0,0.0,0.0,0.0,0.0,7.0,4.0,30.0,0.0,1.0,0.0,4.00,4.0
2025,4,CPC,WR,Ja'Marr Chase,CIN,@DEN,6,0.0,0.0,0.0,0.0,0.0,0.0,0.0,0.0,0.0,8.0,5.0,23.0,0.0,0.0,0.0,2.30,2.3
2025,4,CPC,WR,Ladd McConkey,LAC,@NYG,31,0.0,0.0,0.0,0.0,0.0,0.0,0.0,0.0,0.0,6.0,1.0,11.0,0.0,1.0,0.0,2.10,2.1
2025,4,CPC,RB,Brian Robinson,SF,JAC,8,0.0,0.0,0.0,0.0,0.0,5.0,21.0,0.0,0.0,0.0,0.0,0.0,0.0,0.0,0.0,2.10,2.1
2025,4,CPC,TE,Chigoziem Okonkwo,TEN,@HOU,5,0.0,0.0,0.0,0.0,0.0,0.0,0.0,0.0,0.0,3.0,1.0,4.0,0.0,0.0,0.0,0.40,0.4
2025,4,CPC,TE,George Kittle,SF,JAC,11,0.0,0.0,0.0,0.0,0.0,0.0,0.0,0.0,0.0,0.0,0.0,0.0,0.0,0.0,0.0,-,0.0
2025,4,CPC,WR,Dontayvion Wicks Dead Cap,GB,0,0,0.0,0.0,0.0,0.0,0.0,0.0,0.0,0.0,0.0,0.0,0.0,0.0,0.0,0.0,0.0,-,0.0
2025,4,CPC,TE,Ja'Tavion Sanders,CAR,@NE,27,0.0,0.0,0.0,0.0,0.0,0.0,0.0,0.0,0.0,0.0,0.0,0.0,0.0,0.0,0.0,-,0.0
2025,4,CPC,WR,Jalen Royals,KC,BAL,30,0.0,0.0,0.0,0.0,0.0,0.0,0.0,0.0,0.0,0.0,0.0,0.0,0.0,0.0,0.0,0.00,0.0
2025,4,CPC,DST,Vikings,MIN,@PIT,13,,,,,,,,,,,,,,,,3.00,3.0
2025,4,DDD,RB,Bucky Irving,TB,PHI,26,0.0,0.0,0.0,0.0,0.0,15.0,63.0,0.0,2.0,5.0,5.0,102.0,1.0,3.0,1.0,25.50,25.5
2025,4,DDD,RB,Jahmyr Gibbs,DET,CLE,3,0.0,0.0,0.0,0.0,0.0,15.0,91.0,1.0,5.0,2.0,2.0,6.0,0.0,0.0,0.0,20.70,20.7
2025,4,DDD,QB,Brock Purdy,SF,JAC,13,22.0,38.0,309.0,2.0,2.0,2.0,13.0,0.0,2.0,0.0,0.0,0.0,0.0,0.0,1.0,19.66,19.66
2025,4,DDD,QB,Spencer Rattler,NO,@BUF,25,18.0,27.0,126.0,1.0,0.0,6.0,49.0,0.0,5.0,1.0,0.0,0.0,0.0,0.0,0.0,18.94,18.94
2025,4,DDD,WR,Quentin Johnston,LAC,@NYG,31,0.0,0.0,0.0,0.0,0.0,0.0,0.0,0.0,0.0,13.0,8.0,98.0,1.0,3.0,0.0,18.80,18.8
2025,4,DDD,WR,Emeka Egbuka,TB,PHI,13,0.0,0.0,0.0,0.0,0.0,1.0,0.0,0.0,0.0,10.0,4.0,101.0,1.0,2.0,0.0,18.10,18.1
2025,4,DDD,RB,Kendre Miller,NO,@BUF,18,0.0,0.0,0.0,0.0,0.0,11.0,65.0,1.0,5.0,0.0,0.0,0.0,0.0,0.0,0.0,17.50,17.5
2025,4,DDD,RB,Cam Skattebo,NYG,LAC,2,0.0,0.0,0.0,0.0,0.0,25.0,79.0,0.0,4.0,2.0,2.0,11.0,0.0,0.0,0.0,15.00,15.0
2025,4,DDD,QB,Jared Goff,DET,CLE,6,16.0,27.0,168.0,2.0,1.0,0.0,0.0,0.0,0.0,0.0,0.0,0.0,0.0,0.0,0.0,12.72,12.72
2025,4,DDD,WR,Zay Flowers,BAL,@KC,8,0.0,0.0,0.0,0.0,0.0,0.0,0.0,0.0,0.0,8.0,7.0,74.0,0.0,4.0,0.0,11.40,11.4
2025,4,DDD,WR,Adonai Mitchell,IND,@LAR,17,0.0,0.0,0.0,0.0,0.0,0.0,0.0,0.0,0.0,4.0,3.0,96.0,0.0,1.0,1.0,8.60,8.6
2025,4,DDD,WR,Elic Ayomanor,TEN,@HOU,12,0.0,0.0,0.0,0.0,0.0,0.0,0.0,0.0,0.0,7.0,2.0,44.0,0.0,2.0,0.0,6.40,6.4
2025,4,DDD,WR,Keenan Allen,LAC,@NYG,31,0.0,0.0,0.0,0.0,0.0,0.0,0.0,0.0,0.0,7.0,5.0,37.0,0.0,2.0,0.0,5.70,5.7
2025,4,DDD,TE,Sam LaPorta,DET,CLE,10,0.0,0.0,0.0,0.0,0.0,0.0,0.0,0.0,0.0,4.0,3.0,39.0,0.0,1.0,0.0,4.90,4.9
2025,4,DDD,WR,Adam Thielen,MIN,@PIT,22,0.0,0.0,0.0,0.0,0.0,0.0,0.0,0.0,0.0,2.0,2.0,11.0,0.0,2.0,0.0,3.10,3.1
2025,4,DDD,WR,Malik Nabers,NYG,LAC,2,0.0,0.0,0.0,0.0,0.0,0.0,0.0,0.0,0.0,3.0,2.0,20.0,0.0,1.0,0.0,3.00,3.0
2025,4,DDD,WR,Hunter Renfrow,CAR,@NE,21,0.0,0.0,0.0,0.0,0.0,0.0,0.0,0.0,0.0,2.0,2.0,10.0,0.0,1.0,0.0,2.00,2.0
2025,4,DDD,QB,Deshaun Watson Dead Cap,CLE,0,0,0.0,0.0,0.0,0.0,0.0,0.0,0.0,0.0,0.0,0.0,0.0,0.0,0.0,0.0,0.0,-,0.0
2025,4,DDD,RB,Tank Bigsby,PHI,@TB,10,0.0,0.0,0.0,0.0,0.0,0.0,0.0,0.0,0.0,0.0,0.0,0.0,0.0,0.0,0.0,0.00,0.0
2025,4,DDD,WR,Tank Dell,HOU,TEN,27,0.0,0.0,0.0,0.0,0.0,0.0,0.0,0.0,0.0,0.0,0.0,0.0,0.0,0.0,0.0,-,0.0
2025,4,DDD,QB,Mac Jones,SF,JAC,13,0.0,0.0,0.0,0.0,0.0,0.0,0.0,0.0,0.0,0.0,0.0,0.0,0.0,0.0,0.0,-,0.0
2025,4,DDD,DST,Buccaneers,TB,PHI,6,,,,,,,,,,,,,,,,4.00,4.0
2025,4,LBC,QB,Bo Nix,DEN,CIN,22,29.0,42.0,326.0,2.0,1.0,6.0,7.0,1.0,1.0,0.0,0.0,0.0,0.0,0.0,0.0,26.74,26.74
2025,4,LBC,RB,Travis Etienne,JAC,@SF,6,0.0,0.0,0.0,0.0,0.0,19.0,124.0,1.0,5.0,2.0,1.0,1.0,0.0,0.0,0.0,23.50,23.5
2025,4,LBC,QB,CJ Stroud,HOU,TEN,11,22.0,28.0,233.0,2.0,0.0,4.0,11.0,0.0,3.0,0.0,0.0,0.0,0.0,0.0,0.0,21.42,21.42
2025,4,LBC,WR,Drake London,ATL,WAS,26,0.0,0.0,0.0,0.0,0.0,0.0,0.0,0.0,0.0,10.0,8.0,110.0,1.0,4.0,0.0,21.00,21.0
2025,4,LBC,RB,RJ Harvey,DEN,CIN,31,0.0,0.0,0.0,0.0,0.0,14.0,58.0,0.0,2.0,5.0,4.0,40.0,1.0,3.0,0.0,20.80,20.8
2025,4,LBC,RB,Kyren Williams,LAR,IND,11,0.0,0.0,0.0,0.0,0.0,13.0,77.0,0.0,6.0,4.0,3.0,17.0,0.0,1.0,1.0,14.40,14.4
2025,4,LBC,QB,Aaron Rodgers,PIT,MIN,3,18.0,22.0,200.0,1.0,0.0,3.0,8.0,0.0,1.0,0.0,0.0,0.0,0.0,0.0,0.0,13.80,13.8
2025,4,LBC,RB,Isiah Pacheco,KC,BAL,32,0.0,0.0,0.0,0.0,0.0,7.0,35.0,0.0,2.0,3.0,2.0,13.0,1.0,1.0,0.0,13.80,13.8
2025,4,LBC,WR,Michael Pittman,IND,@LAR,17,0.0,0.0,0.0,0.0,0.0,0.0,0.0,0.0,0.0,10.0,5.0,41.0,1.0,3.0,0.0,13.10,13.1
2025,4,LBC,WR,Jaxon Smith-Njigba,SEA,@ARI,14,0.0,0.0,0.0,0.0,0.0,3.0,11.0,0.0,0.0,5.0,4.0,79.0,0.0,4.0,0.0,13.00,13.0
2025,4,LBC,TE,Trey McBride,ARI,SEA,30,0.0,0.0,0.0,0.0,0.0,0.0,0.0,0.0,0.0,11.0,7.0,52.0,0.0,4.0,0.0,9.20,9.2
2025,4,LBC,WR,Jerry Jeudy,CLE,@DET,16,0.0,0.0,0.0,0.0,0.0,0.0,0.0,0.0,0.0,9.0,3.0,48.0,0.0,2.0,0.0,6.80,6.8
2025,4,LBC,TE,Brock Bowers,LV,CHI,14,0.0,0.0,0.0,0.0,0.0,0.0,0.0,0.0,0.0,6.0,5.0,46.0,0.0,2.0,0.0,6.60,6.6
2025,4,LBC,RB,Rhamondre Stevenson,NE,CAR,21,0.0,0.0,0.0,0.0,0.0,9.0,38.0,0.0,1.0,1.0,1.0,3.0,0.0,0.0,0.0,5.10,5.1
2025,4,LBC,TE,Evan Engram,DEN,CIN,25,0.0,0.0,0.0,0.0,0.0,0.0,0.0,0.0,0.0,7.0,4.0,29.0,0.0,0.0,0.0,2.90,2.9
2025,4,LBC,WR,Isaac TeSlaa,DET,CLE,15,0.0,0.0,0.0,0.0,0.0,0.0,0.0,0.0,0.0,0.0,0.0,0.0,0.0,0.0,0.0,0.00,0.0
2025,4,LBC,WR,Brandon Aiyuk,SF,JAC,20,0.0,0.0,0.0,0.0,0.0,0.0,0.0,0.0,0.0,0.0,0.0,0.0,0.0,0.0,0.0,-,0.0
2025,4,LBC,WR,Jalen Coker,CAR,@NE,21,0.0,0.0,0.0,0.0,0.0,0.0,0.0,0.0,0.0,0.0,0.0,0.0,0.0,0.0,0.0,-,0.0
2025,4,LBC,WR,Michael Wilson Dead Cap,ARI,0,0,0.0,0.0,0.0,0.0,0.0,0.0,0.0,0.0,0.0,0.0,0.0,0.0,0.0,0.0,0.0,-,0.0
2025,4,LBC,WR,Jack Bech,LV,CHI,24,0.0,0.0,0.0,0.0,0.0,0.0,0.0,0.0,0.0,0.0,0.0,0.0,0.0,0.0,0.0,0.00,0.0
2025,4,LBC,WR,Kyle Williams,NE,CAR,5,0.0,0.0,0.0,0.0,0.0,1.0,-2.0,0.0,0.0,0.0,0.0,0.0,0.0,0.0,0.0,0.00,0.0
2025,4,LBC,DST,Broncos,DEN,CIN,30,,,,,,,,,,,,,,,,10.00,10.0
2025,4,LC,QB,Patrick Mahomes,KC,BAL,30,25.0,37.0,270.0,4.0,0.0,4.0,5.0,0.0,0.0,0.0,0.0,0.0,0.0,0.0,0.0,27.30,27.3
2025,4,LC,WR,DK Metcalf,PIT,MIN,1,0.0,0.0,0.0,0.0,0.0,0.0,0.0,0.0,0.0,5.0,5.0,126.0,1.0,5.0,0.0,23.60,23.6
2025,4,LC,QB,Jalen Hurts,PHI,@TB,27,15.0,24.0,130.0,2.0,0.0,9.0,62.0,0.0,3.0,0.0,0.0,0.0,0.0,0.0,0.0,22.40,22.4
2025,4,LC,WR,Xavier Worthy,KC,BAL,30,0.0,0.0,0.0,0.0,0.0,2.0,38.0,0.0,2.0,8.0,5.0,83.0,0.0,3.0,0.0,17.10,17.1
2025,4,LC,RB,Zach Charbonnet,SEA,@ARI,22,0.0,0.0,0.0,0.0,0.0,12.0,39.0,1.0,3.0,2.0,2.0,5.0,0.0,0.0,0.0,13.40,13.4
2025,4,LC,TE,Jake Ferguson,DAL,GB,26,0.0,0.0,0.0,0.0,0.0,0.0,0.0,0.0,0.0,7.0,7.0,40.0,1.0,2.0,0.0,12.00,12.0
2025,4,LC,WR,Rashid Shaheed,NO,@BUF,10,0.0,0.0,0.0,0.0,0.0,2.0,5.0,0.0,0.0,5.0,4.0,47.0,0.0,2.0,0.0,7.20,7.2
2025,4,LC,WR,Travis Hunter,JAC,@SF,4,0.0,0.0,0.0,0.0,0.0,0.0,0.0,0.0,0.0,5.0,3.0,42.0,0.0,1.0,0.0,5.20,5.2
2025,4,LC,TE,Dalton Schultz,HOU,TEN,8,0.0,0.0,0.0,0.0,0.0,0.0,0.0,0.0,0.0,6.0,5.0,30.0,0.0,1.0,0.0,4.00,4.0
2025,4,LC,WR,Kayshon Boutte,NE,CAR,5,0.0,0.0,0.0,0.0,0.0,0.0,0.0,0.0,0.0,3.0,1.0,18.0,0.0,1.0,0.0,2.80,2.8
2025,4,LC,WR,Tory Horton,SEA,@ARI,14,0.0,0.0,0.0,0.0,0.0,0.0,0.0,0.0,0.0,2.0,1.0,10.0,0.0,0.0,0.0,1.00,1.0
2025,4,LC,RB,Jerome Ford,CLE,@DET,9,0.0,0.0,0.0,0.0,0.0,1.0,-1.0,0.0,0.0,2.0,1.0,4.0,0.0,0.0,0.0,0.40,0.4
2025,4,LC,WR,Xavier Legette,CAR,@NE,21,0.0,0.0,0.0,0.0,0.0,0.0,0.0,0.0,0.0,0.0,0.0,0.0,0.0,0.0,0.0,-,0.0
2025,4,LC,RB,Jaylen Warren,PIT,MIN,20,0.0,0.0,0.0,0.0,0.0,0.0,0.0,0.0,0.0,0.0,0.0,0.0,0.0,0.0,0.0,-,0.0
2025,4,LC,WR,Luther Burden,CHI,@LV,28,0.0,0.0,0.0,0.0,0.0,0.0,0.0,0.0,0.0,2.0,2.0,-4.0,0.0,0.0,0.0,0.00,0.0
2025,4,LC,RB,James Conner,ARI,SEA,16,0.0,0.0,0.0,0.0,0.0,0.0,0.0,0.0,0.0,0.0,0.0,0.0,0.0,0.0,0.0,-,0.0
2025,4,LC,WR,DeAndre Hopkins,BAL,@KC,8,0.0,0.0,0.0,0.0,0.0,0.0,0.0,0.0,0.0,1.0,0.0,0.0,0.0,0.0,0.0,0.00,0.0
2025,4,LC,RB,Joe Mixon,HOU,TEN,29,0.0,0.0,0.0,0.0,0.0,0.0,0.0,0.0,0.0,0.0,0.0,0.0,0.0,0.0,0.0,-,0.0
2025,4,LC,DST,49ers,SF,JAC,5,,,,,,,,,,,,,,,,0.00,0.0
2025,4,MB,RB,Bijan Robinson,ATL,WAS,15,0.0,0.0,0.0,0.0,0.0,17.0,75.0,1.0,5.0,5.0,4.0,106.0,0.0,4.0,0.0,33.10,33.1
2025,4,MB,QB,Matthew Stafford,LAR,IND,17,29.0,41.0,375.0,3.0,0.0,4.0,4.0,0.0,0.0,0.0,0.0,0.0,0.0,0.0,0.0,27.40,27.4
2025,4,MB,QB,Jaxson Dart,NYG,LAC,21,13.0,20.0,111.0,1.0,0.0,10.0,54.0,1.0,5.0,0.0,0.0,0.0,0.0,0.0,0.0,24.84,24.84
2025,4,MB,WR,Amon-Ra St Brown,DET,CLE,15,0.0,0.0,0.0,0.0,0.0,0.0,0.0,0.0,0.0,7.0,7.0,70.0,2.0,4.0,0.0,23.00,23.0
2025,4,MB,QB,Kyler Murray,ARI,SEA,4,27.0,41.0,200.0,2.0,2.0,5.0,41.0,0.0,1.0,0.0,0.0,0.0,0.0,0.0,0.0,17.10,17.1
2025,4,MB,WR,Marvin Harrison,ARI,SEA,3,0.0,0.0,0.0,0.0,0.0,0.0,0.0,0.0,0.0,10.0,6.0,66.0,1.0,3.0,0.0,15.60,15.6
2025,4,MB,RB,Jacory Croskey-Merritt,WAS,@ATL,4,0.0,0.0,0.0,0.0,0.0,7.0,47.0,0.0,4.0,2.0,2.0,10.0,0.0,0.0,0.0,9.70,9.7
2025,4,MB,TE,Mark Andrews,BAL,@KC,4,0.0,0.0,0.0,0.0,0.0,0.0,0.0,0.0,0.0,8.0,7.0,30.0,0.0,2.0,0.0,5.00,5.0
2025,4,MB,TE,Juwan Johnson,NO,@BUF,3,0.0,0.0,0.0,0.0,0.0,0.0,0.0,0.0,0.0,3.0,3.0,28.0,0.0,2.0,0.0,4.80,4.8
2025,4,MB,WR,Cooper Kupp,SEA,@ARI,14,0.0,0.0,0.0,0.0,0.0,0.0,0.0,0.0,0.0,5.0,4.0,26.0,0.0,1.0,0.0,3.60,3.6
2025,4,MB,WR,Josh Palmer,BUF,NO,19,0.0,0.0,0.0,0.0,0.0,0.0,0.0,0.0,0.0,3.0,2.0,25.0,0.0,1.0,0.0,3.50,3.5
2025,4,MB,TE,Tyler Higbee,LAR,IND,16,0.0,0.0,0.0,0.0,0.0,0.0,0.0,0.0,0.0,5.0,2.0,25.0,0.0,1.0,0.0,3.50,3.5
2025,4,MB,QB,Joe Flacco,CLE,@DET,16,16.0,34.0,184.0,0.0,2.0,3.0,-1.0,0.0,0.0,0.0,0.0,0.0,0.0,0.0,1.0,1.36,1.36
2025,4,MB,RB,Ray Davis,BUF,NO,25,0.0,0.0,0.0,0.0,0.0,1.0,3.0,0.0,0.0,0.0,0.0,0.0,0.0,0.0,0.0,0.30,0.3
2025,4,MB,RB,Isaac Guerendo,SF,JAC,7,0.0,0.0,0.0,0.0,0.0,0.0,0.0,0.0,0.0,0.0,0.0,0.0,0.0,0.0,0.0,0.00,0.0
2025,4,MB,RB,Tyrone Tracy,NYG,LAC,2,0.0,0.0,0.0,0.0,0.0,0.0,0.0,0.0,0.0,0.0,0.0,0.0,0.0,0.0,0.0,-,0.0
2025,4,MB,RB,Jarquez Hunter,LAR,IND,11,0.0,0.0,0.0,0.0,0.0,0.0,0.0,0.0,0.0,0.0,0.0,0.0,0.0,0.0,0.0,0.00,0.0
2025,4,MB,WR,Tre Harris,LAC,@NYG,31,0.0,0.0,0.0,0.0,0.0,0.0,0.0,0.0,0.0,1.0,0.0,0.0,0.0,0.0,0.0,0.00,0.0
2025,4,MB,RB,Aaron Jones,MIN,@PIT,19,0.0,0.0,0.0,0.0,0.0,0.0,0.0,0.0,0.0,0.0,0.0,0.0,0.0,0.0,0.0,-,0.0
2025,4,MB,DST,Chiefs,KC,BAL,17,,,,,,,,,,,,,,,,11.00,11.0
2025,4,NBB,QB,Josh Allen,BUF,NO,28,16.0,22.0,209.0,2.0,1.0,7.0,45.0,1.0,3.0,0.0,0.0,0.0,0.0,0.0,0.0,27.86,27.86
2025,4,NBB,TE,Dallas Goedert,PHI,@TB,17,0.0,0.0,0.0,0.0,0.0,0.0,0.0,0.0,0.0,4.0,4.0,37.0,2.0,3.0,0.0,18.70,18.7
2025,4,NBB,RB,D'Andre Swift,CHI,@LV,8,0.0,0.0,0.0,0.0,0.0,14.0,38.0,1.0,4.0,6.0,4.0,22.0,0.0,1.0,0.0,17.00,17.0
2025,4,NBB,WR,Khalil Shakir,BUF,NO,19,0.0,0.0,0.0,0.0,0.0,0.0,0.0,0.0,0.0,5.0,5.0,69.0,1.0,2.0,0.0,14.90,14.9
2025,4,NBB,QB,Trevor Lawrence,JAC,@SF,7,21.0,31.0,174.0,1.0,0.0,7.0,7.0,0.0,2.0,0.0,0.0,0.0,0.0,0.0,0.0,13.66,13.66
2025,4,NBB,WR,Tetairoa McMillan,CAR,@NE,21,0.0,0.0,0.0,0.0,0.0,0.0,0.0,0.0,0.0,8.0,4.0,62.0,0.0,3.0,0.0,9.20,9.2
2025,4,NBB,WR,Brian Thomas,JAC,@SF,4,0.0,0.0,0.0,0.0,0.0,1.0,7.0,0.0,1.0,7.0,5.0,49.0,0.0,2.0,0.0,8.60,8.6
2025,4,NBB,WR,Jameson Williams,DET,CLE,15,0.0,0.0,0.0,0.0,0.0,1.0,-3.0,0.0,0.0,8.0,2.0,40.0,0.0,2.0,0.0,6.00,6.0
2025,4,NBB,WR,Chris Godwin,TB,PHI,13,0.0,0.0,0.0,0.0,0.0,0.0,0.0,0.0,0.0,10.0,3.0,26.0,0.0,1.0,0.0,3.60,3.6
2025,4,NBB,TE,Harold Fannin,CLE,@DET,23,0.0,0.0,0.0,0.0,0.0,1.0,1.0,0.0,0.0,6.0,2.0,24.0,0.0,1.0,0.0,3.50,3.5
2025,4,NBB,RB,Blake Corum,LAR,IND,11,0.0,0.0,0.0,0.0,0.0,9.0,21.0,0.0,1.0,4.0,2.0,-5.0,0.0,0.0,0.0,3.10,3.1
2025,4,NBB,RB,Bhayshul Tuten,JAC,@SF,6,0.0,0.0,0.0,0.0,0.0,4.0,14.0,0.0,0.0,1.0,1.0,8.0,0.0,0.0,0.0,2.20,2.2
2025,4,NBB,TE,David Njoku,CLE,@DET,23,0.0,0.0,0.0,0.0,0.0,0.0,0.0,0.0,0.0,3.0,2.0,11.0,0.0,0.0,0.0,1.10,1.1
2025,4,NBB,WR,Mike Evans,TB,PHI,13,0.0,0.0,0.0,0.0,0.0,0.0,0.0,0.0,0.0,0.0,0.0,0.0,0.0,0.0,0.0,-,0.0
2025,4,NBB,RB,Will Shipley,PHI,@TB,10,0.0,0.0,0.0,0.0,0.0,0.0,0.0,0.0,0.0,1.0,0.0,0.0,0.0,0.0,0.0,0.00,0.0
2025,4,NBB,RB,Najee Harris,LAC,@NYG,28,0.0,0.0,0.0,0.0,0.0,0.0,0.0,0.0,0.0,0.0,0.0,0.0,0.0,0.0,0.0,-,0.0
2025,4,NBB,WR,Jayden Reed,GB,@DAL,32,0.0,0.0,0.0,0.0,0.0,0.0,0.0,0.0,0.0,0.0,0.0,0.0,0.0,0.0,0.0,-,0.0
2025,4,NBB,WR,Terry McLaurin,WAS,@ATL,11,0.0,0.0,0.0,0.0,0.0,0.0,0.0,0.0,0.0,0.0,0.0,0.0,0.0,0.0,0.0,-,0.0
2025,4,NBB,DST,Giants,NYG,LAC,16,,,,,,,,,,,,,,,,7.00,7.0
2025,4,PCP,RB,Ashton Jeanty,LV,CHI,30,0.0,0.0,0.0,0.0,0.0,21.0,138.0,1.0,6.0,2.0,2.0,17.0,2.0,2.0,1.0,39.50,39.5
2025,4,PCP,WR,Garrett Wilson,NYJ,@MIA,9,0.0,0.0,0.0,0.0,0.0,0.0,0.0,0.0,0.0,8.0,6.0,82.0,1.0,4.0,0.0,18.20,18.2
2025,4,W (10/2),QB,Marcus Mariota,WAS,@ATL,8,16.0,27.0,156.0,2.0,1.0,2.0,20.0,0.0,1.0,0.0,0.0,0.0,0.0,0.0,0.0,17.24,17.24
2025,4,PCP,QB,Daniel Jones,IND,@LAR,15,24.0,33.0,262.0,1.0,2.0,1.0,-1.0,0.0,0.0,0.0,0.0,0.0,0.0,0.0,0.0,10.48,10.48
2025,4,PCP,RB,Nick Chubb,HOU,TEN,29,0.0,0.0,0.0,0.0,0.0,13.0,47.0,0.0,2.0,2.0,2.0,15.0,0.0,0.0,0.0,8.20,8.2
2025,4,PCP,WR,Keon Coleman,BUF,NO,19,0.0,0.0,0.0,0.0,0.0,0.0,0.0,0.0,0.0,4.0,3.0,45.0,0.0,3.0,0.0,7.50,7.5
2025,4,PCP,RB,Trey Benson,ARI,SEA,16,0.0,0.0,0.0,0.0,0.0,8.0,35.0,0.0,1.0,5.0,5.0,19.0,0.0,1.0,0.0,7.40,7.4
2025,4,PCP,RB,Rico Dowdle,CAR,@NE,14,0.0,0.0,0.0,0.0,0.0,9.0,32.0,0.0,2.0,1.0,1.0,-2.0,0.0,0.0,0.0,5.20,5.2
2025,4,PCP,TE,TJ Hockenson,MIN,@PIT,31,0.0,0.0,0.0,0.0,0.0,0.0,0.0,0.0,0.0,5.0,4.0,39.0,0.0,1.0,0.0,4.90,4.9
2025,4,PCP,RB,Braelon Allen,NYJ,@MIA,24,0.0,0.0,0.0,0.0,0.0,4.0,26.0,0.0,2.0,0.0,0.0,0.0,0.0,0.0,1.0,2.60,2.6
2025,4,PCP,WR,AJ Brown,PHI,@TB,7,0.0,0.0,0.0,0.0,0.0,0.0,0.0,0.0,0.0,9.0,2.0,7.0,0.0,1.0,0.0,1.70,1.7
2025,4,PCP,TE,Luke Musgrave,GB,@DAL,13,0.0,0.0,0.0,0.0,0.0,0.0,0.0,0.0,0.0,1.0,1.0,6.0,0.0,0.0,0.0,0.60,0.6
2025,4,PCP,RB,Devin Neal,NO,@BUF,18,0.0,0.0,0.0,0.0,0.0,0.0,0.0,0.0,0.0,0.0,0.0,0.0,0.0,0.0,0.0,-,0.0
2025,4,PCP,TE,Pat Freiermuth,PIT,MIN,9,0.0,0.0,0.0,0.0,0.0,0.0,0.0,0.0,0.0,0.0,0.0,0.0,0.0,0.0,0.0,0.00,0.0
2025,4,PCP,QB,Shedeur Sanders,CLE,@DET,16,0.0,0.0,0.0,0.0,0.0,0.0,0.0,0.0,0.0,0.0,0.0,0.0,0.0,0.0,0.0,-,0.0
2025,4,PCP,WR,CeeDee Lamb,DAL,GB,18,0.0,0.0,0.0,0.0,0.0,0.0,0.0,0.0,0.0,0.0,0.0,0.0,0.0,0.0,0.0,-,0.0
2025,4,PCP,QB,Joe Burrow,CIN,@DEN,1,0.0,0.0,0.0,0.0,0.0,0.0,0.0,0.0,0.0,0.0,0.0,0.0,0.0,0.0,0.0,-,0.0
2025,4,PCP,RB,DJ Giddens,IND,@LAR,1,0.0,0.0,0.0,0.0,0.0,0.0,0.0,0.0,0.0,0.0,0.0,0.0,0.0,0.0,0.0,0.00,0.0
2025,4,PCP,RB,Tyjae Spears,TEN,@HOU,13,0.0,0.0,0.0,0.0,0.0,0.0,0.0,0.0,0.0,0.0,0.0,0.0,0.0,0.0,0.0,-,0.0
2025,4,PCP,WR,Rashee Rice,KC,BAL,30,0.0,0.0,0.0,0.0,0.0,0.0,0.0,0.0,0.0,0.0,0.0,0.0,0.0,0.0,0.0,-,0.0
2025,4,PCP,DST,Ravens,BAL,@KC,4,,,,,,,,,,,,,,,,-3.00,-3.0
2025,4,PP,RB,Josh Jacobs,GB,@DAL,27,0.0,0.0,0.0,0.0,0.0,22.0,86.0,2.0,6.0,4.0,4.0,71.0,0.0,3.0,0.0,36.70,36.7
2025,4,PP,WR,Romeo Doubs,GB,@DAL,32,0.0,0.0,0.0,0.0,0.0,0.0,0.0,0.0,0.0,8.0,6.0,58.0,3.0,5.0,0.0,28.80,28.8
2025,4,PP,RB,Omarion Hampton,LAC,@NYG,28,0.0,0.0,0.0,0.0,0.0,12.0,128.0,1.0,5.0,5.0,5.0,37.0,0.0,1.0,0.0,28.50,28.5
2025,4,PP,QB,Carson Wentz,MIN,@PIT,29,30.0,46.0,350.0,2.0,2.0,2.0,12.0,0.0,1.0,0.0,0.0,0.0,0.0,0.0,0.0,22.20,22.2
2025,4,PP,RB,De'Von Achane,MIA,NYJ,17,0.0,0.0,0.0,0.0,0.0,20.0,99.0,1.0,4.0,2.0,1.0,2.0,0.0,0.0,0.0,20.10,20.1
2025,4,PP,WR,Courtland Sutton,DEN,CIN,25,0.0,0.0,0.0,0.0,0.0,0.0,0.0,0.0,0.0,6.0,5.0,81.0,1.0,4.0,0.0,18.10,18.1
2025,4,PP,QB,Justin Herbert,LAC,@NYG,20,23.0,41.0,203.0,1.0,2.0,1.0,24.0,0.0,1.0,0.0,0.0,0.0,0.0,0.0,0.0,13.52,13.52
2025,4,PP,WR,Jordan Addison,MIN,@PIT,22,0.0,0.0,0.0,0.0,0.0,0.0,0.0,0.0,0.0,8.0,4.0,114.0,0.0,2.0,0.0,13.40,13.4
2025,4,PP,WR,Stefon Diggs,NE,CAR,5,0.0,0.0,0.0,0.0,0.0,0.0,0.0,0.0,0.0,7.0,6.0,101.0,0.0,3.0,0.0,13.10,13.1
2025,4,PP,WR,Tyreek Hill,MIA,NYJ,23,0.0,0.0,0.0,0.0,0.0,0.0,0.0,0.0,0.0,6.0,6.0,67.0,0.0,5.0,0.0,11.70,11.7
2025,4,PP,WR,Jayden Higgins,HOU,TEN,27,0.0,0.0,0.0,0.0,0.0,0.0,0.0,0.0,0.0,1.0,1.0,24.0,1.0,1.0,0.0,9.40,9.4
2025,4,PP,TE,Tucker Kraft,GB,@DAL,13,0.0,0.0,0.0,0.0,0.0,0.0,0.0,0.0,0.0,5.0,5.0,56.0,0.0,3.0,0.0,8.60,8.6
2025,4,PP,TE,Travis Kelce,KC,BAL,21,0.0,0.0,0.0,0.0,0.0,0.0,0.0,0.0,0.0,5.0,5.0,48.0,0.0,2.0,0.0,6.80,6.8
2025,4,PP,WR,Jauan Jennings,SF,JAC,20,0.0,0.0,0.0,0.0,0.0,0.0,0.0,0.0,0.0,4.0,2.0,24.0,0.0,2.0,0.0,6.40,6.4
2025,4,PP,WR,Calvin Ridley,TEN,@HOU,12,0.0,0.0,0.0,0.0,0.0,0.0,0.0,0.0,0.0,3.0,2.0,30.0,0.0,2.0,0.0,5.00,5.0
2025,4,PP,RB,Jaydon Blue,DAL,GB,5,0.0,0.0,0.0,0.0,0.0,0.0,0.0,0.0,0.0,0.0,0.0,0.0,0.0,0.0,0.0,-,0.0
2025,4,PP,RB,MarShawn Lloyd,GB,@DAL,27,0.0,0.0,0.0,0.0,0.0,0.0,0.0,0.0,0.0,0.0,0.0,0.0,0.0,0.0,0.0,-,0.0
2025,4,PP,TE,Isaiah Likely,BAL,@KC,4,0.0,0.0,0.0,0.0,0.0,0.0,0.0,0.0,0.0,0.0,0.0,0.0,0.0,0.0,0.0,0.00,0.0
2025,4,PP,QB,JJ McCarthy,MIN,@PIT,29,0.0,0.0,0.0,0.0,0.0,0.0,0.0,0.0,0.0,0.0,0.0,0.0,0.0,0.0,0.0,-,0.0
2025,4,PP,QB,Jalen Milroe,SEA,@ARI,9,0.0,0.0,0.0,0.0,0.0,0.0,0.0,0.0,0.0,0.0,0.0,0.0,0.0,0.0,0.0,-,0.0
2025,4,PP,DST,Rams,LAR,IND,2,,,,,,,,,,,,,,,,7.00,7.0
2025,4,RR,WR,George Pickens,DAL,GB,18,0.0,0.0,0.0,0.0,0.0,0.0,0.0,0.0,0.0,11.0,8.0,134.0,2.0,7.0,0.0,32.40,32.4
2025,4,RR,RB,Woody Marks,HOU,TEN,29,0.0,0.0,0.0,0.0,0.0,17.0,69.0,1.0,5.0,5.0,4.0,50.0,1.0,2.0,0.0,30.90,30.9
2025,4,RR,RB,Christian McCaffrey,SF,JAC,8,0.0,0.0,0.0,0.0,0.0,17.0,49.0,0.0,1.0,11.0,6.0,92.0,1.0,5.0,0.0,26.10,26.1
2025,4,RR,QB,Baker Mayfield,TB,PHI,18,22.0,40.0,289.0,2.0,1.0,2.0,13.0,0.0,1.0,0.0,0.0,0.0,0.0,0.0,0.0,19.86,19.86
2025,4,RR,QB,Michael Penix,ATL,WAS,26,20.0,26.0,313.0,2.0,1.0,4.0,2.0,0.0,1.0,0.0,0.0,0.0,0.0,0.0,0.0,19.72,19.72
2025,4,RR,WR,Justin Jefferson,MIN,@PIT,22,0.0,0.0,0.0,0.0,0.0,0.0,0.0,0.0,0.0,11.0,10.0,126.0,0.0,5.0,0.0,17.60,17.6
2025,4,RR,TE,Tyler Warren,IND,@LAR,18,0.0,0.0,0.0,0.0,0.0,2.0,3.0,1.0,1.0,6.0,5.0,70.0,0.0,3.0,0.0,17.30,17.3
2025,4,RR,TE,Kyle Pitts,ATL,WAS,29,0.0,0.0,0.0,0.0,0.0,0.0,0.0,0.0,0.0,5.0,5.0,70.0,1.0,4.0,0.0,17.00,17.0
2025,4,RR,RB,Breece Hall,NYJ,@MIA,24,0.0,0.0,0.0,0.0,0.0,14.0,81.0,0.0,3.0,6.0,5.0,30.0,0.0,2.0,0.0,16.10,16.1
2025,4,RR,QB,Tua Tagovailoa,MIA,NYJ,23,17.0,25.0,177.0,2.0,0.0,3.0,6.0,0.0,0.0,0.0,0.0,0.0,0.0,0.0,0.0,15.68,15.68
2025,4,RR,WR,Davante Adams,LAR,IND,29,0.0,0.0,0.0,0.0,0.0,0.0,0.0,0.0,0.0,6.0,4.0,56.0,1.0,3.0,0.0,14.60,14.6
2025,4,RR,RB,Kenneth Walker,SEA,@ARI,22,0.0,0.0,0.0,0.0,0.0,19.0,81.0,0.0,2.0,2.0,1.0,29.0,0.0,1.0,0.0,14.00,14.0
2025,4,RR,WR,Marquise Brown,KC,BAL,30,0.0,0.0,0.0,0.0,0.0,0.0,0.0,0.0,0.0,5.0,3.0,38.0,1.0,2.0,0.0,11.80,11.8
2025,4,RR,RB,Kareem Hunt,KC,BAL,32,0.0,0.0,0.0,0.0,0.0,13.0,34.0,0.0,4.0,1.0,1.0,13.0,0.0,1.0,0.0,9.70,9.7
2025,4,RR,QB,Jake Browning,CIN,@DEN,1,14.0,25.0,125.0,0.0,0.0,3.0,4.0,0.0,1.0,0.0,0.0,0.0,0.0,0.0,0.0,6.40,6.4
2025,4,RR,RB,Kaleb Johnson,PIT,MIN,20,0.0,0.0,0.0,0.0,0.0,6.0,22.0,0.0,1.0,1.0,0.0,0.0,0.0,0.0,0.0,3.20,3.2
2025,4,RR,WR,Cedric Tillman,CLE,@DET,16,0.0,0.0,0.0,0.0,0.0,0.0,0.0,0.0,0.0,2.0,1.0,6.0,0.0,1.0,0.0,1.60,1.6
2025,4,RR,WR,Dont'e Thornton,LV,CHI,24,0.0,0.0,0.0,0.0,0.0,0.0,0.0,0.0,0.0,2.0,0.0,0.0,0.0,0.0,0.0,0.00,0.0
2025,4,RR,QB,Tyler Shough,NO,@BUF,25,0.0,0.0,0.0,0.0,0.0,0.0,0.0,0.0,0.0,0.0,0.0,0.0,0.0,0.0,0.0,-,0.0
2025,4,RR,WR,Jalen McMillan,TB,PHI,13,0.0,0.0,0.0,0.0,0.0,0.0,0.0,0.0,0.0,0.0,0.0,0.0,0.0,0.0,0.0,-,0.0
2025,4,RR,DST,Texans,HOU,TEN,32,,,,,,,,,,,,,,,,15.00,15.0
2025,4,SBS,WR,Deebo Samuel,WAS,@ATL,11,0.0,0.0,0.0,0.0,0.0,3.0,9.0,0.0,1.0,6.0,6.0,72.0,1.0,4.0,0.0,19.10,19.1
2025,4,SBS,QB,Lamar Jackson,BAL,@KC,14,14.0,20.0,147.0,1.0,1.0,6.0,48.0,0.0,3.0,0.0,0.0,0.0,0.0,0.0,1.0,13.68,13.68
2025,4,SBS,RB,Jonathan Taylor,IND,@LAR,1,0.0,0.0,0.0,0.0,0.0,17.0,76.0,0.0,3.0,5.0,5.0,20.0,0.0,1.0,0.0,13.60,13.6
2025,4,SBS,RB,TreVeyon Henderson,NE,CAR,21,0.0,0.0,0.0,0.0,0.0,7.0,32.0,1.0,3.0,2.0,2.0,14.0,0.0,0.0,0.0,13.60,13.6
2025,4,SBS,RB,Chuba Hubbard,CAR,@NE,14,0.0,0.0,0.0,0.0,0.0,10.0,49.0,0.0,3.0,3.0,3.0,20.0,0.0,1.0,0.0,10.90,10.9
2025,4,SBS,TE,Mason Taylor,NYJ,@MIA,32,0.0,0.0,0.0,0.0,0.0,0.0,0.0,0.0,0.0,7.0,5.0,65.0,0.0,4.0,0.0,10.50,10.5
2025,4,SBS,WR,Troy Franklin,DEN,CIN,25,0.0,0.0,0.0,0.0,0.0,0.0,0.0,0.0,0.0,8.0,4.0,55.0,0.0,4.0,0.0,9.50,9.5
2025,4,SBS,TE,Zach Ertz,WAS,@ATL,2,0.0,0.0,0.0,0.0,0.0,0.0,0.0,0.0,0.0,4.0,2.0,21.0,0.0,1.0,0.0,5.10,5.1
2025,4,SBS,WR,Rashod Bateman,BAL,@KC,8,0.0,0.0,0.0,0.0,0.0,0.0,0.0,0.0,0.0,2.0,1.0,24.0,0.0,1.0,0.0,3.40,3.4
2025,4,SBS,WR,Christian Kirk,HOU,TEN,27,0.0,0.0,0.0,0.0,0.0,0.0,0.0,0.0,0.0,4.0,3.0,20.0,0.0,1.0,0.0,3.00,3.0
2025,4,SBS,RB,Kyle Monangai,CHI,@LV,7,0.0,0.0,0.0,0.0,0.0,4.0,18.0,0.0,0.0,0.0,0.0,0.0,0.0,0.0,0.0,1.80,1.8
2025,4,SBS,WR,Wan'Dale Robinson,NYG,LAC,2,0.0,0.0,0.0,0.0,0.0,0.0,0.0,0.0,0.0,5.0,3.0,14.0,0.0,0.0,0.0,1.40,1.4
2025,4,SBS,RB,David Montgomery,DET,CLE,3,0.0,0.0,0.0,0.0,0.0,9.0,12.0,0.0,0.0,1.0,0.0,0.0,0.0,0.0,0.0,1.20,1.2
2025,4,SBS,WR,Jaylin Noel,HOU,TEN,27,0.0,0.0,0.0,0.0,0.0,1.0,2.0,0.0,0.0,1.0,1.0,-2.0,0.0,0.0,0.0,0.20,0.2
2025,4,SBS,QB,Jayden Daniels,WAS,@ATL,8,0.0,0.0,0.0,0.0,0.0,0.0,0.0,0.0,0.0,0.0,0.0,0.0,0.0,0.0,0.0,-,0.0
2025,4,SBS,WR,Christian Watson,GB,@DAL,32,0.0,0.0,0.0,0.0,0.0,0.0,0.0,0.0,0.0,0.0,0.0,0.0,0.0,0.0,0.0,-,0.0
2025,4,SBS,WR,Alec Pierce,IND,@LAR,17,0.0,0.0,0.0,0.0,0.0,0.0,0.0,0.0,0.0,0.0,0.0,0.0,0.0,0.0,0.0,-,0.0
2025,4,SBS,QB,Dillon Gabriel,CLE,@DET,16,0.0,1.0,0.0,0.0,0.0,0.0,0.0,0.0,0.0,0.0,0.0,0.0,0.0,0.0,0.0,0.00,0.0
2025,4,SBS,RB,Dylan Sampson,CLE,@DET,9,0.0,0.0,0.0,0.0,0.0,1.0,-2.0,0.0,0.0,1.0,0.0,0.0,0.0,0.0,0.0,0.00,0.0
2025,4,SBS,DST,Packers,GB,@DAL,9,,,,,,,,,,,,,,,,-3.00,-3.0
2025,5,ABT,QB,Dak Prescott,DAL,@NYJ,26,18.0,29.0,237.0,4.0,0.0,7.0,28.0,0.0,2.0,0.0,0.0,0.0,0.0,0.0,0.0,30.28,30.28
2025,5,ABT,RB,Rachaad White,TB,@SEA,17,0.0,0.0,0.0,0.0,0.0,14.0,41.0,2.0,5.0,4.0,4.0,30.0,0.0,2.0,0.0,26.10,26.1
2025,5,ABT,WR,Puka Nacua,LAR,SF,8,0.0,0.0,0.0,0.0,0.0,0.0,0.0,0.0,0.0,12.0,10.0,85.0,1.0,5.0,0.0,19.50,19.5
2025,5,ABT,RB,Saquon Barkley,PHI,DEN,11,0.0,0.0,0.0,0.0,0.0,6.0,30.0,0.0,1.0,3.0,3.0,58.0,1.0,1.0,0.0,16.80,16.8
2025,5,ABT,QB,Bryce Young,CAR,MIA,30,19.0,30.0,198.0,2.0,1.0,3.0,1.0,0.0,0.0,0.0,0.0,0.0,0.0,0.0,1.0,12.02,12.02
2025,5,ABT,WR,Josh Downs,IND,LV,28,0.0,0.0,0.0,0.0,0.0,0.0,0.0,0.0,0.0,8.0,6.0,54.0,0.0,4.0,0.0,9.40,9.4
2025,5,ABT,WR,Tre Tucker,LV,@IND,27,0.0,0.0,0.0,0.0,0.0,1.0,9.0,0.0,0.0,6.0,4.0,62.0,0.0,2.0,0.0,9.10,9.1
2025,5,ABT,WR,Chris Olave,NO,NYG,30,0.0,0.0,0.0,0.0,0.0,0.0,0.0,0.0,0.0,11.0,7.0,59.0,0.0,3.0,0.0,8.90,8.9
2025,5,ABT,TE,Hunter Henry,NE,@BUF,2,0.0,0.0,0.0,0.0,0.0,0.0,0.0,0.0,0.0,4.0,2.0,46.0,0.0,2.0,0.0,6.60,6.6
2025,5,ABT,RB,Chase Brown,CIN,DET,5,0.0,0.0,0.0,0.0,0.0,8.0,27.0,0.0,0.0,8.0,7.0,21.0,0.0,0.0,0.0,4.80,4.8
2025,5,ABT,TE,Brenton Strange,JAC,KC,3,0.0,0.0,0.0,0.0,0.0,0.0,0.0,0.0,0.0,1.0,1.0,22.0,0.0,1.0,0.0,3.20,3.2
2025,5,ABT,RB,Keaton Mitchell,BAL,HOU,8,0.0,0.0,0.0,0.0,0.0,3.0,8.0,0.0,1.0,1.0,1.0,5.0,0.0,0.0,0.0,2.30,2.3
2025,5,ABT,RB,Miles Sanders,DAL,@NYJ,24,0.0,0.0,0.0,0.0,0.0,0.0,0.0,0.0,0.0,0.0,0.0,0.0,0.0,0.0,0.0,-,0.0
2025,5,ABT,WR,DJ Moore,CHI,BYE,---,0.0,0.0,0.0,0.0,0.0,0.0,0.0,0.0,0.0,0.0,0.0,0.0,0.0,0.0,0.0,-,0.0
2025,5,ABT,RB,Jonathon Brooks,CAR,MIA,27,0.0,0.0,0.0,0.0,0.0,0.0,0.0,0.0,0.0,0.0,0.0,0.0,0.0,0.0,0.0,-,0.0
2025,5,ABT,WR,Calvin Austin,PIT,BYE,---,0.0,0.0,0.0,0.0,0.0,0.0,0.0,0.0,0.0,0.0,0.0,0.0,0.0,0.0,0.0,-,0.0
2025,5,ABT,QB,Caleb Williams,CHI,BYE,---,0.0,0.0,0.0,0.0,0.0,0.0,0.0,0.0,0.0,0.0,0.0,0.0,0.0,0.0,0.0,-,0.0
2025,5,ABT,TE,Colston Loveland,CHI,BYE,---,0.0,0.0,0.0,0.0,0.0,0.0,0.0,0.0,0.0,0.0,0.0,0.0,0.0,0.0,0.0,-,0.0
2025,5,ABT,WR,Roman Wilson,PIT,BYE,---,0.0,0.0,0.0,0.0,0.0,0.0,0.0,0.0,0.0,0.0,0.0,0.0,0.0,0.0,0.0,-,0.0
2025,5,ABT,DST,Eagles,PHI,DEN,9,,,,,,,,,,,,,,,,2.00,2.0
2025,5,CLC,RB,Javonte Williams,DAL,@NYJ,24,0.0,0.0,0.0,0.0,0.0,16.0,135.0,1.0,6.0,2.0,1.0,4.0,1.0,1.0,0.0,32.90,32.9
2025,5,CLC,QB,Justin Fields,NYJ,DAL,32,32.0,46.0,283.0,2.0,0.0,7.0,26.0,0.0,3.0,0.0,0.0,0.0,0.0,0.0,0.0,28.92,28.92
2025,5,CLC,WR,Jaylen Waddle,MIA,@CAR,2,0.0,0.0,0.0,0.0,0.0,0.0,0.0,0.0,0.0,9.0,6.0,110.0,1.0,6.0,0.0,23.00,23.0
2025,5,CLC,TE,Dalton Kincaid,BUF,NE,26,0.0,0.0,0.0,0.0,0.0,0.0,0.0,0.0,0.0,6.0,6.0,108.0,0.0,5.0,0.0,15.80,15.8
2025,5,CLC,WR,DeVonta Smith,PHI,DEN,4,0.0,0.0,0.0,0.0,0.0,0.0,0.0,0.0,0.0,10.0,8.0,114.0,0.0,3.0,0.0,14.40,14.4
2025,5,CLC,WR,Nico Collins,HOU,@BAL,31,0.0,0.0,0.0,0.0,0.0,1.0,8.0,0.0,0.0,5.0,4.0,52.0,1.0,2.0,0.0,14.00,14.0
2025,5,CLC,WR,Tyquan Thornton,KC,@JAC,18,0.0,0.0,0.0,0.0,0.0,0.0,0.0,0.0,0.0,5.0,3.0,90.0,0.0,3.0,0.0,12.00,12.0
2025,5,CLC,QB,Cam Ward,TEN,@ARI,4,21.0,39.0,265.0,0.0,1.0,5.0,-6.0,0.0,0.0,0.0,0.0,0.0,0.0,0.0,0.0,8.60,8.6
2025,5,CLC,RB,Alvin Kamara,NO,NYG,25,0.0,0.0,0.0,0.0,0.0,8.0,27.0,0.0,0.0,6.0,4.0,28.0,0.0,2.0,0.0,7.50,7.5
2025,5,CLC,RB,Emari Demercado,ARI,TEN,29,0.0,0.0,0.0,0.0,0.0,3.0,81.0,0.0,0.0,0.0,0.0,0.0,0.0,0.0,1.0,6.10,6.1
2025,5,CLC,RB,Trevor Etienne,CAR,MIA,27,0.0,0.0,0.0,0.0,0.0,4.0,22.0,0.0,1.0,1.0,1.0,7.0,0.0,1.0,0.0,4.90,4.9
2025,5,CLC,TE,Terrance Ferguson,LAR,SF,19,0.0,0.0,0.0,0.0,0.0,0.0,0.0,0.0,0.0,1.0,1.0,21.0,0.0,1.0,0.0,3.10,3.1
2025,5,CLC,WR,Marvin Mims,DEN,@PHI,13,0.0,0.0,0.0,0.0,0.0,1.0,9.0,0.0,0.0,5.0,2.0,10.0,0.0,0.0,0.0,1.90,1.9
2025,5,CLC,RB,Justice Hill,BAL,HOU,8,0.0,0.0,0.0,0.0,0.0,1.0,3.0,0.0,0.0,2.0,1.0,9.0,0.0,0.0,0.0,1.20,1.2
2025,5,CLC,WR,Ja'Lynn Polk,NO,NYG,30,0.0,0.0,0.0,0.0,0.0,0.0,0.0,0.0,0.0,0.0,0.0,0.0,0.0,0.0,0.0,-,0.0
2025,5,CLC,RB,Ollie Gordon,MIA,@CAR,16,0.0,0.0,0.0,0.0,0.0,3.0,-2.0,0.0,0.0,0.0,0.0,0.0,0.0,0.0,0.0,0.00,0.0
2025,5,CLC,WR,Rome Odunze,CHI,BYE,---,0.0,0.0,0.0,0.0,0.0,0.0,0.0,0.0,0.0,0.0,0.0,0.0,0.0,0.0,0.0,-,0.0
2025,5,CLC,QB,Jordan Love,GB,BYE,---,0.0,0.0,0.0,0.0,0.0,0.0,0.0,0.0,0.0,0.0,0.0,0.0,0.0,0.0,0.0,-,0.0
2025,5,CLC,WR,Ricky Pearsall,SF,@LAR,16,0.0,0.0,0.0,0.0,0.0,0.0,0.0,0.0,0.0,0.0,0.0,0.0,0.0,0.0,0.0,-,0.0
2025,5,CLC,RB,Zack Moss Dead Cap,CIN,0,0,0.0,0.0,0.0,0.0,0.0,0.0,0.0,0.0,0.0,0.0,0.0,0.0,0.0,0.0,0.0,-,0.0
2025,5,CLC,DST,Bills,BUF,NE,23,,,,,,,,,,,,,,,,6.00,6.0
2025,5,CPC,QB,Sam Darnold,SEA,TB,28,28.0,34.0,341.0,4.0,1.0,0.0,0.0,0.0,0.0,0.0,0.0,0.0,0.0,0.0,0.0,27.64,27.64
2025,5,CPC,WR,Ja'Marr Chase,CIN,DET,29,0.0,0.0,0.0,0.0,0.0,0.0,0.0,0.0,0.0,10.0,6.0,110.0,2.0,4.0,0.0,27.00,27.0
2025,5,CPC,RB,JK Dobbins,DEN,@PHI,26,0.0,0.0,0.0,0.0,0.0,20.0,79.0,1.0,5.0,1.0,1.0,5.0,0.0,0.0,0.0,19.40,19.4
2025,5,CPC,RB,Quinshon Judkins,CLE,MIN,22,0.0,0.0,0.0,0.0,0.0,23.0,110.0,0.0,5.0,2.0,1.0,18.0,0.0,1.0,0.0,18.80,18.8
2025,5,CPC,TE,Darren Waller,MIA,@CAR,32,0.0,0.0,0.0,0.0,0.0,0.0,0.0,0.0,0.0,5.0,5.0,78.0,1.0,5.0,0.0,18.80,18.8
2025,5,CPC,RB,Tony Pollard,TEN,@ARI,20,0.0,0.0,0.0,0.0,0.0,14.0,67.0,1.0,4.0,3.0,3.0,11.0,0.0,0.0,1.0,15.80,15.8
2025,5,CPC,QB,Drake Maye,NE,@BUF,20,22.0,30.0,273.0,0.0,0.0,3.0,12.0,0.0,1.0,0.0,0.0,0.0,0.0,0.0,0.0,13.12,13.12
2025,5,CPC,WR,Ladd McConkey,LAC,WAS,25,0.0,0.0,0.0,0.0,0.0,0.0,0.0,0.0,0.0,7.0,5.0,39.0,1.0,3.0,0.0,12.90,12.9
2025,5,CPC,RB,Jordan Mason,MIN,@CLE,2,0.0,0.0,0.0,0.0,0.0,13.0,52.0,1.0,3.0,4.0,3.0,4.0,0.0,0.0,1.0,12.60,12.6
2025,5,CPC,RB,Derrick Henry,BAL,HOU,8,0.0,0.0,0.0,0.0,0.0,15.0,33.0,1.0,3.0,1.0,0.0,0.0,0.0,0.0,0.0,12.30,12.3
2025,5,CPC,WR,Tee Higgins,CIN,DET,29,0.0,0.0,0.0,0.0,0.0,0.0,0.0,0.0,0.0,7.0,3.0,22.0,1.0,3.0,0.0,11.20,11.2
2025,5,CPC,QB,Geno Smith,LV,@IND,7,25.0,36.0,228.0,0.0,2.0,3.0,8.0,0.0,2.0,0.0,0.0,0.0,0.0,0.0,0.0,7.92,7.92
2025,5,CPC,RB,James Cook,BUF,NE,6,0.0,0.0,0.0,0.0,0.0,15.0,49.0,0.0,2.0,1.0,0.0,0.0,0.0,0.0,0.0,6.90,6.9
2025,5,CPC,WR,Jakobi Meyers,LV,@IND,27,0.0,0.0,0.0,0.0,0.0,0.0,0.0,0.0,0.0,6.0,4.0,32.0,0.0,2.0,0.0,5.20,5.2
2025,5,CPC,RB,Brian Robinson,SF,@LAR,3,0.0,0.0,0.0,0.0,0.0,5.0,12.0,0.0,2.0,0.0,0.0,0.0,0.0,0.0,0.0,3.20,3.2
2025,5,CPC,WR,Dontayvion Wicks Dead Cap,GB,0,0,0.0,0.0,0.0,0.0,0.0,0.0,0.0,0.0,0.0,0.0,0.0,0.0,0.0,0.0,0.0,-,0.0
2025,5,CPC,WR,Jalen Royals,KC,@JAC,18,0.0,0.0,0.0,0.0,0.0,0.0,0.0,0.0,0.0,0.0,0.0,0.0,0.0,0.0,0.0,0.00,0.0
2025,5,CPC,RB,Tyler Allgeier,ATL,BYE,---,0.0,0.0,0.0,0.0,0.0,0.0,0.0,0.0,0.0,0.0,0.0,0.0,0.0,0.0,0.0,-,0.0
2025,5,CPC,WR,Matthew Golden,GB,BYE,---,0.0,0.0,0.0,0.0,0.0,0.0,0.0,0.0,0.0,0.0,0.0,0.0,0.0,0.0,0.0,-,0.0
2025,5,CPC,TE,George Kittle,SF,@LAR,18,0.0,0.0,0.0,0.0,0.0,0.0,0.0,0.0,0.0,0.0,0.0,0.0,0.0,0.0,0.0,-,0.0
2025,5,CPC,TE,Ja'Tavion Sanders,CAR,MIA,27,0.0,0.0,0.0,0.0,0.0,0.0,0.0,0.0,0.0,0.0,0.0,0.0,0.0,0.0,0.0,-,0.0
2025,5,CPC,DST,Vikings,MIN,@CLE,28,,,,,,,,,,,,,,,,3.00,3.0
2025,5,DDD,WR,Emeka Egbuka,TB,@SEA,11,0.0,0.0,0.0,0.0,0.0,0.0,0.0,0.0,0.0,7.0,7.0,163.0,1.0,6.0,0.0,30.30,30.3
2025,5,DDD,QB,Mac Jones,SF,@LAR,18,33.0,49.0,342.0,2.0,0.0,4.0,5.0,0.0,2.0,0.0,0.0,0.0,0.0,0.0,0.0,24.18,24.18
2025,5,DDD,QB,Jared Goff,DET,@CIN,21,19.0,23.0,258.0,3.0,0.0,2.0,-2.0,0.0,0.0,0.0,0.0,0.0,0.0,0.0,1.0,20.32,20.32
2025,5,DDD,RB,Jahmyr Gibbs,DET,@CIN,32,0.0,0.0,0.0,0.0,0.0,12.0,54.0,0.0,3.0,2.0,2.0,33.0,1.0,2.0,0.0,19.70,19.7
2025,5,DDD,TE,Sam LaPorta,DET,@CIN,31,0.0,0.0,0.0,0.0,0.0,0.0,0.0,0.0,0.0,6.0,5.0,92.0,1.0,4.0,0.0,19.20,19.2
2025,5,DDD,QB,Spencer Rattler,NO,NYG,17,21.0,31.0,225.0,1.0,0.0,6.0,21.0,0.0,3.0,1.0,1.0,0.0,0.0,0.0,0.0,18.10,18.1
2025,5,DDD,RB,Cam Skattebo,NYG,@NO,23,0.0,0.0,0.0,0.0,0.0,15.0,59.0,0.0,4.0,7.0,6.0,45.0,0.0,3.0,1.0,15.40,15.4
2025,5,DDD,RB,Michael Carter,ARI,TEN,29,0.0,0.0,0.0,0.0,0.0,18.0,51.0,1.0,2.0,5.0,5.0,22.0,0.0,0.0,0.0,15.30,15.3
2025,5,DDD,WR,Keenan Allen,LAC,WAS,25,0.0,0.0,0.0,0.0,0.0,0.0,0.0,0.0,0.0,9.0,5.0,58.0,0.0,3.0,0.0,8.80,8.8
2025,5,DDD,WR,Zay Flowers,BAL,HOU,5,0.0,0.0,0.0,0.0,0.0,0.0,0.0,0.0,0.0,5.0,5.0,72.0,0.0,1.0,0.0,8.20,8.2
2025,5,DDD,RB,Kendre Miller,NO,NYG,25,0.0,0.0,0.0,0.0,0.0,10.0,41.0,0.0,1.0,1.0,1.0,8.0,0.0,0.0,0.0,5.90,5.9
2025,5,DDD,WR,Quentin Johnston,LAC,WAS,25,0.0,0.0,0.0,0.0,0.0,1.0,9.0,0.0,0.0,4.0,4.0,40.0,0.0,2.0,1.0,4.90,4.9
2025,5,DDD,WR,Elic Ayomanor,TEN,@ARI,15,0.0,0.0,0.0,0.0,0.0,0.0,0.0,0.0,0.0,4.0,2.0,18.0,0.0,2.0,0.0,3.80,3.8
2025,5,DDD,WR,Hunter Renfrow,CAR,MIA,9,0.0,0.0,0.0,0.0,0.0,0.0,0.0,0.0,0.0,3.0,1.0,7.0,0.0,0.0,0.0,0.70,0.7
2025,5,DDD,QB,Deshaun Watson Dead Cap,CLE,0,0,0.0,0.0,0.0,0.0,0.0,0.0,0.0,0.0,0.0,0.0,0.0,0.0,0.0,0.0,0.0,-,0.0
2025,5,DDD,RB,Tank Bigsby,PHI,DEN,11,0.0,0.0,0.0,0.0,0.0,0.0,0.0,0.0,0.0,0.0,0.0,0.0,0.0,0.0,0.0,0.00,0.0
2025,5,DDD,QB,Brock Purdy,SF,@LAR,18,0.0,0.0,0.0,0.0,0.0,0.0,0.0,0.0,0.0,0.0,0.0,0.0,0.0,0.0,0.0,-,0.0
2025,5,DDD,WR,Adam Thielen,MIN,@CLE,19,0.0,0.0,0.0,0.0,0.0,0.0,0.0,0.0,0.0,0.0,0.0,0.0,0.0,0.0,0.0,0.00,0.0
2025,5,DDD,RB,Bucky Irving,TB,@SEA,17,0.0,0.0,0.0,0.0,0.0,0.0,0.0,0.0,0.0,0.0,0.0,0.0,0.0,0.0,0.0,-,0.0
2025,5,DDD,WR,Malik Nabers,NYG,@NO,6,0.0,0.0,0.0,0.0,0.0,0.0,0.0,0.0,0.0,0.0,0.0,0.0,0.0,0.0,0.0,-,0.0
2025,5,DDD,WR,Tank Dell,HOU,@BAL,31,0.0,0.0,0.0,0.0,0.0,0.0,0.0,0.0,0.0,0.0,0.0,0.0,0.0,0.0,0.0,-,0.0
2025,5,DDD,WR,Adonai Mitchell,IND,LV,28,0.0,0.0,0.0,0.0,0.0,0.0,0.0,0.0,0.0,1.0,0.0,0.0,0.0,0.0,0.0,0.00,0.0
2025,5,DDD,DST,Cardinals,ARI,TEN,28,,,,,,,,,,,,,,,,7.00,7.0
2025,5,LBC,RB,Kyren Williams,LAR,SF,12,0.0,0.0,0.0,0.0,0.0,14.0,65.0,0.0,4.0,10.0,8.0,66.0,2.0,3.0,1.0,30.10,30.1
2025,5,LBC,QB,CJ Stroud,HOU,@BAL,31,23.0,27.0,244.0,4.0,0.0,1.0,30.0,0.0,1.0,0.0,0.0,0.0,0.0,0.0,0.0,29.76,29.76
2025,5,LBC,WR,Jaxon Smith-Njigba,SEA,TB,14,0.0,0.0,0.0,0.0,0.0,0.0,0.0,0.0,0.0,9.0,8.0,132.0,1.0,6.0,0.0,25.20,25.2
2025,5,LBC,QB,Bo Nix,DEN,@PHI,13,24.0,39.0,242.0,1.0,0.0,3.0,22.0,0.0,1.0,0.0,0.0,0.0,0.0,0.0,0.0,18.88,18.88
2025,5,LBC,RB,Rhamondre Stevenson,NE,@BUF,18,0.0,0.0,0.0,0.0,0.0,7.0,14.0,2.0,2.0,2.0,2.0,13.0,0.0,0.0,1.0,14.70,14.7
2025,5,LBC,WR,Michael Pittman,IND,LV,28,0.0,0.0,0.0,0.0,0.0,0.0,0.0,0.0,0.0,6.0,5.0,39.0,1.0,3.0,0.0,12.90,12.9
2025,5,LBC,RB,Isiah Pacheco,KC,@JAC,14,0.0,0.0,0.0,0.0,0.0,7.0,36.0,0.0,4.0,3.0,3.0,20.0,0.0,2.0,0.0,11.60,11.6
2025,5,LBC,TE,Evan Engram,DEN,@PHI,4,0.0,0.0,0.0,0.0,0.0,0.0,0.0,0.0,0.0,6.0,4.0,33.0,1.0,2.0,0.0,11.30,11.3
2025,5,LBC,WR,Isaac TeSlaa,DET,@CIN,23,0.0,0.0,0.0,0.0,0.0,0.0,0.0,0.0,0.0,1.0,1.0,12.0,1.0,1.0,0.0,8.20,8.2
2025,5,LBC,RB,Travis Etienne,JAC,KC,15,0.0,0.0,0.0,0.0,0.0,12.0,49.0,0.0,2.0,4.0,3.0,9.0,0.0,0.0,0.0,7.80,7.8
2025,5,LBC,TE,Trey McBride,ARI,TEN,7,0.0,0.0,0.0,0.0,0.0,0.0,0.0,0.0,0.0,7.0,5.0,41.0,0.0,2.0,0.0,6.10,6.1
2025,5,LBC,WR,Jack Bech,LV,@IND,27,0.0,0.0,0.0,0.0,0.0,0.0,0.0,0.0,0.0,5.0,3.0,27.0,0.0,3.0,0.0,5.70,5.7
2025,5,LBC,RB,RJ Harvey,DEN,@PHI,26,0.0,0.0,0.0,0.0,0.0,4.0,12.0,0.0,1.0,3.0,3.0,18.0,0.0,0.0,0.0,4.00,4.0
2025,5,LBC,WR,Jerry Jeudy,CLE,MIN,1,0.0,0.0,0.0,0.0,0.0,0.0,0.0,0.0,0.0,5.0,2.0,15.0,0.0,1.0,0.0,2.50,2.5
2025,5,LBC,WR,Jalen Coker,CAR,MIA,9,0.0,0.0,0.0,0.0,0.0,0.0,0.0,0.0,0.0,0.0,0.0,0.0,0.0,0.0,0.0,-,0.0
2025,5,LBC,WR,Michael Wilson Dead Cap,ARI,0,0,0.0,0.0,0.0,0.0,0.0,0.0,0.0,0.0,0.0,0.0,0.0,0.0,0.0,0.0,0.0,-,0.0
2025,5,LBC,WR,Drake London,ATL,BYE,---,0.0,0.0,0.0,0.0,0.0,0.0,0.0,0.0,0.0,0.0,0.0,0.0,0.0,0.0,0.0,-,0.0
2025,5,LBC,QB,Aaron Rodgers,PIT,BYE,---,0.0,0.0,0.0,0.0,0.0,0.0,0.0,0.0,0.0,0.0,0.0,0.0,0.0,0.0,0.0,-,0.0
2025,5,LBC,WR,Kyle Williams,NE,@BUF,12,0.0,0.0,0.0,0.0,0.0,0.0,0.0,0.0,0.0,0.0,0.0,0.0,0.0,0.0,0.0,0.00,0.0
2025,5,LBC,WR,Brandon Aiyuk,SF,@LAR,16,0.0,0.0,0.0,0.0,0.0,0.0,0.0,0.0,0.0,0.0,0.0,0.0,0.0,0.0,0.0,-,0.0
2025,5,LBC,TE,Brock Bowers,LV,@IND,12,0.0,0.0,0.0,0.0,0.0,0.0,0.0,0.0,0.0,0.0,0.0,0.0,0.0,0.0,0.0,-,0.0
2025,5,LBC,DST,Broncos,DEN,@PHI,10,,,,,,,,,,,,,,,,7.00,7.0
2025,5,LC,QB,Patrick Mahomes,KC,@JAC,22,29.0,41.0,318.0,1.0,1.0,6.0,60.0,1.0,4.0,0.0,0.0,0.0,0.0,0.0,0.0,30.72,30.72
2025,5,LC,WR,Rashid Shaheed,NO,NYG,30,0.0,0.0,0.0,0.0,0.0,0.0,0.0,0.0,0.0,5.0,4.0,114.0,1.0,3.0,0.0,20.40,20.4
2025,5,LC,TE,Jake Ferguson,DAL,@NYJ,25,0.0,0.0,0.0,0.0,0.0,0.0,0.0,0.0,0.0,9.0,7.0,49.0,2.0,3.0,0.0,19.90,19.9
2025,5,LC,QB,Jalen Hurts,PHI,DEN,2,23.0,38.0,280.0,2.0,0.0,2.0,3.0,0.0,0.0,0.0,0.0,0.0,0.0,0.0,0.0,19.50,19.5
2025,5,LC,RB,Zach Charbonnet,SEA,TB,13,0.0,0.0,0.0,0.0,0.0,9.0,36.0,1.0,3.0,2.0,1.0,12.0,0.0,0.0,0.0,13.80,13.8
2025,5,LC,WR,Tory Horton,SEA,TB,14,0.0,0.0,0.0,0.0,0.0,0.0,0.0,0.0,0.0,4.0,3.0,39.0,1.0,2.0,0.0,11.90,11.9
2025,5,LC,WR,Xavier Legette,CAR,MIA,9,0.0,0.0,0.0,0.0,0.0,0.0,0.0,0.0,0.0,3.0,2.0,31.0,1.0,2.0,0.0,11.10,11.1
2025,5,LC,TE,Dalton Schultz,HOU,@BAL,22,0.0,0.0,0.0,0.0,0.0,0.0,0.0,0.0,0.0,6.0,5.0,60.0,0.0,4.0,0.0,10.00,10.0
2025,5,LC,WR,Travis Hunter,JAC,KC,7,0.0,0.0,0.0,0.0,0.0,0.0,0.0,0.0,0.0,3.0,3.0,64.0,0.0,2.0,0.0,8.40,8.4
2025,5,LC,WR,Kayshon Boutte,NE,@BUF,12,0.0,0.0,0.0,0.0,0.0,0.0,0.0,0.0,0.0,3.0,3.0,43.0,0.0,3.0,0.0,7.30,7.3
2025,5,LC,RB,Jerome Ford,CLE,MIN,22,0.0,0.0,0.0,0.0,0.0,5.0,18.0,0.0,2.0,2.0,2.0,20.0,0.0,1.0,0.0,6.80,6.8
2025,5,LC,WR,DeAndre Hopkins,BAL,HOU,5,0.0,0.0,0.0,0.0,0.0,0.0,0.0,0.0,0.0,2.0,2.0,46.0,0.0,2.0,0.0,6.60,6.6
2025,5,LC,WR,Xavier Worthy,KC,@JAC,18,0.0,0.0,0.0,0.0,0.0,1.0,9.0,0.0,0.0,9.0,6.0,42.0,0.0,1.0,0.0,6.10,6.1
2025,5,LC,WR,DK Metcalf,PIT,BYE,---,0.0,0.0,0.0,0.0,0.0,0.0,0.0,0.0,0.0,0.0,0.0,0.0,0.0,0.0,0.0,-,0.0
2025,5,LC,RB,James Conner,ARI,TEN,29,0.0,0.0,0.0,0.0,0.0,0.0,0.0,0.0,0.0,0.0,0.0,0.0,0.0,0.0,0.0,-,0.0
2025,5,LC,WR,Luther Burden,CHI,BYE,---,0.0,0.0,0.0,0.0,0.0,0.0,0.0,0.0,0.0,0.0,0.0,0.0,0.0,0.0,0.0,-,0.0
2025,5,LC,RB,Joe Mixon,HOU,@BAL,30,0.0,0.0,0.0,0.0,0.0,0.0,0.0,0.0,0.0,0.0,0.0,0.0,0.0,0.0,0.0,-,0.0
2025,5,LC,RB,Jaylen Warren,PIT,BYE,---,0.0,0.0,0.0,0.0,0.0,0.0,0.0,0.0,0.0,0.0,0.0,0.0,0.0,0.0,0.0,-,0.0
2025,5,LC,DST,49ers,SF,@LAR,17,,,,,,,,,,,,,,,,6.00,6.0
2025,5,MB,RB,Jacory Croskey-Merritt,WAS,@LAC,7,0.0,0.0,0.0,0.0,0.0,14.0,111.0,2.0,6.0,2.0,2.0,39.0,0.0,2.0,1.0,33.00,33.0
2025,5,MB,QB,Matthew Stafford,LAR,SF,12,30.0,47.0,389.0,3.0,0.0,1.0,0.0,0.0,0.0,0.0,0.0,0.0,0.0,0.0,1.0,25.56,25.56
2025,5,MB,QB,Jaxson Dart,NYG,@NO,27,26.0,40.0,202.0,2.0,2.0,7.0,55.0,0.0,4.0,0.0,0.0,0.0,0.0,0.0,1.0,19.58,19.58
2025,5,MB,QB,Kyler Murray,ARI,TEN,10,23.0,31.0,220.0,0.0,0.0,4.0,25.0,1.0,3.0,0.0,0.0,0.0,0.0,0.0,1.0,18.30,18.3
2025,5,MB,WR,Amon-Ra St Brown,DET,@CIN,23,0.0,0.0,0.0,0.0,0.0,0.0,0.0,0.0,0.0,9.0,8.0,100.0,0.0,5.0,0.0,15.00,15.0
2025,5,MB,WR,Marvin Harrison,ARI,TEN,22,0.0,0.0,0.0,0.0,0.0,0.0,0.0,0.0,0.0,5.0,4.0,98.0,0.0,4.0,0.0,13.80,13.8
2025,5,MB,WR,Cooper Kupp,SEA,TB,14,0.0,0.0,0.0,0.0,0.0,0.0,0.0,0.0,0.0,9.0,6.0,59.0,0.0,4.0,0.0,9.90,9.9
2025,5,MB,WR,Josh Palmer,BUF,NE,21,0.0,0.0,0.0,0.0,0.0,0.0,0.0,0.0,0.0,2.0,2.0,36.0,0.0,2.0,0.0,5.60,5.6
2025,5,MB,TE,Mark Andrews,BAL,HOU,5,0.0,0.0,0.0,0.0,0.0,0.0,0.0,0.0,0.0,3.0,2.0,22.0,0.0,2.0,0.0,4.20,4.2
2025,5,MB,TE,Juwan Johnson,NO,NYG,9,0.0,0.0,0.0,0.0,0.0,0.0,0.0,0.0,0.0,4.0,2.0,17.0,0.0,1.0,0.0,2.70,2.7
2025,5,MB,RB,Ray Davis,BUF,NE,6,0.0,0.0,0.0,0.0,0.0,2.0,1.0,0.0,0.0,0.0,0.0,0.0,0.0,0.0,0.0,0.10,0.1
2025,5,MB,RB,Isaac Guerendo,SF,@LAR,3,0.0,0.0,0.0,0.0,0.0,0.0,0.0,0.0,0.0,0.0,0.0,0.0,0.0,0.0,0.0,0.00,0.0
2025,5,MB,QB,Joe Flacco,CLE,MIN,3,0.0,0.0,0.0,0.0,0.0,0.0,0.0,0.0,0.0,0.0,0.0,0.0,0.0,0.0,0.0,-,0.0
2025,5,MB,RB,Aaron Jones,MIN,@CLE,2,0.0,0.0,0.0,0.0,0.0,0.0,0.0,0.0,0.0,0.0,0.0,0.0,0.0,0.0,0.0,-,0.0
2025,5,MB,RB,Bijan Robinson,ATL,BYE,---,0.0,0.0,0.0,0.0,0.0,0.0,0.0,0.0,0.0,0.0,0.0,0.0,0.0,0.0,0.0,-,0.0
2025,5,MB,WR,Tre Harris,LAC,WAS,25,0.0,0.0,0.0,0.0,0.0,0.0,0.0,0.0,0.0,0.0,0.0,0.0,0.0,0.0,0.0,0.00,0.0
2025,5,MB,TE,Tyler Higbee,LAR,SF,19,0.0,0.0,0.0,0.0,0.0,0.0,0.0,0.0,0.0,0.0,0.0,0.0,0.0,0.0,0.0,-,0.0
2025,5,MB,RB,Jarquez Hunter,LAR,SF,12,0.0,0.0,0.0,0.0,0.0,0.0,0.0,0.0,0.0,0.0,0.0,0.0,0.0,0.0,0.0,0.00,0.0
2025,5,MB,RB,Tyrone Tracy,NYG,@NO,23,0.0,0.0,0.0,0.0,0.0,0.0,0.0,0.0,0.0,0.0,0.0,0.0,0.0,0.0,0.0,-,0.0
2025,5,MB,DST,Chiefs,KC,@JAC,11,,,,,,,,,,,,,,,,8.00,8.0
2025,5,NBB,QB,Trevor Lawrence,JAC,KC,23,18.0,25.0,221.0,1.0,1.0,10.0,54.0,2.0,6.0,0.0,0.0,0.0,0.0,0.0,1.0,32.24,32.24
2025,5,NBB,QB,Josh Allen,BUF,NE,14,22.0,31.0,253.0,2.0,1.0,9.0,53.0,0.0,3.0,0.0,0.0,0.0,0.0,0.0,1.0,22.42,22.42
2025,5,NBB,TE,David Njoku,CLE,MIN,17,0.0,0.0,0.0,0.0,0.0,0.0,0.0,0.0,0.0,9.0,6.0,67.0,1.0,2.0,0.0,14.70,14.7
2025,5,NBB,WR,Tetairoa McMillan,CAR,MIA,9,0.0,0.0,0.0,0.0,0.0,0.0,0.0,0.0,0.0,8.0,6.0,73.0,0.0,4.0,0.0,11.30,11.3
2025,5,NBB,WR,Brian Thomas,JAC,KC,7,0.0,0.0,0.0,0.0,0.0,0.0,0.0,0.0,0.0,6.0,4.0,80.0,0.0,3.0,0.0,11.00,11.0
2025,5,NBB,TE,Dallas Goedert,PHI,DEN,10,0.0,0.0,0.0,0.0,0.0,0.0,0.0,0.0,0.0,9.0,3.0,19.0,1.0,2.0,0.0,9.90,9.9
2025,5,NBB,TE,Harold Fannin,CLE,MIN,17,0.0,0.0,0.0,0.0,0.0,0.0,0.0,0.0,0.0,4.0,4.0,13.0,1.0,2.0,0.0,9.30,9.3
2025,5,NBB,WR,Khalil Shakir,BUF,NE,21,0.0,0.0,0.0,0.0,0.0,1.0,5.0,0.0,0.0,9.0,6.0,45.0,0.0,3.0,0.0,8.00,8.0
2025,5,NBB,WR,Chris Godwin,TB,@SEA,11,0.0,0.0,0.0,0.0,0.0,0.0,0.0,0.0,0.0,4.0,3.0,26.0,0.0,2.0,0.0,4.60,4.6
2025,5,NBB,RB,Blake Corum,LAR,SF,12,0.0,0.0,0.0,0.0,0.0,1.0,13.0,0.0,1.0,2.0,0.0,0.0,0.0,0.0,0.0,2.30,2.3
2025,5,NBB,RB,Bhayshul Tuten,JAC,KC,15,0.0,0.0,0.0,0.0,0.0,4.0,6.0,0.0,1.0,1.0,1.0,5.0,0.0,0.0,0.0,2.10,2.1
2025,5,NBB,WR,Jameson Williams,DET,@CIN,23,0.0,0.0,0.0,0.0,0.0,1.0,1.0,0.0,0.0,1.0,1.0,9.0,0.0,1.0,0.0,2.00,2.0
2025,5,NBB,RB,Will Shipley,PHI,DEN,11,0.0,0.0,0.0,0.0,0.0,1.0,0.0,0.0,0.0,2.0,1.0,4.0,0.0,0.0,0.0,0.40,0.4
2025,5,NBB,RB,Najee Harris,LAC,WAS,9,0.0,0.0,0.0,0.0,0.0,0.0,0.0,0.0,0.0,0.0,0.0,0.0,0.0,0.0,0.0,-,0.0
2025,5,NBB,WR,Terry McLaurin,WAS,@LAC,3,0.0,0.0,0.0,0.0,0.0,0.0,0.0,0.0,0.0,0.0,0.0,0.0,0.0,0.0,0.0,-,0.0
2025,5,NBB,WR,Mike Evans,TB,@SEA,11,0.0,0.0,0.0,0.0,0.0,0.0,0.0,0.0,0.0,0.0,0.0,0.0,0.0,0.0,0.0,-,0.0
2025,5,NBB,WR,Jayden Reed,GB,BYE,---,0.0,0.0,0.0,0.0,0.0,0.0,0.0,0.0,0.0,0.0,0.0,0.0,0.0,0.0,0.0,-,0.0
2025,5,NBB,RB,D'Andre Swift,CHI,BYE,---,0.0,0.0,0.0,0.0,0.0,0.0,0.0,0.0,0.0,0.0,0.0,0.0,0.0,0.0,0.0,-,0.0
2025,5,NBB,DST,Giants,NYG,@NO,19,,,,,,,,,,,,,,,,1.00,1.0
2025,5,PCP,RB,Rico Dowdle,CAR,MIA,27,0.0,0.0,0.0,0.0,0.0,23.0,206.0,1.0,7.0,4.0,3.0,28.0,0.0,1.0,0.0,37.40,37.4
2025,5,PCP,QB,Daniel Jones,IND,LV,16,20.0,29.0,212.0,2.0,0.0,1.0,2.0,0.0,1.0,0.0,0.0,0.0,0.0,0.0,0.0,17.68,17.68
2025,5,PCP,WR,Garrett Wilson,NYJ,DAL,32,0.0,0.0,0.0,0.0,0.0,0.0,0.0,0.0,0.0,10.0,6.0,71.0,1.0,4.0,0.0,17.10,17.1
2025,5,PCP,RB,Nick Chubb,HOU,@BAL,30,0.0,0.0,0.0,0.0,0.0,11.0,61.0,1.0,3.0,1.0,0.0,0.0,0.0,0.0,0.0,15.10,15.1
2025,5,PCP,RB,Ashton Jeanty,LV,@IND,9,0.0,0.0,0.0,0.0,0.0,14.0,67.0,0.0,3.0,7.0,5.0,42.0,0.0,1.0,0.0,14.90,14.9
2025,5,PCP,WR,Keon Coleman,BUF,NE,21,0.0,0.0,0.0,0.0,0.0,0.0,0.0,0.0,0.0,7.0,4.0,23.0,1.0,3.0,1.0,9.30,9.3
2025,5,PCP,WR,AJ Brown,PHI,DEN,4,0.0,0.0,0.0,0.0,0.0,0.0,0.0,0.0,0.0,8.0,5.0,43.0,0.0,3.0,0.0,7.30,7.3
2025,5,PCP,TE,TJ Hockenson,MIN,@CLE,13,0.0,0.0,0.0,0.0,0.0,0.0,0.0,0.0,0.0,6.0,6.0,38.0,0.0,2.0,0.0,5.80,5.8
2025,5,PCP,RB,DJ Giddens,IND,LV,19,0.0,0.0,0.0,0.0,0.0,5.0,22.0,0.0,1.0,1.0,0.0,0.0,0.0,0.0,0.0,3.20,3.2
2025,5,PCP,RB,Tyjae Spears,TEN,@ARI,20,0.0,0.0,0.0,0.0,0.0,4.0,14.0,0.0,1.0,0.0,0.0,0.0,0.0,0.0,0.0,2.40,2.4
2025,5,PCP,RB,Braelon Allen,NYJ,DAL,28,0.0,0.0,0.0,0.0,0.0,0.0,0.0,0.0,0.0,0.0,0.0,0.0,0.0,0.0,0.0,-,0.0
2025,5,PCP,RB,Trey Benson,ARI,TEN,29,0.0,0.0,0.0,0.0,0.0,0.0,0.0,0.0,0.0,0.0,0.0,0.0,0.0,0.0,0.0,-,0.0
2025,5,PCP,WR,CeeDee Lamb,DAL,@NYJ,24,0.0,0.0,0.0,0.0,0.0,0.0,0.0,0.0,0.0,0.0,0.0,0.0,0.0,0.0,0.0,-,0.0
2025,5,PCP,TE,Luke Musgrave,GB,BYE,---,0.0,0.0,0.0,0.0,0.0,0.0,0.0,0.0,0.0,0.0,0.0,0.0,0.0,0.0,0.0,-,0.0
2025,5,PCP,QB,Joe Burrow,CIN,DET,15,0.0,0.0,0.0,0.0,0.0,0.0,0.0,0.0,0.0,0.0,0.0,0.0,0.0,0.0,0.0,-,0.0
2025,5,PCP,QB,Shedeur Sanders,CLE,MIN,3,0.0,0.0,0.0,0.0,0.0,0.0,0.0,0.0,0.0,0.0,0.0,0.0,0.0,0.0,0.0,-,0.0
2025,5,PCP,WR,Rashee Rice,KC,@JAC,18,0.0,0.0,0.0,0.0,0.0,0.0,0.0,0.0,0.0,0.0,0.0,0.0,0.0,0.0,0.0,-,0.0
2025,5,PCP,TE,Pat Freiermuth,PIT,BYE,---,0.0,0.0,0.0,0.0,0.0,0.0,0.0,0.0,0.0,0.0,0.0,0.0,0.0,0.0,0.0,-,0.0
2025,5,PCP,RB,Devin Neal,NO,NYG,25,0.0,0.0,0.0,0.0,0.0,0.0,0.0,0.0,0.0,0.0,0.0,0.0,0.0,0.0,0.0,-,0.0
2025,5,PCP,DST,Ravens,BAL,HOU,13,,,,,,,,,,,,,,,,-2.00,-2.0
2025,5,PP,WR,Stefon Diggs,NE,@BUF,12,0.0,0.0,0.0,0.0,0.0,0.0,0.0,0.0,0.0,12.0,10.0,146.0,0.0,8.0,0.0,22.60,22.6
2025,5,PP,QB,Justin Herbert,LAC,WAS,25,22.0,29.0,166.0,1.0,1.0,4.0,60.0,0.0,3.0,0.0,0.0,0.0,0.0,0.0,0.0,17.64,17.64
2025,5,PP,WR,Calvin Ridley,TEN,@ARI,15,0.0,0.0,0.0,0.0,0.0,0.0,0.0,0.0,0.0,10.0,5.0,131.0,0.0,4.0,0.0,17.10,17.1
2025,5,PP,TE,Travis Kelce,KC,@JAC,15,0.0,0.0,0.0,0.0,0.0,0.0,0.0,0.0,0.0,8.0,7.0,61.0,1.0,4.0,0.0,16.10,16.1
2025,5,PP,WR,Courtland Sutton,DEN,@PHI,13,0.0,0.0,0.0,0.0,0.0,0.0,0.0,0.0,0.0,10.0,8.0,99.0,0.0,5.0,0.0,14.90,14.9
2025,5,PP,QB,Carson Wentz,MIN,@CLE,5,25.0,34.0,236.0,1.0,0.0,3.0,13.0,0.0,0.0,0.0,0.0,0.0,0.0,0.0,0.0,14.74,14.74
2025,5,PP,RB,De'Von Achane,MIA,@CAR,16,0.0,0.0,0.0,0.0,0.0,10.0,16.0,0.0,2.0,7.0,6.0,30.0,1.0,2.0,0.0,14.60,14.6
2025,5,PP,WR,Jordan Addison,MIN,@CLE,19,0.0,0.0,0.0,0.0,0.0,0.0,0.0,0.0,0.0,6.0,5.0,41.0,1.0,3.0,0.0,13.10,13.1
2025,5,PP,RB,Omarion Hampton,LAC,WAS,9,0.0,0.0,0.0,0.0,0.0,12.0,44.0,0.0,2.0,6.0,6.0,26.0,0.0,1.0,0.0,10.00,10.0
2025,5,PP,WR,Jayden Higgins,HOU,@BAL,31,0.0,0.0,0.0,0.0,0.0,0.0,0.0,0.0,0.0,4.0,4.0,32.0,0.0,1.0,0.0,4.20,4.2
2025,5,PP,TE,Isaiah Likely,BAL,HOU,5,0.0,0.0,0.0,0.0,0.0,0.0,0.0,0.0,0.0,1.0,1.0,12.0,0.0,1.0,0.0,2.20,2.2
2025,5,PP,QB,Cooper Rush,BAL,HOU,1,14.0,20.0,179.0,0.0,3.0,0.0,0.0,0.0,0.0,0.0,0.0,0.0,0.0,0.0,0.0,1.16,1.16
2025,5,PP,RB,Jaydon Blue,DAL,@NYJ,24,0.0,0.0,0.0,0.0,0.0,4.0,7.0,0.0,0.0,0.0,0.0,0.0,0.0,0.0,0.0,0.70,0.7
2025,5,PP,WR,Jauan Jennings,SF,@LAR,16,0.0,0.0,0.0,0.0,0.0,0.0,0.0,0.0,0.0,0.0,0.0,0.0,0.0,0.0,0.0,-,0.0
2025,5,PP,TE,Tucker Kraft,GB,BYE,---,0.0,0.0,0.0,0.0,0.0,0.0,0.0,0.0,0.0,0.0,0.0,0.0,0.0,0.0,0.0,-,0.0
2025,5,PP,QB,JJ McCarthy,MIN,@CLE,5,0.0,0.0,0.0,0.0,0.0,0.0,0.0,0.0,0.0,0.0,0.0,0.0,0.0,0.0,0.0,-,0.0
2025,5,PP,RB,MarShawn Lloyd,GB,BYE,---,0.0,0.0,0.0,0.0,0.0,0.0,0.0,0.0,0.0,0.0,0.0,0.0,0.0,0.0,0.0,-,0.0
2025,5,PP,RB,Josh Jacobs,GB,BYE,---,0.0,0.0,0.0,0.0,0.0,0.0,0.0,0.0,0.0,0.0,0.0,0.0,0.0,0.0,0.0,-,0.0
2025,5,PP,WR,Romeo Doubs,GB,BYE,---,0.0,0.0,0.0,0.0,0.0,0.0,0.0,0.0,0.0,0.0,0.0,0.0,0.0,0.0,0.0,-,0.0
2025,5,PP,QB,Jalen Milroe,SEA,TB,28,0.0,0.0,0.0,0.0,0.0,1.0,0.0,0.0,0.0,0.0,0.0,0.0,0.0,0.0,1.0,-2.00,-2.0
2025,5,PP,DST,Rams,LAR,SF,20,,,,,,,,,,,,,,,,1.00,1.0
2025,5,RR,QB,Baker Mayfield,TB,@SEA,11,29.0,33.0,379.0,2.0,0.0,5.0,15.0,0.0,1.0,0.0,0.0,0.0,0.0,0.0,0.0,27.66,27.66
2025,5,RR,RB,Christian McCaffrey,SF,@LAR,3,0.0,0.0,0.0,0.0,0.0,22.0,57.0,0.0,2.0,9.0,8.0,82.0,1.0,5.0,0.0,26.90,26.9
2025,5,RR,QB,Tua Tagovailoa,MIA,@CAR,8,27.0,36.0,256.0,3.0,0.0,1.0,5.0,0.0,0.0,0.0,0.0,0.0,0.0,0.0,0.0,22.74,22.74
2025,5,RR,QB,Jake Browning,CIN,DET,15,26.0,40.0,251.0,3.0,3.0,4.0,31.0,0.0,2.0,0.0,0.0,0.0,0.0,0.0,0.0,21.14,21.14
2025,5,RR,RB,Kareem Hunt,KC,@JAC,14,0.0,0.0,0.0,0.0,0.0,7.0,49.0,2.0,3.0,1.0,1.0,8.0,0.0,0.0,0.0,20.70,20.7
2025,5,RR,RB,Breece Hall,NYJ,DAL,28,0.0,0.0,0.0,0.0,0.0,14.0,113.0,0.0,6.0,5.0,4.0,42.0,0.0,1.0,1.0,20.50,20.5
2025,5,RR,WR,Justin Jefferson,MIN,@CLE,19,0.0,0.0,0.0,0.0,0.0,0.0,0.0,0.0,0.0,11.0,7.0,123.0,0.0,6.0,0.0,18.30,18.3
2025,5,RR,WR,George Pickens,DAL,@NYJ,24,0.0,0.0,0.0,0.0,0.0,0.0,0.0,0.0,0.0,4.0,2.0,57.0,1.0,2.0,0.0,13.70,13.7
2025,5,RR,TE,Tyler Warren,IND,LV,8,0.0,1.0,0.0,0.0,0.0,0.0,0.0,0.0,0.0,4.0,4.0,44.0,1.0,2.0,0.0,12.40,12.4
2025,5,RR,WR,Davante Adams,LAR,SF,8,0.0,0.0,0.0,0.0,0.0,0.0,0.0,0.0,0.0,11.0,5.0,88.0,0.0,3.0,0.0,11.80,11.8
2025,5,RR,RB,Kenneth Walker,SEA,TB,13,0.0,0.0,0.0,0.0,0.0,10.0,86.0,0.0,3.0,1.0,1.0,0.0,0.0,0.0,0.0,11.60,11.6
2025,5,RR,WR,Marquise Brown,KC,@JAC,18,0.0,0.0,0.0,0.0,0.0,0.0,0.0,0.0,0.0,8.0,4.0,48.0,0.0,3.0,0.0,7.80,7.8
2025,5,RR,RB,Woody Marks,HOU,@BAL,30,0.0,0.0,0.0,0.0,0.0,7.0,24.0,0.0,1.0,1.0,0.0,0.0,0.0,0.0,0.0,3.40,3.4
2025,5,RR,WR,Dont'e Thornton,LV,@IND,27,0.0,0.0,0.0,0.0,0.0,0.0,0.0,0.0,0.0,2.0,0.0,0.0,0.0,0.0,0.0,0.00,0.0
2025,5,RR,RB,Kaleb Johnson,PIT,BYE,---,0.0,0.0,0.0,0.0,0.0,0.0,0.0,0.0,0.0,0.0,0.0,0.0,0.0,0.0,0.0,-,0.0
2025,5,RR,TE,Kyle Pitts,ATL,BYE,---,0.0,0.0,0.0,0.0,0.0,0.0,0.0,0.0,0.0,0.0,0.0,0.0,0.0,0.0,0.0,-,0.0
2025,5,RR,QB,Michael Penix,ATL,BYE,---,0.0,0.0,0.0,0.0,0.0,0.0,0.0,0.0,0.0,0.0,0.0,0.0,0.0,0.0,0.0,-,0.0
2025,5,RR,WR,Cedric Tillman,CLE,MIN,1,0.0,0.0,0.0,0.0,0.0,0.0,0.0,0.0,0.0,0.0,0.0,0.0,0.0,0.0,0.0,-,0.0
2025,5,RR,WR,Jalen McMillan,TB,@SEA,11,0.0,0.0,0.0,0.0,0.0,0.0,0.0,0.0,0.0,0.0,0.0,0.0,0.0,0.0,0.0,-,0.0
2025,5,RR,QB,Tyler Shough,NO,NYG,17,0.0,0.0,0.0,0.0,0.0,0.0,0.0,0.0,0.0,0.0,0.0,0.0,0.0,0.0,0.0,-,0.0
2025,5,RR,DST,Browns,CLE,MIN,27,,,,,,,,,,,,,,,,7.00,7.0
2025,5,SBS,RB,Jonathan Taylor,IND,LV,19,0.0,0.0,0.0,0.0,0.0,17.0,66.0,3.0,6.0,4.0,3.0,20.0,0.0,0.0,0.0,34.60,34.6
2025,5,SBS,RB,David Montgomery,DET,@CIN,32,1.0,1.0,3.0,1.0,0.0,18.0,65.0,1.0,4.0,1.0,1.0,6.0,0.0,1.0,0.0,22.22,22.22
2025,5,SBS,WR,Deebo Samuel,WAS,@LAC,3,0.0,0.0,0.0,0.0,0.0,0.0,0.0,0.0,0.0,11.0,8.0,96.0,1.0,4.0,0.0,19.60,19.6
2025,5,SBS,QB,Jayden Daniels,WAS,@LAC,19,15.0,26.0,231.0,1.0,0.0,8.0,39.0,0.0,2.0,0.0,0.0,0.0,0.0,0.0,0.0,19.14,19.14
2025,5,SBS,QB,Dillon Gabriel,CLE,MIN,3,19.0,33.0,190.0,2.0,0.0,2.0,5.0,0.0,0.0,0.0,0.0,0.0,0.0,0.0,0.0,16.10,16.1
2025,5,SBS,TE,Mason Taylor,NYJ,DAL,16,0.0,0.0,0.0,0.0,0.0,0.0,0.0,0.0,0.0,12.0,9.0,67.0,0.0,5.0,0.0,13.70,13.7
2025,5,SBS,WR,Jaylin Noel,HOU,@BAL,31,0.0,0.0,0.0,0.0,0.0,1.0,5.0,0.0,0.0,3.0,2.0,13.0,1.0,1.0,0.0,8.80,8.8
2025,5,SBS,WR,Christian Kirk,HOU,@BAL,31,0.0,0.0,0.0,0.0,0.0,0.0,0.0,0.0,0.0,4.0,4.0,64.0,0.0,2.0,0.0,8.40,8.4
2025,5,SBS,WR,Troy Franklin,DEN,@PHI,13,0.0,0.0,0.0,0.0,0.0,0.0,0.0,0.0,0.0,5.0,3.0,35.0,0.0,2.0,0.0,7.50,7.5
2025,5,SBS,WR,Wan'Dale Robinson,NYG,@NO,6,0.0,0.0,0.0,0.0,0.0,1.0,2.0,0.0,1.0,7.0,5.0,30.0,0.0,0.0,0.0,4.20,4.2
2025,5,SBS,RB,TreVeyon Henderson,NE,@BUF,18,0.0,0.0,0.0,0.0,0.0,6.0,24.0,0.0,1.0,3.0,2.0,3.0,0.0,0.0,0.0,3.70,3.7
2025,5,SBS,RB,Dylan Sampson,CLE,MIN,22,0.0,0.0,0.0,0.0,0.0,1.0,-4.0,0.0,0.0,2.0,1.0,6.0,0.0,0.0,0.0,0.60,0.6
2025,5,SBS,WR,Alec Pierce,IND,LV,28,0.0,0.0,0.0,0.0,0.0,0.0,0.0,0.0,0.0,0.0,0.0,0.0,0.0,0.0,0.0,-,0.0
2025,5,SBS,WR,Rashod Bateman,BAL,HOU,5,0.0,0.0,0.0,0.0,0.0,0.0,0.0,0.0,0.0,3.0,0.0,0.0,0.0,0.0,0.0,0.00,0.0
2025,5,SBS,RB,Kyle Monangai,CHI,BYE,---,0.0,0.0,0.0,0.0,0.0,0.0,0.0,0.0,0.0,0.0,0.0,0.0,0.0,0.0,0.0,-,0.0
2025,5,SBS,WR,Christian Watson,GB,BYE,---,0.0,0.0,0.0,0.0,0.0,0.0,0.0,0.0,0.0,0.0,0.0,0.0,0.0,0.0,0.0,-,0.0
2025,5,SBS,TE,Zach Ertz,WAS,@LAC,7,0.0,0.0,0.0,0.0,0.0,0.0,0.0,0.0,0.0,1.0,0.0,0.0,0.0,0.0,0.0,0.00,0.0
2025,5,SBS,QB,Lamar Jackson,BAL,HOU,1,0.0,0.0,0.0,0.0,0.0,0.0,0.0,0.0,0.0,0.0,0.0,0.0,0.0,0.0,0.0,-,0.0
2025,5,SBS,RB,Chuba Hubbard,CAR,MIA,27,0.0,0.0,0.0,0.0,0.0,0.0,0.0,0.0,0.0,0.0,0.0,0.0,0.0,0.0,0.0,-,0.0
2025,5,SBS,DST,Lions,DET,@CIN,32,,,,,,,,,,,,,,,,10.00,10.0
2025,6,ABT,QB,Dak Prescott,DAL,@CAR,13,25.0,34.0,261.0,3.0,0.0,2.0,-1.0,0.0,0.0,0.0,0.0,0.0,0.0,0.0,0.0,22.44,22.44
2025,6,ABT,QB,Caleb Williams,CHI,@WAS,27,17.0,29.0,252.0,1.0,0.0,4.0,-2.0,1.0,2.0,0.0,0.0,0.0,0.0,0.0,0.0,22.08,22.08
2025,6,ABT,RB,Rachaad White,TB,SF,20,0.0,0.0,0.0,0.0,0.0,17.0,65.0,1.0,6.0,3.0,3.0,21.0,0.0,1.0,0.0,21.60,21.6
2025,6,ABT,QB,Bryce Young,CAR,DAL,32,17.0,25.0,199.0,3.0,1.0,3.0,5.0,0.0,0.0,0.0,0.0,0.0,0.0,0.0,0.0,18.46,18.46
2025,6,ABT,WR,Josh Downs,IND,ARI,14,0.0,0.0,0.0,0.0,0.0,0.0,0.0,0.0,0.0,7.0,6.0,42.0,1.0,3.0,0.0,13.20,13.2
2025,6,ABT,WR,Chris Olave,NO,NE,19,0.0,0.0,0.0,0.0,0.0,0.0,0.0,0.0,0.0,10.0,6.0,98.0,0.0,3.0,0.0,12.80,12.8
2025,6,ABT,WR,Tre Tucker,LV,TEN,17,0.0,0.0,0.0,0.0,0.0,0.0,0.0,0.0,0.0,5.0,5.0,70.0,0.0,4.0,0.0,11.00,11.0
2025,6,ABT,RB,Saquon Barkley,PHI,@NYG,22,0.0,0.0,0.0,0.0,0.0,12.0,58.0,0.0,3.0,3.0,2.0,9.0,0.0,0.0,0.0,9.70,9.7
2025,6,ABT,RB,Chase Brown,CIN,@GB,2,0.0,0.0,0.0,0.0,0.0,9.0,42.0,0.0,1.0,2.0,2.0,7.0,0.0,0.0,0.0,7.90,7.9
2025,6,ABT,WR,DJ Moore,CHI,@WAS,23,0.0,0.0,0.0,0.0,0.0,2.0,10.0,0.0,0.0,5.0,3.0,42.0,0.0,2.0,0.0,7.20,7.2
2025,6,ABT,WR,Puka Nacua,LAR,@BAL,31,0.0,0.0,0.0,0.0,0.0,0.0,0.0,0.0,0.0,3.0,2.0,28.0,0.0,2.0,0.0,4.80,4.8
2025,6,ABT,TE,Hunter Henry,NE,@NO,23,0.0,0.0,0.0,0.0,0.0,0.0,0.0,0.0,0.0,3.0,3.0,27.0,0.0,1.0,0.0,3.70,3.7
2025,6,ABT,WR,Roman Wilson,PIT,CLE,20,0.0,0.0,0.0,0.0,0.0,0.0,0.0,0.0,0.0,1.0,1.0,12.0,0.0,1.0,0.0,2.20,2.2
2025,6,ABT,TE,Colston Loveland,CHI,@WAS,17,0.0,0.0,0.0,0.0,0.0,0.0,0.0,0.0,0.0,3.0,2.0,11.0,0.0,1.0,0.0,2.10,2.1
2025,6,ABT,RB,Keaton Mitchell,BAL,LAR,5,0.0,0.0,0.0,0.0,0.0,0.0,0.0,0.0,0.0,0.0,0.0,0.0,0.0,0.0,0.0,0.00,0.0
2025,6,ABT,TE,Brenton Strange,JAC,SEA,25,0.0,0.0,0.0,0.0,0.0,0.0,0.0,0.0,0.0,0.0,0.0,0.0,0.0,0.0,0.0,-,0.0
2025,6,ABT,RB,Miles Sanders,DAL,@CAR,10,0.0,0.0,0.0,0.0,0.0,0.0,0.0,0.0,0.0,0.0,0.0,0.0,0.0,0.0,0.0,-,0.0
2025,6,ABT,WR,Calvin Austin,PIT,CLE,20,0.0,0.0,0.0,0.0,0.0,0.0,0.0,0.0,0.0,0.0,0.0,0.0,0.0,0.0,0.0,-,0.0
2025,6,ABT,RB,Jonathon Brooks,CAR,DAL,31,0.0,0.0,0.0,0.0,0.0,0.0,0.0,0.0,0.0,0.0,0.0,0.0,0.0,0.0,0.0,-,0.0
2025,6,ABT,DST,Eagles,PHI,@NYG,26,,,,,,,,,,,,,,,,1.00,1.0
2025,6,CLC,QB,Jordan Love,GB,CIN,19,19.0,26.0,259.0,1.0,1.0,7.0,26.0,0.0,3.0,0.0,0.0,0.0,0.0,0.0,0.0,17.96,17.96
2025,6,CLC,WR,Jaylen Waddle,MIA,LAC,3,1.0,1.0,8.0,0.0,0.0,0.0,0.0,0.0,0.0,8.0,6.0,95.0,0.0,4.0,0.0,13.82,13.82
2025,6,CLC,RB,Alvin Kamara,NO,NE,6,0.0,0.0,0.0,0.0,0.0,10.0,31.0,0.0,1.0,5.0,5.0,45.0,0.0,1.0,0.0,9.60,9.6
2025,6,CLC,WR,DeVonta Smith,PHI,@NYG,29,0.0,0.0,0.0,0.0,0.0,0.0,0.0,0.0,0.0,5.0,4.0,49.0,0.0,4.0,0.0,8.90,8.9
2025,6,CLC,QB,Cam Ward,TEN,@LV,7,26.0,38.0,222.0,1.0,1.0,0.0,0.0,0.0,0.0,0.0,0.0,0.0,0.0,0.0,2.0,6.88,6.88
2025,6,CLC,QB,Justin Fields,NYJ,DEN,2,9.0,17.0,45.0,0.0,0.0,7.0,31.0,0.0,1.0,0.0,0.0,0.0,0.0,0.0,0.0,5.90,5.9
2025,6,CLC,RB,Justice Hill,BAL,LAR,5,0.0,0.0,0.0,0.0,0.0,6.0,16.0,0.0,1.0,6.0,5.0,28.0,0.0,0.0,0.0,5.40,5.4
2025,6,CLC,WR,Rome Odunze,CHI,@WAS,23,0.0,0.0,0.0,0.0,0.0,0.0,0.0,0.0,0.0,5.0,2.0,32.0,0.0,2.0,0.0,5.20,5.2
2025,6,CLC,RB,Trevor Etienne,CAR,DAL,31,0.0,0.0,0.0,0.0,0.0,3.0,17.0,0.0,3.0,0.0,0.0,0.0,0.0,0.0,0.0,4.70,4.7
2025,6,CLC,RB,Javonte Williams,DAL,@CAR,10,0.0,0.0,0.0,0.0,0.0,13.0,29.0,0.0,1.0,8.0,5.0,5.0,0.0,0.0,0.0,4.40,4.4
2025,6,CLC,WR,Marvin Mims,DEN,@NYJ,15,0.0,0.0,0.0,0.0,0.0,1.0,-2.0,0.0,0.0,3.0,2.0,30.0,0.0,1.0,0.0,4.00,4.0
2025,6,CLC,RB,Ollie Gordon,MIA,LAC,18,0.0,0.0,0.0,0.0,0.0,2.0,1.0,0.0,1.0,1.0,1.0,1.0,0.0,0.0,0.0,1.20,1.2
2025,6,CLC,RB,Emari Demercado,ARI,@IND,11,0.0,0.0,0.0,0.0,0.0,1.0,1.0,0.0,0.0,1.0,0.0,0.0,0.0,0.0,0.0,0.10,0.1
2025,6,CLC,WR,Ja'Lynn Polk,NO,NE,19,0.0,0.0,0.0,0.0,0.0,0.0,0.0,0.0,0.0,0.0,0.0,0.0,0.0,0.0,0.0,-,0.0
2025,6,CLC,RB,Zack Moss Dead Cap,CIN,0,0,0.0,0.0,0.0,0.0,0.0,0.0,0.0,0.0,0.0,0.0,0.0,0.0,0.0,0.0,0.0,-,0.0
2025,6,CLC,WR,Ricky Pearsall,SF,@TB,16,0.0,0.0,0.0,0.0,0.0,0.0,0.0,0.0,0.0,0.0,0.0,0.0,0.0,0.0,0.0,-,0.0
2025,6,CLC,WR,Tyquan Thornton,KC,DET,30,0.0,0.0,0.0,0.0,0.0,0.0,0.0,0.0,0.0,0.0,0.0,0.0,0.0,0.0,0.0,0.00,0.0
2025,6,CLC,TE,Dalton Kincaid,BUF,@ATL,1,0.0,0.0,0.0,0.0,0.0,0.0,0.0,0.0,0.0,0.0,0.0,0.0,0.0,0.0,0.0,-,0.0
2025,6,CLC,TE,Terrance Ferguson,LAR,@BAL,23,0.0,0.0,0.0,0.0,0.0,1.0,0.0,0.0,0.0,0.0,0.0,0.0,0.0,0.0,0.0,0.00,0.0
2025,6,CLC,WR,Nico Collins,HOU,BYE,---,0.0,0.0,0.0,0.0,0.0,0.0,0.0,0.0,0.0,0.0,0.0,0.0,0.0,0.0,0.0,-,0.0
2025,6,CLC,DST,Bills,BUF,@ATL,21,,,,,,,,,,,,,,,,3.00,3.0
2025,6,CPC,QB,Drake Maye,NE,@NO,30,18.0,26.0,261.0,3.0,0.0,9.0,28.0,0.0,3.0,0.0,0.0,0.0,0.0,0.0,0.0,30.24,30.24
2025,6,CPC,QB,Sam Darnold,SEA,@JAC,22,16.0,27.0,295.0,2.0,0.0,4.0,2.0,0.0,1.0,0.0,0.0,0.0,0.0,0.0,0.0,21.00,21.0
2025,6,CPC,WR,Ja'Marr Chase,CIN,@GB,22,0.0,0.0,0.0,0.0,0.0,1.0,-3.0,0.0,0.0,12.0,10.0,94.0,1.0,5.0,0.0,20.40,20.4
2025,6,CPC,RB,Derrick Henry,BAL,LAR,5,0.0,0.0,0.0,0.0,0.0,24.0,122.0,0.0,7.0,2.0,1.0,8.0,0.0,0.0,0.0,20.00,20.0
2025,6,CPC,WR,Ladd McConkey,LAC,@MIA,9,0.0,0.0,0.0,0.0,0.0,0.0,0.0,0.0,0.0,9.0,7.0,100.0,1.0,4.0,0.0,20.00,20.0
2025,6,CPC,WR,Matthew Golden,GB,CIN,24,0.0,0.0,0.0,0.0,0.0,2.0,16.0,0.0,2.0,5.0,3.0,86.0,0.0,3.0,0.0,15.20,15.2
2025,6,CPC,RB,James Cook,BUF,@ATL,3,0.0,0.0,0.0,0.0,0.0,17.0,87.0,0.0,5.0,0.0,0.0,0.0,0.0,0.0,0.0,13.70,13.7
2025,6,CPC,RB,Tyler Allgeier,ATL,BUF,25,0.0,0.0,0.0,0.0,0.0,10.0,32.0,1.0,3.0,1.0,1.0,6.0,0.0,0.0,0.0,12.80,12.8
2025,6,CPC,WR,Tee Higgins,CIN,@GB,22,0.0,0.0,0.0,0.0,0.0,0.0,0.0,0.0,0.0,8.0,5.0,62.0,0.0,5.0,0.0,11.20,11.2
2025,6,CPC,QB,Geno Smith,LV,TEN,5,17.0,23.0,174.0,1.0,1.0,4.0,-3.0,0.0,0.0,0.0,0.0,0.0,0.0,0.0,0.0,8.96,8.96
2025,6,CPC,TE,Darren Waller,MIA,LAC,7,0.0,0.0,0.0,0.0,0.0,0.0,0.0,0.0,0.0,3.0,2.0,12.0,1.0,1.0,0.0,8.20,8.2
2025,6,CPC,RB,Quinshon Judkins,CLE,@PIT,19,0.0,0.0,0.0,0.0,0.0,12.0,36.0,0.0,4.0,1.0,0.0,0.0,0.0,0.0,0.0,7.60,7.6
2025,6,CPC,RB,Tony Pollard,TEN,@LV,16,0.0,0.0,0.0,0.0,0.0,10.0,34.0,0.0,1.0,2.0,2.0,13.0,0.0,1.0,0.0,6.70,6.7
2025,6,CPC,RB,JK Dobbins,DEN,@NYJ,17,0.0,0.0,0.0,0.0,0.0,14.0,40.0,0.0,2.0,1.0,0.0,0.0,0.0,0.0,0.0,6.00,6.0
2025,6,CPC,WR,Jakobi Meyers,LV,TEN,17,0.0,0.0,0.0,0.0,0.0,0.0,0.0,0.0,0.0,4.0,4.0,39.0,0.0,2.0,0.0,5.90,5.9
2025,6,CPC,RB,Brian Robinson,SF,@TB,14,0.0,0.0,0.0,0.0,0.0,0.0,0.0,0.0,0.0,3.0,3.0,8.0,0.0,0.0,0.0,0.80,0.8
2025,6,CPC,WR,Dontayvion Wicks Dead Cap,GB,0,0,0.0,0.0,0.0,0.0,0.0,0.0,0.0,0.0,0.0,0.0,0.0,0.0,0.0,0.0,0.0,-,0.0
2025,6,CPC,WR,Jalen Royals,KC,DET,30,0.0,0.0,0.0,0.0,0.0,0.0,0.0,0.0,0.0,0.0,0.0,0.0,0.0,0.0,0.0,0.00,0.0
2025,6,CPC,TE,Ja'Tavion Sanders,CAR,DAL,11,0.0,0.0,0.0,0.0,0.0,0.0,0.0,0.0,0.0,0.0,0.0,0.0,0.0,0.0,0.0,-,0.0
2025,6,CPC,RB,Jordan Mason,MIN,BYE,---,0.0,0.0,0.0,0.0,0.0,0.0,0.0,0.0,0.0,0.0,0.0,0.0,0.0,0.0,0.0,-,0.0
2025,6,CPC,TE,George Kittle,SF,@TB,20,0.0,0.0,0.0,0.0,0.0,0.0,0.0,0.0,0.0,0.0,0.0,0.0,0.0,0.0,0.0,-,0.0
2025,6,CPC,DST,Raiders,LV,TEN,32,,,,,,,,,,,,,,,,16.00,16.0
2025,6,DDD,RB,Cam Skattebo,NYG,PHI,27,0.0,0.0,0.0,0.0,0.0,19.0,98.0,3.0,9.0,2.0,2.0,12.0,0.0,1.0,0.0,39.00,39.0
2025,6,DDD,RB,Kimani Vidal,LAC,@MIA,26,0.0,0.0,0.0,0.0,0.0,18.0,124.0,0.0,4.0,4.0,3.0,14.0,1.0,1.0,0.0,24.80,24.8
2025,6,DDD,QB,Jared Goff,DET,@KC,21,23.0,29.0,203.0,2.0,0.0,1.0,7.0,0.0,1.0,0.0,0.0,0.0,0.0,0.0,0.0,17.82,17.82
2025,6,DDD,TE,Sam LaPorta,DET,@KC,6,0.0,0.0,0.0,0.0,0.0,0.0,0.0,0.0,0.0,6.0,5.0,55.0,1.0,3.0,0.0,14.50,14.5
2025,6,DDD,QB,Spencer Rattler,NO,NE,14,20.0,26.0,227.0,0.0,0.0,4.0,20.0,0.0,3.0,0.0,0.0,0.0,0.0,0.0,0.0,14.08,14.08
2025,6,DDD,QB,Mac Jones,SF,@TB,25,27.0,39.0,347.0,0.0,2.0,5.0,13.0,0.0,2.0,0.0,0.0,0.0,0.0,0.0,0.0,13.18,13.18
2025,6,DDD,RB,Jahmyr Gibbs,DET,@KC,13,0.0,0.0,0.0,0.0,0.0,17.0,65.0,0.0,3.0,2.0,1.0,0.0,0.0,0.0,0.0,9.50,9.5
2025,6,DDD,RB,Michael Carter,ARI,@IND,12,0.0,0.0,0.0,0.0,0.0,9.0,34.0,0.0,1.0,5.0,2.0,30.0,0.0,2.0,0.0,9.40,9.4
2025,6,DDD,RB,Kendre Miller,NO,NE,6,0.0,0.0,0.0,0.0,0.0,8.0,21.0,0.0,2.0,1.0,1.0,11.0,0.0,1.0,0.0,6.20,6.2
2025,6,DDD,WR,Elic Ayomanor,TEN,@LV,25,0.0,0.0,0.0,0.0,0.0,0.0,0.0,0.0,0.0,5.0,3.0,27.0,0.0,2.0,0.0,4.70,4.7
2025,6,DDD,WR,Keenan Allen,LAC,@MIA,9,0.0,0.0,0.0,0.0,0.0,0.0,0.0,0.0,0.0,7.0,4.0,27.0,0.0,2.0,0.0,4.70,4.7
2025,6,DDD,WR,Zay Flowers,BAL,LAR,8,0.0,0.0,0.0,0.0,0.0,0.0,0.0,0.0,0.0,10.0,6.0,46.0,0.0,2.0,1.0,4.60,4.6
2025,6,DDD,RB,Hassan Haskins,LAC,@MIA,26,0.0,0.0,0.0,0.0,0.0,6.0,14.0,0.0,2.0,1.0,1.0,9.0,0.0,0.0,0.0,4.30,4.3
2025,6,DDD,WR,Emeka Egbuka,TB,SF,12,0.0,0.0,0.0,0.0,0.0,0.0,0.0,0.0,0.0,4.0,2.0,24.0,0.0,1.0,0.0,3.40,3.4
2025,6,DDD,WR,Quentin Johnston,LAC,@MIA,9,0.0,0.0,0.0,0.0,0.0,0.0,0.0,0.0,0.0,0.0,0.0,0.0,0.0,0.0,0.0,-,0.0
2025,6,DDD,WR,Adonai Mitchell,IND,ARI,14,0.0,0.0,0.0,0.0,0.0,0.0,0.0,0.0,0.0,0.0,0.0,0.0,0.0,0.0,0.0,-,0.0
2025,6,DDD,WR,Tank Dell,HOU,BYE,---,0.0,0.0,0.0,0.0,0.0,0.0,0.0,0.0,0.0,0.0,0.0,0.0,0.0,0.0,0.0,-,0.0
2025,6,DDD,QB,Brock Purdy,SF,@TB,25,0.0,0.0,0.0,0.0,0.0,0.0,0.0,0.0,0.0,0.0,0.0,0.0,0.0,0.0,0.0,-,0.0
2025,6,DDD,WR,Malik Nabers,NYG,PHI,13,0.0,0.0,0.0,0.0,0.0,0.0,0.0,0.0,0.0,0.0,0.0,0.0,0.0,0.0,0.0,-,0.0
2025,6,DDD,QB,Deshaun Watson Dead Cap,CLE,0,0,0.0,0.0,0.0,0.0,0.0,0.0,0.0,0.0,0.0,0.0,0.0,0.0,0.0,0.0,0.0,-,0.0
2025,6,DDD,RB,Bucky Irving,TB,SF,20,0.0,0.0,0.0,0.0,0.0,0.0,0.0,0.0,0.0,0.0,0.0,0.0,0.0,0.0,0.0,-,0.0
2025,6,DDD,DST,Cardinals,ARI,@IND,1,,,,,,,,,,,,,,,,2.00,2.0
2025,6,LBC,WR,Drake London,ATL,BUF,11,0.0,0.0,0.0,0.0,0.0,0.0,0.0,0.0,0.0,16.0,10.0,158.0,1.0,7.0,0.0,28.80,28.8
2025,6,LBC,WR,Jaxon Smith-Njigba,SEA,@JAC,26,0.0,0.0,0.0,0.0,0.0,0.0,0.0,0.0,0.0,13.0,8.0,162.0,1.0,6.0,0.0,28.20,28.2
2025,6,LBC,RB,Kyren Williams,LAR,@BAL,30,0.0,0.0,0.0,0.0,0.0,13.0,50.0,1.0,3.0,2.0,2.0,37.0,0.0,1.0,0.0,18.70,18.7
2025,6,LBC,QB,Aaron Rodgers,PIT,CLE,4,21.0,30.0,235.0,2.0,0.0,1.0,1.0,0.0,0.0,0.0,0.0,0.0,0.0,0.0,0.0,17.50,17.5
2025,6,LBC,TE,Trey McBride,ARI,@IND,19,0.0,0.0,0.0,0.0,0.0,0.0,0.0,0.0,0.0,11.0,8.0,72.0,1.0,4.0,0.0,17.20,17.2
2025,6,LBC,QB,Bo Nix,DEN,@NYJ,23,19.0,30.0,174.0,1.0,0.0,5.0,24.0,0.0,1.0,0.0,0.0,0.0,0.0,0.0,0.0,14.36,14.36
2025,6,LBC,TE,Evan Engram,DEN,@NYJ,29,0.0,0.0,0.0,0.0,0.0,1.0,7.0,0.0,0.0,6.0,5.0,42.0,0.0,4.0,0.0,8.90,8.9
2025,6,LBC,WR,Jerry Jeudy,CLE,@PIT,10,0.0,0.0,0.0,0.0,0.0,0.0,0.0,0.0,0.0,13.0,5.0,43.0,0.0,4.0,0.0,8.30,8.3
2025,6,LBC,RB,Isiah Pacheco,KC,DET,4,0.0,0.0,0.0,0.0,0.0,12.0,51.0,0.0,3.0,3.0,1.0,0.0,0.0,0.0,0.0,8.10,8.1
2025,6,LBC,RB,Travis Etienne,JAC,SEA,12,0.0,0.0,0.0,0.0,0.0,12.0,27.0,0.0,1.0,5.0,4.0,28.0,0.0,1.0,0.0,7.50,7.5
2025,6,LBC,WR,Michael Pittman,IND,ARI,14,0.0,0.0,0.0,0.0,0.0,0.0,0.0,0.0,0.0,3.0,2.0,20.0,0.0,2.0,0.0,4.00,4.0
2025,6,LBC,RB,Rhamondre Stevenson,NE,@NO,15,0.0,0.0,0.0,0.0,0.0,13.0,18.0,0.0,1.0,1.0,0.0,0.0,0.0,0.0,0.0,2.80,2.8
2025,6,LBC,RB,RJ Harvey,DEN,@NYJ,17,0.0,0.0,0.0,0.0,0.0,2.0,4.0,0.0,0.0,4.0,4.0,21.0,0.0,0.0,0.0,2.50,2.5
2025,6,LBC,WR,Kyle Williams,NE,@NO,21,0.0,0.0,0.0,0.0,0.0,0.0,0.0,0.0,0.0,2.0,0.0,0.0,0.0,0.0,0.0,0.00,0.0
2025,6,LBC,WR,Jalen Coker,CAR,DAL,32,0.0,0.0,0.0,0.0,0.0,0.0,0.0,0.0,0.0,0.0,0.0,0.0,0.0,0.0,0.0,-,0.0
2025,6,LBC,QB,CJ Stroud,HOU,BYE,---,0.0,0.0,0.0,0.0,0.0,0.0,0.0,0.0,0.0,0.0,0.0,0.0,0.0,0.0,0.0,-,0.0
2025,6,LBC,WR,Isaac TeSlaa,DET,@KC,7,0.0,0.0,0.0,0.0,0.0,0.0,0.0,0.0,0.0,0.0,0.0,0.0,0.0,0.0,0.0,0.00,0.0
2025,6,LBC,TE,Brock Bowers,LV,TEN,8,0.0,0.0,0.0,0.0,0.0,0.0,0.0,0.0,0.0,0.0,0.0,0.0,0.0,0.0,0.0,-,0.0
2025,6,LBC,WR,Brandon Aiyuk,SF,@TB,16,0.0,0.0,0.0,0.0,0.0,0.0,0.0,0.0,0.0,0.0,0.0,0.0,0.0,0.0,0.0,-,0.0
2025,6,LBC,WR,Jack Bech,LV,TEN,17,0.0,0.0,0.0,0.0,0.0,0.0,0.0,0.0,0.0,1.0,0.0,0.0,0.0,0.0,0.0,0.00,0.0
2025,6,LBC,WR,Michael Wilson Dead Cap,ARI,0,0,0.0,0.0,0.0,0.0,0.0,0.0,0.0,0.0,0.0,0.0,0.0,0.0,0.0,0.0,0.0,-,0.0
2025,6,LBC,DST,Broncos,DEN,@NYJ,30,,,,,,,,,,,,,,,,14.00,14.0
2025,6,LC,QB,Patrick Mahomes,KC,DET,24,22.0,30.0,257.0,3.0,0.0,10.0,32.0,1.0,3.0,0.0,0.0,0.0,0.0,0.0,0.0,34.48,34.48
2025,6,LC,WR,Kayshon Boutte,NE,@NO,21,0.0,0.0,0.0,0.0,0.0,0.0,0.0,0.0,0.0,5.0,5.0,93.0,2.0,5.0,0.0,26.30,26.3
2025,6,LC,QB,Jalen Hurts,PHI,@NYG,18,24.0,33.0,283.0,1.0,1.0,7.0,13.0,1.0,2.0,0.0,0.0,0.0,0.0,0.0,0.0,22.62,22.62
2025,6,LC,WR,DK Metcalf,PIT,CLE,20,0.0,0.0,0.0,0.0,0.0,0.0,0.0,0.0,0.0,9.0,4.0,95.0,1.0,4.0,0.0,19.50,19.5
2025,6,LC,TE,Jake Ferguson,DAL,@CAR,32,0.0,0.0,0.0,0.0,0.0,0.0,0.0,0.0,0.0,3.0,3.0,33.0,1.0,2.0,0.0,11.30,11.3
2025,6,LC,WR,Xavier Worthy,KC,DET,30,0.0,0.0,0.0,0.0,0.0,1.0,6.0,0.0,0.0,4.0,2.0,20.0,1.0,2.0,0.0,10.60,10.6
2025,6,LC,WR,Luke McCaffrey,WAS,CHI,27,0.0,0.0,0.0,0.0,0.0,0.0,0.0,0.0,0.0,1.0,1.0,33.0,1.0,1.0,0.0,10.30,10.3
2025,6,LC,RB,Jaylen Warren,PIT,CLE,1,0.0,0.0,0.0,0.0,0.0,11.0,52.0,0.0,3.0,2.0,2.0,11.0,0.0,1.0,0.0,10.30,10.3
2025,6,LC,WR,Luther Burden,CHI,@WAS,23,0.0,0.0,0.0,0.0,0.0,0.0,0.0,0.0,0.0,4.0,4.0,51.0,0.0,1.0,0.0,6.10,6.1
2025,6,LC,RB,Jerome Ford,CLE,@PIT,19,0.0,0.0,0.0,0.0,0.0,2.0,17.0,0.0,2.0,6.0,5.0,13.0,0.0,0.0,0.0,5.00,5.0
2025,6,LC,RB,Zach Charbonnet,SEA,@JAC,9,0.0,0.0,0.0,0.0,0.0,12.0,24.0,0.0,0.0,1.0,1.0,13.0,0.0,1.0,0.0,4.70,4.7
2025,6,LC,WR,DeAndre Hopkins,BAL,LAR,8,0.0,0.0,0.0,0.0,0.0,0.0,0.0,0.0,0.0,4.0,2.0,20.0,0.0,2.0,0.0,4.00,4.0
2025,6,LC,WR,Rashid Shaheed,NO,NE,19,0.0,0.0,0.0,0.0,0.0,0.0,0.0,0.0,0.0,6.0,4.0,28.0,0.0,1.0,0.0,3.80,3.8
2025,6,LC,WR,Travis Hunter,JAC,SEA,18,0.0,0.0,0.0,0.0,0.0,0.0,0.0,0.0,0.0,7.0,4.0,15.0,0.0,2.0,0.0,3.50,3.5
2025,6,LC,WR,Xavier Legette,CAR,DAL,32,0.0,0.0,0.0,0.0,0.0,0.0,0.0,0.0,0.0,2.0,2.0,11.0,0.0,1.0,0.0,2.10,2.1
2025,6,LC,WR,Tory Horton,SEA,@JAC,26,0.0,0.0,0.0,0.0,0.0,0.0,0.0,0.0,0.0,1.0,0.0,0.0,0.0,0.0,0.0,0.00,0.0
2025,6,LC,RB,James Conner,ARI,@IND,11,0.0,0.0,0.0,0.0,0.0,0.0,0.0,0.0,0.0,0.0,0.0,0.0,0.0,0.0,0.0,-,0.0
2025,6,LC,TE,Dalton Schultz,HOU,BYE,---,0.0,0.0,0.0,0.0,0.0,0.0,0.0,0.0,0.0,0.0,0.0,0.0,0.0,0.0,0.0,-,0.0
2025,6,LC,RB,Joe Mixon,HOU,BYE,---,0.0,0.0,0.0,0.0,0.0,0.0,0.0,0.0,0.0,0.0,0.0,0.0,0.0,0.0,0.0,-,0.0
2025,6,LC,DST,49ers,SF,@TB,10,,,,,,,,,,,,,,,,0.00,0.0
2025,6,MB,RB,Bijan Robinson,ATL,BUF,25,0.0,0.0,0.0,0.0,0.0,19.0,170.0,1.0,5.0,8.0,6.0,68.0,0.0,2.0,0.0,36.80,36.8
2025,6,MB,QB,Jaxson Dart,NYG,PHI,20,17.0,25.0,195.0,1.0,0.0,13.0,58.0,1.0,5.0,0.0,0.0,0.0,0.0,0.0,0.0,28.60,28.6
2025,6,MB,QB,Joe Flacco,CIN,@GB,12,29.0,45.0,219.0,2.0,0.0,0.0,0.0,0.0,0.0,0.0,0.0,0.0,0.0,0.0,0.0,18.76,18.76
2025,6,MB,WR,Cooper Kupp,SEA,@JAC,26,0.0,0.0,0.0,0.0,0.0,0.0,0.0,0.0,0.0,3.0,2.0,40.0,1.0,2.0,0.0,12.00,12.0
2025,6,MB,TE,Tyler Higbee,LAR,@BAL,23,0.0,0.0,0.0,0.0,0.0,0.0,0.0,0.0,0.0,4.0,4.0,40.0,1.0,2.0,0.0,12.00,12.0
2025,6,MB,RB,Ray Davis,BUF,@ATL,3,0.0,0.0,0.0,0.0,0.0,0.0,0.0,0.0,0.0,2.0,2.0,19.0,1.0,2.0,0.0,9.90,9.9
2025,6,MB,QB,Matthew Stafford,LAR,@BAL,29,17.0,26.0,181.0,1.0,0.0,4.0,1.0,0.0,0.0,0.0,0.0,0.0,0.0,0.0,1.0,9.34,9.34
2025,6,MB,RB,Jacory Croskey-Merritt,WAS,CHI,29,0.0,0.0,0.0,0.0,0.0,17.0,61.0,0.0,4.0,1.0,1.0,7.0,0.0,0.0,1.0,8.80,8.8
2025,6,MB,WR,Josh Palmer,BUF,@ATL,6,0.0,0.0,0.0,0.0,0.0,0.0,0.0,0.0,0.0,2.0,2.0,60.0,0.0,2.0,0.0,8.00,8.0
2025,6,MB,WR,Amon-Ra St Brown,DET,@KC,7,0.0,0.0,0.0,0.0,0.0,1.0,2.0,0.0,0.0,10.0,9.0,45.0,0.0,3.0,0.0,7.70,7.7
2025,6,MB,TE,Mark Andrews,BAL,LAR,14,0.0,0.0,0.0,0.0,0.0,3.0,2.0,0.0,1.0,6.0,4.0,24.0,0.0,2.0,0.0,5.60,5.6
2025,6,MB,WR,Marvin Harrison,ARI,@IND,28,0.0,0.0,0.0,0.0,0.0,0.0,0.0,0.0,0.0,2.0,2.0,32.0,0.0,1.0,0.0,4.20,4.2
2025,6,MB,WR,Tre Harris,LAC,@MIA,9,0.0,0.0,0.0,0.0,0.0,0.0,0.0,0.0,0.0,5.0,4.0,27.0,0.0,1.0,0.0,3.70,3.7
2025,6,MB,RB,Tyrone Tracy,NYG,PHI,27,0.0,0.0,0.0,0.0,0.0,4.0,6.0,0.0,0.0,0.0,0.0,0.0,0.0,0.0,0.0,0.60,0.6
2025,6,MB,QB,Kyler Murray,ARI,@IND,10,0.0,0.0,0.0,0.0,0.0,0.0,0.0,0.0,0.0,0.0,0.0,0.0,0.0,0.0,0.0,-,0.0
2025,6,MB,RB,Aaron Jones,MIN,BYE,---,0.0,0.0,0.0,0.0,0.0,0.0,0.0,0.0,0.0,0.0,0.0,0.0,0.0,0.0,0.0,-,0.0
2025,6,MB,RB,Isaac Guerendo,SF,@TB,13,0.0,0.0,0.0,0.0,0.0,0.0,0.0,0.0,0.0,0.0,0.0,0.0,0.0,0.0,0.0,0.00,0.0
2025,6,MB,RB,Jarquez Hunter,LAR,@BAL,30,0.0,0.0,0.0,0.0,0.0,0.0,0.0,0.0,0.0,0.0,0.0,0.0,0.0,0.0,0.0,0.00,0.0
2025,6,MB,TE,Juwan Johnson,NO,NE,26,0.0,0.0,0.0,0.0,0.0,0.0,0.0,0.0,0.0,2.0,2.0,15.0,0.0,0.0,1.0,-0.50,-0.5
2025,6,MB,DST,Chiefs,KC,DET,2,,,,,,,,,,,,,,,,4.00,4.0
2025,6,NBB,RB,D'Andre Swift,CHI,@WAS,21,0.0,0.0,0.0,0.0,0.0,14.0,108.0,0.0,6.0,3.0,2.0,67.0,1.0,2.0,0.0,31.50,31.5
2025,6,NBB,TE,Dallas Goedert,PHI,@NYG,13,0.0,0.0,0.0,0.0,0.0,0.0,0.0,0.0,0.0,11.0,9.0,110.0,1.0,6.0,0.0,23.00,23.0
2025,6,NBB,QB,Trevor Lawrence,JAC,SEA,15,27.0,42.0,258.0,2.0,0.0,3.0,9.0,0.0,1.0,0.0,0.0,0.0,0.0,0.0,0.0,20.22,20.22
2025,6,NBB,WR,Brian Thomas,JAC,SEA,18,0.0,0.0,0.0,0.0,0.0,0.0,0.0,0.0,0.0,10.0,8.0,90.0,1.0,5.0,0.0,20.00,20.0
2025,6,NBB,WR,Tetairoa McMillan,CAR,DAL,32,0.0,0.0,0.0,0.0,0.0,0.0,0.0,0.0,0.0,5.0,3.0,29.0,2.0,3.0,0.0,17.90,17.9
2025,6,NBB,WR,Jameson Williams,DET,@KC,7,0.0,0.0,0.0,0.0,0.0,0.0,0.0,0.0,0.0,7.0,6.0,66.0,1.0,5.0,0.0,17.60,17.6
2025,6,NBB,QB,Josh Allen,BUF,@ATL,5,15.0,26.0,180.0,2.0,2.0,6.0,42.0,0.0,2.0,0.0,0.0,0.0,0.0,0.0,0.0,17.40,17.4
2025,6,NBB,TE,Harold Fannin,CLE,@PIT,31,0.0,0.0,0.0,0.0,0.0,0.0,0.0,0.0,0.0,10.0,7.0,81.0,0.0,3.0,0.0,11.10,11.1
2025,6,NBB,WR,Khalil Shakir,BUF,@ATL,6,0.0,0.0,0.0,0.0,0.0,0.0,0.0,0.0,0.0,5.0,3.0,33.0,0.0,1.0,0.0,4.30,4.3
2025,6,NBB,TE,David Njoku,CLE,@PIT,31,0.0,0.0,0.0,0.0,0.0,0.0,0.0,0.0,0.0,6.0,3.0,28.0,0.0,1.0,0.0,3.80,3.8
2025,6,NBB,RB,Blake Corum,LAR,@BAL,30,0.0,0.0,0.0,0.0,0.0,5.0,23.0,0.0,1.0,0.0,0.0,0.0,0.0,0.0,0.0,3.30,3.3
2025,6,NBB,RB,Bhayshul Tuten,JAC,SEA,12,0.0,0.0,0.0,0.0,0.0,2.0,14.0,0.0,0.0,3.0,2.0,14.0,0.0,0.0,0.0,2.80,2.8
2025,6,NBB,WR,Chris Godwin,TB,SF,12,0.0,0.0,0.0,0.0,0.0,0.0,0.0,0.0,0.0,0.0,0.0,0.0,0.0,0.0,0.0,-,0.0
2025,6,NBB,RB,Najee Harris,LAC,@MIA,26,0.0,0.0,0.0,0.0,0.0,0.0,0.0,0.0,0.0,0.0,0.0,0.0,0.0,0.0,0.0,-,0.0
2025,6,NBB,WR,Mike Evans,TB,SF,12,0.0,0.0,0.0,0.0,0.0,0.0,0.0,0.0,0.0,0.0,0.0,0.0,0.0,0.0,0.0,-,0.0
2025,6,NBB,WR,Terry McLaurin,WAS,CHI,27,0.0,0.0,0.0,0.0,0.0,0.0,0.0,0.0,0.0,0.0,0.0,0.0,0.0,0.0,0.0,-,0.0
2025,6,NBB,RB,Will Shipley,PHI,@NYG,22,0.0,0.0,0.0,0.0,0.0,0.0,0.0,0.0,0.0,0.0,0.0,0.0,0.0,0.0,0.0,0.00,0.0
2025,6,NBB,WR,Jayden Reed,GB,CIN,24,0.0,0.0,0.0,0.0,0.0,0.0,0.0,0.0,0.0,0.0,0.0,0.0,0.0,0.0,0.0,-,0.0
2025,6,NBB,DST,Giants,NYG,PHI,13,,,,,,,,,,,,,,,,8.00,8.0
2025,6,PCP,RB,Rico Dowdle,CAR,DAL,31,0.0,0.0,0.0,0.0,0.0,30.0,183.0,0.0,10.0,5.0,4.0,56.0,1.0,3.0,0.0,42.90,42.9
2025,6,PCP,QB,Daniel Jones,IND,ARI,8,22.0,30.0,212.0,2.0,1.0,5.0,20.0,1.0,3.0,0.0,0.0,0.0,0.0,0.0,0.0,25.48,25.48
2025,6,PCP,RB,Ashton Jeanty,LV,TEN,28,0.0,0.0,0.0,0.0,0.0,23.0,75.0,1.0,4.0,4.0,2.0,11.0,0.0,0.0,0.0,18.60,18.6
2025,6,PCP,WR,AJ Brown,PHI,@NYG,29,0.0,0.0,0.0,0.0,0.0,0.0,0.0,0.0,0.0,9.0,6.0,80.0,0.0,3.0,0.0,11.00,11.0
2025,6,PCP,RB,Tyjae Spears,TEN,@LV,16,0.0,0.0,0.0,0.0,0.0,5.0,31.0,0.0,2.0,4.0,4.0,19.0,0.0,0.0,0.0,7.00,7.0
2025,6,PCP,TE,Jake Tonges,SF,@TB,20,0.0,0.0,0.0,0.0,0.0,0.0,0.0,0.0,0.0,7.0,6.0,58.0,0.0,1.0,0.0,6.80,6.8
2025,6,PCP,WR,Garrett Wilson,NYJ,DEN,2,0.0,0.0,0.0,0.0,0.0,0.0,0.0,0.0,0.0,8.0,3.0,13.0,0.0,0.0,0.0,1.30,1.3
2025,6,PCP,WR,Keon Coleman,BUF,@ATL,6,0.0,0.0,0.0,0.0,0.0,0.0,0.0,0.0,0.0,6.0,3.0,11.0,0.0,0.0,0.0,1.10,1.1
2025,6,PCP,TE,Pat Freiermuth,PIT,CLE,21,0.0,0.0,0.0,0.0,0.0,0.0,0.0,0.0,0.0,1.0,1.0,11.0,0.0,0.0,0.0,1.10,1.1
2025,6,PCP,TE,Luke Musgrave,GB,CIN,30,0.0,0.0,0.0,0.0,0.0,0.0,0.0,0.0,0.0,2.0,1.0,7.0,0.0,0.0,0.0,0.70,0.7
2025,6,PCP,QB,Joe Burrow,CIN,@GB,12,0.0,0.0,0.0,0.0,0.0,0.0,0.0,0.0,0.0,0.0,0.0,0.0,0.0,0.0,0.0,-,0.0
2025,6,PCP,RB,Trey Benson,ARI,@IND,11,0.0,0.0,0.0,0.0,0.0,0.0,0.0,0.0,0.0,0.0,0.0,0.0,0.0,0.0,0.0,-,0.0
2025,6,PCP,RB,Devin Neal,NO,NE,6,0.0,0.0,0.0,0.0,0.0,0.0,0.0,0.0,0.0,0.0,0.0,0.0,0.0,0.0,0.0,0.00,0.0
2025,6,PCP,TE,TJ Hockenson,MIN,BYE,---,0.0,0.0,0.0,0.0,0.0,0.0,0.0,0.0,0.0,0.0,0.0,0.0,0.0,0.0,0.0,-,0.0
2025,6,PCP,WR,CeeDee Lamb,DAL,@CAR,4,0.0,0.0,0.0,0.0,0.0,0.0,0.0,0.0,0.0,0.0,0.0,0.0,0.0,0.0,0.0,-,0.0
2025,6,PCP,RB,Braelon Allen,NYJ,DEN,7,0.0,0.0,0.0,0.0,0.0,0.0,0.0,0.0,0.0,0.0,0.0,0.0,0.0,0.0,0.0,-,0.0
2025,6,PCP,RB,DJ Giddens,IND,ARI,24,0.0,0.0,0.0,0.0,0.0,0.0,0.0,0.0,0.0,0.0,0.0,0.0,0.0,0.0,0.0,0.00,0.0
2025,6,PCP,RB,Nick Chubb,HOU,BYE,---,0.0,0.0,0.0,0.0,0.0,0.0,0.0,0.0,0.0,0.0,0.0,0.0,0.0,0.0,0.0,-,0.0
2025,6,PCP,QB,Shedeur Sanders,CLE,@PIT,28,0.0,0.0,0.0,0.0,0.0,0.0,0.0,0.0,0.0,0.0,0.0,0.0,0.0,0.0,0.0,-,0.0
2025,6,PCP,WR,Rashee Rice,KC,DET,30,0.0,0.0,0.0,0.0,0.0,0.0,0.0,0.0,0.0,0.0,0.0,0.0,0.0,0.0,0.0,-,0.0
2025,6,PCP,DST,Ravens,BAL,LAR,17,,,,,,,,,,,,,,,,6.00,6.0
2025,6,PP,RB,Josh Jacobs,GB,CIN,32,0.0,0.0,0.0,0.0,0.0,18.0,93.0,2.0,7.0,5.0,5.0,57.0,0.0,1.0,0.0,35.00,35.0
2025,6,PP,RB,De'Von Achane,MIA,LAC,18,0.0,0.0,0.0,0.0,0.0,16.0,128.0,2.0,6.0,6.0,4.0,22.0,0.0,1.0,0.0,34.00,34.0
2025,6,PP,QB,Justin Herbert,LAC,@MIA,31,29.0,38.0,264.0,2.0,0.0,1.0,2.0,0.0,1.0,0.0,0.0,0.0,0.0,0.0,0.0,19.76,19.76
2025,6,PP,TE,Travis Kelce,KC,DET,18,0.0,0.0,0.0,0.0,0.0,0.0,0.0,0.0,0.0,7.0,6.0,78.0,0.0,6.0,0.0,13.80,13.8
2025,6,PP,TE,Tucker Kraft,GB,CIN,30,0.0,0.0,0.0,0.0,0.0,0.0,0.0,0.0,0.0,2.0,2.0,43.0,1.0,2.0,0.0,12.30,12.3
2025,6,PP,WR,Romeo Doubs,GB,CIN,24,0.0,0.0,0.0,0.0,0.0,0.0,0.0,0.0,0.0,9.0,5.0,55.0,0.0,4.0,0.0,9.50,9.5
2025,6,PP,WR,Stefon Diggs,NE,@NO,21,0.0,0.0,0.0,0.0,0.0,0.0,0.0,0.0,0.0,3.0,3.0,28.0,0.0,2.0,0.0,4.80,4.8
2025,6,PP,WR,Calvin Ridley,TEN,@LV,25,0.0,0.0,0.0,0.0,0.0,0.0,0.0,0.0,0.0,1.0,1.0,18.0,0.0,1.0,0.0,2.80,2.8
2025,6,PP,WR,Courtland Sutton,DEN,@NYJ,15,0.0,0.0,0.0,0.0,0.0,0.0,0.0,0.0,0.0,3.0,1.0,17.0,0.0,1.0,0.0,2.70,2.7
2025,6,PP,WR,Jauan Jennings,SF,@TB,16,0.0,0.0,0.0,0.0,0.0,0.0,0.0,0.0,0.0,3.0,1.0,7.0,0.0,1.0,0.0,1.70,1.7
2025,6,PP,TE,Isaiah Likely,BAL,LAR,14,0.0,0.0,0.0,0.0,0.0,0.0,0.0,0.0,0.0,2.0,2.0,6.0,0.0,0.0,0.0,0.60,0.6
2025,6,PP,WR,Tyreek Hill Dead Cap,MIA,0,0,0.0,0.0,0.0,0.0,0.0,0.0,0.0,0.0,0.0,0.0,0.0,0.0,0.0,0.0,0.0,-,0.0
2025,6,PP,QB,Carson Wentz,MIN,BYE,---,0.0,0.0,0.0,0.0,0.0,0.0,0.0,0.0,0.0,0.0,0.0,0.0,0.0,0.0,0.0,-,0.0
2025,6,PP,WR,Jayden Higgins,HOU,BYE,---,0.0,0.0,0.0,0.0,0.0,0.0,0.0,0.0,0.0,0.0,0.0,0.0,0.0,0.0,0.0,-,0.0
2025,6,PP,WR,Jordan Addison,MIN,BYE,---,0.0,0.0,0.0,0.0,0.0,0.0,0.0,0.0,0.0,0.0,0.0,0.0,0.0,0.0,0.0,-,0.0
2025,6,PP,RB,MarShawn Lloyd,GB,CIN,32,0.0,0.0,0.0,0.0,0.0,0.0,0.0,0.0,0.0,0.0,0.0,0.0,0.0,0.0,0.0,-,0.0
2025,6,PP,QB,Jalen Milroe,SEA,@JAC,22,0.0,0.0,0.0,0.0,0.0,0.0,0.0,0.0,0.0,0.0,0.0,0.0,0.0,0.0,0.0,-,0.0
2025,6,PP,RB,Omarion Hampton,LAC,@MIA,26,0.0,0.0,0.0,0.0,0.0,0.0,0.0,0.0,0.0,0.0,0.0,0.0,0.0,0.0,0.0,-,0.0
2025,6,PP,RB,Jaydon Blue,DAL,@CAR,10,0.0,0.0,0.0,0.0,0.0,3.0,0.0,0.0,0.0,0.0,0.0,0.0,0.0,0.0,0.0,0.00,0.0
2025,6,PP,QB,JJ McCarthy,MIN,BYE,---,0.0,0.0,0.0,0.0,0.0,0.0,0.0,0.0,0.0,0.0,0.0,0.0,0.0,0.0,0.0,-,0.0
2025,6,PP,QB,Cooper Rush,BAL,LAR,9,11.0,19.0,72.0,0.0,1.0,1.0,0.0,0.0,0.0,0.0,0.0,0.0,0.0,0.0,1.0,-1.12,-1.12
2025,6,PP,DST,Steelers,PIT,CLE,31,,,,,,,,,,,,,,,,12.00,12.0
2025,6,RR,WR,George Pickens,DAL,@CAR,4,0.0,0.0,0.0,0.0,0.0,0.0,0.0,0.0,0.0,11.0,9.0,168.0,1.0,7.0,0.0,29.80,29.8
2025,6,RR,RB,Christian McCaffrey,SF,@TB,14,0.0,0.0,0.0,0.0,0.0,17.0,54.0,1.0,4.0,8.0,7.0,57.0,0.0,1.0,0.0,22.10,22.1
2025,6,RR,QB,Baker Mayfield,TB,SF,16,17.0,23.0,256.0,2.0,0.0,3.0,14.0,0.0,1.0,0.0,0.0,0.0,0.0,0.0,0.0,20.64,20.64
2025,6,RR,WR,Marquise Brown,KC,DET,30,0.0,0.0,0.0,0.0,0.0,0.0,0.0,0.0,0.0,4.0,4.0,45.0,2.0,4.0,0.0,20.50,20.5
2025,6,RR,TE,Tyler Warren,IND,ARI,27,0.0,0.0,0.0,0.0,0.0,0.0,0.0,0.0,0.0,9.0,6.0,63.0,1.0,4.0,0.0,16.30,16.3
2025,6,RR,QB,Michael Penix,ATL,BUF,17,20.0,32.0,250.0,1.0,0.0,2.0,6.0,0.0,0.0,0.0,0.0,0.0,0.0,0.0,0.0,14.60,14.6
2025,6,RR,RB,Breece Hall,NYJ,DEN,7,0.0,0.0,0.0,0.0,0.0,22.0,59.0,0.0,5.0,0.0,0.0,0.0,0.0,0.0,0.0,10.90,10.9
2025,6,RR,WR,Davante Adams,LAR,@BAL,31,0.0,0.0,0.0,0.0,0.0,0.0,0.0,0.0,0.0,9.0,4.0,39.0,0.0,3.0,0.0,6.90,6.9
2025,6,RR,QB,Tua Tagovailoa,MIA,LAC,11,21.0,32.0,205.0,1.0,3.0,1.0,4.0,0.0,0.0,0.0,0.0,0.0,0.0,0.0,0.0,6.60,6.6
2025,6,RR,RB,Kareem Hunt,KC,DET,4,0.0,0.0,0.0,0.0,0.0,6.0,23.0,0.0,2.0,1.0,1.0,11.0,0.0,1.0,0.0,6.40,6.4
2025,6,RR,RB,Kenneth Walker,SEA,@JAC,9,0.0,0.0,0.0,0.0,0.0,10.0,34.0,0.0,1.0,1.0,1.0,3.0,0.0,0.0,0.0,4.70,4.7
2025,6,RR,TE,Kyle Pitts,ATL,BUF,2,0.0,0.0,0.0,0.0,0.0,0.0,0.0,0.0,0.0,4.0,3.0,18.0,0.0,1.0,0.0,2.80,2.8
2025,6,RR,RB,Kaleb Johnson,PIT,CLE,1,0.0,0.0,0.0,0.0,0.0,6.0,15.0,0.0,1.0,0.0,0.0,0.0,0.0,0.0,0.0,2.50,2.5
2025,6,RR,WR,Justin Jefferson,MIN,BYE,---,0.0,0.0,0.0,0.0,0.0,0.0,0.0,0.0,0.0,0.0,0.0,0.0,0.0,0.0,0.0,-,0.0
2025,6,RR,QB,Tyler Shough,NO,NE,14,0.0,0.0,0.0,0.0,0.0,0.0,0.0,0.0,0.0,0.0,0.0,0.0,0.0,0.0,0.0,-,0.0
2025,6,RR,WR,Jalen McMillan,TB,SF,12,0.0,0.0,0.0,0.0,0.0,0.0,0.0,0.0,0.0,0.0,0.0,0.0,0.0,0.0,0.0,-,0.0
2025,6,RR,WR,Cedric Tillman,CLE,@PIT,10,0.0,0.0,0.0,0.0,0.0,0.0,0.0,0.0,0.0,0.0,0.0,0.0,0.0,0.0,0.0,-,0.0
2025,6,RR,RB,Gus Edwards,LAC,@MIA,26,0.0,0.0,0.0,0.0,0.0,0.0,0.0,0.0,0.0,0.0,0.0,0.0,0.0,0.0,0.0,-,0.0
2025,6,RR,RB,Woody Marks,HOU,BYE,---,0.0,0.0,0.0,0.0,0.0,0.0,0.0,0.0,0.0,0.0,0.0,0.0,0.0,0.0,0.0,-,0.0
2025,6,RR,WR,Darnell Mooney,ATL,BUF,11,0.0,0.0,0.0,0.0,0.0,0.0,0.0,0.0,0.0,0.0,0.0,0.0,0.0,0.0,0.0,-,0.0
2025,6,RR,DST,Packers,GB,CIN,28,,,,,,,,,,,,,,,,2.00,2.0
2025,6,SBS,RB,Jonathan Taylor,IND,ARI,24,0.0,0.0,0.0,0.0,0.0,21.0,123.0,1.0,7.0,4.0,4.0,14.0,0.0,1.0,0.0,27.70,27.7
2025,6,SBS,QB,Jayden Daniels,WAS,CHI,26,19.0,26.0,211.0,3.0,1.0,10.0,52.0,0.0,2.0,0.0,0.0,0.0,0.0,0.0,1.0,23.64,23.64
2025,6,SBS,WR,Wan'Dale Robinson,NYG,PHI,13,0.0,0.0,0.0,0.0,0.0,0.0,0.0,0.0,0.0,7.0,6.0,84.0,1.0,3.0,0.0,17.40,17.4
2025,6,SBS,TE,Zach Ertz,WAS,CHI,10,0.0,0.0,0.0,0.0,0.0,0.0,0.0,0.0,0.0,6.0,6.0,43.0,1.0,3.0,0.0,13.30,13.3
2025,6,SBS,RB,David Montgomery,DET,@KC,13,0.0,0.0,0.0,0.0,0.0,4.0,24.0,0.0,1.0,2.0,2.0,37.0,0.0,2.0,0.0,9.10,9.1
2025,6,SBS,QB,Dillon Gabriel,CLE,@PIT,28,29.0,52.0,221.0,0.0,0.0,0.0,0.0,0.0,0.0,0.0,0.0,0.0,0.0,0.0,0.0,8.84,8.84
2025,6,SBS,RB,Kenneth Gainwell,PIT,CLE,1,0.0,0.0,0.0,0.0,0.0,6.0,22.0,0.0,2.0,6.0,6.0,14.0,0.0,0.0,0.0,5.60,5.6
2025,6,SBS,RB,Kyle Monangai,CHI,@WAS,21,0.0,0.0,0.0,0.0,0.0,5.0,19.0,0.0,0.0,1.0,1.0,25.0,0.0,1.0,0.0,5.40,5.4
2025,6,SBS,RB,TreVeyon Henderson,NE,@NO,15,0.0,0.0,0.0,0.0,0.0,9.0,27.0,0.0,1.0,2.0,1.0,9.0,0.0,0.0,0.0,4.60,4.6
2025,6,SBS,RB,Dylan Sampson,CLE,@PIT,19,0.0,0.0,0.0,0.0,0.0,3.0,12.0,0.0,0.0,2.0,2.0,12.0,0.0,1.0,0.0,3.40,3.4
2025,6,SBS,WR,Deebo Samuel,WAS,CHI,27,0.0,0.0,0.0,0.0,0.0,1.0,-1.0,0.0,0.0,5.0,4.0,15.0,0.0,1.0,0.0,2.50,2.5
2025,6,SBS,WR,Rashod Bateman,BAL,LAR,8,0.0,0.0,0.0,0.0,0.0,0.0,0.0,0.0,0.0,2.0,1.0,8.0,0.0,0.0,0.0,0.80,0.8
2025,6,SBS,TE,Mason Taylor,NYJ,DEN,5,0.0,0.0,0.0,0.0,0.0,0.0,0.0,0.0,0.0,1.0,1.0,2.0,0.0,0.0,0.0,0.20,0.2
2025,6,SBS,WR,Troy Franklin,DEN,@NYJ,15,0.0,0.0,0.0,0.0,0.0,1.0,2.0,0.0,0.0,4.0,3.0,19.0,0.0,0.0,1.0,0.10,0.1
2025,6,SBS,WR,Jaylin Noel,HOU,BYE,---,0.0,0.0,0.0,0.0,0.0,0.0,0.0,0.0,0.0,0.0,0.0,0.0,0.0,0.0,0.0,-,0.0
2025,6,SBS,QB,Lamar Jackson,BAL,LAR,9,0.0,0.0,0.0,0.0,0.0,0.0,0.0,0.0,0.0,0.0,0.0,0.0,0.0,0.0,0.0,-,0.0
2025,6,SBS,WR,Christian Watson,GB,CIN,24,0.0,0.0,0.0,0.0,0.0,0.0,0.0,0.0,0.0,0.0,0.0,0.0,0.0,0.0,0.0,-,0.0
2025,6,SBS,RB,Chuba Hubbard,CAR,DAL,31,0.0,0.0,0.0,0.0,0.0,0.0,0.0,0.0,0.0,0.0,0.0,0.0,0.0,0.0,0.0,-,0.0
2025,6,SBS,WR,Christian Kirk,HOU,BYE,---,0.0,0.0,0.0,0.0,0.0,0.0,0.0,0.0,0.0,0.0,0.0,0.0,0.0,0.0,0.0,-,0.0
2025,6,SBS,DST,Lions,DET,@KC,5,,,,,,,,,,,,,,,,3.00,3.0
2025,7,ABT,WR,Chris Olave,NO,@CHI,25,0.0,0.0,0.0,0.0,0.0,0.0,0.0,0.0,0.0,7.0,5.0,98.0,2.0,3.0,0.0,24.80,24.8
2025,7,ABT,QB,Dak Prescott,DAL,WAS,27,21.0,30.0,264.0,3.0,0.0,5.0,7.0,0.0,1.0,0.0,0.0,0.0,0.0,0.0,0.0,24.26,24.26
2025,7,ABT,RB,Chase Brown,CIN,PIT,14,0.0,0.0,0.0,0.0,0.0,11.0,108.0,0.0,4.0,4.0,2.0,-8.0,0.0,0.0,0.0,14.80,14.8
2025,7,ABT,QB,Bryce Young,CAR,@NYJ,20,15.0,25.0,138.0,1.0,0.0,2.0,10.0,0.0,0.0,0.0,0.0,0.0,0.0,0.0,0.0,10.52,10.52
2025,7,ABT,WR,DJ Moore,CHI,NO,15,0.0,0.0,0.0,0.0,0.0,1.0,9.0,0.0,0.0,5.0,3.0,43.0,0.0,2.0,0.0,7.20,7.2
2025,7,ABT,RB,Saquon Barkley,PHI,@MIN,13,0.0,0.0,0.0,0.0,0.0,18.0,44.0,0.0,2.0,1.0,1.0,-2.0,0.0,0.0,0.0,6.40,6.4
2025,7,ABT,RB,Rachaad White,TB,@DET,2,0.0,0.0,0.0,0.0,0.0,10.0,38.0,0.0,2.0,6.0,4.0,6.0,0.0,0.0,0.0,6.40,6.4
2025,7,ABT,TE,Hunter Henry,NE,@TEN,8,0.0,0.0,0.0,0.0,0.0,0.0,0.0,0.0,0.0,5.0,4.0,33.0,0.0,3.0,0.0,6.30,6.3
2025,7,ABT,WR,Tre Tucker,LV,@KC,4,0.0,0.0,0.0,0.0,0.0,0.0,0.0,0.0,0.0,6.0,5.0,33.0,0.0,2.0,0.0,5.30,5.3
2025,7,ABT,QB,Caleb Williams,CHI,NO,25,15.0,26.0,172.0,0.0,1.0,4.0,-2.0,0.0,0.0,0.0,0.0,0.0,0.0,0.0,0.0,4.88,4.88
2025,7,ABT,TE,Colston Loveland,CHI,NO,20,0.0,0.0,0.0,0.0,0.0,0.0,0.0,0.0,0.0,4.0,3.0,24.0,0.0,2.0,0.0,4.40,4.4
2025,7,ABT,WR,Roman Wilson,PIT,@CIN,16,0.0,0.0,0.0,0.0,0.0,0.0,0.0,0.0,0.0,2.0,2.0,17.0,0.0,1.0,0.0,2.70,2.7
2025,7,ABT,RB,Miles Sanders,DAL,WAS,19,0.0,0.0,0.0,0.0,0.0,0.0,0.0,0.0,0.0,0.0,0.0,0.0,0.0,0.0,0.0,-,0.0
2025,7,ABT,RB,Jonathon Brooks,CAR,@NYJ,15,0.0,0.0,0.0,0.0,0.0,0.0,0.0,0.0,0.0,0.0,0.0,0.0,0.0,0.0,0.0,-,0.0
2025,7,ABT,RB,Keaton Mitchell,BAL,BYE,---,0.0,0.0,0.0,0.0,0.0,0.0,0.0,0.0,0.0,0.0,0.0,0.0,0.0,0.0,0.0,-,0.0
2025,7,ABT,WR,Calvin Austin,PIT,@CIN,16,0.0,0.0,0.0,0.0,0.0,0.0,0.0,0.0,0.0,0.0,0.0,0.0,0.0,0.0,0.0,-,0.0
2025,7,ABT,WR,Puka Nacua,LAR,@JAC,26,0.0,0.0,0.0,0.0,0.0,0.0,0.0,0.0,0.0,0.0,0.0,0.0,0.0,0.0,0.0,-,0.0
2025,7,ABT,TE,Brenton Strange,JAC,LAR,10,0.0,0.0,0.0,0.0,0.0,0.0,0.0,0.0,0.0,0.0,0.0,0.0,0.0,0.0,0.0,-,0.0
2025,7,ABT,WR,Josh Downs,IND,@LAC,5,0.0,0.0,0.0,0.0,0.0,0.0,0.0,0.0,0.0,0.0,0.0,0.0,0.0,0.0,0.0,-,0.0
2025,7,ABT,DST,Eagles,PHI,@MIN,30,,,,,,,,,,,,,,,,12.00,12.0
2025,7,CLC,WR,DeVonta Smith,PHI,@MIN,6,0.0,0.0,0.0,0.0,0.0,0.0,0.0,0.0,0.0,11.0,9.0,183.0,1.0,5.0,0.0,29.30,29.3
2025,7,CLC,RB,Javonte Williams,DAL,WAS,19,0.0,0.0,0.0,0.0,0.0,19.0,116.0,1.0,4.0,4.0,1.0,2.0,0.0,0.0,0.0,21.80,21.8
2025,7,CLC,QB,Jordan Love,GB,@ARI,7,19.0,29.0,179.0,1.0,0.0,4.0,22.0,0.0,1.0,0.0,0.0,0.0,0.0,0.0,0.0,14.36,14.36
2025,7,CLC,WR,Marvin Mims,DEN,NYG,30,0.0,0.0,0.0,0.0,0.0,1.0,13.0,0.0,1.0,7.0,6.0,85.0,0.0,3.0,0.0,13.80,13.8
2025,7,CLC,QB,Cam Ward,TEN,NE,8,25.0,34.0,255.0,1.0,1.0,0.0,0.0,0.0,0.0,0.0,0.0,0.0,0.0,0.0,1.0,10.20,10.2
2025,7,CLC,TE,Terrance Ferguson,LAR,@JAC,19,0.0,0.0,0.0,0.0,0.0,0.0,0.0,0.0,0.0,3.0,1.0,31.0,1.0,1.0,0.0,10.10,10.1
2025,7,CLC,WR,Rome Odunze,CHI,NO,15,0.0,0.0,0.0,0.0,0.0,0.0,0.0,0.0,0.0,6.0,2.0,31.0,0.0,2.0,0.0,5.10,5.1
2025,7,CLC,QB,Justin Fields,NYJ,CAR,5,6.0,12.0,46.0,0.0,0.0,4.0,22.0,0.0,1.0,0.0,0.0,0.0,0.0,0.0,0.0,5.04,5.04
2025,7,CLC,WR,Nico Collins,HOU,@SEA,13,0.0,0.0,0.0,0.0,0.0,0.0,0.0,0.0,0.0,10.0,4.0,27.0,0.0,2.0,0.0,4.70,4.7
2025,7,CLC,RB,Alvin Kamara,NO,@CHI,24,0.0,0.0,0.0,0.0,0.0,11.0,28.0,0.0,1.0,3.0,3.0,1.0,0.0,0.0,0.0,3.90,3.9
2025,7,CLC,WR,Jaylen Waddle,MIA,@CLE,11,0.0,0.0,0.0,0.0,0.0,0.0,0.0,0.0,0.0,4.0,1.0,15.0,0.0,1.0,0.0,2.50,2.5
2025,7,CLC,RB,Ollie Gordon,MIA,@CLE,1,0.0,0.0,0.0,0.0,0.0,5.0,11.0,0.0,1.0,2.0,1.0,2.0,0.0,0.0,0.0,2.30,2.3
2025,7,CLC,RB,Sean Tucker,TB,@DET,2,0.0,0.0,0.0,0.0,0.0,1.0,4.0,0.0,0.0,1.0,1.0,2.0,0.0,0.0,0.0,0.60,0.6
2025,7,CLC,RB,Justice Hill,BAL,BYE,---,0.0,0.0,0.0,0.0,0.0,0.0,0.0,0.0,0.0,0.0,0.0,0.0,0.0,0.0,0.0,-,0.0
2025,7,CLC,WR,Ricky Pearsall,SF,ATL,2,0.0,0.0,0.0,0.0,0.0,0.0,0.0,0.0,0.0,0.0,0.0,0.0,0.0,0.0,0.0,-,0.0
2025,7,CLC,RB,Zack Moss Dead Cap,CIN,0,0,0.0,0.0,0.0,0.0,0.0,0.0,0.0,0.0,0.0,0.0,0.0,0.0,0.0,0.0,0.0,-,0.0
2025,7,CLC,RB,Trevor Etienne,CAR,@NYJ,15,0.0,0.0,0.0,0.0,0.0,0.0,0.0,0.0,0.0,0.0,0.0,0.0,0.0,0.0,0.0,0.00,0.0
2025,7,CLC,WR,Ja'Lynn Polk,NO,@CHI,25,0.0,0.0,0.0,0.0,0.0,0.0,0.0,0.0,0.0,0.0,0.0,0.0,0.0,0.0,0.0,-,0.0
2025,7,CLC,TE,Dalton Kincaid,BUF,BYE,---,0.0,0.0,0.0,0.0,0.0,0.0,0.0,0.0,0.0,0.0,0.0,0.0,0.0,0.0,0.0,-,0.0
2025,7,CLC,DST,Bills,BUF,BYE,---,,,,,,,,,,,,,,,,-,0.0
2025,7,CPC,RB,Quinshon Judkins,CLE,MIA,29,0.0,0.0,0.0,0.0,0.0,25.0,84.0,3.0,5.0,0.0,0.0,0.0,0.0,0.0,0.0,31.40,31.4
2025,7,CPC,WR,Ja'Marr Chase,CIN,PIT,24,0.0,0.0,0.0,0.0,0.0,0.0,0.0,0.0,0.0,23.0,16.0,161.0,1.0,9.0,0.0,31.10,31.1
2025,7,CPC,QB,Drake Maye,NE,@TEN,13,21.0,23.0,222.0,2.0,0.0,8.0,62.0,0.0,3.0,0.0,0.0,0.0,0.0,0.0,0.0,26.08,26.08
2025,7,CPC,WR,Tee Higgins,CIN,PIT,24,0.0,0.0,0.0,0.0,0.0,0.0,0.0,0.0,0.0,10.0,6.0,96.0,1.0,3.0,0.0,18.60,18.6
2025,7,CPC,RB,Jordan Mason,MIN,PHI,26,0.0,0.0,0.0,0.0,0.0,15.0,57.0,1.0,5.0,0.0,0.0,0.0,0.0,0.0,0.0,16.70,16.7
2025,7,CPC,RB,JK Dobbins,DEN,NYG,17,0.0,0.0,0.0,0.0,0.0,14.0,81.0,0.0,3.0,1.0,1.0,-1.0,0.0,0.0,0.0,11.10,11.1
2025,7,CPC,WR,Ladd McConkey,LAC,IND,29,0.0,0.0,0.0,0.0,0.0,0.0,0.0,0.0,0.0,15.0,9.0,67.0,0.0,3.0,0.0,9.70,9.7
2025,7,CPC,RB,Tony Pollard,TEN,NE,5,0.0,0.0,0.0,0.0,0.0,6.0,18.0,0.0,0.0,6.0,6.0,43.0,0.0,3.0,0.0,9.10,9.1
2025,7,CPC,QB,Sam Darnold,SEA,HOU,1,17.0,31.0,213.0,1.0,1.0,3.0,1.0,0.0,0.0,0.0,0.0,0.0,0.0,0.0,1.0,8.62,8.62
2025,7,CPC,WR,Matthew Golden,GB,@ARI,10,0.0,0.0,0.0,0.0,0.0,0.0,0.0,0.0,0.0,4.0,4.0,37.0,0.0,3.0,0.0,6.70,6.7
2025,7,CPC,RB,Brian Robinson,SF,ATL,18,0.0,0.0,0.0,0.0,0.0,9.0,36.0,0.0,1.0,0.0,0.0,0.0,0.0,0.0,0.0,4.60,4.6
2025,7,CPC,RB,Tyler Allgeier,ATL,@SF,16,0.0,0.0,0.0,0.0,0.0,4.0,16.0,0.0,2.0,0.0,0.0,0.0,0.0,0.0,0.0,3.60,3.6
2025,7,CPC,QB,Geno Smith,LV,@KC,11,10.0,16.0,67.0,0.0,0.0,2.0,1.0,0.0,0.0,0.0,0.0,0.0,0.0,0.0,0.0,2.78,2.78
2025,7,CPC,TE,Ja'Tavion Sanders,CAR,@NYJ,23,0.0,0.0,0.0,0.0,0.0,0.0,0.0,0.0,0.0,2.0,0.0,0.0,0.0,0.0,0.0,0.00,0.0
2025,7,CPC,WR,Jalen Royals,KC,LV,28,0.0,0.0,0.0,0.0,0.0,0.0,0.0,0.0,0.0,0.0,0.0,0.0,0.0,0.0,0.0,0.00,0.0
2025,7,CPC,RB,James Cook,BUF,BYE,---,0.0,0.0,0.0,0.0,0.0,0.0,0.0,0.0,0.0,0.0,0.0,0.0,0.0,0.0,0.0,-,0.0
2025,7,CPC,WR,Dontayvion Wicks Dead Cap,GB,0,0,0.0,0.0,0.0,0.0,0.0,0.0,0.0,0.0,0.0,0.0,0.0,0.0,0.0,0.0,0.0,-,0.0
2025,7,CPC,WR,Jakobi Meyers,LV,@KC,4,0.0,0.0,0.0,0.0,0.0,0.0,0.0,0.0,0.0,0.0,0.0,0.0,0.0,0.0,0.0,-,0.0
2025,7,CPC,TE,George Kittle,SF,ATL,1,0.0,0.0,0.0,0.0,0.0,0.0,0.0,0.0,0.0,2.0,0.0,0.0,0.0,0.0,0.0,0.00,0.0
2025,7,W (10/23),TE,Darren Waller,MIA,@CLE,16,0.0,0.0,0.0,0.0,0.0,0.0,0.0,0.0,0.0,0.0,0.0,0.0,0.0,0.0,0.0,0.00,0.0
2025,7,CPC,RB,Derrick Henry,BAL,BYE,---,0.0,0.0,0.0,0.0,0.0,0.0,0.0,0.0,0.0,0.0,0.0,0.0,0.0,0.0,0.0,-,0.0
2025,7,CPC,DST,Texans,HOU,@SEA,12,,,,,,,,,,,,,,,,16.00,16.0
2025,7,DDD,RB,Jahmyr Gibbs,DET,TB,22,0.0,0.0,0.0,0.0,0.0,17.0,136.0,2.0,5.0,3.0,3.0,82.0,0.0,3.0,0.0,41.80,41.8
2025,7,DDD,WR,Keenan Allen,LAC,IND,29,0.0,0.0,0.0,0.0,0.0,0.0,0.0,0.0,0.0,14.0,11.0,119.0,1.0,7.0,0.0,24.90,24.9
2025,7,DDD,RB,Cam Skattebo,NYG,@DEN,11,0.0,0.0,0.0,0.0,0.0,16.0,60.0,0.0,3.0,6.0,3.0,34.0,1.0,2.0,0.0,20.40,20.4
2025,7,DDD,WR,Tez Johnson,TB,@DET,27,0.0,0.0,0.0,0.0,0.0,0.0,0.0,0.0,0.0,9.0,4.0,58.0,1.0,3.0,0.0,14.80,14.8
2025,7,DDD,QB,Spencer Rattler,NO,@CHI,23,20.0,32.0,233.0,2.0,3.0,2.0,12.0,0.0,1.0,0.0,0.0,0.0,0.0,0.0,1.0,11.52,11.52
2025,7,DDD,QB,Jared Goff,DET,TB,22,20.0,29.0,241.0,1.0,1.0,2.0,7.0,0.0,1.0,0.0,0.0,0.0,0.0,0.0,1.0,11.34,11.34
2025,7,DDD,WR,Quentin Johnston,LAC,IND,29,0.0,0.0,0.0,0.0,0.0,0.0,0.0,0.0,0.0,6.0,2.0,30.0,1.0,1.0,0.0,10.00,10.0
2025,7,DDD,WR,Emeka Egbuka,TB,@DET,27,0.0,0.0,0.0,0.0,0.0,0.0,0.0,0.0,0.0,12.0,4.0,58.0,0.0,2.0,0.0,7.80,7.8
2025,7,DDD,QB,Mac Jones,SF,ATL,3,17.0,26.0,152.0,0.0,1.0,5.0,11.0,0.0,2.0,0.0,0.0,0.0,0.0,0.0,0.0,7.18,7.18
2025,7,DDD,RB,Michael Carter,ARI,GB,3,0.0,0.0,0.0,0.0,0.0,7.0,11.0,0.0,1.0,2.0,2.0,25.0,0.0,2.0,0.0,6.60,6.6
2025,7,DDD,RB,Kimani Vidal,LAC,IND,6,0.0,0.0,0.0,0.0,0.0,9.0,20.0,0.0,0.0,5.0,4.0,15.0,0.0,1.0,0.0,4.50,4.5
2025,7,DDD,WR,Elic Ayomanor,TEN,NE,21,0.0,0.0,0.0,0.0,0.0,0.0,0.0,0.0,0.0,5.0,2.0,29.0,0.0,1.0,0.0,3.90,3.9
2025,7,DDD,TE,Sam LaPorta,DET,TB,17,0.0,0.0,0.0,0.0,0.0,0.0,0.0,0.0,0.0,3.0,3.0,15.0,0.0,1.0,0.0,2.50,2.5
2025,7,DDD,WR,Adonai Mitchell,IND,@LAC,5,0.0,0.0,0.0,0.0,0.0,0.0,0.0,0.0,0.0,1.0,1.0,8.0,0.0,0.0,0.0,0.80,0.8
2025,7,DDD,RB,Kendre Miller,NO,@CHI,24,0.0,0.0,0.0,0.0,0.0,1.0,7.0,0.0,0.0,0.0,0.0,0.0,0.0,0.0,0.0,0.70,0.7
2025,7,DDD,QB,Brock Purdy,SF,ATL,3,0.0,0.0,0.0,0.0,0.0,0.0,0.0,0.0,0.0,0.0,0.0,0.0,0.0,0.0,0.0,-,0.0
2025,7,DDD,WR,Zay Flowers,BAL,BYE,---,0.0,0.0,0.0,0.0,0.0,0.0,0.0,0.0,0.0,0.0,0.0,0.0,0.0,0.0,0.0,-,0.0
2025,7,DDD,WR,Malik Nabers,NYG,@DEN,1,0.0,0.0,0.0,0.0,0.0,0.0,0.0,0.0,0.0,0.0,0.0,0.0,0.0,0.0,0.0,-,0.0
2025,7,DDD,WR,Tank Dell,HOU,@SEA,13,0.0,0.0,0.0,0.0,0.0,0.0,0.0,0.0,0.0,0.0,0.0,0.0,0.0,0.0,0.0,-,0.0
2025,7,DDD,QB,Deshaun Watson Dead Cap,CLE,0,0,0.0,0.0,0.0,0.0,0.0,0.0,0.0,0.0,0.0,0.0,0.0,0.0,0.0,0.0,0.0,-,0.0
2025,7,DDD,RB,Bucky Irving,TB,@DET,2,0.0,0.0,0.0,0.0,0.0,0.0,0.0,0.0,0.0,0.0,0.0,0.0,0.0,0.0,0.0,-,0.0
2025,7,DDD,DST,Cardinals,ARI,GB,5,,,,,,,,,,,,,,,,2.00,2.0
2025,7,LBC,QB,Bo Nix,DEN,NYG,30,27.0,50.0,279.0,2.0,0.0,5.0,48.0,2.0,4.0,0.0,0.0,0.0,0.0,0.0,0.0,43.96,43.96
2025,7,LBC,WR,Jaxon Smith-Njigba,SEA,HOU,8,0.0,0.0,0.0,0.0,0.0,0.0,0.0,0.0,0.0,14.0,8.0,123.0,1.0,6.0,0.0,24.30,24.3
2025,7,LBC,TE,Trey McBride,ARI,GB,30,0.0,0.0,0.0,0.0,0.0,0.0,0.0,0.0,0.0,13.0,10.0,74.0,2.0,4.0,0.0,23.40,23.4
2025,7,LBC,QB,Aaron Rodgers,PIT,@CIN,24,23.0,34.0,249.0,4.0,2.0,1.0,6.0,0.0,0.0,0.0,0.0,0.0,0.0,0.0,0.0,22.56,22.56
2025,7,LBC,RB,Rhamondre Stevenson,NE,@TEN,28,0.0,0.0,0.0,0.0,0.0,18.0,88.0,1.0,5.0,2.0,2.0,0.0,0.0,0.0,0.0,19.80,19.8
2025,7,LBC,WR,Michael Pittman,IND,@LAC,5,0.0,0.0,0.0,0.0,0.0,0.0,0.0,0.0,0.0,9.0,7.0,58.0,1.0,5.0,0.0,18.80,18.8
2025,7,LBC,RB,Isiah Pacheco,KC,LV,20,0.0,0.0,0.0,0.0,0.0,15.0,57.0,1.0,5.0,2.0,1.0,-3.0,0.0,0.0,0.0,16.70,16.7
2025,7,LBC,QB,CJ Stroud,HOU,@SEA,12,23.0,49.0,229.0,1.0,1.0,2.0,25.0,0.0,0.0,0.0,0.0,0.0,0.0,0.0,0.0,13.66,13.66
2025,7,LBC,RB,Kyren Williams,LAR,@JAC,8,0.0,0.0,0.0,0.0,0.0,12.0,54.0,0.0,3.0,3.0,2.0,11.0,0.0,1.0,0.0,10.50,10.5
2025,7,LBC,RB,Travis Etienne,JAC,LAR,4,0.0,0.0,0.0,0.0,0.0,8.0,44.0,0.0,3.0,3.0,1.0,11.0,0.0,1.0,0.0,9.50,9.5
2025,7,LBC,RB,RJ Harvey,DEN,NYG,17,0.0,0.0,0.0,0.0,0.0,4.0,0.0,0.0,0.0,2.0,1.0,2.0,1.0,1.0,0.0,7.20,7.2
2025,7,LBC,WR,Drake London,ATL,@SF,9,0.0,0.0,0.0,0.0,0.0,0.0,0.0,0.0,0.0,10.0,4.0,42.0,0.0,2.0,0.0,6.20,6.2
2025,7,LBC,TE,Evan Engram,DEN,NYG,11,0.0,0.0,0.0,0.0,0.0,0.0,0.0,0.0,0.0,8.0,5.0,42.0,0.0,2.0,0.0,6.20,6.2
2025,7,LBC,WR,Jerry Jeudy,CLE,MIA,7,0.0,0.0,0.0,0.0,0.0,0.0,0.0,0.0,0.0,4.0,2.0,17.0,0.0,1.0,0.0,2.70,2.7
2025,7,LBC,WR,Jack Bech,LV,@KC,4,0.0,0.0,0.0,0.0,0.0,0.0,0.0,0.0,0.0,2.0,2.0,13.0,0.0,0.0,0.0,1.30,1.3
2025,7,LBC,WR,Isaac TeSlaa,DET,TB,12,0.0,0.0,0.0,0.0,0.0,0.0,0.0,0.0,0.0,1.0,0.0,0.0,0.0,0.0,0.0,0.00,0.0
2025,7,LBC,WR,Jalen Coker,CAR,@NYJ,17,0.0,0.0,0.0,0.0,0.0,0.0,0.0,0.0,0.0,2.0,0.0,0.0,0.0,0.0,0.0,0.00,0.0
2025,7,LBC,TE,Brock Bowers,LV,@KC,4,0.0,0.0,0.0,0.0,0.0,0.0,0.0,0.0,0.0,0.0,0.0,0.0,0.0,0.0,0.0,-,0.0
2025,7,LBC,WR,Michael Wilson Dead Cap,ARI,0,0,0.0,0.0,0.0,0.0,0.0,0.0,0.0,0.0,0.0,0.0,0.0,0.0,0.0,0.0,0.0,-,0.0
2025,7,LBC,WR,Brandon Aiyuk,SF,ATL,2,0.0,0.0,0.0,0.0,0.0,0.0,0.0,0.0,0.0,0.0,0.0,0.0,0.0,0.0,0.0,-,0.0
2025,7,LBC,WR,Kyle Williams,NE,@TEN,22,0.0,0.0,0.0,0.0,0.0,0.0,0.0,0.0,0.0,1.0,0.0,0.0,0.0,0.0,0.0,0.00,0.0
2025,7,LBC,DST,Broncos,DEN,NYG,22,,,,,,,,,,,,,,,,5.00,5.0
2025,7,LC,QB,Patrick Mahomes,KC,LV,16,26.0,35.0,286.0,3.0,0.0,4.0,28.0,0.0,2.0,0.0,0.0,0.0,0.0,0.0,0.0,28.24,28.24
2025,7,LC,QB,Jalen Hurts,PHI,@MIN,6,19.0,23.0,326.0,3.0,0.0,4.0,-10.0,0.0,1.0,0.0,0.0,0.0,0.0,0.0,0.0,26.04,26.04
2025,7,LC,RB,Jaylen Warren,PIT,@CIN,32,0.0,0.0,0.0,0.0,0.0,16.0,127.0,0.0,6.0,5.0,4.0,31.0,0.0,2.0,0.0,23.80,23.8
2025,7,LC,RB,Zach Charbonnet,SEA,HOU,12,0.0,0.0,0.0,0.0,0.0,12.0,49.0,2.0,4.0,2.0,2.0,6.0,0.0,0.0,0.0,21.50,21.5
2025,7,LC,WR,Travis Hunter,JAC,LAR,18,0.0,0.0,0.0,0.0,0.0,1.0,0.0,0.0,0.0,14.0,8.0,101.0,1.0,5.0,0.0,21.10,21.1
2025,7,LC,WR,Xavier Legette,CAR,@NYJ,17,0.0,0.0,0.0,0.0,0.0,0.0,0.0,0.0,0.0,11.0,9.0,92.0,1.0,4.0,0.0,19.20,19.2
2025,7,LC,TE,Jake Ferguson,DAL,WAS,21,0.0,0.0,0.0,0.0,0.0,0.0,0.0,0.0,0.0,7.0,7.0,29.0,2.0,3.0,0.0,17.90,17.9
2025,7,LC,TE,Dalton Schultz,HOU,@SEA,26,0.0,0.0,0.0,0.0,0.0,0.0,0.0,0.0,0.0,10.0,9.0,98.0,0.0,6.0,0.0,15.80,15.8
2025,7,LC,WR,Kayshon Boutte,NE,@TEN,22,0.0,0.0,0.0,0.0,0.0,0.0,0.0,0.0,0.0,2.0,2.0,55.0,1.0,2.0,0.0,13.50,13.5
2025,7,LC,WR,Xavier Worthy,KC,LV,28,0.0,0.0,0.0,0.0,0.0,1.0,13.0,0.0,1.0,4.0,3.0,35.0,0.0,2.0,0.0,7.80,7.8
2025,7,LC,WR,Rashid Shaheed,NO,@CHI,25,0.0,0.0,0.0,0.0,0.0,0.0,0.0,0.0,0.0,9.0,4.0,40.0,0.0,3.0,0.0,7.00,7.0
2025,7,LC,WR,DK Metcalf,PIT,@CIN,16,0.0,0.0,0.0,0.0,0.0,0.0,0.0,0.0,0.0,5.0,3.0,50.0,0.0,1.0,0.0,6.00,6.0
2025,7,LC,WR,Luther Burden,CHI,NO,15,0.0,0.0,0.0,0.0,0.0,1.0,-1.0,0.0,0.0,2.0,1.0,22.0,0.0,1.0,0.0,3.20,3.2
2025,7,LC,RB,Jerome Ford,CLE,MIA,29,0.0,0.0,0.0,0.0,0.0,1.0,0.0,0.0,0.0,2.0,2.0,10.0,0.0,1.0,0.0,2.00,2.0
2025,7,LC,RB,Joe Mixon,HOU,@SEA,10,0.0,0.0,0.0,0.0,0.0,0.0,0.0,0.0,0.0,0.0,0.0,0.0,0.0,0.0,0.0,-,0.0
2025,7,LC,WR,DeAndre Hopkins,BAL,BYE,---,0.0,0.0,0.0,0.0,0.0,0.0,0.0,0.0,0.0,0.0,0.0,0.0,0.0,0.0,0.0,-,0.0
2025,7,LC,RB,James Conner,ARI,GB,3,0.0,0.0,0.0,0.0,0.0,0.0,0.0,0.0,0.0,0.0,0.0,0.0,0.0,0.0,0.0,-,0.0
2025,7,LC,WR,Luke McCaffrey,WAS,@DAL,32,0.0,0.0,0.0,0.0,0.0,0.0,0.0,0.0,0.0,2.0,0.0,0.0,0.0,0.0,0.0,0.00,0.0
2025,7,LC,WR,Tory Horton,SEA,HOU,8,0.0,0.0,0.0,0.0,0.0,0.0,0.0,0.0,0.0,3.0,0.0,0.0,0.0,0.0,0.0,0.00,0.0
2025,7,LC,DST,49ers,SF,ATL,20,,,,,,,,,,,,,,,,10.00,10.0
2025,7,MB,QB,Jaxson Dart,NYG,@DEN,4,15.0,33.0,283.0,3.0,1.0,5.0,11.0,1.0,2.0,0.0,0.0,0.0,0.0,0.0,0.0,30.42,30.42
2025,7,MB,QB,Joe Flacco,CIN,PIT,29,31.0,47.0,342.0,3.0,0.0,5.0,3.0,0.0,2.0,0.0,0.0,0.0,0.0,0.0,0.0,27.98,27.98
2025,7,MB,QB,Matthew Stafford,LAR,@JAC,26,21.0,33.0,182.0,5.0,0.0,2.0,1.0,0.0,0.0,0.0,0.0,0.0,0.0,0.0,0.0,27.38,27.38
2025,7,MB,RB,Bijan Robinson,ATL,@SF,16,0.0,0.0,0.0,0.0,0.0,14.0,40.0,0.0,1.0,8.0,6.0,52.0,1.0,3.0,0.0,19.20,19.2
2025,7,MB,WR,Amon-Ra St Brown,DET,TB,12,0.0,0.0,0.0,0.0,0.0,0.0,0.0,0.0,0.0,10.0,6.0,86.0,1.0,3.0,0.0,17.60,17.6
2025,7,MB,RB,Tyrone Tracy,NYG,@DEN,11,0.0,0.0,0.0,0.0,0.0,9.0,46.0,1.0,2.0,0.0,0.0,0.0,0.0,0.0,0.0,12.60,12.6
2025,7,MB,TE,Juwan Johnson,NO,@CHI,12,0.0,0.0,0.0,0.0,0.0,0.0,0.0,0.0,0.0,7.0,5.0,79.0,0.0,3.0,0.0,10.90,10.9
2025,7,MB,WR,Marvin Harrison,ARI,GB,19,0.0,0.0,0.0,0.0,0.0,0.0,0.0,0.0,0.0,6.0,2.0,58.0,0.0,2.0,0.0,7.80,7.8
2025,7,MB,WR,Tre Harris,LAC,IND,29,0.0,0.0,0.0,0.0,0.0,0.0,0.0,0.0,0.0,2.0,2.0,23.0,0.0,2.0,0.0,4.30,4.3
2025,7,MB,RB,Jacory Croskey-Merritt,WAS,@DAL,30,0.0,0.0,0.0,0.0,0.0,13.0,33.0,0.0,1.0,2.0,1.0,-1.0,0.0,0.0,0.0,4.30,4.3
2025,7,MB,WR,Kendrick Bourne,SF,ATL,2,0.0,0.0,0.0,0.0,0.0,0.0,0.0,0.0,0.0,2.0,2.0,14.0,0.0,1.0,0.0,2.40,2.4
2025,7,MB,WR,Cooper Kupp,SEA,HOU,8,0.0,1.0,0.0,0.0,1.0,0.0,0.0,0.0,0.0,1.0,1.0,32.0,0.0,1.0,0.0,2.20,2.2
2025,7,MB,TE,Mark Andrews,BAL,BYE,---,0.0,0.0,0.0,0.0,0.0,0.0,0.0,0.0,0.0,0.0,0.0,0.0,0.0,0.0,0.0,-,0.0
2025,7,MB,RB,Aaron Jones,MIN,PHI,26,0.0,0.0,0.0,0.0,0.0,0.0,0.0,0.0,0.0,0.0,0.0,0.0,0.0,0.0,0.0,-,0.0
2025,7,MB,RB,Ray Davis,BUF,BYE,---,0.0,0.0,0.0,0.0,0.0,0.0,0.0,0.0,0.0,0.0,0.0,0.0,0.0,0.0,0.0,-,0.0
2025,7,MB,RB,Jarquez Hunter,LAR,@JAC,8,0.0,0.0,0.0,0.0,0.0,0.0,0.0,0.0,0.0,0.0,0.0,0.0,0.0,0.0,0.0,-,0.0
2025,7,MB,WR,Josh Palmer,BUF,BYE,---,0.0,0.0,0.0,0.0,0.0,0.0,0.0,0.0,0.0,0.0,0.0,0.0,0.0,0.0,0.0,-,0.0
2025,7,MB,QB,Kyler Murray,ARI,GB,15,0.0,0.0,0.0,0.0,0.0,0.0,0.0,0.0,0.0,0.0,0.0,0.0,0.0,0.0,0.0,-,0.0
2025,7,MB,RB,Isaac Guerendo,SF,ATL,18,0.0,0.0,0.0,0.0,0.0,0.0,0.0,0.0,0.0,0.0,0.0,0.0,0.0,0.0,0.0,0.00,0.0
2025,7,MB,DST,Chiefs,KC,LV,26,,,,,,,,,,,,,,,,14.00,14.0
2025,7,NBB,RB,D'Andre Swift,CHI,NO,25,0.0,0.0,0.0,0.0,0.0,19.0,124.0,1.0,6.0,1.0,1.0,14.0,0.0,1.0,0.0,26.80,26.8
2025,7,NBB,QB,Trevor Lawrence,JAC,LAR,9,23.0,48.0,296.0,1.0,0.0,2.0,18.0,0.0,1.0,0.0,0.0,0.0,0.0,0.0,0.0,18.64,18.64
2025,7,NBB,TE,Harold Fannin,CLE,MIA,25,0.0,0.0,0.0,0.0,0.0,0.0,0.0,0.0,0.0,5.0,4.0,36.0,0.0,2.0,0.0,5.60,5.6
2025,7,NBB,WR,Tetairoa McMillan,CAR,@NYJ,17,0.0,0.0,0.0,0.0,0.0,0.0,0.0,0.0,0.0,5.0,3.0,33.0,0.0,2.0,0.0,5.30,5.3
2025,7,NBB,RB,Blake Corum,LAR,@JAC,8,0.0,0.0,0.0,0.0,0.0,12.0,37.0,0.0,1.0,1.0,1.0,6.0,0.0,0.0,0.0,5.30,5.3
2025,7,NBB,WR,Brian Thomas,JAC,LAR,18,0.0,0.0,0.0,0.0,0.0,0.0,0.0,0.0,0.0,7.0,3.0,31.0,0.0,1.0,0.0,4.10,4.1
2025,7,NBB,RB,Bhayshul Tuten,JAC,LAR,4,0.0,0.0,0.0,0.0,0.0,5.0,22.0,0.0,0.0,0.0,0.0,0.0,0.0,0.0,0.0,2.20,2.2
2025,7,NBB,TE,Dallas Goedert,PHI,@MIN,7,0.0,0.0,0.0,0.0,0.0,0.0,0.0,0.0,0.0,3.0,3.0,18.0,0.0,0.0,0.0,1.80,1.8
2025,7,NBB,RB,Will Shipley,PHI,@MIN,14,0.0,0.0,0.0,0.0,0.0,0.0,0.0,0.0,0.0,1.0,1.0,7.0,0.0,0.0,0.0,0.70,0.7
2025,7,NBB,WR,Jameson Williams,DET,TB,12,0.0,0.0,0.0,0.0,0.0,0.0,0.0,0.0,0.0,2.0,0.0,0.0,0.0,0.0,0.0,0.00,0.0
2025,7,NBB,WR,Mike Evans,TB,@DET,27,0.0,0.0,0.0,0.0,0.0,0.0,0.0,0.0,0.0,4.0,0.0,0.0,0.0,0.0,0.0,0.00,0.0
2025,7,NBB,RB,Najee Harris,LAC,IND,6,0.0,0.0,0.0,0.0,0.0,0.0,0.0,0.0,0.0,0.0,0.0,0.0,0.0,0.0,0.0,-,0.0
2025,7,NBB,TE,David Njoku,CLE,MIA,25,0.0,0.0,0.0,0.0,0.0,0.0,0.0,0.0,0.0,0.0,0.0,0.0,0.0,0.0,0.0,-,0.0
2025,7,NBB,WR,Terry McLaurin,WAS,@DAL,32,0.0,0.0,0.0,0.0,0.0,0.0,0.0,0.0,0.0,0.0,0.0,0.0,0.0,0.0,0.0,-,0.0
2025,7,NBB,WR,Khalil Shakir,BUF,BYE,---,0.0,0.0,0.0,0.0,0.0,0.0,0.0,0.0,0.0,0.0,0.0,0.0,0.0,0.0,0.0,-,0.0
2025,7,NBB,WR,Chris Godwin,TB,@DET,27,0.0,0.0,0.0,0.0,0.0,0.0,0.0,0.0,0.0,0.0,0.0,0.0,0.0,0.0,0.0,-,0.0
2025,7,NBB,QB,Josh Allen,BUF,BYE,---,0.0,0.0,0.0,0.0,0.0,0.0,0.0,0.0,0.0,0.0,0.0,0.0,0.0,0.0,0.0,-,0.0
2025,7,NBB,WR,Jayden Reed,GB,@ARI,10,0.0,0.0,0.0,0.0,0.0,0.0,0.0,0.0,0.0,0.0,0.0,0.0,0.0,0.0,0.0,-,0.0
2025,7,NBB,DST,Giants,NYG,@DEN,6,,,,,,,,,,,,,,,,2.00,2.0
2025,7,PCP,WR,AJ Brown,PHI,@MIN,6,0.0,0.0,0.0,0.0,0.0,0.0,0.0,0.0,0.0,6.0,4.0,121.0,2.0,4.0,0.0,28.10,28.1
2025,7,PCP,TE,Pat Freiermuth,PIT,@CIN,32,0.0,0.0,0.0,0.0,0.0,0.0,0.0,0.0,0.0,6.0,5.0,111.0,2.0,3.0,0.0,26.10,26.1
2025,7,PCP,QB,Daniel Jones,IND,@LAC,14,23.0,34.0,288.0,2.0,0.0,5.0,7.0,0.0,0.0,0.0,0.0,0.0,0.0,0.0,0.0,22.22,22.22
2025,7,PCP,WR,Rashee Rice,KC,LV,28,0.0,0.0,0.0,0.0,0.0,0.0,0.0,0.0,0.0,10.0,7.0,42.0,2.0,4.0,0.0,20.20,20.2
2025,7,PCP,WR,CeeDee Lamb,DAL,WAS,23,0.0,0.0,0.0,0.0,0.0,0.0,0.0,0.0,0.0,8.0,5.0,110.0,1.0,3.0,0.0,20.00,20.0
2025,7,PCP,RB,Rico Dowdle,CAR,@NYJ,15,0.0,0.0,0.0,0.0,0.0,17.0,79.0,0.0,4.0,2.0,1.0,17.0,0.0,1.0,0.0,14.60,14.6
2025,7,PCP,TE,TJ Hockenson,MIN,PHI,3,0.0,0.0,0.0,0.0,0.0,0.0,0.0,0.0,0.0,9.0,6.0,43.0,0.0,1.0,0.0,5.30,5.3
2025,7,PCP,RB,Tyjae Spears,TEN,NE,5,0.0,0.0,0.0,0.0,0.0,5.0,22.0,0.0,1.0,4.0,3.0,18.0,0.0,0.0,0.0,5.00,5.0
2025,7,PCP,RB,Ashton Jeanty,LV,@KC,7,0.0,0.0,0.0,0.0,0.0,6.0,21.0,0.0,0.0,1.0,1.0,13.0,0.0,0.0,0.0,3.40,3.4
2025,7,PCP,RB,Nick Chubb,HOU,@SEA,10,0.0,0.0,0.0,0.0,0.0,5.0,16.0,0.0,0.0,3.0,1.0,-5.0,0.0,0.0,0.0,1.60,1.6
2025,7,PCP,RB,Devin Neal,NO,@CHI,24,0.0,0.0,0.0,0.0,0.0,1.0,1.0,0.0,0.0,0.0,0.0,0.0,0.0,0.0,0.0,0.10,0.1
2025,7,PCP,RB,DJ Giddens,IND,@LAC,23,0.0,0.0,0.0,0.0,0.0,0.0,0.0,0.0,0.0,0.0,0.0,0.0,0.0,0.0,0.0,0.00,0.0
2025,7,PCP,RB,Trey Benson,ARI,GB,3,0.0,0.0,0.0,0.0,0.0,0.0,0.0,0.0,0.0,0.0,0.0,0.0,0.0,0.0,0.0,-,0.0
2025,7,PCP,WR,Keon Coleman,BUF,BYE,---,0.0,0.0,0.0,0.0,0.0,0.0,0.0,0.0,0.0,0.0,0.0,0.0,0.0,0.0,0.0,-,0.0
2025,7,PCP,QB,Joe Burrow,CIN,PIT,29,0.0,0.0,0.0,0.0,0.0,0.0,0.0,0.0,0.0,0.0,0.0,0.0,0.0,0.0,0.0,-,0.0
2025,7,PCP,RB,Braelon Allen,NYJ,CAR,9,0.0,0.0,0.0,0.0,0.0,0.0,0.0,0.0,0.0,0.0,0.0,0.0,0.0,0.0,0.0,-,0.0
2025,7,PCP,WR,Garrett Wilson,NYJ,CAR,3,0.0,0.0,0.0,0.0,0.0,0.0,0.0,0.0,0.0,0.0,0.0,0.0,0.0,0.0,0.0,-,0.0
2025,7,PCP,TE,Luke Musgrave,GB,@ARI,27,0.0,0.0,0.0,0.0,0.0,0.0,0.0,0.0,0.0,0.0,0.0,0.0,0.0,0.0,0.0,0.00,0.0
2025,7,PCP,QB,Shedeur Sanders,CLE,MIA,28,0.0,0.0,0.0,0.0,0.0,0.0,0.0,0.0,0.0,0.0,0.0,0.0,0.0,0.0,0.0,-,0.0
2025,7,PCP,TE,Jake Tonges,SF,ATL,1,0.0,0.0,0.0,0.0,0.0,0.0,0.0,0.0,0.0,0.0,0.0,0.0,0.0,0.0,0.0,0.00,0.0
2025,7,PCP,DST,Ravens,BAL,BYE,---,,,,,,,,,,,,,,,,-,0.0
2025,7,PP,QB,Justin Herbert,LAC,IND,19,37.0,55.0,420.0,3.0,2.0,6.0,31.0,0.0,4.0,0.0,0.0,0.0,0.0,0.0,0.0,31.90,31.9
2025,7,PP,RB,Josh Jacobs,GB,@ARI,21,0.0,0.0,0.0,0.0,0.0,13.0,55.0,2.0,4.0,1.0,1.0,3.0,0.0,0.0,0.0,21.80,21.8
2025,7,PP,WR,Jordan Addison,MIN,PHI,20,0.0,0.0,0.0,0.0,0.0,0.0,0.0,0.0,0.0,12.0,9.0,128.0,0.0,6.0,0.0,18.80,18.8
2025,7,PP,TE,Tucker Kraft,GB,@ARI,27,0.0,0.0,0.0,0.0,0.0,0.0,0.0,0.0,0.0,10.0,5.0,58.0,1.0,4.0,0.0,15.80,15.8
2025,7,PP,WR,Courtland Sutton,DEN,NYG,30,0.0,0.0,0.0,0.0,0.0,0.0,0.0,0.0,0.0,10.0,6.0,87.0,0.0,4.0,0.0,14.70,14.7
2025,7,PP,QB,Carson Wentz,MIN,PHI,18,26.0,42.0,313.0,0.0,2.0,4.0,28.0,0.0,2.0,0.0,0.0,0.0,0.0,0.0,0.0,13.32,13.32
2025,7,PP,RB,De'Von Achane,MIA,@CLE,1,0.0,0.0,0.0,0.0,0.0,13.0,82.0,0.0,2.0,5.0,3.0,16.0,0.0,1.0,0.0,12.80,12.8
2025,7,PP,WR,Romeo Doubs,GB,@ARI,10,0.0,0.0,0.0,0.0,0.0,0.0,0.0,0.0,0.0,8.0,6.0,72.0,0.0,3.0,0.0,10.20,10.2
2025,7,PP,WR,Stefon Diggs,NE,@TEN,22,0.0,0.0,0.0,0.0,0.0,0.0,0.0,0.0,0.0,7.0,7.0,69.0,0.0,3.0,0.0,9.90,9.9
2025,7,PP,RB,Zonovan Knight,ARI,GB,3,0.0,0.0,0.0,0.0,0.0,14.0,57.0,0.0,2.0,4.0,3.0,7.0,0.0,1.0,0.0,9.40,9.4
2025,7,PP,TE,Travis Kelce,KC,LV,6,0.0,0.0,0.0,0.0,0.0,0.0,0.0,0.0,0.0,3.0,3.0,54.0,0.0,1.0,0.0,6.40,6.4
2025,7,PP,RB,Jaydon Blue,DAL,WAS,19,0.0,0.0,0.0,0.0,0.0,7.0,29.0,0.0,2.0,1.0,1.0,5.0,0.0,0.0,0.0,5.40,5.4
2025,7,PP,WR,Jauan Jennings,SF,ATL,2,0.0,0.0,0.0,0.0,0.0,0.0,0.0,0.0,0.0,7.0,4.0,31.0,0.0,2.0,0.0,5.10,5.1
2025,7,PP,WR,Tyreek Hill Dead Cap,MIA,0,0,0.0,0.0,0.0,0.0,0.0,0.0,0.0,0.0,0.0,0.0,0.0,0.0,0.0,0.0,0.0,-,0.0
2025,7,PP,QB,Jalen Milroe,SEA,HOU,1,0.0,0.0,0.0,0.0,0.0,0.0,0.0,0.0,0.0,0.0,0.0,0.0,0.0,0.0,0.0,-,0.0
2025,7,PP,WR,Jayden Higgins,HOU,@SEA,13,0.0,0.0,0.0,0.0,0.0,0.0,0.0,0.0,0.0,3.0,0.0,0.0,0.0,0.0,0.0,0.00,0.0
2025,7,PP,QB,JJ McCarthy,MIN,PHI,18,0.0,0.0,0.0,0.0,0.0,0.0,0.0,0.0,0.0,0.0,0.0,0.0,0.0,0.0,0.0,-,0.0
2025,7,PP,RB,Omarion Hampton,LAC,IND,6,0.0,0.0,0.0,0.0,0.0,0.0,0.0,0.0,0.0,0.0,0.0,0.0,0.0,0.0,0.0,-,0.0
2025,7,PP,WR,Calvin Ridley,TEN,NE,21,0.0,0.0,0.0,0.0,0.0,0.0,0.0,0.0,0.0,0.0,0.0,0.0,0.0,0.0,0.0,-,0.0
2025,7,PP,RB,MarShawn Lloyd,GB,@ARI,21,0.0,0.0,0.0,0.0,0.0,0.0,0.0,0.0,0.0,0.0,0.0,0.0,0.0,0.0,0.0,-,0.0
2025,7,PP,TE,Isaiah Likely,BAL,BYE,---,0.0,0.0,0.0,0.0,0.0,0.0,0.0,0.0,0.0,0.0,0.0,0.0,0.0,0.0,0.0,-,0.0
2025,7,PP,DST,Steelers,PIT,@CIN,28,,,,,,,,,,,,,,,,1.00,1.0
2025,7,RR,RB,Christian McCaffrey,SF,ATL,18,0.0,0.0,0.0,0.0,0.0,24.0,129.0,2.0,9.0,8.0,7.0,72.0,0.0,5.0,0.0,46.10,46.1
2025,7,RR,WR,Davante Adams,LAR,@JAC,26,0.0,0.0,0.0,0.0,0.0,0.0,0.0,0.0,0.0,8.0,5.0,35.0,3.0,5.0,0.0,26.50,26.5
2025,7,RR,TE,Tyler Warren,IND,@LAC,9,0.0,0.0,0.0,0.0,0.0,0.0,0.0,0.0,0.0,5.0,4.0,69.0,1.0,3.0,0.0,15.90,15.9
2025,7,RR,QB,Michael Penix,ATL,@SF,10,21.0,38.0,241.0,1.0,0.0,2.0,6.0,0.0,0.0,0.0,0.0,0.0,0.0,0.0,1.0,12.24,12.24
2025,7,RR,RB,Woody Marks,HOU,@SEA,10,0.0,0.0,0.0,0.0,0.0,10.0,15.0,0.0,1.0,5.0,3.0,20.0,1.0,1.0,0.0,11.50,11.5
2025,7,RR,WR,George Pickens,DAL,WAS,23,0.0,0.0,0.0,0.0,0.0,0.0,0.0,0.0,0.0,6.0,4.0,82.0,0.0,3.0,0.0,11.20,11.2
2025,7,RR,QB,Baker Mayfield,TB,@DET,21,28.0,50.0,228.0,1.0,1.0,0.0,0.0,0.0,0.0,0.0,0.0,0.0,0.0,0.0,0.0,11.12,11.12
2025,7,RR,WR,Justin Jefferson,MIN,PHI,20,0.0,0.0,0.0,0.0,0.0,0.0,0.0,0.0,0.0,10.0,5.0,79.0,0.0,3.0,0.0,10.90,10.9
2025,7,RR,TE,Kyle Pitts,ATL,@SF,15,0.0,0.0,0.0,0.0,0.0,0.0,0.0,0.0,0.0,10.0,7.0,62.0,0.0,4.0,0.0,10.20,10.2
2025,7,RR,WR,Darnell Mooney,ATL,@SF,9,0.0,0.0,0.0,0.0,0.0,0.0,0.0,0.0,0.0,5.0,3.0,68.0,0.0,3.0,0.0,9.80,9.8
2025,7,RR,WR,Marquise Brown,KC,LV,28,0.0,0.0,0.0,0.0,0.0,0.0,0.0,0.0,0.0,4.0,2.0,14.0,1.0,2.0,0.0,9.40,9.4
2025,7,RR,RB,Kenneth Walker,SEA,HOU,12,0.0,0.0,0.0,0.0,0.0,17.0,66.0,0.0,1.0,0.0,0.0,0.0,0.0,0.0,0.0,7.60,7.6
2025,7,RR,RB,Breece Hall,NYJ,CAR,9,0.0,0.0,0.0,0.0,0.0,11.0,38.0,0.0,2.0,3.0,2.0,14.0,0.0,0.0,0.0,7.20,7.2
2025,7,RR,RB,Kareem Hunt,KC,LV,20,0.0,0.0,0.0,0.0,0.0,4.0,18.0,0.0,3.0,0.0,0.0,0.0,0.0,0.0,0.0,4.80,4.8
2025,7,RR,QB,Tyler Shough,NO,@CHI,23,0.0,0.0,0.0,0.0,0.0,0.0,0.0,0.0,0.0,0.0,0.0,0.0,0.0,0.0,0.0,-,0.0
2025,7,RR,RB,Gus Edwards,LAC,IND,6,0.0,0.0,0.0,0.0,0.0,0.0,0.0,0.0,0.0,0.0,0.0,0.0,0.0,0.0,0.0,-,0.0
2025,7,RR,RB,Kaleb Johnson,PIT,@CIN,32,0.0,0.0,0.0,0.0,0.0,0.0,0.0,0.0,0.0,0.0,0.0,0.0,0.0,0.0,0.0,-,0.0
2025,7,RR,WR,Jalen McMillan,TB,@DET,27,0.0,0.0,0.0,0.0,0.0,0.0,0.0,0.0,0.0,0.0,0.0,0.0,0.0,0.0,0.0,-,0.0
2025,7,RR,WR,Cedric Tillman,CLE,MIA,7,0.0,0.0,0.0,0.0,0.0,0.0,0.0,0.0,0.0,0.0,0.0,0.0,0.0,0.0,0.0,-,0.0
2025,7,RR,QB,Tua Tagovailoa,MIA,@CLE,2,12.0,23.0,100.0,0.0,3.0,3.0,6.0,0.0,0.0,0.0,0.0,0.0,0.0,0.0,0.0,-1.40,-1.4
2025,7,RR,DST,Packers,GB,@ARI,19,,,,,,,,,,,,,,,,10.00,10.0
2025,7,SBS,RB,Jonathan Taylor,IND,@LAC,23,0.0,0.0,0.0,0.0,0.0,16.0,94.0,3.0,8.0,3.0,3.0,38.0,0.0,2.0,0.0,41.20,41.2
2025,7,SBS,RB,Kyle Monangai,CHI,NO,25,0.0,0.0,0.0,0.0,0.0,13.0,81.0,1.0,6.0,3.0,2.0,13.0,0.0,1.0,0.0,22.40,22.4
2025,7,SBS,QB,Jayden Daniels,WAS,@DAL,32,12.0,22.0,156.0,1.0,0.0,8.0,35.0,1.0,4.0,0.0,0.0,0.0,0.0,0.0,1.0,21.74,21.74
2025,7,SBS,WR,Wan'Dale Robinson,NYG,@DEN,1,0.0,0.0,0.0,0.0,0.0,0.0,0.0,0.0,0.0,12.0,6.0,95.0,0.0,5.0,0.0,14.50,14.5
2025,7,SBS,WR,Troy Franklin,DEN,NYG,30,0.0,0.0,0.0,0.0,0.0,0.0,0.0,0.0,0.0,10.0,3.0,19.0,1.0,2.0,0.0,11.90,11.9
2025,7,SBS,TE,Zach Ertz,WAS,@DAL,13,0.0,0.0,0.0,0.0,0.0,0.0,0.0,0.0,0.0,7.0,3.0,37.0,1.0,2.0,0.0,11.70,11.7
2025,7,SBS,WR,Jaylin Noel,HOU,@SEA,13,0.0,0.0,0.0,0.0,0.0,0.0,0.0,0.0,0.0,7.0,4.0,77.0,0.0,3.0,0.0,10.70,10.7
2025,7,SBS,RB,Chuba Hubbard,CAR,@NYJ,15,0.0,0.0,0.0,0.0,0.0,14.0,31.0,0.0,3.0,3.0,2.0,24.0,0.0,1.0,0.0,9.50,9.5
2025,7,SBS,QB,Dillon Gabriel,CLE,MIA,28,13.0,18.0,116.0,0.0,0.0,4.0,12.0,0.0,0.0,0.0,0.0,0.0,0.0,0.0,0.0,5.84,5.84
2025,7,SBS,TE,Mason Taylor,NYJ,CAR,29,0.0,0.0,0.0,0.0,0.0,0.0,0.0,0.0,0.0,5.0,3.0,31.0,0.0,2.0,0.0,5.10,5.1
2025,7,SBS,RB,David Montgomery,DET,TB,22,0.0,0.0,0.0,0.0,0.0,13.0,21.0,0.0,0.0,3.0,2.0,18.0,0.0,1.0,0.0,4.90,4.9
2025,7,SBS,RB,Kenneth Gainwell,PIT,@CIN,32,0.0,0.0,0.0,0.0,0.0,3.0,14.0,0.0,1.0,2.0,2.0,1.0,0.0,0.0,0.0,2.50,2.5
2025,7,SBS,RB,Dylan Sampson,CLE,MIA,29,0.0,0.0,0.0,0.0,0.0,3.0,8.0,0.0,0.0,1.0,1.0,9.0,0.0,0.0,0.0,1.70,1.7
2025,7,SBS,RB,TreVeyon Henderson,NE,@TEN,28,0.0,0.0,0.0,0.0,0.0,2.0,5.0,0.0,0.0,0.0,0.0,0.0,0.0,0.0,0.0,0.50,0.5
2025,7,SBS,QB,Lamar Jackson,BAL,BYE,---,0.0,0.0,0.0,0.0,0.0,0.0,0.0,0.0,0.0,0.0,0.0,0.0,0.0,0.0,0.0,-,0.0
2025,7,SBS,WR,Deebo Samuel,WAS,@DAL,32,0.0,0.0,0.0,0.0,0.0,0.0,0.0,0.0,0.0,0.0,0.0,0.0,0.0,0.0,0.0,-,0.0
2025,7,SBS,WR,Christian Kirk,HOU,@SEA,13,0.0,0.0,0.0,0.0,0.0,0.0,0.0,0.0,0.0,0.0,0.0,0.0,0.0,0.0,0.0,-,0.0
2025,7,SBS,WR,Rashod Bateman,BAL,BYE,---,0.0,0.0,0.0,0.0,0.0,0.0,0.0,0.0,0.0,0.0,0.0,0.0,0.0,0.0,0.0,-,0.0
2025,7,SBS,WR,Christian Watson,GB,@ARI,10,0.0,0.0,0.0,0.0,0.0,0.0,0.0,0.0,0.0,0.0,0.0,0.0,0.0,0.0,0.0,-,0.0
2025,7,SBS,DST,Lions,DET,TB,13,,,,,,,,,,,,,,,,15.00,15.0
2025,8,ABT,RB,Saquon Barkley,PHI,NYG,25,0.0,0.0,0.0,0.0,0.0,14.0,150.0,1.0,4.0,5.0,4.0,24.0,1.0,2.0,0.0,35.40,35.4
2025,8,ABT,RB,Chase Brown,CIN,NYJ,22,0.0,0.0,0.0,0.0,0.0,12.0,73.0,1.0,5.0,3.0,3.0,32.0,1.0,1.0,0.0,28.50,28.5
2025,8,ABT,WR,Roman Wilson,PIT,GB,21,0.0,0.0,0.0,0.0,0.0,0.0,0.0,0.0,0.0,5.0,4.0,74.0,1.0,3.0,0.0,16.40,16.4
2025,8,ABT,WR,Josh Downs,IND,TEN,23,0.0,0.0,0.0,0.0,0.0,0.0,0.0,0.0,0.0,3.0,3.0,39.0,1.0,3.0,0.0,12.90,12.9
2025,8,ABT,QB,Caleb Williams,CHI,@BAL,28,25.0,38.0,285.0,0.0,1.0,3.0,24.0,0.0,1.0,0.0,0.0,0.0,0.0,0.0,0.0,12.80,12.8
2025,8,ABT,WR,DJ Moore,CHI,@BAL,31,0.0,0.0,0.0,0.0,0.0,2.0,3.0,0.0,0.0,7.0,4.0,73.0,0.0,3.0,0.0,10.60,10.6
2025,8,ABT,RB,Rachaad White,TB,@NO,21,0.0,0.0,0.0,0.0,0.0,13.0,35.0,0.0,2.0,2.0,2.0,26.0,0.0,2.0,0.0,10.10,10.1
2025,8,ABT,QB,Dak Prescott,DAL,@DEN,2,19.0,31.0,188.0,0.0,2.0,6.0,31.0,0.0,2.0,0.0,0.0,0.0,0.0,0.0,0.0,8.62,8.62
2025,8,ABT,TE,Hunter Henry,NE,CLE,16,0.0,0.0,0.0,0.0,0.0,0.0,0.0,0.0,0.0,1.0,1.0,7.0,1.0,1.0,0.0,7.70,7.7
2025,8,ABT,WR,Chris Olave,NO,TB,11,0.0,0.0,0.0,0.0,0.0,1.0,-3.0,0.0,0.0,12.0,8.0,63.0,0.0,1.0,0.0,7.30,7.3
2025,8,ABT,RB,Keaton Mitchell,BAL,CHI,24,0.0,0.0,0.0,0.0,0.0,4.0,43.0,0.0,2.0,0.0,0.0,0.0,0.0,0.0,0.0,6.30,6.3
2025,8,ABT,TE,Colston Loveland,CHI,@BAL,21,0.0,0.0,0.0,0.0,0.0,0.0,0.0,0.0,0.0,5.0,3.0,38.0,0.0,2.0,0.0,5.80,5.8
2025,8,ABT,WR,Calvin Austin,PIT,GB,21,0.0,0.0,0.0,0.0,0.0,0.0,0.0,0.0,0.0,6.0,4.0,28.0,0.0,1.0,0.0,3.80,3.8
2025,8,ABT,WR,Sterling Shepard,TB,@NO,9,0.0,0.0,0.0,0.0,0.0,0.0,0.0,0.0,0.0,2.0,1.0,8.0,0.0,0.0,0.0,0.80,0.8
2025,8,ABT,RB,Jonathon Brooks,CAR,BUF,27,0.0,0.0,0.0,0.0,0.0,0.0,0.0,0.0,0.0,0.0,0.0,0.0,0.0,0.0,0.0,-,0.0
2025,8,ABT,WR,Puka Nacua,LAR,BYE,---,0.0,0.0,0.0,0.0,0.0,0.0,0.0,0.0,0.0,0.0,0.0,0.0,0.0,0.0,0.0,-,0.0
2025,8,ABT,QB,Bryce Young,CAR,BUF,6,0.0,0.0,0.0,0.0,0.0,0.0,0.0,0.0,0.0,0.0,0.0,0.0,0.0,0.0,0.0,-,0.0
2025,8,ABT,WR,Tre Tucker,LV,BYE,---,0.0,0.0,0.0,0.0,0.0,0.0,0.0,0.0,0.0,0.0,0.0,0.0,0.0,0.0,0.0,-,0.0
2025,8,ABT,TE,Brenton Strange,JAC,BYE,---,0.0,0.0,0.0,0.0,0.0,0.0,0.0,0.0,0.0,0.0,0.0,0.0,0.0,0.0,0.0,-,0.0
2025,8,ABT,DST,Eagles,PHI,NYG,22,,,,,,,,,,,,,,,,6.00,6.0
2025,8,CLC,QB,Jordan Love,GB,@PIT,31,29.0,37.0,360.0,3.0,0.0,1.0,-1.0,0.0,0.0,0.0,0.0,0.0,0.0,0.0,0.0,28.40,28.4
2025,8,CLC,QB,Justin Fields,NYJ,@CIN,25,21.0,32.0,244.0,1.0,0.0,11.0,31.0,0.0,3.0,0.0,0.0,0.0,0.0,0.0,0.0,23.86,23.86
2025,8,CLC,RB,Javonte Williams,DAL,@DEN,11,0.0,0.0,0.0,0.0,0.0,13.0,41.0,2.0,4.0,2.0,1.0,8.0,0.0,0.0,0.0,20.90,20.9
2025,8,CLC,WR,Jaylen Waddle,MIA,@ATL,7,0.0,0.0,0.0,0.0,0.0,0.0,0.0,0.0,0.0,6.0,5.0,99.0,1.0,4.0,0.0,19.90,19.9
2025,8,CLC,RB,Ollie Gordon,MIA,@ATL,23,0.0,0.0,0.0,0.0,0.0,10.0,46.0,0.0,6.0,1.0,1.0,20.0,1.0,1.0,0.0,19.60,19.6
2025,8,CLC,WR,Rome Odunze,CHI,@BAL,31,0.0,0.0,0.0,0.0,0.0,0.0,0.0,0.0,0.0,10.0,7.0,114.0,0.0,7.0,0.0,18.40,18.4
2025,8,CLC,RB,Isaiah Davis,NYJ,@CIN,32,0.0,0.0,0.0,0.0,0.0,7.0,65.0,0.0,1.0,5.0,5.0,44.0,0.0,1.0,0.0,14.90,14.9
2025,8,CLC,WR,DeVonta Smith,PHI,NYG,30,0.0,0.0,0.0,0.0,0.0,0.0,0.0,0.0,0.0,9.0,6.0,84.0,0.0,5.0,0.0,13.40,13.4
2025,8,CLC,QB,Cam Ward,TEN,@IND,19,22.0,38.0,259.0,1.0,1.0,2.0,4.0,0.0,0.0,0.0,0.0,0.0,0.0,0.0,0.0,12.76,12.76
2025,8,CLC,RB,Alvin Kamara,NO,TB,15,0.0,0.0,0.0,0.0,0.0,6.0,21.0,0.0,1.0,2.0,2.0,24.0,0.0,1.0,0.0,6.50,6.5
2025,8,CLC,TE,Dalton Kincaid,BUF,@CAR,25,0.0,0.0,0.0,0.0,0.0,0.0,0.0,0.0,0.0,3.0,1.0,23.0,0.0,1.0,0.0,3.30,3.3
2025,8,CLC,WR,Marvin Mims,DEN,DAL,32,0.0,0.0,0.0,0.0,0.0,3.0,18.0,0.0,1.0,1.0,0.0,0.0,0.0,0.0,0.0,2.80,2.8
2025,8,CLC,RB,Trevor Etienne,CAR,BUF,27,0.0,0.0,0.0,0.0,0.0,4.0,16.0,0.0,1.0,0.0,0.0,0.0,0.0,0.0,0.0,2.60,2.6
2025,8,CLC,RB,Justice Hill,BAL,CHI,24,0.0,0.0,0.0,0.0,0.0,1.0,2.0,0.0,0.0,0.0,0.0,0.0,0.0,0.0,0.0,0.20,0.2
2025,8,CLC,WR,Ja'Lynn Polk,NO,TB,11,0.0,0.0,0.0,0.0,0.0,0.0,0.0,0.0,0.0,0.0,0.0,0.0,0.0,0.0,0.0,-,0.0
2025,8,CLC,WR,Nico Collins,HOU,SF,20,0.0,0.0,0.0,0.0,0.0,0.0,0.0,0.0,0.0,0.0,0.0,0.0,0.0,0.0,0.0,-,0.0
2025,8,CLC,WR,Ricky Pearsall,SF,@HOU,6,0.0,0.0,0.0,0.0,0.0,0.0,0.0,0.0,0.0,0.0,0.0,0.0,0.0,0.0,0.0,-,0.0
2025,8,CLC,TE,Terrance Ferguson,LAR,BYE,---,0.0,0.0,0.0,0.0,0.0,0.0,0.0,0.0,0.0,0.0,0.0,0.0,0.0,0.0,0.0,-,0.0
2025,8,CLC,RB,Zack Moss Dead Cap,CIN,0,0,0.0,0.0,0.0,0.0,0.0,0.0,0.0,0.0,0.0,0.0,0.0,0.0,0.0,0.0,0.0,-,0.0
2025,8,CLC,DST,Bears,CHI,@BAL,23,,,,,,,,,,,,,,,,1.00,1.0
2025,8,CPC,RB,James Cook,BUF,@CAR,13,0.0,0.0,0.0,0.0,0.0,19.0,216.0,2.0,10.0,0.0,0.0,0.0,0.0,0.0,0.0,43.60,43.6
2025,8,CPC,QB,Drake Maye,NE,CLE,3,18.0,24.0,282.0,3.0,1.0,7.0,50.0,0.0,2.0,0.0,0.0,0.0,0.0,0.0,0.0,28.28,28.28
2025,8,CPC,RB,Derrick Henry,BAL,CHI,24,0.0,0.0,0.0,0.0,0.0,21.0,71.0,2.0,6.0,1.0,0.0,0.0,0.0,0.0,0.0,25.10,25.1
2025,8,CPC,WR,Ladd McConkey,LAC,MIN,8,0.0,0.0,0.0,0.0,0.0,0.0,0.0,0.0,0.0,10.0,6.0,88.0,1.0,4.0,0.0,18.80,18.8
2025,8,CPC,RB,JK Dobbins,DEN,DAL,31,0.0,0.0,0.0,0.0,0.0,15.0,111.0,0.0,5.0,2.0,2.0,10.0,0.0,0.0,0.0,17.10,17.1
2025,8,CPC,WR,Ja'Marr Chase,CIN,NYJ,16,0.0,0.0,0.0,0.0,0.0,0.0,0.0,0.0,0.0,19.0,12.0,91.0,0.0,5.0,0.0,14.10,14.1
2025,8,CPC,TE,George Kittle,SF,@HOU,5,0.0,0.0,0.0,0.0,0.0,0.0,0.0,0.0,0.0,5.0,4.0,43.0,1.0,2.0,0.0,12.30,12.3
2025,8,CPC,WR,Tee Higgins,CIN,NYJ,16,0.0,0.0,0.0,0.0,0.0,0.0,0.0,0.0,0.0,2.0,1.0,44.0,1.0,1.0,0.0,11.40,11.4
2025,8,CPC,RB,Tyler Allgeier,ATL,MIA,28,0.0,0.0,0.0,0.0,0.0,4.0,4.0,1.0,1.0,2.0,2.0,10.0,0.0,1.0,0.0,9.40,9.4
2025,8,CPC,RB,Tony Pollard,TEN,@IND,8,0.0,0.0,0.0,0.0,0.0,11.0,44.0,0.0,3.0,2.0,1.0,9.0,0.0,1.0,0.0,9.30,9.3
2025,8,CPC,TE,Ja'Tavion Sanders,CAR,BUF,2,0.0,0.0,0.0,0.0,0.0,0.0,0.0,0.0,0.0,3.0,3.0,19.0,0.0,0.0,0.0,1.90,1.9
2025,8,CPC,RB,Quinshon Judkins,CLE,@NE,2,0.0,0.0,0.0,0.0,0.0,9.0,19.0,0.0,0.0,3.0,3.0,-2.0,0.0,0.0,0.0,1.90,1.9
2025,8,CPC,WR,Matthew Golden,GB,@PIT,26,0.0,0.0,0.0,0.0,0.0,0.0,0.0,0.0,0.0,3.0,3.0,4.0,0.0,1.0,0.0,1.40,1.4
2025,8,CPC,RB,Jordan Mason,MIN,@LAC,17,0.0,0.0,0.0,0.0,0.0,4.0,3.0,0.0,0.0,1.0,1.0,3.0,0.0,0.0,0.0,0.60,0.6
2025,8,CPC,WR,Jalen Royals,KC,WAS,24,0.0,0.0,0.0,0.0,0.0,0.0,0.0,0.0,0.0,0.0,0.0,0.0,0.0,0.0,0.0,-,0.0
2025,8,CPC,WR,Dontayvion Wicks Dead Cap,GB,0,0,0.0,0.0,0.0,0.0,0.0,0.0,0.0,0.0,0.0,0.0,0.0,0.0,0.0,0.0,0.0,-,0.0
2025,8,CPC,QB,Geno Smith,LV,BYE,---,0.0,0.0,0.0,0.0,0.0,0.0,0.0,0.0,0.0,0.0,0.0,0.0,0.0,0.0,0.0,-,0.0
2025,8,CPC,QB,Sam Darnold,SEA,BYE,---,0.0,0.0,0.0,0.0,0.0,0.0,0.0,0.0,0.0,0.0,0.0,0.0,0.0,0.0,0.0,-,0.0
2025,8,CPC,RB,Brian Robinson,SF,@HOU,10,0.0,0.0,0.0,0.0,0.0,0.0,0.0,0.0,0.0,0.0,0.0,0.0,0.0,0.0,0.0,0.00,0.0
2025,8,CPC,WR,Jakobi Meyers,LV,BYE,---,0.0,0.0,0.0,0.0,0.0,0.0,0.0,0.0,0.0,0.0,0.0,0.0,0.0,0.0,0.0,-,0.0
2025,8,CPC,DST,Texans,HOU,SF,25,,,,,,,,,,,,,,,,6.00,6.0
2025,8,DDD,RB,Kimani Vidal,LAC,MIN,16,0.0,0.0,0.0,0.0,0.0,23.0,117.0,1.0,8.0,2.0,1.0,10.0,0.0,1.0,0.0,27.70,27.7
2025,8,DDD,QB,Mac Jones,SF,@HOU,1,19.0,32.0,193.0,2.0,1.0,2.0,23.0,0.0,1.0,0.0,0.0,0.0,0.0,0.0,0.0,19.02,19.02
2025,8,DDD,WR,Zay Flowers,BAL,CHI,22,0.0,0.0,0.0,0.0,0.0,1.0,8.0,0.0,1.0,9.0,7.0,63.0,0.0,4.0,0.0,12.10,12.1
2025,8,DDD,RB,Cam Skattebo,NYG,@PHI,26,0.0,0.0,0.0,0.0,0.0,3.0,12.0,0.0,0.0,2.0,1.0,18.0,1.0,1.0,0.0,10.00,10.0
2025,8,DDD,WR,Keenan Allen,LAC,MIN,8,0.0,0.0,0.0,0.0,0.0,0.0,0.0,0.0,0.0,5.0,4.0,44.0,0.0,4.0,0.0,8.40,8.4
2025,8,DDD,WR,Tez Johnson,TB,@NO,9,0.0,0.0,0.0,0.0,0.0,0.0,0.0,0.0,0.0,6.0,5.0,43.0,0.0,3.0,0.0,7.30,7.3
2025,8,DDD,WR,Elic Ayomanor,TEN,@IND,28,0.0,0.0,0.0,0.0,0.0,0.0,0.0,0.0,0.0,8.0,4.0,52.0,0.0,2.0,0.0,7.20,7.2
2025,8,DDD,WR,Emeka Egbuka,TB,@NO,9,0.0,0.0,0.0,0.0,0.0,0.0,0.0,0.0,0.0,9.0,3.0,35.0,0.0,1.0,0.0,4.50,4.5
2025,8,DDD,TE,Theo Johnson,NYG,@PHI,3,0.0,0.0,0.0,0.0,0.0,0.0,0.0,0.0,0.0,4.0,3.0,20.0,0.0,2.0,0.0,4.00,4.0
2025,8,DDD,QB,Spencer Rattler,NO,TB,18,15.0,21.0,136.0,0.0,1.0,3.0,12.0,0.0,1.0,0.0,0.0,0.0,0.0,0.0,1.0,3.64,3.64
2025,8,DDD,WR,Malik Nabers,NYG,@PHI,13,0.0,0.0,0.0,0.0,0.0,0.0,0.0,0.0,0.0,0.0,0.0,0.0,0.0,0.0,0.0,-,0.0
2025,8,DDD,RB,Kendre Miller,NO,TB,15,0.0,0.0,0.0,0.0,0.0,0.0,0.0,0.0,0.0,0.0,0.0,0.0,0.0,0.0,0.0,-,0.0
2025,8,DDD,TE,Sam LaPorta,DET,BYE,---,0.0,0.0,0.0,0.0,0.0,0.0,0.0,0.0,0.0,0.0,0.0,0.0,0.0,0.0,0.0,-,0.0
2025,8,DDD,QB,Jared Goff,DET,BYE,---,0.0,0.0,0.0,0.0,0.0,0.0,0.0,0.0,0.0,0.0,0.0,0.0,0.0,0.0,0.0,-,0.0
2025,8,DDD,QB,Deshaun Watson Dead Cap,CLE,0,0,0.0,0.0,0.0,0.0,0.0,0.0,0.0,0.0,0.0,0.0,0.0,0.0,0.0,0.0,0.0,-,0.0
2025,8,DDD,RB,Bucky Irving,TB,@NO,21,0.0,0.0,0.0,0.0,0.0,0.0,0.0,0.0,0.0,0.0,0.0,0.0,0.0,0.0,0.0,-,0.0
2025,8,DDD,WR,Adonai Mitchell,IND,TEN,23,0.0,0.0,0.0,0.0,0.0,0.0,0.0,0.0,0.0,1.0,0.0,0.0,0.0,0.0,0.0,0.00,0.0
2025,8,DDD,RB,Jahmyr Gibbs,DET,BYE,---,0.0,0.0,0.0,0.0,0.0,0.0,0.0,0.0,0.0,0.0,0.0,0.0,0.0,0.0,0.0,-,0.0
2025,8,DDD,WR,Tank Dell,HOU,SF,20,0.0,0.0,0.0,0.0,0.0,0.0,0.0,0.0,0.0,0.0,0.0,0.0,0.0,0.0,0.0,-,0.0
2025,8,DDD,WR,Quentin Johnston,LAC,MIN,8,0.0,0.0,0.0,0.0,0.0,0.0,0.0,0.0,0.0,0.0,0.0,0.0,0.0,0.0,0.0,0.00,0.0
2025,8,DDD,QB,Brock Purdy,SF,@HOU,1,0.0,0.0,0.0,0.0,0.0,0.0,0.0,0.0,0.0,0.0,0.0,0.0,0.0,0.0,0.0,-,0.0
2025,8,DDD,DST,Cardinals,ARI,BYE,---,,,,,,,,,,,,,,,,-,0.0
2025,8,LBC,RB,RJ Harvey,DEN,DAL,31,0.0,0.0,0.0,0.0,0.0,7.0,46.0,2.0,2.0,1.0,1.0,5.0,1.0,1.0,0.0,26.10,26.1
2025,8,LBC,QB,CJ Stroud,HOU,SF,17,30.0,39.0,318.0,2.0,1.0,7.0,30.0,0.0,4.0,0.0,0.0,0.0,0.0,0.0,0.0,25.72,25.72
2025,8,LBC,QB,Bo Nix,DEN,DAL,32,19.0,29.0,247.0,4.0,1.0,1.0,-1.0,0.0,0.0,0.0,0.0,0.0,0.0,0.0,0.0,23.88,23.88
2025,8,LBC,WR,Michael Pittman,IND,TEN,23,0.0,0.0,0.0,0.0,0.0,0.0,0.0,0.0,0.0,9.0,8.0,95.0,1.0,5.0,0.0,20.50,20.5
2025,8,LBC,QB,Aaron Rodgers,PIT,GB,13,24.0,36.0,219.0,2.0,0.0,0.0,0.0,0.0,0.0,0.0,0.0,0.0,0.0,0.0,0.0,16.76,16.76
2025,8,LBC,RB,Isiah Pacheco,KC,WAS,19,0.0,0.0,0.0,0.0,0.0,12.0,58.0,0.0,3.0,0.0,0.0,0.0,0.0,0.0,0.0,8.80,8.8
2025,8,LBC,TE,Evan Engram,DEN,DAL,11,0.0,0.0,0.0,0.0,0.0,0.0,0.0,0.0,0.0,4.0,4.0,36.0,0.0,4.0,0.0,7.60,7.6
2025,8,LBC,WR,Jalen Coker,CAR,BUF,15,0.0,0.0,0.0,0.0,0.0,0.0,0.0,0.0,0.0,4.0,3.0,36.0,0.0,3.0,0.0,6.60,6.6
2025,8,LBC,RB,Rhamondre Stevenson,NE,CLE,4,0.0,0.0,0.0,0.0,0.0,14.0,34.0,0.0,0.0,2.0,1.0,15.0,0.0,1.0,0.0,5.90,5.9
2025,8,LBC,WR,Isaac TeSlaa,DET,BYE,---,0.0,0.0,0.0,0.0,0.0,0.0,0.0,0.0,0.0,0.0,0.0,0.0,0.0,0.0,0.0,-,0.0
2025,8,LBC,WR,Jaxon Smith-Njigba,SEA,BYE,---,0.0,0.0,0.0,0.0,0.0,0.0,0.0,0.0,0.0,0.0,0.0,0.0,0.0,0.0,0.0,-,0.0
2025,8,LBC,WR,Jack Bech,LV,BYE,---,0.0,0.0,0.0,0.0,0.0,0.0,0.0,0.0,0.0,0.0,0.0,0.0,0.0,0.0,0.0,-,0.0
2025,8,LBC,RB,Kyren Williams,LAR,BYE,---,0.0,0.0,0.0,0.0,0.0,0.0,0.0,0.0,0.0,0.0,0.0,0.0,0.0,0.0,0.0,-,0.0
2025,8,LBC,WR,Brandon Aiyuk,SF,@HOU,6,0.0,0.0,0.0,0.0,0.0,0.0,0.0,0.0,0.0,0.0,0.0,0.0,0.0,0.0,0.0,-,0.0
2025,8,LBC,WR,Drake London,ATL,MIA,3,0.0,0.0,0.0,0.0,0.0,0.0,0.0,0.0,0.0,0.0,0.0,0.0,0.0,0.0,0.0,-,0.0
2025,8,LBC,TE,Trey McBride,ARI,BYE,---,0.0,0.0,0.0,0.0,0.0,0.0,0.0,0.0,0.0,0.0,0.0,0.0,0.0,0.0,0.0,-,0.0
2025,8,LBC,WR,Jerry Jeudy,CLE,@NE,12,0.0,0.0,0.0,0.0,0.0,0.0,0.0,0.0,0.0,2.0,0.0,0.0,0.0,0.0,0.0,0.00,0.0
2025,8,LBC,WR,Kyle Williams,NE,CLE,19,0.0,0.0,0.0,0.0,0.0,0.0,0.0,0.0,0.0,0.0,0.0,0.0,0.0,0.0,0.0,0.00,0.0
2025,8,LBC,WR,Michael Wilson Dead Cap,ARI,0,0,0.0,0.0,0.0,0.0,0.0,0.0,0.0,0.0,0.0,0.0,0.0,0.0,0.0,0.0,0.0,-,0.0
2025,8,LBC,RB,Travis Etienne,JAC,BYE,---,0.0,0.0,0.0,0.0,0.0,0.0,0.0,0.0,0.0,0.0,0.0,0.0,0.0,0.0,0.0,-,0.0
2025,8,LBC,TE,Brock Bowers,LV,BYE,---,0.0,0.0,0.0,0.0,0.0,0.0,0.0,0.0,0.0,0.0,0.0,0.0,0.0,0.0,0.0,-,0.0
2025,8,LBC,DST,Broncos,DEN,DAL,2,,,,,,,,,,,,,,,,6.00,6.0
2025,8,LC,QB,Jalen Hurts,PHI,NYG,30,15.0,20.0,179.0,4.0,0.0,4.0,22.0,0.0,2.0,0.0,0.0,0.0,0.0,0.0,0.0,27.36,27.36
2025,8,LC,QB,Patrick Mahomes,KC,WAS,29,25.0,34.0,299.0,3.0,2.0,4.0,30.0,0.0,1.0,0.0,0.0,0.0,0.0,0.0,0.0,23.96,23.96
2025,8,LC,WR,Kayshon Boutte,NE,CLE,19,0.0,0.0,0.0,0.0,0.0,0.0,0.0,0.0,0.0,5.0,3.0,75.0,1.0,2.0,0.0,15.50,15.5
2025,8,LC,WR,DK Metcalf,PIT,GB,21,0.0,0.0,0.0,0.0,0.0,0.0,0.0,0.0,0.0,7.0,5.0,55.0,1.0,4.0,0.0,15.50,15.5
2025,8,LC,RB,Jaylen Warren,PIT,GB,3,0.0,0.0,0.0,0.0,0.0,13.0,62.0,0.0,2.0,3.0,2.0,11.0,0.0,1.0,0.0,10.30,10.3
2025,8,LC,WR,Rashid Shaheed,NO,TB,11,0.0,0.0,0.0,0.0,0.0,0.0,0.0,0.0,0.0,12.0,9.0,75.0,0.0,4.0,1.0,9.50,9.5
2025,8,LC,WR,Xavier Worthy,KC,WAS,24,0.0,0.0,0.0,0.0,0.0,0.0,0.0,0.0,0.0,7.0,5.0,53.0,0.0,2.0,0.0,7.30,7.3
2025,8,LC,TE,Dalton Schultz,HOU,SF,10,0.0,0.0,0.0,0.0,0.0,0.0,0.0,0.0,0.0,3.0,2.0,24.0,0.0,1.0,0.0,3.40,3.4
2025,8,LC,WR,Luke McCaffrey,WAS,@KC,2,0.0,0.0,0.0,0.0,0.0,0.0,0.0,0.0,0.0,3.0,3.0,24.0,0.0,1.0,0.0,3.40,3.4
2025,8,LC,WR,Xavier Legette,CAR,BUF,15,0.0,0.0,0.0,0.0,0.0,0.0,0.0,0.0,0.0,3.0,2.0,17.0,0.0,1.0,0.0,2.70,2.7
2025,8,LC,WR,DeAndre Hopkins,BAL,CHI,22,0.0,0.0,0.0,0.0,0.0,0.0,0.0,0.0,0.0,1.0,1.0,14.0,0.0,1.0,0.0,2.40,2.4
2025,8,LC,TE,Jake Ferguson,DAL,@DEN,12,0.0,0.0,0.0,0.0,0.0,0.0,0.0,0.0,0.0,1.0,0.0,0.0,0.0,0.0,0.0,0.00,0.0
2025,8,LC,WR,Luther Burden,CHI,@BAL,31,0.0,0.0,0.0,0.0,0.0,0.0,0.0,0.0,0.0,1.0,1.0,-1.0,0.0,0.0,0.0,0.00,0.0
2025,8,LC,WR,Travis Hunter,JAC,BYE,---,0.0,0.0,0.0,0.0,0.0,0.0,0.0,0.0,0.0,0.0,0.0,0.0,0.0,0.0,0.0,-,0.0
2025,8,LC,RB,Jerome Ford,CLE,@NE,2,0.0,0.0,0.0,0.0,0.0,0.0,0.0,0.0,0.0,2.0,1.0,-1.0,0.0,0.0,0.0,0.00,0.0
2025,8,LC,WR,Tory Horton,SEA,BYE,---,0.0,0.0,0.0,0.0,0.0,0.0,0.0,0.0,0.0,0.0,0.0,0.0,0.0,0.0,0.0,-,0.0
2025,8,LC,RB,James Conner,ARI,BYE,---,0.0,0.0,0.0,0.0,0.0,0.0,0.0,0.0,0.0,0.0,0.0,0.0,0.0,0.0,0.0,-,0.0
2025,8,LC,RB,Joe Mixon,HOU,SF,14,0.0,0.0,0.0,0.0,0.0,0.0,0.0,0.0,0.0,0.0,0.0,0.0,0.0,0.0,0.0,-,0.0
2025,8,LC,RB,Zach Charbonnet,SEA,BYE,---,0.0,0.0,0.0,0.0,0.0,0.0,0.0,0.0,0.0,0.0,0.0,0.0,0.0,0.0,0.0,-,0.0
2025,8,LC,DST,49ers,SF,@HOU,11,,,,,,,,,,,,,,,,2.00,2.0
2025,8,MB,QB,Joe Flacco,CIN,NYJ,24,21.0,34.0,223.0,2.0,0.0,2.0,14.0,1.0,2.0,0.0,0.0,0.0,0.0,0.0,0.0,26.32,26.32
2025,8,MB,QB,Jaxson Dart,NYG,@PHI,21,14.0,24.0,193.0,1.0,0.0,6.0,17.0,1.0,2.0,0.0,0.0,0.0,0.0,0.0,0.0,21.42,21.42
2025,8,MB,TE,Juwan Johnson,NO,TB,17,0.0,0.0,0.0,0.0,0.0,0.0,0.0,0.0,0.0,8.0,5.0,53.0,0.0,4.0,0.0,9.30,9.3
2025,8,MB,RB,Tyrone Tracy,NYG,@PHI,26,0.0,0.0,0.0,0.0,0.0,10.0,39.0,0.0,2.0,3.0,2.0,14.0,0.0,1.0,0.0,8.30,8.3
2025,8,MB,WR,Tre Harris,LAC,MIN,8,0.0,0.0,0.0,0.0,0.0,0.0,0.0,0.0,0.0,2.0,2.0,8.0,1.0,1.0,0.0,7.80,7.8
2025,8,MB,WR,Kendrick Bourne,SF,@HOU,6,0.0,0.0,0.0,0.0,0.0,0.0,0.0,0.0,0.0,4.0,3.0,44.0,0.0,2.0,0.0,6.40,6.4
2025,8,MB,RB,Bijan Robinson,ATL,MIA,28,0.0,0.0,0.0,0.0,0.0,9.0,25.0,0.0,1.0,3.0,3.0,23.0,0.0,1.0,1.0,4.80,4.8
2025,8,MB,RB,Jacory Croskey-Merritt,WAS,@KC,6,0.0,0.0,0.0,0.0,0.0,9.0,25.0,0.0,2.0,1.0,0.0,0.0,0.0,0.0,0.0,4.50,4.5
2025,8,MB,TE,Mark Andrews,BAL,CHI,14,0.0,0.0,0.0,0.0,0.0,0.0,0.0,0.0,0.0,3.0,3.0,34.0,0.0,1.0,0.0,4.40,4.4
2025,8,MB,RB,Aaron Jones,MIN,@LAC,17,0.0,0.0,0.0,0.0,0.0,5.0,15.0,0.0,0.0,4.0,2.0,15.0,0.0,1.0,0.0,4.00,4.0
2025,8,MB,RB,Ray Davis,BUF,@CAR,13,0.0,0.0,0.0,0.0,0.0,9.0,16.0,0.0,0.0,1.0,0.0,0.0,0.0,0.0,0.0,1.60,1.6
2025,8,MB,WR,Marvin Harrison,ARI,BYE,---,0.0,0.0,0.0,0.0,0.0,0.0,0.0,0.0,0.0,0.0,0.0,0.0,0.0,0.0,0.0,-,0.0
2025,8,MB,RB,Jarquez Hunter,LAR,BYE,---,0.0,0.0,0.0,0.0,0.0,0.0,0.0,0.0,0.0,0.0,0.0,0.0,0.0,0.0,0.0,-,0.0
2025,8,MB,WR,Cooper Kupp,SEA,BYE,---,0.0,0.0,0.0,0.0,0.0,0.0,0.0,0.0,0.0,0.0,0.0,0.0,0.0,0.0,0.0,-,0.0
2025,8,MB,WR,Josh Palmer,BUF,@CAR,5,0.0,0.0,0.0,0.0,0.0,0.0,0.0,0.0,0.0,0.0,0.0,0.0,0.0,0.0,0.0,-,0.0
2025,8,MB,QB,Matthew Stafford,LAR,BYE,---,0.0,0.0,0.0,0.0,0.0,0.0,0.0,0.0,0.0,0.0,0.0,0.0,0.0,0.0,0.0,-,0.0
2025,8,MB,RB,Isaac Guerendo,SF,@HOU,10,0.0,0.0,0.0,0.0,0.0,0.0,0.0,0.0,0.0,0.0,0.0,0.0,0.0,0.0,0.0,0.00,0.0
2025,8,MB,WR,Amon-Ra St Brown,DET,BYE,---,0.0,0.0,0.0,0.0,0.0,0.0,0.0,0.0,0.0,0.0,0.0,0.0,0.0,0.0,0.0,-,0.0
2025,8,MB,QB,Kyler Murray,ARI,BYE,---,0.0,0.0,0.0,0.0,0.0,0.0,0.0,0.0,0.0,0.0,0.0,0.0,0.0,0.0,0.0,-,0.0
2025,8,MB,DST,Chiefs,KC,WAS,17,,,,,,,,,,,,,,,,12.00,12.0
2025,8,NBB,QB,Josh Allen,BUF,@CAR,11,12.0,19.0,163.0,1.0,0.0,3.0,7.0,2.0,2.0,0.0,0.0,0.0,0.0,0.0,0.0,25.22,25.22
2025,8,NBB,WR,Khalil Shakir,BUF,@CAR,5,0.0,0.0,0.0,0.0,0.0,0.0,0.0,0.0,0.0,7.0,6.0,88.0,1.0,3.0,0.0,17.80,17.8
2025,8,NBB,RB,D'Andre Swift,CHI,@BAL,29,0.0,0.0,0.0,0.0,0.0,11.0,45.0,1.0,3.0,2.0,2.0,26.0,0.0,1.0,0.0,17.10,17.1
2025,8,NBB,WR,Tetairoa McMillan,CAR,BUF,15,0.0,0.0,0.0,0.0,0.0,0.0,0.0,0.0,0.0,10.0,7.0,99.0,0.0,7.0,0.0,16.90,16.9
2025,8,NBB,TE,Dallas Goedert,PHI,NYG,15,0.0,0.0,0.0,0.0,0.0,0.0,0.0,0.0,0.0,3.0,3.0,28.0,2.0,2.0,0.0,16.80,16.8
2025,8,NBB,TE,Harold Fannin,CLE,@NE,29,0.0,0.0,0.0,0.0,0.0,1.0,2.0,0.0,1.0,8.0,6.0,62.0,1.0,2.0,0.0,15.40,15.4
2025,8,NBB,WR,Terry McLaurin,WAS,@KC,2,0.0,0.0,0.0,0.0,0.0,0.0,0.0,0.0,0.0,4.0,3.0,54.0,1.0,3.0,0.0,14.40,14.4
2025,8,NBB,TE,David Njoku,CLE,@NE,29,0.0,0.0,0.0,0.0,0.0,0.0,0.0,0.0,0.0,5.0,4.0,37.0,1.0,2.0,0.0,11.70,11.7
2025,8,NBB,RB,Will Shipley,PHI,NYG,25,0.0,0.0,0.0,0.0,0.0,3.0,2.0,0.0,1.0,0.0,0.0,0.0,0.0,0.0,0.0,1.20,1.2
2025,8,NBB,WR,Mike Evans,TB,@NO,9,0.0,0.0,0.0,0.0,0.0,0.0,0.0,0.0,0.0,0.0,0.0,0.0,0.0,0.0,0.0,-,0.0
2025,8,NBB,RB,Bhayshul Tuten,JAC,BYE,---,0.0,0.0,0.0,0.0,0.0,0.0,0.0,0.0,0.0,0.0,0.0,0.0,0.0,0.0,0.0,-,0.0
2025,8,NBB,WR,Jameson Williams,DET,BYE,---,0.0,0.0,0.0,0.0,0.0,0.0,0.0,0.0,0.0,0.0,0.0,0.0,0.0,0.0,0.0,-,0.0
2025,8,NBB,RB,Blake Corum,LAR,BYE,---,0.0,0.0,0.0,0.0,0.0,0.0,0.0,0.0,0.0,0.0,0.0,0.0,0.0,0.0,0.0,-,0.0
2025,8,NBB,RB,Najee Harris,LAC,MIN,16,0.0,0.0,0.0,0.0,0.0,0.0,0.0,0.0,0.0,0.0,0.0,0.0,0.0,0.0,0.0,-,0.0
2025,8,NBB,QB,Trevor Lawrence,JAC,BYE,---,0.0,0.0,0.0,0.0,0.0,0.0,0.0,0.0,0.0,0.0,0.0,0.0,0.0,0.0,0.0,-,0.0
2025,8,NBB,WR,Chris Godwin,TB,@NO,9,0.0,0.0,0.0,0.0,0.0,0.0,0.0,0.0,0.0,0.0,0.0,0.0,0.0,0.0,0.0,-,0.0
2025,8,NBB,WR,Brian Thomas,JAC,BYE,---,0.0,0.0,0.0,0.0,0.0,0.0,0.0,0.0,0.0,0.0,0.0,0.0,0.0,0.0,0.0,-,0.0
2025,8,NBB,WR,Jayden Reed,GB,@PIT,26,0.0,0.0,0.0,0.0,0.0,0.0,0.0,0.0,0.0,0.0,0.0,0.0,0.0,0.0,0.0,-,0.0
2025,8,NBB,DST,Giants,NYG,@PHI,10,,,,,,,,,,,,,,,,0.00,0.0
2025,8,PCP,QB,Daniel Jones,IND,TEN,15,21.0,29.0,272.0,3.0,0.0,1.0,3.0,0.0,0.0,0.0,0.0,0.0,0.0,0.0,0.0,23.18,23.18
2025,8,PCP,WR,Rashee Rice,KC,WAS,24,0.0,0.0,0.0,0.0,0.0,2.0,12.0,0.0,0.0,9.0,9.0,93.0,1.0,5.0,0.0,21.50,21.5
2025,8,PCP,RB,Tyjae Spears,TEN,@IND,8,0.0,0.0,0.0,0.0,0.0,9.0,59.0,1.0,2.0,3.0,3.0,23.0,0.0,1.0,0.0,17.20,17.2
2025,8,PCP,WR,CeeDee Lamb,DAL,@DEN,1,0.0,0.0,0.0,0.0,0.0,1.0,2.0,0.0,0.0,10.0,7.0,74.0,0.0,3.0,0.0,10.60,10.6
2025,8,PCP,RB,Rico Dowdle,CAR,BUF,27,0.0,0.0,0.0,0.0,0.0,8.0,54.0,0.0,2.0,0.0,0.0,0.0,0.0,0.0,0.0,7.40,7.4
2025,8,PCP,TE,Jake Tonges,SF,@HOU,5,0.0,0.0,0.0,0.0,0.0,0.0,0.0,0.0,0.0,1.0,1.0,2.0,1.0,1.0,0.0,7.20,7.2
2025,8,PCP,RB,Nick Chubb,HOU,SF,14,0.0,0.0,0.0,0.0,0.0,17.0,56.0,0.0,0.0,2.0,2.0,13.0,0.0,0.0,0.0,6.90,6.9
2025,8,PCP,WR,Keon Coleman,BUF,@CAR,5,0.0,0.0,0.0,0.0,0.0,0.0,0.0,0.0,0.0,4.0,3.0,30.0,0.0,3.0,0.0,6.00,6.0
2025,8,PCP,TE,TJ Hockenson,MIN,@LAC,6,0.0,0.0,0.0,0.0,0.0,0.0,0.0,0.0,0.0,3.0,2.0,26.0,0.0,2.0,0.0,4.60,4.6
2025,8,PCP,TE,Pat Freiermuth,PIT,GB,24,0.0,0.0,0.0,0.0,0.0,0.0,0.0,0.0,0.0,4.0,3.0,13.0,0.0,0.0,0.0,1.30,1.3
2025,8,PCP,RB,Devin Neal,NO,TB,15,0.0,0.0,0.0,0.0,0.0,0.0,0.0,0.0,0.0,3.0,3.0,11.0,0.0,0.0,0.0,1.10,1.1
2025,8,PCP,TE,Luke Musgrave,GB,@PIT,31,0.0,0.0,0.0,0.0,0.0,0.0,0.0,0.0,0.0,1.0,1.0,5.0,0.0,0.0,0.0,0.50,0.5
2025,8,PCP,RB,Braelon Allen,NYJ,@CIN,32,0.0,0.0,0.0,0.0,0.0,0.0,0.0,0.0,0.0,0.0,0.0,0.0,0.0,0.0,0.0,-,0.0
2025,8,PCP,WR,AJ Brown,PHI,NYG,30,0.0,0.0,0.0,0.0,0.0,0.0,0.0,0.0,0.0,0.0,0.0,0.0,0.0,0.0,0.0,-,0.0
2025,8,PCP,RB,Ashton Jeanty,LV,BYE,---,0.0,0.0,0.0,0.0,0.0,0.0,0.0,0.0,0.0,0.0,0.0,0.0,0.0,0.0,0.0,-,0.0
2025,8,PCP,QB,Joe Burrow,CIN,NYJ,24,0.0,0.0,0.0,0.0,0.0,0.0,0.0,0.0,0.0,0.0,0.0,0.0,0.0,0.0,0.0,-,0.0
2025,8,PCP,RB,DJ Giddens,IND,TEN,30,0.0,0.0,0.0,0.0,0.0,0.0,0.0,0.0,0.0,0.0,0.0,0.0,0.0,0.0,0.0,-,0.0
2025,8,PCP,WR,Garrett Wilson,NYJ,@CIN,17,0.0,0.0,0.0,0.0,0.0,0.0,0.0,0.0,0.0,0.0,0.0,0.0,0.0,0.0,0.0,-,0.0
2025,8,PCP,QB,Shedeur Sanders,CLE,@NE,5,0.0,0.0,0.0,0.0,0.0,0.0,0.0,0.0,0.0,0.0,0.0,0.0,0.0,0.0,0.0,-,0.0
2025,8,PCP,RB,Trey Benson,ARI,BYE,---,0.0,0.0,0.0,0.0,0.0,0.0,0.0,0.0,0.0,0.0,0.0,0.0,0.0,0.0,0.0,-,0.0
2025,8,PCP,DST,Ravens,BAL,CHI,8,,,,,,,,,,,,,,,,5.00,5.0
2025,8,PP,TE,Tucker Kraft,GB,@PIT,31,0.0,0.0,0.0,0.0,0.0,0.0,0.0,0.0,0.0,9.0,7.0,143.0,2.0,5.0,0.0,31.30,31.3
2025,8,PP,QB,Justin Herbert,LAC,MIN,14,18.0,25.0,227.0,3.0,1.0,7.0,62.0,0.0,4.0,0.0,0.0,0.0,0.0,0.0,0.0,29.28,29.28
2025,8,PP,RB,De'Von Achane,MIA,@ATL,23,0.0,0.0,0.0,0.0,0.0,18.0,67.0,0.0,4.0,7.0,5.0,24.0,1.0,2.0,0.0,21.10,21.1
2025,8,PP,TE,Travis Kelce,KC,WAS,27,0.0,0.0,0.0,0.0,0.0,0.0,0.0,0.0,0.0,8.0,6.0,99.0,1.0,5.0,0.0,20.90,20.9
2025,8,PP,WR,Jayden Higgins,HOU,SF,20,0.0,0.0,0.0,0.0,0.0,0.0,0.0,0.0,0.0,8.0,4.0,34.0,1.0,3.0,0.0,12.40,12.4
2025,8,PP,RB,Josh Jacobs,GB,@PIT,12,0.0,0.0,0.0,0.0,0.0,13.0,33.0,1.0,1.0,3.0,3.0,12.0,0.0,0.0,0.0,11.50,11.5
2025,8,PP,WR,Jordan Addison,MIN,@LAC,4,0.0,0.0,0.0,0.0,0.0,0.0,0.0,0.0,0.0,4.0,3.0,26.0,1.0,2.0,0.0,10.60,10.6
2025,8,PP,WR,Courtland Sutton,DEN,DAL,32,0.0,0.0,0.0,0.0,0.0,0.0,0.0,0.0,0.0,6.0,4.0,67.0,0.0,3.0,0.0,9.70,9.7
2025,8,PP,WR,Romeo Doubs,GB,@PIT,26,0.0,0.0,0.0,0.0,0.0,0.0,0.0,0.0,0.0,6.0,3.0,44.0,0.0,3.0,0.0,9.40,9.4
2025,8,PP,WR,Stefon Diggs,NE,CLE,19,0.0,0.0,0.0,0.0,0.0,0.0,0.0,0.0,0.0,5.0,3.0,14.0,1.0,1.0,0.0,8.40,8.4
2025,8,PP,QB,Kirk Cousins,ATL,MIA,26,21.0,31.0,173.0,0.0,0.0,2.0,2.0,0.0,0.0,0.0,0.0,0.0,0.0,0.0,0.0,7.12,7.12
2025,8,PP,WR,Jauan Jennings,SF,@HOU,6,0.0,0.0,0.0,0.0,0.0,0.0,0.0,0.0,0.0,7.0,4.0,45.0,0.0,1.0,0.0,5.50,5.5
2025,8,PP,RB,Jaydon Blue,DAL,@DEN,11,0.0,0.0,0.0,0.0,0.0,8.0,29.0,0.0,1.0,0.0,0.0,0.0,0.0,0.0,0.0,3.90,3.9
2025,8,PP,TE,Isaiah Likely,BAL,CHI,14,0.0,0.0,0.0,0.0,0.0,0.0,0.0,0.0,0.0,2.0,2.0,8.0,0.0,0.0,0.0,0.80,0.8
2025,8,PP,QB,JJ McCarthy,MIN,@LAC,8,0.0,0.0,0.0,0.0,0.0,0.0,0.0,0.0,0.0,0.0,0.0,0.0,0.0,0.0,0.0,-,0.0
2025,8,PP,RB,Omarion Hampton,LAC,MIN,16,0.0,0.0,0.0,0.0,0.0,0.0,0.0,0.0,0.0,0.0,0.0,0.0,0.0,0.0,0.0,-,0.0
2025,8,PP,RB,Zonovan Knight,ARI,BYE,---,0.0,0.0,0.0,0.0,0.0,0.0,0.0,0.0,0.0,0.0,0.0,0.0,0.0,0.0,0.0,-,0.0
2025,8,PP,WR,Tyreek Hill Dead Cap,MIA,0,0,0.0,0.0,0.0,0.0,0.0,0.0,0.0,0.0,0.0,0.0,0.0,0.0,0.0,0.0,0.0,-,0.0
2025,8,PP,RB,MarShawn Lloyd,GB,@PIT,12,0.0,0.0,0.0,0.0,0.0,0.0,0.0,0.0,0.0,0.0,0.0,0.0,0.0,0.0,0.0,-,0.0
2025,8,PP,WR,Calvin Ridley,TEN,@IND,28,0.0,0.0,0.0,0.0,0.0,0.0,0.0,0.0,0.0,0.0,0.0,0.0,0.0,0.0,0.0,-,0.0
2025,8,PP,QB,Jalen Milroe,SEA,BYE,---,0.0,0.0,0.0,0.0,0.0,0.0,0.0,0.0,0.0,0.0,0.0,0.0,0.0,0.0,0.0,-,0.0
2025,8,PP,DST,Colts,IND,TEN,32,,,,,,,,,,,,,,,,9.00,9.0
2025,8,RR,RB,Breece Hall,NYJ,@CIN,32,1.0,1.0,4.0,1.0,0.0,18.0,133.0,2.0,6.0,3.0,2.0,14.0,0.0,1.0,0.0,37.86,37.86
2025,8,RR,QB,Tua Tagovailoa,MIA,@ATL,4,20.0,26.0,205.0,4.0,0.0,0.0,0.0,0.0,0.0,0.0,0.0,0.0,0.0,0.0,0.0,24.20,24.2
2025,8,RR,RB,Woody Marks,HOU,SF,14,0.0,0.0,0.0,0.0,0.0,11.0,62.0,0.0,2.0,4.0,4.0,49.0,0.0,1.0,0.0,14.10,14.1
2025,8,RR,WR,George Pickens,DAL,@DEN,1,0.0,0.0,0.0,0.0,0.0,0.0,0.0,0.0,0.0,9.0,7.0,78.0,0.0,5.0,0.0,12.80,12.8
2025,8,RR,QB,Marcus Mariota,WAS,@KC,9,21.0,30.0,213.0,1.0,2.0,8.0,28.0,0.0,1.0,0.0,0.0,0.0,0.0,0.0,0.0,12.32,12.32
2025,8,RR,RB,Christian McCaffrey,SF,@HOU,10,0.0,0.0,0.0,0.0,0.0,8.0,25.0,0.0,1.0,6.0,3.0,43.0,0.0,3.0,0.0,10.80,10.8
2025,8,RR,WR,Justin Jefferson,MIN,@LAC,4,0.0,0.0,0.0,0.0,0.0,0.0,0.0,0.0,0.0,11.0,7.0,74.0,0.0,3.0,0.0,10.40,10.4
2025,8,RR,TE,Tyler Warren,IND,TEN,8,0.0,0.0,0.0,0.0,0.0,0.0,0.0,0.0,0.0,5.0,4.0,53.0,0.0,3.0,0.0,8.30,8.3
2025,8,RR,TE,Kyle Pitts,ATL,MIA,22,0.0,0.0,0.0,0.0,0.0,0.0,0.0,0.0,0.0,9.0,9.0,59.0,0.0,1.0,0.0,6.90,6.9
2025,8,RR,QB,Tyler Shough,NO,TB,18,17.0,30.0,128.0,0.0,1.0,3.0,12.0,0.0,1.0,0.0,0.0,0.0,0.0,0.0,0.0,5.32,5.32
2025,8,RR,QB,Baker Mayfield,TB,@NO,20,15.0,24.0,152.0,0.0,0.0,0.0,0.0,0.0,0.0,0.0,0.0,0.0,0.0,0.0,1.0,4.08,4.08
2025,8,RR,WR,Darius Slayton,NYG,@PHI,13,0.0,0.0,0.0,0.0,0.0,0.0,0.0,0.0,0.0,5.0,2.0,26.0,0.0,1.0,0.0,3.60,3.6
2025,8,RR,WR,Darnell Mooney,ATL,MIA,3,0.0,0.0,0.0,0.0,0.0,0.0,0.0,0.0,0.0,4.0,1.0,11.0,0.0,1.0,0.0,2.10,2.1
2025,8,RR,QB,Michael Penix,ATL,MIA,26,0.0,0.0,0.0,0.0,0.0,0.0,0.0,0.0,0.0,0.0,0.0,0.0,0.0,0.0,0.0,-,0.0
2025,8,RR,RB,Kenneth Walker,SEA,BYE,---,0.0,0.0,0.0,0.0,0.0,0.0,0.0,0.0,0.0,0.0,0.0,0.0,0.0,0.0,0.0,-,0.0
2025,8,RR,WR,Jalen McMillan,TB,@NO,9,0.0,0.0,0.0,0.0,0.0,0.0,0.0,0.0,0.0,0.0,0.0,0.0,0.0,0.0,0.0,-,0.0
2025,8,RR,RB,Kaleb Johnson,PIT,GB,3,0.0,0.0,0.0,0.0,0.0,0.0,0.0,0.0,0.0,0.0,0.0,0.0,0.0,0.0,0.0,-,0.0
2025,8,RR,WR,Cedric Tillman,CLE,@NE,12,0.0,0.0,0.0,0.0,0.0,0.0,0.0,0.0,0.0,0.0,0.0,0.0,0.0,0.0,0.0,-,0.0
2025,8,RR,RB,Gus Edwards,LAC,MIN,16,0.0,0.0,0.0,0.0,0.0,0.0,0.0,0.0,0.0,0.0,0.0,0.0,0.0,0.0,0.0,-,0.0
2025,8,RR,WR,Davante Adams,LAR,BYE,---,0.0,0.0,0.0,0.0,0.0,0.0,0.0,0.0,0.0,0.0,0.0,0.0,0.0,0.0,0.0,-,0.0
2025,8,RR,DST,Packers,GB,@PIT,9,,,,,,,,,,,,,,,,5.00,5.0
2025,8,SBS,RB,Jonathan Taylor,IND,TEN,30,0.0,0.0,0.0,0.0,0.0,12.0,153.0,2.0,7.0,2.0,2.0,21.0,1.0,1.0,0.0,43.40,43.4
2025,8,SBS,WR,Troy Franklin,DEN,DAL,32,0.0,0.0,0.0,0.0,0.0,0.0,0.0,0.0,0.0,8.0,6.0,89.0,2.0,5.0,0.0,25.90,25.9
2025,8,SBS,QB,Tyler Huntley,BAL,CHI,23,17.0,22.0,186.0,1.0,0.0,8.0,53.0,0.0,4.0,0.0,0.0,0.0,0.0,0.0,0.0,20.74,20.74
2025,8,SBS,TE,Mason Taylor,NYJ,@CIN,32,0.0,0.0,0.0,0.0,0.0,0.0,0.0,0.0,0.0,8.0,5.0,34.0,1.0,4.0,0.0,13.40,13.4
2025,8,SBS,RB,TreVeyon Henderson,NE,CLE,4,0.0,0.0,0.0,0.0,0.0,10.0,75.0,0.0,6.0,0.0,0.0,0.0,0.0,0.0,1.0,11.50,11.5
2025,8,SBS,WR,Christian Watson,GB,@PIT,26,0.0,0.0,0.0,0.0,0.0,0.0,0.0,0.0,0.0,4.0,4.0,85.0,0.0,3.0,0.0,11.50,11.5
2025,8,SBS,RB,Chuba Hubbard,CAR,BUF,27,0.0,0.0,0.0,0.0,0.0,12.0,34.0,1.0,2.0,1.0,0.0,0.0,0.0,0.0,0.0,11.40,11.4
2025,8,SBS,WR,Jaylin Noel,HOU,SF,20,0.0,0.0,0.0,0.0,0.0,0.0,0.0,0.0,0.0,6.0,5.0,63.0,0.0,4.0,0.0,10.30,10.3
2025,8,SBS,WR,Alec Pierce,IND,TEN,23,0.0,0.0,0.0,0.0,0.0,0.0,0.0,0.0,0.0,5.0,2.0,69.0,0.0,2.0,0.0,8.90,8.9
2025,8,SBS,WR,Wan'Dale Robinson,NYG,@PHI,13,0.0,0.0,0.0,0.0,0.0,0.0,0.0,0.0,0.0,4.0,3.0,48.0,0.0,1.0,0.0,5.80,5.8
2025,8,SBS,RB,Dylan Sampson,CLE,@NE,2,0.0,0.0,0.0,0.0,0.0,3.0,0.0,0.0,1.0,6.0,5.0,29.0,0.0,1.0,0.0,4.90,4.9
2025,8,SBS,RB,Kyle Monangai,CHI,@BAL,29,0.0,0.0,0.0,0.0,0.0,7.0,24.0,0.0,1.0,0.0,0.0,0.0,0.0,0.0,0.0,3.40,3.4
2025,8,SBS,TE,Zach Ertz,WAS,@KC,4,0.0,0.0,0.0,0.0,0.0,0.0,0.0,0.0,0.0,6.0,4.0,16.0,0.0,0.0,0.0,1.60,1.6
2025,8,SBS,WR,Deebo Samuel,WAS,@KC,2,0.0,0.0,0.0,0.0,0.0,1.0,1.0,0.0,0.0,6.0,3.0,11.0,0.0,0.0,0.0,1.20,1.2
2025,8,SBS,QB,Jayden Daniels,WAS,@KC,9,0.0,0.0,0.0,0.0,0.0,0.0,0.0,0.0,0.0,0.0,0.0,0.0,0.0,0.0,0.0,-,0.0
2025,8,SBS,QB,Lamar Jackson,BAL,CHI,23,0.0,0.0,0.0,0.0,0.0,0.0,0.0,0.0,0.0,0.0,0.0,0.0,0.0,0.0,0.0,-,0.0
2025,8,SBS,WR,Christian Kirk,HOU,SF,20,0.0,0.0,0.0,0.0,0.0,0.0,0.0,0.0,0.0,0.0,0.0,0.0,0.0,0.0,0.0,-,0.0
2025,8,SBS,RB,David Montgomery,DET,BYE,---,0.0,0.0,0.0,0.0,0.0,0.0,0.0,0.0,0.0,0.0,0.0,0.0,0.0,0.0,0.0,-,0.0
2025,8,SBS,DST,Falcons,ATL,MIA,24,,,,,,,,,,,,,,,,1.00,1.0
2025,9,ABT,QB,Caleb Williams,CHI,@CIN,31,20.0,34.0,280.0,3.0,0.0,5.0,53.0,0.0,2.0,2.0,2.0,22.0,1.0,2.0,0.0,40.70,40.7
2025,9,ABT,TE,Colston Loveland,CHI,@CIN,32,0.0,0.0,0.0,0.0,0.0,0.0,0.0,0.0,0.0,7.0,6.0,118.0,2.0,4.0,0.0,27.80,27.8
2025,9,ABT,WR,DJ Moore,CHI,@CIN,21,1.0,1.0,2.0,1.0,0.0,1.0,17.0,1.0,1.0,6.0,4.0,72.0,0.0,4.0,0.0,23.98,23.98
2025,9,ABT,WR,Puka Nacua,LAR,NO,15,0.0,0.0,0.0,0.0,0.0,1.0,3.0,0.0,1.0,8.0,7.0,95.0,1.0,2.0,0.0,18.80,18.8
2025,9,ABT,RB,Chase Brown,CIN,CHI,22,0.0,0.0,0.0,0.0,0.0,11.0,37.0,0.0,3.0,14.0,8.0,75.0,0.0,4.0,0.0,18.20,18.2
2025,9,ABT,QB,Dak Prescott,DAL,ARI,8,24.0,39.0,250.0,1.0,1.0,4.0,34.0,0.0,1.0,0.0,0.0,0.0,0.0,0.0,0.0,16.40,16.4
2025,9,ABT,WR,Josh Downs,IND,@PIT,30,0.0,0.0,0.0,0.0,0.0,0.0,0.0,0.0,0.0,9.0,6.0,57.0,1.0,5.0,1.0,14.70,14.7
2025,9,ABT,TE,Hunter Henry,NE,ATL,1,0.0,0.0,0.0,0.0,0.0,0.0,0.0,0.0,0.0,6.0,4.0,51.0,0.0,4.0,0.0,9.10,9.1
2025,9,ABT,WR,Chris Olave,NO,@LAR,14,0.0,0.0,0.0,0.0,0.0,0.0,0.0,0.0,0.0,4.0,3.0,57.0,0.0,2.0,0.0,7.70,7.7
2025,9,ABT,WR,Calvin Austin,PIT,IND,23,0.0,0.0,0.0,0.0,0.0,0.0,0.0,0.0,0.0,6.0,5.0,56.0,0.0,2.0,0.0,7.60,7.6
2025,9,ABT,WR,Tre Tucker,LV,JAC,22,0.0,0.0,0.0,0.0,0.0,0.0,0.0,0.0,0.0,4.0,3.0,38.0,0.0,2.0,0.0,5.80,5.8
2025,9,ABT,QB,Bryce Young,CAR,@GB,9,11.0,20.0,102.0,0.0,1.0,2.0,9.0,0.0,2.0,0.0,0.0,0.0,0.0,0.0,0.0,4.98,4.98
2025,9,ABT,RB,Keaton Mitchell,BAL,@MIA,27,0.0,0.0,0.0,0.0,0.0,4.0,11.0,0.0,1.0,1.0,1.0,7.0,0.0,0.0,0.0,2.80,2.8
2025,9,ABT,RB,Tyler Allgeier,ATL,@NE,2,0.0,0.0,0.0,0.0,0.0,2.0,6.0,0.0,0.0,0.0,0.0,0.0,0.0,0.0,0.0,0.60,0.6
2025,9,ABT,TE,Brenton Strange,JAC,@LV,5,0.0,0.0,0.0,0.0,0.0,0.0,0.0,0.0,0.0,0.0,0.0,0.0,0.0,0.0,0.0,-,0.0
2025,9,ABT,RB,Saquon Barkley,PHI,BYE,---,0.0,0.0,0.0,0.0,0.0,0.0,0.0,0.0,0.0,0.0,0.0,0.0,0.0,0.0,0.0,-,0.0
2025,9,ABT,RB,Rachaad White,TB,BYE,---,0.0,0.0,0.0,0.0,0.0,0.0,0.0,0.0,0.0,0.0,0.0,0.0,0.0,0.0,0.0,-,0.0
2025,9,ABT,RB,Jonathon Brooks,CAR,@GB,5,0.0,0.0,0.0,0.0,0.0,0.0,0.0,0.0,0.0,0.0,0.0,0.0,0.0,0.0,0.0,-,0.0
2025,9,ABT,WR,Roman Wilson,PIT,IND,23,0.0,0.0,0.0,0.0,0.0,0.0,0.0,0.0,0.0,2.0,1.0,4.0,0.0,0.0,1.0,-1.60,-1.6
2025,9,ABT,DST,Rams,LAR,NO,30,,,,,,,,,,,,,,,,11.00,11.0
2025,9,CLC,QB,Jacoby Brissett,ARI,@DAL,32,21.0,31.0,261.0,2.0,0.0,5.0,4.0,1.0,1.0,0.0,0.0,0.0,0.0,0.0,0.0,25.84,25.84
2025,9,CLC,TE,Dalton Kincaid,BUF,KC,7,0.0,0.0,0.0,0.0,0.0,0.0,0.0,0.0,0.0,6.0,6.0,101.0,1.0,4.0,0.0,20.10,20.1
2025,9,CLC,WR,Nico Collins,HOU,DEN,1,0.0,0.0,0.0,0.0,0.0,0.0,0.0,0.0,0.0,11.0,7.0,75.0,0.0,5.0,0.0,12.50,12.5
2025,9,CLC,RB,Javonte Williams,DAL,ARI,17,0.0,0.0,0.0,0.0,0.0,15.0,83.0,0.0,6.0,1.0,1.0,0.0,0.0,0.0,1.0,12.30,12.3
2025,9,CLC,WR,Jaylen Waddle,MIA,BAL,28,0.0,0.0,0.0,0.0,0.0,0.0,0.0,0.0,0.0,9.0,6.0,82.0,0.0,4.0,0.0,12.20,12.2
2025,9,CLC,QB,Jordan Love,GB,CAR,10,26.0,37.0,273.0,0.0,1.0,1.0,1.0,0.0,0.0,0.0,0.0,0.0,0.0,0.0,0.0,9.02,9.02
2025,9,CLC,TE,Terrance Ferguson,LAR,NO,22,0.0,0.0,0.0,0.0,0.0,0.0,0.0,0.0,0.0,3.0,2.0,54.0,0.0,2.0,0.0,7.40,7.4
2025,9,CLC,QB,Cam Ward,TEN,LAC,5,12.0,21.0,145.0,0.0,0.0,2.0,6.0,0.0,0.0,0.0,0.0,0.0,0.0,0.0,0.0,6.40,6.4
2025,9,CLC,RB,Justice Hill,BAL,@MIA,27,0.0,0.0,0.0,0.0,0.0,1.0,2.0,0.0,0.0,2.0,2.0,13.0,0.0,1.0,0.0,2.50,2.5
2025,9,CLC,RB,Ollie Gordon,MIA,BAL,29,0.0,0.0,0.0,0.0,0.0,2.0,6.0,0.0,0.0,1.0,1.0,3.0,0.0,0.0,0.0,0.90,0.9
2025,9,CLC,RB,Isaiah Davis,NYJ,BYE,---,0.0,0.0,0.0,0.0,0.0,0.0,0.0,0.0,0.0,0.0,0.0,0.0,0.0,0.0,0.0,-,0.0
2025,9,CLC,RB,Trevor Etienne,CAR,@GB,5,0.0,0.0,0.0,0.0,0.0,0.0,0.0,0.0,0.0,0.0,0.0,0.0,0.0,0.0,0.0,0.00,0.0
2025,9,CLC,QB,Justin Fields,NYJ,BYE,---,0.0,0.0,0.0,0.0,0.0,0.0,0.0,0.0,0.0,0.0,0.0,0.0,0.0,0.0,0.0,-,0.0
2025,9,CLC,RB,Zack Moss Dead Cap,CIN,0,0,0.0,0.0,0.0,0.0,0.0,0.0,0.0,0.0,0.0,0.0,0.0,0.0,0.0,0.0,0.0,-,0.0
2025,9,CLC,WR,Rome Odunze,CHI,@CIN,21,0.0,0.0,0.0,0.0,0.0,0.0,0.0,0.0,0.0,3.0,0.0,0.0,0.0,0.0,0.0,0.00,0.0
2025,9,CLC,WR,Ja'Lynn Polk,NO,@LAR,13,0.0,0.0,0.0,0.0,0.0,0.0,0.0,0.0,0.0,0.0,0.0,0.0,0.0,0.0,0.0,-,0.0
2025,9,CLC,WR,Ricky Pearsall,SF,@NYG,26,0.0,0.0,0.0,0.0,0.0,0.0,0.0,0.0,0.0,0.0,0.0,0.0,0.0,0.0,0.0,-,0.0
2025,9,CLC,WR,DeVonta Smith,PHI,BYE,---,0.0,0.0,0.0,0.0,0.0,0.0,0.0,0.0,0.0,0.0,0.0,0.0,0.0,0.0,0.0,-,0.0
2025,9,CLC,RB,Alvin Kamara,NO,@LAR,1,0.0,0.0,0.0,0.0,0.0,6.0,14.0,0.0,0.0,3.0,1.0,3.0,0.0,0.0,1.0,-0.30,-0.3
2025,9,CLC,DST,Bears,CHI,@CIN,23,,,,,,,,,,,,,,,,5.00,5.0
2025,9,CPC,WR,Tee Higgins,CIN,CHI,31,0.0,0.0,0.0,0.0,0.0,0.0,0.0,0.0,0.0,9.0,7.0,121.0,2.0,6.0,0.0,32.10,32.1
2025,9,CPC,QB,Geno Smith,LV,JAC,27,29.0,39.0,284.0,4.0,1.0,5.0,9.0,0.0,2.0,0.0,0.0,0.0,0.0,0.0,0.0,28.26,28.26
2025,9,CPC,QB,Sam Darnold,SEA,@WAS,29,21.0,24.0,330.0,4.0,1.0,0.0,0.0,0.0,0.0,0.0,0.0,0.0,0.0,0.0,0.0,27.20,27.2
2025,9,CPC,QB,Drake Maye,NE,ATL,7,19.0,29.0,259.0,2.0,1.0,8.0,20.0,0.0,2.0,0.0,0.0,0.0,0.0,0.0,1.0,18.36,18.36
2025,9,CPC,RB,James Cook,BUF,KC,6,0.0,0.0,0.0,0.0,0.0,27.0,114.0,0.0,4.0,1.0,1.0,11.0,0.0,1.0,0.0,17.50,17.5
2025,9,CPC,WR,Ja'Marr Chase,CIN,CHI,31,0.0,0.0,0.0,0.0,0.0,0.0,0.0,0.0,0.0,8.0,6.0,111.0,0.0,6.0,0.0,17.10,17.1
2025,9,CPC,RB,Brian Robinson,SF,@NYG,30,0.0,0.0,0.0,0.0,0.0,5.0,53.0,1.0,4.0,0.0,0.0,0.0,0.0,0.0,0.0,15.30,15.3
2025,9,CPC,RB,Derrick Henry,BAL,@MIA,27,0.0,0.0,0.0,0.0,0.0,19.0,119.0,0.0,3.0,1.0,1.0,2.0,0.0,0.0,0.0,15.10,15.1
2025,9,CPC,RB,Tony Pollard,TEN,LAC,15,0.0,0.0,0.0,0.0,0.0,10.0,56.0,0.0,3.0,2.0,1.0,12.0,0.0,1.0,0.0,10.80,10.8
2025,9,CPC,RB,JK Dobbins,DEN,@HOU,11,0.0,0.0,0.0,0.0,0.0,15.0,61.0,0.0,3.0,1.0,1.0,-2.0,0.0,0.0,0.0,9.10,9.1
2025,9,CPC,TE,Oronde Gadsden,LAC,@TEN,8,0.0,0.0,0.0,0.0,0.0,0.0,0.0,0.0,0.0,5.0,5.0,68.0,0.0,2.0,0.0,8.80,8.8
2025,9,CPC,WR,Ladd McConkey,LAC,@TEN,24,0.0,0.0,0.0,0.0,0.0,0.0,0.0,0.0,0.0,7.0,4.0,56.0,0.0,2.0,0.0,7.60,7.6
2025,9,CPC,TE,George Kittle,SF,@NYG,12,0.0,0.0,0.0,0.0,0.0,1.0,-3.0,0.0,0.0,4.0,4.0,32.0,0.0,2.0,0.0,5.20,5.2
2025,9,CPC,RB,Jordan Mason,MIN,@DET,4,0.0,0.0,0.0,0.0,0.0,10.0,36.0,0.0,1.0,1.0,1.0,1.0,0.0,0.0,0.0,4.70,4.7
2025,9,CPC,WR,Jakobi Meyers,LV,JAC,22,0.0,0.0,0.0,0.0,0.0,0.0,0.0,0.0,0.0,6.0,4.0,23.0,0.0,1.0,0.0,3.30,3.3
2025,9,CPC,WR,Matthew Golden,GB,CAR,5,0.0,0.0,0.0,0.0,0.0,0.0,0.0,0.0,0.0,3.0,2.0,9.0,0.0,0.0,0.0,0.90,0.9
2025,9,CPC,TE,Ja'Tavion Sanders,CAR,@GB,17,0.0,0.0,0.0,0.0,0.0,0.0,0.0,0.0,0.0,1.0,1.0,5.0,0.0,0.0,0.0,0.50,0.5
2025,9,CPC,WR,Jalen Royals,KC,@BUF,16,0.0,0.0,0.0,0.0,0.0,0.0,0.0,0.0,0.0,0.0,0.0,0.0,0.0,0.0,0.0,-,0.0
2025,9,CPC,WR,Dontayvion Wicks Dead Cap,GB,0,0,0.0,0.0,0.0,0.0,0.0,0.0,0.0,0.0,0.0,0.0,0.0,0.0,0.0,0.0,0.0,-,0.0
2025,9,CPC,RB,Quinshon Judkins,CLE,BYE,---,0.0,0.0,0.0,0.0,0.0,0.0,0.0,0.0,0.0,0.0,0.0,0.0,0.0,0.0,0.0,-,0.0
2025,9,CPC,DST,Texans,HOU,DEN,5,,,,,,,,,,,,,,,,6.00,6.0
2025,9,DDD,TE,Sam LaPorta,DET,MIN,20,0.0,0.0,0.0,0.0,0.0,0.0,0.0,0.0,0.0,8.0,6.0,97.0,1.0,4.0,0.0,19.70,19.7
2025,9,DDD,QB,Jared Goff,DET,MIN,14,25.0,37.0,284.0,2.0,0.0,0.0,0.0,0.0,0.0,0.0,0.0,0.0,0.0,0.0,0.0,19.36,19.36
2025,9,DDD,QB,Mac Jones,SF,@NYG,30,19.0,24.0,235.0,2.0,0.0,4.0,4.0,0.0,1.0,0.0,0.0,0.0,0.0,0.0,1.0,16.80,16.8
2025,9,DDD,WR,Quentin Johnston,LAC,@TEN,24,0.0,0.0,0.0,0.0,0.0,0.0,0.0,0.0,0.0,5.0,4.0,53.0,1.0,2.0,0.0,13.30,13.3
2025,9,DDD,TE,Theo Johnson,NYG,SF,9,0.0,0.0,0.0,0.0,0.0,0.0,0.0,0.0,0.0,6.0,3.0,27.0,1.0,1.0,0.0,9.70,9.7
2025,9,DDD,WR,Zay Flowers,BAL,@MIA,4,0.0,0.0,0.0,0.0,0.0,0.0,0.0,0.0,0.0,5.0,5.0,64.0,0.0,2.0,0.0,8.40,8.4
2025,9,DDD,WR,Elic Ayomanor,TEN,LAC,2,0.0,0.0,0.0,0.0,0.0,0.0,0.0,0.0,0.0,6.0,3.0,46.0,0.0,3.0,0.0,7.60,7.6
2025,9,DDD,WR,Keenan Allen,LAC,@TEN,24,0.0,0.0,0.0,0.0,0.0,0.0,0.0,0.0,0.0,5.0,2.0,41.0,0.0,2.0,0.0,6.10,6.1
2025,9,DDD,RB,Kimani Vidal,LAC,@TEN,28,0.0,0.0,0.0,0.0,0.0,12.0,30.0,0.0,1.0,1.0,0.0,0.0,0.0,0.0,0.0,4.00,4.0
2025,9,DDD,RB,Jahmyr Gibbs,DET,MIN,14,0.0,0.0,0.0,0.0,0.0,9.0,25.0,0.0,0.0,3.0,3.0,3.0,0.0,0.0,0.0,2.80,2.8
2025,9,DDD,WR,Adonai Mitchell,IND,@PIT,30,0.0,0.0,0.0,0.0,0.0,0.0,0.0,0.0,0.0,1.0,1.0,7.0,0.0,0.0,0.0,0.70,0.7
2025,9,DDD,WR,Tank Dell,HOU,DEN,1,0.0,0.0,0.0,0.0,0.0,0.0,0.0,0.0,0.0,0.0,0.0,0.0,0.0,0.0,0.0,-,0.0
2025,9,DDD,WR,Emeka Egbuka,TB,BYE,---,0.0,0.0,0.0,0.0,0.0,0.0,0.0,0.0,0.0,0.0,0.0,0.0,0.0,0.0,0.0,-,0.0
2025,9,DDD,RB,Cam Skattebo,NYG,SF,13,0.0,0.0,0.0,0.0,0.0,0.0,0.0,0.0,0.0,0.0,0.0,0.0,0.0,0.0,0.0,-,0.0
2025,9,DDD,WR,Malik Nabers,NYG,SF,19,0.0,0.0,0.0,0.0,0.0,0.0,0.0,0.0,0.0,0.0,0.0,0.0,0.0,0.0,0.0,-,0.0
2025,9,DDD,QB,Deshaun Watson Dead Cap,CLE,0,0,0.0,0.0,0.0,0.0,0.0,0.0,0.0,0.0,0.0,0.0,0.0,0.0,0.0,0.0,0.0,-,0.0
2025,9,DDD,QB,Spencer Rattler,NO,@LAR,6,0.0,0.0,0.0,0.0,0.0,0.0,0.0,0.0,0.0,0.0,0.0,0.0,0.0,0.0,0.0,-,0.0
2025,9,DDD,QB,Brock Purdy,SF,@NYG,30,0.0,0.0,0.0,0.0,0.0,0.0,0.0,0.0,0.0,0.0,0.0,0.0,0.0,0.0,0.0,-,0.0
2025,9,DDD,RB,Bucky Irving,TB,BYE,---,0.0,0.0,0.0,0.0,0.0,0.0,0.0,0.0,0.0,0.0,0.0,0.0,0.0,0.0,0.0,-,0.0
2025,9,DDD,RB,Kendre Miller,NO,@LAR,1,0.0,0.0,0.0,0.0,0.0,0.0,0.0,0.0,0.0,0.0,0.0,0.0,0.0,0.0,0.0,-,0.0
2025,9,DDD,WR,Tez Johnson,TB,BYE,---,0.0,0.0,0.0,0.0,0.0,0.0,0.0,0.0,0.0,0.0,0.0,0.0,0.0,0.0,0.0,-,0.0
2025,9,DDD,DST,Cardinals,ARI,@DAL,6,,,,,,,,,,,,,,,,15.00,15.0
2025,9,LBC,TE,Brock Bowers,LV,JAC,31,0.0,0.0,0.0,0.0,0.0,1.0,6.0,0.0,0.0,13.0,12.0,127.0,3.0,7.0,0.0,38.30,38.3
2025,9,LBC,WR,Drake London,ATL,@NE,18,0.0,0.0,0.0,0.0,0.0,0.0,0.0,0.0,0.0,14.0,9.0,118.0,3.0,8.0,0.0,37.80,37.8
2025,9,LBC,RB,Kyren Williams,LAR,NO,26,0.0,0.0,0.0,0.0,0.0,25.0,114.0,1.0,9.0,0.0,0.0,0.0,0.0,0.0,0.0,26.40,26.4
2025,9,LBC,WR,Jaxon Smith-Njigba,SEA,@WAS,29,0.0,0.0,0.0,0.0,0.0,1.0,11.0,0.0,1.0,9.0,8.0,129.0,0.0,5.0,0.0,20.00,20.0
2025,9,LBC,QB,Bo Nix,DEN,@HOU,1,18.0,37.0,173.0,2.0,1.0,3.0,36.0,0.0,1.0,0.0,0.0,0.0,0.0,0.0,0.0,19.52,19.52
2025,9,LBC,RB,Travis Etienne,JAC,@LV,20,0.0,0.0,0.0,0.0,0.0,22.0,84.0,0.0,6.0,5.0,5.0,31.0,0.0,1.0,0.0,18.50,18.5
2025,9,LBC,WR,Michael Pittman,IND,@PIT,30,0.0,0.0,0.0,0.0,0.0,0.0,0.0,0.0,0.0,12.0,9.0,115.0,0.0,6.0,0.0,17.50,17.5
2025,9,LBC,TE,Trey McBride,ARI,@DAL,13,0.0,0.0,0.0,0.0,0.0,0.0,0.0,0.0,0.0,9.0,5.0,55.0,1.0,3.0,0.0,14.50,14.5
2025,9,LBC,RB,RJ Harvey,DEN,@HOU,11,0.0,0.0,0.0,0.0,0.0,2.0,5.0,0.0,0.0,5.0,5.0,51.0,1.0,2.0,0.0,13.60,13.6
2025,9,LBC,QB,Aaron Rodgers,PIT,IND,13,25.0,35.0,203.0,1.0,0.0,2.0,0.0,0.0,0.0,0.0,0.0,0.0,0.0,0.0,0.0,12.12,12.12
2025,9,LBC,QB,CJ Stroud,HOU,DEN,2,6.0,10.0,79.0,0.0,0.0,2.0,12.0,0.0,1.0,0.0,0.0,0.0,0.0,0.0,0.0,5.36,5.36
2025,9,LBC,WR,Jalen Coker,CAR,@GB,17,0.0,0.0,0.0,0.0,0.0,0.0,0.0,0.0,0.0,1.0,1.0,9.0,0.0,1.0,0.0,1.90,1.9
2025,9,LBC,TE,Evan Engram,DEN,@HOU,4,0.0,0.0,0.0,0.0,0.0,0.0,0.0,0.0,0.0,3.0,0.0,0.0,0.0,0.0,0.0,0.00,0.0
2025,9,LBC,RB,Rhamondre Stevenson,NE,ATL,24,0.0,0.0,0.0,0.0,0.0,0.0,0.0,0.0,0.0,0.0,0.0,0.0,0.0,0.0,0.0,-,0.0
2025,9,LBC,RB,Isiah Pacheco,KC,@BUF,21,0.0,0.0,0.0,0.0,0.0,0.0,0.0,0.0,0.0,0.0,0.0,0.0,0.0,0.0,0.0,-,0.0
2025,9,LBC,WR,Jack Bech,LV,JAC,22,0.0,0.0,0.0,0.0,0.0,0.0,0.0,0.0,0.0,0.0,0.0,0.0,0.0,0.0,0.0,0.00,0.0
2025,9,LBC,WR,Jerry Jeudy,CLE,BYE,---,0.0,0.0,0.0,0.0,0.0,0.0,0.0,0.0,0.0,0.0,0.0,0.0,0.0,0.0,0.0,-,0.0
2025,9,LBC,WR,Michael Wilson Dead Cap,ARI,0,0,0.0,0.0,0.0,0.0,0.0,0.0,0.0,0.0,0.0,0.0,0.0,0.0,0.0,0.0,0.0,-,0.0
2025,9,LBC,WR,Kyle Williams,NE,ATL,8,0.0,0.0,0.0,0.0,0.0,0.0,0.0,0.0,0.0,1.0,0.0,0.0,0.0,0.0,0.0,0.00,0.0
2025,9,LBC,WR,Brandon Aiyuk,SF,@NYG,26,0.0,0.0,0.0,0.0,0.0,0.0,0.0,0.0,0.0,0.0,0.0,0.0,0.0,0.0,0.0,-,0.0
2025,9,LBC,DST,Broncos,DEN,@HOU,15,,,,,,,,,,,,,,,,5.00,5.0
2025,9,LC,WR,Tory Horton,SEA,@WAS,29,0.0,0.0,0.0,0.0,0.0,0.0,0.0,0.0,0.0,4.0,4.0,48.0,2.0,3.0,0.0,19.80,19.8
2025,9,LC,RB,Jaylen Warren,PIT,IND,10,0.0,0.0,0.0,0.0,0.0,16.0,31.0,2.0,3.0,2.0,2.0,-2.0,0.0,0.0,0.0,18.10,18.1
2025,9,LC,TE,Dalton Schultz,HOU,DEN,10,0.0,0.0,0.0,0.0,0.0,0.0,0.0,0.0,0.0,8.0,6.0,77.0,0.0,3.0,0.0,10.70,10.7
2025,9,LC,QB,Patrick Mahomes,KC,@BUF,4,15.0,34.0,250.0,0.0,1.0,1.0,5.0,0.0,0.0,0.0,0.0,0.0,0.0,0.0,0.0,10.50,10.5
2025,9,LC,WR,Rashid Shaheed,NO,@LAR,13,0.0,0.0,0.0,0.0,0.0,0.0,0.0,0.0,0.0,9.0,5.0,68.0,0.0,3.0,0.0,9.80,9.8
2025,9,LC,RB,Zach Charbonnet,SEA,@WAS,19,0.0,0.0,0.0,0.0,0.0,8.0,25.0,0.0,1.0,1.0,1.0,21.0,0.0,1.0,0.0,6.60,6.6
2025,9,LC,TE,Jake Ferguson,DAL,ARI,25,0.0,0.0,0.0,0.0,0.0,0.0,0.0,0.0,0.0,7.0,5.0,50.0,0.0,2.0,1.0,5.00,5.0
2025,9,LC,WR,Xavier Worthy,KC,@BUF,16,0.0,0.0,0.0,0.0,0.0,1.0,7.0,0.0,0.0,7.0,3.0,23.0,0.0,1.0,0.0,4.00,4.0
2025,9,LC,WR,Xavier Legette,CAR,@GB,17,0.0,0.0,0.0,0.0,0.0,0.0,0.0,0.0,0.0,3.0,1.0,22.0,0.0,1.0,0.0,3.20,3.2
2025,9,LC,WR,DK Metcalf,PIT,IND,23,0.0,0.0,0.0,0.0,0.0,0.0,0.0,0.0,0.0,4.0,2.0,6.0,0.0,0.0,0.0,0.60,0.6
2025,9,LC,RB,Jerome Ford,CLE,BYE,---,0.0,0.0,0.0,0.0,0.0,0.0,0.0,0.0,0.0,0.0,0.0,0.0,0.0,0.0,0.0,-,0.0
2025,9,LC,WR,Luther Burden,CHI,@CIN,21,0.0,0.0,0.0,0.0,0.0,0.0,0.0,0.0,0.0,0.0,0.0,0.0,0.0,0.0,0.0,-,0.0
2025,9,LC,WR,Luke McCaffrey,WAS,SEA,7,0.0,0.0,0.0,0.0,0.0,0.0,0.0,0.0,0.0,0.0,0.0,0.0,0.0,0.0,0.0,0.00,0.0
2025,9,LC,RB,Joe Mixon,HOU,DEN,8,0.0,0.0,0.0,0.0,0.0,0.0,0.0,0.0,0.0,0.0,0.0,0.0,0.0,0.0,0.0,-,0.0
2025,9,LC,QB,Jalen Hurts,PHI,BYE,---,0.0,0.0,0.0,0.0,0.0,0.0,0.0,0.0,0.0,0.0,0.0,0.0,0.0,0.0,0.0,-,0.0
2025,9,LC,WR,DeAndre Hopkins,BAL,@MIA,4,0.0,0.0,0.0,0.0,0.0,0.0,0.0,0.0,0.0,1.0,0.0,0.0,0.0,0.0,0.0,0.00,0.0
2025,9,LC,WR,Travis Hunter,JAC,@LV,27,0.0,0.0,0.0,0.0,0.0,0.0,0.0,0.0,0.0,0.0,0.0,0.0,0.0,0.0,0.0,-,0.0
2025,9,LC,WR,Kayshon Boutte,NE,ATL,8,0.0,0.0,0.0,0.0,0.0,0.0,0.0,0.0,0.0,1.0,0.0,0.0,0.0,0.0,0.0,0.00,0.0
2025,9,LC,RB,James Conner,ARI,@DAL,31,0.0,0.0,0.0,0.0,0.0,0.0,0.0,0.0,0.0,0.0,0.0,0.0,0.0,0.0,0.0,-,0.0
2025,9,LC,DST,49ers,SF,@NYG,19,,,,,,,,,,,,,,,,2.00,2.0
2025,9,MB,QB,Jaxson Dart,NYG,SF,21,24.0,33.0,191.0,2.0,0.0,8.0,56.0,1.0,5.0,0.0,0.0,0.0,0.0,0.0,0.0,32.24,32.24
2025,9,MB,QB,Joe Flacco,CIN,CHI,26,31.0,47.0,470.0,4.0,2.0,1.0,-1.0,0.0,0.0,0.0,0.0,0.0,0.0,0.0,1.0,30.80,30.8
2025,9,MB,QB,Matthew Stafford,LAR,NO,20,24.0,32.0,281.0,4.0,0.0,4.0,-4.0,0.0,0.0,0.0,0.0,0.0,0.0,0.0,0.0,27.24,27.24
2025,9,MB,WR,Marvin Harrison,ARI,@DAL,32,0.0,0.0,0.0,0.0,0.0,0.0,0.0,0.0,0.0,10.0,7.0,96.0,1.0,6.0,0.0,21.60,21.6
2025,9,MB,TE,Mark Andrews,BAL,@MIA,28,0.0,0.0,0.0,0.0,0.0,2.0,4.0,0.0,2.0,3.0,2.0,22.0,2.0,2.0,0.0,18.60,18.6
2025,9,MB,RB,Aaron Jones,MIN,@DET,4,0.0,0.0,0.0,0.0,0.0,9.0,78.0,0.0,4.0,2.0,2.0,20.0,0.0,1.0,0.0,14.80,14.8
2025,9,MB,RB,Bijan Robinson,ATL,@NE,2,0.0,0.0,0.0,0.0,0.0,12.0,46.0,0.0,2.0,10.0,8.0,50.0,0.0,3.0,0.0,14.60,14.6
2025,9,MB,WR,Amon-Ra St Brown,DET,MIN,9,0.0,0.0,0.0,0.0,0.0,0.0,0.0,0.0,0.0,13.0,9.0,97.0,0.0,2.0,0.0,11.70,11.7
2025,9,MB,TE,Juwan Johnson,NO,@LAR,11,0.0,0.0,0.0,0.0,0.0,0.0,0.0,0.0,0.0,4.0,3.0,31.0,1.0,2.0,0.0,11.10,11.1
2025,9,MB,RB,Tyrone Tracy,NYG,SF,13,0.0,0.0,0.0,0.0,0.0,5.0,18.0,0.0,1.0,4.0,3.0,19.0,0.0,2.0,0.0,6.70,6.7
2025,9,MB,WR,Kendrick Bourne,SF,@NYG,26,0.0,0.0,0.0,0.0,0.0,0.0,0.0,0.0,0.0,2.0,2.0,34.0,0.0,2.0,0.0,5.40,5.4
2025,9,MB,RB,Jacory Croskey-Merritt,WAS,SEA,9,0.0,0.0,0.0,0.0,0.0,12.0,38.0,0.0,0.0,1.0,1.0,3.0,0.0,0.0,0.0,4.10,4.1
2025,9,MB,WR,Tre Harris,LAC,@TEN,24,0.0,0.0,0.0,0.0,0.0,0.0,0.0,0.0,0.0,2.0,2.0,18.0,0.0,2.0,0.0,3.80,3.8
2025,9,MB,RB,Jarquez Hunter,LAR,NO,26,0.0,0.0,0.0,0.0,0.0,0.0,0.0,0.0,0.0,0.0,0.0,0.0,0.0,0.0,0.0,-,0.0
2025,9,MB,QB,Kyler Murray,ARI,@DAL,32,0.0,0.0,0.0,0.0,0.0,0.0,0.0,0.0,0.0,0.0,0.0,0.0,0.0,0.0,0.0,-,0.0
2025,9,MB,RB,Isaac Guerendo,SF,@NYG,30,0.0,0.0,0.0,0.0,0.0,0.0,0.0,0.0,0.0,0.0,0.0,0.0,0.0,0.0,0.0,0.00,0.0
2025,9,MB,RB,Ray Davis,BUF,KC,6,0.0,0.0,0.0,0.0,0.0,0.0,0.0,0.0,0.0,0.0,0.0,0.0,0.0,0.0,0.0,0.00,0.0
2025,9,MB,WR,Cooper Kupp,SEA,@WAS,29,0.0,0.0,0.0,0.0,0.0,0.0,0.0,0.0,0.0,0.0,0.0,0.0,0.0,0.0,0.0,-,0.0
2025,9,MB,WR,Josh Palmer,BUF,KC,3,0.0,0.0,0.0,0.0,0.0,0.0,0.0,0.0,0.0,0.0,0.0,0.0,0.0,0.0,0.0,-,0.0
2025,9,MB,DST,Chiefs,KC,@BUF,2,,,,,,,,,,,,,,,,3.00,3.0
2025,9,NBB,QB,Josh Allen,BUF,KC,16,23.0,26.0,273.0,1.0,0.0,6.0,19.0,2.0,4.0,0.0,0.0,0.0,0.0,0.0,0.0,32.82,32.82
2025,9,NBB,QB,Trevor Lawrence,JAC,@LV,18,23.0,34.0,220.0,0.0,1.0,9.0,24.0,2.0,4.0,0.0,0.0,0.0,0.0,0.0,0.0,25.20,25.2
2025,9,NBB,WR,Jameson Williams,DET,MIN,9,0.0,0.0,0.0,0.0,0.0,0.0,0.0,0.0,0.0,6.0,4.0,66.0,1.0,3.0,0.0,15.60,15.6
2025,9,NBB,RB,Bhayshul Tuten,JAC,@LV,20,0.0,0.0,0.0,0.0,0.0,9.0,29.0,1.0,4.0,1.0,1.0,-3.0,0.0,0.0,0.0,12.90,12.9
2025,9,NBB,RB,Blake Corum,LAR,NO,26,0.0,0.0,0.0,0.0,0.0,13.0,58.0,0.0,3.0,0.0,0.0,0.0,0.0,0.0,0.0,8.80,8.8
2025,9,NBB,WR,Tetairoa McMillan,CAR,@GB,17,0.0,0.0,0.0,0.0,0.0,0.0,0.0,0.0,0.0,6.0,4.0,46.0,0.0,3.0,0.0,7.60,7.6
2025,9,NBB,WR,Brian Thomas,JAC,@LV,27,0.0,0.0,0.0,0.0,0.0,0.0,0.0,0.0,0.0,5.0,3.0,55.0,0.0,2.0,0.0,7.50,7.5
2025,9,NBB,WR,Khalil Shakir,BUF,KC,3,0.0,0.0,0.0,0.0,0.0,0.0,0.0,0.0,0.0,8.0,7.0,43.0,0.0,3.0,0.0,7.30,7.3
2025,9,NBB,TE,Harold Fannin,CLE,BYE,---,0.0,0.0,0.0,0.0,0.0,0.0,0.0,0.0,0.0,0.0,0.0,0.0,0.0,0.0,0.0,-,0.0
2025,9,NBB,WR,Mike Evans,TB,BYE,---,0.0,0.0,0.0,0.0,0.0,0.0,0.0,0.0,0.0,0.0,0.0,0.0,0.0,0.0,0.0,-,0.0
2025,9,NBB,RB,Najee Harris,LAC,@TEN,28,0.0,0.0,0.0,0.0,0.0,0.0,0.0,0.0,0.0,0.0,0.0,0.0,0.0,0.0,0.0,-,0.0
2025,9,NBB,WR,Chris Godwin,TB,BYE,---,0.0,0.0,0.0,0.0,0.0,0.0,0.0,0.0,0.0,0.0,0.0,0.0,0.0,0.0,0.0,-,0.0
2025,9,NBB,WR,Jayden Reed,GB,CAR,5,0.0,0.0,0.0,0.0,0.0,0.0,0.0,0.0,0.0,0.0,0.0,0.0,0.0,0.0,0.0,-,0.0
2025,9,NBB,RB,D'Andre Swift,CHI,@CIN,32,0.0,0.0,0.0,0.0,0.0,0.0,0.0,0.0,0.0,0.0,0.0,0.0,0.0,0.0,0.0,-,0.0
2025,9,NBB,TE,David Njoku,CLE,BYE,---,0.0,0.0,0.0,0.0,0.0,0.0,0.0,0.0,0.0,0.0,0.0,0.0,0.0,0.0,0.0,-,0.0
2025,9,NBB,TE,Dallas Goedert,PHI,BYE,---,0.0,0.0,0.0,0.0,0.0,0.0,0.0,0.0,0.0,0.0,0.0,0.0,0.0,0.0,0.0,-,0.0
2025,9,NBB,RB,Will Shipley,PHI,BYE,---,0.0,0.0,0.0,0.0,0.0,0.0,0.0,0.0,0.0,0.0,0.0,0.0,0.0,0.0,0.0,-,0.0
2025,9,NBB,WR,Terry McLaurin,WAS,SEA,7,0.0,0.0,0.0,0.0,0.0,0.0,0.0,0.0,0.0,0.0,0.0,0.0,0.0,0.0,0.0,-,0.0
2025,9,NBB,DST,Giants,NYG,SF,17,,,,,,,,,,,,,,,,3.00,3.0
2025,9,PCP,RB,Rico Dowdle,CAR,@GB,5,0.0,0.0,0.0,0.0,0.0,25.0,130.0,2.0,7.0,3.0,2.0,11.0,0.0,1.0,0.0,34.10,34.1
2025,9,PCP,RB,Ashton Jeanty,LV,JAC,7,0.0,0.0,0.0,0.0,0.0,13.0,42.0,0.0,3.0,5.0,5.0,47.0,1.0,3.0,0.0,20.90,20.9
2025,9,PCP,QB,Daniel Jones,IND,@PIT,28,31.0,50.0,342.0,1.0,3.0,3.0,4.0,1.0,2.0,0.0,0.0,0.0,0.0,0.0,2.0,16.08,16.08
2025,9,PCP,WR,Romeo Doubs,GB,CAR,5,0.0,0.0,0.0,0.0,0.0,0.0,0.0,0.0,0.0,10.0,7.0,91.0,0.0,5.0,0.0,14.10,14.1
2025,9,PCP,WR,CeeDee Lamb,DAL,ARI,14,0.0,0.0,0.0,0.0,0.0,0.0,0.0,0.0,0.0,12.0,7.0,85.0,0.0,3.0,0.0,11.50,11.5
2025,9,PCP,TE,Pat Freiermuth,PIT,IND,29,0.0,0.0,0.0,0.0,0.0,0.0,0.0,0.0,0.0,4.0,3.0,27.0,1.0,2.0,0.0,10.70,10.7
2025,9,PCP,TE,TJ Hockenson,MIN,@DET,14,0.0,0.0,0.0,0.0,0.0,0.0,0.0,0.0,0.0,3.0,2.0,11.0,1.0,1.0,0.0,8.10,8.1
2025,9,PCP,RB,Tyjae Spears,TEN,LAC,15,0.0,0.0,0.0,0.0,0.0,7.0,26.0,0.0,0.0,3.0,3.0,36.0,0.0,1.0,0.0,7.20,7.2
2025,9,PCP,TE,Luke Musgrave,GB,CAR,23,0.0,0.0,0.0,0.0,0.0,0.0,0.0,0.0,0.0,3.0,3.0,34.0,0.0,2.0,0.0,5.40,5.4
2025,9,PCP,RB,Nick Chubb,HOU,DEN,8,0.0,0.0,0.0,0.0,0.0,11.0,34.0,0.0,1.0,0.0,0.0,0.0,0.0,0.0,0.0,4.40,4.4
2025,9,PCP,WR,Keon Coleman,BUF,KC,3,0.0,0.0,0.0,0.0,0.0,0.0,0.0,0.0,0.0,2.0,2.0,17.0,0.0,1.0,0.0,2.70,2.7
2025,9,PCP,RB,Devin Neal,NO,@LAR,1,0.0,0.0,0.0,0.0,0.0,3.0,11.0,0.0,0.0,1.0,1.0,1.0,0.0,0.0,0.0,1.20,1.2
2025,9,PCP,QB,Joe Burrow,CIN,CHI,26,0.0,0.0,0.0,0.0,0.0,0.0,0.0,0.0,0.0,0.0,0.0,0.0,0.0,0.0,0.0,-,0.0
2025,9,PCP,QB,Dillon Gabriel,CLE,BYE,---,0.0,0.0,0.0,0.0,0.0,0.0,0.0,0.0,0.0,0.0,0.0,0.0,0.0,0.0,0.0,-,0.0
2025,9,PCP,RB,DJ Giddens,IND,@PIT,12,0.0,0.0,0.0,0.0,0.0,0.0,0.0,0.0,0.0,0.0,0.0,0.0,0.0,0.0,0.0,-,0.0
2025,9,PCP,QB,Shedeur Sanders,CLE,BYE,---,0.0,0.0,0.0,0.0,0.0,0.0,0.0,0.0,0.0,0.0,0.0,0.0,0.0,0.0,0.0,-,0.0
2025,9,PCP,RB,Braelon Allen,NYJ,BYE,---,0.0,0.0,0.0,0.0,0.0,0.0,0.0,0.0,0.0,0.0,0.0,0.0,0.0,0.0,0.0,-,0.0
2025,9,PCP,WR,Garrett Wilson,NYJ,BYE,---,0.0,0.0,0.0,0.0,0.0,0.0,0.0,0.0,0.0,0.0,0.0,0.0,0.0,0.0,0.0,-,0.0
2025,9,PCP,RB,Trey Benson,ARI,@DAL,31,0.0,0.0,0.0,0.0,0.0,0.0,0.0,0.0,0.0,0.0,0.0,0.0,0.0,0.0,0.0,-,0.0
2025,9,PCP,WR,AJ Brown,PHI,BYE,---,0.0,0.0,0.0,0.0,0.0,0.0,0.0,0.0,0.0,0.0,0.0,0.0,0.0,0.0,0.0,-,0.0
2025,9,PCP,DST,Patriots,NE,ATL,16,,,,,,,,,,,,,,,,2.00,2.0
2025,9,PP,QB,Justin Herbert,LAC,@TEN,22,19.0,29.0,250.0,2.0,1.0,9.0,57.0,1.0,6.0,0.0,0.0,0.0,0.0,0.0,0.0,33.70,33.7
2025,9,PP,RB,Josh Jacobs,GB,CAR,18,0.0,0.0,0.0,0.0,0.0,17.0,87.0,1.0,6.0,5.0,4.0,13.0,0.0,0.0,0.0,22.00,22.0
2025,9,PP,WR,Rashee Rice,KC,@BUF,16,0.0,0.0,0.0,0.0,0.0,2.0,6.0,1.0,2.0,7.0,4.0,80.0,0.0,4.0,0.0,20.60,20.6
2025,9,PP,QB,JJ McCarthy,MIN,@DET,19,14.0,25.0,143.0,2.0,1.0,9.0,12.0,1.0,1.0,0.0,0.0,0.0,0.0,0.0,0.0,19.92,19.92
2025,9,PP,RB,De'Von Achane,MIA,BAL,29,0.0,0.0,0.0,0.0,0.0,14.0,67.0,0.0,4.0,10.0,6.0,39.0,0.0,1.0,0.0,15.60,15.6
2025,9,PP,WR,Jauan Jennings,SF,@NYG,26,0.0,0.0,0.0,0.0,0.0,0.0,0.0,0.0,0.0,5.0,4.0,41.0,1.0,2.0,0.0,12.10,12.1
2025,9,PP,WR,Stefon Diggs,NE,ATL,8,0.0,0.0,0.0,0.0,0.0,0.0,0.0,0.0,0.0,4.0,3.0,38.0,1.0,2.0,0.0,11.80,11.8
2025,9,PP,TE,Travis Kelce,KC,@BUF,2,0.0,0.0,0.0,0.0,0.0,0.0,0.0,0.0,0.0,5.0,4.0,66.0,0.0,3.0,0.0,11.60,11.6
2025,9,PP,WR,Courtland Sutton,DEN,@HOU,6,0.0,0.0,0.0,0.0,0.0,0.0,0.0,0.0,0.0,6.0,1.0,30.0,1.0,1.0,0.0,10.00,10.0
2025,9,PP,RB,Zonovan Knight,ARI,@DAL,31,0.0,0.0,0.0,0.0,0.0,9.0,27.0,0.0,3.0,2.0,2.0,20.0,0.0,2.0,0.0,9.70,9.7
2025,9,PP,WR,Jordan Addison,MIN,@DET,25,0.0,0.0,0.0,0.0,0.0,1.0,16.0,0.0,1.0,4.0,2.0,48.0,0.0,2.0,0.0,9.40,9.4
2025,9,PP,TE,Isaiah Likely,BAL,@MIA,28,0.0,0.0,0.0,0.0,0.0,0.0,0.0,0.0,0.0,4.0,3.0,60.0,0.0,3.0,0.0,9.00,9.0
2025,9,PP,TE,Tucker Kraft,GB,CAR,23,0.0,0.0,0.0,0.0,0.0,0.0,0.0,0.0,0.0,3.0,2.0,20.0,0.0,1.0,0.0,3.00,3.0
2025,9,PP,RB,Emanuel Wilson,GB,CAR,18,0.0,0.0,0.0,0.0,0.0,6.0,16.0,0.0,1.0,2.0,1.0,1.0,0.0,0.0,0.0,2.70,2.7
2025,9,PP,WR,Jayden Higgins,HOU,DEN,1,0.0,0.0,0.0,0.0,0.0,0.0,0.0,0.0,0.0,1.0,1.0,4.0,0.0,0.0,0.0,0.40,0.4
2025,9,PP,RB,Omarion Hampton,LAC,@TEN,28,0.0,0.0,0.0,0.0,0.0,0.0,0.0,0.0,0.0,0.0,0.0,0.0,0.0,0.0,0.0,-,0.0
2025,9,PP,RB,Jaydon Blue,DAL,ARI,17,0.0,0.0,0.0,0.0,0.0,0.0,0.0,0.0,0.0,0.0,0.0,0.0,0.0,0.0,0.0,-,0.0
2025,9,PP,QB,Kirk Cousins,ATL,@NE,11,0.0,0.0,0.0,0.0,0.0,0.0,0.0,0.0,0.0,0.0,0.0,0.0,0.0,0.0,0.0,-,0.0
2025,9,PP,QB,Jalen Milroe,SEA,@WAS,29,0.0,0.0,0.0,0.0,0.0,0.0,0.0,0.0,0.0,0.0,0.0,0.0,0.0,0.0,0.0,-,0.0
2025,9,PP,WR,Tyreek Hill Dead Cap,MIA,0,0,0.0,0.0,0.0,0.0,0.0,0.0,0.0,0.0,0.0,0.0,0.0,0.0,0.0,0.0,0.0,-,0.0
2025,9,PP,RB,MarShawn Lloyd,GB,CAR,18,0.0,0.0,0.0,0.0,0.0,0.0,0.0,0.0,0.0,0.0,0.0,0.0,0.0,0.0,0.0,-,0.0
2025,9,PP,WR,Calvin Ridley,TEN,LAC,2,0.0,0.0,0.0,0.0,0.0,0.0,0.0,0.0,0.0,0.0,0.0,0.0,0.0,0.0,0.0,-,0.0
2025,9,PP,DST,Colts,IND,@PIT,12,,,,,,,,,,,,,,,,6.00,6.0
2025,9,RR,RB,Christian McCaffrey,SF,@NYG,30,0.0,0.0,0.0,0.0,0.0,28.0,106.0,1.0,5.0,6.0,5.0,67.0,1.0,3.0,0.0,37.30,37.3
2025,9,RR,QB,Michael Penix,ATL,@NE,11,22.0,37.0,221.0,3.0,0.0,2.0,19.0,0.0,1.0,0.0,0.0,0.0,0.0,0.0,0.0,23.74,23.74
2025,9,RR,WR,Davante Adams,LAR,NO,15,0.0,0.0,0.0,0.0,0.0,0.0,0.0,0.0,0.0,7.0,5.0,60.0,2.0,5.0,0.0,23.00,23.0
2025,9,RR,RB,Kareem Hunt,KC,@BUF,21,0.0,0.0,0.0,0.0,0.0,11.0,49.0,1.0,3.0,2.0,1.0,6.0,0.0,0.0,0.0,14.50,14.5
2025,9,RR,WR,George Pickens,DAL,ARI,14,0.0,0.0,0.0,0.0,0.0,0.0,0.0,0.0,0.0,9.0,6.0,79.0,0.0,6.0,0.0,13.90,13.9
2025,9,RR,WR,Justin Jefferson,MIN,@DET,25,0.0,0.0,0.0,0.0,0.0,0.0,0.0,0.0,0.0,9.0,6.0,47.0,1.0,3.0,0.0,13.70,13.7
2025,9,RR,QB,Tyler Shough,NO,@LAR,6,15.0,24.0,176.0,1.0,1.0,1.0,2.0,0.0,0.0,0.0,0.0,0.0,0.0,0.0,0.0,9.24,9.24
2025,9,RR,RB,Kenneth Walker,SEA,@WAS,19,0.0,0.0,0.0,0.0,0.0,11.0,42.0,0.0,2.0,2.0,2.0,19.0,0.0,1.0,0.0,9.10,9.1
2025,9,RR,QB,Tua Tagovailoa,MIA,BAL,23,25.0,40.0,261.0,0.0,1.0,1.0,1.0,0.0,0.0,0.0,0.0,0.0,0.0,0.0,0.0,8.54,8.54
2025,9,RR,WR,Darius Slayton,NYG,SF,19,0.0,0.0,0.0,0.0,0.0,0.0,0.0,0.0,0.0,7.0,5.0,62.0,0.0,2.0,0.0,8.20,8.2
2025,9,RR,TE,Kyle Pitts,ATL,@NE,24,0.0,0.0,0.0,0.0,0.0,0.0,0.0,0.0,0.0,7.0,4.0,38.0,0.0,1.0,0.0,4.80,4.8
2025,9,RR,TE,Tyler Warren,IND,@PIT,30,0.0,0.0,0.0,0.0,0.0,0.0,0.0,0.0,0.0,7.0,5.0,26.0,0.0,1.0,0.0,3.60,3.6
2025,9,RR,RB,Woody Marks,HOU,DEN,8,0.0,0.0,0.0,0.0,0.0,10.0,27.0,0.0,0.0,3.0,0.0,0.0,0.0,0.0,0.0,2.70,2.7
2025,9,RR,WR,Darnell Mooney,ATL,@NE,18,0.0,0.0,0.0,0.0,0.0,0.0,0.0,0.0,0.0,2.0,1.0,15.0,0.0,1.0,0.0,2.50,2.5
2025,9,RR,RB,Kaleb Johnson,PIT,IND,10,0.0,0.0,0.0,0.0,0.0,1.0,4.0,0.0,0.0,1.0,1.0,9.0,0.0,0.0,0.0,1.30,1.3
2025,9,RR,WR,Cedric Tillman,CLE,BYE,---,0.0,0.0,0.0,0.0,0.0,0.0,0.0,0.0,0.0,0.0,0.0,0.0,0.0,0.0,0.0,-,0.0
2025,9,RR,WR,Jalen McMillan,TB,BYE,---,0.0,0.0,0.0,0.0,0.0,0.0,0.0,0.0,0.0,0.0,0.0,0.0,0.0,0.0,0.0,-,0.0
2025,9,RR,RB,Breece Hall,NYJ,BYE,---,0.0,0.0,0.0,0.0,0.0,0.0,0.0,0.0,0.0,0.0,0.0,0.0,0.0,0.0,0.0,-,0.0
2025,9,RR,QB,Marcus Mariota,WAS,SEA,12,0.0,0.0,0.0,0.0,0.0,0.0,0.0,0.0,0.0,0.0,0.0,0.0,0.0,0.0,0.0,0.00,0.0
2025,9,RR,QB,Baker Mayfield,TB,BYE,---,0.0,0.0,0.0,0.0,0.0,0.0,0.0,0.0,0.0,0.0,0.0,0.0,0.0,0.0,0.0,-,0.0
2025,9,RR,DST,Chargers,LAC,@TEN,32,,,,,,,,,,,,,,,,6.00,6.0
2025,9,SBS,RB,Kyle Monangai,CHI,@CIN,32,0.0,0.0,0.0,0.0,0.0,26.0,176.0,0.0,6.0,5.0,3.0,22.0,0.0,2.0,0.0,27.80,27.8
2025,9,SBS,QB,Lamar Jackson,BAL,@MIA,25,18.0,23.0,204.0,4.0,0.0,5.0,14.0,0.0,1.0,0.0,0.0,0.0,0.0,0.0,0.0,26.56,26.56
2025,9,SBS,QB,Jayden Daniels,WAS,SEA,12,16.0,22.0,153.0,0.0,1.0,10.0,51.0,1.0,2.0,0.0,0.0,0.0,0.0,0.0,0.0,17.22,17.22
2025,9,SBS,WR,Alec Pierce,IND,@PIT,30,0.0,0.0,0.0,0.0,0.0,0.0,0.0,0.0,0.0,13.0,6.0,115.0,0.0,5.0,0.0,16.50,16.5
2025,9,SBS,RB,David Montgomery,DET,MIN,14,0.0,0.0,0.0,0.0,0.0,11.0,40.0,1.0,3.0,4.0,2.0,10.0,0.0,1.0,1.0,13.00,13.0
2025,9,SBS,RB,TreVeyon Henderson,NE,ATL,24,0.0,0.0,0.0,0.0,0.0,14.0,55.0,0.0,2.0,6.0,4.0,32.0,0.0,2.0,0.0,12.70,12.7
2025,9,SBS,RB,Jonathan Taylor,IND,@PIT,12,0.0,0.0,0.0,0.0,0.0,14.0,45.0,0.0,3.0,2.0,2.0,12.0,0.0,0.0,0.0,8.70,8.7
2025,9,SBS,WR,Christian Watson,GB,CAR,5,0.0,0.0,0.0,0.0,0.0,0.0,0.0,0.0,0.0,4.0,2.0,58.0,0.0,1.0,0.0,6.80,6.8
2025,9,SBS,WR,Troy Franklin,DEN,@HOU,6,0.0,0.0,0.0,0.0,0.0,2.0,-4.0,0.0,1.0,10.0,4.0,27.0,0.0,1.0,0.0,6.70,6.7
2025,9,SBS,TE,Zach Ertz,WAS,SEA,26,0.0,0.0,0.0,0.0,0.0,0.0,0.0,0.0,0.0,4.0,4.0,46.0,0.0,2.0,0.0,6.60,6.6
2025,9,SBS,WR,Wan'Dale Robinson,NYG,SF,19,0.0,0.0,0.0,0.0,0.0,0.0,0.0,0.0,0.0,11.0,9.0,46.0,0.0,1.0,0.0,5.60,5.6
2025,9,SBS,WR,Deebo Samuel,WAS,SEA,7,0.0,0.0,0.0,0.0,0.0,1.0,3.0,0.0,0.0,6.0,5.0,41.0,0.0,1.0,0.0,5.40,5.4
2025,9,SBS,WR,Christian Kirk,HOU,DEN,1,0.0,0.0,0.0,0.0,0.0,0.0,0.0,0.0,0.0,8.0,4.0,26.0,0.0,2.0,0.0,4.60,4.6
2025,9,SBS,RB,Chuba Hubbard,CAR,@GB,5,0.0,0.0,0.0,0.0,0.0,5.0,17.0,0.0,1.0,1.0,0.0,0.0,0.0,0.0,0.0,2.70,2.7
2025,9,SBS,WR,Jaylin Noel,HOU,DEN,1,0.0,0.0,0.0,0.0,0.0,1.0,-3.0,0.0,0.0,0.0,0.0,0.0,0.0,0.0,0.0,0.00,0.0
2025,9,SBS,TE,Mason Taylor,NYJ,BYE,---,0.0,0.0,0.0,0.0,0.0,0.0,0.0,0.0,0.0,0.0,0.0,0.0,0.0,0.0,0.0,-,0.0
2025,9,SBS,QB,Tyler Huntley,BAL,@MIA,25,0.0,0.0,0.0,0.0,0.0,0.0,0.0,0.0,0.0,0.0,0.0,0.0,0.0,0.0,0.0,-,0.0
2025,9,SBS,RB,Dylan Sampson,CLE,BYE,---,0.0,0.0,0.0,0.0,0.0,0.0,0.0,0.0,0.0,0.0,0.0,0.0,0.0,0.0,0.0,-,0.0
2025,9,SBS,DST,Lions,DET,MIN,29,,,,,,,,,,,,,,,,7.00,7.0
2025,10,ABT,QB,Caleb Williams,CHI,NYG,31,20.0,36.0,220.0,1.0,0.0,8.0,63.0,1.0,3.0,0.0,0.0,0.0,0.0,0.0,0.0,28.10,28.1
2025,10,ABT,RB,Tyler Allgeier,ATL,@IND,12,0.0,0.0,0.0,0.0,0.0,11.0,57.0,2.0,5.0,0.0,0.0,0.0,0.0,0.0,0.0,22.70,22.7
2025,10,ABT,WR,Chris Olave,NO,@CAR,5,0.0,0.0,0.0,0.0,0.0,0.0,0.0,0.0,0.0,8.0,5.0,104.0,1.0,3.0,0.0,19.40,19.4
2025,10,ABT,WR,Puka Nacua,LAR,@SF,20,0.0,0.0,0.0,0.0,0.0,0.0,0.0,0.0,0.0,6.0,5.0,64.0,1.0,5.0,0.0,17.40,17.4
2025,10,ABT,RB,Saquon Barkley,PHI,@GB,5,0.0,0.0,0.0,0.0,0.0,22.0,60.0,0.0,2.0,3.0,3.0,41.0,0.0,1.0,0.0,13.10,13.1
2025,10,ABT,WR,Roman Wilson,PIT,@LAC,2,0.0,0.0,0.0,0.0,0.0,0.0,0.0,0.0,0.0,3.0,2.0,35.0,1.0,1.0,0.0,10.50,10.5
2025,10,ABT,RB,Rachaad White,TB,NE,1,0.0,0.0,0.0,0.0,0.0,10.0,38.0,0.0,2.0,5.0,5.0,16.0,0.0,2.0,0.0,9.40,9.4
2025,10,ABT,TE,Colston Loveland,CHI,NYG,13,0.0,0.0,0.0,0.0,0.0,0.0,0.0,0.0,0.0,4.0,4.0,55.0,0.0,3.0,0.0,8.50,8.5
2025,10,ABT,WR,Tre Tucker,LV,@DEN,1,0.0,0.0,0.0,0.0,0.0,1.0,7.0,0.0,0.0,3.0,2.0,28.0,0.0,1.0,0.0,4.50,4.5
2025,10,ABT,RB,Keaton Mitchell,BAL,@MIN,14,0.0,0.0,0.0,0.0,0.0,4.0,31.0,0.0,1.0,0.0,0.0,0.0,0.0,0.0,0.0,4.10,4.1
2025,10,ABT,QB,Bryce Young,CAR,NO,15,17.0,25.0,124.0,0.0,1.0,2.0,6.0,0.0,1.0,0.0,0.0,0.0,0.0,0.0,1.0,2.56,2.56
2025,10,ABT,WR,Calvin Austin,PIT,@LAC,2,0.0,0.0,0.0,0.0,0.0,0.0,0.0,0.0,0.0,7.0,2.0,14.0,0.0,0.0,0.0,1.40,1.4
2025,10,ABT,TE,Hunter Henry,NE,@TB,10,0.0,0.0,0.0,0.0,0.0,0.0,0.0,0.0,0.0,4.0,1.0,9.0,0.0,0.0,0.0,0.90,0.9
2025,10,ABT,WR,Josh Downs,IND,ATL,8,0.0,0.0,0.0,0.0,0.0,0.0,0.0,0.0,0.0,2.0,1.0,3.0,0.0,0.0,0.0,0.30,0.3
2025,10,ABT,WR,DJ Moore,CHI,NYG,27,0.0,0.0,0.0,0.0,0.0,0.0,0.0,0.0,0.0,4.0,0.0,0.0,0.0,0.0,0.0,0.00,0.0
2025,10,ABT,RB,Chase Brown,CIN,BYE,---,0.0,0.0,0.0,0.0,0.0,0.0,0.0,0.0,0.0,0.0,0.0,0.0,0.0,0.0,0.0,-,0.0
2025,10,ABT,QB,Dak Prescott,DAL,BYE,---,0.0,0.0,0.0,0.0,0.0,0.0,0.0,0.0,0.0,0.0,0.0,0.0,0.0,0.0,0.0,-,0.0
2025,10,ABT,TE,Brenton Strange,JAC,@HOU,4,0.0,0.0,0.0,0.0,0.0,0.0,0.0,0.0,0.0,0.0,0.0,0.0,0.0,0.0,0.0,-,0.0
2025,10,ABT,RB,Jonathon Brooks,CAR,NO,24,0.0,0.0,0.0,0.0,0.0,0.0,0.0,0.0,0.0,0.0,0.0,0.0,0.0,0.0,0.0,-,0.0
2025,10,ABT,DST,Rams,LAR,@SF,18,,,,,,,,,,,,,,,,6.00,6.0
2025,10,CLC,WR,Nico Collins,HOU,JAC,23,0.0,0.0,0.0,0.0,0.0,0.0,0.0,0.0,0.0,15.0,7.0,136.0,0.0,5.0,0.0,20.60,20.6
2025,10,CLC,QB,Jacoby Brissett,ARI,@SEA,13,22.0,44.0,258.0,2.0,0.0,4.0,31.0,0.0,1.0,0.0,0.0,0.0,0.0,0.0,2.0,20.42,20.42
2025,10,CLC,WR,Rome Odunze,CHI,NYG,27,0.0,0.0,0.0,0.0,0.0,0.0,0.0,0.0,0.0,10.0,6.0,86.0,1.0,5.0,0.0,19.60,19.6
2025,10,CLC,WR,Jaylen Waddle,MIA,BUF,16,0.0,0.0,0.0,0.0,0.0,0.0,0.0,0.0,0.0,7.0,5.0,84.0,1.0,3.0,0.0,17.40,17.4
2025,10,CLC,RB,Alvin Kamara,NO,@CAR,15,0.0,0.0,0.0,0.0,0.0,22.0,83.0,0.0,4.0,3.0,3.0,32.0,0.0,1.0,0.0,16.50,16.5
2025,10,CLC,WR,DeVonta Smith,PHI,@GB,13,0.0,0.0,0.0,0.0,0.0,0.0,0.0,0.0,0.0,7.0,4.0,69.0,1.0,3.0,0.0,15.90,15.9
2025,10,CLC,QB,Jordan Love,GB,PHI,16,20.0,36.0,176.0,0.0,0.0,5.0,28.0,0.0,2.0,0.0,0.0,0.0,0.0,0.0,1.0,9.84,9.84
2025,10,CLC,RB,Justice Hill,BAL,@MIN,14,0.0,0.0,0.0,0.0,0.0,1.0,1.0,1.0,1.0,2.0,1.0,12.0,0.0,1.0,0.0,9.30,9.3
2025,10,CLC,QB,Justin Fields,NYJ,CLE,3,6.0,11.0,54.0,1.0,1.0,7.0,28.0,0.0,2.0,0.0,0.0,0.0,0.0,0.0,0.0,8.96,8.96
2025,10,CLC,TE,Dalton Kincaid,BUF,@MIA,30,0.0,0.0,0.0,0.0,0.0,0.0,0.0,0.0,0.0,3.0,2.0,37.0,0.0,2.0,0.0,5.70,5.7
2025,10,CLC,TE,Terrance Ferguson,LAR,@SF,21,0.0,0.0,0.0,0.0,0.0,0.0,0.0,0.0,0.0,4.0,1.0,32.0,0.0,1.0,0.0,4.20,4.2
2025,10,CLC,RB,Isaiah Davis,NYJ,CLE,4,0.0,0.0,0.0,0.0,0.0,3.0,10.0,0.0,0.0,1.0,1.0,1.0,0.0,0.0,0.0,1.10,1.1
2025,10,CLC,WR,Ja'Lynn Polk,NO,@CAR,5,0.0,0.0,0.0,0.0,0.0,0.0,0.0,0.0,0.0,0.0,0.0,0.0,0.0,0.0,0.0,-,0.0
2025,10,CLC,QB,Cam Ward,TEN,BYE,---,0.0,0.0,0.0,0.0,0.0,0.0,0.0,0.0,0.0,0.0,0.0,0.0,0.0,0.0,0.0,-,0.0
2025,10,CLC,RB,Trevor Etienne,CAR,NO,24,0.0,0.0,0.0,0.0,0.0,0.0,0.0,0.0,0.0,0.0,0.0,0.0,0.0,0.0,0.0,0.00,0.0
2025,10,CLC,RB,Ollie Gordon,MIA,BUF,27,0.0,0.0,0.0,0.0,0.0,1.0,-3.0,0.0,0.0,0.0,0.0,0.0,0.0,0.0,0.0,0.00,0.0
2025,10,CLC,WR,Ricky Pearsall,SF,LAR,15,0.0,0.0,0.0,0.0,0.0,0.0,0.0,0.0,0.0,0.0,0.0,0.0,0.0,0.0,0.0,-,0.0
2025,10,CLC,RB,Zack Moss Dead Cap,CIN,0,0,0.0,0.0,0.0,0.0,0.0,0.0,0.0,0.0,0.0,0.0,0.0,0.0,0.0,0.0,0.0,-,0.0
2025,10,CLC,RB,Javonte Williams,DAL,BYE,---,0.0,0.0,0.0,0.0,0.0,0.0,0.0,0.0,0.0,0.0,0.0,0.0,0.0,0.0,0.0,-,0.0
2025,10,CLC,DST,Bills,BUF,@MIA,24,,,,,,,,,,,,,,,,3.00,3.0
2025,10,CPC,WR,Ladd McConkey,LAC,PIT,30,0.0,0.0,0.0,0.0,0.0,0.0,0.0,0.0,0.0,6.0,4.0,107.0,1.0,4.0,0.0,20.70,20.7
2025,10,CPC,TE,George Kittle,SF,LAR,20,0.0,0.0,0.0,0.0,0.0,0.0,0.0,0.0,0.0,9.0,9.0,84.0,1.0,4.0,0.0,18.40,18.4
2025,10,CPC,QB,Drake Maye,NE,@TB,17,16.0,31.0,270.0,2.0,1.0,7.0,13.0,0.0,0.0,0.0,0.0,0.0,0.0,0.0,0.0,18.10,18.1
2025,10,CPC,RB,Brian Robinson,SF,LAR,3,0.0,0.0,0.0,0.0,0.0,8.0,41.0,1.0,4.0,1.0,1.0,4.0,0.0,0.0,0.0,14.50,14.5
2025,10,CPC,RB,Quinshon Judkins,CLE,@NYJ,19,0.0,0.0,0.0,0.0,0.0,22.0,75.0,0.0,5.0,3.0,2.0,10.0,0.0,0.0,0.0,13.50,13.5
2025,10,CPC,RB,Derrick Henry,BAL,@MIN,14,0.0,0.0,0.0,0.0,0.0,20.0,75.0,0.0,5.0,3.0,3.0,9.0,0.0,0.0,0.0,13.40,13.4
2025,10,CPC,RB,JK Dobbins,DEN,LV,17,0.0,0.0,0.0,0.0,0.0,18.0,77.0,0.0,3.0,1.0,1.0,7.0,0.0,0.0,0.0,11.40,11.4
2025,10,CPC,RB,James Cook,BUF,@MIA,22,0.0,0.0,0.0,0.0,0.0,13.0,53.0,0.0,2.0,5.0,5.0,24.0,0.0,0.0,1.0,7.70,7.7
2025,10,CPC,WR,Jakobi Meyers,JAC,@HOU,6,0.0,0.0,0.0,0.0,0.0,0.0,0.0,0.0,0.0,3.0,3.0,41.0,0.0,2.0,0.0,6.10,6.1
2025,10,CPC,QB,Geno Smith,LV,@DEN,2,16.0,26.0,143.0,0.0,1.0,3.0,7.0,0.0,1.0,0.0,0.0,0.0,0.0,0.0,0.0,5.42,5.42
2025,10,CPC,QB,Sam Darnold,SEA,ARI,6,10.0,12.0,178.0,1.0,1.0,3.0,-2.0,0.0,0.0,0.0,0.0,0.0,0.0,0.0,2.0,5.12,5.12
2025,10,CPC,RB,Jordan Mason,MIN,BAL,26,0.0,0.0,0.0,0.0,0.0,4.0,25.0,0.0,2.0,1.0,1.0,6.0,0.0,0.0,0.0,5.10,5.1
2025,10,CPC,TE,Ja'Tavion Sanders,CAR,NO,18,0.0,0.0,0.0,0.0,0.0,0.0,0.0,0.0,0.0,5.0,5.0,32.0,0.0,1.0,0.0,4.20,4.2
2025,10,CPC,TE,Oronde Gadsden,LAC,PIT,27,0.0,0.0,0.0,0.0,0.0,0.0,0.0,0.0,0.0,6.0,3.0,13.0,0.0,0.0,0.0,1.30,1.3
2025,10,CPC,WR,Ja'Marr Chase,CIN,BYE,---,0.0,0.0,0.0,0.0,0.0,0.0,0.0,0.0,0.0,0.0,0.0,0.0,0.0,0.0,0.0,-,0.0
2025,10,CPC,WR,Dontayvion Wicks Dead Cap,GB,0,0,0.0,0.0,0.0,0.0,0.0,0.0,0.0,0.0,0.0,0.0,0.0,0.0,0.0,0.0,0.0,-,0.0
2025,10,CPC,WR,Jalen Royals,KC,BYE,---,0.0,0.0,0.0,0.0,0.0,0.0,0.0,0.0,0.0,0.0,0.0,0.0,0.0,0.0,0.0,-,0.0
2025,10,CPC,WR,Tee Higgins,CIN,BYE,---,0.0,0.0,0.0,0.0,0.0,0.0,0.0,0.0,0.0,0.0,0.0,0.0,0.0,0.0,0.0,-,0.0
2025,10,CPC,RB,Tony Pollard,TEN,BYE,---,0.0,0.0,0.0,0.0,0.0,0.0,0.0,0.0,0.0,0.0,0.0,0.0,0.0,0.0,0.0,-,0.0
2025,10,CPC,WR,Matthew Golden,GB,PHI,11,0.0,0.0,0.0,0.0,0.0,0.0,0.0,0.0,0.0,0.0,0.0,0.0,0.0,0.0,0.0,-,0.0
2025,10,CPC,DST,Texans,HOU,JAC,17,,,,,,,,,,,,,,,,14.00,14.0
2025,10,DDD,RB,Jahmyr Gibbs,DET,@WAS,25,0.0,0.0,0.0,0.0,0.0,15.0,142.0,2.0,7.0,4.0,3.0,30.0,1.0,2.0,0.0,44.20,44.2
2025,10,DDD,RB,Kimani Vidal,LAC,PIT,11,0.0,0.0,0.0,0.0,0.0,25.0,95.0,1.0,9.0,1.0,1.0,13.0,0.0,0.0,0.0,25.80,25.8
2025,10,DDD,QB,Jared Goff,DET,@WAS,30,25.0,33.0,320.0,3.0,0.0,0.0,0.0,0.0,0.0,0.0,0.0,0.0,0.0,0.0,0.0,24.80,24.8
2025,10,DDD,QB,Mac Jones,SF,LAR,11,33.0,39.0,319.0,3.0,1.0,1.0,3.0,0.0,1.0,0.0,0.0,0.0,0.0,0.0,0.0,24.06,24.06
2025,10,DDD,WR,Emeka Egbuka,TB,NE,22,0.0,0.0,0.0,0.0,0.0,0.0,0.0,0.0,0.0,13.0,6.0,115.0,1.0,5.0,0.0,22.50,22.5
2025,10,DDD,WR,Tez Johnson,TB,NE,22,0.0,0.0,0.0,0.0,0.0,0.0,0.0,0.0,0.0,5.0,4.0,42.0,2.0,3.0,0.0,19.20,19.2
2025,10,DDD,WR,Zay Flowers,BAL,@MIN,7,0.0,0.0,0.0,0.0,0.0,1.0,6.0,0.0,0.0,6.0,4.0,75.0,0.0,3.0,0.0,11.10,11.1
2025,10,DDD,TE,Theo Johnson,NYG,@CHI,16,0.0,0.0,0.0,0.0,0.0,0.0,0.0,0.0,0.0,8.0,7.0,75.0,0.0,3.0,0.0,10.50,10.5
2025,10,DDD,TE,Sam LaPorta,DET,@WAS,25,0.0,0.0,0.0,0.0,0.0,0.0,0.0,0.0,0.0,5.0,5.0,53.0,0.0,3.0,0.0,8.30,8.3
2025,10,DDD,WR,Quentin Johnston,LAC,PIT,30,0.0,0.0,0.0,0.0,0.0,0.0,0.0,0.0,0.0,10.0,5.0,42.0,0.0,2.0,0.0,6.20,6.2
2025,10,DDD,WR,Keenan Allen,LAC,PIT,30,0.0,0.0,0.0,0.0,0.0,0.0,0.0,0.0,0.0,5.0,2.0,19.0,0.0,1.0,0.0,2.90,2.9
2025,10,DDD,WR,Adonai Mitchell,NYJ,CLE,10,0.0,0.0,0.0,0.0,0.0,0.0,0.0,0.0,0.0,0.0,0.0,0.0,0.0,0.0,0.0,-,0.0
2025,10,DDD,RB,Cam Skattebo,NYG,@CHI,20,0.0,0.0,0.0,0.0,0.0,0.0,0.0,0.0,0.0,0.0,0.0,0.0,0.0,0.0,0.0,-,0.0
2025,10,DDD,QB,Brock Purdy,SF,LAR,11,0.0,0.0,0.0,0.0,0.0,0.0,0.0,0.0,0.0,0.0,0.0,0.0,0.0,0.0,0.0,-,0.0
2025,10,DDD,WR,Tank Dell,HOU,JAC,23,0.0,0.0,0.0,0.0,0.0,0.0,0.0,0.0,0.0,0.0,0.0,0.0,0.0,0.0,0.0,-,0.0
2025,10,DDD,WR,Malik Nabers,NYG,@CHI,29,0.0,0.0,0.0,0.0,0.0,0.0,0.0,0.0,0.0,0.0,0.0,0.0,0.0,0.0,0.0,-,0.0
2025,10,DDD,RB,Bucky Irving,TB,NE,1,0.0,0.0,0.0,0.0,0.0,0.0,0.0,0.0,0.0,0.0,0.0,0.0,0.0,0.0,0.0,-,0.0
2025,10,DDD,QB,Deshaun Watson Dead Cap,CLE,0,0,0.0,0.0,0.0,0.0,0.0,0.0,0.0,0.0,0.0,0.0,0.0,0.0,0.0,0.0,0.0,-,0.0
2025,10,DDD,WR,Elic Ayomanor,TEN,BYE,---,0.0,0.0,0.0,0.0,0.0,0.0,0.0,0.0,0.0,0.0,0.0,0.0,0.0,0.0,0.0,-,0.0
2025,10,DDD,QB,Spencer Rattler,NO,@CAR,9,0.0,0.0,0.0,0.0,0.0,0.0,0.0,0.0,0.0,0.0,0.0,0.0,0.0,0.0,0.0,-,0.0
2025,10,DDD,RB,Kendre Miller,NO,@CAR,15,0.0,0.0,0.0,0.0,0.0,0.0,0.0,0.0,0.0,0.0,0.0,0.0,0.0,0.0,0.0,-,0.0
2025,10,DDD,DST,Cardinals,ARI,@SEA,10,,,,,,,,,,,,,,,,6.00,6.0
2025,10,LBC,RB,Kyren Williams,LAR,@SF,16,0.0,0.0,0.0,0.0,0.0,14.0,73.0,2.0,5.0,3.0,2.0,11.0,0.0,0.0,0.0,25.40,25.4
2025,10,LBC,TE,Trey McBride,ARI,@SEA,29,0.0,0.0,0.0,0.0,0.0,0.0,0.0,0.0,0.0,13.0,9.0,127.0,1.0,6.0,0.0,24.70,24.7
2025,10,LBC,WR,Drake London,ATL,@IND,21,0.0,0.0,0.0,0.0,0.0,0.0,0.0,0.0,0.0,8.0,6.0,104.0,1.0,6.0,0.0,24.40,24.4
2025,10,LBC,WR,Jaxon Smith-Njigba,SEA,ARI,17,0.0,0.0,0.0,0.0,0.0,0.0,0.0,0.0,0.0,6.0,5.0,93.0,1.0,4.0,0.0,19.30,19.3
2025,10,LBC,WR,Jerry Jeudy,CLE,@NYJ,14,0.0,0.0,0.0,0.0,0.0,0.0,0.0,0.0,0.0,12.0,6.0,78.0,1.0,5.0,0.0,18.80,18.8
2025,10,LBC,RB,Travis Etienne,JAC,@HOU,9,0.0,0.0,0.0,0.0,0.0,16.0,58.0,1.0,3.0,4.0,2.0,19.0,0.0,1.0,0.0,17.70,17.7
2025,10,LBC,WR,Kyle Williams,NE,@TB,18,0.0,0.0,0.0,0.0,0.0,0.0,0.0,0.0,0.0,2.0,1.0,72.0,1.0,1.0,0.0,14.20,14.2
2025,10,LBC,QB,Bo Nix,DEN,LV,14,16.0,28.0,150.0,1.0,2.0,5.0,-2.0,0.0,2.0,0.0,0.0,0.0,0.0,0.0,0.0,8.00,8.0
2025,10,LBC,QB,Aaron Rodgers,PIT,@LAC,4,16.0,31.0,161.0,1.0,2.0,0.0,0.0,0.0,0.0,0.0,0.0,0.0,0.0,0.0,0.0,6.44,6.44
2025,10,LBC,TE,Brock Bowers,LV,@DEN,9,0.0,0.0,0.0,0.0,0.0,1.0,-4.0,0.0,0.0,3.0,1.0,31.0,0.0,1.0,0.0,4.10,4.1
2025,10,LBC,WR,Jalen Coker,CAR,NO,12,0.0,0.0,0.0,0.0,0.0,0.0,0.0,0.0,0.0,4.0,3.0,21.0,0.0,1.0,0.0,3.10,3.1
2025,10,LBC,WR,Michael Pittman,IND,ATL,8,0.0,0.0,0.0,0.0,0.0,0.0,0.0,0.0,0.0,2.0,2.0,19.0,0.0,0.0,0.0,1.90,1.9
2025,10,LBC,RB,RJ Harvey,DEN,LV,17,0.0,0.0,0.0,0.0,0.0,4.0,9.0,0.0,0.0,3.0,2.0,9.0,0.0,0.0,0.0,1.80,1.8
2025,10,LBC,TE,Evan Engram,DEN,LV,5,0.0,0.0,0.0,0.0,0.0,0.0,0.0,0.0,0.0,5.0,2.0,12.0,0.0,0.0,0.0,1.20,1.2
2025,10,LBC,WR,Brandon Aiyuk,SF,LAR,15,0.0,0.0,0.0,0.0,0.0,0.0,0.0,0.0,0.0,0.0,0.0,0.0,0.0,0.0,0.0,-,0.0
2025,10,LBC,RB,Isiah Pacheco,KC,BYE,---,0.0,0.0,0.0,0.0,0.0,0.0,0.0,0.0,0.0,0.0,0.0,0.0,0.0,0.0,0.0,-,0.0
2025,10,LBC,WR,Jack Bech,LV,@DEN,1,0.0,0.0,0.0,0.0,0.0,0.0,0.0,0.0,0.0,1.0,0.0,0.0,0.0,0.0,0.0,0.00,0.0
2025,10,LBC,QB,CJ Stroud,HOU,JAC,29,0.0,0.0,0.0,0.0,0.0,0.0,0.0,0.0,0.0,0.0,0.0,0.0,0.0,0.0,0.0,-,0.0
2025,10,LBC,RB,Rhamondre Stevenson,NE,@TB,18,0.0,0.0,0.0,0.0,0.0,0.0,0.0,0.0,0.0,0.0,0.0,0.0,0.0,0.0,0.0,-,0.0
2025,10,LBC,WR,Michael Wilson Dead Cap,ARI,0,0,0.0,0.0,0.0,0.0,0.0,0.0,0.0,0.0,0.0,0.0,0.0,0.0,0.0,0.0,0.0,-,0.0
2025,10,LBC,DST,Broncos,DEN,LV,28,,,,,,,,,,,,,,,,13.00,13.0
2025,10,LC,RB,Zach Charbonnet,SEA,ARI,21,0.0,0.0,0.0,0.0,0.0,14.0,83.0,1.0,4.0,0.0,0.0,0.0,0.0,0.0,0.0,18.30,18.3
2025,10,LC,TE,Dalton Schultz,HOU,JAC,31,0.0,0.0,0.0,0.0,0.0,0.0,0.0,0.0,0.0,11.0,7.0,53.0,1.0,5.0,0.0,16.30,16.3
2025,10,LC,RB,Jaylen Warren,PIT,@LAC,13,0.0,0.0,0.0,0.0,0.0,14.0,70.0,0.0,4.0,2.0,2.0,21.0,0.0,1.0,0.0,14.10,14.1
2025,10,LC,QB,Jalen Hurts,PHI,@GB,7,15.0,26.0,183.0,1.0,0.0,5.0,27.0,0.0,1.0,0.0,0.0,0.0,0.0,0.0,1.0,13.02,13.02
2025,10,LC,WR,Luther Burden,CHI,NYG,27,0.0,0.0,0.0,0.0,0.0,0.0,0.0,0.0,0.0,3.0,3.0,51.0,0.0,2.0,0.0,7.10,7.1
2025,10,LC,WR,DK Metcalf,PIT,@LAC,2,0.0,0.0,0.0,0.0,0.0,0.0,0.0,0.0,0.0,7.0,3.0,35.0,0.0,2.0,0.0,5.50,5.5
2025,10,LC,WR,Rashid Shaheed,SEA,ARI,17,0.0,0.0,0.0,0.0,0.0,2.0,20.0,0.0,2.0,1.0,1.0,3.0,0.0,0.0,0.0,4.30,4.3
2025,10,LC,WR,DeAndre Hopkins,BAL,@MIN,7,0.0,0.0,0.0,0.0,0.0,0.0,0.0,0.0,0.0,3.0,2.0,16.0,0.0,0.0,0.0,1.60,1.6
2025,10,LC,RB,Jerome Ford,CLE,@NYJ,19,0.0,0.0,0.0,0.0,0.0,1.0,1.0,0.0,0.0,1.0,0.0,0.0,0.0,0.0,0.0,0.10,0.1
2025,10,LC,WR,Xavier Worthy,KC,BYE,---,0.0,0.0,0.0,0.0,0.0,0.0,0.0,0.0,0.0,0.0,0.0,0.0,0.0,0.0,0.0,-,0.0
2025,10,LC,WR,Travis Hunter,JAC,@HOU,6,0.0,0.0,0.0,0.0,0.0,0.0,0.0,0.0,0.0,0.0,0.0,0.0,0.0,0.0,0.0,-,0.0
2025,10,LC,WR,Xavier Legette,CAR,NO,12,0.0,0.0,0.0,0.0,0.0,0.0,0.0,0.0,0.0,1.0,0.0,0.0,0.0,0.0,0.0,0.00,0.0
2025,10,LC,WR,Luke McCaffrey,WAS,DET,26,0.0,0.0,0.0,0.0,0.0,0.0,0.0,0.0,0.0,0.0,0.0,0.0,0.0,0.0,0.0,-,0.0
2025,10,LC,WR,Kayshon Boutte,NE,@TB,18,0.0,0.0,0.0,0.0,0.0,0.0,0.0,0.0,0.0,0.0,0.0,0.0,0.0,0.0,0.0,-,0.0
2025,10,LC,QB,Patrick Mahomes,KC,BYE,---,0.0,0.0,0.0,0.0,0.0,0.0,0.0,0.0,0.0,0.0,0.0,0.0,0.0,0.0,0.0,-,0.0
2025,10,LC,WR,Tory Horton,SEA,ARI,17,0.0,0.0,0.0,0.0,0.0,0.0,0.0,0.0,0.0,0.0,0.0,0.0,0.0,0.0,0.0,-,0.0
2025,10,LC,TE,Jake Ferguson,DAL,BYE,---,0.0,0.0,0.0,0.0,0.0,0.0,0.0,0.0,0.0,0.0,0.0,0.0,0.0,0.0,0.0,-,0.0
2025,10,LC,RB,James Conner,ARI,@SEA,8,0.0,0.0,0.0,0.0,0.0,0.0,0.0,0.0,0.0,0.0,0.0,0.0,0.0,0.0,0.0,-,0.0
2025,10,LC,RB,Joe Mixon,HOU,JAC,10,0.0,0.0,0.0,0.0,0.0,0.0,0.0,0.0,0.0,0.0,0.0,0.0,0.0,0.0,0.0,-,0.0
2025,10,LC,DST,49ers,SF,LAR,7,,,,,,,,,,,,,,,,-3.00,-3.0
2025,10,MB,QB,Jaxson Dart,NYG,@CHI,27,19.0,29.0,242.0,0.0,0.0,6.0,66.0,2.0,3.0,0.0,0.0,0.0,0.0,0.0,1.0,29.28,29.28
2025,10,MB,QB,Matthew Stafford,LAR,@SF,23,24.0,36.0,280.0,4.0,0.0,3.0,-3.0,0.0,0.0,0.0,0.0,0.0,0.0,0.0,0.0,27.20,27.2
2025,10,MB,TE,Juwan Johnson,NO,@CAR,26,0.0,0.0,0.0,0.0,0.0,0.0,0.0,0.0,0.0,4.0,4.0,92.0,1.0,2.0,0.0,17.20,17.2
2025,10,MB,RB,Aaron Jones,MIN,BAL,26,0.0,0.0,0.0,0.0,0.0,9.0,47.0,1.0,3.0,6.0,3.0,22.0,0.0,1.0,0.0,16.90,16.9
2025,10,MB,WR,Amon-Ra St Brown,DET,@WAS,31,0.0,0.0,0.0,0.0,0.0,0.0,0.0,0.0,0.0,8.0,5.0,58.0,1.0,4.0,0.0,15.80,15.8
2025,10,MB,WR,Marvin Harrison,ARI,@SEA,9,0.0,0.0,0.0,0.0,0.0,0.0,0.0,0.0,0.0,12.0,3.0,33.0,1.0,3.0,0.0,14.30,14.3
2025,10,MB,RB,Bijan Robinson,ATL,@IND,12,0.0,0.0,0.0,0.0,0.0,17.0,84.0,0.0,5.0,2.0,2.0,4.0,0.0,0.0,0.0,13.80,13.8
2025,10,MB,RB,Tyrone Tracy,NYG,@CHI,20,0.0,0.0,0.0,0.0,0.0,14.0,71.0,0.0,3.0,2.0,1.0,0.0,0.0,0.0,0.0,10.10,10.1
2025,10,MB,TE,Mark Andrews,BAL,@MIN,22,0.0,0.0,0.0,0.0,0.0,0.0,0.0,0.0,0.0,5.0,3.0,14.0,1.0,2.0,0.0,9.40,9.4
2025,10,MB,WR,Cooper Kupp,SEA,ARI,17,0.0,0.0,0.0,0.0,0.0,0.0,0.0,0.0,0.0,2.0,2.0,74.0,0.0,2.0,0.0,9.40,9.4
2025,10,MB,RB,Jacory Croskey-Merritt,WAS,DET,2,0.0,0.0,0.0,0.0,0.0,11.0,30.0,0.0,0.0,0.0,0.0,0.0,0.0,0.0,0.0,3.00,3.0
2025,10,MB,WR,Kendrick Bourne,SF,LAR,15,0.0,0.0,0.0,0.0,0.0,0.0,0.0,0.0,0.0,1.0,1.0,19.0,0.0,1.0,0.0,2.90,2.9
2025,10,MB,WR,Tre Harris,LAC,PIT,30,0.0,0.0,0.0,0.0,0.0,0.0,0.0,0.0,0.0,2.0,2.0,4.0,0.0,0.0,0.0,0.40,0.4
2025,10,MB,RB,Jarquez Hunter,LAR,@SF,16,0.0,0.0,0.0,0.0,0.0,0.0,0.0,0.0,0.0,0.0,0.0,0.0,0.0,0.0,0.0,-,0.0
2025,10,MB,QB,Kyler Murray,ARI,@SEA,13,0.0,0.0,0.0,0.0,0.0,0.0,0.0,0.0,0.0,0.0,0.0,0.0,0.0,0.0,0.0,-,0.0
2025,10,MB,RB,Ray Davis,BUF,@MIA,22,0.0,0.0,0.0,0.0,0.0,2.0,-2.0,0.0,0.0,2.0,1.0,0.0,0.0,0.0,0.0,0.00,0.0
2025,10,MB,WR,Josh Palmer,BUF,@MIA,4,0.0,0.0,0.0,0.0,0.0,0.0,0.0,0.0,0.0,0.0,0.0,0.0,0.0,0.0,0.0,-,0.0
2025,10,MB,QB,Joe Flacco,CIN,BYE,---,0.0,0.0,0.0,0.0,0.0,0.0,0.0,0.0,0.0,0.0,0.0,0.0,0.0,0.0,0.0,-,0.0
2025,10,MB,RB,Isaac Guerendo,SF,LAR,3,0.0,0.0,0.0,0.0,0.0,0.0,0.0,0.0,0.0,0.0,0.0,0.0,0.0,0.0,0.0,0.00,0.0
2025,10,MB,DST,Chiefs,KC,BYE,---,,,,,,,,,,,,,,,,-,0.0
2025,10,NBB,WR,Jameson Williams,DET,@WAS,31,0.0,0.0,0.0,0.0,0.0,0.0,0.0,0.0,0.0,7.0,6.0,119.0,1.0,6.0,0.0,23.90,23.9
2025,10,NBB,QB,Josh Allen,BUF,@MIA,25,28.0,40.0,306.0,2.0,1.0,4.0,31.0,0.0,2.0,0.0,0.0,0.0,0.0,0.0,1.0,21.34,21.34
2025,10,NBB,RB,D'Andre Swift,CHI,NYG,29,0.0,0.0,0.0,0.0,0.0,13.0,80.0,0.0,4.0,8.0,5.0,18.0,0.0,1.0,0.0,14.80,14.8
2025,10,NBB,QB,Trevor Lawrence,JAC,@HOU,1,13.0,23.0,158.0,1.0,1.0,5.0,35.0,0.0,2.0,0.0,0.0,0.0,0.0,0.0,1.0,11.82,11.82
2025,10,NBB,RB,Blake Corum,LAR,@SF,16,0.0,0.0,0.0,0.0,0.0,13.0,56.0,0.0,4.0,0.0,0.0,0.0,0.0,0.0,0.0,9.60,9.6
2025,10,NBB,TE,David Njoku,CLE,@NYJ,23,0.0,0.0,0.0,0.0,0.0,0.0,0.0,0.0,0.0,2.0,2.0,21.0,1.0,1.0,0.0,9.10,9.1
2025,10,NBB,WR,Tetairoa McMillan,CAR,NO,12,0.0,0.0,0.0,0.0,0.0,0.0,0.0,0.0,0.0,8.0,5.0,60.0,0.0,3.0,0.0,9.00,9.0
2025,10,NBB,WR,Khalil Shakir,BUF,@MIA,4,0.0,0.0,0.0,0.0,0.0,0.0,0.0,0.0,0.0,9.0,7.0,58.0,0.0,3.0,0.0,8.80,8.8
2025,10,NBB,TE,Dallas Goedert,PHI,@GB,14,0.0,0.0,0.0,0.0,0.0,0.0,0.0,0.0,0.0,6.0,4.0,43.0,0.0,3.0,0.0,7.30,7.3
2025,10,NBB,TE,Harold Fannin,CLE,@NYJ,23,0.0,0.0,0.0,0.0,0.0,0.0,0.0,0.0,0.0,7.0,4.0,44.0,0.0,2.0,0.0,6.40,6.4
2025,10,NBB,RB,Will Shipley,PHI,@GB,5,0.0,0.0,0.0,0.0,0.0,4.0,17.0,0.0,1.0,2.0,2.0,17.0,0.0,1.0,0.0,5.40,5.4
2025,10,NBB,RB,Bhayshul Tuten,JAC,@HOU,9,0.0,0.0,0.0,0.0,0.0,4.0,5.0,0.0,1.0,2.0,1.0,5.0,0.0,0.0,0.0,2.00,2.0
2025,10,NBB,WR,Mike Evans,TB,NE,22,0.0,0.0,0.0,0.0,0.0,0.0,0.0,0.0,0.0,0.0,0.0,0.0,0.0,0.0,0.0,-,0.0
2025,10,NBB,RB,Najee Harris,LAC,PIT,11,0.0,0.0,0.0,0.0,0.0,0.0,0.0,0.0,0.0,0.0,0.0,0.0,0.0,0.0,0.0,-,0.0
2025,10,NBB,WR,Brian Thomas,JAC,@HOU,6,0.0,0.0,0.0,0.0,0.0,0.0,0.0,0.0,0.0,0.0,0.0,0.0,0.0,0.0,0.0,-,0.0
2025,10,NBB,WR,Terry McLaurin,WAS,DET,26,0.0,0.0,0.0,0.0,0.0,0.0,0.0,0.0,0.0,0.0,0.0,0.0,0.0,0.0,0.0,-,0.0
2025,10,NBB,WR,Chris Godwin,TB,NE,22,0.0,0.0,0.0,0.0,0.0,0.0,0.0,0.0,0.0,0.0,0.0,0.0,0.0,0.0,0.0,-,0.0
2025,10,NBB,WR,Jayden Reed,GB,PHI,11,0.0,0.0,0.0,0.0,0.0,0.0,0.0,0.0,0.0,0.0,0.0,0.0,0.0,0.0,0.0,-,0.0
2025,10,NBB,DST,Giants,NYG,@CHI,8,,,,,,,,,,,,,,,,3.00,3.0
2025,10,PCP,QB,Dillon Gabriel,CLE,@NYJ,24,17.0,32.0,167.0,2.0,0.0,5.0,54.0,0.0,3.0,0.0,0.0,0.0,0.0,0.0,0.0,23.08,23.08
2025,10,PCP,QB,Daniel Jones,IND,ATL,8,19.0,26.0,255.0,1.0,1.0,7.0,53.0,0.0,3.0,0.0,0.0,0.0,0.0,0.0,1.0,18.50,18.5
2025,10,PCP,RB,Rico Dowdle,CAR,NO,24,0.0,0.0,0.0,0.0,0.0,18.0,53.0,1.0,4.0,3.0,3.0,10.0,0.0,1.0,0.0,17.30,17.3
2025,10,PCP,RB,Ashton Jeanty,LV,@DEN,7,0.0,0.0,0.0,0.0,0.0,19.0,60.0,1.0,3.0,5.0,3.0,3.0,0.0,0.0,0.0,15.30,15.3
2025,10,PCP,WR,Keon Coleman,BUF,@MIA,4,0.0,0.0,0.0,0.0,0.0,0.0,0.0,0.0,0.0,8.0,3.0,46.0,1.0,2.0,0.0,12.60,12.6
2025,10,PCP,RB,Nick Chubb,HOU,JAC,10,0.0,0.0,0.0,0.0,0.0,5.0,47.0,0.0,3.0,1.0,1.0,5.0,0.0,0.0,0.0,8.20,8.2
2025,10,PCP,RB,Devin Neal,NO,@CAR,15,0.0,0.0,0.0,0.0,0.0,4.0,22.0,0.0,1.0,3.0,3.0,9.0,0.0,1.0,0.0,5.10,5.1
2025,10,PCP,TE,Pat Freiermuth,PIT,@LAC,6,0.0,0.0,0.0,0.0,0.0,0.0,0.0,0.0,0.0,3.0,3.0,33.0,0.0,1.0,0.0,4.30,4.3
2025,10,PCP,TE,Luke Musgrave,GB,PHI,2,0.0,0.0,0.0,0.0,0.0,0.0,0.0,0.0,0.0,3.0,3.0,23.0,0.0,0.0,0.0,2.30,2.3
2025,10,PCP,WR,Romeo Doubs,GB,PHI,11,0.0,0.0,0.0,0.0,0.0,0.0,0.0,0.0,0.0,4.0,1.0,5.0,0.0,1.0,0.0,1.50,1.5
2025,10,PCP,WR,AJ Brown,PHI,@GB,13,0.0,0.0,0.0,0.0,0.0,0.0,0.0,0.0,0.0,3.0,2.0,13.0,0.0,0.0,0.0,1.30,1.3
2025,10,PCP,TE,TJ Hockenson,MIN,BAL,12,0.0,0.0,0.0,0.0,0.0,0.0,0.0,0.0,0.0,2.0,2.0,8.0,0.0,0.0,0.0,0.80,0.8
2025,10,PCP,QB,Joe Burrow,CIN,BYE,---,0.0,0.0,0.0,0.0,0.0,0.0,0.0,0.0,0.0,0.0,0.0,0.0,0.0,0.0,0.0,-,0.0
2025,10,PCP,RB,Braelon Allen,NYJ,CLE,4,0.0,0.0,0.0,0.0,0.0,0.0,0.0,0.0,0.0,0.0,0.0,0.0,0.0,0.0,0.0,-,0.0
2025,10,PCP,RB,DJ Giddens,IND,ATL,30,0.0,0.0,0.0,0.0,0.0,0.0,0.0,0.0,0.0,0.0,0.0,0.0,0.0,0.0,0.0,-,0.0
2025,10,PCP,RB,Trey Benson,ARI,@SEA,8,0.0,0.0,0.0,0.0,0.0,0.0,0.0,0.0,0.0,0.0,0.0,0.0,0.0,0.0,0.0,-,0.0
2025,10,PCP,QB,Shedeur Sanders,CLE,@NYJ,24,0.0,0.0,0.0,0.0,0.0,0.0,0.0,0.0,0.0,0.0,0.0,0.0,0.0,0.0,0.0,-,0.0
2025,10,PCP,WR,CeeDee Lamb,DAL,BYE,---,0.0,0.0,0.0,0.0,0.0,0.0,0.0,0.0,0.0,0.0,0.0,0.0,0.0,0.0,0.0,-,0.0
2025,10,PCP,WR,Garrett Wilson,NYJ,CLE,10,0.0,0.0,0.0,0.0,0.0,0.0,0.0,0.0,0.0,3.0,0.0,0.0,0.0,0.0,0.0,0.00,0.0
2025,10,PCP,RB,Tyjae Spears,TEN,BYE,---,0.0,0.0,0.0,0.0,0.0,0.0,0.0,0.0,0.0,0.0,0.0,0.0,0.0,0.0,0.0,-,0.0
2025,10,PCP,DST,Patriots,NE,@TB,12,,,,,,,,,,,,,,,,3.00,3.0
2025,10,PP,RB,De'Von Achane,MIA,BUF,27,0.0,0.0,0.0,0.0,0.0,22.0,174.0,2.0,7.0,6.0,6.0,51.0,0.0,3.0,0.0,44.50,44.5
2025,10,PP,RB,Josh Jacobs,GB,PHI,23,0.0,0.0,0.0,0.0,0.0,21.0,74.0,1.0,5.0,6.0,5.0,33.0,0.0,1.0,1.0,20.70,20.7
2025,10,PP,QB,Justin Herbert,LAC,PIT,26,20.0,33.0,220.0,1.0,0.0,5.0,19.0,0.0,2.0,0.0,0.0,0.0,0.0,0.0,0.0,16.70,16.7
2025,10,PP,QB,JJ McCarthy,MIN,BAL,21,20.0,42.0,248.0,1.0,2.0,5.0,48.0,0.0,1.0,0.0,0.0,0.0,0.0,0.0,0.0,15.72,15.72
2025,10,PP,WR,Jauan Jennings,SF,LAR,15,0.0,0.0,0.0,0.0,0.0,0.0,0.0,0.0,0.0,9.0,6.0,71.0,1.0,4.0,1.0,15.10,15.1
2025,10,PP,WR,Stefon Diggs,NE,@TB,18,0.0,0.0,0.0,0.0,0.0,0.0,0.0,0.0,0.0,8.0,5.0,46.0,1.0,3.0,0.0,13.60,13.6
2025,10,PP,WR,Jayden Higgins,HOU,JAC,23,0.0,0.0,0.0,0.0,0.0,0.0,0.0,0.0,0.0,7.0,5.0,42.0,1.0,3.0,0.0,13.20,13.2
2025,10,PP,RB,Zonovan Knight,ARI,@SEA,8,0.0,0.0,0.0,0.0,0.0,10.0,28.0,0.0,4.0,4.0,1.0,5.0,0.0,1.0,0.0,8.30,8.3
2025,10,PP,WR,Jordan Addison,MIN,BAL,28,0.0,0.0,0.0,0.0,0.0,0.0,0.0,0.0,0.0,11.0,3.0,35.0,0.0,1.0,0.0,4.50,4.5
2025,10,PP,WR,Courtland Sutton,DEN,LV,25,0.0,0.0,0.0,0.0,0.0,0.0,0.0,0.0,0.0,4.0,3.0,24.0,0.0,1.0,0.0,3.40,3.4
2025,10,PP,TE,Isaiah Likely,BAL,@MIN,22,0.0,0.0,0.0,0.0,0.0,0.0,0.0,0.0,0.0,5.0,2.0,17.0,0.0,1.0,0.0,2.70,2.7
2025,10,PP,RB,Emanuel Wilson,GB,PHI,23,0.0,0.0,0.0,0.0,0.0,1.0,2.0,0.0,0.0,1.0,1.0,2.0,0.0,0.0,0.0,0.40,0.4
2025,10,PP,RB,Omarion Hampton,LAC,PIT,11,0.0,0.0,0.0,0.0,0.0,0.0,0.0,0.0,0.0,0.0,0.0,0.0,0.0,0.0,0.0,-,0.0
2025,10,PP,QB,Kirk Cousins,ATL,@IND,10,0.0,0.0,0.0,0.0,0.0,0.0,0.0,0.0,0.0,0.0,0.0,0.0,0.0,0.0,0.0,-,0.0
2025,10,PP,QB,Jalen Milroe,SEA,ARI,6,0.0,0.0,0.0,0.0,0.0,0.0,0.0,0.0,0.0,0.0,0.0,0.0,0.0,0.0,0.0,-,0.0
2025,10,PP,WR,Rashee Rice,KC,BYE,---,0.0,0.0,0.0,0.0,0.0,0.0,0.0,0.0,0.0,0.0,0.0,0.0,0.0,0.0,0.0,-,0.0
2025,10,PP,RB,Jaydon Blue,DAL,BYE,---,0.0,0.0,0.0,0.0,0.0,0.0,0.0,0.0,0.0,0.0,0.0,0.0,0.0,0.0,0.0,-,0.0
2025,10,PP,WR,Tyreek Hill Dead Cap,MIA,0,0,0.0,0.0,0.0,0.0,0.0,0.0,0.0,0.0,0.0,0.0,0.0,0.0,0.0,0.0,0.0,-,0.0
2025,10,PP,WR,Calvin Ridley,TEN,BYE,---,0.0,0.0,0.0,0.0,0.0,0.0,0.0,0.0,0.0,0.0,0.0,0.0,0.0,0.0,0.0,-,0.0
2025,10,PP,TE,Travis Kelce,KC,BYE,---,0.0,0.0,0.0,0.0,0.0,0.0,0.0,0.0,0.0,0.0,0.0,0.0,0.0,0.0,0.0,-,0.0
2025,10,PP,TE,Tucker Kraft,GB,PHI,2,0.0,0.0,0.0,0.0,0.0,0.0,0.0,0.0,0.0,0.0,0.0,0.0,0.0,0.0,0.0,-,0.0
2025,10,PP,RB,MarShawn Lloyd,GB,PHI,23,0.0,0.0,0.0,0.0,0.0,0.0,0.0,0.0,0.0,0.0,0.0,0.0,0.0,0.0,0.0,-,0.0
2025,10,PP,DST,Colts,IND,ATL,16,,,,,,,,,,,,,,,,5.00,5.0
2025,10,RR,RB,Breece Hall,NYJ,CLE,4,0.0,0.0,0.0,0.0,0.0,21.0,83.0,0.0,5.0,1.0,1.0,42.0,1.0,1.0,0.0,24.50,24.5
2025,10,RR,QB,Baker Mayfield,TB,NE,12,28.0,43.0,273.0,3.0,0.0,0.0,0.0,0.0,0.0,0.0,0.0,0.0,0.0,0.0,0.0,22.92,22.92
2025,10,RR,QB,Marcus Mariota,WAS,DET,20,16.0,22.0,213.0,2.0,0.0,5.0,22.0,0.0,1.0,0.0,0.0,0.0,0.0,0.0,0.0,19.72,19.72
2025,10,RR,WR,Davante Adams,LAR,@SF,20,0.0,0.0,0.0,0.0,0.0,0.0,0.0,0.0,0.0,8.0,6.0,77.0,1.0,6.0,0.0,19.70,19.7
2025,10,RR,QB,Tyler Shough,NO,@CAR,9,19.0,27.0,282.0,2.0,0.0,4.0,-3.0,0.0,0.0,0.0,0.0,0.0,0.0,0.0,0.0,19.28,19.28
2025,10,RR,RB,Woody Marks,HOU,JAC,10,0.0,0.0,0.0,0.0,0.0,14.0,63.0,1.0,4.0,3.0,2.0,18.0,0.0,1.0,0.0,19.10,19.1
2025,10,RR,RB,Christian McCaffrey,SF,LAR,3,0.0,0.0,0.0,0.0,0.0,12.0,30.0,0.0,3.0,10.0,8.0,66.0,0.0,3.0,0.0,15.60,15.6
2025,10,RR,TE,Tyler Warren,IND,ATL,3,0.0,0.0,0.0,0.0,0.0,0.0,0.0,0.0,0.0,10.0,8.0,99.0,0.0,4.0,0.0,13.90,13.9
2025,10,RR,WR,Darius Slayton,NYG,@CHI,29,0.0,0.0,0.0,0.0,0.0,0.0,0.0,0.0,0.0,4.0,4.0,89.0,0.0,3.0,0.0,11.90,11.9
2025,10,RR,QB,Michael Penix,ATL,@IND,10,12.0,28.0,177.0,1.0,0.0,1.0,-1.0,0.0,0.0,0.0,0.0,0.0,0.0,0.0,1.0,11.08,11.08
2025,10,RR,QB,Tua Tagovailoa,MIA,BUF,5,15.0,21.0,173.0,2.0,2.0,2.0,-1.0,0.0,0.0,0.0,0.0,0.0,0.0,0.0,0.0,10.92,10.92
2025,10,RR,RB,Kenneth Walker,SEA,ARI,21,0.0,0.0,0.0,0.0,0.0,14.0,67.0,0.0,3.0,1.0,1.0,3.0,0.0,0.0,0.0,10.00,10.0
2025,10,RR,WR,Justin Jefferson,MIN,BAL,28,0.0,0.0,0.0,0.0,0.0,0.0,0.0,0.0,0.0,12.0,4.0,37.0,0.0,3.0,0.0,6.70,6.7
2025,10,RR,TE,Kyle Pitts,ATL,@IND,28,0.0,0.0,0.0,0.0,0.0,0.0,0.0,0.0,0.0,5.0,2.0,38.0,0.0,2.0,0.0,5.80,5.8
2025,10,RR,WR,Darnell Mooney,ATL,@IND,21,0.0,0.0,0.0,0.0,0.0,0.0,0.0,0.0,0.0,8.0,1.0,17.0,0.0,1.0,0.0,2.70,2.7
2025,10,RR,WR,Cedric Tillman,CLE,@NYJ,14,0.0,0.0,0.0,0.0,0.0,0.0,0.0,0.0,0.0,4.0,2.0,11.0,0.0,0.0,0.0,1.10,1.1
2025,10,RR,RB,Kaleb Johnson,PIT,@LAC,13,0.0,0.0,0.0,0.0,0.0,2.0,3.0,0.0,0.0,0.0,0.0,0.0,0.0,0.0,0.0,0.30,0.3
2025,10,RR,RB,Kareem Hunt,KC,BYE,---,0.0,0.0,0.0,0.0,0.0,0.0,0.0,0.0,0.0,0.0,0.0,0.0,0.0,0.0,0.0,-,0.0
2025,10,RR,WR,George Pickens,DAL,BYE,---,0.0,0.0,0.0,0.0,0.0,0.0,0.0,0.0,0.0,0.0,0.0,0.0,0.0,0.0,0.0,-,0.0
2025,10,RR,WR,Jalen McMillan,TB,NE,22,0.0,0.0,0.0,0.0,0.0,0.0,0.0,0.0,0.0,0.0,0.0,0.0,0.0,0.0,0.0,-,0.0
2025,10,RR,DST,Seahawks,SEA,ARI,27,,,,,,,,,,,,,,,,24.00,24.0
2025,10,SBS,RB,Jonathan Taylor,IND,ATL,30,0.0,0.0,0.0,0.0,0.0,32.0,244.0,3.0,11.0,3.0,3.0,42.0,0.0,2.0,0.0,59.60,59.6
2025,10,SBS,RB,TreVeyon Henderson,NE,@TB,18,0.0,0.0,0.0,0.0,0.0,14.0,147.0,2.0,4.0,1.0,1.0,3.0,0.0,0.0,0.0,31.00,31.0
2025,10,SBS,QB,Davis Mills,HOU,JAC,29,27.0,45.0,292.0,2.0,1.0,3.0,20.0,1.0,1.0,0.0,0.0,0.0,0.0,0.0,0.0,28.68,28.68
2025,10,SBS,QB,Lamar Jackson,BAL,@MIN,18,17.0,29.0,176.0,1.0,0.0,9.0,36.0,0.0,3.0,0.0,0.0,0.0,0.0,0.0,0.0,19.64,19.64
2025,10,SBS,WR,Alec Pierce,IND,ATL,8,0.0,0.0,0.0,0.0,0.0,0.0,0.0,0.0,0.0,7.0,4.0,84.0,1.0,4.0,0.0,18.40,18.4
2025,10,SBS,RB,David Montgomery,DET,@WAS,25,0.0,0.0,0.0,0.0,0.0,15.0,71.0,0.0,3.0,1.0,1.0,0.0,0.0,0.0,0.0,12.10,12.1
2025,10,SBS,WR,Troy Franklin,DEN,LV,25,0.0,0.0,0.0,0.0,0.0,0.0,0.0,0.0,0.0,9.0,5.0,40.0,1.0,2.0,0.0,12.00,12.0
2025,10,SBS,WR,Deebo Samuel,WAS,DET,26,0.0,0.0,0.0,0.0,0.0,0.0,0.0,0.0,0.0,5.0,4.0,29.0,1.0,2.0,0.0,10.90,10.9
2025,10,SBS,WR,Wan'Dale Robinson,NYG,@CHI,29,0.0,0.0,0.0,0.0,0.0,0.0,0.0,0.0,0.0,11.0,6.0,62.0,0.0,4.0,0.0,10.20,10.2
2025,10,SBS,RB,Kyle Monangai,CHI,NYG,29,0.0,0.0,0.0,0.0,0.0,7.0,28.0,1.0,1.0,1.0,0.0,0.0,0.0,0.0,0.0,9.80,9.8
2025,10,SBS,TE,Zach Ertz,WAS,DET,17,0.0,0.0,0.0,0.0,0.0,0.0,0.0,0.0,0.0,5.0,4.0,54.0,0.0,2.0,0.0,7.40,7.4
2025,10,SBS,WR,Jaylin Noel,HOU,JAC,23,0.0,0.0,0.0,0.0,0.0,0.0,0.0,0.0,0.0,4.0,4.0,35.0,0.0,3.0,0.0,6.50,6.5
2025,10,SBS,WR,Christian Watson,GB,PHI,11,0.0,0.0,0.0,0.0,0.0,0.0,0.0,0.0,0.0,4.0,2.0,45.0,0.0,2.0,0.0,6.50,6.5
2025,10,SBS,RB,Chuba Hubbard,CAR,NO,24,0.0,0.0,0.0,0.0,0.0,3.0,14.0,0.0,0.0,1.0,1.0,1.0,0.0,0.0,0.0,1.50,1.5
2025,10,SBS,TE,Mason Taylor,NYJ,CLE,10,0.0,0.0,0.0,0.0,0.0,0.0,0.0,0.0,0.0,2.0,1.0,4.0,0.0,0.0,0.0,0.40,0.4
2025,10,SBS,WR,Christian Kirk,HOU,JAC,23,0.0,0.0,0.0,0.0,0.0,0.0,0.0,0.0,0.0,3.0,1.0,3.0,0.0,0.0,0.0,0.30,0.3
2025,10,SBS,RB,Dylan Sampson,CLE,@NYJ,19,0.0,0.0,0.0,0.0,0.0,2.0,-4.0,0.0,0.0,1.0,1.0,3.0,0.0,0.0,0.0,0.30,0.3
2025,10,SBS,QB,Jayden Daniels,WAS,DET,20,0.0,0.0,0.0,0.0,0.0,0.0,0.0,0.0,0.0,0.0,0.0,0.0,0.0,0.0,0.0,-,0.0
2025,10,SBS,DST,Lions,DET,@WAS,18,,,,,,,,,,,,,,,,2.00,2.0
2025,11,ABT,QB,Bryce Young,CAR,@ATL,16,31.0,45.0,448.0,3.0,0.0,1.0,-1.0,0.0,0.0,0.0,0.0,0.0,0.0,0.0,0.0,31.92,31.92
2025,11,ABT,QB,Dak Prescott,DAL,@LV,19,25.0,33.0,268.0,4.0,0.0,4.0,-4.0,0.0,0.0,0.0,0.0,0.0,0.0,0.0,1.0,24.72,24.72
2025,11,ABT,RB,Chase Brown,CIN,@PIT,11,0.0,0.0,0.0,0.0,0.0,18.0,99.0,0.0,6.0,8.0,6.0,28.0,0.0,1.0,0.0,19.70,19.7
2025,11,ABT,WR,Tre Tucker,LV,DAL,32,0.0,0.0,0.0,0.0,0.0,0.0,0.0,0.0,0.0,8.0,4.0,47.0,1.0,3.0,0.0,13.70,13.7
2025,11,ABT,QB,Caleb Williams,CHI,@MIN,13,16.0,32.0,193.0,0.0,0.0,4.0,26.0,0.0,2.0,0.0,0.0,0.0,0.0,0.0,0.0,12.32,12.32
2025,11,ABT,RB,Saquon Barkley,PHI,DET,2,0.0,0.0,0.0,0.0,0.0,26.0,83.0,0.0,3.0,2.0,1.0,7.0,0.0,0.0,0.0,12.00,12.0
2025,11,ABT,WR,Puka Nacua,LAR,SEA,9,0.0,0.0,0.0,0.0,0.0,2.0,18.0,0.0,1.0,8.0,7.0,75.0,0.0,3.0,1.0,11.30,11.3
2025,11,ABT,RB,Rachaad White,TB,@BUF,31,0.0,0.0,0.0,0.0,0.0,10.0,51.0,0.0,5.0,3.0,2.0,11.0,0.0,0.0,0.0,11.20,11.2
2025,11,ABT,RB,Tyler Allgeier,ATL,CAR,19,0.0,0.0,0.0,0.0,0.0,3.0,10.0,1.0,1.0,2.0,2.0,6.0,0.0,0.0,0.0,8.60,8.6
2025,11,ABT,RB,Keaton Mitchell,BAL,@CLE,5,0.0,0.0,0.0,0.0,0.0,6.0,31.0,0.0,1.0,3.0,2.0,23.0,0.0,1.0,0.0,7.40,7.4
2025,11,ABT,TE,Hunter Henry,NE,NYJ,19,0.0,0.0,0.0,0.0,0.0,0.0,0.0,0.0,0.0,6.0,4.0,45.0,0.0,2.0,0.0,6.50,6.5
2025,11,ABT,TE,Colston Loveland,CHI,@MIN,21,0.0,0.0,0.0,0.0,0.0,0.0,0.0,0.0,0.0,4.0,3.0,40.0,0.0,1.0,0.0,5.00,5.0
2025,11,ABT,WR,DJ Moore,CHI,@MIN,7,0.0,0.0,0.0,0.0,0.0,1.0,3.0,0.0,1.0,3.0,1.0,18.0,0.0,1.0,0.0,4.10,4.1
2025,11,ABT,WR,Roman Wilson,PIT,CIN,15,0.0,0.0,0.0,0.0,0.0,0.0,0.0,0.0,0.0,2.0,1.0,17.0,0.0,1.0,0.0,2.70,2.7
2025,11,ABT,WR,Calvin Austin,PIT,CIN,15,0.0,0.0,0.0,0.0,0.0,0.0,0.0,0.0,0.0,1.0,1.0,5.0,0.0,0.0,0.0,0.50,0.5
2025,11,ABT,WR,Chris Olave,NO,BYE,---,0.0,0.0,0.0,0.0,0.0,0.0,0.0,0.0,0.0,0.0,0.0,0.0,0.0,0.0,0.0,-,0.0
2025,11,ABT,TE,Brenton Strange,JAC,LAC,6,0.0,0.0,0.0,0.0,0.0,0.0,0.0,0.0,0.0,0.0,0.0,0.0,0.0,0.0,0.0,-,0.0
2025,11,ABT,RB,Jonathon Brooks,CAR,@ATL,30,0.0,0.0,0.0,0.0,0.0,0.0,0.0,0.0,0.0,0.0,0.0,0.0,0.0,0.0,0.0,-,0.0
2025,11,ABT,WR,Josh Downs,IND,BYE,---,0.0,0.0,0.0,0.0,0.0,0.0,0.0,0.0,0.0,0.0,0.0,0.0,0.0,0.0,0.0,-,0.0
2025,11,ABT,DST,Rams,LAR,SEA,11,,,,,,,,,,,,,,,,9.00,9.0
2025,11,CLC,QB,Justin Fields,NYJ,@NE,17,15.0,26.0,116.0,1.0,0.0,11.0,67.0,1.0,6.0,1.0,0.0,0.0,0.0,0.0,1.0,25.34,25.34
2025,11,CLC,QB,Jacoby Brissett,ARI,SF,24,47.0,57.0,452.0,2.0,2.0,2.0,-2.0,0.0,1.0,0.0,0.0,0.0,0.0,0.0,0.0,23.08,23.08
2025,11,CLC,WR,Nico Collins,HOU,@TEN,26,0.0,0.0,0.0,0.0,0.0,0.0,0.0,0.0,0.0,10.0,9.0,92.0,1.0,7.0,0.0,22.20,22.2
2025,11,CLC,QB,Jordan Love,GB,@NYG,31,13.0,24.0,174.0,2.0,0.0,2.0,7.0,0.0,0.0,0.0,0.0,0.0,0.0,0.0,0.0,17.66,17.66
2025,11,CLC,QB,Cam Ward,TEN,HOU,1,24.0,37.0,194.0,1.0,0.0,3.0,33.0,0.0,2.0,0.0,0.0,0.0,0.0,0.0,1.0,15.06,15.06
2025,11,CLC,RB,Javonte Williams,DAL,@LV,14,0.0,0.0,0.0,0.0,0.0,22.0,93.0,0.0,5.0,1.0,1.0,0.0,0.0,0.0,0.0,14.30,14.3
2025,11,CLC,RB,Ollie Gordon,MIA,WAS,27,0.0,0.0,0.0,0.0,0.0,9.0,45.0,1.0,3.0,0.0,0.0,0.0,0.0,0.0,0.0,13.50,13.5
2025,11,CLC,WR,Jaylen Waddle,MIA,WAS,31,0.0,0.0,0.0,0.0,0.0,0.0,0.0,0.0,0.0,7.0,3.0,52.0,0.0,2.0,0.0,7.20,7.2
2025,11,CLC,WR,Rome Odunze,CHI,@MIN,7,0.0,0.0,0.0,0.0,0.0,0.0,0.0,0.0,0.0,6.0,2.0,41.0,0.0,1.0,0.0,5.10,5.1
2025,11,CLC,RB,Emari Demercado,ARI,SF,13,0.0,0.0,0.0,0.0,0.0,5.0,8.0,0.0,1.0,3.0,2.0,12.0,0.0,0.0,0.0,3.00,3.0
2025,11,CLC,RB,Isaiah Davis,NYJ,@NE,1,0.0,0.0,0.0,0.0,0.0,2.0,11.0,0.0,1.0,1.0,0.0,0.0,0.0,0.0,0.0,2.10,2.1
2025,11,CLC,WR,DeVonta Smith,PHI,DET,22,0.0,0.0,0.0,0.0,0.0,0.0,0.0,0.0,0.0,5.0,1.0,8.0,0.0,0.0,0.0,0.80,0.8
2025,11,CLC,RB,Trevor Etienne,CAR,@ATL,30,0.0,0.0,0.0,0.0,0.0,1.0,2.0,0.0,0.0,0.0,0.0,0.0,0.0,0.0,0.0,0.20,0.2
2025,11,CLC,TE,Terrance Ferguson,LAR,SEA,28,0.0,0.0,0.0,0.0,0.0,0.0,0.0,0.0,0.0,0.0,0.0,0.0,0.0,0.0,0.0,0.00,0.0
2025,11,CLC,WR,Ricky Pearsall,SF,@ARI,13,0.0,0.0,0.0,0.0,0.0,0.0,0.0,0.0,0.0,3.0,1.0,0.0,0.0,0.0,0.0,0.00,0.0
2025,11,CLC,RB,Alvin Kamara,NO,BYE,---,0.0,0.0,0.0,0.0,0.0,0.0,0.0,0.0,0.0,0.0,0.0,0.0,0.0,0.0,0.0,-,0.0
2025,11,CLC,WR,Ja'Lynn Polk,NO,BYE,---,0.0,0.0,0.0,0.0,0.0,0.0,0.0,0.0,0.0,0.0,0.0,0.0,0.0,0.0,0.0,-,0.0
2025,11,CLC,RB,Zack Moss Dead Cap,CIN,0,0,0.0,0.0,0.0,0.0,0.0,0.0,0.0,0.0,0.0,0.0,0.0,0.0,0.0,0.0,0.0,-,0.0
2025,11,CLC,TE,Dalton Kincaid,BUF,TB,9,0.0,0.0,0.0,0.0,0.0,0.0,0.0,0.0,0.0,0.0,0.0,0.0,0.0,0.0,0.0,-,0.0
2025,11,CLC,DST,Bills,BUF,TB,13,,,,,,,,,,,,,,,,4.00,4.0
2025,11,CPC,RB,Derrick Henry,BAL,@CLE,5,0.0,0.0,0.0,0.0,0.0,18.0,103.0,1.0,5.0,2.0,2.0,19.0,0.0,1.0,0.0,24.20,24.2
2025,11,CPC,TE,George Kittle,SF,@ARI,25,0.0,0.0,0.0,0.0,0.0,0.0,0.0,0.0,0.0,6.0,6.0,67.0,2.0,5.0,0.0,23.70,23.7
2025,11,CPC,RB,James Cook,BUF,TB,18,0.0,0.0,0.0,0.0,0.0,16.0,48.0,0.0,0.0,3.0,3.0,66.0,1.0,3.0,0.0,20.40,20.4
2025,11,CPC,QB,Drake Maye,NE,NYJ,22,25.0,34.0,281.0,1.0,0.0,4.0,2.0,0.0,0.0,0.0,0.0,0.0,0.0,0.0,0.0,15.44,15.44
2025,11,CPC,WR,Tee Higgins,CIN,@PIT,29,0.0,0.0,0.0,0.0,0.0,0.0,0.0,0.0,0.0,8.0,3.0,63.0,1.0,3.0,0.0,15.30,15.3
2025,11,CPC,QB,Geno Smith,LV,DAL,32,27.0,42.0,238.0,1.0,1.0,4.0,14.0,0.0,1.0,0.0,0.0,0.0,0.0,0.0,0.0,13.92,13.92
2025,11,CPC,RB,Jordan Mason,MIN,CHI,16,0.0,0.0,0.0,0.0,0.0,6.0,45.0,1.0,1.0,0.0,0.0,0.0,0.0,0.0,0.0,11.50,11.5
2025,11,CPC,WR,Jakobi Meyers,JAC,LAC,2,0.0,0.0,0.0,0.0,0.0,0.0,0.0,0.0,0.0,6.0,5.0,64.0,0.0,4.0,0.0,10.40,10.4
2025,11,CPC,RB,Quinshon Judkins,CLE,BAL,23,0.0,0.0,0.0,0.0,0.0,17.0,59.0,0.0,3.0,2.0,0.0,0.0,0.0,0.0,0.0,8.90,8.9
2025,11,CPC,TE,Oronde Gadsden,LAC,@JAC,31,0.0,0.0,0.0,0.0,0.0,0.0,0.0,0.0,0.0,5.0,2.0,41.0,0.0,2.0,0.0,6.10,6.1
2025,11,CPC,QB,Sam Darnold,SEA,@LAR,8,29.0,44.0,279.0,0.0,4.0,2.0,11.0,0.0,1.0,0.0,0.0,0.0,0.0,0.0,0.0,5.26,5.26
2025,11,CPC,WR,Ja'Marr Chase,CIN,@PIT,29,0.0,0.0,0.0,0.0,0.0,0.0,0.0,0.0,0.0,10.0,3.0,30.0,0.0,2.0,0.0,5.00,5.0
2025,11,CPC,RB,Tony Pollard,TEN,HOU,6,0.0,0.0,0.0,0.0,0.0,10.0,22.0,0.0,0.0,3.0,3.0,4.0,0.0,1.0,0.0,3.60,3.6
2025,11,CPC,WR,Matthew Golden,GB,@NYG,27,0.0,0.0,0.0,0.0,0.0,0.0,0.0,0.0,0.0,3.0,1.0,24.0,0.0,1.0,0.0,3.40,3.4
2025,11,CPC,RB,Brian Robinson,SF,@ARI,26,0.0,0.0,0.0,0.0,0.0,8.0,24.0,0.0,1.0,1.0,0.0,0.0,0.0,0.0,0.0,3.40,3.4
2025,11,CPC,TE,Ja'Tavion Sanders,CAR,@ATL,3,0.0,0.0,0.0,0.0,0.0,0.0,0.0,0.0,0.0,4.0,4.0,22.0,0.0,1.0,0.0,3.20,3.2
2025,11,CPC,WR,Ladd McConkey,LAC,@JAC,18,0.0,0.0,0.0,0.0,0.0,0.0,0.0,0.0,0.0,4.0,3.0,13.0,0.0,0.0,0.0,1.30,1.3
2025,11,CPC,RB,JK Dobbins,DEN,KC,8,0.0,0.0,0.0,0.0,0.0,0.0,0.0,0.0,0.0,0.0,0.0,0.0,0.0,0.0,0.0,-,0.0
2025,11,CPC,WR,Jalen Royals,KC,@DEN,1,0.0,0.0,0.0,0.0,0.0,0.0,0.0,0.0,0.0,0.0,0.0,0.0,0.0,0.0,0.0,-,0.0
2025,11,CPC,WR,Dontayvion Wicks Dead Cap,GB,0,0,0.0,0.0,0.0,0.0,0.0,0.0,0.0,0.0,0.0,0.0,0.0,0.0,0.0,0.0,0.0,-,0.0
2025,11,CPC,DST,Texans,HOU,@TEN,32,,,,,,,,,,,,,,,,9.00,9.0
2025,11,DDD,RB,Jahmyr Gibbs,DET,@PHI,24,0.0,0.0,0.0,0.0,0.0,12.0,39.0,0.0,2.0,8.0,5.0,107.0,0.0,5.0,0.0,21.60,21.6
2025,11,DDD,QB,Brock Purdy,SF,@ARI,5,19.0,26.0,200.0,3.0,0.0,1.0,-7.0,0.0,0.0,0.0,0.0,0.0,0.0,0.0,0.0,20.00,20.0
2025,11,DDD,QB,Jared Goff,DET,@PHI,12,14.0,37.0,255.0,1.0,1.0,1.0,-1.0,0.0,0.0,0.0,0.0,0.0,0.0,0.0,0.0,12.20,12.2
2025,11,DDD,WR,Zay Flowers,BAL,@CLE,8,0.0,0.0,0.0,0.0,0.0,1.0,5.0,0.0,0.0,5.0,3.0,78.0,0.0,3.0,0.0,11.30,11.3
2025,11,DDD,WR,Keenan Allen,LAC,@JAC,18,0.0,0.0,0.0,0.0,0.0,0.0,0.0,0.0,0.0,6.0,4.0,53.0,0.0,2.0,0.0,7.30,7.3
2025,11,DDD,TE,Theo Johnson,NYG,GB,11,0.0,0.0,0.0,0.0,0.0,0.0,0.0,0.0,0.0,4.0,3.0,36.0,0.0,2.0,0.0,5.60,5.6
2025,11,DDD,WR,Emeka Egbuka,TB,@BUF,14,0.0,0.0,0.0,0.0,0.0,0.0,0.0,0.0,0.0,9.0,5.0,40.0,0.0,1.0,0.0,5.00,5.0
2025,11,DDD,RB,Kimani Vidal,LAC,@JAC,4,0.0,0.0,0.0,0.0,0.0,5.0,13.0,0.0,1.0,2.0,2.0,-1.0,0.0,0.0,0.0,2.30,2.3
2025,11,DDD,WR,Adonai Mitchell,NYJ,@NE,21,0.0,0.0,0.0,0.0,0.0,0.0,0.0,0.0,0.0,6.0,1.0,10.0,0.0,1.0,0.0,2.00,2.0
2025,11,DDD,WR,Elic Ayomanor,TEN,HOU,4,0.0,0.0,0.0,0.0,0.0,0.0,0.0,0.0,0.0,6.0,2.0,11.0,0.0,0.0,0.0,1.10,1.1
2025,11,DDD,WR,Tez Johnson,TB,@BUF,14,0.0,0.0,0.0,0.0,0.0,3.0,0.0,0.0,0.0,3.0,1.0,6.0,0.0,0.0,0.0,0.60,0.6
2025,11,DDD,RB,Kendre Miller,NO,BYE,---,0.0,0.0,0.0,0.0,0.0,0.0,0.0,0.0,0.0,0.0,0.0,0.0,0.0,0.0,0.0,-,0.0
2025,11,DDD,RB,Bucky Irving,TB,@BUF,31,0.0,0.0,0.0,0.0,0.0,0.0,0.0,0.0,0.0,0.0,0.0,0.0,0.0,0.0,0.0,-,0.0
2025,11,DDD,QB,Spencer Rattler,NO,BYE,---,0.0,0.0,0.0,0.0,0.0,0.0,0.0,0.0,0.0,0.0,0.0,0.0,0.0,0.0,0.0,-,0.0
2025,11,DDD,WR,Malik Nabers,NYG,GB,11,0.0,0.0,0.0,0.0,0.0,0.0,0.0,0.0,0.0,0.0,0.0,0.0,0.0,0.0,0.0,-,0.0
2025,11,DDD,TE,Sam LaPorta,DET,@PHI,1,0.0,0.0,0.0,0.0,0.0,0.0,0.0,0.0,0.0,0.0,0.0,0.0,0.0,0.0,0.0,-,0.0
2025,11,DDD,RB,Cam Skattebo,NYG,GB,10,0.0,0.0,0.0,0.0,0.0,0.0,0.0,0.0,0.0,0.0,0.0,0.0,0.0,0.0,0.0,-,0.0
2025,11,DDD,QB,Deshaun Watson Dead Cap,CLE,0,0,0.0,0.0,0.0,0.0,0.0,0.0,0.0,0.0,0.0,0.0,0.0,0.0,0.0,0.0,0.0,-,0.0
2025,11,DDD,WR,Quentin Johnston,LAC,@JAC,18,0.0,0.0,0.0,0.0,0.0,0.0,0.0,0.0,0.0,3.0,0.0,0.0,0.0,0.0,0.0,0.00,0.0
2025,11,DDD,QB,Mac Jones,SF,@ARI,5,0.0,0.0,0.0,0.0,0.0,3.0,-3.0,0.0,0.0,0.0,0.0,0.0,0.0,0.0,0.0,0.00,0.0
2025,11,DDD,WR,Tank Dell,HOU,@TEN,26,0.0,0.0,0.0,0.0,0.0,0.0,0.0,0.0,0.0,0.0,0.0,0.0,0.0,0.0,0.0,-,0.0
2025,11,DDD,DST,Cardinals,ARI,SF,15,,,,,,,,,,,,,,,,-3.00,-3.0
2025,11,LBC,RB,Travis Etienne,JAC,LAC,17,0.0,0.0,0.0,0.0,0.0,19.0,73.0,2.0,5.0,2.0,0.0,0.0,0.0,0.0,0.0,24.30,24.3
2025,11,LBC,TE,Trey McBride,ARI,SF,23,0.0,0.0,0.0,0.0,0.0,0.0,0.0,0.0,0.0,11.0,10.0,115.0,1.0,5.0,0.0,22.50,22.5
2025,11,LBC,RB,Kyren Williams,LAR,SEA,9,0.0,0.0,0.0,0.0,0.0,12.0,91.0,1.0,4.0,2.0,1.0,5.0,0.0,0.0,0.0,19.60,19.6
2025,11,LBC,WR,Jaxon Smith-Njigba,SEA,@LAR,16,0.0,0.0,0.0,0.0,0.0,1.0,11.0,0.0,1.0,12.0,9.0,105.0,0.0,7.0,0.0,19.60,19.6
2025,11,LBC,WR,Drake London,ATL,CAR,6,0.0,0.0,0.0,0.0,0.0,0.0,0.0,0.0,0.0,9.0,7.0,119.0,0.0,5.0,0.0,16.90,16.9
2025,11,LBC,QB,Bo Nix,DEN,KC,14,24.0,37.0,295.0,0.0,0.0,3.0,8.0,0.0,0.0,1.0,0.0,0.0,0.0,0.0,0.0,12.60,12.6
2025,11,LBC,QB,Aaron Rodgers,PIT,CIN,30,9.0,15.0,116.0,1.0,0.0,1.0,8.0,0.0,1.0,0.0,0.0,0.0,0.0,0.0,0.0,10.44,10.44
2025,11,LBC,TE,Brock Bowers,LV,DAL,17,0.0,0.0,0.0,0.0,0.0,0.0,0.0,0.0,0.0,12.0,7.0,72.0,0.0,3.0,0.0,10.20,10.2
2025,11,LBC,WR,Jalen Coker,CAR,@ATL,19,0.0,0.0,0.0,0.0,0.0,0.0,0.0,0.0,0.0,4.0,4.0,52.0,0.0,3.0,0.0,10.20,10.2
2025,11,LBC,RB,RJ Harvey,DEN,KC,8,0.0,1.0,0.0,0.0,0.0,11.0,30.0,0.0,3.0,3.0,3.0,20.0,0.0,1.0,0.0,9.00,9.0
2025,11,LBC,TE,Evan Engram,DEN,KC,7,0.0,0.0,0.0,0.0,0.0,0.0,0.0,0.0,0.0,5.0,4.0,33.0,0.0,0.0,0.0,3.30,3.3
2025,11,LBC,WR,Jerry Jeudy,CLE,BAL,25,0.0,0.0,0.0,0.0,0.0,0.0,0.0,0.0,0.0,7.0,3.0,21.0,0.0,1.0,0.0,3.10,3.1
2025,11,LBC,WR,Jack Bech,LV,DAL,32,0.0,0.0,0.0,0.0,0.0,0.0,0.0,0.0,0.0,1.0,1.0,19.0,0.0,1.0,0.0,2.90,2.9
2025,11,LBC,RB,Isiah Pacheco,KC,@DEN,7,0.0,0.0,0.0,0.0,0.0,0.0,0.0,0.0,0.0,0.0,0.0,0.0,0.0,0.0,0.0,-,0.0
2025,11,LBC,WR,Kyle Williams,NE,NYJ,17,0.0,0.0,0.0,0.0,0.0,0.0,0.0,0.0,0.0,3.0,0.0,0.0,0.0,0.0,0.0,0.00,0.0
2025,11,LBC,WR,Michael Wilson Dead Cap,ARI,0,0,0.0,0.0,0.0,0.0,0.0,0.0,0.0,0.0,0.0,0.0,0.0,0.0,0.0,0.0,0.0,-,0.0
2025,11,LBC,QB,CJ Stroud,HOU,@TEN,21,0.0,0.0,0.0,0.0,0.0,0.0,0.0,0.0,0.0,0.0,0.0,0.0,0.0,0.0,0.0,-,0.0
2025,11,LBC,WR,Brandon Aiyuk,SF,@ARI,13,0.0,0.0,0.0,0.0,0.0,0.0,0.0,0.0,0.0,0.0,0.0,0.0,0.0,0.0,0.0,-,0.0
2025,11,LBC,RB,Rhamondre Stevenson,NE,NYJ,20,0.0,0.0,0.0,0.0,0.0,0.0,0.0,0.0,0.0,0.0,0.0,0.0,0.0,0.0,0.0,-,0.0
2025,11,LBC,WR,Michael Pittman,IND,BYE,---,0.0,0.0,0.0,0.0,0.0,0.0,0.0,0.0,0.0,0.0,0.0,0.0,0.0,0.0,0.0,-,0.0
2025,11,LBC,DST,Broncos,DEN,KC,10,,,,,,,,,,,,,,,,7.00,7.0
2025,11,LC,QB,Jalen Hurts,PHI,DET,20,14.0,28.0,135.0,0.0,0.0,10.0,31.0,1.0,3.0,0.0,0.0,0.0,0.0,0.0,0.0,17.50,17.5
2025,11,LC,WR,Xavier Legette,CAR,@ATL,19,0.0,0.0,0.0,0.0,0.0,0.0,0.0,0.0,0.0,8.0,4.0,83.0,1.0,3.0,0.0,17.30,17.3
2025,11,LC,QB,Patrick Mahomes,KC,@DEN,3,29.0,45.0,276.0,1.0,1.0,1.0,3.0,0.0,0.0,0.0,0.0,0.0,0.0,0.0,0.0,13.34,13.34
2025,11,LC,TE,Jake Ferguson,DAL,@LV,4,0.0,0.0,0.0,0.0,0.0,0.0,0.0,0.0,0.0,5.0,4.0,16.0,1.0,1.0,0.0,8.60,8.6
2025,11,LC,WR,DK Metcalf,PIT,CIN,16,0.0,0.0,0.0,0.0,0.0,0.0,0.0,0.0,0.0,8.0,5.0,49.0,0.0,3.0,0.0,7.90,7.9
2025,11,LC,RB,Jaylen Warren,PIT,CIN,32,0.0,0.0,0.0,0.0,0.0,10.0,62.0,0.0,1.0,2.0,2.0,5.0,0.0,0.0,0.0,7.70,7.7
2025,11,LC,RB,Zach Charbonnet,SEA,@LAR,3,0.0,0.0,0.0,0.0,0.0,11.0,37.0,0.0,1.0,2.0,2.0,10.0,0.0,1.0,0.0,6.70,6.7
2025,11,LC,TE,Dalton Schultz,HOU,@TEN,8,0.0,0.0,0.0,0.0,0.0,0.0,0.0,0.0,0.0,9.0,6.0,51.0,0.0,1.0,0.0,6.10,6.1
2025,11,LC,WR,Luther Burden,CHI,@MIN,7,0.0,0.0,0.0,0.0,0.0,0.0,0.0,0.0,0.0,5.0,3.0,27.0,0.0,2.0,0.0,4.70,4.7
2025,11,LC,WR,Xavier Worthy,KC,@DEN,1,0.0,0.0,0.0,0.0,0.0,0.0,0.0,0.0,0.0,5.0,3.0,25.0,0.0,2.0,0.0,4.50,4.5
2025,11,LC,WR,Rashid Shaheed,SEA,@LAR,15,0.0,0.0,0.0,0.0,0.0,1.0,2.0,0.0,0.0,5.0,2.0,27.0,0.0,1.0,0.0,3.90,3.9
2025,11,LC,WR,DeAndre Hopkins,BAL,@CLE,8,0.0,0.0,0.0,0.0,0.0,0.0,0.0,0.0,0.0,4.0,1.0,11.0,0.0,0.0,0.0,1.10,1.1
2025,11,LC,RB,Jerome Ford,CLE,BAL,23,0.0,0.0,0.0,0.0,0.0,1.0,2.0,0.0,0.0,0.0,0.0,0.0,0.0,0.0,0.0,0.20,0.2
2025,11,LC,WR,Kayshon Boutte,NE,NYJ,17,0.0,0.0,0.0,0.0,0.0,0.0,0.0,0.0,0.0,0.0,0.0,0.0,0.0,0.0,0.0,-,0.0
2025,11,LC,WR,Luke McCaffrey,WAS,@MIA,5,0.0,0.0,0.0,0.0,0.0,0.0,0.0,0.0,0.0,0.0,0.0,0.0,0.0,0.0,0.0,-,0.0
2025,11,LC,RB,James Conner,ARI,SF,13,0.0,0.0,0.0,0.0,0.0,0.0,0.0,0.0,0.0,0.0,0.0,0.0,0.0,0.0,0.0,-,0.0
2025,11,LC,WR,Tory Horton,SEA,@LAR,15,0.0,0.0,0.0,0.0,0.0,0.0,0.0,0.0,0.0,0.0,0.0,0.0,0.0,0.0,0.0,-,0.0
2025,11,LC,WR,Travis Hunter,JAC,LAC,2,0.0,0.0,0.0,0.0,0.0,0.0,0.0,0.0,0.0,0.0,0.0,0.0,0.0,0.0,0.0,-,0.0
2025,11,LC,RB,Joe Mixon,HOU,@TEN,25,0.0,0.0,0.0,0.0,0.0,0.0,0.0,0.0,0.0,0.0,0.0,0.0,0.0,0.0,0.0,-,0.0
2025,11,LC,DST,49ers,SF,@ARI,25,,,,,,,,,,,,,,,,6.00,6.0
2025,11,MB,RB,Bijan Robinson,ATL,CAR,19,0.0,0.0,0.0,0.0,0.0,23.0,104.0,2.0,6.0,5.0,4.0,39.0,0.0,3.0,0.0,35.30,35.3
2025,11,MB,RB,Tyrone Tracy,NYG,GB,10,0.0,0.0,0.0,0.0,0.0,19.0,88.0,0.0,4.0,4.0,4.0,51.0,0.0,2.0,0.0,19.90,19.9
2025,11,MB,TE,Mark Andrews,BAL,@CLE,15,0.0,0.0,0.0,0.0,0.0,1.0,35.0,1.0,1.0,5.0,3.0,32.0,0.0,3.0,0.0,16.70,16.7
2025,11,MB,QB,Matthew Stafford,LAR,SEA,11,15.0,28.0,130.0,2.0,0.0,0.0,0.0,0.0,0.0,0.0,0.0,0.0,0.0,0.0,0.0,13.20,13.2
2025,11,MB,RB,Aaron Jones,MIN,CHI,16,0.0,0.0,0.0,0.0,0.0,16.0,70.0,0.0,3.0,6.0,3.0,11.0,0.0,1.0,0.0,12.10,12.1
2025,11,MB,QB,Joe Flacco,CIN,@PIT,23,23.0,40.0,199.0,1.0,1.0,1.0,-1.0,0.0,0.0,0.0,0.0,0.0,0.0,0.0,0.0,9.96,9.96
2025,11,MB,RB,Jacory Croskey-Merritt,WAS,@MIA,21,0.0,0.0,0.0,0.0,0.0,9.0,28.0,0.0,1.0,1.0,1.0,5.0,0.0,1.0,0.0,5.30,5.3
2025,11,MB,WR,Amon-Ra St Brown,DET,@PHI,10,0.0,0.0,0.0,0.0,0.0,0.0,0.0,0.0,0.0,12.0,2.0,42.0,0.0,1.0,0.0,5.20,5.2
2025,11,MB,WR,Josh Palmer,BUF,TB,20,0.0,0.0,0.0,0.0,0.0,0.0,0.0,0.0,0.0,5.0,2.0,17.0,0.0,1.0,0.0,2.70,2.7
2025,11,MB,WR,Cooper Kupp,SEA,@LAR,16,0.0,0.0,0.0,0.0,0.0,0.0,0.0,0.0,0.0,7.0,3.0,23.0,0.0,0.0,0.0,2.30,2.3
2025,11,MB,WR,Tre Harris,LAC,@JAC,18,0.0,0.0,0.0,0.0,0.0,0.0,0.0,0.0,0.0,1.0,1.0,12.0,0.0,0.0,0.0,1.20,1.2
2025,11,MB,WR,Kendrick Bourne,SF,@ARI,13,0.0,0.0,0.0,0.0,0.0,0.0,0.0,0.0,0.0,0.0,0.0,0.0,0.0,0.0,0.0,0.00,0.0
2025,11,MB,RB,Isaac Guerendo,SF,@ARI,26,0.0,0.0,0.0,0.0,0.0,0.0,0.0,0.0,0.0,0.0,0.0,0.0,0.0,0.0,0.0,0.00,0.0
2025,11,MB,TE,Juwan Johnson,NO,BYE,---,0.0,0.0,0.0,0.0,0.0,0.0,0.0,0.0,0.0,0.0,0.0,0.0,0.0,0.0,0.0,-,0.0
2025,11,MB,QB,Jaxson Dart,NYG,GB,7,0.0,0.0,0.0,0.0,0.0,0.0,0.0,0.0,0.0,0.0,0.0,0.0,0.0,0.0,0.0,-,0.0
2025,11,MB,RB,Ray Davis,BUF,TB,18,0.0,0.0,0.0,0.0,0.0,0.0,0.0,0.0,0.0,0.0,0.0,0.0,0.0,0.0,0.0,0.00,0.0
2025,11,MB,QB,Kyler Murray,ARI,SF,24,0.0,0.0,0.0,0.0,0.0,0.0,0.0,0.0,0.0,0.0,0.0,0.0,0.0,0.0,0.0,-,0.0
2025,11,MB,RB,Jarquez Hunter,LAR,SEA,9,0.0,0.0,0.0,0.0,0.0,0.0,0.0,0.0,0.0,0.0,0.0,0.0,0.0,0.0,0.0,-,0.0
2025,11,MB,WR,Marvin Harrison,ARI,SF,24,0.0,0.0,0.0,0.0,0.0,0.0,0.0,0.0,0.0,0.0,0.0,0.0,0.0,0.0,0.0,-,0.0
2025,11,MB,DST,Chiefs,KC,@DEN,6,,,,,,,,,,,,,,,,2.00,2.0
2025,11,NBB,QB,Josh Allen,BUF,TB,27,19.0,30.0,317.0,3.0,2.0,6.0,40.0,3.0,4.0,0.0,0.0,0.0,0.0,0.0,0.0,46.68,46.68
2025,11,NBB,WR,Tetairoa McMillan,CAR,@ATL,19,0.0,0.0,0.0,0.0,0.0,0.0,0.0,0.0,0.0,12.0,8.0,130.0,2.0,7.0,0.0,32.00,32.0
2025,11,NBB,RB,Bhayshul Tuten,JAC,LAC,17,0.0,0.0,0.0,0.0,0.0,15.0,74.0,1.0,8.0,0.0,0.0,0.0,0.0,0.0,0.0,21.40,21.4
2025,11,NBB,WR,Jameson Williams,DET,@PHI,10,0.0,0.0,0.0,0.0,0.0,1.0,9.0,0.0,0.0,7.0,4.0,88.0,1.0,3.0,0.0,18.70,18.7
2025,11,NBB,QB,Trevor Lawrence,JAC,LAC,4,14.0,22.0,153.0,1.0,1.0,5.0,9.0,1.0,1.0,0.0,0.0,0.0,0.0,0.0,0.0,16.02,16.02
2025,11,NBB,RB,D'Andre Swift,CHI,@MIN,14,0.0,0.0,0.0,0.0,0.0,21.0,90.0,0.0,5.0,1.0,0.0,0.0,0.0,0.0,0.0,14.00,14.0
2025,11,NBB,TE,Harold Fannin,CLE,BAL,10,0.0,0.0,0.0,0.0,0.0,0.0,0.0,0.0,0.0,5.0,2.0,26.0,0.0,1.0,0.0,3.60,3.6
2025,11,NBB,TE,Dallas Goedert,PHI,DET,14,0.0,0.0,0.0,0.0,0.0,0.0,0.0,0.0,0.0,5.0,2.0,24.0,0.0,1.0,0.0,3.40,3.4
2025,11,NBB,RB,Blake Corum,LAR,SEA,9,0.0,0.0,0.0,0.0,0.0,8.0,10.0,0.0,0.0,2.0,1.0,-5.0,0.0,0.0,0.0,1.00,1.0
2025,11,NBB,TE,David Njoku,CLE,BAL,10,0.0,0.0,0.0,0.0,0.0,0.0,0.0,0.0,0.0,2.0,1.0,7.0,0.0,0.0,0.0,0.70,0.7
2025,11,NBB,RB,Najee Harris,LAC,@JAC,4,0.0,0.0,0.0,0.0,0.0,0.0,0.0,0.0,0.0,0.0,0.0,0.0,0.0,0.0,0.0,-,0.0
2025,11,NBB,WR,Khalil Shakir,BUF,TB,20,0.0,0.0,0.0,0.0,0.0,0.0,0.0,0.0,0.0,3.0,1.0,-3.0,0.0,0.0,0.0,0.00,0.0
2025,11,NBB,WR,Mike Evans,TB,@BUF,14,0.0,0.0,0.0,0.0,0.0,0.0,0.0,0.0,0.0,0.0,0.0,0.0,0.0,0.0,0.0,-,0.0
2025,11,NBB,WR,Terry McLaurin,WAS,@MIA,5,0.0,0.0,0.0,0.0,0.0,0.0,0.0,0.0,0.0,0.0,0.0,0.0,0.0,0.0,0.0,-,0.0
2025,11,NBB,RB,Will Shipley,PHI,DET,2,0.0,0.0,0.0,0.0,0.0,0.0,0.0,0.0,0.0,0.0,0.0,0.0,0.0,0.0,0.0,0.00,0.0
2025,11,NBB,WR,Chris Godwin,TB,@BUF,14,0.0,0.0,0.0,0.0,0.0,0.0,0.0,0.0,0.0,0.0,0.0,0.0,0.0,0.0,0.0,-,0.0
2025,11,NBB,WR,Brian Thomas,JAC,LAC,2,0.0,0.0,0.0,0.0,0.0,0.0,0.0,0.0,0.0,0.0,0.0,0.0,0.0,0.0,0.0,-,0.0
2025,11,NBB,WR,Jayden Reed,GB,@NYG,27,0.0,0.0,0.0,0.0,0.0,0.0,0.0,0.0,0.0,0.0,0.0,0.0,0.0,0.0,0.0,-,0.0
2025,11,NBB,DST,Giants,NYG,GB,2,,,,,,,,,,,,,,,,2.00,2.0
2025,11,PCP,WR,CeeDee Lamb,DAL,@LV,30,0.0,0.0,0.0,0.0,0.0,0.0,0.0,0.0,0.0,7.0,5.0,66.0,1.0,4.0,0.0,16.60,16.6
2025,11,PCP,RB,Rico Dowdle,CAR,@ATL,30,0.0,0.0,0.0,0.0,0.0,19.0,45.0,0.0,2.0,7.0,5.0,55.0,0.0,2.0,0.0,14.00,14.0
2025,11,PCP,WR,Romeo Doubs,GB,@NYG,27,0.0,0.0,0.0,0.0,0.0,0.0,0.0,0.0,0.0,8.0,4.0,53.0,0.0,3.0,0.0,8.30,8.3
2025,11,PCP,WR,AJ Brown,PHI,DET,22,0.0,0.0,0.0,0.0,0.0,0.0,0.0,0.0,0.0,11.0,7.0,49.0,0.0,2.0,0.0,6.90,6.9
2025,11,PCP,RB,Ashton Jeanty,LV,DAL,29,0.0,0.0,0.0,0.0,0.0,6.0,7.0,0.0,2.0,8.0,6.0,27.0,0.0,1.0,0.0,6.40,6.4
2025,11,PCP,TE,TJ Hockenson,MIN,CHI,15,0.0,0.0,0.0,0.0,0.0,0.0,0.0,0.0,0.0,6.0,3.0,39.0,0.0,2.0,0.0,5.90,5.9
2025,11,PCP,RB,Tyjae Spears,TEN,HOU,6,0.0,0.0,0.0,0.0,0.0,4.0,3.0,0.0,0.0,5.0,5.0,31.0,0.0,1.0,0.0,4.40,4.4
2025,11,PCP,QB,Dillon Gabriel,CLE,BAL,18,7.0,10.0,68.0,0.0,0.0,2.0,2.0,0.0,0.0,0.0,0.0,0.0,0.0,0.0,0.0,2.92,2.92
2025,11,PCP,TE,Pat Freiermuth,PIT,CIN,32,0.0,0.0,0.0,0.0,0.0,0.0,0.0,0.0,0.0,1.0,1.0,19.0,0.0,1.0,0.0,2.90,2.9
2025,11,PCP,RB,Nick Chubb,HOU,@TEN,25,0.0,0.0,0.0,0.0,0.0,3.0,17.0,0.0,1.0,2.0,0.0,0.0,0.0,0.0,0.0,2.70,2.7
2025,11,PCP,QB,Shedeur Sanders,CLE,BAL,18,4.0,16.0,47.0,0.0,1.0,3.0,16.0,0.0,1.0,0.0,0.0,0.0,0.0,0.0,0.0,2.48,2.48
2025,11,PCP,RB,DJ Giddens,IND,BYE,---,0.0,0.0,0.0,0.0,0.0,0.0,0.0,0.0,0.0,0.0,0.0,0.0,0.0,0.0,0.0,-,0.0
2025,11,PCP,RB,Trey Benson,ARI,SF,13,0.0,0.0,0.0,0.0,0.0,0.0,0.0,0.0,0.0,0.0,0.0,0.0,0.0,0.0,0.0,-,0.0
2025,11,PCP,WR,Garrett Wilson,NYJ,@NE,21,0.0,0.0,0.0,0.0,0.0,0.0,0.0,0.0,0.0,0.0,0.0,0.0,0.0,0.0,0.0,-,0.0
2025,11,PCP,RB,Braelon Allen,NYJ,@NE,1,0.0,0.0,0.0,0.0,0.0,0.0,0.0,0.0,0.0,0.0,0.0,0.0,0.0,0.0,0.0,-,0.0
2025,11,PCP,QB,Joe Burrow,CIN,@PIT,23,0.0,0.0,0.0,0.0,0.0,0.0,0.0,0.0,0.0,0.0,0.0,0.0,0.0,0.0,0.0,-,0.0
2025,11,PCP,TE,Luke Musgrave,GB,@NYG,12,0.0,0.0,0.0,0.0,0.0,0.0,0.0,0.0,0.0,2.0,1.0,-1.0,0.0,0.0,0.0,0.00,0.0
2025,11,PCP,QB,Daniel Jones,IND,BYE,---,0.0,0.0,0.0,0.0,0.0,0.0,0.0,0.0,0.0,0.0,0.0,0.0,0.0,0.0,0.0,-,0.0
2025,11,PCP,WR,Keon Coleman,BUF,TB,20,0.0,0.0,0.0,0.0,0.0,0.0,0.0,0.0,0.0,0.0,0.0,0.0,0.0,0.0,0.0,-,0.0
2025,11,PCP,RB,Devin Neal,NO,BYE,---,0.0,0.0,0.0,0.0,0.0,0.0,0.0,0.0,0.0,0.0,0.0,0.0,0.0,0.0,0.0,-,0.0
2025,11,PCP,DST,Patriots,NE,NYJ,27,,,,,,,,,,,,,,,,6.00,6.0
2025,11,PP,RB,De'Von Achane,MIA,WAS,27,0.0,0.0,0.0,0.0,0.0,21.0,120.0,0.0,8.0,5.0,5.0,45.0,0.0,1.0,0.0,25.50,25.5
2025,11,PP,TE,Travis Kelce,KC,@DEN,16,0.0,0.0,0.0,0.0,0.0,0.0,0.0,0.0,0.0,13.0,9.0,91.0,1.0,5.0,0.0,20.10,20.1
2025,11,PP,WR,Stefon Diggs,NE,NYJ,17,0.0,0.0,0.0,0.0,0.0,0.0,0.0,0.0,0.0,11.0,9.0,105.0,0.0,6.0,0.0,16.50,16.5
2025,11,PP,RB,Emanuel Wilson,GB,@NYG,28,0.0,0.0,0.0,0.0,0.0,11.0,40.0,1.0,2.0,1.0,1.0,9.0,0.0,0.0,0.0,14.90,14.9
2025,11,PP,RB,Zonovan Knight,ARI,SF,13,0.0,0.0,0.0,0.0,0.0,5.0,24.0,1.0,1.0,4.0,4.0,21.0,0.0,0.0,0.0,11.50,11.5
2025,11,PP,WR,Jordan Addison,MIN,CHI,28,0.0,0.0,0.0,0.0,0.0,0.0,0.0,0.0,0.0,7.0,2.0,20.0,1.0,2.0,0.0,10.00,10.0
2025,11,PP,WR,Courtland Sutton,DEN,KC,3,0.0,0.0,0.0,0.0,0.0,0.0,0.0,0.0,0.0,8.0,4.0,59.0,0.0,4.0,0.0,9.90,9.9
2025,11,PP,WR,Jayden Higgins,HOU,@TEN,26,0.0,0.0,0.0,0.0,0.0,0.0,0.0,0.0,0.0,7.0,4.0,55.0,0.0,3.0,0.0,8.50,8.5
2025,11,PP,WR,Jauan Jennings,SF,@ARI,13,0.0,0.0,0.0,0.0,0.0,0.0,0.0,0.0,0.0,6.0,4.0,54.0,0.0,3.0,0.0,8.40,8.4
2025,11,PP,RB,Josh Jacobs,GB,@NYG,28,0.0,0.0,0.0,0.0,0.0,7.0,40.0,0.0,3.0,1.0,0.0,0.0,0.0,0.0,0.0,7.00,7.0
2025,11,PP,QB,JJ McCarthy,MIN,CHI,26,16.0,32.0,150.0,1.0,2.0,0.0,0.0,0.0,0.0,0.0,0.0,0.0,0.0,0.0,0.0,6.00,6.0
2025,11,PP,WR,Rashee Rice,KC,@DEN,1,0.0,0.0,0.0,0.0,0.0,0.0,0.0,0.0,0.0,9.0,6.0,38.0,0.0,2.0,0.0,5.80,5.8
2025,11,PP,QB,Justin Herbert,LAC,@JAC,28,10.0,18.0,81.0,0.0,1.0,3.0,21.0,0.0,1.0,0.0,0.0,0.0,0.0,0.0,0.0,4.34,4.34
2025,11,PP,QB,Kirk Cousins,ATL,CAR,9,6.0,14.0,48.0,0.0,0.0,1.0,2.0,0.0,1.0,0.0,0.0,0.0,0.0,0.0,0.0,3.12,3.12
2025,11,PP,WR,Calvin Ridley,TEN,HOU,4,0.0,0.0,0.0,0.0,0.0,0.0,0.0,0.0,0.0,1.0,1.0,13.0,0.0,1.0,0.0,2.30,2.3
2025,11,PP,TE,Isaiah Likely,BAL,@CLE,14,0.0,0.0,0.0,0.0,0.0,0.0,0.0,0.0,0.0,3.0,2.0,15.0,0.0,0.0,0.0,1.50,1.5
2025,11,PP,WR,Tyreek Hill Dead Cap,MIA,0,0,0.0,0.0,0.0,0.0,0.0,0.0,0.0,0.0,0.0,0.0,0.0,0.0,0.0,0.0,0.0,-,0.0
2025,11,PP,RB,MarShawn Lloyd,GB,@NYG,28,0.0,0.0,0.0,0.0,0.0,0.0,0.0,0.0,0.0,0.0,0.0,0.0,0.0,0.0,0.0,-,0.0
2025,11,PP,RB,Omarion Hampton,LAC,@JAC,4,0.0,0.0,0.0,0.0,0.0,0.0,0.0,0.0,0.0,0.0,0.0,0.0,0.0,0.0,0.0,-,0.0
2025,11,PP,TE,Tucker Kraft,GB,@NYG,12,0.0,0.0,0.0,0.0,0.0,0.0,0.0,0.0,0.0,0.0,0.0,0.0,0.0,0.0,0.0,-,0.0
2025,11,PP,RB,Jaydon Blue,DAL,@LV,15,0.0,0.0,0.0,0.0,0.0,0.0,0.0,0.0,0.0,0.0,0.0,0.0,0.0,0.0,0.0,-,0.0
2025,11,PP,QB,Jalen Milroe,SEA,@LAR,8,0.0,0.0,0.0,0.0,0.0,0.0,0.0,0.0,0.0,0.0,0.0,0.0,0.0,0.0,0.0,-,0.0
2025,11,PP,DST,Falcons,ATL,CAR,24,,,,,,,,,,,,,,,,6.00,6.0
2025,11,RR,RB,Christian McCaffrey,SF,@ARI,26,0.0,0.0,0.0,0.0,0.0,13.0,81.0,2.0,7.0,6.0,5.0,40.0,1.0,3.0,0.0,40.10,40.1
2025,11,RR,WR,George Pickens,DAL,@LV,30,0.0,0.0,0.0,0.0,0.0,0.0,0.0,0.0,0.0,11.0,9.0,144.0,1.0,8.0,0.0,28.40,28.4
2025,11,RR,RB,Kenneth Walker,SEA,@LAR,3,0.0,0.0,0.0,0.0,0.0,16.0,67.0,1.0,5.0,3.0,3.0,44.0,0.0,2.0,0.0,24.10,24.1
2025,11,RR,QB,Baker Mayfield,TB,@BUF,6,16.0,28.0,173.0,1.0,1.0,5.0,39.0,1.0,4.0,0.0,0.0,0.0,0.0,0.0,1.0,20.82,20.82
2025,11,RR,QB,Marcus Mariota,WAS,@MIA,25,20.0,30.0,213.0,1.0,1.0,4.0,49.0,0.0,1.0,0.0,0.0,0.0,0.0,0.0,0.0,16.42,16.42
2025,11,RR,RB,Kareem Hunt,KC,@DEN,7,0.0,0.0,0.0,0.0,0.0,13.0,59.0,1.0,3.0,2.0,1.0,3.0,0.0,0.0,0.0,15.20,15.2
2025,11,RR,RB,Breece Hall,NYJ,@NE,1,0.0,0.0,0.0,0.0,0.0,14.0,58.0,0.0,3.0,2.0,2.0,6.0,0.0,0.0,0.0,9.40,9.4
2025,11,RR,WR,Justin Jefferson,MIN,CHI,28,0.0,0.0,0.0,0.0,0.0,0.0,0.0,0.0,0.0,9.0,5.0,61.0,0.0,3.0,0.0,9.10,9.1
2025,11,RR,RB,Woody Marks,HOU,@TEN,25,0.0,0.0,0.0,0.0,0.0,18.0,44.0,0.0,4.0,1.0,1.0,7.0,0.0,0.0,0.0,9.10,9.1
2025,11,RR,QB,Michael Penix,ATL,CAR,9,13.0,16.0,175.0,0.0,0.0,1.0,9.0,0.0,0.0,0.0,0.0,0.0,0.0,0.0,0.0,7.90,7.9
2025,11,RR,WR,Cedric Tillman,CLE,BAL,25,0.0,0.0,0.0,0.0,0.0,0.0,0.0,0.0,0.0,4.0,3.0,52.0,0.0,2.0,0.0,7.20,7.2
2025,11,RR,WR,Davante Adams,LAR,SEA,9,0.0,0.0,0.0,0.0,0.0,0.0,0.0,0.0,0.0,8.0,1.0,1.0,1.0,1.0,0.0,7.10,7.1
2025,11,RR,QB,Tua Tagovailoa,MIA,WAS,29,14.0,20.0,171.0,0.0,0.0,0.0,0.0,0.0,0.0,0.0,0.0,0.0,0.0,0.0,0.0,6.84,6.84
2025,11,RR,RB,Kaleb Johnson,PIT,CIN,32,0.0,0.0,0.0,0.0,0.0,5.0,15.0,0.0,0.0,0.0,0.0,0.0,0.0,0.0,0.0,1.50,1.5
2025,11,RR,TE,Kyle Pitts,ATL,CAR,24,0.0,0.0,0.0,0.0,0.0,0.0,0.0,0.0,0.0,3.0,2.0,14.0,0.0,0.0,0.0,1.40,1.4
2025,11,RR,TE,Tyler Warren,IND,BYE,---,0.0,0.0,0.0,0.0,0.0,0.0,0.0,0.0,0.0,0.0,0.0,0.0,0.0,0.0,0.0,-,0.0
2025,11,RR,WR,Jalen McMillan,TB,@BUF,14,0.0,0.0,0.0,0.0,0.0,0.0,0.0,0.0,0.0,0.0,0.0,0.0,0.0,0.0,0.0,-,0.0
2025,11,RR,QB,Tyler Shough,NO,BYE,---,0.0,0.0,0.0,0.0,0.0,0.0,0.0,0.0,0.0,0.0,0.0,0.0,0.0,0.0,0.0,-,0.0
2025,11,RR,WR,Darius Slayton,NYG,GB,11,0.0,0.0,0.0,0.0,0.0,0.0,0.0,0.0,0.0,0.0,0.0,0.0,0.0,0.0,0.0,-,0.0
2025,11,RR,DST,Packers,GB,@NYG,20,,,,,,,,,,,,,,,,8.00,8.0
2025,11,SBS,RB,TreVeyon Henderson,NE,NYJ,20,0.0,0.0,0.0,0.0,0.0,19.0,62.0,2.0,4.0,5.0,5.0,31.0,1.0,2.0,0.0,33.30,33.3
2025,11,SBS,WR,Christian Watson,GB,@NYG,27,0.0,0.0,0.0,0.0,0.0,0.0,0.0,0.0,0.0,5.0,4.0,46.0,2.0,4.0,0.0,20.60,20.6
2025,11,SBS,WR,Deebo Samuel,WAS,@MIA,5,0.0,0.0,0.0,0.0,0.0,1.0,3.0,0.0,1.0,8.0,7.0,74.0,1.0,2.0,0.0,16.70,16.7
2025,11,SBS,QB,Davis Mills,HOU,@TEN,21,26.0,41.0,274.0,1.0,0.0,2.0,14.0,0.0,0.0,0.0,0.0,0.0,0.0,0.0,0.0,16.36,16.36
2025,11,SBS,RB,Kyle Monangai,CHI,@MIN,15,0.0,0.0,0.0,0.0,0.0,12.0,23.0,1.0,5.0,1.0,1.0,14.0,0.0,0.0,0.0,14.70,14.7
2025,11,SBS,WR,Troy Franklin,DEN,KC,3,0.0,0.0,0.0,0.0,0.0,0.0,0.0,0.0,0.0,8.0,4.0,84.0,0.0,2.0,0.0,10.40,10.4
2025,11,SBS,TE,Zach Ertz,WAS,@MIA,29,0.0,0.0,0.0,0.0,0.0,0.0,0.0,0.0,0.0,8.0,4.0,42.0,0.0,2.0,0.0,6.20,6.2
2025,11,SBS,QB,Lamar Jackson,BAL,@CLE,2,14.0,25.0,193.0,0.0,2.0,4.0,10.0,0.0,1.0,0.0,0.0,0.0,0.0,0.0,0.0,5.72,5.72
2025,11,SBS,RB,David Montgomery,DET,@PHI,24,0.0,0.0,0.0,0.0,0.0,6.0,27.0,0.0,1.0,1.0,1.0,10.0,0.0,1.0,0.0,5.70,5.7
2025,11,SBS,WR,Wan'Dale Robinson,NYG,GB,11,0.0,0.0,0.0,0.0,0.0,0.0,0.0,0.0,0.0,9.0,4.0,36.0,0.0,1.0,0.0,4.60,4.6
2025,11,SBS,RB,Chuba Hubbard,CAR,@ATL,30,0.0,0.0,0.0,0.0,0.0,4.0,21.0,0.0,0.0,3.0,1.0,7.0,0.0,1.0,0.0,3.80,3.8
2025,11,SBS,TE,Mason Taylor,NYJ,@NE,22,0.0,0.0,0.0,0.0,0.0,0.0,0.0,0.0,0.0,4.0,4.0,30.0,0.0,0.0,0.0,3.00,3.0
2025,11,SBS,RB,Dylan Sampson,CLE,BAL,22,0.0,0.0,0.0,0.0,0.0,1.0,19.0,0.0,1.0,1.0,0.0,0.0,0.0,0.0,0.0,2.90,2.9
2025,11,SBS,WR,Jaylin Noel,HOU,@TEN,26,0.0,0.0,0.0,0.0,0.0,0.0,0.0,0.0,0.0,1.0,1.0,12.0,0.0,0.0,0.0,1.20,1.2
2025,11,SBS,WR,Christian Kirk,HOU,@TEN,26,0.0,0.0,0.0,0.0,0.0,0.0,0.0,0.0,0.0,4.0,1.0,6.0,0.0,0.0,0.0,0.60,0.6
2025,11,SBS,QB,Jayden Daniels,WAS,@MIA,25,0.0,0.0,0.0,0.0,0.0,0.0,0.0,0.0,0.0,0.0,0.0,0.0,0.0,0.0,0.0,-,0.0
2025,11,SBS,WR,Alec Pierce,IND,BYE,---,0.0,0.0,0.0,0.0,0.0,0.0,0.0,0.0,0.0,0.0,0.0,0.0,0.0,0.0,0.0,-,0.0
2025,11,SBS,RB,Jonathan Taylor,IND,BYE,---,0.0,0.0,0.0,0.0,0.0,0.0,0.0,0.0,0.0,0.0,0.0,0.0,0.0,0.0,0.0,-,0.0
2025,11,SBS,DST,Lions,DET,@PHI,8,,,,,,,,,,,,,,,,3.00,3.0
2025,12,ABT,QB,Dak Prescott,DAL,PHI,19,23.0,36.0,354.0,2.0,1.0,5.0,9.0,1.0,1.0,0.0,0.0,0.0,0.0,0.0,0.0,28.06,28.06
2025,12,ABT,QB,Caleb Williams,CHI,PIT,26,19.0,35.0,239.0,3.0,0.0,4.0,21.0,0.0,1.0,0.0,0.0,0.0,0.0,0.0,1.0,22.66,22.66
2025,12,ABT,TE,Hunter Henry,NE,@CIN,32,0.0,0.0,0.0,0.0,0.0,0.0,0.0,0.0,0.0,10.0,7.0,115.0,1.0,5.0,0.0,22.50,22.5
2025,12,ABT,WR,DJ Moore,CHI,PIT,31,0.0,0.0,0.0,0.0,0.0,0.0,0.0,0.0,0.0,7.0,5.0,64.0,2.0,3.0,0.0,21.40,21.4
2025,12,ABT,RB,Chase Brown,CIN,NE,1,0.0,0.0,0.0,0.0,0.0,19.0,107.0,0.0,7.0,4.0,2.0,23.0,0.0,0.0,0.0,20.00,20.0
2025,12,ABT,WR,Puka Nacua,LAR,TB,23,0.0,0.0,0.0,0.0,0.0,0.0,0.0,0.0,0.0,11.0,7.0,97.0,0.0,5.0,0.0,14.70,14.7
2025,12,ABT,TE,Brenton Strange,JAC,@ARI,26,0.0,0.0,0.0,0.0,0.0,0.0,0.0,0.0,0.0,5.0,5.0,93.0,0.0,4.0,0.0,13.30,13.3
2025,12,ABT,TE,Colston Loveland,CHI,PIT,27,0.0,0.0,0.0,0.0,0.0,0.0,0.0,0.0,0.0,5.0,4.0,49.0,1.0,2.0,0.0,12.90,12.9
2025,12,ABT,WR,Chris Olave,NO,ATL,18,0.0,0.0,0.0,0.0,0.0,0.0,0.0,0.0,0.0,13.0,9.0,70.0,0.0,4.0,0.0,11.00,11.0
2025,12,ABT,RB,Saquon Barkley,PHI,@DAL,27,0.0,0.0,0.0,0.0,0.0,10.0,22.0,0.0,1.0,8.0,7.0,52.0,0.0,3.0,1.0,9.40,9.4
2025,12,ABT,QB,Bryce Young,CAR,@SF,22,18.0,29.0,169.0,1.0,2.0,4.0,15.0,0.0,1.0,0.0,0.0,0.0,0.0,0.0,0.0,9.26,9.26
2025,12,ABT,RB,Rachaad White,TB,@LAR,3,0.0,0.0,0.0,0.0,0.0,7.0,38.0,0.0,3.0,1.0,1.0,4.0,0.0,0.0,0.0,7.20,7.2
2025,12,ABT,RB,Tyler Allgeier,ATL,@NO,23,0.0,0.0,0.0,0.0,0.0,12.0,44.0,0.0,2.0,1.0,1.0,5.0,0.0,0.0,0.0,6.90,6.9
2025,12,ABT,WR,Calvin Austin,PIT,@CHI,27,0.0,0.0,0.0,0.0,0.0,0.0,0.0,0.0,0.0,5.0,4.0,36.0,0.0,1.0,0.0,4.60,4.6
2025,12,ABT,WR,Tre Tucker,LV,CLE,8,0.0,0.0,0.0,0.0,0.0,0.0,0.0,0.0,0.0,10.0,3.0,28.0,0.0,1.0,0.0,3.80,3.8
2025,12,ABT,RB,Keaton Mitchell,BAL,NYJ,22,0.0,0.0,0.0,0.0,0.0,2.0,10.0,0.0,1.0,1.0,1.0,9.0,0.0,0.0,0.0,2.90,2.9
2025,12,ABT,WR,Josh Downs,IND,@KC,5,0.0,0.0,0.0,0.0,0.0,0.0,0.0,0.0,0.0,6.0,2.0,10.0,0.0,0.0,0.0,1.00,1.0
2025,12,ABT,RB,Jonathon Brooks,CAR,@SF,12,0.0,0.0,0.0,0.0,0.0,0.0,0.0,0.0,0.0,0.0,0.0,0.0,0.0,0.0,0.0,-,0.0
2025,12,ABT,WR,Roman Wilson,PIT,@CHI,27,0.0,0.0,0.0,0.0,0.0,0.0,0.0,0.0,0.0,2.0,0.0,0.0,0.0,0.0,0.0,0.00,0.0
2025,12,ABT,DST,Rams,LAR,TB,18,,,,,,,,,,,,,,,,22.00,22.0
2025,12,CLC,QB,Cam Ward,TEN,SEA,18,28.0,42.0,256.0,1.0,0.0,6.0,37.0,1.0,4.0,0.0,0.0,0.0,0.0,0.0,0.0,27.94,27.94
2025,12,CLC,QB,Jacoby Brissett,ARI,JAC,27,33.0,49.0,317.0,1.0,0.0,3.0,20.0,0.0,2.0,0.0,0.0,0.0,0.0,0.0,0.0,20.68,20.68
2025,12,CLC,RB,Javonte Williams,DAL,PHI,19,0.0,0.0,0.0,0.0,0.0,20.0,87.0,0.0,4.0,3.0,2.0,14.0,0.0,1.0,0.0,15.10,15.1
2025,12,CLC,WR,DeVonta Smith,PHI,@DAL,32,0.0,0.0,0.0,0.0,0.0,0.0,0.0,0.0,0.0,11.0,6.0,89.0,0.0,4.0,0.0,12.90,12.9
2025,12,CLC,WR,Rome Odunze,CHI,PIT,31,0.0,0.0,0.0,0.0,0.0,0.0,0.0,0.0,0.0,9.0,3.0,53.0,0.0,3.0,0.0,8.30,8.3
2025,12,CLC,QB,Jordan Love,GB,MIN,10,14.0,21.0,139.0,0.0,0.0,3.0,15.0,0.0,1.0,0.0,0.0,0.0,0.0,0.0,0.0,8.06,8.06
2025,12,CLC,WR,Nico Collins,HOU,BUF,17,0.0,0.0,0.0,0.0,0.0,0.0,0.0,0.0,0.0,3.0,3.0,55.0,0.0,2.0,0.0,7.50,7.5
2025,12,CLC,RB,Sean Tucker,TB,@LAR,3,0.0,0.0,0.0,0.0,0.0,12.0,42.0,0.0,2.0,2.0,1.0,4.0,0.0,0.0,0.0,6.60,6.6
2025,12,CLC,TE,AJ Barner,SEA,@TEN,7,0.0,0.0,0.0,0.0,0.0,0.0,0.0,0.0,0.0,4.0,2.0,18.0,0.0,1.0,0.0,2.80,2.8
2025,12,CLC,WR,Ricky Pearsall,SF,CAR,4,0.0,0.0,0.0,0.0,0.0,1.0,2.0,0.0,0.0,4.0,2.0,6.0,0.0,1.0,0.0,1.80,1.8
2025,12,CLC,RB,Alvin Kamara,NO,ATL,28,0.0,0.0,0.0,0.0,0.0,3.0,11.0,0.0,0.0,2.0,2.0,4.0,0.0,0.0,0.0,1.50,1.5
2025,12,CLC,TE,Terrance Ferguson,LAR,TB,12,0.0,0.0,0.0,0.0,0.0,0.0,0.0,0.0,0.0,1.0,0.0,0.0,0.0,0.0,0.0,0.00,0.0
2025,12,CLC,RB,Zack Moss Dead Cap,CIN,0,0,0.0,0.0,0.0,0.0,0.0,0.0,0.0,0.0,0.0,0.0,0.0,0.0,0.0,0.0,0.0,-,0.0
2025,12,CLC,RB,Trevor Etienne,CAR,@SF,12,0.0,0.0,0.0,0.0,0.0,0.0,0.0,0.0,0.0,0.0,0.0,0.0,0.0,0.0,0.0,0.00,0.0
2025,12,CLC,WR,Ja'Lynn Polk,NO,ATL,18,0.0,0.0,0.0,0.0,0.0,0.0,0.0,0.0,0.0,0.0,0.0,0.0,0.0,0.0,0.0,-,0.0
2025,12,CLC,WR,Jaylen Waddle,MIA,BYE,---,0.0,0.0,0.0,0.0,0.0,0.0,0.0,0.0,0.0,0.0,0.0,0.0,0.0,0.0,0.0,-,0.0
2025,12,CLC,RB,Ollie Gordon,MIA,BYE,---,0.0,0.0,0.0,0.0,0.0,0.0,0.0,0.0,0.0,0.0,0.0,0.0,0.0,0.0,0.0,-,0.0
2025,12,CLC,QB,Justin Fields,NYJ,@BAL,17,0.0,0.0,0.0,0.0,0.0,0.0,0.0,0.0,0.0,0.0,0.0,0.0,0.0,0.0,0.0,-,0.0
2025,12,CLC,TE,Dalton Kincaid,BUF,@HOU,5,0.0,0.0,0.0,0.0,0.0,0.0,0.0,0.0,0.0,0.0,0.0,0.0,0.0,0.0,0.0,-,0.0
2025,12,CLC,DST,Bills,BUF,@HOU,13,,,,,,,,,,,,,,,,6.00,6.0
2025,12,CPC,RB,Derrick Henry,BAL,NYJ,22,0.0,0.0,0.0,0.0,0.0,21.0,64.0,2.0,3.0,2.0,2.0,24.0,0.0,1.0,0.0,24.80,24.8
2025,12,CPC,RB,James Cook,BUF,@HOU,9,0.0,0.0,0.0,0.0,0.0,17.0,116.0,1.0,3.0,3.0,3.0,13.0,0.0,0.0,0.0,21.90,21.9
2025,12,CPC,RB,Quinshon Judkins,CLE,@LV,15,0.0,0.0,0.0,0.0,0.0,16.0,47.0,2.0,3.0,0.0,0.0,0.0,0.0,0.0,0.0,19.70,19.7
2025,12,CPC,QB,Drake Maye,NE,@CIN,30,22.0,35.0,294.0,1.0,1.0,5.0,22.0,0.0,2.0,0.0,0.0,0.0,0.0,0.0,0.0,17.96,17.96
2025,12,CPC,QB,Sam Darnold,SEA,@TEN,21,16.0,26.0,244.0,2.0,0.0,1.0,-1.0,0.0,0.0,0.0,0.0,0.0,0.0,0.0,0.0,17.76,17.76
2025,12,CPC,QB,Geno Smith,LV,CLE,3,30.0,44.0,285.0,1.0,0.0,3.0,8.0,0.0,1.0,0.0,0.0,0.0,0.0,0.0,1.0,15.20,15.2
2025,12,CPC,WR,Jakobi Meyers,JAC,@ARI,15,0.0,0.0,0.0,0.0,0.0,0.0,0.0,0.0,0.0,6.0,4.0,50.0,1.0,3.0,0.0,14.00,14.0
2025,12,CPC,TE,George Kittle,SF,CAR,24,0.0,0.0,0.0,0.0,0.0,0.0,0.0,0.0,0.0,10.0,6.0,78.0,0.0,4.0,0.0,11.80,11.8
2025,12,CPC,RB,Jordan Mason,MIN,@GB,10,0.0,0.0,0.0,0.0,0.0,8.0,42.0,0.0,4.0,0.0,0.0,0.0,0.0,0.0,0.0,8.20,8.2
2025,12,CPC,RB,Brian Robinson,SF,CAR,24,0.0,0.0,0.0,0.0,0.0,7.0,40.0,0.0,2.0,2.0,1.0,4.0,0.0,0.0,0.0,6.40,6.4
2025,12,CPC,WR,Tee Higgins,CIN,NE,19,0.0,0.0,0.0,0.0,0.0,0.0,0.0,0.0,0.0,6.0,5.0,31.0,0.0,1.0,0.0,4.10,4.1
2025,12,CPC,RB,Tony Pollard,TEN,SEA,6,0.0,0.0,0.0,0.0,0.0,11.0,20.0,0.0,0.0,5.0,4.0,21.0,0.0,0.0,0.0,4.10,4.1
2025,12,CPC,TE,Ja'Tavion Sanders,CAR,@SF,23,0.0,0.0,0.0,0.0,0.0,0.0,0.0,0.0,0.0,1.0,1.0,6.0,0.0,0.0,0.0,0.60,0.6
2025,12,CPC,WR,Ja'Marr Chase,CIN,NE,19,0.0,0.0,0.0,0.0,0.0,0.0,0.0,0.0,0.0,0.0,0.0,0.0,0.0,0.0,0.0,-,0.0
2025,12,CPC,WR,Matthew Golden,GB,MIN,7,0.0,0.0,0.0,0.0,0.0,0.0,0.0,0.0,0.0,0.0,0.0,0.0,0.0,0.0,0.0,-,0.0
2025,12,CPC,WR,Ladd McConkey,LAC,BYE,---,0.0,0.0,0.0,0.0,0.0,0.0,0.0,0.0,0.0,0.0,0.0,0.0,0.0,0.0,0.0,-,0.0
2025,12,CPC,WR,Dontayvion Wicks Dead Cap,GB,0,0,0.0,0.0,0.0,0.0,0.0,0.0,0.0,0.0,0.0,0.0,0.0,0.0,0.0,0.0,0.0,-,0.0
2025,12,CPC,RB,JK Dobbins,DEN,BYE,---,0.0,0.0,0.0,0.0,0.0,0.0,0.0,0.0,0.0,0.0,0.0,0.0,0.0,0.0,0.0,-,0.0
2025,12,CPC,TE,Oronde Gadsden,LAC,BYE,---,0.0,0.0,0.0,0.0,0.0,0.0,0.0,0.0,0.0,0.0,0.0,0.0,0.0,0.0,0.0,-,0.0
2025,12,CPC,WR,Jalen Royals,KC,IND,22,0.0,0.0,0.0,0.0,0.0,0.0,0.0,0.0,0.0,0.0,0.0,0.0,0.0,0.0,0.0,-,0.0
2025,12,CPC,DST,Texans,HOU,BUF,9,,,,,,,,,,,,,,,,17.00,17.0
2025,12,DDD,RB,Jahmyr Gibbs,DET,NYG,31,0.0,0.0,0.0,0.0,0.0,15.0,219.0,2.0,7.0,12.0,11.0,45.0,1.0,3.0,0.0,54.40,54.4
2025,12,DDD,QB,Jared Goff,DET,NYG,31,28.0,42.0,279.0,2.0,1.0,0.0,0.0,0.0,0.0,0.0,0.0,0.0,0.0,0.0,0.0,17.16,17.16
2025,12,DDD,WR,Parker Washington,JAC,@ARI,15,0.0,0.0,0.0,0.0,0.0,0.0,0.0,0.0,0.0,7.0,5.0,71.0,1.0,4.0,0.0,17.10,17.1
2025,12,DDD,RB,Kenneth Gainwell,PIT,@CHI,21,0.0,0.0,0.0,0.0,0.0,10.0,92.0,0.0,3.0,6.0,6.0,30.0,0.0,1.0,0.0,16.20,16.2
2025,12,DDD,QB,Brock Purdy,SF,CAR,8,23.0,32.0,193.0,1.0,3.0,6.0,16.0,0.0,4.0,0.0,0.0,0.0,0.0,0.0,0.0,11.32,11.32
2025,12,DDD,WR,Tez Johnson,TB,@LAR,13,0.0,0.0,0.0,0.0,0.0,2.0,12.0,0.0,0.0,4.0,3.0,21.0,1.0,2.0,0.0,11.30,11.3
2025,12,DDD,WR,Zay Flowers,BAL,NYJ,14,0.0,0.0,0.0,0.0,0.0,2.0,11.0,0.0,1.0,6.0,5.0,58.0,0.0,3.0,0.0,10.90,10.9
2025,12,DDD,TE,Theo Johnson,NYG,@DET,14,0.0,0.0,0.0,0.0,0.0,0.0,0.0,0.0,0.0,5.0,3.0,77.0,0.0,3.0,0.0,10.70,10.7
2025,12,DDD,WR,Emeka Egbuka,TB,@LAR,13,0.0,0.0,0.0,0.0,0.0,0.0,0.0,0.0,0.0,8.0,3.0,32.0,0.0,1.0,0.0,4.20,4.2
2025,12,DDD,WR,Elic Ayomanor,TEN,SEA,10,0.0,0.0,0.0,0.0,0.0,0.0,0.0,0.0,0.0,0.0,0.0,0.0,0.0,0.0,0.0,-,0.0
2025,12,DDD,RB,Kendre Miller,NO,ATL,28,0.0,0.0,0.0,0.0,0.0,0.0,0.0,0.0,0.0,0.0,0.0,0.0,0.0,0.0,0.0,-,0.0
2025,12,DDD,TE,Sam LaPorta,DET,NYG,11,0.0,0.0,0.0,0.0,0.0,0.0,0.0,0.0,0.0,0.0,0.0,0.0,0.0,0.0,0.0,-,0.0
2025,12,DDD,WR,Quentin Johnston,LAC,BYE,---,0.0,0.0,0.0,0.0,0.0,0.0,0.0,0.0,0.0,0.0,0.0,0.0,0.0,0.0,0.0,-,0.0
2025,12,DDD,RB,Kimani Vidal,LAC,BYE,---,0.0,0.0,0.0,0.0,0.0,0.0,0.0,0.0,0.0,0.0,0.0,0.0,0.0,0.0,0.0,-,0.0
2025,12,DDD,WR,Keenan Allen,LAC,BYE,---,0.0,0.0,0.0,0.0,0.0,0.0,0.0,0.0,0.0,0.0,0.0,0.0,0.0,0.0,0.0,-,0.0
2025,12,DDD,RB,Cam Skattebo,NYG,@DET,2,0.0,0.0,0.0,0.0,0.0,0.0,0.0,0.0,0.0,0.0,0.0,0.0,0.0,0.0,0.0,-,0.0
2025,12,DDD,QB,Mac Jones,SF,CAR,8,0.0,0.0,0.0,0.0,0.0,0.0,0.0,0.0,0.0,0.0,0.0,0.0,0.0,0.0,0.0,-,0.0
2025,12,DDD,RB,Bucky Irving,TB,@LAR,3,0.0,0.0,0.0,0.0,0.0,0.0,0.0,0.0,0.0,0.0,0.0,0.0,0.0,0.0,0.0,-,0.0
2025,12,DDD,QB,Deshaun Watson Dead Cap,CLE,0,0,0.0,0.0,0.0,0.0,0.0,0.0,0.0,0.0,0.0,0.0,0.0,0.0,0.0,0.0,0.0,-,0.0
2025,12,DDD,WR,Tank Dell,HOU,BUF,17,0.0,0.0,0.0,0.0,0.0,0.0,0.0,0.0,0.0,0.0,0.0,0.0,0.0,0.0,0.0,-,0.0
2025,12,DDD,WR,Malik Nabers,NYG,@DET,26,0.0,0.0,0.0,0.0,0.0,0.0,0.0,0.0,0.0,0.0,0.0,0.0,0.0,0.0,0.0,-,0.0
2025,12,DDD,DST,Seahawks,SEA,@TEN,30,,,,,,,,,,,,,,,,6.00,6.0
2025,12,LBC,WR,Jaxon Smith-Njigba,SEA,@TEN,28,0.0,0.0,0.0,0.0,0.0,1.0,4.0,0.0,0.0,10.0,8.0,167.0,2.0,5.0,0.0,34.10,34.1
2025,12,LBC,RB,Travis Etienne,JAC,@ARI,26,0.0,0.0,0.0,0.0,0.0,15.0,86.0,0.0,1.0,4.0,3.0,30.0,1.0,1.0,0.0,19.60,19.6
2025,12,LBC,TE,Trey McBride,ARI,JAC,31,0.0,0.0,0.0,0.0,0.0,0.0,0.0,0.0,0.0,10.0,9.0,79.0,0.0,6.0,0.0,13.90,13.9
2025,12,LBC,WR,Michael Pittman,IND,@KC,5,0.0,0.0,0.0,0.0,0.0,0.0,0.0,0.0,0.0,8.0,5.0,27.0,1.0,1.0,0.0,9.70,9.7
2025,12,LBC,TE,Brock Bowers,LV,CLE,18,0.0,0.0,0.0,0.0,0.0,0.0,0.0,0.0,0.0,9.0,6.0,55.0,0.0,3.0,0.0,8.50,8.5
2025,12,LBC,RB,Kyren Williams,LAR,TB,14,0.0,0.0,0.0,0.0,0.0,12.0,46.0,0.0,2.0,1.0,1.0,2.0,0.0,0.0,0.0,6.80,6.8
2025,12,LBC,WR,Jalen Coker,CAR,@SF,21,0.0,0.0,0.0,0.0,0.0,0.0,0.0,0.0,0.0,4.0,3.0,32.0,0.0,2.0,0.0,5.20,5.2
2025,12,LBC,WR,Kyle Williams,NE,@CIN,12,0.0,0.0,0.0,0.0,0.0,0.0,0.0,0.0,0.0,1.0,1.0,18.0,0.0,1.0,0.0,2.80,2.8
2025,12,LBC,WR,Jerry Jeudy,CLE,@LV,25,0.0,0.0,0.0,0.0,0.0,0.0,0.0,0.0,0.0,3.0,1.0,39.0,0.0,0.0,1.0,1.90,1.9
2025,12,LBC,RB,Rhamondre Stevenson,NE,@CIN,32,0.0,0.0,0.0,0.0,0.0,6.0,5.0,0.0,0.0,2.0,1.0,5.0,0.0,0.0,0.0,1.00,1.0
2025,12,LBC,RB,Isiah Pacheco,KC,IND,13,0.0,0.0,0.0,0.0,0.0,0.0,0.0,0.0,0.0,0.0,0.0,0.0,0.0,0.0,0.0,-,0.0
2025,12,LBC,RB,RJ Harvey,DEN,BYE,---,0.0,0.0,0.0,0.0,0.0,0.0,0.0,0.0,0.0,0.0,0.0,0.0,0.0,0.0,0.0,-,0.0
2025,12,LBC,WR,Michael Wilson Dead Cap,ARI,0,0,0.0,0.0,0.0,0.0,0.0,0.0,0.0,0.0,0.0,0.0,0.0,0.0,0.0,0.0,0.0,-,0.0
2025,12,LBC,WR,Drake London,ATL,@NO,11,0.0,0.0,0.0,0.0,0.0,0.0,0.0,0.0,0.0,0.0,0.0,0.0,0.0,0.0,0.0,-,0.0
2025,12,LBC,QB,Bo Nix,DEN,BYE,---,0.0,0.0,0.0,0.0,0.0,0.0,0.0,0.0,0.0,0.0,0.0,0.0,0.0,0.0,0.0,-,0.0
2025,12,LBC,WR,Brandon Aiyuk,SF,CAR,4,0.0,0.0,0.0,0.0,0.0,0.0,0.0,0.0,0.0,0.0,0.0,0.0,0.0,0.0,0.0,-,0.0
2025,12,LBC,TE,Evan Engram,DEN,BYE,---,0.0,0.0,0.0,0.0,0.0,0.0,0.0,0.0,0.0,0.0,0.0,0.0,0.0,0.0,0.0,-,0.0
2025,12,LBC,QB,Aaron Rodgers,PIT,@CHI,23,0.0,0.0,0.0,0.0,0.0,0.0,0.0,0.0,0.0,0.0,0.0,0.0,0.0,0.0,0.0,-,0.0
2025,12,LBC,WR,Jack Bech,LV,CLE,8,0.0,0.0,0.0,0.0,0.0,0.0,0.0,0.0,0.0,0.0,0.0,0.0,0.0,0.0,0.0,0.00,0.0
2025,12,LBC,QB,CJ Stroud,HOU,BUF,7,0.0,0.0,0.0,0.0,0.0,0.0,0.0,0.0,0.0,0.0,0.0,0.0,0.0,0.0,0.0,-,0.0
2025,12,LBC,DST,Broncos,DEN,BYE,---,,,,,,,,,,,,,,,,-,0.0
2025,12,LC,QB,Jalen Hurts,PHI,@DAL,32,27.0,39.0,289.0,1.0,0.0,7.0,33.0,2.0,3.0,0.0,0.0,0.0,0.0,0.0,0.0,33.86,33.86
2025,12,LC,QB,Patrick Mahomes,KC,IND,11,29.0,46.0,352.0,0.0,1.0,4.0,30.0,0.0,2.0,0.0,0.0,0.0,0.0,0.0,0.0,19.08,19.08
2025,12,LC,RB,Jaylen Warren,PIT,@CHI,21,0.0,0.0,0.0,0.0,0.0,18.0,68.0,1.0,6.0,0.0,0.0,0.0,0.0,0.0,0.0,18.80,18.8
2025,12,LC,RB,Zach Charbonnet,SEA,@TEN,25,0.0,0.0,0.0,0.0,0.0,6.0,35.0,1.0,4.0,0.0,0.0,0.0,0.0,0.0,0.0,13.50,13.5
2025,12,LC,WR,DK Metcalf,PIT,@CHI,27,0.0,0.0,0.0,0.0,0.0,2.0,12.0,1.0,1.0,8.0,5.0,22.0,0.0,2.0,0.0,12.40,12.4
2025,12,LC,WR,Luther Burden,CHI,PIT,31,0.0,0.0,0.0,0.0,0.0,1.0,15.0,0.0,1.0,5.0,3.0,46.0,0.0,3.0,0.0,10.10,10.1
2025,12,LC,TE,Jake Ferguson,DAL,PHI,2,0.0,0.0,0.0,0.0,0.0,1.0,1.0,0.0,0.0,6.0,5.0,60.0,0.0,4.0,0.0,10.10,10.1
2025,12,LC,WR,Xavier Worthy,KC,IND,22,0.0,0.0,0.0,0.0,0.0,0.0,0.0,0.0,0.0,8.0,4.0,59.0,0.0,2.0,0.0,7.90,7.9
2025,12,LC,WR,Xavier Legette,CAR,@SF,21,0.0,0.0,0.0,0.0,0.0,0.0,0.0,0.0,0.0,5.0,3.0,22.0,0.0,2.0,0.0,4.20,4.2
2025,12,LC,WR,Kayshon Boutte,NE,@CIN,12,0.0,0.0,0.0,0.0,0.0,0.0,0.0,0.0,0.0,2.0,2.0,15.0,0.0,1.0,0.0,2.50,2.5
2025,12,LC,WR,DeAndre Hopkins,BAL,NYJ,14,0.0,0.0,0.0,0.0,0.0,0.0,0.0,0.0,0.0,3.0,2.0,13.0,0.0,1.0,0.0,2.30,2.3
2025,12,LC,TE,Dalton Schultz,HOU,BUF,1,0.0,0.0,0.0,0.0,0.0,0.0,0.0,0.0,0.0,4.0,1.0,8.0,0.0,0.0,0.0,0.80,0.8
2025,12,LC,WR,Rashid Shaheed,SEA,@TEN,28,0.0,0.0,0.0,0.0,0.0,1.0,5.0,0.0,0.0,2.0,0.0,0.0,0.0,0.0,0.0,0.50,0.5
2025,12,LC,RB,James Conner,ARI,JAC,5,0.0,0.0,0.0,0.0,0.0,0.0,0.0,0.0,0.0,0.0,0.0,0.0,0.0,0.0,0.0,-,0.0
2025,12,LC,WR,Luke McCaffrey,WAS,BYE,---,0.0,0.0,0.0,0.0,0.0,0.0,0.0,0.0,0.0,0.0,0.0,0.0,0.0,0.0,0.0,-,0.0
2025,12,LC,WR,Travis Hunter,JAC,@ARI,15,0.0,0.0,0.0,0.0,0.0,0.0,0.0,0.0,0.0,0.0,0.0,0.0,0.0,0.0,0.0,-,0.0
2025,12,LC,RB,Jerome Ford,CLE,@LV,15,0.0,0.0,0.0,0.0,0.0,1.0,-3.0,0.0,0.0,0.0,0.0,0.0,0.0,0.0,0.0,0.00,0.0
2025,12,LC,WR,Tory Horton,SEA,@TEN,28,0.0,0.0,0.0,0.0,0.0,0.0,0.0,0.0,0.0,0.0,0.0,0.0,0.0,0.0,0.0,-,0.0
2025,12,LC,RB,Joe Mixon,HOU,BUF,30,0.0,0.0,0.0,0.0,0.0,0.0,0.0,0.0,0.0,0.0,0.0,0.0,0.0,0.0,0.0,-,0.0
2025,12,LC,DST,49ers,SF,CAR,23,,,,,,,,,,,,,,,,9.00,9.0
2025,12,MB,WR,Amon-Ra St Brown,DET,NYG,29,0.0,0.0,0.0,0.0,0.0,0.0,0.0,0.0,0.0,13.0,9.0,149.0,1.0,7.0,0.0,27.90,27.9
2025,12,MB,QB,Matthew Stafford,LAR,TB,28,25.0,35.0,273.0,3.0,0.0,0.0,0.0,0.0,0.0,0.0,0.0,0.0,0.0,0.0,0.0,22.92,22.92
2025,12,MB,RB,Tyrone Tracy,NYG,@DET,2,0.0,0.0,0.0,0.0,0.0,20.0,62.0,0.0,3.0,4.0,3.0,68.0,0.0,3.0,0.0,19.00,19.0
2025,12,MB,RB,Bijan Robinson,ATL,@NO,23,0.0,0.0,0.0,0.0,0.0,14.0,70.0,0.0,2.0,2.0,2.0,37.0,0.0,1.0,0.0,15.70,15.7
2025,12,MB,QB,Joe Flacco,CIN,NE,13,19.0,37.0,183.0,1.0,1.0,1.0,3.0,0.0,1.0,0.0,0.0,0.0,0.0,0.0,0.0,10.62,10.62
2025,12,MB,RB,Aaron Jones,MIN,@GB,10,0.0,0.0,0.0,0.0,0.0,9.0,41.0,0.0,2.0,4.0,3.0,16.0,0.0,1.0,0.0,8.70,8.7
2025,12,MB,TE,Juwan Johnson,NO,ATL,3,0.0,0.0,0.0,0.0,0.0,0.0,0.0,0.0,0.0,7.0,6.0,46.0,0.0,2.0,0.0,6.60,6.6
2025,12,MB,WR,Cooper Kupp,SEA,@TEN,28,0.0,0.0,0.0,0.0,0.0,0.0,0.0,0.0,0.0,4.0,2.0,24.0,0.0,2.0,0.0,4.40,4.4
2025,12,MB,TE,Mark Andrews,BAL,NYJ,17,0.0,0.0,0.0,0.0,0.0,2.0,2.0,0.0,1.0,3.0,1.0,9.0,0.0,1.0,0.0,3.10,3.1
2025,12,MB,WR,Josh Palmer,BUF,@HOU,3,0.0,0.0,0.0,0.0,0.0,0.0,0.0,0.0,0.0,4.0,2.0,21.0,0.0,0.0,0.0,2.10,2.1
2025,12,MB,RB,Isaac Guerendo,SF,CAR,24,0.0,0.0,0.0,0.0,0.0,0.0,0.0,0.0,0.0,0.0,0.0,0.0,0.0,0.0,0.0,0.00,0.0
2025,12,MB,QB,Jaxson Dart,NYG,@DET,24,0.0,0.0,0.0,0.0,0.0,0.0,0.0,0.0,0.0,0.0,0.0,0.0,0.0,0.0,0.0,-,0.0
2025,12,MB,RB,Jarquez Hunter,LAR,TB,14,0.0,0.0,0.0,0.0,0.0,0.0,0.0,0.0,0.0,0.0,0.0,0.0,0.0,0.0,0.0,-,0.0
2025,12,MB,WR,Tre Harris,LAC,BYE,---,0.0,0.0,0.0,0.0,0.0,0.0,0.0,0.0,0.0,0.0,0.0,0.0,0.0,0.0,0.0,-,0.0
2025,12,MB,QB,Kyler Murray,ARI,JAC,27,0.0,0.0,0.0,0.0,0.0,0.0,0.0,0.0,0.0,0.0,0.0,0.0,0.0,0.0,0.0,-,0.0
2025,12,MB,WR,Kendrick Bourne,SF,CAR,4,0.0,0.0,0.0,0.0,0.0,0.0,0.0,0.0,0.0,0.0,0.0,0.0,0.0,0.0,0.0,0.00,0.0
2025,12,MB,WR,Marvin Harrison,ARI,JAC,20,0.0,0.0,0.0,0.0,0.0,0.0,0.0,0.0,0.0,0.0,0.0,0.0,0.0,0.0,0.0,-,0.0
2025,12,MB,RB,Ray Davis,BUF,@HOU,9,0.0,0.0,0.0,0.0,0.0,0.0,0.0,0.0,0.0,0.0,0.0,0.0,0.0,0.0,0.0,0.00,0.0
2025,12,MB,RB,Jacory Croskey-Merritt,WAS,BYE,---,0.0,0.0,0.0,0.0,0.0,0.0,0.0,0.0,0.0,0.0,0.0,0.0,0.0,0.0,0.0,-,0.0
2025,12,MB,DST,Chiefs,KC,IND,1,,,,,,,,,,,,,,,,1.00,1.0
2025,12,NBB,QB,Trevor Lawrence,JAC,@ARI,9,18.0,30.0,256.0,3.0,3.0,5.0,29.0,0.0,2.0,0.0,0.0,0.0,0.0,0.0,1.0,19.14,19.14
2025,12,NBB,WR,Khalil Shakir,BUF,@HOU,3,0.0,0.0,0.0,0.0,0.0,0.0,0.0,0.0,0.0,10.0,8.0,110.0,0.0,3.0,1.0,12.00,12.0
2025,12,NBB,WR,Tetairoa McMillan,CAR,@SF,21,0.0,0.0,0.0,0.0,0.0,0.0,0.0,0.0,0.0,7.0,2.0,35.0,1.0,1.0,0.0,10.50,10.5
2025,12,NBB,QB,Josh Allen,BUF,@HOU,1,24.0,34.0,253.0,0.0,2.0,5.0,20.0,0.0,2.0,0.0,0.0,0.0,0.0,0.0,0.0,10.12,10.12
2025,12,NBB,TE,Harold Fannin,CLE,@LV,4,0.0,0.0,0.0,0.0,0.0,1.0,4.0,0.0,0.0,6.0,4.0,40.0,0.0,2.0,0.0,6.40,6.4
2025,12,NBB,RB,Blake Corum,LAR,TB,14,0.0,0.0,0.0,0.0,0.0,7.0,24.0,0.0,2.0,0.0,0.0,0.0,0.0,0.0,0.0,4.40,4.4
2025,12,NBB,RB,Bhayshul Tuten,JAC,@ARI,26,0.0,0.0,0.0,0.0,0.0,7.0,17.0,0.0,2.0,1.0,0.0,0.0,0.0,0.0,0.0,3.70,3.7
2025,12,NBB,TE,Dallas Goedert,PHI,@DAL,13,0.0,0.0,0.0,0.0,0.0,0.0,0.0,0.0,0.0,2.0,2.0,20.0,0.0,1.0,0.0,3.00,3.0
2025,12,NBB,RB,D'Andre Swift,CHI,PIT,11,0.0,0.0,0.0,0.0,0.0,8.0,15.0,0.0,1.0,1.0,1.0,14.0,0.0,0.0,1.0,1.90,1.9
2025,12,NBB,WR,Chris Godwin,TB,@LAR,13,0.0,0.0,0.0,0.0,0.0,0.0,0.0,0.0,0.0,4.0,2.0,9.0,0.0,1.0,0.0,1.90,1.9
2025,12,NBB,WR,Brian Thomas,JAC,@ARI,15,0.0,0.0,0.0,0.0,0.0,0.0,0.0,0.0,0.0,0.0,0.0,0.0,0.0,0.0,0.0,-,0.0
2025,12,NBB,WR,Terry McLaurin,WAS,BYE,---,0.0,0.0,0.0,0.0,0.0,0.0,0.0,0.0,0.0,0.0,0.0,0.0,0.0,0.0,0.0,-,0.0
2025,12,NBB,WR,Jayden Reed,GB,MIN,7,0.0,0.0,0.0,0.0,0.0,0.0,0.0,0.0,0.0,0.0,0.0,0.0,0.0,0.0,0.0,-,0.0
2025,12,NBB,WR,Mike Evans,TB,@LAR,13,0.0,0.0,0.0,0.0,0.0,0.0,0.0,0.0,0.0,0.0,0.0,0.0,0.0,0.0,0.0,-,0.0
2025,12,NBB,RB,Najee Harris,LAC,BYE,---,0.0,0.0,0.0,0.0,0.0,0.0,0.0,0.0,0.0,0.0,0.0,0.0,0.0,0.0,0.0,-,0.0
2025,12,NBB,RB,Will Shipley,PHI,@DAL,27,0.0,0.0,0.0,0.0,0.0,0.0,0.0,0.0,0.0,0.0,0.0,0.0,0.0,0.0,0.0,0.00,0.0
2025,12,NBB,TE,David Njoku,CLE,@LV,4,0.0,0.0,0.0,0.0,0.0,0.0,0.0,0.0,0.0,0.0,0.0,0.0,0.0,0.0,0.0,0.00,0.0
2025,12,NBB,WR,Jameson Williams,DET,NYG,29,0.0,0.0,0.0,0.0,0.0,0.0,0.0,0.0,0.0,3.0,0.0,0.0,0.0,0.0,0.0,0.00,0.0
2025,12,NBB,DST,Giants,NYG,@DET,2,,,,,,,,,,,,,,,,4.00,4.0
2025,12,PCP,WR,AJ Brown,PHI,@DAL,32,0.0,0.0,0.0,0.0,0.0,0.0,0.0,0.0,0.0,10.0,8.0,110.0,1.0,6.0,0.0,23.00,23.0
2025,12,PCP,RB,Ashton Jeanty,LV,CLE,8,0.0,0.0,0.0,0.0,0.0,17.0,50.0,0.0,1.0,8.0,8.0,58.0,1.0,4.0,0.0,21.80,21.8
2025,12,PCP,QB,Daniel Jones,IND,@KC,16,19.0,31.0,181.0,2.0,0.0,3.0,16.0,0.0,2.0,0.0,0.0,0.0,0.0,0.0,0.0,18.84,18.84
2025,12,PCP,RB,Rico Dowdle,CAR,@SF,12,0.0,0.0,0.0,0.0,0.0,6.0,38.0,0.0,2.0,4.0,4.0,36.0,0.0,1.0,0.0,10.40,10.4
2025,12,PCP,QB,Shedeur Sanders,CLE,@LV,14,11.0,20.0,209.0,1.0,1.0,1.0,-1.0,0.0,0.0,0.0,0.0,0.0,0.0,0.0,0.0,10.36,10.36
2025,12,PCP,TE,Pat Freiermuth,PIT,@CHI,16,0.0,0.0,0.0,0.0,0.0,0.0,0.0,0.0,0.0,3.0,3.0,19.0,1.0,2.0,0.0,9.90,9.9
2025,12,PCP,WR,CeeDee Lamb,DAL,PHI,16,0.0,0.0,0.0,0.0,0.0,0.0,0.0,0.0,0.0,11.0,4.0,75.0,0.0,2.0,0.0,9.50,9.5
2025,12,PCP,RB,Devin Neal,NO,ATL,28,0.0,0.0,0.0,0.0,0.0,7.0,18.0,0.0,1.0,7.0,5.0,43.0,0.0,2.0,0.0,9.10,9.1
2025,12,PCP,RB,Tyjae Spears,TEN,SEA,6,0.0,0.0,0.0,0.0,0.0,3.0,4.0,0.0,0.0,5.0,4.0,21.0,0.0,1.0,0.0,3.50,3.5
2025,12,PCP,WR,Romeo Doubs,GB,MIN,7,0.0,0.0,0.0,0.0,0.0,0.0,0.0,0.0,0.0,3.0,2.0,23.0,0.0,1.0,0.0,3.30,3.3
2025,12,PCP,RB,Nick Chubb,HOU,BUF,30,0.0,0.0,0.0,0.0,0.0,6.0,16.0,0.0,1.0,1.0,1.0,-1.0,0.0,0.0,0.0,2.60,2.6
2025,12,PCP,TE,TJ Hockenson,MIN,@GB,10,0.0,0.0,0.0,0.0,0.0,1.0,0.0,0.0,0.0,4.0,4.0,19.0,0.0,0.0,0.0,1.90,1.9
2025,12,PCP,TE,Luke Musgrave,GB,MIN,19,0.0,0.0,0.0,0.0,0.0,0.0,0.0,0.0,0.0,2.0,1.0,7.0,0.0,0.0,0.0,0.70,0.7
2025,12,PCP,QB,Joe Burrow,CIN,NE,13,0.0,0.0,0.0,0.0,0.0,0.0,0.0,0.0,0.0,0.0,0.0,0.0,0.0,0.0,0.0,-,0.0
2025,12,PCP,RB,DJ Giddens,IND,@KC,4,0.0,0.0,0.0,0.0,0.0,0.0,0.0,0.0,0.0,0.0,0.0,0.0,0.0,0.0,0.0,-,0.0
2025,12,PCP,RB,Trey Benson,ARI,JAC,5,0.0,0.0,0.0,0.0,0.0,0.0,0.0,0.0,0.0,0.0,0.0,0.0,0.0,0.0,0.0,-,0.0
2025,12,PCP,RB,Braelon Allen,NYJ,@BAL,18,0.0,0.0,0.0,0.0,0.0,0.0,0.0,0.0,0.0,0.0,0.0,0.0,0.0,0.0,0.0,-,0.0
2025,12,PCP,WR,Garrett Wilson,NYJ,@BAL,24,0.0,0.0,0.0,0.0,0.0,0.0,0.0,0.0,0.0,0.0,0.0,0.0,0.0,0.0,0.0,-,0.0
2025,12,PCP,QB,Dillon Gabriel,CLE,@LV,14,0.0,0.0,0.0,0.0,0.0,0.0,0.0,0.0,0.0,0.0,0.0,0.0,0.0,0.0,0.0,-,0.0
2025,12,PCP,WR,Keon Coleman,BUF,@HOU,3,0.0,0.0,0.0,0.0,0.0,0.0,0.0,0.0,0.0,0.0,0.0,0.0,0.0,0.0,0.0,-,0.0
2025,12,PCP,DST,Patriots,NE,@CIN,26,,,,,,,,,,,,,,,,11.00,11.0
2025,12,PP,RB,Emanuel Wilson,GB,MIN,17,0.0,0.0,0.0,0.0,0.0,28.0,107.0,2.0,9.0,2.0,2.0,18.0,0.0,1.0,0.0,34.50,34.5
2025,12,PP,WR,Rashee Rice,KC,IND,22,0.0,0.0,0.0,0.0,0.0,0.0,0.0,0.0,0.0,12.0,8.0,141.0,0.0,6.0,0.0,22.10,22.1
2025,12,PP,QB,Kirk Cousins,ATL,@NO,15,16.0,23.0,199.0,2.0,1.0,2.0,5.0,0.0,1.0,0.0,0.0,0.0,0.0,0.0,0.0,15.46,15.46
2025,12,PP,WR,Jayden Higgins,HOU,BUF,17,0.0,0.0,0.0,0.0,0.0,0.0,0.0,0.0,0.0,9.0,4.0,38.0,1.0,3.0,0.0,12.80,12.8
2025,12,PP,WR,Jauan Jennings,SF,CAR,4,0.0,0.0,0.0,0.0,0.0,0.0,0.0,0.0,0.0,7.0,5.0,41.0,1.0,2.0,0.0,12.10,12.1
2025,12,PP,RB,Zonovan Knight,ARI,JAC,5,0.0,0.0,0.0,0.0,0.0,10.0,12.0,1.0,1.0,5.0,4.0,20.0,0.0,1.0,0.0,11.20,11.2
2025,12,PP,TE,Travis Kelce,KC,IND,28,0.0,0.0,0.0,0.0,0.0,1.0,1.0,0.0,0.0,6.0,4.0,43.0,0.0,2.0,0.0,6.40,6.4
2025,12,PP,WR,Stefon Diggs,NE,@CIN,12,0.0,0.0,0.0,0.0,0.0,0.0,0.0,0.0,0.0,3.0,2.0,20.0,0.0,1.0,0.0,3.00,3.0
2025,12,PP,QB,JJ McCarthy,MIN,@GB,4,12.0,19.0,87.0,0.0,2.0,2.0,10.0,0.0,1.0,0.0,0.0,0.0,0.0,0.0,0.0,1.48,1.48
2025,12,PP,TE,Isaiah Likely,BAL,NYJ,17,0.0,0.0,0.0,0.0,0.0,0.0,0.0,0.0,0.0,3.0,1.0,10.0,0.0,0.0,0.0,1.00,1.0
2025,12,PP,QB,Jalen Milroe,SEA,@TEN,21,0.0,0.0,0.0,0.0,0.0,0.0,0.0,0.0,0.0,0.0,0.0,0.0,0.0,0.0,0.0,-,0.0
2025,12,PP,RB,De'Von Achane,MIA,BYE,---,0.0,0.0,0.0,0.0,0.0,0.0,0.0,0.0,0.0,0.0,0.0,0.0,0.0,0.0,0.0,-,0.0
2025,12,PP,QB,Justin Herbert,LAC,BYE,---,0.0,0.0,0.0,0.0,0.0,0.0,0.0,0.0,0.0,0.0,0.0,0.0,0.0,0.0,0.0,-,0.0
2025,12,PP,RB,Omarion Hampton,LAC,BYE,---,0.0,0.0,0.0,0.0,0.0,0.0,0.0,0.0,0.0,0.0,0.0,0.0,0.0,0.0,0.0,-,0.0
2025,12,PP,RB,Jaydon Blue,DAL,PHI,19,0.0,0.0,0.0,0.0,0.0,0.0,0.0,0.0,0.0,0.0,0.0,0.0,0.0,0.0,0.0,-,0.0
2025,12,PP,RB,MarShawn Lloyd,GB,MIN,17,0.0,0.0,0.0,0.0,0.0,0.0,0.0,0.0,0.0,0.0,0.0,0.0,0.0,0.0,0.0,-,0.0
2025,12,PP,RB,Josh Jacobs,GB,MIN,17,0.0,0.0,0.0,0.0,0.0,0.0,0.0,0.0,0.0,0.0,0.0,0.0,0.0,0.0,0.0,-,0.0
2025,12,PP,WR,Calvin Ridley,TEN,SEA,10,0.0,0.0,0.0,0.0,0.0,0.0,0.0,0.0,0.0,0.0,0.0,0.0,0.0,0.0,0.0,-,0.0
2025,12,PP,TE,Tucker Kraft,GB,MIN,19,0.0,0.0,0.0,0.0,0.0,0.0,0.0,0.0,0.0,0.0,0.0,0.0,0.0,0.0,0.0,-,0.0
2025,12,PP,WR,Jordan Addison,MIN,@GB,9,0.0,0.0,0.0,0.0,0.0,0.0,0.0,0.0,0.0,1.0,0.0,0.0,0.0,0.0,0.0,0.00,0.0
2025,12,PP,WR,Courtland Sutton,DEN,BYE,---,0.0,0.0,0.0,0.0,0.0,0.0,0.0,0.0,0.0,0.0,0.0,0.0,0.0,0.0,0.0,-,0.0
2025,12,PP,WR,Tyreek Hill Dead Cap,MIA,0,0,0.0,0.0,0.0,0.0,0.0,0.0,0.0,0.0,0.0,0.0,0.0,0.0,0.0,0.0,0.0,-,0.0
2025,12,PP,DST,Falcons,ATL,@NO,32,,,,,,,,,,,,,,,,19.00,19.0
2025,12,RR,RB,Christian McCaffrey,SF,CAR,24,0.0,0.0,0.0,0.0,0.0,24.0,89.0,1.0,5.0,7.0,7.0,53.0,0.0,4.0,0.0,29.20,29.2
2025,12,RR,RB,Kareem Hunt,KC,IND,13,0.0,0.0,0.0,0.0,0.0,30.0,104.0,1.0,10.0,3.0,3.0,26.0,0.0,1.0,1.0,28.00,28.0
2025,12,RR,WR,George Pickens,DAL,PHI,16,0.0,0.0,0.0,0.0,0.0,0.0,0.0,0.0,0.0,9.0,9.0,146.0,1.0,7.0,0.0,27.60,27.6
2025,12,RR,WR,Davante Adams,LAR,TB,23,0.0,0.0,0.0,0.0,0.0,0.0,0.0,0.0,0.0,8.0,5.0,62.0,2.0,5.0,0.0,23.20,23.2
2025,12,RR,RB,Kenneth Walker,SEA,@TEN,25,0.0,0.0,0.0,0.0,0.0,11.0,71.0,0.0,4.0,4.0,3.0,30.0,0.0,1.0,0.0,15.10,15.1
2025,12,RR,RB,Breece Hall,NYJ,@BAL,18,0.0,0.0,0.0,0.0,0.0,16.0,44.0,0.0,3.0,4.0,4.0,75.0,0.0,2.0,1.0,14.90,14.9
2025,12,RR,QB,Tyrod Taylor,NYJ,@BAL,17,17.0,28.0,222.0,1.0,1.0,5.0,19.0,0.0,2.0,0.0,0.0,0.0,0.0,0.0,0.0,14.78,14.78
2025,12,RR,RB,Woody Marks,HOU,BUF,30,0.0,0.0,0.0,0.0,0.0,16.0,74.0,0.0,5.0,1.0,1.0,-5.0,0.0,0.0,0.0,12.40,12.4
2025,12,RR,QB,Tyler Shough,NO,ATL,12,30.0,43.0,243.0,0.0,1.0,7.0,22.0,0.0,2.0,0.0,0.0,0.0,0.0,0.0,1.0,9.92,9.92
2025,12,RR,WR,Justin Jefferson,MIN,@GB,9,0.0,0.0,0.0,0.0,0.0,0.0,0.0,0.0,0.0,6.0,4.0,48.0,0.0,2.0,0.0,6.80,6.8
2025,12,RR,TE,Tyler Warren,IND,@KC,9,0.0,0.0,0.0,0.0,0.0,0.0,0.0,0.0,0.0,7.0,5.0,45.0,0.0,2.0,0.0,6.50,6.5
2025,12,RR,QB,Baker Mayfield,TB,@LAR,6,9.0,19.0,41.0,1.0,2.0,4.0,19.0,0.0,2.0,0.0,0.0,0.0,0.0,0.0,0.0,5.54,5.54
2025,12,RR,TE,Kyle Pitts,ATL,@NO,21,0.0,0.0,0.0,0.0,0.0,0.0,0.0,0.0,0.0,5.0,2.0,25.0,0.0,1.0,0.0,3.50,3.5
2025,12,RR,WR,Darius Slayton,NYG,@DET,26,0.0,0.0,0.0,0.0,0.0,0.0,0.0,0.0,0.0,2.0,1.0,23.0,0.0,1.0,0.0,3.30,3.3
2025,12,RR,WR,Cedric Tillman,CLE,@LV,25,0.0,0.0,0.0,0.0,0.0,0.0,0.0,0.0,0.0,3.0,1.0,5.0,0.0,0.0,0.0,0.50,0.5
2025,12,RR,RB,Kaleb Johnson,PIT,@CHI,21,0.0,0.0,0.0,0.0,0.0,0.0,0.0,0.0,0.0,0.0,0.0,0.0,0.0,0.0,0.0,-,0.0
2025,12,RR,QB,Michael Penix,ATL,@NO,15,0.0,0.0,0.0,0.0,0.0,0.0,0.0,0.0,0.0,0.0,0.0,0.0,0.0,0.0,0.0,-,0.0
2025,12,RR,WR,Jalen McMillan,TB,@LAR,13,0.0,0.0,0.0,0.0,0.0,0.0,0.0,0.0,0.0,0.0,0.0,0.0,0.0,0.0,0.0,-,0.0
2025,12,RR,QB,Tua Tagovailoa,MIA,BYE,---,0.0,0.0,0.0,0.0,0.0,0.0,0.0,0.0,0.0,0.0,0.0,0.0,0.0,0.0,0.0,-,0.0
2025,12,RR,QB,Marcus Mariota,WAS,BYE,---,0.0,0.0,0.0,0.0,0.0,0.0,0.0,0.0,0.0,0.0,0.0,0.0,0.0,0.0,0.0,-,0.0
2025,12,RR,DST,Packers,GB,MIN,31,,,,,,,,,,,,,,,,19.00,19.0
2025,12,SBS,WR,Wan'Dale Robinson,NYG,@DET,26,0.0,0.0,0.0,0.0,0.0,1.0,0.0,0.0,0.0,14.0,9.0,156.0,1.0,6.0,0.0,27.60,27.6
2025,12,SBS,RB,Dylan Sampson,CLE,@LV,15,0.0,0.0,0.0,0.0,0.0,7.0,23.0,0.0,1.0,3.0,2.0,59.0,1.0,1.0,0.0,16.20,16.2
2025,12,SBS,RB,Kyle Monangai,CHI,PIT,11,0.0,0.0,0.0,0.0,0.0,12.0,48.0,1.0,4.0,0.0,0.0,0.0,0.0,0.0,0.0,14.80,14.8
2025,12,SBS,QB,Davis Mills,HOU,BUF,7,16.0,30.0,153.0,2.0,0.0,2.0,4.0,0.0,0.0,0.0,0.0,0.0,0.0,0.0,0.0,14.52,14.52
2025,12,SBS,WR,Christian Kirk,HOU,BUF,17,0.0,0.0,0.0,0.0,0.0,0.0,0.0,0.0,0.0,6.0,5.0,54.0,1.0,2.0,0.0,13.40,13.4
2025,12,SBS,RB,TreVeyon Henderson,NE,@CIN,32,0.0,0.0,0.0,0.0,0.0,18.0,66.0,0.0,4.0,4.0,3.0,15.0,0.0,0.0,0.0,12.10,12.1
2025,12,SBS,RB,Jonathan Taylor,IND,@KC,4,0.0,0.0,0.0,0.0,0.0,16.0,58.0,0.0,2.0,3.0,2.0,8.0,0.0,0.0,0.0,8.60,8.6
2025,12,SBS,WR,Christian Watson,GB,MIN,7,0.0,0.0,0.0,0.0,0.0,0.0,0.0,0.0,0.0,7.0,5.0,49.0,0.0,3.0,0.0,7.90,7.9
2025,12,SBS,QB,Lamar Jackson,BAL,NYJ,20,13.0,23.0,153.0,0.0,0.0,7.0,11.0,0.0,0.0,0.0,0.0,0.0,0.0,0.0,0.0,7.22,7.22
2025,12,SBS,RB,Chuba Hubbard,CAR,@SF,12,0.0,0.0,0.0,0.0,0.0,3.0,16.0,0.0,0.0,4.0,4.0,27.0,0.0,2.0,0.0,6.30,6.3
2025,12,SBS,RB,David Montgomery,DET,NYG,31,0.0,0.0,0.0,0.0,0.0,5.0,18.0,0.0,2.0,3.0,3.0,19.0,0.0,0.0,0.0,5.70,5.7
2025,12,SBS,WR,Alec Pierce,IND,@KC,5,0.0,0.0,0.0,0.0,0.0,0.0,0.0,0.0,0.0,2.0,1.0,26.0,0.0,1.0,0.0,3.60,3.6
2025,12,SBS,TE,Mason Taylor,NYJ,@BAL,8,0.0,0.0,0.0,0.0,0.0,0.0,0.0,0.0,0.0,5.0,3.0,21.0,0.0,0.0,0.0,2.10,2.1
2025,12,SBS,WR,Jaylin Noel,HOU,BUF,17,0.0,0.0,0.0,0.0,0.0,1.0,5.0,0.0,0.0,2.0,1.0,4.0,0.0,0.0,0.0,0.90,0.9
2025,12,SBS,WR,Troy Franklin,DEN,BYE,---,0.0,0.0,0.0,0.0,0.0,0.0,0.0,0.0,0.0,0.0,0.0,0.0,0.0,0.0,0.0,-,0.0
2025,12,SBS,WR,Deebo Samuel,WAS,BYE,---,0.0,0.0,0.0,0.0,0.0,0.0,0.0,0.0,0.0,0.0,0.0,0.0,0.0,0.0,0.0,-,0.0
2025,12,SBS,QB,Jayden Daniels,WAS,BYE,---,0.0,0.0,0.0,0.0,0.0,0.0,0.0,0.0,0.0,0.0,0.0,0.0,0.0,0.0,0.0,-,0.0
2025,12,SBS,TE,Zach Ertz,WAS,BYE,---,0.0,0.0,0.0,0.0,0.0,0.0,0.0,0.0,0.0,0.0,0.0,0.0,0.0,0.0,0.0,-,0.0
2025,12,SBS,DST,Lions,DET,NYG,19,,,,,,,,,,,,,,,,5.00,5.0
2025,13,ABT,QB,Bryce Young,CAR,LAR,10,15.0,20.0,206.0,3.0,0.0,5.0,23.0,0.0,1.0,0.0,0.0,0.0,0.0,0.0,0.0,23.54,23.54
2025,13,ABT,QB,Dak Prescott,DAL,KC,18,27.0,39.0,320.0,2.0,1.0,3.0,-2.0,0.0,0.0,0.0,0.0,0.0,0.0,0.0,0.0,20.80,20.8
2025,13,ABT,RB,Chase Brown,CIN,@BAL,18,0.0,0.0,0.0,0.0,0.0,15.0,78.0,0.0,4.0,7.0,7.0,35.0,0.0,1.0,0.0,16.30,16.3
2025,13,ABT,RB,Tyler Allgeier,ATL,@NYJ,27,0.0,0.0,0.0,0.0,0.0,8.0,20.0,1.0,2.0,2.0,2.0,35.0,0.0,1.0,0.0,14.50,14.5
2025,13,ABT,WR,Chris Olave,NO,@MIA,8,0.0,0.0,0.0,0.0,0.0,0.0,0.0,0.0,0.0,7.0,4.0,47.0,1.0,3.0,0.0,13.70,13.7
2025,13,ABT,TE,Brenton Strange,JAC,@TEN,8,0.0,0.0,0.0,0.0,0.0,0.0,0.0,0.0,0.0,4.0,3.0,45.0,1.0,3.0,0.0,13.50,13.5
2025,13,ABT,QB,Caleb Williams,CHI,@PHI,17,17.0,36.0,154.0,1.0,1.0,5.0,13.0,0.0,4.0,0.0,0.0,0.0,0.0,0.0,0.0,13.46,13.46
2025,13,ABT,TE,Hunter Henry,NE,NYG,11,0.0,0.0,0.0,0.0,0.0,0.0,0.0,0.0,0.0,6.0,4.0,73.0,0.0,4.0,0.0,11.30,11.3
2025,13,ABT,RB,Keaton Mitchell,BAL,CIN,32,0.0,0.0,0.0,0.0,0.0,2.0,19.0,1.0,1.0,3.0,2.0,12.0,0.0,1.0,0.0,11.10,11.1
2025,13,ABT,WR,Puka Nacua,LAR,@CAR,7,0.0,0.0,0.0,0.0,0.0,0.0,0.0,0.0,0.0,9.0,6.0,72.0,0.0,3.0,0.0,10.20,10.2
2025,13,ABT,RB,Saquon Barkley,PHI,CHI,15,0.0,0.0,0.0,0.0,0.0,13.0,56.0,0.0,1.0,2.0,0.0,0.0,0.0,0.0,0.0,6.60,6.6
2025,13,ABT,WR,Josh Downs,IND,HOU,4,0.0,0.0,0.0,0.0,0.0,0.0,0.0,0.0,0.0,6.0,2.0,44.0,0.0,2.0,0.0,6.40,6.4
2025,13,ABT,WR,DJ Moore,CHI,@PHI,16,0.0,0.0,0.0,0.0,0.0,1.0,10.0,0.0,1.0,5.0,2.0,17.0,0.0,2.0,0.0,5.70,5.7
2025,13,ABT,TE,Colston Loveland,CHI,@PHI,2,0.0,0.0,0.0,0.0,0.0,0.0,0.0,0.0,0.0,6.0,3.0,28.0,0.0,2.0,0.0,4.80,4.8
2025,13,ABT,WR,Tre Tucker,LV,@LAC,1,0.0,0.0,0.0,0.0,0.0,0.0,0.0,0.0,0.0,3.0,3.0,20.0,0.0,1.0,0.0,3.00,3.0
2025,13,ABT,RB,Rachaad White,TB,ARI,25,0.0,0.0,0.0,0.0,0.0,2.0,7.0,0.0,0.0,3.0,3.0,22.0,0.0,0.0,0.0,2.90,2.9
2025,13,ABT,WR,Calvin Austin,PIT,BUF,12,0.0,0.0,0.0,0.0,0.0,0.0,0.0,0.0,0.0,2.0,0.0,0.0,0.0,0.0,0.0,0.00,0.0
2025,13,ABT,RB,Jonathon Brooks,CAR,LAR,5,0.0,0.0,0.0,0.0,0.0,0.0,0.0,0.0,0.0,0.0,0.0,0.0,0.0,0.0,0.0,-,0.0
2025,13,ABT,WR,Roman Wilson,PIT,BUF,12,0.0,0.0,0.0,0.0,0.0,0.0,0.0,0.0,0.0,1.0,0.0,0.0,0.0,0.0,0.0,0.00,0.0
2025,13,ABT,DST,Rams,LAR,@CAR,23,,,,,,,,,,,,,,,,2.00,2.0
2025,13,CLC,QB,Jordan Love,GB,@DET,28,18.0,30.0,234.0,4.0,0.0,5.0,4.0,0.0,0.0,0.0,0.0,0.0,0.0,0.0,0.0,25.76,25.76
2025,13,CLC,WR,Nico Collins,HOU,@IND,24,0.0,0.0,0.0,0.0,0.0,1.0,7.0,1.0,1.0,10.0,5.0,98.0,0.0,5.0,0.0,22.50,22.5
2025,13,CLC,QB,Jacoby Brissett,ARI,@TB,30,29.0,40.0,301.0,2.0,1.0,3.0,16.0,0.0,1.0,0.0,0.0,0.0,0.0,0.0,0.0,20.64,20.64
2025,13,CLC,RB,Javonte Williams,DAL,KC,6,0.0,0.0,0.0,0.0,0.0,17.0,59.0,0.0,1.0,3.0,3.0,21.0,1.0,2.0,0.0,17.00,17.0
2025,13,CLC,QB,Cam Ward,TEN,JAC,24,24.0,38.0,141.0,0.0,0.0,1.0,7.0,0.0,1.0,0.0,0.0,0.0,0.0,0.0,0.0,7.34,7.34
2025,13,CLC,WR,Jaylen Waddle,MIA,NO,11,0.0,0.0,0.0,0.0,0.0,0.0,0.0,0.0,0.0,6.0,3.0,40.0,0.0,3.0,0.0,7.00,7.0
2025,13,CLC,WR,DeVonta Smith,PHI,CHI,28,0.0,0.0,0.0,0.0,0.0,0.0,0.0,0.0,0.0,8.0,5.0,48.0,0.0,2.0,0.0,6.80,6.8
2025,13,CLC,TE,AJ Barner,SEA,MIN,17,0.0,0.0,0.0,0.0,0.0,1.0,2.0,0.0,1.0,5.0,4.0,35.0,0.0,2.0,0.0,6.70,6.7
2025,13,CLC,WR,Ricky Pearsall,SF,@CLE,5,0.0,0.0,0.0,0.0,0.0,0.0,0.0,0.0,0.0,3.0,2.0,14.0,0.0,1.0,0.0,2.40,2.4
2025,13,CLC,WR,Rome Odunze,CHI,@PHI,16,0.0,0.0,0.0,0.0,0.0,0.0,0.0,0.0,0.0,6.0,2.0,8.0,0.0,1.0,0.0,1.80,1.8
2025,13,CLC,RB,Sean Tucker,TB,ARI,25,0.0,0.0,0.0,0.0,0.0,2.0,0.0,0.0,1.0,0.0,0.0,0.0,0.0,0.0,0.0,1.00,1.0
2025,13,CLC,RB,Ollie Gordon,MIA,NO,23,0.0,0.0,0.0,0.0,0.0,3.0,10.0,0.0,0.0,0.0,0.0,0.0,0.0,0.0,0.0,1.00,1.0
2025,13,CLC,RB,Trevor Etienne,CAR,LAR,5,0.0,0.0,0.0,0.0,0.0,0.0,0.0,0.0,0.0,1.0,1.0,4.0,0.0,0.0,0.0,0.40,0.4
2025,13,CLC,TE,Dalton Kincaid,BUF,@PIT,26,0.0,0.0,0.0,0.0,0.0,0.0,0.0,0.0,0.0,0.0,0.0,0.0,0.0,0.0,0.0,-,0.0
2025,13,CLC,TE,Terrance Ferguson,LAR,@CAR,24,0.0,0.0,0.0,0.0,0.0,0.0,0.0,0.0,0.0,2.0,0.0,0.0,0.0,0.0,0.0,0.00,0.0
2025,13,CLC,WR,Ja'Lynn Polk,NO,@MIA,8,0.0,0.0,0.0,0.0,0.0,0.0,0.0,0.0,0.0,0.0,0.0,0.0,0.0,0.0,0.0,-,0.0
2025,13,CLC,RB,Alvin Kamara,NO,@MIA,17,0.0,0.0,0.0,0.0,0.0,0.0,0.0,0.0,0.0,0.0,0.0,0.0,0.0,0.0,0.0,-,0.0
2025,13,CLC,RB,Zack Moss Dead Cap,CIN,0,0,0.0,0.0,0.0,0.0,0.0,0.0,0.0,0.0,0.0,0.0,0.0,0.0,0.0,0.0,0.0,-,0.0
2025,13,CLC,QB,Justin Fields,NYJ,ATL,16,0.0,0.0,0.0,0.0,0.0,0.0,0.0,0.0,0.0,0.0,0.0,0.0,0.0,0.0,0.0,-,0.0
2025,13,CLC,DST,Bears,CHI,@PHI,6,,,,,,,,,,,,,,,,5.00,5.0
2025,13,CPC,RB,James Cook,BUF,@PIT,11,0.0,0.0,0.0,0.0,0.0,32.0,144.0,0.0,6.0,3.0,3.0,33.0,0.0,2.0,1.0,23.70,23.7
2025,13,CPC,QB,Drake Maye,NE,NYG,31,24.0,31.0,282.0,2.0,0.0,6.0,12.0,0.0,3.0,0.0,0.0,0.0,0.0,0.0,0.0,23.48,23.48
2025,13,CPC,RB,Derrick Henry,BAL,CIN,32,0.0,0.0,0.0,0.0,0.0,10.0,60.0,1.0,3.0,1.0,1.0,44.0,0.0,1.0,0.0,20.40,20.4
2025,13,CPC,RB,Quinshon Judkins,CLE,SF,12,0.0,0.0,0.0,0.0,0.0,23.0,91.0,0.0,6.0,3.0,3.0,18.0,0.0,1.0,0.0,19.90,19.9
2025,13,CPC,WR,Jakobi Meyers,JAC,@TEN,27,0.0,0.0,0.0,0.0,0.0,1.0,3.0,0.0,0.0,6.0,6.0,90.0,1.0,4.0,0.0,19.30,19.3
2025,13,CPC,WR,Ja'Marr Chase,CIN,@BAL,23,0.0,0.0,0.0,0.0,0.0,0.0,0.0,0.0,0.0,14.0,7.0,110.0,0.0,5.0,0.0,16.00,16.0
2025,13,CPC,QB,Geno Smith,LV,@LAC,4,18.0,23.0,165.0,2.0,1.0,2.0,-6.0,0.0,0.0,0.0,0.0,0.0,0.0,0.0,0.0,12.60,12.6
2025,13,CPC,WR,Ladd McConkey,LAC,LV,25,0.0,0.0,0.0,0.0,0.0,0.0,0.0,0.0,0.0,6.0,4.0,39.0,1.0,2.0,0.0,11.90,11.9
2025,13,CPC,TE,George Kittle,SF,@CLE,18,0.0,0.0,0.0,0.0,0.0,0.0,0.0,0.0,0.0,5.0,4.0,67.0,0.0,3.0,0.0,9.70,9.7
2025,13,CPC,RB,Tony Pollard,TEN,JAC,3,0.0,0.0,0.0,0.0,0.0,10.0,60.0,0.0,4.0,2.0,1.0,3.0,0.0,0.0,1.0,8.30,8.3
2025,13,CPC,RB,Jordan Mason,MIN,@SEA,4,0.0,0.0,0.0,0.0,0.0,6.0,47.0,0.0,2.0,1.0,1.0,1.0,0.0,0.0,0.0,6.80,6.8
2025,13,CPC,TE,Oronde Gadsden,LAC,LV,4,0.0,0.0,0.0,0.0,0.0,0.0,0.0,0.0,0.0,2.0,1.0,27.0,0.0,1.0,0.0,3.70,3.7
2025,13,CPC,RB,Brian Robinson,SF,@CLE,9,0.0,0.0,0.0,0.0,0.0,8.0,26.0,0.0,1.0,0.0,0.0,0.0,0.0,0.0,0.0,3.60,3.6
2025,13,CPC,QB,Sam Darnold,SEA,MIN,9,14.0,26.0,128.0,0.0,0.0,0.0,0.0,0.0,0.0,0.0,0.0,0.0,0.0,0.0,1.0,3.12,3.12
2025,13,CPC,WR,Matthew Golden,GB,@DET,31,0.0,0.0,0.0,0.0,0.0,0.0,0.0,0.0,0.0,0.0,0.0,0.0,0.0,0.0,0.0,-,0.0
2025,13,CPC,RB,JK Dobbins,DEN,@WAS,30,0.0,0.0,0.0,0.0,0.0,0.0,0.0,0.0,0.0,0.0,0.0,0.0,0.0,0.0,0.0,-,0.0
2025,13,CPC,WR,Tee Higgins,CIN,@BAL,23,0.0,0.0,0.0,0.0,0.0,0.0,0.0,0.0,0.0,0.0,0.0,0.0,0.0,0.0,0.0,-,0.0
2025,13,CPC,TE,Ja'Tavion Sanders,CAR,LAR,14,0.0,0.0,0.0,0.0,0.0,0.0,0.0,0.0,0.0,0.0,0.0,0.0,0.0,0.0,0.0,0.00,0.0
2025,13,CPC,WR,Dontayvion Wicks Dead Cap,GB,0,0,0.0,0.0,0.0,0.0,0.0,0.0,0.0,0.0,0.0,0.0,0.0,0.0,0.0,0.0,0.0,-,0.0
2025,13,CPC,WR,Jalen Royals,KC,@DAL,32,0.0,0.0,0.0,0.0,0.0,0.0,0.0,0.0,0.0,0.0,0.0,0.0,0.0,0.0,0.0,-,0.0
2025,13,CPC,DST,Texans,HOU,@IND,2,,,,,,,,,,,,,,,,4.00,4.0
2025,13,DDD,RB,Kimani Vidal,LAC,LV,22,0.0,0.0,0.0,0.0,0.0,25.0,126.0,1.0,5.0,1.0,1.0,11.0,0.0,1.0,0.0,25.70,25.7
2025,13,DDD,QB,Jared Goff,DET,GB,5,20.0,26.0,256.0,2.0,0.0,1.0,24.0,0.0,1.0,0.0,0.0,0.0,0.0,0.0,0.0,21.64,21.64
2025,13,DDD,QB,Brock Purdy,SF,@CLE,3,16.0,29.0,168.0,1.0,0.0,2.0,4.0,1.0,1.0,0.0,0.0,0.0,0.0,0.0,0.0,18.12,18.12
2025,13,DDD,RB,Bucky Irving,TB,ARI,25,0.0,0.0,0.0,0.0,0.0,17.0,61.0,1.0,3.0,2.0,2.0,20.0,0.0,1.0,0.0,18.10,18.1
2025,13,DDD,RB,Jahmyr Gibbs,DET,GB,10,0.0,0.0,0.0,0.0,0.0,20.0,68.0,0.0,3.0,4.0,3.0,18.0,0.0,1.0,0.0,12.60,12.6
2025,13,DDD,WR,Quentin Johnston,LAC,LV,25,0.0,0.0,0.0,0.0,0.0,0.0,0.0,0.0,0.0,3.0,3.0,23.0,1.0,2.0,0.0,10.30,10.3
2025,13,DDD,RB,Kenneth Gainwell,PIT,BUF,29,0.0,0.0,0.0,0.0,0.0,5.0,20.0,0.0,1.0,3.0,2.0,25.0,0.0,1.0,0.0,6.50,6.5
2025,13,DDD,WR,Keenan Allen,LAC,LV,25,0.0,0.0,0.0,0.0,0.0,0.0,0.0,0.0,0.0,5.0,4.0,30.0,0.0,3.0,0.0,6.00,6.0
2025,13,DDD,WR,Emeka Egbuka,TB,ARI,15,0.0,0.0,0.0,0.0,0.0,0.0,0.0,0.0,0.0,8.0,4.0,42.0,0.0,1.0,0.0,5.20,5.2
2025,13,DDD,TE,Theo Johnson,NYG,@NE,19,0.0,0.0,0.0,0.0,0.0,0.0,0.0,0.0,0.0,8.0,3.0,29.0,0.0,1.0,0.0,3.90,3.9
2025,13,DDD,WR,Parker Washington,JAC,@TEN,27,0.0,0.0,0.0,0.0,0.0,0.0,0.0,0.0,0.0,3.0,1.0,26.0,0.0,1.0,0.0,3.60,3.6
2025,13,DDD,QB,Mac Jones,SF,@CLE,3,0.0,0.0,0.0,0.0,0.0,2.0,2.0,0.0,1.0,0.0,0.0,0.0,0.0,0.0,0.0,1.20,1.2
2025,13,DDD,WR,Elic Ayomanor,TEN,JAC,18,0.0,0.0,0.0,0.0,0.0,0.0,0.0,0.0,0.0,5.0,1.0,5.0,0.0,0.0,0.0,0.50,0.5
2025,13,DDD,WR,Tez Johnson,TB,ARI,15,0.0,0.0,0.0,0.0,0.0,0.0,0.0,0.0,0.0,2.0,1.0,5.0,0.0,0.0,0.0,0.50,0.5
2025,13,DDD,TE,Sam LaPorta,DET,GB,7,0.0,0.0,0.0,0.0,0.0,0.0,0.0,0.0,0.0,0.0,0.0,0.0,0.0,0.0,0.0,-,0.0
2025,13,DDD,RB,Cam Skattebo,NYG,@NE,1,0.0,0.0,0.0,0.0,0.0,0.0,0.0,0.0,0.0,0.0,0.0,0.0,0.0,0.0,0.0,-,0.0
2025,13,DDD,RB,Kendre Miller,NO,@MIA,17,0.0,0.0,0.0,0.0,0.0,0.0,0.0,0.0,0.0,0.0,0.0,0.0,0.0,0.0,0.0,-,0.0
2025,13,DDD,WR,Malik Nabers,NYG,@NE,19,0.0,0.0,0.0,0.0,0.0,0.0,0.0,0.0,0.0,0.0,0.0,0.0,0.0,0.0,0.0,-,0.0
2025,13,DDD,QB,Deshaun Watson Dead Cap,CLE,0,0,0.0,0.0,0.0,0.0,0.0,0.0,0.0,0.0,0.0,0.0,0.0,0.0,0.0,0.0,0.0,-,0.0
2025,13,DDD,WR,Tank Dell,HOU,@IND,24,0.0,0.0,0.0,0.0,0.0,0.0,0.0,0.0,0.0,0.0,0.0,0.0,0.0,0.0,0.0,-,0.0
2025,13,DDD,WR,Zay Flowers,BAL,CIN,9,0.0,0.0,0.0,0.0,0.0,0.0,0.0,0.0,0.0,7.0,2.0,6.0,0.0,0.0,1.0,-1.40,-1.4
2025,13,DDD,DST,Seahawks,SEA,MIN,31,,,,,,,,,,,,,,,,32.00,32.0
2025,13,LBC,RB,RJ Harvey,DEN,@WAS,30,0.0,0.0,0.0,0.0,0.0,13.0,35.0,2.0,3.0,4.0,3.0,27.0,0.0,2.0,0.0,23.20,23.2
2025,13,LBC,TE,Brock Bowers,LV,@LAC,9,0.0,0.0,0.0,0.0,0.0,0.0,0.0,0.0,0.0,4.0,4.0,63.0,2.0,4.0,0.0,22.30,22.3
2025,13,LBC,QB,Bo Nix,DEN,@WAS,29,29.0,45.0,321.0,1.0,1.0,2.0,16.0,0.0,1.0,0.0,0.0,0.0,0.0,0.0,0.0,17.44,17.44
2025,13,LBC,WR,Jalen Coker,CAR,LAR,17,0.0,0.0,0.0,0.0,0.0,0.0,0.0,0.0,0.0,6.0,4.0,74.0,1.0,4.0,0.0,17.40,17.4
2025,13,LBC,TE,Trey McBride,ARI,@TB,15,0.0,0.0,0.0,0.0,0.0,0.0,0.0,0.0,0.0,9.0,8.0,82.0,1.0,3.0,0.0,17.20,17.2
2025,13,LBC,RB,Kyren Williams,LAR,@CAR,26,0.0,0.0,0.0,0.0,0.0,13.0,72.0,1.0,4.0,1.0,0.0,0.0,0.0,0.0,0.0,17.20,17.2
2025,13,LBC,TE,Evan Engram,DEN,@WAS,27,0.0,0.0,0.0,0.0,0.0,0.0,0.0,0.0,0.0,9.0,6.0,79.0,0.0,3.0,0.0,10.90,10.9
2025,13,LBC,WR,Kyle Williams,NE,NYG,29,0.0,0.0,0.0,0.0,0.0,0.0,0.0,0.0,0.0,1.0,1.0,33.0,1.0,1.0,0.0,10.30,10.3
2025,13,LBC,RB,Rhamondre Stevenson,NE,NYG,31,0.0,0.0,0.0,0.0,0.0,12.0,40.0,0.0,1.0,3.0,3.0,40.0,0.0,1.0,0.0,10.00,10.0
2025,13,LBC,QB,CJ Stroud,HOU,@IND,12,22.0,35.0,276.0,0.0,1.0,1.0,0.0,0.0,0.0,0.0,0.0,0.0,0.0,0.0,0.0,9.04,9.04
2025,13,LBC,RB,Travis Etienne,JAC,@TEN,20,0.0,0.0,0.0,0.0,0.0,12.0,28.0,0.0,1.0,1.0,1.0,13.0,0.0,1.0,0.0,6.10,6.1
2025,13,LBC,WR,Jaxon Smith-Njigba,SEA,MIN,3,0.0,0.0,0.0,0.0,0.0,0.0,0.0,0.0,0.0,4.0,2.0,23.0,0.0,2.0,0.0,4.30,4.3
2025,13,LBC,WR,Jack Bech,LV,@LAC,1,0.0,0.0,0.0,0.0,0.0,0.0,0.0,0.0,0.0,3.0,2.0,22.0,0.0,2.0,0.0,4.20,4.2
2025,13,LBC,WR,Jerry Jeudy,CLE,SF,21,0.0,0.0,0.0,0.0,0.0,0.0,0.0,0.0,0.0,4.0,3.0,26.0,0.0,1.0,0.0,3.60,3.6
2025,13,LBC,RB,Isiah Pacheco,KC,@DAL,21,0.0,0.0,0.0,0.0,0.0,3.0,16.0,0.0,0.0,2.0,2.0,17.0,0.0,0.0,0.0,3.30,3.3
2025,13,LBC,QB,Aaron Rodgers,PIT,BUF,2,10.0,21.0,117.0,0.0,0.0,1.0,0.0,0.0,0.0,0.0,0.0,0.0,0.0,0.0,1.0,2.68,2.68
2025,13,LBC,WR,Michael Pittman,IND,HOU,4,0.0,0.0,0.0,0.0,0.0,0.0,0.0,0.0,0.0,4.0,1.0,13.0,0.0,1.0,0.0,2.30,2.3
2025,13,LBC,WR,Michael Wilson Dead Cap,ARI,0,0,0.0,0.0,0.0,0.0,0.0,0.0,0.0,0.0,0.0,0.0,0.0,0.0,0.0,0.0,0.0,-,0.0
2025,13,LBC,WR,Drake London,ATL,@NYJ,14,0.0,0.0,0.0,0.0,0.0,0.0,0.0,0.0,0.0,0.0,0.0,0.0,0.0,0.0,0.0,-,0.0
2025,13,LBC,WR,Brandon Aiyuk,SF,@CLE,5,0.0,0.0,0.0,0.0,0.0,0.0,0.0,0.0,0.0,0.0,0.0,0.0,0.0,0.0,0.0,-,0.0
2025,13,LBC,DST,Broncos,DEN,@WAS,14,,,,,,,,,,,,,,,,4.00,4.0
2025,13,LC,QB,Patrick Mahomes,KC,@DAL,32,23.0,34.0,261.0,4.0,0.0,3.0,30.0,0.0,3.0,0.0,0.0,0.0,0.0,0.0,0.0,32.44,32.44
2025,13,LC,QB,Jalen Hurts,PHI,CHI,23,19.0,34.0,230.0,2.0,1.0,4.0,31.0,0.0,1.0,0.0,0.0,0.0,0.0,0.0,1.0,17.30,17.3
2025,13,LC,RB,Zach Charbonnet,SEA,MIN,19,0.0,0.0,0.0,0.0,0.0,14.0,52.0,1.0,4.0,0.0,0.0,0.0,0.0,0.0,0.0,15.20,15.2
2025,13,LC,RB,Jaylen Warren,PIT,BUF,29,0.0,0.0,0.0,0.0,0.0,10.0,35.0,1.0,4.0,4.0,2.0,9.0,0.0,0.0,0.0,14.40,14.4
2025,13,LC,WR,Kayshon Boutte,NE,NYG,29,0.0,0.0,0.0,0.0,0.0,0.0,0.0,0.0,0.0,5.0,4.0,35.0,1.0,2.0,0.0,11.50,11.5
2025,13,LC,WR,Xavier Worthy,KC,@DAL,32,0.0,0.0,0.0,0.0,0.0,2.0,13.0,0.0,1.0,6.0,4.0,61.0,0.0,1.0,0.0,9.40,9.4
2025,13,LC,TE,Dalton Schultz,HOU,@IND,30,0.0,0.0,0.0,0.0,0.0,0.0,0.0,0.0,0.0,8.0,7.0,55.0,0.0,2.0,0.0,7.50,7.5
2025,13,LC,TE,Jake Ferguson,DAL,KC,6,0.0,0.0,0.0,0.0,0.0,0.0,0.0,0.0,0.0,6.0,5.0,36.0,0.0,2.0,0.0,5.60,5.6
2025,13,LC,WR,DK Metcalf,PIT,BUF,12,0.0,0.0,0.0,0.0,0.0,0.0,0.0,0.0,0.0,5.0,3.0,32.0,0.0,2.0,0.0,5.20,5.2
2025,13,LC,WR,Luther Burden,CHI,@PHI,16,0.0,0.0,0.0,0.0,0.0,1.0,3.0,0.0,0.0,6.0,4.0,33.0,0.0,1.0,0.0,4.60,4.6
2025,13,LC,WR,DeAndre Hopkins,BAL,CIN,9,0.0,0.0,0.0,0.0,0.0,0.0,0.0,0.0,0.0,3.0,2.0,25.0,0.0,1.0,0.0,3.50,3.5
2025,13,LC,RB,Jerome Ford,CLE,SF,12,0.0,0.0,0.0,0.0,0.0,0.0,0.0,0.0,0.0,3.0,3.0,17.0,0.0,1.0,0.0,2.70,2.7
2025,13,LC,WR,Rashid Shaheed,SEA,MIN,3,0.0,0.0,0.0,0.0,0.0,1.0,9.0,0.0,0.0,3.0,1.0,7.0,0.0,0.0,0.0,1.60,1.6
2025,13,LC,WR,Xavier Legette,CAR,LAR,17,0.0,0.0,0.0,0.0,0.0,0.0,0.0,0.0,0.0,2.0,1.0,1.0,0.0,0.0,0.0,0.10,0.1
2025,13,LC,RB,Joe Mixon,HOU,@IND,13,0.0,0.0,0.0,0.0,0.0,0.0,0.0,0.0,0.0,0.0,0.0,0.0,0.0,0.0,0.0,-,0.0
2025,13,LC,WR,Luke McCaffrey,WAS,DEN,2,0.0,0.0,0.0,0.0,0.0,0.0,0.0,0.0,0.0,0.0,0.0,0.0,0.0,0.0,0.0,-,0.0
2025,13,LC,WR,Travis Hunter,JAC,@TEN,27,0.0,0.0,0.0,0.0,0.0,0.0,0.0,0.0,0.0,0.0,0.0,0.0,0.0,0.0,0.0,-,0.0
2025,13,LC,WR,Tory Horton,SEA,MIN,3,0.0,0.0,0.0,0.0,0.0,0.0,0.0,0.0,0.0,0.0,0.0,0.0,0.0,0.0,0.0,-,0.0
2025,13,LC,RB,James Conner,ARI,@TB,16,0.0,0.0,0.0,0.0,0.0,0.0,0.0,0.0,0.0,0.0,0.0,0.0,0.0,0.0,0.0,-,0.0
2025,13,LC,DST,49ers,SF,@CLE,27,,,,,,,,,,,,,,,,15.00,15.0
2025,13,MB,RB,Bijan Robinson,ATL,@NYJ,27,0.0,0.0,0.0,0.0,0.0,23.0,142.0,1.0,9.0,7.0,5.0,51.0,0.0,1.0,0.0,35.30,35.3
2025,13,MB,QB,Jaxson Dart,NYG,@NE,15,17.0,24.0,139.0,1.0,0.0,4.0,20.0,0.0,2.0,0.0,0.0,0.0,0.0,0.0,0.0,15.56,15.56
2025,13,MB,QB,Matthew Stafford,LAR,@CAR,7,18.0,28.0,243.0,2.0,2.0,1.0,-1.0,0.0,0.0,0.0,0.0,0.0,0.0,0.0,1.0,11.72,11.72
2025,13,MB,WR,Marvin Harrison,ARI,@TB,22,0.0,0.0,0.0,0.0,0.0,0.0,0.0,0.0,0.0,7.0,6.0,69.0,0.0,4.0,0.0,10.90,10.9
2025,13,MB,RB,Ray Davis,BUF,@PIT,11,0.0,0.0,0.0,0.0,0.0,9.0,62.0,0.0,4.0,0.0,0.0,0.0,0.0,0.0,0.0,10.20,10.2
2025,13,MB,TE,Mark Andrews,BAL,CIN,32,0.0,0.0,0.0,0.0,0.0,0.0,0.0,0.0,0.0,6.0,4.0,47.0,0.0,2.0,0.0,6.70,6.7
2025,13,MB,RB,Tyrone Tracy,NYG,@NE,1,0.0,0.0,0.0,0.0,0.0,10.0,36.0,0.0,3.0,1.0,1.0,-3.0,0.0,0.0,0.0,6.60,6.6
2025,13,MB,TE,Juwan Johnson,NO,@MIA,29,0.0,0.0,0.0,0.0,0.0,0.0,0.0,0.0,0.0,9.0,5.0,39.0,0.0,2.0,0.0,5.90,5.9
2025,13,MB,WR,Tre Harris,LAC,LV,25,0.0,0.0,0.0,0.0,0.0,0.0,0.0,0.0,0.0,4.0,3.0,30.0,0.0,2.0,0.0,5.00,5.0
2025,13,MB,WR,Cooper Kupp,SEA,MIN,3,0.0,0.0,0.0,0.0,0.0,0.0,0.0,0.0,0.0,4.0,3.0,24.0,0.0,1.0,0.0,3.40,3.4
2025,13,MB,RB,Jacory Croskey-Merritt,WAS,DEN,7,0.0,0.0,0.0,0.0,0.0,4.0,20.0,0.0,1.0,0.0,0.0,0.0,0.0,0.0,0.0,3.00,3.0
2025,13,MB,RB,Aaron Jones,MIN,@SEA,4,0.0,0.0,0.0,0.0,0.0,6.0,3.0,0.0,0.0,4.0,4.0,22.0,0.0,1.0,1.0,1.50,1.5
2025,13,MB,QB,Kyler Murray,ARI,@TB,30,0.0,0.0,0.0,0.0,0.0,0.0,0.0,0.0,0.0,0.0,0.0,0.0,0.0,0.0,0.0,-,0.0
2025,13,MB,RB,Jarquez Hunter,LAR,@CAR,26,0.0,0.0,0.0,0.0,0.0,0.0,0.0,0.0,0.0,0.0,0.0,0.0,0.0,0.0,0.0,-,0.0
2025,13,MB,RB,Isaac Guerendo,SF,@CLE,9,0.0,0.0,0.0,0.0,0.0,0.0,0.0,0.0,0.0,0.0,0.0,0.0,0.0,0.0,0.0,0.00,0.0
2025,13,MB,WR,Amon-Ra St Brown,DET,GB,13,0.0,0.0,0.0,0.0,0.0,0.0,0.0,0.0,0.0,1.0,0.0,0.0,0.0,0.0,0.0,0.00,0.0
2025,13,MB,WR,Josh Palmer,BUF,@PIT,26,0.0,0.0,0.0,0.0,0.0,0.0,0.0,0.0,0.0,0.0,0.0,0.0,0.0,0.0,0.0,-,0.0
2025,13,MB,WR,Kendrick Bourne,SF,@CLE,5,0.0,0.0,0.0,0.0,0.0,0.0,0.0,0.0,0.0,1.0,0.0,0.0,0.0,0.0,0.0,0.00,0.0
2025,13,MB,QB,Joe Flacco,CIN,@BAL,19,0.0,0.0,0.0,0.0,0.0,0.0,0.0,0.0,0.0,0.0,0.0,0.0,0.0,0.0,0.0,-,0.0
2025,13,MB,DST,Chiefs,KC,@DAL,5,,,,,,,,,,,,,,,,1.00,1.0
2025,13,NBB,RB,D'Andre Swift,CHI,@PHI,28,0.0,0.0,0.0,0.0,0.0,18.0,125.0,1.0,6.0,2.0,1.0,13.0,0.0,1.0,0.0,26.80,26.8
2025,13,NBB,WR,Jameson Williams,DET,GB,13,0.0,0.0,0.0,0.0,0.0,1.0,-5.0,0.0,0.0,10.0,7.0,144.0,1.0,6.0,0.0,26.40,26.4
2025,13,NBB,QB,Trevor Lawrence,JAC,@TEN,22,16.0,27.0,229.0,2.0,0.0,3.0,25.0,0.0,1.0,0.0,0.0,0.0,0.0,0.0,0.0,22.66,22.66
2025,13,NBB,WR,Terry McLaurin,WAS,DEN,2,0.0,0.0,0.0,0.0,0.0,0.0,0.0,0.0,0.0,14.0,7.0,96.0,1.0,6.0,0.0,21.60,21.6
2025,13,NBB,QB,Josh Allen,BUF,@PIT,26,15.0,23.0,123.0,1.0,1.0,8.0,38.0,1.0,4.0,0.0,0.0,0.0,0.0,0.0,0.0,20.72,20.72
2025,13,NBB,RB,Blake Corum,LAR,@CAR,26,0.0,0.0,0.0,0.0,0.0,7.0,81.0,1.0,5.0,0.0,0.0,0.0,0.0,0.0,0.0,19.10,19.1
2025,13,NBB,WR,Tetairoa McMillan,CAR,LAR,17,0.0,0.0,0.0,0.0,0.0,0.0,0.0,0.0,0.0,2.0,1.0,43.0,1.0,1.0,0.0,11.30,11.3
2025,13,NBB,WR,Chris Godwin,TB,ARI,15,0.0,0.0,0.0,0.0,0.0,0.0,0.0,0.0,0.0,5.0,3.0,78.0,0.0,3.0,0.0,10.80,10.8
2025,13,NBB,TE,Harold Fannin,CLE,SF,23,0.0,0.0,0.0,0.0,0.0,1.0,0.0,0.0,0.0,5.0,3.0,43.0,1.0,1.0,1.0,9.30,9.3
2025,13,NBB,RB,Bhayshul Tuten,JAC,@TEN,20,0.0,0.0,0.0,0.0,0.0,8.0,17.0,1.0,1.0,1.0,1.0,2.0,0.0,0.0,0.0,8.90,8.9
2025,13,NBB,WR,Brian Thomas,JAC,@TEN,27,0.0,0.0,0.0,0.0,0.0,0.0,0.0,0.0,0.0,3.0,2.0,28.0,0.0,2.0,0.0,4.80,4.8
2025,13,NBB,TE,Dallas Goedert,PHI,CHI,13,0.0,0.0,0.0,0.0,0.0,0.0,0.0,0.0,0.0,4.0,2.0,27.0,0.0,1.0,0.0,3.70,3.7
2025,13,NBB,RB,Will Shipley,PHI,CHI,15,0.0,0.0,0.0,0.0,0.0,0.0,0.0,0.0,0.0,1.0,1.0,11.0,0.0,0.0,0.0,1.10,1.1
2025,13,NBB,WR,Khalil Shakir,BUF,@PIT,26,0.0,0.0,0.0,0.0,0.0,0.0,0.0,0.0,0.0,4.0,1.0,5.0,0.0,0.0,0.0,0.50,0.5
2025,13,NBB,TE,David Njoku,CLE,SF,23,0.0,0.0,0.0,0.0,0.0,0.0,0.0,0.0,0.0,2.0,2.0,4.0,0.0,0.0,0.0,0.40,0.4
2025,13,NBB,WR,Jayden Reed,GB,@DET,31,0.0,0.0,0.0,0.0,0.0,0.0,0.0,0.0,0.0,0.0,0.0,0.0,0.0,0.0,0.0,-,0.0
2025,13,NBB,WR,Mike Evans,TB,ARI,15,0.0,0.0,0.0,0.0,0.0,0.0,0.0,0.0,0.0,0.0,0.0,0.0,0.0,0.0,0.0,-,0.0
2025,13,NBB,RB,Najee Harris,LAC,LV,22,0.0,0.0,0.0,0.0,0.0,0.0,0.0,0.0,0.0,0.0,0.0,0.0,0.0,0.0,0.0,-,0.0
2025,13,NBB,DST,Giants,NYG,@NE,17,,,,,,,,,,,,,,,,2.00,2.0
2025,13,PCP,WR,AJ Brown,PHI,CHI,28,0.0,0.0,0.0,0.0,0.0,0.0,0.0,0.0,0.0,12.0,10.0,132.0,2.0,7.0,0.0,32.20,32.2
2025,13,PCP,WR,CeeDee Lamb,DAL,KC,10,0.0,0.0,0.0,0.0,0.0,0.0,0.0,0.0,0.0,9.0,7.0,112.0,1.0,4.0,0.0,21.20,21.2
2025,13,PCP,QB,Daniel Jones,IND,HOU,1,14.0,27.0,201.0,2.0,0.0,1.0,1.0,0.0,0.0,0.0,0.0,0.0,0.0,0.0,0.0,16.14,16.14
2025,13,PCP,RB,Kenneth Walker,SEA,MIN,19,0.0,0.0,0.0,0.0,0.0,13.0,56.0,0.0,3.0,4.0,3.0,18.0,0.0,2.0,0.0,12.40,12.4
2025,13,PCP,QB,Shedeur Sanders,CLE,SF,21,16.0,25.0,149.0,1.0,0.0,1.0,6.0,0.0,0.0,0.0,0.0,0.0,0.0,0.0,0.0,10.56,10.56
2025,13,PCP,RB,Nick Chubb,HOU,@IND,13,0.0,0.0,0.0,0.0,0.0,9.0,34.0,1.0,1.0,0.0,0.0,0.0,0.0,0.0,0.0,10.40,10.4
2025,13,PCP,RB,Devin Neal,NO,@MIA,17,0.0,0.0,0.0,0.0,0.0,14.0,47.0,0.0,3.0,3.0,3.0,22.0,0.0,0.0,0.0,9.90,9.9
2025,13,PCP,WR,Romeo Doubs,GB,@DET,31,0.0,0.0,0.0,0.0,0.0,0.0,0.0,0.0,0.0,4.0,4.0,20.0,1.0,1.0,0.0,9.00,9.0
2025,13,PCP,TE,TJ Hockenson,MIN,@SEA,28,0.0,0.0,0.0,0.0,0.0,0.0,0.0,0.0,0.0,6.0,6.0,59.0,0.0,3.0,0.0,8.90,8.9
2025,13,PCP,WR,Keon Coleman,BUF,@PIT,26,0.0,0.0,0.0,0.0,0.0,0.0,0.0,0.0,0.0,3.0,2.0,9.0,1.0,1.0,0.0,7.90,7.9
2025,13,PCP,RB,Ashton Jeanty,LV,@LAC,14,0.0,0.0,0.0,0.0,0.0,15.0,31.0,0.0,1.0,8.0,6.0,30.0,0.0,0.0,0.0,7.10,7.1
2025,13,PCP,QB,Tua Tagovailoa,MIA,NO,13,12.0,23.0,157.0,0.0,1.0,4.0,4.0,0.0,0.0,0.0,0.0,0.0,0.0,0.0,0.0,4.68,4.68
2025,13,PCP,RB,Tyjae Spears,TEN,JAC,3,0.0,0.0,0.0,0.0,0.0,2.0,-1.0,0.0,0.0,6.0,6.0,25.0,0.0,2.0,0.0,4.50,4.5
2025,13,PCP,TE,Luke Musgrave,GB,@DET,12,0.0,0.0,0.0,0.0,0.0,0.0,0.0,0.0,0.0,1.0,1.0,23.0,0.0,1.0,0.0,3.30,3.3
2025,13,PCP,RB,Braelon Allen,NYJ,ATL,24,0.0,0.0,0.0,0.0,0.0,0.0,0.0,0.0,0.0,0.0,0.0,0.0,0.0,0.0,0.0,-,0.0
2025,13,PCP,QB,Dillon Gabriel,CLE,SF,21,1.0,1.0,0.0,0.0,0.0,0.0,0.0,0.0,0.0,0.0,0.0,0.0,0.0,0.0,0.0,0.00,0.0
2025,13,PCP,WR,Garrett Wilson,NYJ,ATL,20,0.0,0.0,0.0,0.0,0.0,0.0,0.0,0.0,0.0,0.0,0.0,0.0,0.0,0.0,0.0,-,0.0
2025,13,PCP,TE,Pat Freiermuth,PIT,BUF,1,0.0,0.0,0.0,0.0,0.0,0.0,0.0,0.0,0.0,0.0,0.0,0.0,0.0,0.0,0.0,0.00,0.0
2025,13,PCP,RB,DJ Giddens,IND,HOU,8,0.0,0.0,0.0,0.0,0.0,0.0,0.0,0.0,0.0,0.0,0.0,0.0,0.0,0.0,0.0,-,0.0
2025,13,PCP,RB,Trey Benson,ARI,@TB,16,0.0,0.0,0.0,0.0,0.0,0.0,0.0,0.0,0.0,0.0,0.0,0.0,0.0,0.0,0.0,-,0.0
2025,13,PCP,DST,Ravens,BAL,CIN,24,,,,,,,,,,,,,,,,3.00,3.0
2025,13,PP,WR,Rashee Rice,KC,@DAL,32,0.0,0.0,0.0,0.0,0.0,1.0,2.0,0.0,0.0,12.0,8.0,92.0,2.0,5.0,0.0,26.40,26.4
2025,13,PP,RB,De'Von Achane,MIA,NO,23,0.0,0.0,0.0,0.0,0.0,22.0,134.0,1.0,6.0,1.0,0.0,0.0,0.0,0.0,0.0,25.40,25.4
2025,13,PP,RB,Zonovan Knight,ARI,@TB,16,0.0,0.0,0.0,0.0,0.0,11.0,62.0,0.0,4.0,3.0,3.0,36.0,1.0,2.0,1.0,19.80,19.8
2025,13,PP,WR,Courtland Sutton,DEN,@WAS,30,0.0,0.0,0.0,0.0,0.0,0.0,0.0,0.0,0.0,6.0,5.0,62.0,1.0,3.0,0.0,15.20,15.2
2025,13,PP,WR,Jauan Jennings,SF,@CLE,5,0.0,0.0,0.0,0.0,0.0,0.0,0.0,0.0,0.0,6.0,4.0,39.0,1.0,4.0,0.0,13.90,13.9
2025,13,PP,QB,Kirk Cousins,ATL,@NYJ,20,21.0,33.0,234.0,1.0,0.0,0.0,0.0,0.0,0.0,0.0,0.0,0.0,0.0,0.0,0.0,13.36,13.36
2025,13,PP,QB,Justin Herbert,LAC,LV,14,15.0,20.0,151.0,2.0,1.0,3.0,8.0,0.0,0.0,0.0,0.0,0.0,0.0,0.0,0.0,12.84,12.84
2025,13,PP,TE,Travis Kelce,KC,@DAL,16,0.0,0.0,0.0,0.0,0.0,0.0,0.0,0.0,0.0,6.0,5.0,45.0,1.0,2.0,0.0,12.50,12.5
2025,13,PP,RB,Josh Jacobs,GB,@DET,2,0.0,0.0,0.0,0.0,0.0,17.0,83.0,0.0,2.0,1.0,1.0,8.0,0.0,0.0,0.0,11.10,11.1
2025,13,PP,WR,Jayden Higgins,HOU,@IND,24,0.0,0.0,0.0,0.0,0.0,0.0,0.0,0.0,0.0,5.0,5.0,65.0,0.0,4.0,0.0,10.50,10.5
2025,13,PP,TE,Isaiah Likely,BAL,CIN,32,0.0,0.0,0.0,0.0,0.0,0.0,0.0,0.0,0.0,6.0,5.0,95.0,0.0,1.0,1.0,8.50,8.5
2025,13,PP,WR,Jordan Addison,MIN,@SEA,6,0.0,0.0,0.0,0.0,0.0,0.0,0.0,0.0,0.0,10.0,5.0,36.0,0.0,2.0,0.0,5.60,5.6
2025,13,PP,WR,Stefon Diggs,NE,NYG,29,0.0,0.0,0.0,0.0,0.0,0.0,0.0,0.0,0.0,4.0,3.0,26.0,0.0,2.0,0.0,4.60,4.6
2025,13,PP,RB,Emanuel Wilson,GB,@DET,2,0.0,0.0,0.0,0.0,0.0,4.0,14.0,0.0,2.0,0.0,0.0,0.0,0.0,0.0,0.0,3.40,3.4
2025,13,PP,QB,JJ McCarthy,MIN,@SEA,11,0.0,0.0,0.0,0.0,0.0,0.0,0.0,0.0,0.0,0.0,0.0,0.0,0.0,0.0,0.0,-,0.0
2025,13,PP,TE,Tucker Kraft,GB,@DET,12,0.0,0.0,0.0,0.0,0.0,0.0,0.0,0.0,0.0,0.0,0.0,0.0,0.0,0.0,0.0,-,0.0
2025,13,PP,RB,Omarion Hampton,LAC,LV,22,0.0,0.0,0.0,0.0,0.0,0.0,0.0,0.0,0.0,0.0,0.0,0.0,0.0,0.0,0.0,-,0.0
2025,13,PP,WR,Tyreek Hill Dead Cap,MIA,0,0,0.0,0.0,0.0,0.0,0.0,0.0,0.0,0.0,0.0,0.0,0.0,0.0,0.0,0.0,0.0,-,0.0
2025,13,PP,QB,Jalen Milroe,SEA,MIN,9,0.0,0.0,0.0,0.0,0.0,0.0,0.0,0.0,0.0,0.0,0.0,0.0,0.0,0.0,0.0,-,0.0
2025,13,PP,RB,MarShawn Lloyd,GB,@DET,2,0.0,0.0,0.0,0.0,0.0,0.0,0.0,0.0,0.0,0.0,0.0,0.0,0.0,0.0,0.0,-,0.0
2025,13,PP,WR,Calvin Ridley,TEN,JAC,18,0.0,0.0,0.0,0.0,0.0,0.0,0.0,0.0,0.0,0.0,0.0,0.0,0.0,0.0,0.0,-,0.0
2025,13,PP,RB,Jaydon Blue,DAL,KC,6,0.0,0.0,0.0,0.0,0.0,0.0,0.0,0.0,0.0,0.0,0.0,0.0,0.0,0.0,0.0,-,0.0
2025,13,PP,DST,Falcons,ATL,@NYJ,26,,,,,,,,,,,,,,,,2.00,2.0
2025,13,RR,QB,Marcus Mariota,WAS,DEN,6,28.0,50.0,294.0,2.0,1.0,10.0,55.0,0.0,5.0,0.0,0.0,0.0,0.0,0.0,0.0,28.26,28.26
2025,13,RR,WR,Davante Adams,LAR,@CAR,7,0.0,0.0,0.0,0.0,0.0,0.0,0.0,0.0,0.0,5.0,4.0,58.0,2.0,4.0,0.0,21.80,21.8
2025,13,RR,QB,Joe Burrow,CIN,@BAL,19,24.0,46.0,261.0,2.0,0.0,3.0,8.0,0.0,2.0,0.0,0.0,0.0,0.0,0.0,0.0,21.24,21.24
2025,13,RR,RB,Christian McCaffrey,SF,@CLE,9,0.0,1.0,0.0,0.0,0.0,20.0,53.0,1.0,4.0,4.0,4.0,21.0,0.0,2.0,0.0,19.40,19.4
2025,13,RR,QB,Tyler Shough,NO,@MIA,25,26.0,38.0,239.0,2.0,1.0,6.0,18.0,0.0,1.0,0.0,0.0,0.0,0.0,0.0,1.0,18.36,18.36
2025,13,RR,RB,Breece Hall,NYJ,ATL,24,0.0,0.0,0.0,0.0,0.0,19.0,68.0,1.0,3.0,2.0,2.0,8.0,0.0,1.0,0.0,17.60,17.6
2025,13,RR,QB,Baker Mayfield,TB,ARI,8,18.0,28.0,194.0,1.0,0.0,6.0,27.0,0.0,1.0,0.0,0.0,0.0,0.0,0.0,0.0,15.46,15.46
2025,13,RR,WR,Darius Slayton,NYG,@NE,19,0.0,0.0,0.0,0.0,0.0,0.0,0.0,0.0,0.0,3.0,2.0,41.0,1.0,2.0,0.0,14.10,14.1
2025,13,RR,WR,George Pickens,DAL,KC,10,0.0,0.0,0.0,0.0,0.0,0.0,0.0,0.0,0.0,13.0,6.0,88.0,0.0,3.0,0.0,13.80,13.8
2025,13,RR,TE,Kyle Pitts,ATL,@NYJ,21,0.0,0.0,0.0,0.0,0.0,0.0,0.0,0.0,0.0,8.0,7.0,82.0,0.0,5.0,0.0,13.20,13.2
2025,13,RR,RB,Kareem Hunt,KC,@DAL,21,0.0,0.0,0.0,0.0,0.0,14.0,58.0,0.0,3.0,2.0,1.0,22.0,0.0,1.0,0.0,12.00,12.0
2025,13,RR,RB,Rico Dowdle,CAR,LAR,5,0.0,0.0,0.0,0.0,0.0,18.0,58.0,0.0,2.0,2.0,2.0,21.0,0.0,1.0,0.0,10.90,10.9
2025,13,RR,RB,Woody Marks,HOU,@IND,13,0.0,0.0,0.0,0.0,0.0,19.0,64.0,0.0,3.0,1.0,1.0,3.0,0.0,0.0,0.0,9.70,9.7
2025,13,RR,TE,Tyler Warren,IND,HOU,5,0.0,0.0,0.0,0.0,0.0,1.0,0.0,0.0,0.0,4.0,3.0,22.0,1.0,1.0,0.0,9.20,9.2
2025,13,RR,WR,Michael Wilson,ARI,@TB,22,0.0,0.0,0.0,0.0,0.0,0.0,0.0,0.0,0.0,7.0,3.0,36.0,0.0,3.0,0.0,6.60,6.6
2025,13,RR,WR,Justin Jefferson,MIN,@SEA,6,0.0,0.0,0.0,0.0,0.0,0.0,0.0,0.0,0.0,6.0,2.0,4.0,0.0,0.0,0.0,0.40,0.4
2025,13,RR,RB,Kaleb Johnson,PIT,BUF,29,0.0,0.0,0.0,0.0,0.0,2.0,3.0,0.0,0.0,0.0,0.0,0.0,0.0,0.0,0.0,0.30,0.3
2025,13,RR,QB,Michael Penix,ATL,@NYJ,20,0.0,0.0,0.0,0.0,0.0,0.0,0.0,0.0,0.0,0.0,0.0,0.0,0.0,0.0,0.0,-,0.0
2025,13,RR,WR,Tyreek Hill,MIA,NO,11,0.0,0.0,0.0,0.0,0.0,0.0,0.0,0.0,0.0,0.0,0.0,0.0,0.0,0.0,0.0,-,0.0
2025,13,RR,WR,Jalen McMillan,TB,ARI,15,0.0,0.0,0.0,0.0,0.0,0.0,0.0,0.0,0.0,0.0,0.0,0.0,0.0,0.0,0.0,-,0.0
2025,13,RR,DST,Packers,GB,@DET,3,,,,,,,,,,,,,,,,5.00,5.0
2025,13,SBS,RB,Chuba Hubbard,CAR,LAR,5,0.0,0.0,0.0,0.0,0.0,17.0,83.0,0.0,6.0,2.0,2.0,41.0,1.0,1.0,0.0,25.40,25.4
2025,13,SBS,RB,Kyle Monangai,CHI,@PHI,28,0.0,0.0,0.0,0.0,0.0,22.0,130.0,1.0,6.0,1.0,0.0,0.0,0.0,0.0,0.0,25.00,25.0
2025,13,SBS,WR,Christian Watson,GB,@DET,31,0.0,0.0,0.0,0.0,0.0,1.0,3.0,0.0,0.0,10.0,4.0,80.0,1.0,4.0,0.0,18.30,18.3
2025,13,SBS,RB,Jonathan Taylor,IND,HOU,8,0.0,0.0,0.0,0.0,0.0,21.0,85.0,0.0,5.0,5.0,3.0,36.0,0.0,1.0,0.0,18.10,18.1
2025,13,SBS,WR,Alec Pierce,IND,HOU,4,0.0,0.0,0.0,0.0,0.0,0.0,0.0,0.0,0.0,5.0,4.0,78.0,1.0,4.0,0.0,17.80,17.8
2025,13,SBS,TE,Zach Ertz,WAS,DEN,22,0.0,0.0,0.0,0.0,0.0,0.0,0.0,0.0,0.0,13.0,10.0,106.0,0.0,6.0,0.0,16.60,16.6
2025,13,SBS,RB,David Montgomery,DET,GB,10,0.0,1.0,0.0,0.0,0.0,8.0,32.0,1.0,3.0,2.0,2.0,16.0,0.0,1.0,0.0,14.80,14.8
2025,13,SBS,RB,TreVeyon Henderson,NE,NYG,31,0.0,0.0,0.0,0.0,0.0,11.0,67.0,0.0,3.0,4.0,3.0,19.0,0.0,1.0,0.0,12.60,12.6
2025,13,SBS,QB,Lamar Jackson,BAL,CIN,27,17.0,32.0,246.0,0.0,1.0,6.0,27.0,0.0,3.0,0.0,0.0,0.0,0.0,0.0,2.0,9.54,9.54
2025,13,SBS,WR,Deebo Samuel,WAS,DEN,2,0.0,0.0,0.0,0.0,0.0,2.0,-3.0,0.0,0.0,7.0,5.0,64.0,0.0,3.0,0.0,9.40,9.4
2025,13,SBS,TE,Mason Taylor,NYJ,ATL,3,0.0,0.0,0.0,0.0,0.0,0.0,0.0,0.0,0.0,4.0,2.0,21.0,0.0,2.0,0.0,4.10,4.1
2025,13,SBS,WR,Wan'Dale Robinson,NYG,@NE,19,0.0,0.0,0.0,0.0,0.0,0.0,0.0,0.0,0.0,8.0,7.0,34.0,0.0,0.0,0.0,3.40,3.4
2025,13,SBS,RB,Dylan Sampson,CLE,SF,12,0.0,0.0,0.0,0.0,0.0,4.0,23.0,0.0,1.0,0.0,0.0,0.0,0.0,0.0,0.0,3.30,3.3
2025,13,SBS,WR,Troy Franklin,DEN,@WAS,30,0.0,0.0,0.0,0.0,0.0,0.0,0.0,0.0,0.0,3.0,2.0,21.0,0.0,1.0,0.0,3.10,3.1
2025,13,SBS,QB,Jayden Daniels,WAS,DEN,6,0.0,0.0,0.0,0.0,0.0,0.0,0.0,0.0,0.0,0.0,0.0,0.0,0.0,0.0,0.0,-,0.0
2025,13,SBS,WR,Christian Kirk,HOU,@IND,24,0.0,0.0,0.0,0.0,0.0,0.0,0.0,0.0,0.0,0.0,0.0,0.0,0.0,0.0,0.0,0.00,0.0
2025,13,SBS,WR,Jaylin Noel,HOU,@IND,24,0.0,0.0,0.0,0.0,0.0,0.0,0.0,0.0,0.0,1.0,0.0,0.0,0.0,0.0,0.0,0.00,0.0
2025,13,SBS,QB,Max Brosmer,MIN,@SEA,11,19.0,30.0,126.0,0.0,4.0,1.0,-1.0,0.0,0.0,0.0,0.0,0.0,0.0,0.0,0.0,-2.96,-2.96
2025,13,SBS,DST,Lions,DET,GB,2,,,,,,,,,,,,,,,,-1.00,-1.0
2025,14,ABT,WR,Puka Nacua,LAR,@ARI,17,0.0,0.0,0.0,0.0,0.0,0.0,0.0,0.0,0.0,11.0,7.0,167.0,2.0,7.0,0.0,35.70,35.7
2025,14,ABT,RB,Tony Pollard,TEN,@CLE,10,0.0,0.0,0.0,0.0,0.0,25.0,161.0,2.0,4.0,0.0,0.0,0.0,0.0,0.0,0.0,32.10,32.1
2025,14,ABT,RB,Saquon Barkley,PHI,@LAC,14,0.0,0.0,0.0,0.0,0.0,20.0,122.0,1.0,5.0,2.0,0.0,0.0,0.0,0.0,0.0,23.20,23.2
2025,14,ABT,RB,Chase Brown,CIN,@BUF,25,0.0,0.0,0.0,0.0,0.0,12.0,23.0,1.0,1.0,4.0,3.0,12.0,1.0,1.0,0.0,17.50,17.5
2025,14,ABT,QB,Caleb Williams,CHI,@GB,6,19.0,35.0,186.0,2.0,1.0,4.0,15.0,0.0,2.0,0.0,0.0,0.0,0.0,0.0,0.0,16.94,16.94
2025,14,ABT,TE,Colston Loveland,CHI,@GB,8,0.0,0.0,0.0,0.0,0.0,0.0,0.0,0.0,0.0,5.0,4.0,29.0,1.0,3.0,0.0,11.90,11.9
2025,14,ABT,RB,Tyler Allgeier,ATL,SEA,6,0.0,0.0,0.0,0.0,0.0,11.0,34.0,0.0,3.0,2.0,2.0,33.0,0.0,1.0,0.0,10.70,10.7
2025,14,ABT,RB,Keaton Mitchell,BAL,PIT,12,0.0,0.0,0.0,0.0,0.0,6.0,76.0,0.0,1.0,0.0,0.0,0.0,0.0,0.0,0.0,8.60,8.6
2025,14,ABT,RB,Rachaad White,TB,NO,23,0.0,0.0,0.0,0.0,0.0,11.0,53.0,0.0,3.0,2.0,1.0,2.0,0.0,0.0,0.0,8.50,8.5
2025,14,ABT,WR,Chris Olave,NO,@TB,20,0.0,0.0,0.0,0.0,0.0,0.0,0.0,0.0,0.0,5.0,3.0,30.0,0.0,2.0,0.0,5.00,5.0
2025,14,ABT,WR,Tre Tucker,LV,DEN,4,0.0,0.0,0.0,0.0,0.0,0.0,0.0,0.0,0.0,5.0,2.0,24.0,0.0,2.0,0.0,4.40,4.4
2025,14,ABT,WR,Josh Downs,IND,@JAC,16,0.0,0.0,0.0,0.0,0.0,0.0,0.0,0.0,0.0,5.0,4.0,23.0,0.0,2.0,0.0,4.30,4.3
2025,14,ABT,WR,Calvin Austin,PIT,@BAL,23,0.0,0.0,0.0,0.0,0.0,0.0,0.0,0.0,0.0,2.0,1.0,31.0,0.0,1.0,0.0,4.10,4.1
2025,14,ABT,TE,Brenton Strange,JAC,IND,27,0.0,0.0,0.0,0.0,0.0,0.0,0.0,0.0,0.0,6.0,3.0,27.0,0.0,1.0,0.0,3.70,3.7
2025,14,ABT,WR,DJ Moore,CHI,@GB,13,0.0,0.0,0.0,0.0,0.0,0.0,0.0,0.0,0.0,3.0,1.0,-4.0,0.0,0.0,0.0,0.00,0.0
2025,14,ABT,RB,Jonathon Brooks,CAR,BYE,---,0.0,0.0,0.0,0.0,0.0,0.0,0.0,0.0,0.0,0.0,0.0,0.0,0.0,0.0,0.0,-,0.0
2025,14,ABT,TE,Hunter Henry,NE,BYE,---,0.0,0.0,0.0,0.0,0.0,0.0,0.0,0.0,0.0,0.0,0.0,0.0,0.0,0.0,0.0,-,0.0
2025,14,ABT,QB,Bryce Young,CAR,BYE,---,0.0,0.0,0.0,0.0,0.0,0.0,0.0,0.0,0.0,0.0,0.0,0.0,0.0,0.0,0.0,-,0.0
2025,14,ABT,QB,Tyrod Taylor,NYJ,MIA,21,1.0,4.0,6.0,0.0,1.0,0.0,0.0,0.0,0.0,0.0,0.0,0.0,0.0,0.0,0.0,-1.76,-1.76
2025,14,ABT,DST,Rams,LAR,@ARI,27,,,,,,,,,,,,,,,,7.00,7.0
2025,14,CLC,QB,Jacoby Brissett,ARI,LAR,10,25.0,44.0,271.0,2.0,1.0,4.0,22.0,0.0,1.0,0.0,0.0,0.0,0.0,0.0,0.0,20.04,20.04
2025,14,CLC,QB,Jordan Love,GB,CHI,24,17.0,25.0,234.0,3.0,1.0,1.0,-1.0,0.0,0.0,0.0,0.0,0.0,0.0,0.0,0.0,19.36,19.36
2025,14,CLC,WR,Jaylen Waddle,MIA,@NYJ,14,0.0,0.0,0.0,0.0,0.0,1.0,21.0,0.0,1.0,7.0,5.0,50.0,1.0,4.0,0.0,18.10,18.1
2025,14,CLC,RB,Javonte Williams,DAL,@DET,2,0.0,0.0,0.0,0.0,0.0,17.0,67.0,1.0,5.0,4.0,2.0,0.0,0.0,0.0,0.0,17.70,17.7
2025,14,CLC,WR,Nico Collins,HOU,@KC,11,0.0,0.0,0.0,0.0,0.0,0.0,0.0,0.0,0.0,8.0,4.0,121.0,0.0,3.0,0.0,15.10,15.1
2025,14,CLC,TE,Dalton Kincaid,BUF,CIN,32,0.0,0.0,0.0,0.0,0.0,0.0,0.0,0.0,0.0,5.0,4.0,41.0,1.0,3.0,0.0,13.10,13.1
2025,14,CLC,QB,Cam Ward,TEN,@CLE,3,14.0,28.0,117.0,2.0,1.0,2.0,4.0,0.0,1.0,0.0,0.0,0.0,0.0,0.0,0.0,12.08,12.08
2025,14,CLC,RB,Ollie Gordon,MIA,@NYJ,30,0.0,0.0,0.0,0.0,0.0,5.0,17.0,1.0,2.0,0.0,0.0,0.0,0.0,0.0,0.0,9.70,9.7
2025,14,CLC,RB,Chris Rodriguez,WAS,@MIN,18,0.0,0.0,0.0,0.0,0.0,10.0,52.0,0.0,2.0,0.0,0.0,0.0,0.0,0.0,0.0,7.20,7.2
2025,14,CLC,WR,DeVonta Smith,PHI,@LAC,1,0.0,0.0,0.0,0.0,0.0,0.0,0.0,0.0,0.0,8.0,4.0,37.0,0.0,1.0,0.0,4.70,4.7
2025,14,CLC,TE,AJ Barner,SEA,@ATL,3,0.0,0.0,0.0,0.0,0.0,0.0,0.0,0.0,0.0,4.0,3.0,27.0,0.0,1.0,0.0,3.70,3.7
2025,14,CLC,WR,Ricky Pearsall,SF,BYE,---,0.0,0.0,0.0,0.0,0.0,0.0,0.0,0.0,0.0,0.0,0.0,0.0,0.0,0.0,0.0,-,0.0
2025,14,CLC,TE,Terrance Ferguson,LAR,@ARI,25,0.0,0.0,0.0,0.0,0.0,0.0,0.0,0.0,0.0,1.0,0.0,0.0,0.0,0.0,0.0,0.00,0.0
2025,14,CLC,RB,Alvin Kamara,NO,@TB,16,0.0,0.0,0.0,0.0,0.0,0.0,0.0,0.0,0.0,0.0,0.0,0.0,0.0,0.0,0.0,-,0.0
2025,14,CLC,WR,Rome Odunze,CHI,@GB,13,0.0,0.0,0.0,0.0,0.0,0.0,0.0,0.0,0.0,0.0,0.0,0.0,0.0,0.0,0.0,-,0.0
2025,14,CLC,QB,Justin Fields,NYJ,MIA,21,0.0,0.0,0.0,0.0,0.0,0.0,0.0,0.0,0.0,0.0,0.0,0.0,0.0,0.0,0.0,-,0.0
2025,14,CLC,RB,Zack Moss Dead Cap,CIN,0,0,0.0,0.0,0.0,0.0,0.0,0.0,0.0,0.0,0.0,0.0,0.0,0.0,0.0,0.0,0.0,-,0.0
2025,14,CLC,RB,Trevor Etienne,CAR,BYE,---,0.0,0.0,0.0,0.0,0.0,0.0,0.0,0.0,0.0,0.0,0.0,0.0,0.0,0.0,0.0,-,0.0
2025,14,CLC,WR,Ja'Lynn Polk,NO,@TB,20,0.0,0.0,0.0,0.0,0.0,0.0,0.0,0.0,0.0,0.0,0.0,0.0,0.0,0.0,0.0,-,0.0
2025,14,CLC,DST,Bears,CHI,@GB,1,,,,,,,,,,,,,,,,2.00,2.0
2025,14,CPC,WR,Tee Higgins,CIN,@BUF,15,0.0,0.0,0.0,0.0,0.0,0.0,0.0,0.0,0.0,11.0,6.0,92.0,2.0,5.0,0.0,26.20,26.2
2025,14,CPC,QB,Sam Darnold,SEA,@ATL,19,20.0,30.0,249.0,3.0,1.0,3.0,23.0,0.0,2.0,0.0,0.0,0.0,0.0,0.0,0.0,24.26,24.26
2025,14,CPC,QB,Dak Prescott,DAL,@DET,26,31.0,47.0,376.0,1.0,2.0,3.0,14.0,0.0,2.0,0.0,0.0,0.0,0.0,0.0,0.0,20.44,20.44
2025,14,CPC,RB,Derrick Henry,BAL,PIT,12,0.0,0.0,0.0,0.0,0.0,25.0,94.0,0.0,6.0,2.0,1.0,8.0,0.0,0.0,0.0,16.20,16.2
2025,14,CPC,WR,Jakobi Meyers,JAC,IND,27,0.0,0.0,0.0,0.0,0.0,3.0,9.0,0.0,1.0,10.0,4.0,39.0,1.0,3.0,0.0,14.80,14.8
2025,14,CPC,RB,Jordan Mason,MIN,WAS,28,0.0,0.0,0.0,0.0,0.0,11.0,52.0,1.0,3.0,0.0,0.0,0.0,0.0,0.0,0.0,14.20,14.2
2025,14,CPC,RB,James Cook,BUF,CIN,32,0.0,0.0,0.0,0.0,0.0,18.0,80.0,0.0,2.0,2.0,2.0,31.0,0.0,1.0,1.0,12.10,12.1
2025,14,CPC,RB,Quinshon Judkins,CLE,TEN,20,0.0,0.0,0.0,0.0,0.0,14.0,26.0,0.0,2.0,3.0,1.0,58.0,0.0,1.0,0.0,11.40,11.4
2025,14,CPC,QB,Geno Smith,LV,DEN,8,13.0,21.0,116.0,1.0,0.0,1.0,4.0,0.0,0.0,0.0,0.0,0.0,0.0,0.0,0.0,9.04,9.04
2025,14,CPC,WR,Ja'Marr Chase,CIN,@BUF,15,0.0,0.0,0.0,0.0,0.0,1.0,8.0,0.0,0.0,8.0,5.0,44.0,0.0,3.0,0.0,8.20,8.2
2025,14,CPC,WR,Adonai Mitchell,NYJ,MIA,7,0.0,0.0,0.0,0.0,0.0,0.0,0.0,0.0,0.0,6.0,1.0,24.0,0.0,1.0,0.0,3.40,3.4
2025,14,CPC,WR,Ladd McConkey,LAC,PHI,12,0.0,0.0,0.0,0.0,0.0,0.0,0.0,0.0,0.0,5.0,1.0,12.0,0.0,1.0,0.0,2.20,2.2
2025,14,CPC,TE,Oronde Gadsden,LAC,PHI,2,0.0,0.0,0.0,0.0,0.0,0.0,0.0,0.0,0.0,4.0,1.0,7.0,0.0,0.0,0.0,0.70,0.7
2025,14,CPC,WR,Matthew Golden,GB,CHI,30,0.0,0.0,0.0,0.0,0.0,0.0,0.0,0.0,0.0,1.0,0.0,0.0,0.0,0.0,0.0,0.00,0.0
2025,14,CPC,TE,George Kittle,SF,BYE,---,0.0,0.0,0.0,0.0,0.0,0.0,0.0,0.0,0.0,0.0,0.0,0.0,0.0,0.0,0.0,-,0.0
2025,14,CPC,RB,Brian Robinson,SF,BYE,---,0.0,0.0,0.0,0.0,0.0,0.0,0.0,0.0,0.0,0.0,0.0,0.0,0.0,0.0,0.0,-,0.0
2025,14,CPC,TE,Ja'Tavion Sanders,CAR,BYE,---,0.0,0.0,0.0,0.0,0.0,0.0,0.0,0.0,0.0,0.0,0.0,0.0,0.0,0.0,0.0,-,0.0
2025,14,CPC,QB,Drake Maye,NE,BYE,---,0.0,0.0,0.0,0.0,0.0,0.0,0.0,0.0,0.0,0.0,0.0,0.0,0.0,0.0,0.0,-,0.0
2025,14,CPC,WR,Dontayvion Wicks Dead Cap,GB,0,0,0.0,0.0,0.0,0.0,0.0,0.0,0.0,0.0,0.0,0.0,0.0,0.0,0.0,0.0,0.0,-,0.0
2025,14,CPC,WR,Jalen Royals,KC,HOU,5,0.0,0.0,0.0,0.0,0.0,0.0,0.0,0.0,0.0,0.0,0.0,0.0,0.0,0.0,0.0,-,0.0
2025,14,CPC,DST,Texans,HOU,@KC,9,,,,,,,,,,,,,,,,14.00,14.0
2025,14,DDD,RB,Jahmyr Gibbs,DET,DAL,27,0.0,0.0,0.0,0.0,0.0,12.0,43.0,3.0,4.0,7.0,7.0,77.0,0.0,3.0,0.0,37.00,37.0
2025,14,DDD,RB,Bucky Irving,TB,NO,23,0.0,0.0,0.0,0.0,0.0,15.0,55.0,0.0,3.0,3.0,2.0,26.0,1.0,1.0,0.0,18.10,18.1
2025,14,DDD,WR,Zay Flowers,BAL,PIT,25,0.0,0.0,0.0,0.0,0.0,1.0,2.0,0.0,0.0,11.0,8.0,124.0,0.0,4.0,0.0,16.60,16.6
2025,14,DDD,QB,Jared Goff,DET,DAL,32,25.0,34.0,309.0,1.0,0.0,2.0,-2.0,0.0,0.0,0.0,0.0,0.0,0.0,0.0,0.0,16.36,16.36
2025,14,DDD,RB,Kenneth Gainwell,PIT,@BAL,19,0.0,0.0,0.0,0.0,0.0,4.0,15.0,1.0,2.0,7.0,6.0,27.0,0.0,1.0,0.0,13.20,13.2
2025,14,DDD,RB,Kimani Vidal,LAC,PHI,26,0.0,0.0,0.0,0.0,0.0,14.0,44.0,0.0,1.0,3.0,1.0,60.0,0.0,1.0,0.0,12.40,12.4
2025,14,DDD,WR,Elic Ayomanor,TEN,@CLE,6,0.0,0.0,0.0,0.0,0.0,0.0,0.0,0.0,0.0,3.0,1.0,14.0,1.0,1.0,0.0,8.40,8.4
2025,14,DDD,TE,Darren Waller,MIA,@NYJ,21,0.0,0.0,0.0,0.0,0.0,1.0,4.0,0.0,1.0,3.0,1.0,13.0,0.0,1.0,0.0,3.70,3.7
2025,14,DDD,WR,Keenan Allen,LAC,PHI,12,0.0,0.0,0.0,0.0,0.0,0.0,0.0,0.0,0.0,3.0,3.0,22.0,0.0,1.0,0.0,3.20,3.2
2025,14,DDD,WR,Emeka Egbuka,TB,NO,10,0.0,0.0,0.0,0.0,0.0,0.0,0.0,0.0,0.0,9.0,2.0,15.0,0.0,0.0,0.0,1.50,1.5
2025,14,DDD,WR,Quentin Johnston,LAC,PHI,12,0.0,0.0,0.0,0.0,0.0,0.0,0.0,0.0,0.0,3.0,2.0,8.0,0.0,0.0,0.0,0.80,0.8
2025,14,DDD,RB,Cam Skattebo,NYG,BYE,---,0.0,0.0,0.0,0.0,0.0,0.0,0.0,0.0,0.0,0.0,0.0,0.0,0.0,0.0,0.0,-,0.0
2025,14,DDD,WR,Tank Dell,HOU,@KC,11,0.0,0.0,0.0,0.0,0.0,0.0,0.0,0.0,0.0,0.0,0.0,0.0,0.0,0.0,0.0,-,0.0
2025,14,DDD,WR,Malik Nabers,NYG,BYE,---,0.0,0.0,0.0,0.0,0.0,0.0,0.0,0.0,0.0,0.0,0.0,0.0,0.0,0.0,0.0,-,0.0
2025,14,DDD,QB,Mac Jones,SF,BYE,---,0.0,0.0,0.0,0.0,0.0,0.0,0.0,0.0,0.0,0.0,0.0,0.0,0.0,0.0,0.0,-,0.0
2025,14,DDD,WR,Tez Johnson,TB,NO,10,0.0,0.0,0.0,0.0,0.0,0.0,0.0,0.0,0.0,0.0,0.0,0.0,0.0,0.0,0.0,0.00,0.0
2025,14,DDD,QB,Deshaun Watson Dead Cap,CLE,0,0,0.0,0.0,0.0,0.0,0.0,0.0,0.0,0.0,0.0,0.0,0.0,0.0,0.0,0.0,0.0,-,0.0
2025,14,DDD,TE,Sam LaPorta,DET,DAL,12,0.0,0.0,0.0,0.0,0.0,0.0,0.0,0.0,0.0,0.0,0.0,0.0,0.0,0.0,0.0,-,0.0
2025,14,DDD,QB,Brock Purdy,SF,BYE,---,0.0,0.0,0.0,0.0,0.0,0.0,0.0,0.0,0.0,0.0,0.0,0.0,0.0,0.0,0.0,-,0.0
2025,14,DDD,TE,Theo Johnson,NYG,BYE,---,0.0,0.0,0.0,0.0,0.0,0.0,0.0,0.0,0.0,0.0,0.0,0.0,0.0,0.0,0.0,-,0.0
2025,14,DDD,RB,Kendre Miller,NO,@TB,16,0.0,0.0,0.0,0.0,0.0,0.0,0.0,0.0,0.0,0.0,0.0,0.0,0.0,0.0,0.0,-,0.0
2025,14,DDD,DST,Seahawks,SEA,@ATL,17,,,,,,,,,,,,,,,,18.00,18.0
2025,14,LBC,WR,Jaxon Smith-Njigba,SEA,@ATL,22,0.0,0.0,0.0,0.0,0.0,1.0,-1.0,0.0,0.0,10.0,7.0,92.0,2.0,4.0,0.0,25.20,25.2
2025,14,LBC,RB,RJ Harvey,DEN,@LV,24,0.0,0.0,0.0,0.0,0.0,17.0,75.0,1.0,6.0,6.0,6.0,25.0,0.0,2.0,0.0,24.00,24.0
2025,14,LBC,RB,Travis Etienne,JAC,IND,13,0.0,0.0,0.0,0.0,0.0,20.0,74.0,2.0,3.0,1.0,1.0,8.0,0.0,0.0,0.0,23.20,23.2
2025,14,LBC,RB,Kyren Williams,LAR,@ARI,29,0.0,0.0,0.0,0.0,0.0,13.0,84.0,1.0,7.0,2.0,2.0,13.0,0.0,0.0,0.0,22.70,22.7
2025,14,LBC,QB,Aaron Rodgers,PIT,@BAL,20,23.0,34.0,284.0,1.0,0.0,2.0,0.0,1.0,1.0,1.0,1.0,-9.0,0.0,0.0,0.0,22.36,22.36
2025,14,LBC,QB,Bo Nix,DEN,@LV,14,31.0,38.0,212.0,0.0,0.0,3.0,15.0,1.0,1.0,0.0,0.0,0.0,0.0,0.0,0.0,16.98,16.98
2025,14,LBC,WR,Jerry Jeudy,CLE,TEN,26,0.0,0.0,0.0,0.0,0.0,0.0,0.0,0.0,0.0,5.0,3.0,76.0,1.0,2.0,0.0,15.60,15.6
2025,14,LBC,QB,CJ Stroud,HOU,@KC,18,15.0,31.0,203.0,1.0,0.0,2.0,5.0,0.0,1.0,0.0,0.0,0.0,0.0,0.0,0.0,13.62,13.62
2025,14,LBC,TE,Brock Bowers,LV,DEN,23,0.0,0.0,0.0,0.0,0.0,0.0,0.0,0.0,0.0,5.0,4.0,46.0,1.0,3.0,0.0,13.60,13.6
2025,14,LBC,WR,Michael Pittman,IND,@JAC,16,0.0,0.0,0.0,0.0,0.0,0.0,0.0,0.0,0.0,12.0,9.0,79.0,0.0,5.0,0.0,12.90,12.9
2025,14,LBC,TE,Trey McBride,ARI,LAR,14,0.0,0.0,0.0,0.0,0.0,0.0,0.0,0.0,0.0,9.0,5.0,58.0,0.0,2.0,0.0,7.80,7.8
2025,14,LBC,WR,Jack Bech,LV,DEN,4,0.0,0.0,0.0,0.0,0.0,0.0,0.0,0.0,0.0,6.0,6.0,50.0,0.0,2.0,0.0,7.00,7.0
2025,14,LBC,RB,Isiah Pacheco,KC,HOU,7,0.0,0.0,0.0,0.0,0.0,9.0,30.0,0.0,2.0,0.0,0.0,0.0,0.0,0.0,0.0,5.00,5.0
2025,14,LBC,TE,Evan Engram,DEN,@LV,4,0.0,0.0,0.0,0.0,0.0,0.0,0.0,0.0,0.0,2.0,2.0,8.0,0.0,0.0,0.0,0.80,0.8
2025,14,LBC,WR,Jalen Coker,CAR,BYE,---,0.0,0.0,0.0,0.0,0.0,0.0,0.0,0.0,0.0,0.0,0.0,0.0,0.0,0.0,0.0,-,0.0
2025,14,LBC,RB,Rhamondre Stevenson,NE,BYE,---,0.0,0.0,0.0,0.0,0.0,0.0,0.0,0.0,0.0,0.0,0.0,0.0,0.0,0.0,0.0,-,0.0
2025,14,LBC,WR,Drake London,ATL,SEA,3,0.0,0.0,0.0,0.0,0.0,0.0,0.0,0.0,0.0,0.0,0.0,0.0,0.0,0.0,0.0,-,0.0
2025,14,LBC,WR,Michael Wilson Dead Cap,ARI,0,0,0.0,0.0,0.0,0.0,0.0,0.0,0.0,0.0,0.0,0.0,0.0,0.0,0.0,0.0,0.0,-,0.0
2025,14,LBC,WR,Kyle Williams,NE,BYE,---,0.0,0.0,0.0,0.0,0.0,0.0,0.0,0.0,0.0,0.0,0.0,0.0,0.0,0.0,0.0,-,0.0
2025,14,LBC,WR,Brandon Aiyuk,SF,BYE,---,0.0,0.0,0.0,0.0,0.0,0.0,0.0,0.0,0.0,0.0,0.0,0.0,0.0,0.0,0.0,-,0.0
2025,14,LBC,DST,Broncos,DEN,@LV,31,,,,,,,,,,,,,,,,13.00,13.0
2025,14,LC,WR,DK Metcalf,PIT,@BAL,23,0.0,0.0,0.0,0.0,0.0,0.0,0.0,0.0,0.0,12.0,7.0,148.0,0.0,3.0,0.0,17.80,17.8
2025,14,LC,RB,Jaylen Warren,PIT,@BAL,19,0.0,0.0,0.0,0.0,0.0,8.0,13.0,0.0,0.0,3.0,3.0,49.0,1.0,1.0,0.0,13.20,13.2
2025,14,LC,WR,Luther Burden,CHI,@GB,13,0.0,0.0,0.0,0.0,0.0,1.0,3.0,0.0,0.0,6.0,4.0,67.0,0.0,4.0,0.0,11.00,11.0
2025,14,LC,WR,Rashid Shaheed,SEA,@ATL,22,0.0,0.0,0.0,0.0,0.0,0.0,0.0,0.0,0.0,5.0,4.0,67.0,0.0,3.0,0.0,9.70,9.7
2025,14,LC,RB,Zach Charbonnet,SEA,@ATL,21,0.0,0.0,0.0,0.0,0.0,7.0,46.0,0.0,1.0,3.0,2.0,20.0,0.0,1.0,0.0,8.60,8.6
2025,14,LC,WR,Xavier Worthy,KC,HOU,5,0.0,0.0,0.0,0.0,0.0,0.0,0.0,0.0,0.0,4.0,3.0,55.0,0.0,3.0,0.0,8.50,8.5
2025,14,LC,TE,Jake Ferguson,DAL,@DET,11,0.0,0.0,0.0,0.0,0.0,0.0,0.0,0.0,0.0,7.0,5.0,58.0,0.0,2.0,1.0,7.80,7.8
2025,14,LC,QB,Patrick Mahomes,KC,HOU,1,14.0,33.0,160.0,0.0,3.0,7.0,59.0,0.0,1.0,1.0,1.0,-10.0,0.0,0.0,0.0,7.30,7.3
2025,14,LC,TE,Dalton Schultz,HOU,@KC,6,0.0,0.0,0.0,0.0,0.0,0.0,0.0,0.0,0.0,4.0,3.0,22.0,0.0,1.0,0.0,3.20,3.2
2025,14,LC,RB,Jerome Ford,CLE,TEN,20,0.0,0.0,0.0,0.0,0.0,0.0,0.0,0.0,0.0,3.0,2.0,10.0,0.0,1.0,0.0,2.00,2.0
2025,14,LC,QB,Jalen Hurts,PHI,@LAC,2,21.0,40.0,240.0,0.0,4.0,4.0,8.0,0.0,0.0,0.0,0.0,0.0,0.0,0.0,1.0,0.40,0.4
2025,14,LC,WR,Travis Hunter,JAC,IND,27,0.0,0.0,0.0,0.0,0.0,0.0,0.0,0.0,0.0,0.0,0.0,0.0,0.0,0.0,0.0,-,0.0
2025,14,LC,WR,Tory Horton,SEA,@ATL,22,0.0,0.0,0.0,0.0,0.0,0.0,0.0,0.0,0.0,0.0,0.0,0.0,0.0,0.0,0.0,-,0.0
2025,14,LC,RB,James Conner,ARI,LAR,4,0.0,0.0,0.0,0.0,0.0,0.0,0.0,0.0,0.0,0.0,0.0,0.0,0.0,0.0,0.0,-,0.0
2025,14,LC,RB,Joe Mixon,HOU,@KC,8,0.0,0.0,0.0,0.0,0.0,0.0,0.0,0.0,0.0,0.0,0.0,0.0,0.0,0.0,0.0,-,0.0
2025,14,LC,WR,Kayshon Boutte,NE,BYE,---,0.0,0.0,0.0,0.0,0.0,0.0,0.0,0.0,0.0,0.0,0.0,0.0,0.0,0.0,0.0,-,0.0
2025,14,LC,WR,DeAndre Hopkins,BAL,PIT,25,0.0,0.0,0.0,0.0,0.0,0.0,0.0,0.0,0.0,1.0,0.0,0.0,0.0,0.0,0.0,0.00,0.0
2025,14,LC,WR,Xavier Legette,CAR,BYE,---,0.0,0.0,0.0,0.0,0.0,0.0,0.0,0.0,0.0,0.0,0.0,0.0,0.0,0.0,0.0,-,0.0
2025,14,LC,WR,Luke McCaffrey,WAS,@MIN,2,0.0,0.0,0.0,0.0,0.0,0.0,0.0,0.0,0.0,0.0,0.0,0.0,0.0,0.0,0.0,-,0.0
2025,14,LC,DST,49ers,SF,BYE,---,,,,,,,,,,,,,,,,-,0.0
2025,14,MB,QB,Matthew Stafford,LAR,@ARI,11,22.0,31.0,281.0,3.0,0.0,0.0,0.0,0.0,0.0,0.0,0.0,0.0,0.0,0.0,0.0,23.24,23.24
2025,14,MB,RB,Aaron Jones,MIN,WAS,28,0.0,0.0,0.0,0.0,0.0,14.0,76.0,0.0,4.0,1.0,0.0,0.0,0.0,0.0,0.0,11.60,11.6
2025,14,MB,WR,Cooper Kupp,SEA,@ATL,22,0.0,0.0,0.0,0.0,0.0,0.0,0.0,0.0,0.0,3.0,2.0,35.0,1.0,2.0,0.0,11.50,11.5
2025,14,MB,RB,Bijan Robinson,ATL,SEA,6,0.0,0.0,0.0,0.0,0.0,20.0,86.0,0.0,3.0,2.0,2.0,8.0,0.0,1.0,1.0,11.40,11.4
2025,14,MB,WR,Amon-Ra St Brown,DET,DAL,32,0.0,0.0,0.0,0.0,0.0,0.0,0.0,0.0,0.0,9.0,6.0,92.0,0.0,2.0,0.0,11.20,11.2
2025,14,MB,TE,Juwan Johnson,NO,@TB,18,0.0,0.0,0.0,0.0,0.0,0.0,0.0,0.0,0.0,4.0,4.0,38.0,0.0,2.0,0.0,5.80,5.8
2025,14,MB,RB,Jacory Croskey-Merritt,WAS,@MIN,18,0.0,0.0,0.0,0.0,0.0,7.0,32.0,0.0,1.0,0.0,0.0,0.0,0.0,0.0,0.0,4.20,4.2
2025,14,MB,WR,Tre Harris,LAC,PHI,12,0.0,0.0,0.0,0.0,0.0,1.0,3.0,0.0,0.0,2.0,1.0,18.0,0.0,1.0,0.0,3.10,3.1
2025,14,MB,TE,Mark Andrews,BAL,PIT,26,0.0,0.0,0.0,0.0,0.0,0.0,0.0,0.0,0.0,5.0,1.0,9.0,0.0,0.0,0.0,0.90,0.9
2025,14,MB,QB,Jaxson Dart,NYG,BYE,---,0.0,0.0,0.0,0.0,0.0,0.0,0.0,0.0,0.0,0.0,0.0,0.0,0.0,0.0,0.0,-,0.0
2025,14,MB,RB,Ray Davis,BUF,CIN,32,0.0,0.0,0.0,0.0,0.0,0.0,0.0,0.0,0.0,0.0,0.0,0.0,0.0,0.0,0.0,0.00,0.0
2025,14,MB,RB,Jarquez Hunter,LAR,@ARI,29,0.0,0.0,0.0,0.0,0.0,0.0,0.0,0.0,0.0,0.0,0.0,0.0,0.0,0.0,0.0,-,0.0
2025,14,MB,RB,Isaac Guerendo,SF,BYE,---,0.0,0.0,0.0,0.0,0.0,0.0,0.0,0.0,0.0,0.0,0.0,0.0,0.0,0.0,0.0,-,0.0
2025,14,MB,WR,Josh Palmer,BUF,CIN,9,0.0,0.0,0.0,0.0,0.0,0.0,0.0,0.0,0.0,0.0,0.0,0.0,0.0,0.0,0.0,-,0.0
2025,14,MB,QB,Kyler Murray,ARI,LAR,10,0.0,0.0,0.0,0.0,0.0,0.0,0.0,0.0,0.0,0.0,0.0,0.0,0.0,0.0,0.0,-,0.0
2025,14,MB,QB,Joe Flacco,CIN,@BUF,5,0.0,0.0,0.0,0.0,0.0,0.0,0.0,0.0,0.0,0.0,0.0,0.0,0.0,0.0,0.0,-,0.0
2025,14,MB,RB,Tyrone Tracy,NYG,BYE,---,0.0,0.0,0.0,0.0,0.0,0.0,0.0,0.0,0.0,0.0,0.0,0.0,0.0,0.0,0.0,-,0.0
2025,14,MB,WR,Marvin Harrison,ARI,LAR,18,0.0,0.0,0.0,0.0,0.0,0.0,0.0,0.0,0.0,0.0,0.0,0.0,0.0,0.0,0.0,-,0.0
2025,14,MB,WR,Kendrick Bourne,SF,BYE,---,0.0,0.0,0.0,0.0,0.0,0.0,0.0,0.0,0.0,0.0,0.0,0.0,0.0,0.0,0.0,-,0.0
2025,14,MB,DST,Chiefs,KC,HOU,16,,,,,,,,,,,,,,,,4.00,4.0
2025,14,NBB,QB,Josh Allen,BUF,CIN,30,22.0,28.0,251.0,3.0,0.0,9.0,78.0,1.0,4.0,0.0,0.0,0.0,0.0,0.0,0.0,41.84,41.84
2025,14,NBB,RB,Blake Corum,LAR,@ARI,29,0.0,0.0,0.0,0.0,0.0,12.0,128.0,2.0,6.0,1.0,1.0,3.0,0.0,0.0,0.0,31.10,31.1
2025,14,NBB,TE,Harold Fannin,CLE,TEN,19,0.0,0.0,0.0,0.0,0.0,0.0,0.0,0.0,0.0,11.0,8.0,114.0,1.0,5.0,0.0,22.40,22.4
2025,14,NBB,QB,Trevor Lawrence,JAC,IND,13,17.0,30.0,244.0,2.0,0.0,4.0,16.0,0.0,3.0,0.0,0.0,0.0,0.0,0.0,0.0,22.36,22.36
2025,14,NBB,WR,Jameson Williams,DET,DAL,32,0.0,0.0,0.0,0.0,0.0,1.0,7.0,0.0,0.0,9.0,7.0,96.0,0.0,3.0,0.0,13.30,13.3
2025,14,NBB,RB,D'Andre Swift,CHI,@GB,9,0.0,0.0,0.0,0.0,0.0,13.0,63.0,0.0,4.0,4.0,3.0,19.0,0.0,1.0,0.0,13.20,13.2
2025,14,NBB,TE,Dallas Goedert,PHI,@LAC,9,0.0,0.0,0.0,0.0,0.0,0.0,0.0,0.0,0.0,10.0,8.0,78.0,0.0,5.0,0.0,12.80,12.8
2025,14,NBB,WR,Brian Thomas,JAC,IND,27,0.0,0.0,0.0,0.0,0.0,0.0,0.0,0.0,0.0,6.0,3.0,87.0,0.0,3.0,0.0,11.70,11.7
2025,14,NBB,WR,Khalil Shakir,BUF,CIN,9,0.0,0.0,0.0,0.0,0.0,0.0,0.0,0.0,0.0,3.0,2.0,16.0,1.0,1.0,0.0,8.60,8.6
2025,14,NBB,WR,Chris Godwin,TB,NO,10,0.0,0.0,0.0,0.0,0.0,0.0,0.0,0.0,0.0,8.0,5.0,55.0,0.0,3.0,0.0,8.50,8.5
2025,14,NBB,WR,Jayden Reed,GB,CHI,30,0.0,0.0,0.0,0.0,0.0,2.0,22.0,0.0,1.0,4.0,4.0,31.0,0.0,2.0,0.0,8.30,8.3
2025,14,NBB,TE,David Njoku,CLE,TEN,19,0.0,0.0,0.0,0.0,0.0,0.0,0.0,0.0,0.0,1.0,1.0,1.0,1.0,1.0,0.0,7.10,7.1
2025,14,NBB,WR,Terry McLaurin,WAS,@MIN,2,0.0,0.0,0.0,0.0,0.0,0.0,0.0,0.0,0.0,6.0,3.0,41.0,0.0,2.0,0.0,6.10,6.1
2025,14,NBB,RB,Will Shipley,PHI,@LAC,14,0.0,0.0,0.0,0.0,0.0,0.0,0.0,0.0,0.0,1.0,1.0,3.0,0.0,0.0,0.0,0.30,0.3
2025,14,NBB,WR,Tetairoa McMillan,CAR,BYE,---,0.0,0.0,0.0,0.0,0.0,0.0,0.0,0.0,0.0,0.0,0.0,0.0,0.0,0.0,0.0,-,0.0
2025,14,NBB,RB,Najee Harris,LAC,PHI,26,0.0,0.0,0.0,0.0,0.0,0.0,0.0,0.0,0.0,0.0,0.0,0.0,0.0,0.0,0.0,-,0.0
2025,14,NBB,WR,Mike Evans,TB,NO,10,0.0,0.0,0.0,0.0,0.0,0.0,0.0,0.0,0.0,0.0,0.0,0.0,0.0,0.0,0.0,-,0.0
2025,14,NBB,RB,Bhayshul Tuten,JAC,IND,13,0.0,0.0,0.0,0.0,0.0,2.0,5.0,0.0,1.0,0.0,0.0,0.0,0.0,0.0,1.0,-0.50,-0.5
2025,14,NBB,DST,Giants,NYG,BYE,---,,,,,,,,,,,,,,,,-,0.0
2025,14,PCP,QB,Shedeur Sanders,CLE,TEN,25,23.0,42.0,364.0,3.0,1.0,3.0,29.0,1.0,2.0,0.0,0.0,0.0,0.0,0.0,0.0,35.46,35.46
2025,14,PCP,RB,Devin Neal,NO,@TB,16,0.0,0.0,0.0,0.0,0.0,19.0,70.0,1.0,3.0,1.0,1.0,14.0,0.0,1.0,0.0,18.40,18.4
2025,14,PCP,WR,CeeDee Lamb,DAL,@DET,31,0.0,0.0,0.0,0.0,0.0,0.0,0.0,0.0,0.0,8.0,6.0,121.0,0.0,4.0,0.0,16.10,16.1
2025,14,PCP,WR,AJ Brown,PHI,@LAC,1,0.0,0.0,0.0,0.0,0.0,0.0,0.0,0.0,0.0,13.0,6.0,100.0,0.0,5.0,0.0,15.00,15.0
2025,14,PCP,TE,TJ Hockenson,MIN,WAS,31,0.0,0.0,0.0,0.0,0.0,0.0,0.0,0.0,0.0,3.0,2.0,12.0,1.0,2.0,0.0,9.20,9.2
2025,14,PCP,QB,Tua Tagovailoa,MIA,@NYJ,16,13.0,21.0,127.0,1.0,0.0,1.0,0.0,0.0,0.0,0.0,0.0,0.0,0.0,0.0,0.0,9.08,9.08
2025,14,PCP,RB,Tyjae Spears,TEN,@CLE,10,0.0,0.0,0.0,0.0,0.0,8.0,19.0,0.0,2.0,4.0,2.0,28.0,0.0,1.0,0.0,7.70,7.7
2025,14,PCP,RB,Ashton Jeanty,LV,DEN,5,0.0,0.0,0.0,0.0,0.0,10.0,30.0,0.0,2.0,4.0,2.0,8.0,0.0,0.0,0.0,5.80,5.8
2025,14,PCP,RB,Kenneth Walker,SEA,@ATL,21,0.0,0.0,0.0,0.0,0.0,10.0,29.0,0.0,2.0,3.0,1.0,-1.0,0.0,0.0,0.0,4.90,4.9
2025,14,PCP,TE,Luke Musgrave,GB,CHI,15,0.0,0.0,0.0,0.0,0.0,0.0,0.0,0.0,0.0,4.0,2.0,22.0,0.0,2.0,0.0,4.20,4.2
2025,14,PCP,WR,Keon Coleman,BUF,CIN,9,0.0,0.0,0.0,0.0,0.0,0.0,0.0,0.0,0.0,3.0,2.0,16.0,0.0,1.0,0.0,2.60,2.6
2025,14,PCP,TE,Pat Freiermuth,PIT,@BAL,7,0.0,0.0,0.0,0.0,0.0,0.0,0.0,0.0,0.0,3.0,2.0,9.0,0.0,0.0,0.0,0.90,0.9
2025,14,PCP,QB,Daniel Jones,IND,@JAC,23,5.0,7.0,60.0,0.0,1.0,1.0,4.0,0.0,0.0,0.0,0.0,0.0,0.0,0.0,0.0,0.80,0.8
2025,14,PCP,RB,Nick Chubb,HOU,@KC,8,0.0,0.0,0.0,0.0,0.0,1.0,3.0,0.0,0.0,0.0,0.0,0.0,0.0,0.0,0.0,0.30,0.3
2025,14,PCP,RB,Braelon Allen,NYJ,MIA,15,0.0,0.0,0.0,0.0,0.0,0.0,0.0,0.0,0.0,0.0,0.0,0.0,0.0,0.0,0.0,-,0.0
2025,14,PCP,WR,Romeo Doubs,GB,CHI,30,0.0,0.0,0.0,0.0,0.0,0.0,0.0,0.0,0.0,2.0,0.0,0.0,0.0,0.0,0.0,0.00,0.0
2025,14,PCP,RB,Trey Benson,ARI,LAR,4,0.0,0.0,0.0,0.0,0.0,0.0,0.0,0.0,0.0,0.0,0.0,0.0,0.0,0.0,0.0,-,0.0
2025,14,PCP,WR,Garrett Wilson,NYJ,MIA,7,0.0,0.0,0.0,0.0,0.0,0.0,0.0,0.0,0.0,0.0,0.0,0.0,0.0,0.0,0.0,-,0.0
2025,14,PCP,RB,DJ Giddens,IND,@JAC,3,0.0,0.0,0.0,0.0,0.0,0.0,0.0,0.0,0.0,0.0,0.0,0.0,0.0,0.0,0.0,-,0.0
2025,14,PCP,DST,Ravens,BAL,PIT,13,,,,,,,,,,,,,,,,0.00,0.0
2025,14,PP,QB,JJ McCarthy,MIN,WAS,28,16.0,23.0,163.0,3.0,0.0,6.0,19.0,0.0,2.0,0.0,0.0,0.0,0.0,0.0,0.0,22.42,22.42
2025,14,PP,RB,Josh Jacobs,GB,CHI,17,0.0,0.0,0.0,0.0,0.0,20.0,86.0,1.0,7.0,2.0,2.0,6.0,0.0,0.0,0.0,22.20,22.2
2025,14,PP,RB,De'Von Achane,MIA,@NYJ,30,0.0,0.0,0.0,0.0,0.0,7.0,92.0,1.0,3.0,1.0,1.0,13.0,0.0,1.0,0.0,20.50,20.5
2025,14,PP,RB,Omarion Hampton,LAC,PHI,26,0.0,0.0,0.0,0.0,0.0,13.0,56.0,0.0,4.0,2.0,2.0,11.0,1.0,1.0,0.0,17.70,17.7
2025,14,PP,QB,Justin Herbert,LAC,PHI,17,12.0,26.0,139.0,1.0,1.0,10.0,66.0,0.0,4.0,0.0,0.0,0.0,0.0,0.0,1.0,16.16,16.16
2025,14,PP,TE,Isaiah Likely,BAL,PIT,26,0.0,0.0,0.0,0.0,0.0,0.0,0.0,0.0,0.0,6.0,4.0,25.0,1.0,2.0,0.0,10.50,10.5
2025,14,PP,WR,Jordan Addison,MIN,WAS,28,0.0,0.0,0.0,0.0,0.0,0.0,0.0,0.0,0.0,7.0,4.0,62.0,0.0,4.0,0.0,10.20,10.2
2025,14,PP,WR,Courtland Sutton,DEN,@LV,24,0.0,0.0,0.0,0.0,0.0,0.0,0.0,0.0,0.0,10.0,6.0,62.0,0.0,4.0,0.0,10.20,10.2
2025,14,PP,WR,Jayden Higgins,HOU,@KC,11,0.0,0.0,0.0,0.0,0.0,0.0,0.0,0.0,0.0,5.0,3.0,34.0,0.0,2.0,0.0,5.40,5.4
2025,14,PP,RB,Zonovan Knight,ARI,LAR,4,0.0,0.0,0.0,0.0,0.0,7.0,16.0,0.0,1.0,6.0,3.0,18.0,0.0,1.0,0.0,5.40,5.4
2025,14,PP,WR,Rashee Rice,KC,HOU,5,0.0,0.0,0.0,0.0,0.0,0.0,0.0,0.0,0.0,8.0,4.0,34.0,0.0,1.0,0.0,4.40,4.4
2025,14,PP,QB,Kirk Cousins,ATL,SEA,7,15.0,30.0,162.0,0.0,2.0,0.0,0.0,0.0,0.0,0.0,0.0,0.0,0.0,0.0,0.0,2.48,2.48
2025,14,PP,RB,Emanuel Wilson,GB,CHI,17,0.0,0.0,0.0,0.0,0.0,3.0,10.0,0.0,0.0,0.0,0.0,0.0,0.0,0.0,0.0,1.00,1.0
2025,14,PP,TE,Travis Kelce,KC,HOU,5,0.0,0.0,0.0,0.0,0.0,0.0,0.0,0.0,0.0,5.0,1.0,8.0,0.0,0.0,0.0,0.80,0.8
2025,14,PP,TE,Tucker Kraft,GB,CHI,15,0.0,0.0,0.0,0.0,0.0,0.0,0.0,0.0,0.0,0.0,0.0,0.0,0.0,0.0,0.0,-,0.0
2025,14,PP,RB,Jaydon Blue,DAL,@DET,2,0.0,0.0,0.0,0.0,0.0,0.0,0.0,0.0,0.0,0.0,0.0,0.0,0.0,0.0,0.0,-,0.0
2025,14,PP,WR,Stefon Diggs,NE,BYE,---,0.0,0.0,0.0,0.0,0.0,0.0,0.0,0.0,0.0,0.0,0.0,0.0,0.0,0.0,0.0,-,0.0
2025,14,PP,WR,Calvin Ridley,TEN,@CLE,6,0.0,0.0,0.0,0.0,0.0,0.0,0.0,0.0,0.0,0.0,0.0,0.0,0.0,0.0,0.0,-,0.0
2025,14,PP,WR,Jauan Jennings,SF,BYE,---,0.0,0.0,0.0,0.0,0.0,0.0,0.0,0.0,0.0,0.0,0.0,0.0,0.0,0.0,0.0,-,0.0
2025,14,PP,QB,Jalen Milroe,SEA,@ATL,19,0.0,0.0,0.0,0.0,0.0,0.0,0.0,0.0,0.0,0.0,0.0,0.0,0.0,0.0,0.0,-,0.0
2025,14,PP,WR,Tyreek Hill Dead Cap,MIA,0,0,0.0,0.0,0.0,0.0,0.0,0.0,0.0,0.0,0.0,0.0,0.0,0.0,0.0,0.0,0.0,-,0.0
2025,14,PP,RB,MarShawn Lloyd,GB,CHI,17,0.0,0.0,0.0,0.0,0.0,0.0,0.0,0.0,0.0,0.0,0.0,0.0,0.0,0.0,0.0,-,0.0
2025,14,PP,DST,Falcons,ATL,SEA,11,,,,,,,,,,,,,,,,0.00,0.0
2025,14,RR,WR,Michael Wilson,ARI,LAR,18,0.0,0.0,0.0,0.0,0.0,0.0,0.0,0.0,0.0,16.0,11.0,142.0,2.0,9.0,0.0,35.20,35.2
2025,14,RR,QB,Tyler Shough,NO,@TB,29,13.0,20.0,144.0,0.0,1.0,7.0,55.0,2.0,3.0,0.0,0.0,0.0,0.0,0.0,0.0,24.26,24.26
2025,14,RR,QB,Joe Burrow,CIN,@BUF,5,25.0,36.0,284.0,4.0,2.0,0.0,0.0,0.0,0.0,0.0,0.0,0.0,0.0,0.0,0.0,23.36,23.36
2025,14,RR,RB,Woody Marks,HOU,@KC,8,0.0,0.0,0.0,0.0,0.0,26.0,68.0,0.0,3.0,3.0,2.0,8.0,1.0,1.0,0.0,17.60,17.6
2025,14,RR,QB,Baker Mayfield,TB,NO,12,14.0,30.0,122.0,1.0,1.0,6.0,42.0,0.0,3.0,0.0,0.0,0.0,0.0,0.0,0.0,14.08,14.08
2025,14,RR,RB,Kareem Hunt,KC,HOU,7,0.0,0.0,0.0,0.0,0.0,12.0,30.0,1.0,3.0,1.0,0.0,0.0,0.0,0.0,0.0,12.00,12.0
2025,14,RR,TE,Kyle Pitts,ATL,SEA,29,0.0,0.0,0.0,0.0,0.0,0.0,0.0,0.0,0.0,10.0,6.0,90.0,0.0,3.0,0.0,12.00,12.0
2025,14,RR,WR,Davante Adams,LAR,@ARI,17,0.0,0.0,0.0,0.0,0.0,0.0,0.0,0.0,0.0,6.0,4.0,29.0,0.0,3.0,0.0,5.90,5.9
2025,14,RR,WR,George Pickens,DAL,@DET,31,0.0,0.0,0.0,0.0,0.0,0.0,0.0,0.0,0.0,9.0,5.0,37.0,0.0,2.0,0.0,5.70,5.7
2025,14,RR,RB,Breece Hall,NYJ,MIA,15,0.0,0.0,0.0,0.0,0.0,14.0,43.0,0.0,1.0,1.0,0.0,0.0,0.0,0.0,0.0,5.30,5.3
2025,14,RR,TE,Tyler Warren,IND,@JAC,28,0.0,0.0,0.0,0.0,0.0,1.0,2.0,0.0,1.0,6.0,2.0,15.0,0.0,1.0,0.0,3.70,3.7
2025,14,RR,WR,Justin Jefferson,MIN,WAS,28,0.0,0.0,0.0,0.0,0.0,0.0,0.0,0.0,0.0,4.0,2.0,11.0,0.0,1.0,0.0,2.10,2.1
2025,14,RR,RB,Kaleb Johnson,PIT,@BAL,19,0.0,0.0,0.0,0.0,0.0,2.0,4.0,0.0,0.0,0.0,0.0,0.0,0.0,0.0,0.0,0.40,0.4
2025,14,RR,QB,Michael Penix,ATL,SEA,7,0.0,0.0,0.0,0.0,0.0,0.0,0.0,0.0,0.0,0.0,0.0,0.0,0.0,0.0,0.0,-,0.0
2025,14,RR,WR,Jalen McMillan,TB,NO,10,0.0,0.0,0.0,0.0,0.0,0.0,0.0,0.0,0.0,0.0,0.0,0.0,0.0,0.0,0.0,-,0.0
2025,14,RR,RB,Christian McCaffrey,SF,BYE,---,0.0,0.0,0.0,0.0,0.0,0.0,0.0,0.0,0.0,0.0,0.0,0.0,0.0,0.0,0.0,-,0.0
2025,14,RR,RB,Rico Dowdle,CAR,BYE,---,0.0,0.0,0.0,0.0,0.0,0.0,0.0,0.0,0.0,0.0,0.0,0.0,0.0,0.0,0.0,-,0.0
2025,14,RR,WR,Tyreek Hill,MIA,@NYJ,14,0.0,0.0,0.0,0.0,0.0,0.0,0.0,0.0,0.0,0.0,0.0,0.0,0.0,0.0,0.0,-,0.0
2025,14,RR,QB,Marcus Mariota,WAS,@MIN,4,2.0,4.0,30.0,0.0,1.0,2.0,7.0,0.0,0.0,0.0,0.0,0.0,0.0,0.0,1.0,-2.10,-2.1
2025,14,RR,DST,Browns,CLE,TEN,30,,,,,,,,,,,,,,,,2.00,2.0
2025,14,SBS,QB,Lamar Jackson,BAL,PIT,27,19.0,35.0,219.0,1.0,1.0,7.0,43.0,1.0,3.0,0.0,0.0,0.0,0.0,0.0,0.0,24.06,24.06
2025,14,SBS,WR,Christian Watson,GB,CHI,30,0.0,0.0,0.0,0.0,0.0,0.0,0.0,0.0,0.0,4.0,4.0,89.0,2.0,3.0,0.0,23.90,23.9
2025,14,SBS,RB,David Montgomery,DET,DAL,27,0.0,0.0,0.0,0.0,0.0,6.0,60.0,1.0,4.0,1.0,1.0,13.0,0.0,0.0,0.0,17.30,17.3
2025,14,SBS,RB,Jonathan Taylor,IND,@JAC,3,0.0,0.0,0.0,0.0,0.0,21.0,74.0,1.0,3.0,0.0,0.0,0.0,0.0,0.0,1.0,14.40,14.4
2025,14,SBS,WR,Alec Pierce,IND,@JAC,16,0.0,0.0,0.0,0.0,0.0,0.0,0.0,0.0,0.0,8.0,5.0,80.0,0.0,4.0,0.0,12.00,12.0
2025,14,SBS,RB,Kyle Monangai,CHI,@GB,9,0.0,0.0,0.0,0.0,0.0,14.0,57.0,0.0,1.0,2.0,1.0,0.0,0.0,0.0,0.0,8.70,8.7
2025,14,SBS,TE,Mason Taylor,NYJ,MIA,30,0.0,0.0,0.0,0.0,0.0,0.0,0.0,0.0,0.0,8.0,5.0,51.0,0.0,3.0,0.0,8.10,8.1
2025,14,SBS,WR,Devaughn Vele,NO,@TB,20,0.0,0.0,0.0,0.0,0.0,0.0,0.0,0.0,0.0,5.0,3.0,40.0,0.0,3.0,0.0,7.00,7.0
2025,14,SBS,RB,Dylan Sampson,CLE,TEN,20,0.0,0.0,0.0,0.0,0.0,2.0,4.0,0.0,1.0,6.0,5.0,64.0,0.0,1.0,1.0,6.80,6.8
2025,14,SBS,WR,Deebo Samuel,WAS,@MIN,2,0.0,0.0,0.0,0.0,0.0,0.0,0.0,0.0,0.0,6.0,4.0,27.0,0.0,2.0,0.0,4.70,4.7
2025,14,SBS,QB,Jayden Daniels,WAS,@MIN,4,9.0,20.0,78.0,0.0,1.0,4.0,16.0,0.0,1.0,0.0,0.0,0.0,0.0,0.0,0.0,3.72,3.72
2025,14,SBS,TE,Zach Ertz,WAS,@MIN,13,0.0,0.0,0.0,0.0,0.0,0.0,0.0,0.0,0.0,2.0,1.0,11.0,0.0,1.0,0.0,2.10,2.1
2025,14,SBS,WR,Jaylin Noel,HOU,@KC,11,0.0,0.0,0.0,0.0,0.0,1.0,1.0,0.0,0.0,2.0,2.0,12.0,0.0,0.0,0.0,1.30,1.3
2025,14,SBS,WR,Troy Franklin,DEN,@LV,24,0.0,0.0,0.0,0.0,0.0,0.0,0.0,0.0,0.0,4.0,3.0,11.0,0.0,0.0,0.0,1.10,1.1
2025,14,SBS,WR,Christian Kirk,HOU,@KC,11,0.0,0.0,0.0,0.0,0.0,0.0,0.0,0.0,0.0,3.0,1.0,6.0,0.0,0.0,0.0,0.60,0.6
2025,14,SBS,RB,TreVeyon Henderson,NE,BYE,---,0.0,0.0,0.0,0.0,0.0,0.0,0.0,0.0,0.0,0.0,0.0,0.0,0.0,0.0,0.0,-,0.0
2025,14,SBS,RB,Chuba Hubbard,CAR,BYE,---,0.0,0.0,0.0,0.0,0.0,0.0,0.0,0.0,0.0,0.0,0.0,0.0,0.0,0.0,0.0,-,0.0
2025,14,SBS,WR,Wan'Dale Robinson,NYG,BYE,---,0.0,0.0,0.0,0.0,0.0,0.0,0.0,0.0,0.0,0.0,0.0,0.0,0.0,0.0,0.0,-,0.0
2025,14,SBS,DST,Eagles,PHI,@LAC,24,,,,,,,,,,,,,,,,13.00,13.0
2025,15,ABT,WR,Puka Nacua,LAR,DET,31,0.0,0.0,0.0,0.0,0.0,2.0,8.0,0.0,0.0,11.0,9.0,181.0,0.0,8.0,0.0,26.90,26.9
2025,15,ABT,WR,DJ Moore,CHI,CLE,9,0.0,0.0,0.0,0.0,0.0,0.0,0.0,0.0,0.0,5.0,4.0,69.0,2.0,4.0,0.0,22.90,22.9
2025,15,ABT,RB,Tony Pollard,TEN,@SF,15,0.0,0.0,0.0,0.0,0.0,14.0,104.0,1.0,4.0,2.0,1.0,8.0,0.0,1.0,0.0,22.20,22.2
2025,15,ABT,QB,Caleb Williams,CHI,CLE,3,17.0,28.0,242.0,2.0,0.0,3.0,13.0,0.0,1.0,0.0,0.0,0.0,0.0,0.0,0.0,19.98,19.98
2025,15,ABT,WR,Chris Olave,NO,CAR,12,0.0,0.0,0.0,0.0,0.0,0.0,0.0,0.0,0.0,9.0,6.0,85.0,1.0,5.0,0.0,19.50,19.5
2025,15,ABT,RB,Saquon Barkley,PHI,LV,25,0.0,0.0,0.0,0.0,0.0,22.0,78.0,1.0,4.0,3.0,2.0,14.0,0.0,0.0,0.0,19.20,19.2
2025,15,ABT,QB,Bryce Young,CAR,@NO,10,15.0,24.0,163.0,1.0,0.0,7.0,49.0,0.0,3.0,0.0,0.0,0.0,0.0,0.0,0.0,18.42,18.42
2025,15,ABT,RB,Chase Brown,CIN,BAL,18,0.0,0.0,0.0,0.0,0.0,13.0,53.0,0.0,3.0,7.0,7.0,37.0,0.0,2.0,0.0,14.00,14.0
2025,15,ABT,TE,Colston Loveland,CHI,CLE,17,0.0,0.0,0.0,0.0,0.0,1.0,-2.0,0.0,0.0,5.0,4.0,63.0,0.0,4.0,0.0,10.30,10.3
2025,15,ABT,RB,Keaton Mitchell,BAL,@CIN,32,0.0,0.0,0.0,0.0,0.0,8.0,66.0,0.0,3.0,1.0,0.0,0.0,0.0,0.0,0.0,9.60,9.6
2025,15,ABT,WR,Josh Downs,IND,@SEA,2,0.0,0.0,0.0,0.0,0.0,0.0,0.0,0.0,0.0,5.0,3.0,13.0,1.0,1.0,0.0,8.30,8.3
2025,15,ABT,RB,Rachaad White,TB,ATL,20,0.0,0.0,0.0,0.0,0.0,1.0,20.0,0.0,1.0,1.0,1.0,6.0,0.0,0.0,0.0,3.60,3.6
2025,15,ABT,TE,Brenton Strange,JAC,NYJ,16,0.0,0.0,0.0,0.0,0.0,0.0,0.0,0.0,0.0,3.0,1.0,26.0,0.0,1.0,0.0,3.60,3.6
2025,15,ABT,RB,Tyler Allgeier,ATL,@TB,17,0.0,0.0,0.0,0.0,0.0,2.0,18.0,0.0,1.0,0.0,0.0,0.0,0.0,0.0,0.0,2.80,2.8
2025,15,ABT,TE,Hunter Henry,NE,BUF,1,0.0,0.0,0.0,0.0,0.0,0.0,0.0,0.0,0.0,3.0,1.0,18.0,0.0,1.0,0.0,2.80,2.8
2025,15,ABT,WR,Tre Tucker,LV,@PHI,7,0.0,0.0,0.0,0.0,0.0,0.0,0.0,0.0,0.0,3.0,0.0,0.0,0.0,0.0,0.0,0.00,0.0
2025,15,ABT,WR,Calvin Austin,PIT,MIA,6,0.0,0.0,0.0,0.0,0.0,0.0,0.0,0.0,0.0,1.0,0.0,0.0,0.0,0.0,0.0,0.00,0.0
2025,15,ABT,RB,Jonathon Brooks,CAR,@NO,24,0.0,0.0,0.0,0.0,0.0,0.0,0.0,0.0,0.0,0.0,0.0,0.0,0.0,0.0,0.0,-,0.0
2025,15,ABT,QB,Tyrod Taylor,NYJ,@JAC,21,0.0,0.0,0.0,0.0,0.0,0.0,0.0,0.0,0.0,0.0,0.0,0.0,0.0,0.0,0.0,-,0.0
2025,15,ABT,DST,Rams,LAR,DET,1,,,,,,,,,,,,,,,,0.00,0.0
2025,15,CLC,WR,Nico Collins,HOU,ARI,17,0.0,0.0,0.0,0.0,0.0,0.0,0.0,0.0,0.0,4.0,3.0,85.0,2.0,3.0,0.0,23.50,23.5
2025,15,CLC,RB,Javonte Williams,DAL,MIN,21,0.0,0.0,0.0,0.0,0.0,15.0,91.0,1.0,7.0,0.0,0.0,0.0,0.0,0.0,0.0,22.10,22.1
2025,15,CLC,QB,Jacoby Brissett,ARI,@HOU,1,27.0,40.0,249.0,3.0,1.0,3.0,6.0,0.0,1.0,0.0,0.0,0.0,0.0,0.0,0.0,21.56,21.56
2025,15,CLC,QB,Cam Ward,TEN,@SF,22,18.0,29.0,170.0,2.0,0.0,1.0,2.0,0.0,1.0,0.0,0.0,0.0,0.0,0.0,0.0,16.00,16.0
2025,15,CLC,QB,Jordan Love,GB,@DEN,6,24.0,40.0,276.0,1.0,2.0,3.0,29.0,0.0,2.0,0.0,0.0,0.0,0.0,0.0,0.0,15.94,15.94
2025,15,CLC,WR,Ricky Pearsall,SF,TEN,28,0.0,0.0,0.0,0.0,0.0,0.0,0.0,0.0,0.0,7.0,6.0,96.0,0.0,5.0,0.0,14.60,14.6
2025,15,CLC,WR,DeVonta Smith,PHI,LV,23,0.0,0.0,0.0,0.0,0.0,0.0,0.0,0.0,0.0,2.0,2.0,50.0,0.0,2.0,0.0,7.00,7.0
2025,15,CLC,TE,AJ Barner,SEA,IND,25,0.0,0.0,0.0,0.0,0.0,0.0,0.0,0.0,0.0,6.0,3.0,27.0,0.0,2.0,0.0,4.70,4.7
2025,15,CLC,WR,Jaylen Waddle,MIA,@PIT,21,0.0,0.0,0.0,0.0,0.0,0.0,0.0,0.0,0.0,4.0,2.0,26.0,0.0,2.0,0.0,4.60,4.6
2025,15,CLC,TE,Dalton Kincaid,BUF,@NE,23,0.0,0.0,0.0,0.0,0.0,0.0,0.0,0.0,0.0,4.0,3.0,34.0,0.0,1.0,0.0,4.40,4.4
2025,15,CLC,TE,Terrance Ferguson,LAR,DET,19,0.0,0.0,0.0,0.0,0.0,0.0,0.0,0.0,0.0,2.0,1.0,6.0,0.0,0.0,0.0,0.60,0.6
2025,15,CLC,WR,Rome Odunze,CHI,CLE,8,0.0,0.0,0.0,0.0,0.0,0.0,0.0,0.0,0.0,0.0,0.0,0.0,0.0,0.0,0.0,-,0.0
2025,15,CLC,RB,Chris Rodriguez,WAS,@NYG,30,0.0,0.0,0.0,0.0,0.0,0.0,0.0,0.0,0.0,0.0,0.0,0.0,0.0,0.0,0.0,-,0.0
2025,15,CLC,RB,Ollie Gordon,MIA,@PIT,13,0.0,0.0,0.0,0.0,0.0,2.0,0.0,0.0,0.0,0.0,0.0,0.0,0.0,0.0,0.0,0.00,0.0
2025,15,CLC,RB,Zack Moss Dead Cap,CIN,0,0,0.0,0.0,0.0,0.0,0.0,0.0,0.0,0.0,0.0,0.0,0.0,0.0,0.0,0.0,0.0,-,0.0
2025,15,CLC,RB,Alvin Kamara,NO,CAR,22,0.0,0.0,0.0,0.0,0.0,0.0,0.0,0.0,0.0,0.0,0.0,0.0,0.0,0.0,0.0,-,0.0
2025,15,CLC,RB,Trevor Etienne,CAR,@NO,24,0.0,0.0,0.0,0.0,0.0,0.0,0.0,0.0,0.0,0.0,0.0,0.0,0.0,0.0,0.0,0.00,0.0
2025,15,CLC,WR,Ja'Lynn Polk,NO,CAR,12,0.0,0.0,0.0,0.0,0.0,0.0,0.0,0.0,0.0,0.0,0.0,0.0,0.0,0.0,0.0,-,0.0
2025,15,CLC,QB,Justin Fields,NYJ,@JAC,21,0.0,0.0,0.0,0.0,0.0,0.0,0.0,0.0,0.0,0.0,0.0,0.0,0.0,0.0,0.0,-,0.0
2025,15,CLC,DST,Bills,BUF,@NE,16,,,,,,,,,,,,,,,,5.00,5.0
2025,15,CPC,RB,James Cook,BUF,@NE,3,0.0,0.0,0.0,0.0,0.0,22.0,107.0,2.0,4.0,3.0,2.0,4.0,1.0,1.0,0.0,34.10,34.1
2025,15,CPC,QB,Drake Maye,NE,BUF,7,14.0,23.0,155.0,0.0,1.0,4.0,43.0,2.0,4.0,0.0,0.0,0.0,0.0,0.0,0.0,24.50,24.5
2025,15,CPC,TE,George Kittle,SF,TEN,18,0.0,0.0,0.0,0.0,0.0,0.0,0.0,0.0,0.0,9.0,8.0,88.0,1.0,5.0,0.0,19.80,19.8
2025,15,CPC,WR,Ja'Marr Chase,CIN,BAL,22,0.0,0.0,0.0,0.0,0.0,0.0,0.0,0.0,0.0,16.0,10.0,132.0,0.0,5.0,0.0,18.20,18.2
2025,15,CPC,WR,Adonai Mitchell,NYJ,@JAC,16,0.0,0.0,0.0,0.0,0.0,1.0,-4.0,0.0,0.0,9.0,6.0,58.0,1.0,4.0,0.0,15.80,15.8
2025,15,CPC,RB,Derrick Henry,BAL,@CIN,32,0.0,0.0,0.0,0.0,0.0,11.0,100.0,0.0,4.0,0.0,0.0,0.0,0.0,0.0,0.0,14.00,14.0
2025,15,CPC,QB,Sam Darnold,SEA,IND,11,22.0,36.0,271.0,0.0,0.0,4.0,5.0,0.0,2.0,0.0,0.0,0.0,0.0,0.0,0.0,13.34,13.34
2025,15,CPC,WR,Jakobi Meyers,JAC,NYJ,14,0.0,0.0,0.0,0.0,0.0,0.0,0.0,0.0,0.0,7.0,5.0,71.0,0.0,5.0,0.0,12.10,12.1
2025,15,CPC,QB,Dak Prescott,DAL,MIN,4,23.0,38.0,294.0,0.0,0.0,1.0,2.0,0.0,0.0,0.0,0.0,0.0,0.0,0.0,0.0,11.96,11.96
2025,15,CPC,WR,Matthew Golden,GB,@DEN,5,0.0,0.0,0.0,0.0,0.0,0.0,0.0,0.0,0.0,4.0,3.0,55.0,0.0,3.0,0.0,8.50,8.5
2025,15,CPC,RB,Jordan Mason,MIN,@DAL,26,0.0,0.0,0.0,0.0,0.0,10.0,29.0,0.0,1.0,0.0,0.0,0.0,0.0,0.0,0.0,3.90,3.9
2025,15,CPC,RB,Brian Robinson,SF,TEN,19,0.0,0.0,0.0,0.0,0.0,9.0,21.0,0.0,1.0,0.0,0.0,0.0,0.0,0.0,0.0,3.10,3.1
2025,15,CPC,RB,Quinshon Judkins,CLE,@CHI,14,0.0,0.0,0.0,0.0,0.0,12.0,21.0,0.0,0.0,4.0,3.0,-4.0,0.0,0.0,0.0,2.10,2.1
2025,15,CPC,WR,Ladd McConkey,LAC,@KC,11,0.0,0.0,0.0,0.0,0.0,0.0,0.0,0.0,0.0,3.0,2.0,20.0,0.0,0.0,0.0,2.00,2.0
2025,15,CPC,TE,Ja'Tavion Sanders,CAR,@NO,13,0.0,0.0,0.0,0.0,0.0,0.0,0.0,0.0,0.0,2.0,2.0,5.0,0.0,0.0,0.0,0.50,0.5
2025,15,CPC,WR,Tee Higgins,CIN,BAL,22,0.0,0.0,0.0,0.0,0.0,0.0,0.0,0.0,0.0,0.0,0.0,0.0,0.0,0.0,0.0,-,0.0
2025,15,CPC,QB,Geno Smith,LV,@PHI,12,0.0,0.0,0.0,0.0,0.0,0.0,0.0,0.0,0.0,0.0,0.0,0.0,0.0,0.0,0.0,-,0.0
2025,15,CPC,WR,Dontayvion Wicks Dead Cap,GB,0,0,0.0,0.0,0.0,0.0,0.0,0.0,0.0,0.0,0.0,0.0,0.0,0.0,0.0,0.0,0.0,-,0.0
2025,15,CPC,WR,Jalen Royals,KC,LAC,1,0.0,0.0,0.0,0.0,0.0,0.0,0.0,0.0,0.0,0.0,0.0,0.0,0.0,0.0,0.0,-,0.0
2025,15,CPC,DST,Texans,HOU,ARI,28,,,,,,,,,,,,,,,,9.00,9.0
2025,15,DDD,QB,Brock Purdy,SF,TEN,28,23.0,30.0,295.0,3.0,0.0,7.0,44.0,0.0,4.0,0.0,0.0,0.0,0.0,0.0,1.0,30.20,30.2
2025,15,DDD,QB,Jared Goff,DET,@LAR,14,25.0,41.0,338.0,3.0,0.0,0.0,0.0,0.0,0.0,0.0,0.0,0.0,0.0,0.0,0.0,25.52,25.52
2025,15,DDD,TE,Darren Waller,MIA,@PIT,29,0.0,0.0,0.0,0.0,0.0,0.0,0.0,0.0,0.0,8.0,7.0,66.0,2.0,5.0,0.0,23.60,23.6
2025,15,DDD,RB,Kenneth Gainwell,PIT,MIA,16,0.0,0.0,0.0,0.0,0.0,13.0,80.0,0.0,3.0,7.0,7.0,46.0,0.0,3.0,0.0,18.60,18.6
2025,15,DDD,WR,Zay Flowers,BAL,@CIN,9,0.0,0.0,0.0,0.0,0.0,0.0,0.0,0.0,0.0,5.0,3.0,68.0,1.0,3.0,0.0,15.80,15.8
2025,15,DDD,RB,Bucky Irving,TB,ATL,20,0.0,0.0,0.0,0.0,0.0,16.0,60.0,0.0,3.0,3.0,1.0,11.0,0.0,1.0,0.0,11.10,11.1
2025,15,DDD,WR,Emeka Egbuka,TB,ATL,25,0.0,0.0,0.0,0.0,0.0,0.0,0.0,0.0,0.0,7.0,4.0,64.0,0.0,4.0,0.0,10.40,10.4
2025,15,DDD,TE,Theo Johnson,NYG,WAS,30,0.0,0.0,0.0,0.0,0.0,0.0,0.0,0.0,0.0,4.0,3.0,72.0,0.0,2.0,0.0,9.20,9.2
2025,15,DDD,RB,Jahmyr Gibbs,DET,@LAR,2,0.0,0.0,0.0,0.0,0.0,13.0,38.0,0.0,0.0,7.0,4.0,20.0,0.0,1.0,0.0,6.80,6.8
2025,15,DDD,RB,Kimani Vidal,LAC,@KC,8,0.0,0.0,0.0,0.0,0.0,12.0,33.0,0.0,1.0,1.0,1.0,15.0,0.0,1.0,0.0,6.80,6.8
2025,15,DDD,WR,Keenan Allen,LAC,@KC,11,0.0,0.0,0.0,0.0,0.0,0.0,0.0,0.0,0.0,7.0,5.0,36.0,0.0,2.0,0.0,5.60,5.6
2025,15,DDD,WR,Elic Ayomanor,TEN,@SF,18,0.0,0.0,0.0,0.0,0.0,0.0,0.0,0.0,0.0,1.0,1.0,17.0,0.0,1.0,0.0,2.70,2.7
2025,15,DDD,WR,Tank Dell,HOU,ARI,17,0.0,0.0,0.0,0.0,0.0,0.0,0.0,0.0,0.0,0.0,0.0,0.0,0.0,0.0,0.0,-,0.0
2025,15,DDD,WR,Malik Nabers,NYG,WAS,26,0.0,0.0,0.0,0.0,0.0,0.0,0.0,0.0,0.0,0.0,0.0,0.0,0.0,0.0,0.0,-,0.0
2025,15,DDD,WR,Tez Johnson,TB,ATL,25,0.0,0.0,0.0,0.0,0.0,0.0,0.0,0.0,0.0,1.0,0.0,0.0,0.0,0.0,0.0,0.00,0.0
2025,15,DDD,QB,Deshaun Watson Dead Cap,CLE,0,0,0.0,0.0,0.0,0.0,0.0,0.0,0.0,0.0,0.0,0.0,0.0,0.0,0.0,0.0,0.0,-,0.0
2025,15,DDD,TE,Sam LaPorta,DET,@LAR,9,0.0,0.0,0.0,0.0,0.0,0.0,0.0,0.0,0.0,0.0,0.0,0.0,0.0,0.0,0.0,-,0.0
2025,15,DDD,WR,Quentin Johnston,LAC,@KC,11,0.0,0.0,0.0,0.0,0.0,0.0,0.0,0.0,0.0,0.0,0.0,0.0,0.0,0.0,0.0,-,0.0
2025,15,DDD,QB,Mac Jones,SF,TEN,28,0.0,0.0,0.0,0.0,0.0,0.0,0.0,0.0,0.0,0.0,0.0,0.0,0.0,0.0,0.0,-,0.0
2025,15,DDD,RB,Cam Skattebo,NYG,WAS,27,0.0,0.0,0.0,0.0,0.0,0.0,0.0,0.0,0.0,0.0,0.0,0.0,0.0,0.0,0.0,-,0.0
2025,15,DDD,RB,Kendre Miller,NO,CAR,22,0.0,0.0,0.0,0.0,0.0,0.0,0.0,0.0,0.0,0.0,0.0,0.0,0.0,0.0,0.0,-,0.0
2025,15,DDD,DST,Seahawks,SEA,IND,6,,,,,,,,,,,,,,,,4.00,4.0
2025,15,LBC,RB,Travis Etienne,JAC,NYJ,31,0.0,0.0,0.0,0.0,0.0,12.0,32.0,0.0,3.0,4.0,3.0,73.0,3.0,3.0,0.0,34.50,34.5
2025,15,LBC,TE,Trey McBride,ARI,@HOU,8,0.0,0.0,0.0,0.0,0.0,0.0,0.0,0.0,0.0,13.0,12.0,134.0,2.0,8.0,0.0,33.40,33.4
2025,15,LBC,QB,Bo Nix,DEN,GB,9,23.0,34.0,302.0,4.0,0.0,7.0,10.0,0.0,2.0,0.0,0.0,0.0,0.0,0.0,0.0,31.08,31.08
2025,15,LBC,RB,Kyren Williams,LAR,DET,5,0.0,0.0,0.0,0.0,0.0,15.0,78.0,2.0,4.0,1.0,1.0,10.0,0.0,1.0,0.0,25.80,25.8
2025,15,LBC,QB,CJ Stroud,HOU,ARI,13,22.0,29.0,260.0,3.0,0.0,6.0,10.0,0.0,1.0,0.0,0.0,0.0,0.0,0.0,0.0,24.40,24.4
2025,15,LBC,QB,Aaron Rodgers,PIT,MIA,23,23.0,27.0,224.0,2.0,0.0,0.0,0.0,0.0,0.0,0.0,0.0,0.0,0.0,0.0,0.0,16.96,16.96
2025,15,LBC,WR,Jaxon Smith-Njigba,SEA,IND,27,0.0,0.0,0.0,0.0,0.0,0.0,0.0,0.0,0.0,9.0,7.0,113.0,0.0,3.0,0.0,14.30,14.3
2025,15,LBC,WR,Jalen Coker,CAR,@NO,10,0.0,0.0,0.0,0.0,0.0,0.0,0.0,0.0,0.0,4.0,4.0,60.0,1.0,3.0,1.0,13.00,13.0
2025,15,LBC,RB,Rhamondre Stevenson,NE,BUF,28,0.0,0.0,0.0,0.0,0.0,6.0,50.0,0.0,4.0,3.0,3.0,27.0,0.0,1.0,0.0,12.70,12.7
2025,15,LBC,RB,RJ Harvey,DEN,GB,9,0.0,0.0,0.0,0.0,0.0,19.0,65.0,1.0,2.0,1.0,0.0,0.0,0.0,0.0,1.0,12.50,12.5
2025,15,LBC,TE,Brock Bowers,LV,@PHI,2,0.0,0.0,0.0,0.0,0.0,0.0,0.0,0.0,0.0,8.0,6.0,28.0,0.0,3.0,0.0,5.80,5.8
2025,15,LBC,WR,Michael Pittman,IND,@SEA,2,0.0,0.0,0.0,0.0,0.0,0.0,0.0,0.0,0.0,5.0,3.0,26.0,0.0,2.0,0.0,4.60,4.6
2025,15,LBC,WR,Jerry Jeudy,CLE,@CHI,29,0.0,0.0,0.0,0.0,0.0,0.0,0.0,0.0,0.0,4.0,2.0,22.0,0.0,2.0,0.0,4.20,4.2
2025,15,LBC,RB,Isiah Pacheco,KC,LAC,12,0.0,0.0,0.0,0.0,0.0,11.0,21.0,0.0,1.0,0.0,0.0,0.0,0.0,0.0,0.0,3.10,3.1
2025,15,LBC,WR,Jack Bech,LV,@PHI,7,0.0,0.0,0.0,0.0,0.0,0.0,0.0,0.0,0.0,3.0,2.0,17.0,0.0,0.0,0.0,1.70,1.7
2025,15,LBC,TE,Evan Engram,DEN,GB,7,0.0,0.0,0.0,0.0,0.0,0.0,0.0,0.0,0.0,3.0,1.0,12.0,0.0,0.0,0.0,1.20,1.2
2025,15,LBC,WR,Kyle Williams,NE,BUF,13,0.0,0.0,0.0,0.0,0.0,0.0,0.0,0.0,0.0,0.0,0.0,0.0,0.0,0.0,0.0,0.00,0.0
2025,15,LBC,WR,Brandon Aiyuk,SF,TEN,28,0.0,0.0,0.0,0.0,0.0,0.0,0.0,0.0,0.0,0.0,0.0,0.0,0.0,0.0,0.0,-,0.0
2025,15,LBC,WR,Michael Wilson Dead Cap,ARI,0,0,0.0,0.0,0.0,0.0,0.0,0.0,0.0,0.0,0.0,0.0,0.0,0.0,0.0,0.0,0.0,-,0.0
2025,15,LBC,WR,Drake London,ATL,@TB,19,0.0,0.0,0.0,0.0,0.0,0.0,0.0,0.0,0.0,0.0,0.0,0.0,0.0,0.0,0.0,-,0.0
2025,15,LBC,DST,Broncos,DEN,GB,3,,,,,,,,,,,,,,,,9.00,9.0
2025,15,LC,QB,Jalen Hurts,PHI,LV,17,12.0,15.0,175.0,3.0,0.0,7.0,39.0,0.0,4.0,0.0,0.0,0.0,0.0,0.0,0.0,26.90,26.9
2025,15,LC,TE,Dalton Schultz,HOU,ARI,28,0.0,0.0,0.0,0.0,0.0,0.0,0.0,0.0,0.0,9.0,8.0,76.0,1.0,5.0,0.0,18.60,18.6
2025,15,LC,QB,Patrick Mahomes,KC,LAC,2,16.0,28.0,189.0,0.0,1.0,2.0,15.0,1.0,1.0,0.0,0.0,0.0,0.0,0.0,0.0,14.06,14.06
2025,15,LC,WR,DK Metcalf,PIT,MIA,6,0.0,0.0,0.0,0.0,0.0,0.0,0.0,0.0,0.0,3.0,3.0,55.0,1.0,2.0,0.0,13.50,13.5
2025,15,LC,WR,Rashid Shaheed,SEA,IND,27,0.0,0.0,0.0,0.0,0.0,1.0,-3.0,0.0,0.0,7.0,5.0,74.0,0.0,3.0,0.0,10.40,10.4
2025,15,LC,WR,Luther Burden,CHI,CLE,9,0.0,0.0,0.0,0.0,0.0,0.0,0.0,0.0,0.0,7.0,6.0,84.0,0.0,2.0,0.0,10.40,10.4
2025,15,LC,RB,Zach Charbonnet,SEA,IND,10,0.0,0.0,0.0,0.0,0.0,8.0,31.0,0.0,4.0,1.0,0.0,0.0,0.0,0.0,0.0,7.10,7.1
2025,15,LC,RB,Jaylen Warren,PIT,MIA,16,0.0,0.0,0.0,0.0,0.0,12.0,33.0,0.0,1.0,3.0,3.0,15.0,0.0,1.0,0.0,6.80,6.8
2025,15,LC,WR,Xavier Legette,CAR,@NO,10,0.0,0.0,0.0,0.0,0.0,0.0,0.0,0.0,0.0,3.0,2.0,39.0,0.0,1.0,0.0,4.90,4.9
2025,15,LC,WR,Xavier Worthy,KC,LAC,1,0.0,0.0,0.0,0.0,0.0,0.0,0.0,0.0,0.0,4.0,2.0,35.0,0.0,1.0,0.0,4.50,4.5
2025,15,LC,WR,DeAndre Hopkins,BAL,@CIN,8,0.0,0.0,0.0,0.0,0.0,0.0,0.0,0.0,0.0,1.0,1.0,32.0,0.0,1.0,0.0,4.20,4.2
2025,15,LC,WR,Kayshon Boutte,NE,BUF,13,0.0,0.0,0.0,0.0,0.0,0.0,0.0,0.0,0.0,1.0,1.0,30.0,0.0,1.0,0.0,4.00,4.0
2025,15,LC,TE,Jake Ferguson,DAL,MIN,12,0.0,0.0,0.0,0.0,0.0,0.0,0.0,0.0,0.0,4.0,2.0,16.0,0.0,0.0,0.0,1.60,1.6
2025,15,LC,RB,James Conner,ARI,@HOU,7,0.0,0.0,0.0,0.0,0.0,0.0,0.0,0.0,0.0,0.0,0.0,0.0,0.0,0.0,0.0,-,0.0
2025,15,LC,RB,Joe Mixon,HOU,ARI,29,0.0,0.0,0.0,0.0,0.0,0.0,0.0,0.0,0.0,0.0,0.0,0.0,0.0,0.0,0.0,-,0.0
2025,15,LC,WR,Luke McCaffrey,WAS,@NYG,30,0.0,0.0,0.0,0.0,0.0,0.0,0.0,0.0,0.0,0.0,0.0,0.0,0.0,0.0,0.0,-,0.0
2025,15,LC,RB,Jerome Ford,CLE,@CHI,14,0.0,0.0,0.0,0.0,0.0,0.0,0.0,0.0,0.0,0.0,0.0,0.0,0.0,0.0,0.0,-,0.0
2025,15,LC,WR,Tory Horton,SEA,IND,27,0.0,0.0,0.0,0.0,0.0,0.0,0.0,0.0,0.0,0.0,0.0,0.0,0.0,0.0,0.0,-,0.0
2025,15,LC,WR,Travis Hunter,JAC,NYJ,14,0.0,0.0,0.0,0.0,0.0,0.0,0.0,0.0,0.0,0.0,0.0,0.0,0.0,0.0,0.0,-,0.0
2025,15,LC,DST,49ers,SF,TEN,25,,,,,,,,,,,,,,,,0.00,0.0
2025,15,MB,WR,Amon-Ra St Brown,DET,@LAR,24,0.0,0.0,0.0,0.0,0.0,0.0,0.0,0.0,0.0,18.0,13.0,164.0,2.0,9.0,0.0,37.40,37.4
2025,15,MB,RB,Bijan Robinson,ATL,@TB,17,0.0,0.0,0.0,0.0,0.0,19.0,93.0,1.0,5.0,11.0,8.0,82.0,0.0,4.0,1.0,30.50,30.5
2025,15,MB,RB,Tyrone Tracy,NYG,WAS,27,0.0,0.0,0.0,0.0,0.0,15.0,70.0,1.0,5.0,3.0,3.0,27.0,1.0,1.0,0.0,27.70,27.7
2025,15,MB,QB,Jaxson Dart,NYG,WAS,27,20.0,36.0,246.0,2.0,1.0,9.0,63.0,0.0,2.0,0.0,0.0,0.0,0.0,0.0,0.0,24.14,24.14
2025,15,MB,RB,Jacory Croskey-Merritt,WAS,@NYG,30,0.0,0.0,0.0,0.0,0.0,18.0,96.0,1.0,7.0,0.0,0.0,0.0,0.0,0.0,0.0,22.60,22.6
2025,15,MB,QB,Matthew Stafford,LAR,DET,26,24.0,38.0,368.0,2.0,1.0,1.0,2.0,0.0,0.0,0.0,0.0,0.0,0.0,0.0,0.0,20.92,20.92
2025,15,MB,RB,Aaron Jones,MIN,@DAL,26,0.0,0.0,0.0,0.0,0.0,12.0,34.0,0.0,3.0,3.0,3.0,31.0,0.0,1.0,0.0,10.50,10.5
2025,15,MB,WR,Tre Harris,LAC,@KC,11,0.0,0.0,0.0,0.0,0.0,0.0,0.0,0.0,0.0,5.0,3.0,49.0,0.0,1.0,0.0,5.90,5.9
2025,15,MB,WR,Cooper Kupp,SEA,IND,27,0.0,0.0,0.0,0.0,0.0,0.0,0.0,0.0,0.0,7.0,5.0,46.0,0.0,1.0,0.0,5.60,5.6
2025,15,MB,TE,Juwan Johnson,NO,CAR,21,0.0,0.0,0.0,0.0,0.0,0.0,0.0,0.0,0.0,4.0,4.0,30.0,0.0,2.0,0.0,5.00,5.0
2025,15,MB,TE,Mark Andrews,BAL,@CIN,32,0.0,0.0,0.0,0.0,0.0,0.0,0.0,0.0,0.0,3.0,2.0,18.0,0.0,1.0,0.0,2.80,2.8
2025,15,MB,WR,Kendrick Bourne,SF,TEN,28,0.0,0.0,0.0,0.0,0.0,0.0,0.0,0.0,0.0,3.0,2.0,17.0,0.0,1.0,0.0,2.70,2.7
2025,15,MB,WR,Josh Palmer,BUF,@NE,15,0.0,0.0,0.0,0.0,0.0,0.0,0.0,0.0,0.0,2.0,1.0,16.0,0.0,1.0,0.0,2.60,2.6
2025,15,MB,RB,Ray Davis,BUF,@NE,3,0.0,0.0,0.0,0.0,0.0,0.0,0.0,0.0,0.0,1.0,1.0,13.0,0.0,1.0,0.0,2.30,2.3
2025,15,MB,WR,Marvin Harrison,ARI,@HOU,3,0.0,0.0,0.0,0.0,0.0,0.0,0.0,0.0,0.0,0.0,0.0,0.0,0.0,0.0,0.0,-,0.0
2025,15,MB,RB,Isaac Guerendo,SF,TEN,19,0.0,0.0,0.0,0.0,0.0,0.0,0.0,0.0,0.0,0.0,0.0,0.0,0.0,0.0,0.0,0.00,0.0
2025,15,MB,RB,Jarquez Hunter,LAR,DET,5,0.0,0.0,0.0,0.0,0.0,0.0,0.0,0.0,0.0,0.0,0.0,0.0,0.0,0.0,0.0,-,0.0
2025,15,MB,QB,Joe Flacco,CIN,BAL,16,0.0,0.0,0.0,0.0,0.0,0.0,0.0,0.0,0.0,0.0,0.0,0.0,0.0,0.0,0.0,-,0.0
2025,15,MB,QB,Kyler Murray,ARI,@HOU,1,0.0,0.0,0.0,0.0,0.0,0.0,0.0,0.0,0.0,0.0,0.0,0.0,0.0,0.0,0.0,-,0.0
2025,15,MB,DST,Chiefs,KC,LAC,22,,,,,,,,,,,,,,,,7.00,7.0
2025,15,NBB,QB,Trevor Lawrence,JAC,NYJ,24,20.0,32.0,330.0,5.0,0.0,5.0,51.0,1.0,3.0,0.0,0.0,0.0,0.0,0.0,0.0,47.30,47.3
2025,15,NBB,QB,Josh Allen,BUF,@NE,18,19.0,28.0,193.0,3.0,0.0,11.0,48.0,0.0,4.0,0.0,0.0,0.0,0.0,0.0,0.0,28.52,28.52
2025,15,NBB,RB,D'Andre Swift,CHI,CLE,11,0.0,0.0,0.0,0.0,0.0,18.0,98.0,2.0,6.0,1.0,1.0,-2.0,0.0,0.0,0.0,27.80,27.8
2025,15,NBB,WR,Jameson Williams,DET,@LAR,24,0.0,0.0,0.0,0.0,0.0,0.0,0.0,0.0,0.0,9.0,7.0,134.0,1.0,6.0,0.0,25.40,25.4
2025,15,NBB,TE,Dallas Goedert,PHI,LV,4,0.0,0.0,0.0,0.0,0.0,0.0,0.0,0.0,0.0,7.0,6.0,70.0,2.0,5.0,0.0,24.00,24.0
2025,15,NBB,WR,Mike Evans,TB,ATL,25,0.0,0.0,0.0,0.0,0.0,0.0,0.0,0.0,0.0,12.0,6.0,132.0,0.0,6.0,0.0,19.20,19.2
2025,15,NBB,RB,Blake Corum,LAR,DET,5,0.0,0.0,0.0,0.0,0.0,11.0,71.0,1.0,4.0,0.0,0.0,0.0,0.0,0.0,0.0,17.10,17.1
2025,15,NBB,WR,Brian Thomas,JAC,NYJ,14,0.0,0.0,0.0,0.0,0.0,1.0,5.0,0.0,0.0,7.0,4.0,66.0,1.0,3.0,0.0,16.10,16.1
2025,15,NBB,WR,Terry McLaurin,WAS,@NYG,30,0.0,0.0,0.0,0.0,0.0,0.0,0.0,0.0,0.0,4.0,3.0,69.0,1.0,3.0,0.0,15.90,15.9
2025,15,NBB,WR,Chris Godwin,TB,ATL,25,0.0,0.0,0.0,0.0,0.0,0.0,0.0,0.0,0.0,5.0,4.0,20.0,1.0,2.0,0.0,12.00,12.0
2025,15,NBB,RB,Bhayshul Tuten,JAC,NYJ,31,0.0,0.0,0.0,0.0,0.0,1.0,7.0,0.0,0.0,1.0,1.0,16.0,1.0,1.0,0.0,9.30,9.3
2025,15,NBB,WR,Khalil Shakir,BUF,@NE,15,0.0,0.0,0.0,0.0,0.0,0.0,0.0,0.0,0.0,5.0,5.0,65.0,0.0,2.0,0.0,8.50,8.5
2025,15,NBB,WR,Jayden Reed,GB,@DEN,5,0.0,0.0,0.0,0.0,0.0,0.0,0.0,0.0,0.0,6.0,5.0,55.0,0.0,2.0,0.0,7.50,7.5
2025,15,NBB,TE,Harold Fannin,CLE,@CHI,14,0.0,0.0,0.0,0.0,0.0,1.0,2.0,0.0,0.0,14.0,7.0,48.0,0.0,2.0,0.0,7.00,7.0
2025,15,NBB,WR,Tetairoa McMillan,CAR,@NO,10,0.0,0.0,0.0,0.0,0.0,0.0,0.0,0.0,0.0,4.0,2.0,25.0,0.0,1.0,0.0,3.50,3.5
2025,15,NBB,RB,Will Shipley,PHI,LV,25,0.0,0.0,0.0,0.0,0.0,0.0,0.0,0.0,0.0,0.0,0.0,0.0,0.0,0.0,0.0,0.00,0.0
2025,15,NBB,TE,David Njoku,CLE,@CHI,14,0.0,0.0,0.0,0.0,0.0,0.0,0.0,0.0,0.0,0.0,0.0,0.0,0.0,0.0,0.0,-,0.0
2025,15,NBB,RB,Najee Harris,LAC,@KC,8,0.0,0.0,0.0,0.0,0.0,0.0,0.0,0.0,0.0,0.0,0.0,0.0,0.0,0.0,0.0,-,0.0
2025,15,NBB,DST,Giants,NYG,WAS,24,,,,,,,,,,,,,,,,5.00,5.0
2025,15,PCP,QB,Tua Tagovailoa,MIA,@PIT,25,22.0,28.0,253.0,2.0,1.0,1.0,1.0,0.0,0.0,0.0,0.0,0.0,0.0,0.0,0.0,16.22,16.22
2025,15,PCP,WR,CeeDee Lamb,DAL,MIN,4,0.0,0.0,0.0,0.0,0.0,0.0,0.0,0.0,0.0,10.0,6.0,111.0,0.0,4.0,0.0,15.10,15.1
2025,15,PCP,RB,Devin Neal,NO,CAR,22,0.0,0.0,0.0,0.0,0.0,7.0,28.0,1.0,3.0,1.0,1.0,4.0,0.0,0.0,0.0,12.20,12.2
2025,15,PCP,WR,AJ Brown,PHI,LV,23,0.0,0.0,0.0,0.0,0.0,0.0,0.0,0.0,0.0,2.0,2.0,41.0,1.0,2.0,0.0,12.10,12.1
2025,15,PCP,TE,TJ Hockenson,MIN,@DAL,15,0.0,0.0,0.0,0.0,0.0,0.0,0.0,0.0,0.0,5.0,4.0,66.0,0.0,3.0,0.0,9.60,9.6
2025,15,PCP,TE,Luke Musgrave,GB,@DEN,20,0.0,0.0,0.0,0.0,0.0,0.0,0.0,0.0,0.0,6.0,4.0,52.0,0.0,2.0,0.0,7.20,7.2
2025,15,PCP,RB,Tyjae Spears,TEN,@SF,15,0.0,0.0,0.0,0.0,0.0,3.0,34.0,0.0,3.0,2.0,2.0,2.0,0.0,0.0,0.0,6.60,6.6
2025,15,PCP,TE,Pat Freiermuth,PIT,MIA,31,0.0,0.0,0.0,0.0,0.0,0.0,0.0,0.0,0.0,5.0,3.0,45.0,0.0,2.0,0.0,6.50,6.5
2025,15,PCP,WR,Romeo Doubs,GB,@DEN,5,0.0,0.0,0.0,0.0,0.0,0.0,0.0,0.0,0.0,3.0,2.0,36.0,0.0,2.0,0.0,5.60,5.6
2025,15,PCP,RB,Ashton Jeanty,LV,@PHI,23,0.0,0.0,0.0,0.0,0.0,9.0,35.0,0.0,1.0,6.0,4.0,7.0,0.0,0.0,0.0,5.20,5.2
2025,15,PCP,QB,Shedeur Sanders,CLE,@CHI,20,18.0,35.0,177.0,0.0,3.0,2.0,24.0,0.0,1.0,0.0,0.0,0.0,0.0,0.0,0.0,4.48,4.48
2025,15,PCP,RB,Kenneth Walker,SEA,IND,10,0.0,0.0,0.0,0.0,0.0,9.0,17.0,0.0,0.0,1.0,1.0,2.0,0.0,0.0,0.0,1.90,1.9
2025,15,PCP,RB,DJ Giddens,IND,@SEA,4,0.0,0.0,0.0,0.0,0.0,0.0,0.0,0.0,0.0,0.0,0.0,0.0,0.0,0.0,0.0,-,0.0
2025,15,PCP,RB,Trey Benson,ARI,@HOU,7,0.0,0.0,0.0,0.0,0.0,0.0,0.0,0.0,0.0,0.0,0.0,0.0,0.0,0.0,0.0,-,0.0
2025,15,PCP,QB,Daniel Jones,IND,@SEA,5,0.0,0.0,0.0,0.0,0.0,0.0,0.0,0.0,0.0,0.0,0.0,0.0,0.0,0.0,0.0,-,0.0
2025,15,PCP,WR,Garrett Wilson,NYJ,@JAC,16,0.0,0.0,0.0,0.0,0.0,0.0,0.0,0.0,0.0,0.0,0.0,0.0,0.0,0.0,0.0,-,0.0
2025,15,PCP,RB,Braelon Allen,NYJ,@JAC,1,0.0,0.0,0.0,0.0,0.0,0.0,0.0,0.0,0.0,0.0,0.0,0.0,0.0,0.0,0.0,-,0.0
2025,15,PCP,RB,Nick Chubb,HOU,ARI,29,0.0,0.0,0.0,0.0,0.0,0.0,0.0,0.0,0.0,0.0,0.0,0.0,0.0,0.0,0.0,-,0.0
2025,15,PCP,WR,Keon Coleman,BUF,@NE,15,0.0,0.0,0.0,0.0,0.0,0.0,0.0,0.0,0.0,0.0,0.0,0.0,0.0,0.0,0.0,0.00,0.0
2025,15,PCP,DST,Patriots,NE,BUF,7,,,,,,,,,,,,,,,,1.00,1.0
2025,15,PP,QB,Kirk Cousins,ATL,@TB,29,30.0,44.0,373.0,3.0,0.0,0.0,0.0,0.0,0.0,0.0,0.0,0.0,0.0,0.0,0.0,26.92,26.92
2025,15,PP,QB,JJ McCarthy,MIN,@DAL,32,15.0,24.0,250.0,2.0,1.0,4.0,15.0,1.0,2.0,0.0,0.0,0.0,0.0,0.0,0.0,25.50,25.5
2025,15,PP,RB,Josh Jacobs,GB,@DEN,6,0.0,0.0,0.0,0.0,0.0,12.0,73.0,1.0,3.0,3.0,2.0,19.0,1.0,1.0,0.0,25.20,25.2
2025,15,PP,WR,Courtland Sutton,DEN,GB,20,0.0,0.0,0.0,0.0,0.0,0.0,0.0,0.0,0.0,10.0,7.0,113.0,1.0,5.0,0.0,22.30,22.3
2025,15,PP,WR,Jauan Jennings,SF,TEN,28,0.0,0.0,0.0,0.0,0.0,0.0,0.0,0.0,0.0,5.0,3.0,37.0,2.0,3.0,0.0,18.70,18.7
2025,15,PP,RB,De'Von Achane,MIA,@PIT,13,0.0,0.0,0.0,0.0,0.0,12.0,60.0,0.0,1.0,6.0,6.0,67.0,0.0,4.0,0.0,17.70,17.7
2025,15,PP,TE,Travis Kelce,KC,LAC,10,0.0,0.0,0.0,0.0,0.0,0.0,0.0,0.0,0.0,9.0,7.0,70.0,0.0,5.0,0.0,12.00,12.0
2025,15,PP,RB,Omarion Hampton,LAC,@KC,8,0.0,0.0,0.0,0.0,0.0,15.0,61.0,0.0,5.0,1.0,1.0,4.0,0.0,0.0,0.0,11.50,11.5
2025,15,PP,QB,Justin Herbert,LAC,@KC,15,19.0,29.0,210.0,1.0,1.0,2.0,0.0,0.0,0.0,0.0,0.0,0.0,0.0,0.0,0.0,10.40,10.4
2025,15,PP,WR,Jordan Addison,MIN,@DAL,32,0.0,0.0,0.0,0.0,0.0,0.0,0.0,0.0,0.0,2.0,2.0,66.0,0.0,1.0,0.0,7.60,7.6
2025,15,PP,WR,Rashee Rice,KC,LAC,1,0.0,0.0,0.0,0.0,0.0,0.0,0.0,0.0,0.0,11.0,7.0,51.0,0.0,1.0,0.0,6.10,6.1
2025,15,PP,WR,Stefon Diggs,NE,BUF,13,0.0,0.0,0.0,0.0,0.0,0.0,0.0,0.0,0.0,4.0,3.0,26.0,0.0,1.0,0.0,3.60,3.6
2025,15,PP,WR,Jayden Higgins,HOU,ARI,17,0.0,0.0,0.0,0.0,0.0,0.0,0.0,0.0,0.0,1.0,1.0,4.0,0.0,0.0,0.0,0.40,0.4
2025,15,PP,RB,Emanuel Wilson,GB,@DEN,6,0.0,0.0,0.0,0.0,0.0,2.0,3.0,0.0,0.0,0.0,0.0,0.0,0.0,0.0,0.0,0.30,0.3
2025,15,PP,RB,MarShawn Lloyd,GB,@DEN,6,0.0,0.0,0.0,0.0,0.0,0.0,0.0,0.0,0.0,0.0,0.0,0.0,0.0,0.0,0.0,-,0.0
2025,15,PP,TE,Tucker Kraft,GB,@DEN,20,0.0,0.0,0.0,0.0,0.0,0.0,0.0,0.0,0.0,0.0,0.0,0.0,0.0,0.0,0.0,-,0.0
2025,15,PP,RB,Jaydon Blue,DAL,MIN,21,0.0,0.0,0.0,0.0,0.0,0.0,0.0,0.0,0.0,0.0,0.0,0.0,0.0,0.0,0.0,-,0.0
2025,15,PP,QB,Riley Leonard,IND,@SEA,5,0.0,0.0,0.0,0.0,0.0,0.0,0.0,0.0,0.0,0.0,0.0,0.0,0.0,0.0,0.0,-,0.0
2025,15,PP,QB,Jalen Milroe,SEA,IND,11,0.0,0.0,0.0,0.0,0.0,0.0,0.0,0.0,0.0,0.0,0.0,0.0,0.0,0.0,0.0,-,0.0
2025,15,PP,WR,Tyreek Hill Dead Cap,MIA,0,0,0.0,0.0,0.0,0.0,0.0,0.0,0.0,0.0,0.0,0.0,0.0,0.0,0.0,0.0,0.0,-,0.0
2025,15,PP,TE,Isaiah Likely,BAL,@CIN,32,0.0,0.0,0.0,0.0,0.0,0.0,0.0,0.0,0.0,0.0,0.0,0.0,0.0,0.0,0.0,0.00,0.0
2025,15,PP,WR,Calvin Ridley,TEN,@SF,18,0.0,0.0,0.0,0.0,0.0,0.0,0.0,0.0,0.0,0.0,0.0,0.0,0.0,0.0,0.0,-,0.0
2025,15,PP,DST,Cowboys,DAL,MIN,32,,,,,,,,,,,,,,,,1.00,1.0
2025,15,RR,TE,Kyle Pitts,ATL,@TB,27,0.0,0.0,0.0,0.0,0.0,0.0,0.0,0.0,0.0,12.0,11.0,166.0,3.0,8.0,0.0,42.60,42.6
2025,15,RR,QB,Tyler Shough,NO,CAR,8,24.0,32.0,272.0,1.0,0.0,8.0,32.0,0.0,2.0,0.0,0.0,0.0,0.0,0.0,0.0,20.08,20.08
2025,15,RR,QB,Baker Mayfield,TB,ATL,19,19.0,34.0,277.0,2.0,1.0,1.0,1.0,0.0,0.0,0.0,0.0,0.0,0.0,0.0,0.0,19.18,19.18
2025,15,RR,RB,Christian McCaffrey,SF,TEN,19,0.0,0.0,0.0,0.0,0.0,22.0,73.0,1.0,2.0,1.0,1.0,14.0,0.0,1.0,0.0,17.70,17.7
2025,15,RR,QB,Marcus Mariota,WAS,@NYG,31,10.0,19.0,211.0,1.0,0.0,10.0,43.0,0.0,0.0,0.0,0.0,0.0,0.0,0.0,1.0,14.74,14.74
2025,15,RR,WR,Michael Wilson,ARI,@HOU,3,0.0,0.0,0.0,0.0,0.0,0.0,0.0,0.0,0.0,11.0,5.0,54.0,1.0,3.0,0.0,14.40,14.4
2025,15,RR,RB,Rico Dowdle,CAR,@NO,24,0.0,0.0,0.0,0.0,0.0,16.0,49.0,1.0,2.0,1.0,1.0,5.0,0.0,0.0,0.0,13.40,13.4
2025,15,RR,RB,Woody Marks,HOU,ARI,29,0.0,0.0,0.0,0.0,0.0,7.0,30.0,0.0,3.0,1.0,1.0,8.0,0.0,0.0,0.0,12.80,12.8
2025,15,RR,WR,Davante Adams,LAR,DET,31,0.0,0.0,0.0,0.0,0.0,0.0,0.0,0.0,0.0,9.0,4.0,71.0,0.0,4.0,0.0,11.10,11.1
2025,15,RR,RB,Kareem Hunt,KC,LAC,12,0.0,0.0,0.0,0.0,0.0,6.0,12.0,0.0,4.0,2.0,1.0,8.0,0.0,1.0,0.0,7.00,7.0
2025,15,RR,WR,Jalen McMillan,TB,ATL,25,0.0,0.0,0.0,0.0,0.0,0.0,0.0,0.0,0.0,2.0,2.0,38.0,0.0,2.0,0.0,5.80,5.8
2025,15,RR,QB,Joe Burrow,CIN,BAL,16,25.0,39.0,225.0,0.0,2.0,2.0,5.0,0.0,0.0,0.0,0.0,0.0,0.0,0.0,0.0,5.50,5.5
2025,15,RR,WR,George Pickens,DAL,MIN,4,0.0,0.0,0.0,0.0,0.0,0.0,0.0,0.0,0.0,6.0,3.0,33.0,0.0,2.0,0.0,5.30,5.3
2025,15,RR,RB,Breece Hall,NYJ,@JAC,1,0.0,0.0,0.0,0.0,0.0,12.0,23.0,0.0,1.0,2.0,2.0,14.0,0.0,0.0,0.0,4.70,4.7
2025,15,RR,WR,Justin Jefferson,MIN,@DAL,32,0.0,0.0,0.0,0.0,0.0,0.0,0.0,0.0,0.0,8.0,2.0,22.0,0.0,2.0,0.0,4.20,4.2
2025,15,RR,TE,Tyler Warren,IND,@SEA,26,0.0,0.0,0.0,0.0,0.0,0.0,0.0,0.0,0.0,6.0,3.0,19.0,0.0,1.0,0.0,2.90,2.9
2025,15,RR,RB,Kaleb Johnson,PIT,MIA,16,0.0,0.0,0.0,0.0,0.0,2.0,4.0,0.0,0.0,0.0,0.0,0.0,0.0,0.0,0.0,0.40,0.4
2025,15,RR,WR,Tyreek Hill,MIA,@PIT,21,0.0,0.0,0.0,0.0,0.0,0.0,0.0,0.0,0.0,0.0,0.0,0.0,0.0,0.0,0.0,-,0.0
2025,15,RR,QB,Michael Penix,ATL,@TB,29,0.0,0.0,0.0,0.0,0.0,0.0,0.0,0.0,0.0,0.0,0.0,0.0,0.0,0.0,0.0,-,0.0
2025,15,RR,DST,Buccaneers,TB,ATL,18,,,,,,,,,,,,,,,,2.00,2.0
2025,15,SBS,RB,TreVeyon Henderson,NE,BUF,28,0.0,0.0,0.0,0.0,0.0,14.0,148.0,2.0,5.0,3.0,2.0,13.0,0.0,0.0,0.0,33.10,33.1
2025,15,SBS,TE,Colby Parkinson,LAR,DET,19,0.0,0.0,0.0,0.0,0.0,0.0,0.0,0.0,0.0,7.0,5.0,75.0,2.0,5.0,0.0,24.50,24.5
2025,15,SBS,WR,Troy Franklin,DEN,GB,20,0.0,0.0,0.0,0.0,0.0,1.0,3.0,0.0,0.0,6.0,6.0,85.0,1.0,4.0,0.0,18.80,18.8
2025,15,SBS,QB,Lamar Jackson,BAL,@CIN,30,8.0,12.0,150.0,2.0,1.0,2.0,26.0,0.0,2.0,0.0,0.0,0.0,0.0,0.0,0.0,16.60,16.6
2025,15,SBS,RB,Jonathan Taylor,IND,@SEA,4,0.0,0.0,0.0,0.0,0.0,25.0,87.0,0.0,5.0,4.0,3.0,14.0,0.0,1.0,0.0,16.10,16.1
2025,15,SBS,WR,Wan'Dale Robinson,NYG,WAS,26,0.0,0.0,0.0,0.0,0.0,0.0,0.0,0.0,0.0,10.0,5.0,54.0,1.0,3.0,0.0,14.40,14.4
2025,15,SBS,RB,David Montgomery,DET,@LAR,2,0.0,0.0,0.0,0.0,0.0,7.0,32.0,1.0,3.0,1.0,0.0,0.0,0.0,0.0,0.0,12.20,12.2
2025,15,SBS,WR,Deebo Samuel,WAS,@NYG,30,0.0,0.0,0.0,0.0,0.0,0.0,0.0,0.0,0.0,5.0,3.0,43.0,0.0,3.0,0.0,7.30,7.3
2025,15,SBS,RB,Chuba Hubbard,CAR,@NO,24,0.0,0.0,0.0,0.0,0.0,8.0,29.0,0.0,2.0,1.0,1.0,9.0,0.0,1.0,0.0,6.80,6.8
2025,15,SBS,QB,Philip Rivers,IND,@SEA,5,18.0,27.0,120.0,1.0,1.0,1.0,-5.0,0.0,0.0,0.0,0.0,0.0,0.0,0.0,0.0,6.80,6.8
2025,15,SBS,RB,Kyle Monangai,CHI,CLE,11,0.0,0.0,0.0,0.0,0.0,11.0,33.0,0.0,1.0,2.0,0.0,0.0,0.0,0.0,0.0,4.30,4.3
2025,15,SBS,WR,Christian Watson,GB,@DEN,5,0.0,0.0,0.0,0.0,0.0,0.0,0.0,0.0,0.0,5.0,3.0,29.0,0.0,1.0,0.0,3.90,3.9
2025,15,SBS,WR,Alec Pierce,IND,@SEA,2,0.0,0.0,0.0,0.0,0.0,0.0,0.0,0.0,0.0,1.0,1.0,16.0,0.0,1.0,0.0,2.60,2.6
2025,15,SBS,WR,Jaylin Noel,HOU,ARI,17,0.0,0.0,0.0,0.0,0.0,0.0,0.0,0.0,0.0,0.0,0.0,0.0,0.0,0.0,0.0,0.00,0.0
2025,15,SBS,RB,Dylan Sampson,CLE,@CHI,14,0.0,0.0,0.0,0.0,0.0,0.0,0.0,0.0,0.0,0.0,0.0,0.0,0.0,0.0,0.0,-,0.0
2025,15,SBS,WR,Christian Kirk,HOU,ARI,17,0.0,0.0,0.0,0.0,0.0,0.0,0.0,0.0,0.0,0.0,0.0,0.0,0.0,0.0,0.0,0.00,0.0
2025,15,SBS,QB,Jayden Daniels,WAS,@NYG,31,0.0,0.0,0.0,0.0,0.0,0.0,0.0,0.0,0.0,0.0,0.0,0.0,0.0,0.0,0.0,-,0.0
2025,15,SBS,TE,Mason Taylor,NYJ,@JAC,24,0.0,0.0,0.0,0.0,0.0,0.0,0.0,0.0,0.0,0.0,0.0,0.0,0.0,0.0,0.0,-,0.0
2025,15,SBS,DST,Eagles,PHI,LV,30,,,,,,,,,,,,,,,,17.00,17.0
2025,16,ABT,WR,Puka Nacua,LAR,@SEA,9,0.0,0.0,0.0,0.0,0.0,0.0,0.0,0.0,0.0,16.0,12.0,225.0,2.0,7.0,0.0,41.50,41.5
2025,16,ABT,RB,Chase Brown,CIN,@MIA,21,0.0,0.0,0.0,0.0,0.0,12.0,66.0,1.0,2.0,4.0,4.0,43.0,2.0,3.0,0.0,33.90,33.9
2025,16,ABT,WR,Chris Olave,NO,NYJ,16,0.0,0.0,0.0,0.0,0.0,0.0,0.0,0.0,0.0,16.0,10.0,148.0,2.0,7.0,0.0,33.80,33.8
2025,16,ABT,RB,Saquon Barkley,PHI,@WAS,28,0.0,0.0,0.0,0.0,0.0,21.0,132.0,1.0,7.0,2.0,0.0,0.0,0.0,0.0,0.0,28.20,28.2
2025,16,ABT,QB,Caleb Williams,CHI,GB,10,19.0,34.0,250.0,2.0,0.0,3.0,30.0,0.0,1.0,0.0,0.0,0.0,0.0,0.0,0.0,22.00,22.0
2025,16,ABT,WR,DJ Moore,CHI,GB,20,0.0,0.0,0.0,0.0,0.0,1.0,12.0,0.0,1.0,7.0,5.0,97.0,1.0,3.0,0.0,20.90,20.9
2025,16,ABT,QB,Bryce Young,CAR,TB,31,21.0,32.0,191.0,2.0,0.0,4.0,20.0,0.0,0.0,0.0,0.0,0.0,0.0,0.0,0.0,17.64,17.64
2025,16,ABT,RB,Tony Pollard,TEN,KC,8,0.0,0.0,0.0,0.0,0.0,21.0,102.0,0.0,3.0,0.0,0.0,0.0,0.0,0.0,0.0,13.20,13.2
2025,16,ABT,TE,Hunter Henry,NE,@BAL,7,0.0,0.0,0.0,0.0,0.0,0.0,0.0,0.0,0.0,7.0,6.0,35.0,1.0,3.0,0.0,12.50,12.5
2025,16,ABT,RB,Tyler Allgeier,ATL,@ARI,31,0.0,0.0,0.0,0.0,0.0,16.0,79.0,0.0,4.0,1.0,1.0,-6.0,0.0,0.0,0.0,11.90,11.9
2025,16,ABT,TE,Brenton Strange,JAC,@DEN,21,0.0,0.0,0.0,0.0,0.0,0.0,0.0,0.0,0.0,7.0,5.0,39.0,1.0,2.0,0.0,11.90,11.9
2025,16,ABT,WR,Josh Downs,IND,SF,19,0.0,0.0,0.0,0.0,0.0,1.0,3.0,0.0,0.0,9.0,5.0,65.0,0.0,4.0,0.0,10.80,10.8
2025,16,ABT,RB,Rachaad White,TB,@CAR,23,0.0,0.0,0.0,0.0,0.0,5.0,45.0,0.0,1.0,2.0,2.0,15.0,0.0,1.0,0.0,8.00,8.0
2025,16,ABT,WR,Tre Tucker,LV,@HOU,2,0.0,0.0,0.0,0.0,0.0,2.0,11.0,0.0,0.0,5.0,4.0,43.0,0.0,2.0,0.0,7.40,7.4
2025,16,ABT,TE,Colston Loveland,CHI,GB,6,0.0,0.0,0.0,0.0,0.0,0.0,0.0,0.0,0.0,4.0,3.0,30.0,0.0,2.0,0.0,5.00,5.0
2025,16,ABT,RB,Keaton Mitchell,BAL,NE,3,0.0,0.0,0.0,0.0,0.0,9.0,13.0,0.0,1.0,0.0,0.0,0.0,0.0,0.0,0.0,2.30,2.3
2025,16,ABT,WR,Calvin Austin,PIT,@DET,31,0.0,0.0,0.0,0.0,0.0,0.0,0.0,0.0,0.0,1.0,1.0,8.0,0.0,1.0,0.0,1.80,1.8
2025,16,ABT,RB,Jonathon Brooks,CAR,TB,15,0.0,0.0,0.0,0.0,0.0,0.0,0.0,0.0,0.0,0.0,0.0,0.0,0.0,0.0,0.0,-,0.0
2025,16,ABT,QB,Tyrod Taylor,NYJ,@NO,7,0.0,0.0,0.0,0.0,0.0,0.0,0.0,0.0,0.0,0.0,0.0,0.0,0.0,0.0,0.0,-,0.0
2025,16,ABT,DST,Rams,LAR,@SEA,9,,,,,,,,,,,,,,,,6.00,6.0
2025,16,CLC,QB,Cam Ward,TEN,KC,14,21.0,28.0,228.0,2.0,0.0,4.0,9.0,0.0,1.0,0.0,0.0,0.0,0.0,0.0,0.0,19.02,19.02
2025,16,CLC,RB,Chris Rodriguez,WAS,PHI,25,0.0,0.0,0.0,0.0,0.0,15.0,63.0,1.0,5.0,1.0,1.0,6.0,0.0,0.0,0.0,17.90,17.9
2025,16,CLC,TE,AJ Barner,SEA,LAR,14,0.0,0.0,0.0,0.0,0.0,1.0,1.0,0.0,1.0,6.0,4.0,49.0,1.0,2.0,0.0,14.00,14.0
2025,16,CLC,WR,DeVonta Smith,PHI,@WAS,27,0.0,0.0,0.0,0.0,0.0,0.0,0.0,0.0,0.0,8.0,6.0,42.0,1.0,3.0,0.0,13.20,13.2
2025,16,CLC,QB,Jacoby Brissett,ARI,ATL,18,16.0,31.0,203.0,1.0,1.0,1.0,5.0,0.0,1.0,0.0,0.0,0.0,0.0,0.0,0.0,11.62,11.62
2025,16,CLC,TE,Terrance Ferguson,LAR,@SEA,26,0.0,0.0,0.0,0.0,0.0,0.0,0.0,0.0,0.0,4.0,3.0,33.0,1.0,2.0,0.0,11.30,11.3
2025,16,CLC,WR,Jaylen Waddle,MIA,CIN,10,0.0,0.0,0.0,0.0,0.0,0.0,0.0,0.0,0.0,9.0,5.0,72.0,0.0,4.0,0.0,11.20,11.2
2025,16,CLC,WR,Nico Collins,HOU,LV,21,0.0,0.0,0.0,0.0,0.0,0.0,0.0,0.0,0.0,9.0,4.0,59.0,0.0,3.0,0.0,8.90,8.9
2025,16,CLC,RB,Javonte Williams,DAL,LAC,10,0.0,0.0,0.0,0.0,0.0,9.0,34.0,0.0,1.0,3.0,2.0,9.0,0.0,0.0,0.0,5.30,5.3
2025,16,CLC,QB,Jordan Love,GB,@CHI,21,8.0,13.0,77.0,0.0,0.0,2.0,7.0,0.0,1.0,0.0,0.0,0.0,0.0,0.0,0.0,4.78,4.78
2025,16,CLC,RB,Zack Moss Dead Cap,CIN,0,0,0.0,0.0,0.0,0.0,0.0,0.0,0.0,0.0,0.0,0.0,0.0,0.0,0.0,0.0,0.0,-,0.0
2025,16,CLC,WR,Rome Odunze,CHI,GB,20,0.0,0.0,0.0,0.0,0.0,0.0,0.0,0.0,0.0,0.0,0.0,0.0,0.0,0.0,0.0,-,0.0
2025,16,CLC,RB,Alvin Kamara,NO,NYJ,30,0.0,0.0,0.0,0.0,0.0,0.0,0.0,0.0,0.0,0.0,0.0,0.0,0.0,0.0,0.0,-,0.0
2025,16,CLC,RB,Ollie Gordon,MIA,CIN,32,0.0,0.0,0.0,0.0,0.0,1.0,-1.0,0.0,0.0,0.0,0.0,0.0,0.0,0.0,0.0,0.00,0.0
2025,16,CLC,WR,Ricky Pearsall,SF,@IND,29,0.0,0.0,0.0,0.0,0.0,0.0,0.0,0.0,0.0,0.0,0.0,0.0,0.0,0.0,0.0,-,0.0
2025,16,CLC,QB,Justin Fields,NYJ,@NO,7,0.0,0.0,0.0,0.0,0.0,0.0,0.0,0.0,0.0,0.0,0.0,0.0,0.0,0.0,0.0,-,0.0
2025,16,CLC,TE,Dalton Kincaid,BUF,@CLE,16,0.0,0.0,0.0,0.0,0.0,0.0,0.0,0.0,0.0,1.0,0.0,0.0,0.0,0.0,0.0,0.00,0.0
2025,16,CLC,WR,Ja'Lynn Polk,NO,NYJ,16,0.0,0.0,0.0,0.0,0.0,0.0,0.0,0.0,0.0,0.0,0.0,0.0,0.0,0.0,0.0,-,0.0
2025,16,CLC,RB,Trevor Etienne,CAR,TB,15,0.0,0.0,0.0,0.0,0.0,0.0,0.0,0.0,0.0,0.0,0.0,0.0,0.0,0.0,0.0,0.00,0.0
2025,16,CLC,DST,Bears,CHI,GB,3,,,,,,,,,,,,,,,,7.00,7.0
2025,16,CPC,RB,James Cook,BUF,@CLE,16,0.0,0.0,0.0,0.0,0.0,16.0,117.0,2.0,5.0,2.0,1.0,17.0,0.0,1.0,0.0,31.40,31.4
2025,16,CPC,RB,Derrick Henry,BAL,NE,3,0.0,0.0,0.0,0.0,0.0,18.0,128.0,2.0,5.0,0.0,0.0,0.0,0.0,0.0,1.0,27.80,27.8
2025,16,CPC,QB,Drake Maye,NE,@BAL,19,31.0,44.0,380.0,2.0,1.0,10.0,25.0,0.0,3.0,0.0,0.0,0.0,0.0,0.0,1.0,26.70,26.7
2025,16,CPC,TE,George Kittle,SF,@IND,28,0.0,0.0,0.0,0.0,0.0,0.0,0.0,0.0,0.0,8.0,7.0,115.0,1.0,7.0,0.0,24.50,24.5
2025,16,CPC,QB,Sam Darnold,SEA,LAR,13,22.0,34.0,270.0,2.0,2.0,3.0,7.0,0.0,1.0,0.0,0.0,0.0,0.0,0.0,0.0,20.50,20.5
2025,16,CPC,QB,Dak Prescott,DAL,LAC,3,21.0,30.0,244.0,2.0,0.0,2.0,14.0,0.0,1.0,0.0,0.0,0.0,0.0,0.0,0.0,20.16,20.16
2025,16,CPC,WR,Ja'Marr Chase,CIN,@MIA,8,0.0,0.0,0.0,0.0,0.0,0.0,0.0,0.0,0.0,11.0,9.0,109.0,0.0,6.0,0.0,16.90,16.9
2025,16,CPC,QB,Geno Smith,LV,@HOU,1,16.0,23.0,201.0,2.0,1.0,0.0,0.0,0.0,0.0,0.0,0.0,0.0,0.0,0.0,0.0,14.04,14.04
2025,16,CPC,WR,Tee Higgins,CIN,@MIA,8,0.0,0.0,0.0,0.0,0.0,0.0,0.0,0.0,0.0,3.0,3.0,53.0,1.0,2.0,0.0,13.30,13.3
2025,16,CPC,WR,Ladd McConkey,LAC,@DAL,32,0.0,0.0,0.0,0.0,0.0,0.0,0.0,0.0,0.0,6.0,4.0,43.0,1.0,2.0,0.0,12.30,12.3
2025,16,CPC,RB,Quinshon Judkins,CLE,BUF,27,0.0,0.0,0.0,0.0,0.0,8.0,22.0,0.0,2.0,6.0,5.0,29.0,0.0,2.0,0.0,9.10,9.1
2025,16,CPC,QB,Quinn Ewers,MIA,CIN,27,20.0,30.0,260.0,0.0,2.0,2.0,5.0,0.0,0.0,0.0,0.0,0.0,0.0,0.0,0.0,6.90,6.9
2025,16,CPC,WR,Jakobi Meyers,JAC,@DEN,7,0.0,0.0,0.0,0.0,0.0,1.0,1.0,0.0,0.0,8.0,4.0,45.0,0.0,2.0,0.0,6.60,6.6
2025,16,CPC,WR,Adonai Mitchell,NYJ,@NO,5,0.0,0.0,0.0,0.0,0.0,0.0,0.0,0.0,0.0,6.0,3.0,43.0,0.0,1.0,0.0,5.30,5.3
2025,16,CPC,RB,Brian Robinson,SF,@IND,13,0.0,0.0,0.0,0.0,0.0,5.0,20.0,0.0,1.0,1.0,0.0,0.0,0.0,0.0,0.0,3.00,3.0
2025,16,CPC,RB,Jordan Mason,MIN,@NYG,30,0.0,0.0,0.0,0.0,0.0,2.0,5.0,0.0,0.0,1.0,1.0,6.0,0.0,0.0,0.0,1.10,1.1
2025,16,CPC,WR,Matthew Golden,GB,@CHI,30,0.0,0.0,0.0,0.0,0.0,2.0,4.0,0.0,0.0,1.0,0.0,0.0,0.0,0.0,0.0,0.40,0.4
2025,16,CPC,WR,Jalen Royals,KC,@TEN,26,0.0,0.0,0.0,0.0,0.0,0.0,0.0,0.0,0.0,0.0,0.0,0.0,0.0,0.0,0.0,0.00,0.0
2025,16,CPC,WR,Dontayvion Wicks Dead Cap,GB,0,0,0.0,0.0,0.0,0.0,0.0,0.0,0.0,0.0,0.0,0.0,0.0,0.0,0.0,0.0,0.0,-,0.0
2025,16,CPC,DST,Texans,HOU,LV,30,,,,,,,,,,,,,,,,11.00,11.0
2025,16,DDD,QB,Brock Purdy,SF,@IND,16,25.0,34.0,295.0,5.0,1.0,2.0,11.0,0.0,1.0,0.0,0.0,0.0,0.0,0.0,0.0,31.90,31.9
2025,16,DDD,QB,Jared Goff,DET,PIT,28,34.0,54.0,364.0,3.0,0.0,1.0,-1.0,0.0,0.0,0.0,0.0,0.0,0.0,0.0,0.0,26.56,26.56
2025,16,DDD,RB,Kenneth Gainwell,PIT,@DET,9,0.0,0.0,0.0,0.0,0.0,9.0,50.0,0.0,3.0,7.0,5.0,78.0,1.0,2.0,0.0,23.80,23.8
2025,16,DDD,WR,Quentin Johnston,LAC,@DAL,32,0.0,0.0,0.0,0.0,0.0,0.0,0.0,0.0,0.0,5.0,4.0,104.0,1.0,3.0,0.0,19.40,19.4
2025,16,DDD,WR,Zay Flowers,BAL,NE,15,0.0,0.0,0.0,0.0,0.0,1.0,18.0,1.0,1.0,7.0,7.0,84.0,0.0,4.0,1.0,19.20,19.2
2025,16,DDD,RB,Jahmyr Gibbs,DET,PIT,11,0.0,0.0,0.0,0.0,0.0,7.0,2.0,0.0,1.0,13.0,10.0,66.0,1.0,3.0,0.0,16.80,16.8
2025,16,DDD,RB,Bucky Irving,TB,@CAR,24,0.0,0.0,0.0,0.0,0.0,19.0,71.0,0.0,4.0,0.0,0.0,0.0,0.0,0.0,0.0,11.10,11.1
2025,16,DDD,WR,Keenan Allen,LAC,@DAL,32,0.0,0.0,0.0,0.0,0.0,0.0,0.0,0.0,0.0,5.0,5.0,44.0,0.0,4.0,0.0,8.40,8.4
2025,16,DDD,WR,Elic Ayomanor,TEN,KC,11,0.0,0.0,0.0,0.0,0.0,0.0,0.0,0.0,0.0,4.0,3.0,58.0,0.0,2.0,0.0,7.80,7.8
2025,16,DDD,TE,Darren Waller,MIA,CIN,32,0.0,0.0,0.0,0.0,0.0,0.0,0.0,0.0,0.0,5.0,3.0,40.0,0.0,3.0,0.0,7.00,7.0
2025,16,DDD,WR,Emeka Egbuka,TB,@CAR,12,0.0,0.0,0.0,0.0,0.0,0.0,0.0,0.0,0.0,2.0,1.0,40.0,0.0,1.0,0.0,5.00,5.0
2025,16,DDD,RB,Kimani Vidal,LAC,@DAL,26,0.0,0.0,0.0,0.0,0.0,5.0,11.0,0.0,1.0,0.0,0.0,0.0,0.0,0.0,0.0,2.10,2.1
2025,16,DDD,WR,Malik Nabers,NYG,MIN,1,0.0,0.0,0.0,0.0,0.0,0.0,0.0,0.0,0.0,0.0,0.0,0.0,0.0,0.0,0.0,-,0.0
2025,16,DDD,WR,Tez Johnson,TB,@CAR,12,0.0,0.0,0.0,0.0,0.0,0.0,0.0,0.0,0.0,1.0,1.0,-1.0,0.0,0.0,0.0,0.00,0.0
2025,16,DDD,TE,Sam LaPorta,DET,PIT,29,0.0,0.0,0.0,0.0,0.0,0.0,0.0,0.0,0.0,0.0,0.0,0.0,0.0,0.0,0.0,-,0.0
2025,16,DDD,QB,Deshaun Watson Dead Cap,CLE,0,0,0.0,0.0,0.0,0.0,0.0,0.0,0.0,0.0,0.0,0.0,0.0,0.0,0.0,0.0,0.0,-,0.0
2025,16,DDD,QB,Mac Jones,SF,@IND,16,0.0,0.0,0.0,0.0,0.0,3.0,-3.0,0.0,0.0,0.0,0.0,0.0,0.0,0.0,0.0,0.00,0.0
2025,16,DDD,RB,Kendre Miller,NO,NYJ,29,0.0,0.0,0.0,0.0,0.0,0.0,0.0,0.0,0.0,0.0,0.0,0.0,0.0,0.0,0.0,-,0.0
2025,16,DDD,TE,Theo Johnson,NYG,MIN,8,0.0,0.0,0.0,0.0,0.0,0.0,0.0,0.0,0.0,2.0,0.0,0.0,0.0,0.0,0.0,0.00,0.0
2025,16,DDD,WR,Tank Dell,HOU,LV,21,0.0,0.0,0.0,0.0,0.0,0.0,0.0,0.0,0.0,0.0,0.0,0.0,0.0,0.0,0.0,-,0.0
2025,16,DDD,RB,Cam Skattebo,NYG,MIN,20,0.0,0.0,0.0,0.0,0.0,0.0,0.0,0.0,0.0,0.0,0.0,0.0,0.0,0.0,0.0,-,0.0
2025,16,DDD,DST,Seahawks,SEA,LAR,2,,,,,,,,,,,,,,,,3.00,3.0
2025,16,LBC,RB,RJ Harvey,DEN,JAC,2,0.0,0.0,0.0,0.0,0.0,7.0,50.0,1.0,3.0,5.0,4.0,71.0,0.0,3.0,0.0,24.10,24.1
2025,16,LBC,WR,Jaxon Smith-Njigba,SEA,LAR,23,0.0,0.0,0.0,0.0,0.0,0.0,0.0,0.0,0.0,13.0,8.0,96.0,1.0,5.0,0.0,20.60,20.6
2025,16,LBC,RB,Rhamondre Stevenson,NE,@BAL,18,0.0,0.0,0.0,0.0,0.0,8.0,51.0,1.0,3.0,3.0,2.0,27.0,0.0,1.0,0.0,19.80,19.8
2025,16,LBC,QB,Bo Nix,DEN,JAC,20,28.0,47.0,352.0,1.0,1.0,4.0,11.0,0.0,1.0,0.0,0.0,0.0,0.0,0.0,1.0,16.18,16.18
2025,16,LBC,RB,Travis Etienne,JAC,@DEN,1,0.0,0.0,0.0,0.0,0.0,16.0,50.0,0.0,2.0,5.0,4.0,16.0,1.0,1.0,0.0,15.60,15.6
2025,16,LBC,QB,Aaron Rodgers,PIT,@DET,26,27.0,41.0,266.0,1.0,0.0,2.0,9.0,0.0,0.0,0.0,0.0,0.0,0.0,0.0,0.0,15.54,15.54
2025,16,LBC,WR,Kyle Williams,NE,@BAL,24,0.0,0.0,0.0,0.0,0.0,0.0,0.0,0.0,0.0,3.0,2.0,46.0,1.0,1.0,0.0,11.60,11.6
2025,16,LBC,RB,Kyren Williams,LAR,@SEA,4,0.0,0.0,0.0,0.0,0.0,23.0,70.0,0.0,3.0,6.0,3.0,15.0,0.0,0.0,0.0,11.50,11.5
2025,16,LBC,QB,CJ Stroud,HOU,LV,17,23.0,35.0,187.0,1.0,0.0,4.0,0.0,0.0,0.0,0.0,0.0,0.0,0.0,0.0,0.0,11.48,11.48
2025,16,LBC,TE,Brock Bowers,LV,@HOU,12,0.0,0.0,0.0,0.0,0.0,0.0,0.0,0.0,0.0,5.0,5.0,33.0,1.0,2.0,0.0,11.30,11.3
2025,16,LBC,RB,Isiah Pacheco,KC,@TEN,17,0.0,0.0,0.0,0.0,0.0,8.0,34.0,0.0,2.0,7.0,6.0,41.0,0.0,1.0,0.0,10.50,10.5
2025,16,LBC,WR,Jalen Coker,CAR,TB,17,0.0,0.0,0.0,0.0,0.0,0.0,0.0,0.0,0.0,5.0,3.0,47.0,0.0,2.0,0.0,6.70,6.7
2025,16,LBC,WR,Jack Bech,LV,@HOU,2,0.0,0.0,0.0,0.0,0.0,0.0,0.0,0.0,0.0,3.0,2.0,43.0,0.0,1.0,0.0,5.30,5.3
2025,16,LBC,WR,Drake London,ATL,@ARI,14,0.0,0.0,0.0,0.0,0.0,0.0,0.0,0.0,0.0,8.0,3.0,27.0,0.0,2.0,0.0,4.70,4.7
2025,16,LBC,TE,Evan Engram,DEN,JAC,23,0.0,0.0,0.0,0.0,0.0,0.0,0.0,0.0,0.0,4.0,2.0,36.0,0.0,1.0,0.0,4.60,4.6
2025,16,LBC,WR,Michael Pittman,IND,SF,19,0.0,0.0,0.0,0.0,0.0,0.0,0.0,0.0,0.0,5.0,4.0,32.0,0.0,1.0,0.0,4.20,4.2
2025,16,LBC,TE,Trey McBride,ARI,ATL,3,0.0,0.0,0.0,0.0,0.0,0.0,0.0,0.0,0.0,8.0,4.0,27.0,0.0,1.0,0.0,3.70,3.7
2025,16,LBC,WR,Jerry Jeudy,CLE,BUF,13,0.0,0.0,0.0,0.0,0.0,0.0,0.0,0.0,0.0,4.0,3.0,12.0,0.0,0.0,0.0,1.20,1.2
2025,16,LBC,WR,Michael Wilson Dead Cap,ARI,0,0,0.0,0.0,0.0,0.0,0.0,0.0,0.0,0.0,0.0,0.0,0.0,0.0,0.0,0.0,0.0,-,0.0
2025,16,LBC,WR,Brandon Aiyuk Dead Cap,SF,0,0,0.0,0.0,0.0,0.0,0.0,0.0,0.0,0.0,0.0,0.0,0.0,0.0,0.0,0.0,0.0,-,0.0
2025,16,LBC,DST,Broncos,DEN,JAC,15,,,,,,,,,,,,,,,,4.00,4.0
2025,16,LC,RB,Jaylen Warren,PIT,@DET,9,0.0,0.0,0.0,0.0,0.0,14.0,143.0,2.0,4.0,2.0,2.0,8.0,0.0,0.0,0.0,31.10,31.1
2025,16,LC,QB,Jalen Hurts,PHI,@WAS,29,22.0,30.0,185.0,2.0,0.0,7.0,40.0,0.0,3.0,0.0,0.0,0.0,0.0,0.0,0.0,22.40,22.4
2025,16,LC,RB,Zach Charbonnet,SEA,LAR,5,0.0,0.0,0.0,0.0,0.0,9.0,32.0,1.0,3.0,4.0,4.0,22.0,0.0,1.0,0.0,17.40,17.4
2025,16,LC,TE,Dalton Schultz,HOU,LV,4,0.0,0.0,0.0,0.0,0.0,0.0,0.0,0.0,0.0,5.0,5.0,35.0,1.0,2.0,0.0,11.50,11.5
2025,16,LC,WR,DeAndre Hopkins,BAL,NE,15,0.0,0.0,0.0,0.0,0.0,0.0,0.0,0.0,0.0,5.0,4.0,41.0,0.0,3.0,0.0,7.10,7.1
2025,16,LC,WR,DK Metcalf,PIT,@DET,31,0.0,0.0,0.0,0.0,0.0,0.0,0.0,0.0,0.0,9.0,4.0,42.0,0.0,2.0,0.0,6.20,6.2
2025,16,LC,WR,Xavier Worthy,KC,@TEN,26,0.0,0.0,0.0,0.0,0.0,1.0,0.0,0.0,0.0,3.0,2.0,41.0,0.0,2.0,0.0,6.10,6.1
2025,16,LC,WR,Rashid Shaheed,SEA,LAR,23,0.0,0.0,0.0,0.0,0.0,1.0,31.0,0.0,1.0,1.0,0.0,0.0,0.0,0.0,0.0,4.10,4.1
2025,16,LC,TE,Jake Ferguson,DAL,LAC,9,0.0,0.0,0.0,0.0,0.0,0.0,0.0,0.0,0.0,4.0,3.0,19.0,0.0,2.0,0.0,3.90,3.9
2025,16,LC,WR,Kayshon Boutte,NE,@BAL,24,0.0,0.0,0.0,0.0,0.0,0.0,0.0,0.0,0.0,3.0,1.0,16.0,0.0,1.0,0.0,2.60,2.6
2025,16,LC,WR,Xavier Legette,CAR,TB,17,0.0,0.0,0.0,0.0,0.0,0.0,0.0,0.0,0.0,3.0,1.0,12.0,0.0,1.0,0.0,2.20,2.2
2025,16,LC,RB,Joe Mixon,HOU,LV,23,0.0,0.0,0.0,0.0,0.0,0.0,0.0,0.0,0.0,0.0,0.0,0.0,0.0,0.0,0.0,-,0.0
2025,16,LC,RB,James Conner,ARI,ATL,19,0.0,0.0,0.0,0.0,0.0,0.0,0.0,0.0,0.0,0.0,0.0,0.0,0.0,0.0,0.0,-,0.0
2025,16,LC,QB,Patrick Mahomes,KC,@TEN,25,0.0,0.0,0.0,0.0,0.0,0.0,0.0,0.0,0.0,0.0,0.0,0.0,0.0,0.0,0.0,-,0.0
2025,16,LC,WR,Travis Hunter,JAC,@DEN,7,0.0,0.0,0.0,0.0,0.0,0.0,0.0,0.0,0.0,0.0,0.0,0.0,0.0,0.0,0.0,-,0.0
2025,16,LC,WR,Luther Burden,CHI,GB,20,0.0,0.0,0.0,0.0,0.0,0.0,0.0,0.0,0.0,0.0,0.0,0.0,0.0,0.0,0.0,-,0.0
2025,16,LC,WR,Luke McCaffrey,WAS,PHI,6,0.0,0.0,0.0,0.0,0.0,0.0,0.0,0.0,0.0,0.0,0.0,0.0,0.0,0.0,0.0,-,0.0
2025,16,LC,RB,Jerome Ford,CLE,BUF,27,0.0,0.0,0.0,0.0,0.0,0.0,0.0,0.0,0.0,0.0,0.0,0.0,0.0,0.0,0.0,-,0.0
2025,16,LC,WR,Tory Horton,SEA,LAR,23,0.0,0.0,0.0,0.0,0.0,0.0,0.0,0.0,0.0,0.0,0.0,0.0,0.0,0.0,0.0,-,0.0
2025,16,LC,DST,49ers,SF,@IND,12,,,,,,,,,,,,,,,,13.00,13.0
2025,16,MB,QB,Matthew Stafford,LAR,@SEA,8,29.0,49.0,457.0,3.0,0.0,2.0,6.0,0.0,0.0,0.0,0.0,0.0,0.0,0.0,0.0,30.88,30.88
2025,16,MB,RB,Bijan Robinson,ATL,@ARI,31,0.0,0.0,0.0,0.0,0.0,16.0,76.0,0.0,4.0,11.0,7.0,92.0,1.0,3.0,0.0,29.80,29.8
2025,16,MB,RB,Aaron Jones,MIN,@NYG,29,0.0,0.0,0.0,0.0,0.0,21.0,85.0,0.0,5.0,3.0,2.0,8.0,0.0,0.0,0.0,14.30,14.3
2025,16,MB,TE,Juwan Johnson,NO,NYJ,24,0.0,0.0,0.0,0.0,0.0,0.0,0.0,0.0,0.0,9.0,8.0,89.0,0.0,4.0,0.0,12.90,12.9
2025,16,MB,RB,Tyrone Tracy,NYG,MIN,20,0.0,0.0,0.0,0.0,0.0,16.0,71.0,0.0,3.0,2.0,2.0,7.0,0.0,0.0,0.0,10.80,10.8
2025,16,MB,RB,Jacory Croskey-Merritt,WAS,PHI,25,0.0,0.0,0.0,0.0,0.0,8.0,25.0,1.0,2.0,0.0,0.0,0.0,0.0,0.0,0.0,10.50,10.5
2025,16,MB,WR,Tre Harris,LAC,@DAL,32,0.0,0.0,0.0,0.0,0.0,0.0,0.0,0.0,0.0,5.0,4.0,54.0,0.0,3.0,0.0,8.40,8.4
2025,16,MB,WR,Amon-Ra St Brown,DET,PIT,25,0.0,0.0,0.0,0.0,0.0,0.0,0.0,0.0,0.0,9.0,4.0,54.0,0.0,2.0,0.0,7.40,7.4
2025,16,MB,RB,Ray Davis,BUF,@CLE,16,0.0,0.0,0.0,0.0,0.0,3.0,14.0,0.0,1.0,2.0,2.0,20.0,0.0,1.0,0.0,5.40,5.4
2025,16,MB,WR,Cooper Kupp,SEA,LAR,23,0.0,0.0,0.0,0.0,0.0,0.0,0.0,0.0,0.0,4.0,3.0,39.0,0.0,1.0,1.0,4.90,4.9
2025,16,MB,WR,Kendrick Bourne,SF,@IND,29,0.0,0.0,0.0,0.0,0.0,0.0,0.0,0.0,0.0,5.0,3.0,27.0,0.0,2.0,0.0,4.70,4.7
2025,16,MB,TE,Mark Andrews,BAL,NE,22,0.0,0.0,0.0,0.0,0.0,1.0,3.0,0.0,1.0,3.0,2.0,21.0,0.0,1.0,0.0,4.40,4.4
2025,16,MB,WR,Marvin Harrison,ARI,ATL,22,0.0,0.0,0.0,0.0,0.0,0.0,0.0,0.0,0.0,3.0,1.0,14.0,0.0,1.0,0.0,2.40,2.4
2025,16,MB,QB,Jaxson Dart,NYG,MIN,2,7.0,13.0,33.0,0.0,1.0,2.0,7.0,0.0,1.0,0.0,0.0,0.0,0.0,0.0,0.0,1.02,1.02
2025,16,MB,WR,Josh Palmer,BUF,@CLE,4,0.0,0.0,0.0,0.0,0.0,0.0,0.0,0.0,0.0,1.0,1.0,2.0,0.0,0.0,0.0,0.20,0.2
2025,16,MB,QB,Joe Flacco,CIN,@MIA,24,1.0,1.0,4.0,0.0,0.0,0.0,0.0,0.0,0.0,0.0,0.0,0.0,0.0,0.0,0.0,0.16,0.16
2025,16,MB,RB,Jarquez Hunter,LAR,@SEA,4,0.0,0.0,0.0,0.0,0.0,0.0,0.0,0.0,0.0,0.0,0.0,0.0,0.0,0.0,0.0,-,0.0
2025,16,MB,RB,Isaac Guerendo,SF,@IND,14,0.0,0.0,0.0,0.0,0.0,0.0,0.0,0.0,0.0,0.0,0.0,0.0,0.0,0.0,0.0,-,0.0
2025,16,MB,QB,Kyler Murray,ARI,ATL,18,0.0,0.0,0.0,0.0,0.0,0.0,0.0,0.0,0.0,0.0,0.0,0.0,0.0,0.0,0.0,-,0.0
2025,16,MB,DST,Chiefs,KC,@TEN,24,,,,,,,,,,,,,,,,4.00,4.0
2025,16,NBB,QB,Trevor Lawrence,JAC,@DEN,11,23.0,36.0,279.0,3.0,0.0,6.0,20.0,1.0,5.0,0.0,0.0,0.0,0.0,0.0,0.0,36.16,36.16
2025,16,NBB,TE,Harold Fannin,CLE,BUF,2,0.0,0.0,0.0,0.0,0.0,1.0,1.0,1.0,1.0,6.0,4.0,34.0,1.0,2.0,0.0,18.50,18.5
2025,16,NBB,WR,Tetairoa McMillan,CAR,TB,17,0.0,0.0,0.0,0.0,0.0,0.0,0.0,0.0,0.0,10.0,6.0,73.0,1.0,4.0,0.0,17.30,17.3
2025,16,NBB,RB,Blake Corum,LAR,@SEA,4,0.0,0.0,0.0,0.0,0.0,14.0,48.0,1.0,4.0,2.0,1.0,13.0,0.0,1.0,0.0,17.10,17.1
2025,16,NBB,WR,Mike Evans,TB,@CAR,13,0.0,0.0,0.0,0.0,0.0,0.0,0.0,0.0,0.0,9.0,5.0,31.0,1.0,2.0,0.0,11.10,11.1
2025,16,NBB,TE,Dallas Goedert,PHI,@WAS,30,0.0,0.0,0.0,0.0,0.0,0.0,0.0,0.0,0.0,3.0,3.0,32.0,1.0,1.0,0.0,10.20,10.2
2025,16,NBB,WR,Jameson Williams,DET,PIT,25,0.0,0.0,0.0,0.0,0.0,0.0,0.0,0.0,0.0,9.0,5.0,70.0,0.0,3.0,0.0,10.00,10.0
2025,16,NBB,RB,D'Andre Swift,CHI,GB,6,0.0,0.0,0.0,0.0,0.0,13.0,58.0,0.0,2.0,2.0,2.0,12.0,0.0,0.0,0.0,9.00,9.0
2025,16,NBB,QB,Josh Allen,BUF,@CLE,4,12.0,19.0,130.0,0.0,0.0,7.0,17.0,0.0,2.0,0.0,0.0,0.0,0.0,0.0,0.0,8.90,8.9
2025,16,NBB,WR,Terry McLaurin,WAS,PHI,6,0.0,0.0,0.0,0.0,0.0,0.0,0.0,0.0,0.0,4.0,3.0,53.0,0.0,3.0,0.0,8.30,8.3
2025,16,NBB,WR,Chris Godwin,TB,@CAR,13,0.0,0.0,0.0,0.0,0.0,0.0,0.0,0.0,0.0,6.0,5.0,30.0,0.0,3.0,0.0,6.00,6.0
2025,16,NBB,WR,Jayden Reed,GB,@CHI,30,0.0,0.0,0.0,0.0,0.0,1.0,6.0,0.0,0.0,3.0,3.0,35.0,0.0,1.0,0.0,5.10,5.1
2025,16,NBB,WR,Khalil Shakir,BUF,@CLE,4,0.0,0.0,0.0,0.0,0.0,0.0,0.0,0.0,0.0,5.0,4.0,34.0,0.0,1.0,0.0,4.40,4.4
2025,16,NBB,WR,Brian Thomas,JAC,@DEN,7,0.0,0.0,0.0,0.0,0.0,0.0,0.0,0.0,0.0,3.0,2.0,18.0,0.0,1.0,0.0,2.80,2.8
2025,16,NBB,RB,Bhayshul Tuten,JAC,@DEN,1,0.0,0.0,0.0,0.0,0.0,0.0,0.0,0.0,0.0,0.0,0.0,0.0,0.0,0.0,0.0,-,0.0
2025,16,NBB,RB,Najee Harris,LAC,@DAL,26,0.0,0.0,0.0,0.0,0.0,0.0,0.0,0.0,0.0,0.0,0.0,0.0,0.0,0.0,0.0,-,0.0
2025,16,NBB,TE,David Njoku,CLE,BUF,2,0.0,0.0,0.0,0.0,0.0,0.0,0.0,0.0,0.0,0.0,0.0,0.0,0.0,0.0,0.0,-,0.0
2025,16,NBB,RB,Will Shipley,PHI,@WAS,28,0.0,0.0,0.0,0.0,0.0,0.0,0.0,0.0,0.0,1.0,1.0,3.0,0.0,0.0,1.0,-1.70,-1.7
2025,16,NBB,DST,Giants,NYG,MIN,32,,,,,,,,,,,,,,,,15.00,15.0
2025,16,PCP,RB,Ashton Jeanty,LV,@HOU,7,0.0,0.0,0.0,0.0,0.0,24.0,128.0,1.0,3.0,2.0,1.0,60.0,1.0,1.0,0.0,34.80,34.8
2025,16,PCP,RB,Kenneth Walker,SEA,LAR,5,0.0,0.0,0.0,0.0,0.0,11.0,100.0,1.0,3.0,3.0,3.0,64.0,0.0,2.0,0.0,27.40,27.4
2025,16,PCP,RB,Tyjae Spears,TEN,KC,8,0.0,0.0,0.0,0.0,0.0,13.0,52.0,1.0,4.0,5.0,5.0,53.0,0.0,2.0,0.0,22.50,22.5
2025,16,PCP,WR,Romeo Doubs,GB,@CHI,30,0.0,0.0,0.0,0.0,0.0,0.0,0.0,0.0,0.0,6.0,5.0,84.0,1.0,4.0,0.0,18.40,18.4
2025,16,PCP,WR,AJ Brown,PHI,@WAS,27,0.0,0.0,0.0,0.0,0.0,0.0,0.0,0.0,0.0,12.0,9.0,95.0,0.0,6.0,0.0,15.50,15.5
2025,16,PCP,QB,Shedeur Sanders,CLE,BUF,5,20.0,29.0,157.0,1.0,2.0,4.0,49.0,0.0,2.0,0.0,0.0,0.0,0.0,0.0,0.0,13.18,13.18
2025,16,PCP,WR,CeeDee Lamb,DAL,LAC,3,0.0,0.0,0.0,0.0,0.0,0.0,0.0,0.0,0.0,7.0,6.0,51.0,0.0,3.0,0.0,8.10,8.1
2025,16,PCP,TE,Luke Musgrave,GB,@CHI,13,0.0,0.0,0.0,0.0,0.0,0.0,0.0,0.0,0.0,3.0,3.0,38.0,0.0,2.0,0.0,5.80,5.8
2025,16,PCP,RB,Nick Chubb,HOU,LV,24,0.0,0.0,0.0,0.0,0.0,6.0,33.0,0.0,1.0,1.0,1.0,9.0,0.0,0.0,0.0,5.20,5.2
2025,16,PCP,TE,Pat Freiermuth,PIT,@DET,19,0.0,0.0,0.0,0.0,0.0,0.0,0.0,0.0,0.0,4.0,4.0,20.0,0.0,1.0,0.0,3.00,3.0
2025,16,PCP,QB,Gardner Minshew,KC,@TEN,25,3.0,8.0,15.0,0.0,0.0,1.0,8.0,0.0,0.0,0.0,0.0,0.0,0.0,0.0,0.0,1.40,1.4
2025,16,PCP,TE,TJ Hockenson,MIN,@NYG,10,0.0,0.0,0.0,0.0,0.0,0.0,0.0,0.0,0.0,1.0,1.0,2.0,0.0,0.0,0.0,0.20,0.2
2025,16,PCP,WR,Garrett Wilson,NYJ,@NO,5,0.0,0.0,0.0,0.0,0.0,0.0,0.0,0.0,0.0,0.0,0.0,0.0,0.0,0.0,0.0,-,0.0
2025,16,PCP,QB,Daniel Jones,IND,SF,22,0.0,0.0,0.0,0.0,0.0,0.0,0.0,0.0,0.0,0.0,0.0,0.0,0.0,0.0,0.0,-,0.0
2025,16,PCP,WR,Keon Coleman,BUF,@CLE,4,0.0,0.0,0.0,0.0,0.0,0.0,0.0,0.0,0.0,0.0,0.0,0.0,0.0,0.0,0.0,-,0.0
2025,16,PCP,RB,Devin Neal,NO,NYJ,29,0.0,0.0,0.0,0.0,0.0,0.0,0.0,0.0,0.0,0.0,0.0,0.0,0.0,0.0,0.0,-,0.0
2025,16,PCP,RB,Braelon Allen,NYJ,@NO,22,0.0,0.0,0.0,0.0,0.0,0.0,0.0,0.0,0.0,0.0,0.0,0.0,0.0,0.0,0.0,-,0.0
2025,16,PCP,RB,DJ Giddens,IND,SF,13,0.0,0.0,0.0,0.0,0.0,0.0,0.0,0.0,0.0,0.0,0.0,0.0,0.0,0.0,0.0,-,0.0
2025,16,PCP,RB,Trey Benson,ARI,ATL,19,0.0,0.0,0.0,0.0,0.0,0.0,0.0,0.0,0.0,0.0,0.0,0.0,0.0,0.0,0.0,-,0.0
2025,16,PCP,QB,Tua Tagovailoa,MIA,CIN,27,0.0,0.0,0.0,0.0,0.0,0.0,0.0,0.0,0.0,0.0,0.0,0.0,0.0,0.0,0.0,-,0.0
2025,16,PCP,DST,Ravens,BAL,NE,17,,,,,,,,,,,,,,,,8.00,8.0
2025,16,PP,QB,Justin Herbert,LAC,@DAL,32,23.0,29.0,300.0,2.0,0.0,8.0,42.0,1.0,3.0,0.0,0.0,0.0,0.0,0.0,0.0,33.20,33.2
2025,16,PP,WR,Stefon Diggs,NE,@BAL,24,0.0,0.0,0.0,0.0,0.0,0.0,0.0,0.0,0.0,10.0,9.0,138.0,0.0,7.0,0.0,20.80,20.8
2025,16,PP,QB,Kirk Cousins,ATL,@ARI,12,21.0,35.0,197.0,2.0,1.0,5.0,-3.0,1.0,2.0,0.0,0.0,0.0,0.0,0.0,1.0,19.88,19.88
2025,16,PP,WR,Courtland Sutton,DEN,JAC,18,0.0,0.0,0.0,0.0,0.0,0.0,0.0,0.0,0.0,12.0,6.0,86.0,1.0,5.0,0.0,19.60,19.6
2025,16,PP,RB,Omarion Hampton,LAC,@DAL,26,0.0,0.0,0.0,0.0,0.0,16.0,85.0,1.0,4.0,2.0,1.0,10.0,0.0,0.0,0.0,19.50,19.5
2025,16,PP,WR,Jauan Jennings,SF,@IND,29,0.0,0.0,0.0,0.0,0.0,0.0,0.0,0.0,0.0,6.0,5.0,71.0,1.0,5.0,0.0,18.10,18.1
2025,16,PP,RB,De'Von Achane,MIA,CIN,32,0.0,0.0,0.0,0.0,0.0,15.0,81.0,1.0,1.0,3.0,3.0,9.0,0.0,0.0,0.0,16.00,16.0
2025,16,PP,RB,Emanuel Wilson,GB,@CHI,12,0.0,0.0,0.0,0.0,0.0,14.0,82.0,0.0,5.0,0.0,0.0,0.0,0.0,0.0,0.0,13.20,13.2
2025,16,PP,QB,JJ McCarthy,MIN,@NYG,30,9.0,14.0,108.0,0.0,1.0,2.0,20.0,1.0,1.0,0.0,0.0,0.0,0.0,0.0,1.0,9.32,9.32
2025,16,PP,RB,Josh Jacobs,GB,@CHI,12,0.0,0.0,0.0,0.0,0.0,12.0,36.0,0.0,2.0,2.0,2.0,12.0,0.0,0.0,1.0,4.80,4.8
2025,16,PP,WR,Jordan Addison,MIN,@NYG,28,0.0,0.0,0.0,0.0,0.0,0.0,0.0,0.0,0.0,3.0,2.0,26.0,0.0,1.0,0.0,3.60,3.6
2025,16,PP,WR,Jayden Higgins,HOU,LV,21,0.0,0.0,0.0,0.0,0.0,0.0,0.0,0.0,0.0,3.0,1.0,17.0,0.0,1.0,0.0,2.70,2.7
2025,16,PP,TE,Travis Kelce,KC,@TEN,17,0.0,0.0,0.0,0.0,0.0,0.0,0.0,0.0,0.0,4.0,1.0,6.0,0.0,0.0,0.0,0.60,0.6
2025,16,PP,WR,Calvin Ridley,TEN,KC,11,0.0,0.0,0.0,0.0,0.0,0.0,0.0,0.0,0.0,0.0,0.0,0.0,0.0,0.0,0.0,-,0.0
2025,16,PP,WR,Rashee Rice,KC,@TEN,26,0.0,0.0,0.0,0.0,0.0,0.0,0.0,0.0,0.0,0.0,0.0,0.0,0.0,0.0,0.0,-,0.0
2025,16,PP,QB,Riley Leonard,IND,SF,22,0.0,1.0,0.0,0.0,0.0,0.0,0.0,0.0,0.0,0.0,0.0,0.0,0.0,0.0,0.0,0.00,0.0
2025,16,PP,RB,Jaydon Blue,DAL,LAC,10,0.0,0.0,0.0,0.0,0.0,0.0,0.0,0.0,0.0,0.0,0.0,0.0,0.0,0.0,0.0,-,0.0
2025,16,PP,WR,Tyreek Hill Dead Cap,MIA,0,0,0.0,0.0,0.0,0.0,0.0,0.0,0.0,0.0,0.0,0.0,0.0,0.0,0.0,0.0,0.0,-,0.0
2025,16,PP,TE,Tucker Kraft,GB,@CHI,13,0.0,0.0,0.0,0.0,0.0,0.0,0.0,0.0,0.0,0.0,0.0,0.0,0.0,0.0,0.0,-,0.0
2025,16,PP,QB,Jalen Milroe,SEA,LAR,13,0.0,0.0,0.0,0.0,0.0,0.0,0.0,0.0,0.0,0.0,0.0,0.0,0.0,0.0,0.0,-,0.0
2025,16,PP,TE,Isaiah Likely,BAL,NE,22,0.0,0.0,0.0,0.0,0.0,0.0,0.0,0.0,0.0,0.0,0.0,0.0,0.0,0.0,0.0,0.00,0.0
2025,16,PP,RB,MarShawn Lloyd,GB,@CHI,12,0.0,0.0,0.0,0.0,0.0,0.0,0.0,0.0,0.0,0.0,0.0,0.0,0.0,0.0,0.0,-,0.0
2025,16,PP,DST,Cowboys,DAL,LAC,20,,,,,,,,,,,,,,,,0.00,0.0
2025,16,RR,RB,Christian McCaffrey,SF,@IND,14,0.0,0.0,0.0,0.0,0.0,21.0,117.0,0.0,6.0,8.0,6.0,29.0,2.0,3.0,0.0,35.60,35.6
2025,16,RR,QB,Joe Burrow,CIN,@MIA,24,25.0,32.0,309.0,4.0,0.0,2.0,6.0,0.0,1.0,0.0,0.0,0.0,0.0,0.0,0.0,29.96,29.96
2025,16,RR,WR,George Pickens,DAL,LAC,3,0.0,0.0,0.0,0.0,0.0,0.0,0.0,0.0,0.0,9.0,7.0,130.0,1.0,5.0,0.0,24.00,24.0
2025,16,RR,QB,Tyler Shough,NO,NYJ,23,32.0,49.0,308.0,1.0,0.0,2.0,8.0,0.0,0.0,0.0,0.0,0.0,0.0,0.0,0.0,17.12,17.12
2025,16,RR,TE,Kyle Pitts,ATL,@ARI,27,0.0,0.0,0.0,0.0,0.0,0.0,0.0,0.0,0.0,9.0,7.0,57.0,1.0,5.0,0.0,16.70,16.7
2025,16,RR,QB,Baker Mayfield,TB,@CAR,6,18.0,26.0,145.0,1.0,1.0,4.0,49.0,0.0,2.0,0.0,0.0,0.0,0.0,0.0,0.0,14.70,14.7
2025,16,RR,WR,Michael Wilson,ARI,ATL,22,0.0,0.0,0.0,0.0,0.0,0.0,0.0,0.0,0.0,3.0,2.0,52.0,1.0,2.0,0.0,13.20,13.2
2025,16,RR,WR,Justin Jefferson,MIN,@NYG,28,0.0,0.0,0.0,0.0,0.0,0.0,0.0,0.0,0.0,8.0,6.0,85.0,0.0,4.0,0.0,12.50,12.5
2025,16,RR,RB,Breece Hall,NYJ,@NO,22,0.0,0.0,0.0,0.0,0.0,16.0,54.0,0.0,5.0,3.0,2.0,9.0,0.0,1.0,0.0,12.30,12.3
2025,16,RR,RB,Michael Carter,ARI,ATL,19,0.0,0.0,0.0,0.0,0.0,11.0,65.0,0.0,2.0,2.0,0.0,0.0,0.0,0.0,0.0,8.50,8.5
2025,16,RR,RB,Rico Dowdle,CAR,TB,15,0.0,0.0,0.0,0.0,0.0,9.0,29.0,0.0,2.0,6.0,4.0,14.0,0.0,0.0,0.0,6.30,6.3
2025,16,RR,TE,Tyler Warren,IND,SF,20,0.0,0.0,0.0,0.0,0.0,0.0,0.0,0.0,0.0,9.0,3.0,30.0,0.0,1.0,0.0,4.00,4.0
2025,16,RR,QB,Marcus Mariota,WAS,PHI,9,7.0,14.0,95.0,0.0,0.0,1.0,-1.0,0.0,0.0,0.0,0.0,0.0,0.0,0.0,0.0,3.80,3.8
2025,16,RR,WR,Jalen McMillan,TB,@CAR,12,0.0,0.0,0.0,0.0,0.0,1.0,1.0,0.0,0.0,3.0,2.0,15.0,0.0,1.0,0.0,2.60,2.6
2025,16,RR,WR,Tyreek Hill,MIA,CIN,10,0.0,0.0,0.0,0.0,0.0,0.0,0.0,0.0,0.0,0.0,0.0,0.0,0.0,0.0,0.0,-,0.0
2025,16,RR,RB,Woody Marks,HOU,LV,24,0.0,0.0,0.0,0.0,0.0,0.0,0.0,0.0,0.0,0.0,0.0,0.0,0.0,0.0,0.0,-,0.0
2025,16,RR,RB,Kaleb Johnson,PIT,@DET,9,0.0,0.0,0.0,0.0,0.0,0.0,0.0,0.0,0.0,0.0,0.0,0.0,0.0,0.0,0.0,-,0.0
2025,16,RR,QB,Michael Penix,ATL,@ARI,12,0.0,0.0,0.0,0.0,0.0,0.0,0.0,0.0,0.0,0.0,0.0,0.0,0.0,0.0,0.0,-,0.0
2025,16,RR,WR,Davante Adams,LAR,@SEA,9,0.0,0.0,0.0,0.0,0.0,0.0,0.0,0.0,0.0,0.0,0.0,0.0,0.0,0.0,0.0,-,0.0
2025,16,RR,RB,JK Dobbins,DEN,JAC,2,0.0,0.0,0.0,0.0,0.0,0.0,0.0,0.0,0.0,0.0,0.0,0.0,0.0,0.0,0.0,-,0.0
2025,16,RR,DST,Saints,NO,NYJ,29,,,,,,,,,,,,,,,,21.00,21.0
2025,16,SBS,WR,Alec Pierce,IND,SF,19,0.0,0.0,0.0,0.0,0.0,0.0,0.0,0.0,0.0,4.0,4.0,86.0,2.0,4.0,0.0,24.60,24.6
2025,16,SBS,RB,Jonathan Taylor,IND,SF,14,0.0,0.0,0.0,0.0,0.0,16.0,46.0,1.0,4.0,3.0,3.0,33.0,0.0,1.0,0.0,18.90,18.9
2025,16,SBS,QB,Philip Rivers,IND,SF,22,23.0,35.0,277.0,2.0,1.0,0.0,0.0,0.0,0.0,0.0,0.0,0.0,0.0,0.0,0.0,17.08,17.08
2025,16,SBS,RB,Kyle Monangai,CHI,GB,6,0.0,0.0,0.0,0.0,0.0,9.0,50.0,0.0,4.0,4.0,3.0,43.0,0.0,1.0,0.0,14.30,14.3
2025,16,SBS,WR,Troy Franklin,DEN,JAC,18,0.0,0.0,0.0,0.0,0.0,0.0,0.0,0.0,0.0,5.0,4.0,66.0,0.0,1.0,0.0,7.60,7.6
2025,16,SBS,RB,Chuba Hubbard,CAR,TB,15,0.0,0.0,0.0,0.0,0.0,6.0,27.0,0.0,4.0,1.0,1.0,7.0,0.0,0.0,0.0,7.40,7.4
2025,16,SBS,WR,Christian Kirk,HOU,LV,21,0.0,0.0,0.0,0.0,0.0,0.0,0.0,0.0,0.0,5.0,3.0,37.0,0.0,2.0,0.0,5.70,5.7
2025,16,SBS,WR,Deebo Samuel,WAS,PHI,6,0.0,0.0,0.0,0.0,0.0,0.0,0.0,0.0,0.0,4.0,3.0,35.0,0.0,2.0,0.0,5.50,5.5
2025,16,SBS,QB,Lamar Jackson,BAL,NE,15,7.0,10.0,101.0,0.0,0.0,2.0,7.0,0.0,0.0,0.0,0.0,0.0,0.0,0.0,0.0,4.74,4.74
2025,16,SBS,WR,Christian Watson,GB,@CHI,30,0.0,0.0,0.0,0.0,0.0,0.0,0.0,0.0,0.0,6.0,2.0,17.0,0.0,2.0,0.0,3.70,3.7
2025,16,SBS,RB,David Montgomery,DET,PIT,11,0.0,0.0,0.0,0.0,0.0,4.0,14.0,0.0,1.0,0.0,0.0,0.0,0.0,0.0,0.0,2.40,2.4
2025,16,SBS,WR,Wan'Dale Robinson,NYG,MIN,1,0.0,0.0,0.0,0.0,0.0,1.0,3.0,0.0,0.0,6.0,3.0,19.0,0.0,0.0,0.0,2.20,2.2
2025,16,SBS,TE,Colby Parkinson,LAR,@SEA,26,0.0,0.0,0.0,0.0,0.0,0.0,0.0,0.0,0.0,4.0,2.0,21.0,0.0,0.0,0.0,2.10,2.1
2025,16,SBS,RB,TreVeyon Henderson,NE,@BAL,18,0.0,0.0,0.0,0.0,0.0,5.0,3.0,0.0,0.0,1.0,1.0,9.0,0.0,0.0,0.0,1.20,1.2
2025,16,SBS,QB,Jayden Daniels,WAS,PHI,9,0.0,0.0,0.0,0.0,0.0,0.0,0.0,0.0,0.0,0.0,0.0,0.0,0.0,0.0,0.0,-,0.0
2025,16,SBS,TE,Mason Taylor,NYJ,@NO,11,0.0,0.0,0.0,0.0,0.0,0.0,0.0,0.0,0.0,0.0,0.0,0.0,0.0,0.0,0.0,-,0.0
2025,16,SBS,RB,Dylan Sampson,CLE,BUF,27,0.0,0.0,0.0,0.0,0.0,0.0,0.0,0.0,0.0,0.0,0.0,0.0,0.0,0.0,0.0,-,0.0
2025,16,SBS,WR,Jaylin Noel,HOU,LV,21,0.0,0.0,0.0,0.0,0.0,0.0,0.0,0.0,0.0,0.0,0.0,0.0,0.0,0.0,0.0,0.00,0.0
2025,16,SBS,DST,Eagles,PHI,@WAS,23,,,,,,,,,,,,,,,,5.00,5.0
2025,17,ABT,QB,Malik Willis,GB,BAL,21,18.0,21.0,288.0,1.0,0.0,9.0,60.0,2.0,4.0,0.0,0.0,0.0,0.0,0.0,1.0,35.52,35.52
2025,17,ABT,RB,Chase Brown,CIN,ARI,31,0.0,0.0,0.0,0.0,0.0,22.0,101.0,2.0,5.0,3.0,3.0,40.0,0.0,1.0,0.0,32.10,32.1
2025,17,ABT,QB,Caleb Williams,CHI,@SF,20,25.0,42.0,330.0,2.0,0.0,5.0,18.0,0.0,2.0,0.0,0.0,0.0,0.0,0.0,0.0,25.00,25.0
2025,17,ABT,WR,Chris Olave,NO,@TEN,27,0.0,0.0,0.0,0.0,0.0,0.0,0.0,0.0,0.0,11.0,8.0,119.0,1.0,5.0,0.0,22.90,22.9
2025,17,ABT,TE,Colston Loveland,CHI,@SF,24,0.0,0.0,0.0,0.0,0.0,0.0,0.0,0.0,0.0,10.0,6.0,94.0,1.0,4.0,0.0,19.40,19.4
2025,17,ABT,RB,Tony Pollard,TEN,NO,22,0.0,0.0,0.0,0.0,0.0,18.0,85.0,0.0,4.0,2.0,2.0,10.0,0.0,1.0,0.0,14.50,14.5
2025,17,ABT,TE,Hunter Henry,NE,@NYJ,25,0.0,0.0,0.0,0.0,0.0,0.0,0.0,0.0,0.0,3.0,3.0,49.0,1.0,3.0,0.0,13.90,13.9
2025,17,ABT,QB,Bryce Young,CAR,SEA,7,14.0,24.0,54.0,0.0,1.0,9.0,27.0,1.0,3.0,0.0,0.0,0.0,0.0,0.0,0.0,11.86,11.86
2025,17,ABT,RB,Saquon Barkley,PHI,@BUF,27,0.0,0.0,0.0,0.0,0.0,19.0,68.0,0.0,4.0,0.0,0.0,0.0,0.0,0.0,0.0,10.80,10.8
2025,17,ABT,TE,Brenton Strange,JAC,@IND,27,0.0,0.0,0.0,0.0,0.0,0.0,0.0,0.0,0.0,5.0,3.0,54.0,0.0,3.0,0.0,8.40,8.4
2025,17,ABT,WR,Tre Tucker,LV,NYG,25,0.0,0.0,0.0,0.0,0.0,2.0,0.0,0.0,1.0,6.0,5.0,49.0,0.0,1.0,0.0,6.90,6.9
2025,17,ABT,RB,Keaton Mitchell,BAL,@GB,15,0.0,0.0,0.0,0.0,0.0,9.0,31.0,0.0,3.0,2.0,2.0,7.0,0.0,0.0,0.0,6.80,6.8
2025,17,ABT,WR,Josh Downs,IND,JAC,16,0.0,0.0,0.0,0.0,0.0,0.0,0.0,0.0,0.0,5.0,2.0,34.0,0.0,2.0,0.0,5.40,5.4
2025,17,ABT,RB,Rachaad White,TB,@MIA,20,0.0,0.0,0.0,0.0,0.0,2.0,10.0,0.0,0.0,2.0,2.0,7.0,0.0,0.0,0.0,1.70,1.7
2025,17,ABT,WR,DJ Moore,CHI,@SF,20,0.0,0.0,0.0,0.0,0.0,0.0,0.0,0.0,0.0,4.0,1.0,7.0,0.0,0.0,0.0,0.70,0.7
2025,17,ABT,WR,Calvin Austin,PIT,@CLE,3,0.0,0.0,0.0,0.0,0.0,0.0,0.0,0.0,0.0,0.0,0.0,0.0,0.0,0.0,0.0,-,0.0
2025,17,ABT,RB,Tyler Allgeier,ATL,LAR,5,0.0,0.0,0.0,0.0,0.0,0.0,0.0,0.0,0.0,0.0,0.0,0.0,0.0,0.0,0.0,-,0.0
2025,17,ABT,WR,Puka Nacua,LAR,@ATL,23,0.0,0.0,0.0,0.0,0.0,0.0,0.0,0.0,0.0,0.0,0.0,0.0,0.0,0.0,0.0,-,0.0
2025,17,ABT,RB,Jonathon Brooks,CAR,SEA,1,0.0,0.0,0.0,0.0,0.0,0.0,0.0,0.0,0.0,0.0,0.0,0.0,0.0,0.0,0.0,-,0.0
2025,17,ABT,DST,Rams,LAR,@ATL,20,,,,,,,,,,,,,,,,-,0.0
2025,17,CLC,QB,Cam Ward,TEN,NO,8,21.0,40.0,251.0,2.0,0.0,2.0,10.0,0.0,0.0,0.0,0.0,0.0,0.0,0.0,1.0,17.04,17.04
2025,17,CLC,QB,Jacoby Brissett,ARI,@CIN,29,21.0,37.0,212.0,2.0,0.0,0.0,0.0,0.0,0.0,0.0,0.0,0.0,0.0,0.0,0.0,16.48,16.48
2025,17,CLC,RB,Javonte Williams,DAL,@WAS,29,0.0,0.0,0.0,0.0,0.0,13.0,54.0,1.0,4.0,2.0,0.0,0.0,0.0,0.0,0.0,15.40,15.4
2025,17,CLC,TE,AJ Barner,SEA,@CAR,19,0.0,0.0,0.0,0.0,0.0,0.0,0.0,0.0,0.0,3.0,3.0,43.0,1.0,3.0,0.0,13.30,13.3
2025,17,CLC,WR,Ricky Pearsall,SF,CHI,30,0.0,0.0,0.0,0.0,0.0,0.0,0.0,0.0,0.0,8.0,5.0,85.0,0.0,4.0,0.0,12.50,12.5
2025,17,CLC,WR,Nico Collins,HOU,@LAC,7,0.0,0.0,0.0,0.0,0.0,0.0,0.0,0.0,0.0,4.0,3.0,57.0,0.0,3.0,0.0,8.70,8.7
2025,17,CLC,WR,DeVonta Smith,PHI,@BUF,12,0.0,0.0,0.0,0.0,0.0,0.0,0.0,0.0,0.0,5.0,2.0,25.0,0.0,2.0,0.0,4.50,4.5
2025,17,CLC,WR,Jaylen Waddle,MIA,TB,15,0.0,0.0,0.0,0.0,0.0,1.0,7.0,0.0,0.0,1.0,0.0,0.0,0.0,0.0,0.0,0.70,0.7
2025,17,CLC,QB,Jordan Love,GB,BAL,21,0.0,0.0,0.0,0.0,0.0,0.0,0.0,0.0,0.0,0.0,0.0,0.0,0.0,0.0,0.0,-,0.0
2025,17,CLC,RB,Trevor Etienne,CAR,SEA,1,0.0,0.0,0.0,0.0,0.0,0.0,0.0,0.0,0.0,0.0,0.0,0.0,0.0,0.0,0.0,0.00,0.0
2025,17,CLC,WR,Rome Odunze,CHI,@SF,20,0.0,0.0,0.0,0.0,0.0,0.0,0.0,0.0,0.0,0.0,0.0,0.0,0.0,0.0,0.0,-,0.0
2025,17,CLC,WR,Ja'Lynn Polk,NO,@TEN,27,0.0,0.0,0.0,0.0,0.0,0.0,0.0,0.0,0.0,0.0,0.0,0.0,0.0,0.0,0.0,-,0.0
2025,17,CLC,QB,Justin Fields,NYJ,NE,11,0.0,0.0,0.0,0.0,0.0,0.0,0.0,0.0,0.0,0.0,0.0,0.0,0.0,0.0,0.0,-,0.0
2025,17,CLC,TE,Dalton Kincaid,BUF,PHI,1,0.0,0.0,0.0,0.0,0.0,0.0,0.0,0.0,0.0,0.0,0.0,0.0,0.0,0.0,0.0,-,0.0
2025,17,CLC,RB,Zack Moss Dead Cap,CIN,0,0,0.0,0.0,0.0,0.0,0.0,0.0,0.0,0.0,0.0,0.0,0.0,0.0,0.0,0.0,0.0,-,0.0
2025,17,CLC,RB,Alvin Kamara,NO,@TEN,18,0.0,0.0,0.0,0.0,0.0,0.0,0.0,0.0,0.0,0.0,0.0,0.0,0.0,0.0,0.0,-,0.0
2025,17,CLC,RB,Chris Rodriguez,WAS,DAL,26,0.0,0.0,0.0,0.0,0.0,0.0,0.0,0.0,0.0,0.0,0.0,0.0,0.0,0.0,0.0,-,0.0
2025,17,CLC,RB,Ollie Gordon,MIA,TB,16,0.0,0.0,0.0,0.0,0.0,0.0,0.0,0.0,0.0,0.0,0.0,0.0,0.0,0.0,0.0,0.00,0.0
2025,17,CLC,TE,Terrance Ferguson,LAR,@ATL,3,0.0,0.0,0.0,0.0,0.0,0.0,0.0,0.0,0.0,0.0,0.0,0.0,0.0,0.0,0.0,-,0.0
2025,17,CLC,DST,Bills,BUF,PHI,6,,,,,,,,,,,,,,,,5.00,5.0
2025,17,CPC,RB,Derrick Henry,BAL,@GB,15,0.0,0.0,0.0,0.0,0.0,36.0,216.0,4.0,14.0,0.0,0.0,0.0,0.0,0.0,0.0,59.60,59.6
2025,17,CPC,QB,Drake Maye,NE,@NYJ,28,19.0,21.0,256.0,5.0,0.0,3.0,22.0,0.0,2.0,0.0,0.0,0.0,0.0,0.0,0.0,34.44,34.44
2025,17,CPC,QB,Dak Prescott,DAL,@WAS,31,19.0,37.0,307.0,2.0,0.0,4.0,24.0,0.0,3.0,0.0,0.0,0.0,0.0,0.0,0.0,25.68,25.68
2025,17,CPC,WR,Ja'Marr Chase,CIN,ARI,17,0.0,0.0,0.0,0.0,0.0,0.0,0.0,0.0,0.0,9.0,7.0,60.0,2.0,4.0,0.0,22.00,22.0
2025,17,CPC,TE,Jake Tonges,SF,CHI,15,0.0,0.0,0.0,0.0,0.0,0.0,0.0,0.0,0.0,9.0,7.0,60.0,1.0,6.0,0.0,18.00,18.0
2025,17,CPC,RB,James Cook,BUF,PHI,24,0.0,0.0,0.0,0.0,0.0,20.0,74.0,0.0,3.0,4.0,1.0,3.0,0.0,0.0,0.0,10.70,10.7
2025,17,CPC,WR,Tee Higgins,CIN,ARI,17,0.0,0.0,0.0,0.0,0.0,0.0,0.0,0.0,0.0,5.0,4.0,59.0,0.0,2.0,0.0,7.90,7.9
2025,17,CPC,QB,Geno Smith,LV,NYG,27,20.0,28.0,176.0,1.0,2.0,1.0,1.0,0.0,0.0,0.0,0.0,0.0,0.0,0.0,0.0,7.14,7.14
2025,17,CPC,QB,Sam Darnold,SEA,@CAR,5,18.0,27.0,147.0,1.0,1.0,3.0,2.0,0.0,0.0,0.0,0.0,0.0,0.0,0.0,1.0,6.08,6.08
2025,17,CPC,RB,Brian Robinson,SF,CHI,17,0.0,0.0,0.0,0.0,0.0,4.0,22.0,0.0,1.0,1.0,1.0,6.0,0.0,1.0,0.0,4.80,4.8
2025,17,CPC,RB,Jawhar Jordan,HOU,@LAC,9,0.0,0.0,0.0,0.0,0.0,8.0,36.0,0.0,1.0,0.0,0.0,0.0,0.0,0.0,0.0,4.60,4.6
2025,17,CPC,WR,Ladd McConkey,LAC,HOU,1,0.0,0.0,0.0,0.0,0.0,0.0,0.0,0.0,0.0,2.0,1.0,31.0,0.0,1.0,0.0,4.10,4.1
2025,17,CPC,WR,Jakobi Meyers,JAC,@IND,28,0.0,0.0,0.0,0.0,0.0,0.0,0.0,0.0,0.0,9.0,6.0,39.0,0.0,2.0,1.0,3.90,3.9
2025,17,CPC,WR,Adonai Mitchell,NYJ,NE,13,0.0,0.0,0.0,0.0,0.0,0.0,0.0,0.0,0.0,9.0,3.0,22.0,0.0,0.0,0.0,2.20,2.2
2025,17,CPC,WR,Matthew Golden,GB,BAL,26,0.0,0.0,0.0,0.0,0.0,0.0,0.0,0.0,0.0,3.0,1.0,12.0,0.0,0.0,0.0,1.20,1.2
2025,17,CPC,WR,Dontayvion Wicks Dead Cap,GB,0,0,0.0,0.0,0.0,0.0,0.0,0.0,0.0,0.0,0.0,0.0,0.0,0.0,0.0,0.0,0.0,-,0.0
2025,17,CPC,TE,George Kittle,SF,CHI,15,0.0,0.0,0.0,0.0,0.0,0.0,0.0,0.0,0.0,0.0,0.0,0.0,0.0,0.0,0.0,-,0.0
2025,17,CPC,RB,Jordan Mason,MIN,DET,8,0.0,0.0,0.0,0.0,0.0,0.0,0.0,0.0,0.0,0.0,0.0,0.0,0.0,0.0,0.0,-,0.0
2025,17,CPC,RB,Quinshon Judkins,CLE,PIT,10,0.0,0.0,0.0,0.0,0.0,0.0,0.0,0.0,0.0,0.0,0.0,0.0,0.0,0.0,0.0,-,0.0
2025,17,CPC,WR,Jalen Royals,KC,DEN,4,0.0,0.0,0.0,0.0,0.0,0.0,0.0,0.0,0.0,0.0,0.0,0.0,0.0,0.0,0.0,0.00,0.0
2025,17,CPC,"QB,TE",Taysom Hill,NO,@TEN,16,0.0,0.0,0.0,0.0,0.0,3.0,0.0,0.0,0.0,0.0,0.0,0.0,0.0,0.0,0.0,0.00,0.0
2025,17,CPC,DST,Texans,HOU,@LAC,21,,,,,,,,,,,,,,,,8.00,8.0
2025,17,DDD,QB,Brock Purdy,SF,CHI,24,24.0,33.0,303.0,3.0,1.0,6.0,28.0,2.0,3.0,0.0,0.0,0.0,0.0,0.0,0.0,39.92,39.92
2025,17,DDD,WR,Quentin Johnston,LAC,HOU,1,0.0,0.0,0.0,0.0,0.0,0.0,0.0,0.0,0.0,8.0,5.0,98.0,0.0,4.0,0.0,13.80,13.8
2025,17,DDD,WR,Elic Ayomanor,TEN,NO,8,0.0,0.0,0.0,0.0,0.0,0.0,0.0,0.0,0.0,7.0,4.0,37.0,1.0,4.0,0.0,13.70,13.7
2025,17,DDD,WR,Zay Flowers,BAL,@GB,19,0.0,0.0,0.0,0.0,0.0,0.0,0.0,0.0,0.0,5.0,4.0,30.0,1.0,3.0,0.0,12.00,12.0
2025,17,DDD,RB,Kenneth Gainwell,PIT,@CLE,13,0.0,0.0,0.0,0.0,0.0,7.0,26.0,0.0,1.0,4.0,3.0,12.0,0.0,2.0,0.0,6.80,6.8
2025,17,DDD,RB,Jahmyr Gibbs,DET,@MIN,19,0.0,0.0,0.0,0.0,0.0,17.0,41.0,0.0,1.0,3.0,2.0,23.0,0.0,1.0,1.0,6.40,6.4
2025,17,DDD,RB,Bucky Irving,TB,@MIA,20,0.0,0.0,0.0,0.0,0.0,9.0,19.0,0.0,2.0,6.0,5.0,14.0,0.0,0.0,0.0,5.30,5.3
2025,17,DDD,QB,Jared Goff,DET,@MIN,1,18.0,29.0,197.0,1.0,2.0,3.0,2.0,0.0,1.0,0.0,0.0,0.0,0.0,0.0,3.0,3.08,3.08
2025,17,DDD,WR,Tez Johnson,TB,@MIA,14,0.0,0.0,0.0,0.0,0.0,0.0,0.0,0.0,0.0,2.0,2.0,19.0,0.0,1.0,0.0,2.90,2.9
2025,17,DDD,WR,Keenan Allen,LAC,HOU,1,0.0,0.0,0.0,0.0,0.0,0.0,0.0,0.0,0.0,3.0,1.0,17.0,0.0,1.0,0.0,2.70,2.7
2025,17,DDD,WR,Emeka Egbuka,TB,@MIA,14,0.0,0.0,0.0,0.0,0.0,0.0,0.0,0.0,0.0,5.0,3.0,20.0,0.0,0.0,0.0,2.00,2.0
2025,17,DDD,QB,Deshaun Watson Dead Cap,CLE,0,0,0.0,0.0,0.0,0.0,0.0,0.0,0.0,0.0,0.0,0.0,0.0,0.0,0.0,0.0,0.0,-,0.0
2025,17,DDD,QB,Mac Jones,SF,CHI,24,0.0,0.0,0.0,0.0,0.0,0.0,0.0,0.0,0.0,0.0,0.0,0.0,0.0,0.0,0.0,-,0.0
2025,17,DDD,WR,Tank Dell,HOU,@LAC,7,0.0,0.0,0.0,0.0,0.0,0.0,0.0,0.0,0.0,0.0,0.0,0.0,0.0,0.0,0.0,-,0.0
2025,17,DDD,RB,Kimani Vidal,LAC,HOU,6,0.0,0.0,0.0,0.0,0.0,0.0,0.0,0.0,0.0,0.0,0.0,0.0,0.0,0.0,0.0,-,0.0
2025,17,DDD,RB,Cam Skattebo,NYG,@LV,23,0.0,0.0,0.0,0.0,0.0,0.0,0.0,0.0,0.0,0.0,0.0,0.0,0.0,0.0,0.0,-,0.0
2025,17,DDD,RB,Kendre Miller,NO,@TEN,18,0.0,0.0,0.0,0.0,0.0,0.0,0.0,0.0,0.0,0.0,0.0,0.0,0.0,0.0,0.0,-,0.0
2025,17,DDD,WR,Malik Nabers,NYG,@LV,21,0.0,0.0,0.0,0.0,0.0,0.0,0.0,0.0,0.0,0.0,0.0,0.0,0.0,0.0,0.0,-,0.0
2025,17,DDD,TE,Sam LaPorta,DET,@MIN,7,0.0,0.0,0.0,0.0,0.0,0.0,0.0,0.0,0.0,0.0,0.0,0.0,0.0,0.0,0.0,-,0.0
2025,17,DDD,TE,Theo Johnson,NYG,@LV,4,0.0,0.0,0.0,0.0,0.0,0.0,0.0,0.0,0.0,0.0,0.0,0.0,0.0,0.0,0.0,-,0.0
2025,17,DDD,TE,Darren Waller,MIA,TB,26,0.0,0.0,0.0,0.0,0.0,0.0,0.0,0.0,0.0,3.0,1.0,0.0,0.0,0.0,0.0,0.00,0.0
2025,17,DDD,DST,Seahawks,SEA,@CAR,22,,,,,,,,,,,,,,,,13.00,13.0
2025,17,LBC,RB,Rhamondre Stevenson,NE,@NYJ,30,0.0,0.0,0.0,0.0,0.0,8.0,47.0,1.0,3.0,5.0,5.0,55.0,1.0,3.0,0.0,28.20,28.2
2025,17,LBC,QB,Bo Nix,DEN,@KC,15,26.0,38.0,182.0,1.0,1.0,9.0,42.0,1.0,4.0,0.0,0.0,0.0,0.0,0.0,0.0,23.48,23.48
2025,17,LBC,RB,RJ Harvey,DEN,@KC,7,0.0,0.0,0.0,0.0,0.0,14.0,43.0,0.0,3.0,6.0,5.0,33.0,1.0,2.0,0.0,18.60,18.6
2025,17,LBC,TE,Trey McBride,ARI,@CIN,32,0.0,0.0,0.0,0.0,0.0,0.0,0.0,0.0,0.0,13.0,10.0,76.0,1.0,4.0,0.0,17.60,17.6
2025,17,LBC,RB,Travis Etienne,JAC,@IND,11,0.0,0.0,0.0,0.0,0.0,17.0,76.0,0.0,4.0,3.0,2.0,16.0,0.0,1.0,0.0,14.20,14.2
2025,17,LBC,QB,CJ Stroud,HOU,@LAC,4,16.0,28.0,244.0,2.0,2.0,4.0,0.0,0.0,0.0,0.0,0.0,0.0,0.0,0.0,0.0,13.76,13.76
2025,17,LBC,WR,Jaxon Smith-Njigba,SEA,@CAR,9,0.0,0.0,0.0,0.0,0.0,0.0,0.0,0.0,0.0,12.0,9.0,72.0,0.0,3.0,0.0,10.20,10.2
2025,17,LBC,WR,Jerry Jeudy,CLE,PIT,22,0.0,0.0,0.0,0.0,0.0,0.0,0.0,0.0,0.0,7.0,5.0,54.0,0.0,4.0,0.0,9.40,9.4
2025,17,LBC,QB,Aaron Rodgers,PIT,@CLE,3,21.0,39.0,168.0,0.0,0.0,1.0,6.0,0.0,0.0,0.0,0.0,0.0,0.0,0.0,0.0,7.32,7.32
2025,17,LBC,RB,Isiah Pacheco,KC,DEN,2,0.0,0.0,0.0,0.0,0.0,9.0,32.0,0.0,1.0,0.0,0.0,0.0,0.0,0.0,0.0,4.20,4.2
2025,17,LBC,WR,Kyle Williams,NE,@NYJ,18,0.0,0.0,0.0,0.0,0.0,0.0,0.0,0.0,0.0,5.0,3.0,20.0,0.0,2.0,0.0,4.00,4.0
2025,17,LBC,WR,Jalen Coker,CAR,SEA,5,0.0,0.0,0.0,0.0,0.0,0.0,0.0,0.0,0.0,2.0,2.0,16.0,0.0,1.0,0.0,2.60,2.6
2025,17,LBC,WR,Michael Pittman,IND,JAC,16,0.0,0.0,0.0,0.0,0.0,0.0,0.0,0.0,0.0,3.0,2.0,16.0,0.0,1.0,0.0,2.60,2.6
2025,17,LBC,TE,Evan Engram,DEN,@KC,5,0.0,0.0,0.0,0.0,0.0,0.0,0.0,0.0,0.0,4.0,4.0,21.0,0.0,0.0,0.0,2.10,2.1
2025,17,LBC,TE,Brock Bowers,LV,NYG,10,0.0,0.0,0.0,0.0,0.0,0.0,0.0,0.0,0.0,0.0,0.0,0.0,0.0,0.0,0.0,-,0.0
2025,17,LBC,WR,Drake London,ATL,LAR,24,0.0,0.0,0.0,0.0,0.0,0.0,0.0,0.0,0.0,0.0,0.0,0.0,0.0,0.0,0.0,-,0.0
2025,17,LBC,RB,Kyren Williams,LAR,@ATL,21,0.0,0.0,0.0,0.0,0.0,0.0,0.0,0.0,0.0,0.0,0.0,0.0,0.0,0.0,0.0,-,0.0
2025,17,LBC,WR,Brandon Aiyuk Dead Cap,SF,0,0,0.0,0.0,0.0,0.0,0.0,0.0,0.0,0.0,0.0,0.0,0.0,0.0,0.0,0.0,0.0,-,0.0
2025,17,LBC,WR,Jack Bech,LV,NYG,25,0.0,0.0,0.0,0.0,0.0,0.0,0.0,0.0,0.0,0.0,0.0,0.0,0.0,0.0,0.0,-,0.0
2025,17,LBC,WR,Michael Wilson Dead Cap,ARI,0,0,0.0,0.0,0.0,0.0,0.0,0.0,0.0,0.0,0.0,0.0,0.0,0.0,0.0,0.0,0.0,-,0.0
2025,17,LBC,DST,Broncos,DEN,@KC,11,,,,,,,,,,,,,,,,6.00,6.0
2025,17,LC,RB,Zach Charbonnet,SEA,@CAR,25,0.0,0.0,0.0,0.0,0.0,18.0,110.0,2.0,8.0,2.0,2.0,12.0,0.0,1.0,0.0,33.20,33.2
2025,17,LC,WR,Luther Burden,CHI,@SF,20,0.0,0.0,0.0,0.0,0.0,0.0,0.0,0.0,0.0,9.0,8.0,138.0,1.0,6.0,0.0,25.80,25.8
2025,17,LC,RB,Jaylen Warren,PIT,@CLE,13,0.0,0.0,0.0,0.0,0.0,12.0,64.0,0.0,3.0,0.0,0.0,0.0,0.0,0.0,0.0,9.40,9.4
2025,17,LC,QB,Jalen Hurts,PHI,@BUF,6,13.0,27.0,110.0,1.0,0.0,3.0,5.0,0.0,0.0,0.0,0.0,0.0,0.0,0.0,0.0,8.90,8.9
2025,17,LC,TE,Jake Ferguson,DAL,@WAS,31,0.0,0.0,0.0,0.0,0.0,0.0,0.0,0.0,0.0,2.0,1.0,6.0,1.0,1.0,0.0,7.60,7.6
2025,17,LC,TE,Dalton Schultz,HOU,@LAC,9,0.0,0.0,0.0,0.0,0.0,0.0,0.0,0.0,0.0,4.0,3.0,19.0,0.0,0.0,0.0,1.90,1.9
2025,17,LC,WR,Xavier Legette,CAR,SEA,5,0.0,0.0,0.0,0.0,0.0,0.0,0.0,0.0,0.0,1.0,1.0,3.0,0.0,1.0,0.0,1.30,1.3
2025,17,LC,WR,Rashid Shaheed,SEA,@CAR,9,0.0,0.0,0.0,0.0,0.0,0.0,0.0,0.0,0.0,1.0,1.0,8.0,0.0,0.0,0.0,0.80,0.8
2025,17,LC,WR,Xavier Worthy,KC,DEN,4,0.0,0.0,0.0,0.0,0.0,1.0,1.0,0.0,0.0,3.0,0.0,0.0,0.0,0.0,0.0,0.10,0.1
2025,17,LC,WR,Luke McCaffrey,WAS,DAL,32,0.0,0.0,0.0,0.0,0.0,0.0,0.0,0.0,0.0,0.0,0.0,0.0,0.0,0.0,0.0,-,0.0
2025,17,LC,WR,DeAndre Hopkins,BAL,@GB,19,0.0,0.0,0.0,0.0,0.0,0.0,0.0,0.0,0.0,1.0,0.0,0.0,0.0,0.0,0.0,0.00,0.0
2025,17,LC,WR,Tory Horton,SEA,@CAR,9,0.0,0.0,0.0,0.0,0.0,0.0,0.0,0.0,0.0,0.0,0.0,0.0,0.0,0.0,0.0,-,0.0
2025,17,LC,RB,James Conner,ARI,@CIN,32,0.0,0.0,0.0,0.0,0.0,0.0,0.0,0.0,0.0,0.0,0.0,0.0,0.0,0.0,0.0,-,0.0
2025,17,LC,WR,DK Metcalf,PIT,@CLE,3,0.0,0.0,0.0,0.0,0.0,0.0,0.0,0.0,0.0,0.0,0.0,0.0,0.0,0.0,0.0,-,0.0
2025,17,LC,QB,Patrick Mahomes,KC,DEN,9,0.0,0.0,0.0,0.0,0.0,0.0,0.0,0.0,0.0,0.0,0.0,0.0,0.0,0.0,0.0,-,0.0
2025,17,LC,RB,Jerome Ford,CLE,PIT,10,0.0,0.0,0.0,0.0,0.0,0.0,0.0,0.0,0.0,0.0,0.0,0.0,0.0,0.0,0.0,-,0.0
2025,17,LC,RB,Joe Mixon,HOU,@LAC,9,0.0,0.0,0.0,0.0,0.0,0.0,0.0,0.0,0.0,0.0,0.0,0.0,0.0,0.0,0.0,-,0.0
2025,17,LC,WR,Kayshon Boutte,NE,@NYJ,18,0.0,0.0,0.0,0.0,0.0,0.0,0.0,0.0,0.0,0.0,0.0,0.0,0.0,0.0,0.0,-,0.0
2025,17,LC,WR,Travis Hunter,JAC,@IND,28,0.0,0.0,0.0,0.0,0.0,0.0,0.0,0.0,0.0,0.0,0.0,0.0,0.0,0.0,0.0,-,0.0
2025,17,LC,DST,49ers,SF,CHI,5,,,,,,,,,,,,,,,,-1.00,-1.0
2025,17,MB,QB,Jaxson Dart,NYG,@LV,19,22.0,30.0,207.0,0.0,0.0,9.0,48.0,2.0,6.0,0.0,0.0,0.0,0.0,0.0,0.0,31.08,31.08
2025,17,MB,RB,Jacory Croskey-Merritt,WAS,DAL,26,0.0,0.0,0.0,0.0,0.0,11.0,105.0,2.0,3.0,0.0,0.0,0.0,0.0,0.0,0.0,25.50,25.5
2025,17,MB,RB,Aaron Jones,MIN,DET,8,0.0,0.0,0.0,0.0,0.0,18.0,53.0,1.0,3.0,4.0,3.0,10.0,0.0,0.0,0.0,15.30,15.3
2025,17,MB,TE,Juwan Johnson,NO,@TEN,16,0.0,0.0,0.0,0.0,0.0,0.0,0.0,0.0,0.0,4.0,4.0,95.0,0.0,3.0,0.0,12.50,12.5
2025,17,MB,WR,Amon-Ra St Brown,DET,@MIN,2,0.0,0.0,0.0,0.0,0.0,0.0,0.0,0.0,0.0,13.0,8.0,68.0,0.0,5.0,0.0,11.80,11.8
2025,17,MB,RB,Tyrone Tracy,NYG,@LV,23,0.0,0.0,0.0,0.0,0.0,14.0,62.0,0.0,2.0,2.0,1.0,-5.0,0.0,0.0,0.0,8.20,8.2
2025,17,MB,TE,Mark Andrews,BAL,@GB,8,0.0,0.0,0.0,0.0,0.0,0.0,0.0,0.0,0.0,4.0,4.0,28.0,0.0,1.0,0.0,3.80,3.8
2025,17,MB,RB,Ray Davis,BUF,PHI,24,0.0,0.0,0.0,0.0,0.0,1.0,4.0,0.0,1.0,1.0,1.0,12.0,0.0,1.0,0.0,3.60,3.6
2025,17,MB,WR,Kendrick Bourne,SF,CHI,30,0.0,0.0,0.0,0.0,0.0,0.0,0.0,0.0,0.0,1.0,1.0,25.0,0.0,1.0,0.0,3.50,3.5
2025,17,MB,WR,Tre Harris,LAC,HOU,1,0.0,0.0,0.0,0.0,0.0,1.0,7.0,0.0,0.0,1.0,1.0,8.0,0.0,1.0,0.0,2.50,2.5
2025,17,MB,WR,Josh Palmer,BUF,PHI,6,0.0,0.0,0.0,0.0,0.0,0.0,0.0,0.0,0.0,2.0,1.0,12.0,0.0,1.0,0.0,2.20,2.2
2025,17,MB,QB,Joe Flacco,CIN,ARI,14,3.0,5.0,24.0,0.0,0.0,4.0,2.0,0.0,1.0,0.0,0.0,0.0,0.0,0.0,0.0,2.16,2.16
2025,17,MB,WR,Cooper Kupp,SEA,@CAR,9,0.0,0.0,0.0,0.0,0.0,0.0,0.0,0.0,0.0,3.0,1.0,6.0,0.0,1.0,0.0,1.60,1.6
2025,17,MB,WR,Marvin Harrison,ARI,@CIN,11,0.0,0.0,0.0,0.0,0.0,0.0,0.0,0.0,0.0,1.0,0.0,0.0,0.0,0.0,0.0,0.00,0.0
2025,17,MB,RB,Jarquez Hunter,LAR,@ATL,21,0.0,0.0,0.0,0.0,0.0,0.0,0.0,0.0,0.0,0.0,0.0,0.0,0.0,0.0,0.0,-,0.0
2025,17,MB,QB,Matthew Stafford,LAR,@ATL,17,0.0,0.0,0.0,0.0,0.0,0.0,0.0,0.0,0.0,0.0,0.0,0.0,0.0,0.0,0.0,-,0.0
2025,17,MB,RB,Bijan Robinson,ATL,LAR,5,0.0,0.0,0.0,0.0,0.0,0.0,0.0,0.0,0.0,0.0,0.0,0.0,0.0,0.0,0.0,-,0.0
2025,17,MB,RB,Isaac Guerendo,SF,CHI,16,0.0,0.0,0.0,0.0,0.0,0.0,0.0,0.0,0.0,0.0,0.0,0.0,0.0,0.0,0.0,-,0.0
2025,17,MB,QB,Kyler Murray,ARI,@CIN,29,0.0,0.0,0.0,0.0,0.0,0.0,0.0,0.0,0.0,0.0,0.0,0.0,0.0,0.0,0.0,-,0.0
2025,17,MB,DST,Chiefs,KC,DEN,4,,,,,,,,,,,,,,,,4.00,4.0
2025,17,NBB,QB,Trevor Lawrence,JAC,@IND,18,23.0,37.0,263.0,0.0,1.0,8.0,26.0,2.0,4.0,0.0,0.0,0.0,0.0,0.0,0.0,27.12,27.12
2025,17,NBB,QB,Josh Allen,BUF,PHI,10,23.0,35.0,262.0,0.0,0.0,7.0,27.0,2.0,3.0,0.0,0.0,0.0,0.0,0.0,1.0,26.18,26.18
2025,17,NBB,RB,D'Andre Swift,CHI,@SF,14,0.0,0.0,0.0,0.0,0.0,9.0,54.0,2.0,3.0,3.0,2.0,25.0,0.0,2.0,0.0,24.90,24.9
2025,17,NBB,WR,Chris Godwin,TB,@MIA,14,0.0,0.0,0.0,0.0,0.0,0.0,0.0,0.0,0.0,8.0,7.0,108.0,1.0,5.0,0.0,21.80,21.8
2025,17,NBB,WR,Mike Evans,TB,@MIA,14,0.0,0.0,0.0,0.0,0.0,0.0,0.0,0.0,0.0,7.0,3.0,31.0,1.0,3.0,0.0,12.10,12.1
2025,17,NBB,WR,Terry McLaurin,WAS,DAL,32,0.0,0.0,0.0,0.0,0.0,0.0,0.0,0.0,0.0,7.0,5.0,63.0,0.0,4.0,0.0,10.30,10.3
2025,17,NBB,TE,Harold Fannin,CLE,PIT,30,0.0,0.0,0.0,0.0,0.0,0.0,0.0,0.0,0.0,2.0,2.0,30.0,1.0,1.0,0.0,10.00,10.0
2025,17,NBB,TE,Dallas Goedert,PHI,@BUF,2,0.0,0.0,0.0,0.0,0.0,0.0,0.0,0.0,0.0,6.0,3.0,8.0,1.0,1.0,0.0,7.80,7.8
2025,17,NBB,WR,Brian Thomas,JAC,@IND,28,0.0,0.0,0.0,0.0,0.0,0.0,0.0,0.0,0.0,7.0,4.0,39.0,0.0,2.0,0.0,5.90,5.9
2025,17,NBB,WR,Jameson Williams,DET,@MIN,2,0.0,0.0,0.0,0.0,0.0,0.0,0.0,0.0,0.0,3.0,2.0,37.0,0.0,2.0,0.0,5.70,5.7
2025,17,NBB,WR,Jayden Reed,GB,BAL,26,0.0,0.0,0.0,0.0,0.0,0.0,0.0,0.0,0.0,4.0,4.0,41.0,0.0,1.0,0.0,5.10,5.1
2025,17,NBB,WR,Khalil Shakir,BUF,PHI,6,0.0,0.0,0.0,0.0,0.0,0.0,0.0,0.0,0.0,7.0,6.0,35.0,0.0,1.0,0.0,4.50,4.5
2025,17,NBB,WR,Tetairoa McMillan,CAR,SEA,5,0.0,0.0,0.0,0.0,0.0,0.0,0.0,0.0,0.0,4.0,1.0,5.0,0.0,0.0,0.0,0.50,0.5
2025,17,NBB,RB,Will Shipley,PHI,@BUF,27,0.0,0.0,0.0,0.0,0.0,2.0,2.0,0.0,0.0,0.0,0.0,0.0,0.0,0.0,0.0,0.20,0.2
2025,17,NBB,TE,David Njoku,CLE,PIT,30,0.0,0.0,0.0,0.0,0.0,0.0,0.0,0.0,0.0,0.0,0.0,0.0,0.0,0.0,0.0,-,0.0
2025,17,NBB,RB,Najee Harris,LAC,HOU,6,0.0,0.0,0.0,0.0,0.0,0.0,0.0,0.0,0.0,0.0,0.0,0.0,0.0,0.0,0.0,-,0.0
2025,17,NBB,RB,Blake Corum,LAR,@ATL,21,0.0,0.0,0.0,0.0,0.0,0.0,0.0,0.0,0.0,0.0,0.0,0.0,0.0,0.0,0.0,-,0.0
2025,17,NBB,RB,Bhayshul Tuten,JAC,@IND,11,0.0,0.0,0.0,0.0,0.0,0.0,0.0,0.0,0.0,0.0,0.0,0.0,0.0,0.0,0.0,-,0.0
2025,17,NBB,DST,Giants,NYG,@LV,31,,,,,,,,,,,,,,,,19.00,19.0
2025,17,PCP,QB,Tyler Huntley,BAL,@GB,12,16.0,20.0,107.0,1.0,0.0,8.0,60.0,0.0,5.0,0.0,0.0,0.0,0.0,0.0,0.0,19.28,19.28
2025,17,PCP,RB,Ashton Jeanty,LV,NYG,28,0.0,0.0,0.0,0.0,0.0,16.0,60.0,0.0,4.0,2.0,2.0,13.0,0.0,1.0,0.0,12.30,12.3
2025,17,PCP,WR,AJ Brown,PHI,@BUF,12,0.0,0.0,0.0,0.0,0.0,0.0,0.0,0.0,0.0,7.0,5.0,68.0,0.0,3.0,0.0,9.80,9.8
2025,17,PCP,QB,Shedeur Sanders,CLE,PIT,25,17.0,23.0,186.0,1.0,2.0,4.0,20.0,0.0,0.0,0.0,0.0,0.0,0.0,0.0,0.0,9.44,9.44
2025,17,PCP,TE,Pat Freiermuth,PIT,@CLE,18,0.0,0.0,0.0,0.0,0.0,0.0,0.0,0.0,0.0,5.0,3.0,63.0,0.0,3.0,0.0,9.30,9.3
2025,17,PCP,WR,Romeo Doubs,GB,BAL,26,0.0,0.0,0.0,0.0,0.0,0.0,0.0,0.0,0.0,3.0,3.0,62.0,0.0,3.0,0.0,9.20,9.2
2025,17,PCP,RB,Kenneth Walker,SEA,@CAR,25,0.0,0.0,0.0,0.0,0.0,15.0,51.0,0.0,1.0,2.0,2.0,6.0,0.0,0.0,0.0,6.70,6.7
2025,17,PCP,WR,CeeDee Lamb,DAL,@WAS,29,0.0,0.0,0.0,0.0,0.0,0.0,0.0,0.0,0.0,10.0,5.0,46.0,0.0,2.0,0.0,6.60,6.6
2025,17,PCP,RB,Tyjae Spears,TEN,NO,22,0.0,0.0,0.0,0.0,0.0,6.0,2.0,0.0,0.0,2.0,1.0,-1.0,0.0,0.0,0.0,0.20,0.2
2025,17,PCP,RB,Nick Chubb,HOU,@LAC,9,0.0,0.0,0.0,0.0,0.0,1.0,1.0,0.0,0.0,0.0,0.0,0.0,0.0,0.0,0.0,0.10,0.1
2025,17,PCP,QB,Daniel Jones,IND,JAC,16,0.0,0.0,0.0,0.0,0.0,0.0,0.0,0.0,0.0,0.0,0.0,0.0,0.0,0.0,0.0,-,0.0
2025,17,PCP,TE,Luke Musgrave,GB,BAL,6,0.0,0.0,0.0,0.0,0.0,0.0,0.0,0.0,0.0,0.0,0.0,0.0,0.0,0.0,0.0,0.00,0.0
2025,17,PCP,QB,Tua Tagovailoa,MIA,TB,30,0.0,0.0,0.0,0.0,0.0,0.0,0.0,0.0,0.0,0.0,0.0,0.0,0.0,0.0,0.0,-,0.0
2025,17,PCP,WR,Garrett Wilson,NYJ,NE,13,0.0,0.0,0.0,0.0,0.0,0.0,0.0,0.0,0.0,0.0,0.0,0.0,0.0,0.0,0.0,-,0.0
2025,17,PCP,TE,TJ Hockenson,MIN,DET,17,0.0,0.0,0.0,0.0,0.0,0.0,0.0,0.0,0.0,0.0,0.0,0.0,0.0,0.0,0.0,-,0.0
2025,17,PCP,RB,DJ Giddens,IND,JAC,3,0.0,0.0,0.0,0.0,0.0,0.0,0.0,0.0,0.0,0.0,0.0,0.0,0.0,0.0,0.0,0.00,0.0
2025,17,PCP,RB,Devin Neal,NO,@TEN,18,0.0,0.0,0.0,0.0,0.0,0.0,0.0,0.0,0.0,0.0,0.0,0.0,0.0,0.0,0.0,-,0.0
2025,17,PCP,RB,Braelon Allen,NYJ,NE,4,0.0,0.0,0.0,0.0,0.0,0.0,0.0,0.0,0.0,0.0,0.0,0.0,0.0,0.0,0.0,-,0.0
2025,17,PCP,WR,Keon Coleman,BUF,PHI,6,0.0,0.0,0.0,0.0,0.0,0.0,0.0,0.0,0.0,0.0,0.0,0.0,0.0,0.0,0.0,-,0.0
2025,17,PCP,RB,Trey Benson,ARI,@CIN,32,0.0,0.0,0.0,0.0,0.0,0.0,0.0,0.0,0.0,0.0,0.0,0.0,0.0,0.0,0.0,-,0.0
2025,17,PCP,DST,Ravens,BAL,@GB,3,,,,,,,,,,,,,,,,8.00,8.0
2025,17,PP,WR,Stefon Diggs,NE,@NYJ,18,0.0,0.0,0.0,0.0,0.0,0.0,0.0,0.0,0.0,6.0,6.0,101.0,1.0,5.0,0.0,21.10,21.1
2025,17,PP,RB,De'Von Achane,MIA,TB,16,0.0,0.0,0.0,0.0,0.0,18.0,83.0,0.0,5.0,3.0,3.0,29.0,0.0,1.0,0.0,17.20,17.2
2025,17,PP,WR,Jayden Higgins,HOU,@LAC,7,0.0,0.0,0.0,0.0,0.0,0.0,0.0,0.0,0.0,4.0,2.0,88.0,1.0,2.0,0.0,16.80,16.8
2025,17,PP,QB,Justin Herbert,LAC,HOU,2,21.0,32.0,236.0,1.0,1.0,6.0,37.0,0.0,1.0,0.0,0.0,0.0,0.0,0.0,0.0,16.14,16.14
2025,17,PP,RB,Omarion Hampton,LAC,HOU,6,0.0,0.0,0.0,0.0,0.0,14.0,29.0,1.0,1.0,8.0,8.0,31.0,0.0,1.0,0.0,14.00,14.0
2025,17,PP,WR,Jordan Addison,MIN,DET,31,0.0,0.0,0.0,0.0,0.0,1.0,65.0,1.0,1.0,1.0,0.0,0.0,0.0,0.0,0.0,13.50,13.5
2025,17,PP,WR,Jauan Jennings,SF,CHI,30,0.0,0.0,0.0,0.0,0.0,0.0,0.0,0.0,0.0,4.0,2.0,42.0,1.0,1.0,0.0,11.20,11.2
2025,17,PP,WR,Courtland Sutton,DEN,@KC,10,0.0,0.0,0.0,0.0,0.0,0.0,0.0,0.0,0.0,10.0,4.0,40.0,0.0,3.0,0.0,7.00,7.0
2025,17,PP,TE,Travis Kelce,KC,DEN,21,0.0,0.0,0.0,0.0,0.0,0.0,0.0,0.0,0.0,6.0,5.0,36.0,0.0,2.0,0.0,5.60,5.6
2025,17,PP,TE,Isaiah Likely,BAL,@GB,8,0.0,0.0,0.0,0.0,0.0,0.0,0.0,0.0,0.0,3.0,3.0,27.0,0.0,2.0,0.0,4.70,4.7
2025,17,PP,RB,Emanuel Wilson,GB,BAL,12,0.0,0.0,0.0,0.0,0.0,3.0,16.0,0.0,0.0,1.0,1.0,8.0,0.0,1.0,0.0,3.40,3.4
2025,17,PP,RB,Josh Jacobs,GB,BAL,12,0.0,0.0,0.0,0.0,0.0,4.0,3.0,0.0,0.0,1.0,1.0,0.0,0.0,0.0,0.0,0.30,0.3
2025,17,PP,QB,Jalen Milroe,SEA,@CAR,5,0.0,0.0,0.0,0.0,0.0,0.0,0.0,0.0,0.0,0.0,0.0,0.0,0.0,0.0,0.0,-,0.0
2025,17,PP,RB,Jaydon Blue,DAL,@WAS,29,0.0,0.0,0.0,0.0,0.0,0.0,0.0,0.0,0.0,0.0,0.0,0.0,0.0,0.0,0.0,-,0.0
2025,17,PP,QB,Kirk Cousins,ATL,LAR,13,0.0,0.0,0.0,0.0,0.0,0.0,0.0,0.0,0.0,0.0,0.0,0.0,0.0,0.0,0.0,-,0.0
2025,17,PP,WR,Rashee Rice,KC,DEN,4,0.0,0.0,0.0,0.0,0.0,0.0,0.0,0.0,0.0,0.0,0.0,0.0,0.0,0.0,0.0,-,0.0
2025,17,PP,QB,JJ McCarthy,MIN,DET,23,0.0,0.0,0.0,0.0,0.0,0.0,0.0,0.0,0.0,0.0,0.0,0.0,0.0,0.0,0.0,-,0.0
2025,17,PP,WR,Calvin Ridley,TEN,NO,8,0.0,0.0,0.0,0.0,0.0,0.0,0.0,0.0,0.0,0.0,0.0,0.0,0.0,0.0,0.0,-,0.0
2025,17,PP,WR,Tyreek Hill Dead Cap,MIA,0,0,0.0,0.0,0.0,0.0,0.0,0.0,0.0,0.0,0.0,0.0,0.0,0.0,0.0,0.0,0.0,-,0.0
2025,17,PP,RB,MarShawn Lloyd,GB,BAL,12,0.0,0.0,0.0,0.0,0.0,0.0,0.0,0.0,0.0,0.0,0.0,0.0,0.0,0.0,0.0,-,0.0
2025,17,PP,TE,Tucker Kraft,GB,BAL,6,0.0,0.0,0.0,0.0,0.0,0.0,0.0,0.0,0.0,0.0,0.0,0.0,0.0,0.0,0.0,-,0.0
2025,17,PP,QB,Riley Leonard,IND,JAC,16,0.0,1.0,0.0,0.0,1.0,0.0,0.0,0.0,0.0,0.0,0.0,0.0,0.0,0.0,0.0,-2.00,-2.0
2025,17,PP,DST,Cowboys,DAL,@WAS,23,,,,,,,,,,,,,,,,2.00,2.0
2025,17,RR,RB,Christian McCaffrey,SF,CHI,17,0.0,0.0,0.0,0.0,0.0,23.0,140.0,1.0,8.0,6.0,4.0,41.0,0.0,2.0,0.0,34.10,34.1
2025,17,RR,RB,Breece Hall,NYJ,NE,4,0.0,0.0,0.0,0.0,0.0,14.0,111.0,1.0,4.0,3.0,2.0,18.0,0.0,1.0,0.0,23.90,23.9
2025,17,RR,QB,Tyler Shough,NO,@TEN,26,22.0,27.0,333.0,2.0,0.0,4.0,6.0,0.0,0.0,0.0,0.0,0.0,0.0,0.0,0.0,21.92,21.92
2025,17,RR,QB,Joe Burrow,CIN,ARI,14,24.0,31.0,305.0,2.0,0.0,3.0,2.0,0.0,1.0,0.0,0.0,0.0,0.0,0.0,0.0,21.40,21.4
2025,17,RR,QB,Baker Mayfield,TB,@MIA,22,33.0,44.0,346.0,2.0,2.0,3.0,16.0,0.0,2.0,0.0,0.0,0.0,0.0,0.0,1.0,19.44,19.44
2025,17,RR,WR,Michael Wilson,ARI,@CIN,11,0.0,0.0,0.0,0.0,0.0,0.0,0.0,0.0,0.0,10.0,5.0,89.0,1.0,4.0,0.0,18.90,18.9
2025,17,RR,WR,Jalen McMillan,TB,@MIA,14,0.0,0.0,0.0,0.0,0.0,0.0,0.0,0.0,0.0,9.0,7.0,114.0,0.0,4.0,0.0,15.40,15.4
2025,17,RR,WR,George Pickens,DAL,@WAS,29,0.0,0.0,0.0,0.0,0.0,0.0,0.0,0.0,0.0,5.0,4.0,78.0,0.0,4.0,0.0,11.80,11.8
2025,17,RR,TE,Oronde Gadsden,LAC,HOU,12,0.0,0.0,0.0,0.0,0.0,0.0,0.0,0.0,0.0,6.0,3.0,32.0,1.0,2.0,0.0,11.20,11.2
2025,17,RR,RB,Woody Marks,HOU,@LAC,9,0.0,0.0,0.0,0.0,0.0,19.0,71.0,0.0,3.0,2.0,1.0,4.0,0.0,0.0,0.0,10.50,10.5
2025,17,RR,RB,Rico Dowdle,CAR,SEA,1,0.0,0.0,0.0,0.0,0.0,12.0,59.0,0.0,2.0,5.0,3.0,4.0,0.0,0.0,0.0,8.30,8.3
2025,17,RR,TE,Tyler Warren,IND,JAC,23,0.0,0.0,0.0,0.0,0.0,0.0,0.0,0.0,0.0,5.0,5.0,43.0,0.0,4.0,0.0,8.30,8.3
2025,17,RR,RB,Michael Carter,ARI,@CIN,32,0.0,0.0,0.0,0.0,0.0,7.0,29.0,0.0,2.0,4.0,2.0,14.0,0.0,0.0,0.0,6.30,6.3
2025,17,RR,WR,Justin Jefferson,MIN,DET,31,0.0,0.0,0.0,0.0,0.0,0.0,0.0,0.0,0.0,5.0,4.0,30.0,0.0,1.0,0.0,4.00,4.0
2025,17,RR,RB,JK Dobbins,DEN,@KC,7,0.0,0.0,0.0,0.0,0.0,0.0,0.0,0.0,0.0,0.0,0.0,0.0,0.0,0.0,0.0,-,0.0
2025,17,RR,WR,Tyreek Hill,MIA,TB,15,0.0,0.0,0.0,0.0,0.0,0.0,0.0,0.0,0.0,0.0,0.0,0.0,0.0,0.0,0.0,-,0.0
2025,17,RR,RB,Kaleb Johnson,PIT,@CLE,13,0.0,0.0,0.0,0.0,0.0,0.0,0.0,0.0,0.0,0.0,0.0,0.0,0.0,0.0,0.0,-,0.0
2025,17,RR,TE,Kyle Pitts,ATL,LAR,14,0.0,0.0,0.0,0.0,0.0,0.0,0.0,0.0,0.0,0.0,0.0,0.0,0.0,0.0,0.0,-,0.0
2025,17,RR,QB,Michael Penix,ATL,LAR,13,0.0,0.0,0.0,0.0,0.0,0.0,0.0,0.0,0.0,0.0,0.0,0.0,0.0,0.0,0.0,-,0.0
2025,17,RR,WR,Davante Adams,LAR,@ATL,23,0.0,0.0,0.0,0.0,0.0,0.0,0.0,0.0,0.0,0.0,0.0,0.0,0.0,0.0,0.0,-,0.0
2025,17,RR,DST,Patriots,NE,@NYJ,30,,,,,,,,,,,,,,,,11.00,11.0
2025,17,SBS,WR,Christian Watson,GB,BAL,26,0.0,0.0,0.0,0.0,0.0,0.0,0.0,0.0,0.0,6.0,5.0,113.0,1.0,5.0,0.0,22.30,22.3
2025,17,SBS,RB,Jonathan Taylor,IND,JAC,3,0.0,0.0,0.0,0.0,0.0,21.0,70.0,1.0,5.0,6.0,3.0,14.0,0.0,0.0,0.0,19.40,19.4
2025,17,SBS,WR,Wan'Dale Robinson,NYG,@LV,21,0.0,0.0,0.0,0.0,0.0,0.0,0.0,0.0,0.0,14.0,11.0,113.0,0.0,5.0,0.0,16.30,16.3
2025,17,SBS,WR,Jaylin Noel,HOU,@LAC,7,0.0,0.0,0.0,0.0,0.0,1.0,2.0,0.0,0.0,4.0,3.0,54.0,1.0,1.0,0.0,12.60,12.6
2025,17,SBS,WR,Deebo Samuel,WAS,DAL,32,0.0,0.0,0.0,0.0,0.0,2.0,25.0,0.0,1.0,4.0,2.0,68.0,0.0,2.0,0.0,12.30,12.3
2025,17,SBS,RB,TreVeyon Henderson,NE,@NYJ,30,0.0,0.0,0.0,0.0,0.0,19.0,82.0,0.0,4.0,0.0,0.0,0.0,0.0,0.0,0.0,12.20,12.2
2025,17,SBS,QB,Philip Rivers,IND,JAC,16,17.0,30.0,147.0,1.0,1.0,1.0,-1.0,0.0,0.0,0.0,0.0,0.0,0.0,0.0,0.0,7.88,7.88
2025,17,SBS,RB,Kyle Monangai,CHI,@SF,14,0.0,0.0,0.0,0.0,0.0,8.0,38.0,0.0,2.0,4.0,3.0,9.0,0.0,1.0,0.0,7.70,7.7
2025,17,SBS,RB,David Montgomery,DET,@MIN,19,0.0,0.0,0.0,0.0,0.0,10.0,25.0,0.0,2.0,2.0,2.0,15.0,0.0,1.0,0.0,7.00,7.0
2025,17,SBS,WR,Troy Franklin,DEN,@KC,10,0.0,0.0,0.0,0.0,0.0,0.0,0.0,0.0,0.0,4.0,4.0,17.0,0.0,2.0,0.0,3.70,3.7
2025,17,SBS,RB,Dylan Sampson,CLE,PIT,10,0.0,0.0,0.0,0.0,0.0,11.0,27.0,0.0,0.0,3.0,3.0,0.0,0.0,0.0,0.0,2.70,2.7
2025,17,SBS,WR,Christian Kirk,HOU,@LAC,7,0.0,0.0,0.0,0.0,0.0,0.0,0.0,0.0,0.0,5.0,2.0,1.0,0.0,1.0,0.0,1.10,1.1
2025,17,SBS,RB,Chuba Hubbard,CAR,SEA,1,0.0,0.0,0.0,0.0,0.0,4.0,12.0,0.0,0.0,3.0,3.0,6.0,0.0,1.0,1.0,0.80,0.8
2025,17,SBS,WR,Alec Pierce,IND,JAC,16,0.0,0.0,0.0,0.0,0.0,0.0,0.0,0.0,0.0,5.0,0.0,0.0,0.0,0.0,0.0,0.00,0.0
2025,17,SBS,TE,Mason Taylor,NYJ,NE,20,0.0,0.0,0.0,0.0,0.0,0.0,0.0,0.0,0.0,0.0,0.0,0.0,0.0,0.0,0.0,-,0.0
2025,17,SBS,QB,Jayden Daniels,WAS,DAL,32,0.0,0.0,0.0,0.0,0.0,0.0,0.0,0.0,0.0,0.0,0.0,0.0,0.0,0.0,0.0,-,0.0
2025,17,SBS,QB,Lamar Jackson,BAL,@GB,12,0.0,0.0,0.0,0.0,0.0,0.0,0.0,0.0,0.0,0.0,0.0,0.0,0.0,0.0,0.0,-,0.0
2025,17,SBS,TE,Colby Parkinson,LAR,@ATL,3,0.0,0.0,0.0,0.0,0.0,0.0,0.0,0.0,0.0,0.0,0.0,0.0,0.0,0.0,0.0,-,0.0
2025,17,SBS,DST,Eagles,PHI,@BUF,14,,,,,,,,,,,,,,,,12.00,12.0
