Season,Player,Pos,Team,1,2,3,4,5,6,7,8,9,10,11,12,13,14,15,16,17,18,TTL,AVG
2022,AJ Brown,WR,PHI,87.0,88.0,80.0,85.0,74,86,bye,68,86,78,88,96,82,85,89.0,92.0,100.0,79.0,1004,85.0
2022,AJ Green,WR,ARI,74.0,85.0,34.0,0.0,72,69,0,47,0,44,77,53,bye,60,57.0,0.0,16.0,63.0,533,58.0
2022,AJ Dillon,RB,GB,51.0,57.0,53.0,58.0,32,49,30,42,66,38,48,43,68,bye,37.0,58.0,46.0,52.0,537,49.0
2022,Aaron Jones,RB,GB,61.0,59.0,63.0,62.0,73,56,74,67,41,70,66,71,38,bye,56.0,38.0,40.0,55.0,630,58.0
2022,Aaron Rodgers,QB,GB,92.0,100.0,100.0,100.0,100,95,100,100,100,100,100,80,100,bye,100.0,100.0,89.0,100.0,1068,98.0
2022,Adam Prentice,RB,NO,0.0,15.0,0.0,0.0,0,0,0,0,0,0,0,14,5,bye,9.0,33.0,36.0,0.0,69,19.0
2022,Adam Thielen,WR,MIN,95.0,97.0,97.0,97.0,96,87,bye,87,94,94,77,93,87,94,90.0,92.0,84.0,52.0,1042,89.0
2022,Adam Trautman,TE,NO,0.0,0.0,64.0,65.0,65,22,0,0,35,40,70,61,80,bye,65.0,74.0,68.0,53.0,463,59.0
2022,Albert Okwuegbunam,TE,DEN,67.0,53.0,32.0,0.0,21,0,0,0,bye,0,0,0,0,0,0.0,0.0,53.0,45.0,187,45.0
2022,Alec Ingold,RB,MIA,37.0,37.0,28.0,0.0,0,33,0,40,0,61,bye,45,54,39,54.0,54.0,15.0,0.0,304,41.0
2022,Alec Pierce,WR,IND,51.0,0.0,45.0,44.0,59,65,97,57,71,65,71,70,71,bye,77.0,73.0,83.0,64.0,725,66.0
2022,Alexander Mattison,RB,MIN,23.0,31.0,39.0,38.0,43,13,bye,24,14,16,28,14,25,15,14.0,21.0,40.0,35.0,297,25.0
2022,Allen Lazard,WR,GB,0.0,81.0,90.0,96.0,94,97,59,0,88,98,92,100,94,bye,94.0,89.0,71.0,90.0,863,89.0
2022,Allen Robinson,WR,LAR,97.0,90.0,92.0,99.0,83,86,bye,93,89,92,83,0,0,0,0.0,0.0,0.0,0.0,562,90.0
2022,Alvin Kamara,RB,NO,62.0,0.0,70.0,0.0,73,69,72,72,88,79,70,67,59,bye,62.0,70.0,58.0,75.0,642,69.0
2022,Amari Cooper,WR,CLE,83.0,81.0,82.0,85.0,90,76,95,79,bye,87,84,92,81,86,73.0,89.0,61.0,91.0,978,83.0
2022,Amari Rodgers,WR,Multi,0.0,1.0,5.0,0.0,2,33,30,42,26,9,0,0,0,55,51.0,21.0,44.0,62.0,251,29.0
2022,Ameer Abdullah,RB,LV,12.0,21.0,0.0,1.0,0,bye,12,34,24,21,17,18,20,13,22.0,19.0,0.0,26.0,166,18.0
2022,Amon-Ra St Brown,WR,DET,88.0,85.0,73.0,0.0,32,bye,17,95,97,81,90,87,87,87,84.0,83.0,70.0,85.0,832,78.0
2022,Andre Baccellia,WR,ARI,0.0,22.0,31.0,0.0,0,0,0,0,0,0,0,2,bye,0,0.0,0.0,47.0,21.0,92,25.0
2022,Andrew Beck,TE,DEN,15.0,29.0,0.0,23.0,26,28,25,0,bye,0,0,0,0,0,30.0,0.0,19.0,35.0,155,26.0
2022,Andy Dalton,QB,NO,0.0,0.0,0.0,95.0,88,88,99,84,90,91,70,86,88,bye,85.0,72.0,81.0,85.0,736,86.0
2022,Andy Isabella,WR,Multi,32.0,0.0,39.0,0.0,0,0,0,0,0,0,0,0,0,0,0.0,6.0,6.0,0.0,59,23.0
2022,Anthony Brown,QB,BAL,0.0,0.0,0.0,0.0,0,0,0,0,0,bye,0,0,0,38,0.0,0.0,0.0,100.0,101,73.0
2022,Anthony Firkser,TE,ATL,4.0,0.0,16.0,0.0,23,0,0,0,0,0,0,39,26,bye,31.0,21.0,0.0,24.0,117,22.0
2022,Anthony McFarland,RB,PIT,0.0,0.0,0.0,0.0,0,0,0,0,bye,0,0,30,0,0,0.0,0.0,0.0,0.0,21,30.0
2022,Anthony Schwartz,WR,CLE,29.0,0.0,0.0,0.0,12,17,0,0,bye,18,11,14,8,0,0.0,0.0,0.0,0.0,79,16.0
2022,Antonio Gibson,RB,WAS,64.0,54.0,44.0,41.0,32,26,39,36,58,48,68,42,49,bye,60.0,29.0,0.0,0.0,489,46.0
2022,Armani Rogers,TE,WAS,5.0,0.0,18.0,0.0,8,32,51,36,20,25,0,0,0,bye,0.0,0.0,0.0,17.0,146,23.0
2022,Ashton Dulin,WR,IND,35.0,64.0,25.0,29.0,15,0,0,0,0,0,20,34,28,bye,23.0,17.0,0.0,0.0,195,28.0
2022,Austin Ekeler,RB,LAC,49.0,63.0,56.0,59.0,59,66,77,bye,68,69,69,70,60,59,69.0,60.0,44.0,49.0,734,62.0
2022,Austin Hooper,TE,TEN,62.0,50.0,41.0,37.0,53,bye,44,47,61,61,45,67,49,54,48.0,49.0,49.0,45.0,525,51.0
2022,Austin Trammell,WR,LAR,0.0,0.0,0.0,0.0,0,0,bye,0,0,0,0,0,16,19,0.0,0.0,0.0,0.0,22,17.0
2022,Avery Williams,RB,ATL,31.0,25.0,7.0,13.0,26,12,15,7,5,14,0,12,0,bye,14.0,17.0,16.0,7.0,141,15.0
2022,Bailey Zappe,QB,NE,0.0,0.0,0.0,74.0,100,100,65,0,0,bye,0,0,0,0,0.0,0.0,0.0,0.0,207,86.0
2022,Baker Mayfield,QB,Multi,100.0,100.0,100.0,100.0,87,0,0,0,63,0,100,0,0,95,100.0,94.0,100.0,100.0,649,95.0
2022,Ben Ellefson,TE,MIN,27.0,0.0,18.0,0.0,0,0,bye,0,0,0,0,0,0,0,0.0,0.0,0.0,0.0,30,22.0
2022,Ben Skowronek,WR,LAR,88.0,86.0,85.0,88.0,88,68,bye,62,65,98,84,63,97,100,67.0,0.0,0.0,0.0,696,82.0
2022,Benny Snell,RB,PIT,0.0,0.0,0.0,0.0,0,0,0,0,bye,0,0,41,14,4,0.0,0.0,0.0,0.0,39,21.0
2022,Binjimen Victor,WR,BAL,0.0,0.0,0.0,0.0,0,0,0,0,6,bye,0,0,0,0,0.0,0.0,0.0,0.0,4,6.0
2022,Blaine Gabbert,QB,TB,0.0,0.0,0.0,0.0,0,0,0,0,0,0,bye,0,0,0,0.0,0.0,0.0,25.0,14,25.0
2022,Blake Bell,TE,KC,0.0,0.0,0.0,0.0,0,0,0,bye,0,0,0,0,0,0,0.0,0.0,13.0,31.0,26,22.0
2022,Boston Scott,RB,PHI,18.0,21.0,10.0,0.0,0,14,bye,23,8,10,19,12,23,18,5.0,4.0,33.0,33.0,170,17.0
2022,Brandin Cooks,WR,HOU,91.0,87.0,86.0,81.0,78,bye,89,81,0,64,80,74,0,0,0.0,76.0,77.0,91.0,658,81.0
2022,Brandon Aiyuk,WR,SF,99.0,88.0,89.0,92.0,87,92,94,98,bye,97,79,97,95,78,97.0,96.0,96.0,73.0,1002,91.0
2022,Brandon Allen,QB,CIN,0.0,0.0,0.0,0.0,0,0,0,0,22,bye,0,0,0,0,0.0,0.0,0.0,0.0,16,21.0
2022,Brandon Bolden,RB,LV,28.0,0.0,36.0,7.0,16,bye,0,0,7,0,5,0,0,2,0.0,4.0,21.0,0.0,81,14.0
2022,Brandon Johnson,WR,DEN,0.0,0.0,0.0,0.0,0,0,0,0,bye,0,34,70,0,74,59.0,0.0,0.0,11.0,165,50.0
2022,Brandon Powell,WR,LAR,4.0,10.0,13.0,8.0,17,38,bye,5,9,8,31,48,41,22,18.0,62.0,76.0,80.0,290,28.0
2022,Braxton Berrios,WR,NYJ,46.0,23.0,31.0,11.0,22,29,56,51,35,bye,12,25,24,23,43.0,0.0,13.0,4.0,297,28.0
2022,Braylon Sanders,WR,MIA,0.0,0.0,0.0,0.0,0,0,0,21,0,0,bye,0,0,0,22.0,0.0,0.0,0.0,27,21.0
2022,Breece Hall,RB,NYJ,45.0,27.0,51.0,66.0,69,67,20,0,0,bye,0,0,0,0,0.0,0.0,0.0,0.0,233,49.0
2022,Breshad Perriman,WR,TB,42.0,75.0,72.0,0.0,0,3,0,7,29,0,bye,12,0,0,0.0,0.0,0.0,58.0,194,36.0
2022,Brett Rypien,QB,DEN,0.0,0.0,0.0,0.0,0,0,100,0,bye,0,0,0,0,14,100.0,25.0,0.0,0.0,175,61.0
2022,Brevin Jordan,TE,HOU,60.0,37.0,0.0,0.0,0,bye,46,56,63,0,0,0,37,0,8.0,54.0,36.0,0.0,253,44.0
2022,Brian Hoyer,QB,NE,0.0,0.0,0.0,26.0,0,0,0,0,0,bye,0,0,0,0,0.0,0.0,0.0,0.0,15,26.0
2022,Brian Robinson,RB,WAS,0.0,0.0,0.0,0.0,29,47,47,25,44,52,34,48,47,bye,38.0,44.0,52.0,0.0,351,43.0
2022,Britain Covey,WR,PHI,0.0,0.0,0.0,0.0,0,0,bye,7,2,0,0,0,12,7,0.0,0.0,0.0,0.0,19,7.0
2022,Brock Purdy,QB,SF,0.0,0.0,0.0,0.0,1,0,13,0,bye,0,12,0,90,83,100.0,100.0,100.0,82.0,380,63.0
2022,Brock Wright,TE,DET,0.0,36.0,0.0,32.0,0,bye,53,38,81,74,75,68,46,57,47.0,41.0,65.0,58.0,510,55.0
2022,Bryan Edwards,WR,ATL,47.0,26.0,0.0,0.0,21,0,0,4,0,0,0,0,0,bye,0.0,0.0,0.0,0.0,68,25.0
2022,Bryce Perkins,QB,LAR,0.0,0.0,0.0,0.0,0,0,bye,0,0,8,41,100,2,0,0.0,6.0,0.0,0.0,90,29.0
2022,Brycen Hopkins,TE,LAR,0.0,0.0,0.0,0.0,0,0,bye,0,25,22,0,41,0,6,0.0,58.0,39.0,25.0,125,30.0
2022,Byron Pringle,WR,CHI,17.0,34.0,3.0,0.0,0,0,0,0,0,33,20,54,0,bye,90.0,86.0,75.0,55.0,265,46.0
2022,CJ Beathard,QB,JAC,0.0,0.0,1.0,0.0,0,0,0,0,0,0,bye,0,7,0,0.0,4.0,30.0,0.0,27,10.0
2022,CJ Board,WR,TEN,0.0,0.0,0.0,0.0,0,bye,0,0,0,0,0,0,29,0,0.0,0.0,0.0,0.0,16,29.0
2022,CJ Ham,RB,MIN,23.0,0.0,18.0,13.0,0,35,bye,18,0,8,0,0,21,9,16.0,18.0,0.0,21.0,136,17.0
2022,CJ Uzomah,TE,NYJ,0.0,0.0,35.0,44.0,69,78,61,63,53,bye,66,76,46,46,51.0,51.0,56.0,0.0,502,56.0
2022,Cade Johnson,WR,SEA,0.0,0.0,0.0,0.0,0,0,0,0,0,0,bye,0,0,0,0.0,0.0,36.0,41.0,55,39.0
2022,Cade Otton,TE,TB,48.0,49.0,0.0,67.0,94,56,81,91,85,61,bye,52,82,59,65.0,84.0,87.0,35.0,803,70.0
2022,Caleb Huntley,RB,ATL,0.0,5.0,0.0,22.0,24,34,23,36,21,14,4,5,9,bye,3.0,0.0,0.0,0.0,120,17.0
2022,Cam Akers,RB,LAR,18.0,43.0,50.0,38.0,31,0,bye,0,19,17,39,30,72,42,76.0,75.0,78.0,100.0,428,48.0
2022,Cam Sims,WR,WAS,10.0,11.0,0.0,0.0,59,72,66,80,44,33,26,0,8,bye,0.0,7.0,17.0,18.0,301,33.0
2022,Cameron Brate,TE,TB,68.0,57.0,89.0,34.0,0,47,0,0,0,45,bye,51,0,37,39.0,0.0,0.0,0.0,320,51.0
2022,Carson Wentz,QB,WAS,100.0,100.0,100.0,100.0,100,100,0,0,0,0,0,0,0,bye,0.0,26.0,100.0,0.0,510,90.0
2022,Case Keenum,QB,BUF,0.0,24.0,0.0,0.0,14,0,bye,0,0,0,0,0,0,0,0.0,0.0,0.0,0.0,24,19.0
2022,Cedrick Wilson,WR,MIA,47.0,31.0,0.0,0.0,24,0,6,21,23,30,bye,43,20,39,22.0,26.0,15.0,0.0,217,27.0
2022,CeeDee Lamb,WR,DAL,97.0,95.0,95.0,95.0,93,93,83,84,bye,90,65,80,72,96,93.0,85.0,85.0,87.0,1015,87.0
2022,Chad Henne,QB,KC,7.0,0.0,0.0,0.0,0,0,9,bye,0,0,0,0,0,0,0.0,0.0,0.0,12.0,18,9.0
2022,Charlie Kolar,TE,BAL,0.0,0.0,0.0,0.0,0,0,0,0,0,bye,0,0,0,0,0.0,0.0,0.0,44.0,34,44.0
2022,Charlie Woerner,TE,SF,0.0,0.0,0.0,38.0,36,27,0,0,bye,0,0,24,0,10,0.0,0.0,0.0,0.0,82,26.0
2022,Chase Claypool,WR,Multi,92.0,92.0,93.0,73.0,91,86,85,80,35,31,42,67,63,0,0.0,0.0,37.0,71.0,662,70.0
2022,Chase Daniel,QB,LAC,0.0,0.0,0.0,0.0,0,0,0,bye,0,5,0,0,0,0,0.0,0.0,20.0,19.0,29,15.0
2022,Chase Edmonds,RB,Multi,63.0,51.0,44.0,28.0,15,40,29,24,0,19,5,0,0,0,0.0,42.0,59.0,37.0,297,35.0
2022,Chigoziem Okonkwo,TE,TEN,15.0,29.0,0.0,24.0,20,bye,46,41,35,32,45,33,58,49,60.0,46.0,25.0,43.0,368,38.0
2022,Chris Conley,WR,Multi,14.0,0.0,0.0,0.0,0,0,0,0,18,0,0,0,0,48,50.0,0.0,0.0,0.0,82,33.0
2022,Chris Evans,RB,CIN,0.0,0.0,3.0,5.0,0,5,0,4,1,bye,0,6,3,0,0.0,0.0,0.0,0.0,17,4.0
2022,Chris Godwin,WR,TB,31.0,0.0,0.0,83.0,52,89,94,90,92,89,bye,96,86,91,89.0,90.0,85.0,47.0,880,81.0
2022,Chris Manhertz,TE,JAC,0.0,0.0,0.0,30.0,35,57,34,38,54,0,bye,0,27,42,0.0,0.0,0.0,0.0,209,40.0
2022,Chris Moore,WR,HOU,49.0,65.0,53.0,56.0,0,bye,55,0,73,53,59,59,55,80,87.0,91.0,84.0,91.0,644,68.0
2022,Chris Myarick,TE,NYG,23.0,32.0,29.0,0.0,44,0,60,46,bye,23,0,36,12,6,0.0,0.0,0.0,0.0,212,32.0
2022,Chris Olave,WR,NO,74.0,75.0,77.0,68.0,40,0,76,58,90,77,49,67,69,bye,49.0,0.0,61.0,60.0,607,66.0
2022,Chris Streveler,QB,NYJ,0.0,0.0,0.0,0.0,0,0,0,0,0,bye,0,0,0,0,0.0,53.0,0.0,0.0,31,53.0
2022,Christian Kirk,WR,JAC,91.0,90.0,92.0,94.0,96,92,94,78,75,92,bye,90,86,85,89.0,81.0,83.0,96.0,991,88.0
2022,Christian McCaffrey,RB,Multi,81.0,91.0,80.0,87.0,86,86,29,81,0,65,66,63,82,70,89.0,75.0,85.0,48.0,777,73.0
2022,Christian Watson,WR,GB,66.0,32.0,0.0,25.0,29,0,0,9,23,84,80,92,92,bye,87.0,38.0,60.0,87.0,507,56.0
2022,Chuba Hubbard,RB,CAR,6.0,3.0,11.0,6.0,0,9,46,0,0,18,40,42,bye,32,63.0,46.0,53.0,69.0,264,32.0
2022,Clyde Edwards-Helaire,RB,KC,39.0,44.0,40.0,56.0,43,42,27,bye,17,6,8,0,0,0,0.0,0.0,0.0,0.0,224,32.0
2022,Cody Hollister,WR,TEN,12.0,0.0,0.0,0.0,31,bye,37,55,49,0,0,7,0,0,0.0,0.0,0.0,0.0,111,31.0
2022,Cody White,WR,PIT,0.0,0.0,0.0,0.0,0,0,0,0,bye,0,0,14,0,0,0.0,0.0,0.0,0.0,10,14.0
2022,Colby Parkinson,TE,SEA,36.0,0.0,37.0,36.0,0,35,38,36,40,27,bye,0,36,31,39.0,41.0,81.0,79.0,398,43.0
2022,Cole Beasley,WR,Multi,0.0,0.0,14.0,6.0,0,0,0,0,0,0,0,0,0,0,14.0,9.0,0.0,0.0,30,11.0
2022,Cole Kmet,TE,CHI,83.0,85.0,92.0,98.0,90,93,96,95,97,93,91,100,100,bye,100.0,95.0,88.0,94.0,971,94.0
2022,Cole Turner,TE,WAS,0.0,0.0,0.0,0.0,51,93,36,0,0,0,38,32,28,bye,0.0,29.0,0.0,0.0,203,42.0
2022,Colt McCoy,QB,ARI,0.0,0.0,0.0,0.0,0,0,0,0,0,97,79,0,bye,96,54.0,0.0,0.0,0.0,229,82.0
2022,Connor Heyward,TE,PIT,2.0,7.0,0.0,0.0,13,47,7,9,bye,20,5,14,22,20,6.0,19.0,17.0,34.0,167,16.0
2022,Cooper Kupp,WR,LAR,100.0,98.0,100.0,100.0,98,97,bye,95,100,67,0,0,0,0,0.0,0.0,0.0,0.0,530,95.0
2022,Cooper Rush,QB,DAL,23.0,100.0,100.0,100.0,100,100,0,0,bye,0,11,0,0,0,0.0,0.0,0.0,9.0,338,66.0
2022,Cordarrelle Patterson,RB,ATL,65.0,59.0,61.0,29.0,0,0,0,0,39,38,49,58,46,bye,50.0,37.0,50.0,28.0,382,47.0
2022,Corey Clement,RB,ARI,0.0,0.0,0.0,0.0,0,0,0,0,0,0,0,2,bye,4,0.0,0.0,43.0,69.0,72,27.0
2022,Corey Davis,WR,NYJ,68.0,79.0,87.0,74.0,76,85,22,0,0,bye,0,68,81,12,0.0,97.0,84.0,77.0,617,70.0
2022,Courtland Sutton,WR,DEN,95.0,92.0,86.0,94.0,93,100,91,95,bye,92,92,93,43,0,0.0,79.0,81.0,94.0,882,89.0
2022,Craig Reynolds,RB,DET,0.0,15.0,17.0,32.0,47,bye,34,8,2,0,0,0,0,0,0.0,0.0,0.0,0.0,103,22.0
2022,Curtis Samuel,WR,WAS,71.0,89.0,83.0,78.0,90,86,77,74,75,64,60,60,66,bye,59.0,66.0,64.0,53.0,850,71.0
2022,D'Andre Swift,RB,DET,67.0,51.0,41.0,0.0,0,bye,0,55,16,31,31,34,51,36,40.0,56.0,35.0,39.0,393,42.0
2022,D'Ernest Johnson,RB,CLE,0.0,0.0,0.0,1.0,0,13,0,11,bye,18,0,0,0,0,5.0,3.0,0.0,0.0,35,8.0
2022,D'Onta Foreman,RB,CAR,13.0,5.0,0.0,8.0,4,23,54,68,43,68,39,53,bye,47,30.0,44.0,38.0,25.0,349,37.0
2022,DJ Chark,WR,DET,81.0,66.0,79.0,0.0,0,bye,0,0,0,0,16,73,84,86,76.0,74.0,68.0,65.0,534,70.0
2022,DJ Moore,WR,CAR,100.0,97.0,98.0,96.0,93,100,100,96,98,89,98,97,bye,96,96.0,96.0,98.0,92.0,978,96.0
2022,DJ Turner,WR,LV,0.0,0.0,0.0,0.0,0,bye,9,9,0,3,0,0,0,7,0.0,0.0,0.0,0.0,16,7.0
2022,DK Metcalf,WR,SEA,82.0,92.0,93.0,76.0,96,81,28,62,81,90,bye,91,87,91,95.0,91.0,82.0,83.0,893,82.0
2022,Dak Prescott,QB,DAL,77.0,0.0,0.0,0.0,0,0,100,100,bye,100,89,100,96,100,100.0,100.0,100.0,91.0,821,96.0
2022,Dallas Goedert,TE,PHI,92.0,84.0,64.0,90.0,96,99,bye,74,91,100,0,0,0,0,0.0,94.0,96.0,100.0,735,90.0
2022,Dalton Schultz,TE,DAL,100.0,90.0,0.0,90.0,18,0,65,71,bye,76,64,84,72,93,97.0,86.0,81.0,87.0,817,79.0
2022,Dalvin Cook,RB,MIN,77.0,69.0,61.0,63.0,57,87,bye,76,86,84,60,86,75,85,86.0,79.0,59.0,34.0,841,72.0
2022,Dameon Pierce,RB,HOU,29.0,62.0,59.0,68.0,79,bye,52,78,78,72,77,56,72,55,0.0,0.0,0.0,0.0,508,64.0
2022,Damien Harris,RB,NE,39.0,40.0,38.0,45.0,10,0,17,41,0,bye,24,20,0,0,0.0,0.0,48.0,53.0,238,35.0
2022,Damien Williams,RB,ATL,13.0,0.0,0.0,0.0,0,0,0,0,0,0,0,0,0,bye,0.0,0.0,0.0,0.0,10,13.0
2022,Damiere Byrd,WR,ATL,0.0,0.0,0.0,20.0,32,0,34,51,48,48,35,0,35,bye,41.0,44.0,31.0,29.0,279,38.0
2022,Dan Arnold,TE,JAC,0.0,23.0,0.0,13.0,11,0,14,21,35,9,bye,0,14,21,0.0,18.0,22.0,0.0,135,18.0
2022,Daniel Bellinger,TE,NYG,0.0,58.0,60.0,60.0,74,94,34,0,bye,0,0,0,97,61,98.0,99.0,89.0,0.0,545,74.0
2022,Daniel Jones,QB,NYG,100.0,100.0,100.0,82.0,100,100,100,100,bye,100,100,100,100,81,100.0,100.0,87.0,0.0,1040,97.0
2022,Danny Gray,WR,SF,0.0,9.0,0.0,0.0,10,0,10,0,bye,0,0,0,0,21,3.0,4.0,6.0,0.0,43,9.0
2022,Dante Pettis,WR,CHI,40.0,56.0,57.0,58.0,60,61,31,53,36,44,26,40,65,bye,80.0,73.0,27.0,63.0,524,51.0
2022,Dare Ogunbowale,RB,HOU,0.0,2.0,0.0,0.0,0,bye,12,6,2,6,7,30,22,27,43.0,28.0,37.0,62.0,183,22.0
2022,Dareke Young,WR,SEA,0.0,0.0,0.0,0.0,0,0,0,6,19,0,bye,0,1,0,5.0,13.0,38.0,24.0,76,16.0
2022,Darius Slayton,WR,NYG,0.0,0.0,0.0,60.0,54,69,57,74,bye,80,87,84,92,83,94.0,99.0,83.0,0.0,677,78.0
2022,Darnell Mooney,WR,CHI,90.0,90.0,94.0,85.0,94,92,80,86,86,87,81,0,0,bye,0.0,0.0,0.0,0.0,612,87.0
2022,Darrel Williams,RB,ARI,0.0,46.0,17.0,21.0,12,0,0,27,0,0,0,0,bye,0,0.0,0.0,0.0,0.0,99,25.0
2022,Darrell Henderson,RB,LAR,82.0,56.0,50.0,59.0,57,71,bye,41,49,57,6,0,0,0,0.0,0.0,0.0,0.0,331,53.0
2022,Darren Waller,TE,LV,84.0,55.0,73.0,80.0,0,bye,0,0,0,0,0,0,0,0,49.0,40.0,57.0,67.0,338,64.0
2022,Darrynton Evans,RB,CHI,0.0,0.0,0.0,0.0,0,0,0,0,0,0,0,32,25,bye,27.0,0.0,0.0,0.0,47,28.0
2022,Davante Adams,WR,LV,95.0,97.0,100.0,95.0,100,bye,96,72,95,93,98,100,97,97,99.0,96.0,89.0,90.0,1044,95.0
2022,David Bell,WR,CLE,0.0,30.0,56.0,26.0,43,63,57,47,bye,52,64,63,5,68,0.0,73.0,26.0,36.0,494,48.0
2022,David Blough,QB,ARI,0.0,0.0,0.0,0.0,0,0,0,0,0,0,0,0,bye,0,0.0,0.0,100.0,67.0,109,87.0
2022,David Johnson,RB,NO,0.0,0.0,0.0,0.0,0,0,0,0,0,0,18,0,0,bye,33.0,28.0,0.0,12.0,50,22.0
2022,David Montgomery,RB,CHI,66.0,80.0,17.0,0.0,72,78,56,70,70,66,80,68,77,bye,68.0,67.0,54.0,47.0,629,65.0
2022,David Njoku,TE,CLE,89.0,94.0,88.0,92.0,85,80,62,0,bye,0,37,81,0,96,94.0,97.0,93.0,92.0,817,84.0
2022,David Sills V,WR,NYG,0.0,92.0,63.0,72.0,43,35,31,15,bye,0,0,0,0,0,0.0,0.0,0.0,0.0,242,51.0
2022,Davis Mills,QB,HOU,97.0,95.0,100.0,100.0,100,bye,100,100,100,100,100,0,0,50,83.0,78.0,83.0,91.0,855,91.0
2022,Davis Webb,QB,NYG,0.0,0.0,0.0,0.0,0,0,0,0,bye,0,0,0,0,0,0.0,0.0,0.0,100.0,63,100.0
2022,Dawson Knox,TE,BUF,86.0,69.0,71.0,75.0,0,85,bye,88,85,81,80,78,84,86,82.0,75.0,0.0,81.0,825,80.0
2022,Dax Milne,WR,WAS,8.0,3.0,6.0,3.0,2,11,35,15,16,10,7,0,0,bye,0.0,1.0,0.0,3.0,83,9.0
2022,Daylen Baldwin,WR,CLE,0.0,0.0,0.0,0.0,0,0,0,0,bye,0,0,0,0,0,18.0,0.0,0.0,0.0,12,18.0
2022,DeAndre Carter,WR,LAC,37.0,65.0,74.0,70.0,59,73,94,bye,83,86,82,80,60,15,23.0,19.0,20.0,60.0,698,59.0
2022,DeAndre Hopkins,WR,ARI,0.0,0.0,0.0,0.0,0,0,92,100,94,94,69,74,bye,85,92.0,93.0,0.0,0.0,555,88.0
2022,DeSean Jackson,WR,BAL,0.0,0.0,0.0,0.0,0,0,0,0,16,bye,0,14,35,18,32.0,29.0,35.0,0.0,110,25.0
2022,DeVante Parker,WR,NE,100.0,76.0,97.0,97.0,52,79,92,1,0,bye,40,85,87,10,0.0,0.0,0.0,82.0,545,67.0
2022,DeVonta Smith,WR,PHI,96.0,99.0,89.0,87.0,99,89,bye,74,89,86,94,92,86,91,96.0,93.0,98.0,100.0,1083,92.0
2022,Dee Eskridge,WR,SEA,9.0,12.0,0.0,27.0,48,19,42,30,53,0,bye,0,0,0,0.0,0.0,0.0,0.0,156,31.0
2022,DeeJay Dallas,RB,SEA,5.0,4.0,21.0,4.0,19,34,27,8,3,0,bye,14,48,0,0.0,46.0,38.0,16.0,196,21.0
2022,Deebo Samuel,WR,SF,82.0,78.0,79.0,80.0,79,83,86,0,bye,87,59,79,82,43,0.0,0.0,0.0,68.0,659,76.0
2022,Demarcus Robinson,WR,BAL,45.0,39.0,37.0,56.0,75,76,0,63,50,bye,78,60,76,61,63.0,54.0,60.0,63.0,622,60.0
2022,Demetric Felton,RB,CLE,14.0,18.0,0.0,0.0,0,0,0,0,bye,0,0,0,60,12,6.0,0.0,0.0,0.0,74,21.0
2022,Dennis Houston,WR,DAL,57.0,34.0,0.0,0.0,0,0,0,0,bye,0,0,0,0,0,0.0,0.0,0.0,0.0,60,46.0
2022,Denzel Mims,WR,NYJ,0.0,0.0,0.0,0.0,0,0,41,75,83,bye,90,29,19,69,10.0,0.0,16.0,0.0,265,45.0
2022,Deon Jackson,RB,IND,0.0,4.0,0.0,0.0,58,67,8,3,63,0,20,0,11,bye,32.0,15.0,24.0,41.0,246,31.0
2022,Deonte Harty,WR,NO,11.0,16.0,0.0,3.0,5,0,0,0,0,0,0,0,0,bye,0.0,0.0,0.0,0.0,24,9.0
2022,Derek Carr,QB,LV,100.0,100.0,100.0,100.0,100,bye,98,76,100,100,100,99,100,100,100.0,100.0,0.0,0.0,946,98.0
2022,Derek Watt,RB,PIT,0.0,2.0,0.0,0.0,3,5,9,4,bye,7,0,7,11,0,13.0,3.0,6.0,8.0,55,7.0
2022,Derrick Henry,RB,TEN,68.0,46.0,74.0,69.0,64,bye,75,74,59,58,71,56,55,75,71.0,74.0,0.0,75.0,648,67.0
2022,Deshaun Watson,QB,CLE,0.0,0.0,0.0,0.0,0,0,0,0,bye,0,0,0,98,99,98.0,100.0,98.0,98.0,387,99.0
2022,Desmond Ridder,QB,ATL,0.0,0.0,0.0,0.0,0,0,0,0,0,0,0,0,0,bye,100.0,100.0,100.0,94.0,271,99.0
2022,Deven Thompkins,WR,TB,0.0,0.0,0.0,0.0,0,0,0,0,0,0,bye,0,0,0,18.0,5.0,12.0,84.0,72,25.0
2022,Devin Asiasi,TE,CIN,0.0,0.0,0.0,25.0,0,2,0,0,31,bye,14,0,0,0,0.0,39.0,0.0,0.0,81,23.0
2022,Devin Duvernay,WR,BAL,52.0,54.0,58.0,64.0,72,68,66,66,74,bye,84,78,94,57,71.0,0.0,0.0,0.0,632,69.0
2022,Devin Singletary,RB,BUF,59.0,54.0,73.0,88.0,54,86,bye,75,74,72,72,78,44,49,60.0,58.0,0.0,41.0,709,65.0
2022,Devine Ozigbo,RB,DEN,0.0,0.0,0.0,0.0,3,0,0,0,bye,0,0,7,0,0,7.0,0.0,0.0,0.0,11,5.0
2022,Dezmon Patmon,WR,IND,0.0,48.0,0.0,0.0,0,0,0,0,0,0,0,0,0,bye,0.0,0.0,0.0,0.0,24,48.0
2022,Diontae Johnson,WR,PIT,81.0,86.0,98.0,89.0,93,95,93,95,bye,92,96,96,82,95,74.0,88.0,91.0,82.0,1042,90.0
2022,Donald Parham,TE,LAC,0.0,0.0,0.0,0.0,25,20,0,bye,0,0,0,0,0,0,31.0,35.0,41.0,51.0,144,33.0
2022,Donovan Peoples-Jones,WR,CLE,83.0,78.0,88.0,84.0,88,87,93,96,bye,88,99,96,95,100,77.0,97.0,86.0,92.0,1055,90.0
2022,Dontrell Hilliard,RB,TEN,18.0,0.0,24.0,31.0,31,bye,29,28,31,42,18,37,36,13,0.0,0.0,0.0,0.0,200,28.0
2022,Drake London,WR,ATL,72.0,82.0,84.0,80.0,67,67,85,88,75,87,76,86,87,bye,81.0,77.0,77.0,57.0,819,78.0
2022,Drew Sample,TE,CIN,29.0,14.0,0.0,0.0,0,0,0,0,0,bye,0,0,0,0,0.0,0.0,0.0,0.0,39,23.0
2022,Duke Johnson,RB,BUF,0.0,0.0,0.0,0.0,0,0,bye,0,0,7,0,0,0,0,0.0,0.0,0.0,0.0,5,7.0
2022,Durham Smythe,TE,MIA,63.0,49.0,74.0,63.0,49,0,0,0,58,54,bye,49,59,0,64.0,64.0,59.0,71.0,470,59.0
2022,Dwayne Washington,RB,NO,0.0,6.0,0.0,0.0,3,0,1,20,10,0,0,2,0,bye,0.0,0.0,0.0,0.0,26,7.0
2022,Dyami Brown,WR,WAS,0.0,0.0,16.0,28.0,32,5,0,0,31,19,0,23,0,bye,16.0,0.0,0.0,12.0,124,20.0
2022,Elijah Mitchell,RB,SF,25.0,0.0,0.0,0.0,0,0,0,0,bye,35,22,21,0,0,0.0,0.0,0.0,16.0,80,24.0
2022,Elijah Moore,WR,NYJ,89.0,87.0,94.0,90.0,66,58,0,17,0,bye,54,35,68,82,75.0,81.0,70.0,70.0,704,71.0
2022,Eno Benjamin,RB,Multi,34.0,42.0,27.0,14.0,54,87,73,74,27,1,0,0,0,12,0.0,0.0,9.0,10.0,335,36.0
2022,Equanimeous St Brown,WR,CHI,76.0,71.0,86.0,95.0,62,64,59,32,70,51,72,40,58,bye,5.0,0.0,62.0,8.0,555,57.0
2022,Eric Saubert,TE,DEN,27.0,36.0,47.0,77.0,56,0,19,16,bye,19,42,0,49,26,59.0,33.0,34.0,0.0,360,38.0
2022,Eric Tomlinson,TE,DEN,30.0,0.0,0.0,0.0,48,28,44,30,bye,26,0,0,0,32,51.0,0.0,0.0,38.0,228,37.0
2022,Erik Ezukanma,WR,MIA,0.0,0.0,0.0,0.0,0,0,0,0,0,0,bye,0,0,0,0.0,0.0,0.0,15.0,10,15.0
2022,Evan Engram,TE,JAC,71.0,69.0,76.0,74.0,75,78,85,93,55,88,bye,81,77,79,86.0,75.0,67.0,88.0,868,77.0
2022,Ezekiel Elliott,RB,DAL,58.0,67.0,64.0,64.0,65,61,49,0,bye,0,29,51,56,49,51.0,47.0,66.0,48.0,558,55.0
2022,Feleipe Franks,QB,ATL,0.0,0.0,0.0,0.0,45,0,2,7,0,0,0,0,6,bye,5.0,0.0,0.0,0.0,43,14.0
2022,Foster Moreau,TE,LV,0.0,61.0,50.0,0.0,0,bye,96,100,97,96,100,100,90,100,56.0,68.0,79.0,40.0,727,80.0
2022,Frank Darby,WR,ATL,0.0,0.0,0.0,0.0,0,0,0,0,0,0,0,0,0,bye,0.0,0.0,0.0,41.0,28,41.0
2022,Freddie Swain,WR,Multi,0.0,0.0,0.0,0.0,0,0,0,0,0,0,0,0,0,0,55.0,75.0,0.0,32.0,109,54.0
2022,Gabe Davis,WR,BUF,98.0,0.0,96.0,98.0,84,93,bye,88,95,93,88,90,81,92,97.0,89.0,0.0,80.0,926,91.0
2022,Gardner Minshew,QB,PHI,0.0,0.0,0.0,0.0,0,0,bye,19,0,0,0,0,12,7,0.0,100.0,100.0,0.0,151,47.0
2022,Garrett Wilson,WR,NYJ,49.0,61.0,63.0,77.0,56,44,73,88,92,bye,100,83,92,97,98.0,97.0,100.0,88.0,884,79.0
2022,Gary Brightwell,RB,NYG,0.0,1.0,0.0,5.0,11,2,0,2,bye,0,9,17,0,33,0.0,1.0,8.0,46.0,87,12.0
2022,Geno Smith,QB,SEA,100.0,100.0,100.0,100.0,100,100,100,100,100,100,bye,100,100,100,100.0,100.0,100.0,100.0,1093,100.0
2022,Geoff Swaim,TE,TEN,69.0,0.0,69.0,0.0,66,bye,63,0,0,53,71,54,36,25,0.0,39.0,45.0,55.0,406,54.0
2022,George Kittle,TE,SF,0.0,0.0,91.0,94.0,88,98,89,100,bye,100,74,97,96,79,84.0,90.0,93.0,71.0,859,89.0
2022,George Pickens,WR,PIT,71.0,85.0,76.0,70.0,76,83,79,86,bye,75,86,78,68,76,66.0,81.0,73.0,63.0,882,76.0
2022,Gerald Everett,TE,LAC,66.0,67.0,75.0,66.0,65,55,56,bye,68,17,0,58,59,72,62.0,0.0,56.0,44.0,630,59.0
2022,Giovani Bernard,RB,TB,0.0,0.0,0.0,0.0,0,0,0,0,0,0,bye,0,0,0,0.0,0.0,0.0,45.0,25,45.0
2022,Giovanni Ricci,TE,CAR,23.0,31.0,51.0,46.0,29,0,20,9,27,12,0,0,bye,0,0.0,0.0,6.0,5.0,150,23.0
2022,Godwin Igwebuike,RB,SEA,0.0,0.0,0.0,0.0,0,0,0,0,0,0,bye,0,0,0,0.0,0.0,6.0,1.0,5,4.0
2022,Grant Calcaterra,TE,PHI,0.0,0.0,24.0,0.0,0,0,bye,0,0,0,28,29,38,57,40.0,0.0,0.0,0.0,155,36.0
2022,Greg Dortch,WR,ARI,91.0,71.0,81.0,36.0,3,6,53,26,8,3,93,0,bye,5,9.0,76.0,81.0,69.0,513,45.0
2022,Greg Dulcich,TE,DEN,0.0,0.0,0.0,0.0,0,71,59,80,bye,89,83,87,72,75,68.0,67.0,0.0,0.0,497,75.0
2022,Gunner Olszewski,WR,PIT,14.0,14.0,5.0,14.0,0,0,13,0,bye,26,42,30,28,36,28.0,0.0,36.0,18.0,208,24.0
2022,Gus Edwards,RB,BAL,0.0,0.0,0.0,0.0,0,0,36,21,0,bye,0,50,24,34,17.0,40.0,17.0,6.0,159,27.0
2022,Harrison Bryant,TE,CLE,48.0,46.0,0.0,67.0,57,36,57,0,bye,76,73,27,57,11,41.0,0.0,53.0,31.0,463,48.0
2022,Hassan Haskins,RB,TEN,0.0,50.0,7.0,0.0,3,bye,7,3,12,3,11,11,0,0,19.0,25.0,66.0,20.0,146,18.0
2022,Hayden Hurst,TE,CIN,75.0,81.0,38.0,56.0,81,70,62,72,46,bye,65,66,12,0,0.0,0.0,0.0,73.0,545,61.0
2022,Hunter Henry,TE,NE,77.0,50.0,70.0,84.0,98,97,85,64,67,bye,84,71,87,66,80.0,0.0,100.0,100.0,794,80.0
2022,Hunter Long,TE,MIA,0.0,0.0,0.0,0.0,0,27,0,25,0,0,bye,0,0,0,0.0,0.0,0.0,0.0,38,26.0
2022,Hunter Renfrow,WR,LV,83.0,69.0,0.0,0.0,55,bye,57,79,75,0,0,0,0,0,43.0,47.0,46.0,57.0,377,61.0
2022,Ian Thomas,TE,CAR,66.0,74.0,62.0,29.0,39,52,62,55,0,0,54,58,bye,64,46.0,63.0,55.0,0.0,471,56.0
2022,Ihmir Smith-Marsette,WR,Multi,0.0,0.0,0.0,10.0,38,35,0,0,0,0,0,0,0,0,0.0,0.0,0.0,0.0,50,27.0
2022,Irv Smith,TE,MIN,31.0,56.0,51.0,64.0,63,63,bye,48,0,0,0,0,0,0,0.0,0.0,0.0,45.0,285,53.0
2022,Isaiah Hodgins,WR,Multi,0.0,0.0,0.0,0.0,23,0,0,0,0,62,59,70,80,89,89.0,97.0,81.0,0.0,430,73.0
2022,Isaiah Likely,TE,BAL,45.0,36.0,33.0,0.0,23,22,11,67,76,bye,32,0,26,0,44.0,25.0,33.0,88.0,372,42.0
2022,Isaiah McKenzie,WR,BUF,44.0,46.0,51.0,48.0,0,51,bye,53,66,69,40,73,52,64,56.0,36.0,0.0,56.0,555,54.0
2022,Isaiah Spiller,RB,LAC,0.0,0.0,0.0,0.0,0,0,6,bye,19,17,25,12,0,0,0.0,0.0,0.0,0.0,51,16.0
2022,Isiah Pacheco,RB,KC,23.0,9.0,8.0,21.0,3,15,30,bye,22,56,40,51,45,43,35.0,49.0,45.0,36.0,351,31.0
2022,JD McKissic,RB,WAS,40.0,46.0,53.0,51.0,41,30,16,36,0,0,0,0,0,bye,0.0,0.0,0.0,0.0,221,40.0
2022,JJ Taylor,RB,NE,0.0,0.0,0.0,0.0,0,0,0,0,27,bye,0,0,0,0,0.0,0.0,0.0,0.0,17,27.0
2022,JK Dobbins,RB,BAL,0.0,0.0,45.0,50.0,40,27,0,0,0,bye,0,0,0,43,38.0,42.0,50.0,0.0,202,42.0
2022,JP Holtz,TE,NO,0.0,0.0,0.0,18.0,0,0,0,0,0,0,0,0,0,bye,0.0,0.0,0.0,0.0,11,18.0
2022,Ja'Marr Chase,WR,CIN,100.0,96.0,87.0,94.0,100,98,93,0,0,bye,0,0,82,94,91.0,98.0,0.0,94.0,793,94.0
2022,JaMycal Hasty,RB,JAC,0.0,0.0,4.0,6.0,4,16,6,22,19,22,bye,78,0,25,23.0,25.0,40.0,49.0,216,23.0
2022,Jack Stoll,TE,PHI,0.0,0.0,53.0,0.0,0,45,bye,53,35,22,81,80,74,69,79.0,0.0,0.0,0.0,411,61.0
2022,Jacob Eason,QB,CAR,0.0,0.0,0.0,0.0,0,16,0,0,0,0,0,0,bye,0,0.0,0.0,0.0,0.0,7,16.0
2022,Jacoby Brissett,QB,CLE,100.0,100.0,100.0,100.0,100,100,100,100,bye,100,100,100,0,1,2.0,0.0,2.0,0.0,785,80.0
2022,Jaelon Darden,WR,Multi,16.0,12.0,28.0,9.0,14,0,6,0,0,0,0,0,0,0,0.0,0.0,4.0,2.0,60,11.0
2022,Jahan Dotson,WR,WAS,88.0,99.0,87.0,59.0,0,0,0,0,0,41,66,61,79,bye,79.0,86.0,77.0,74.0,651,75.0
2022,Jake Ferguson,TE,DAL,0.0,0.0,83.0,28.0,0,51,38,55,bye,0,50,48,47,0,0.0,21.0,29.0,21.0,316,42.0
2022,Jake Kumerow,WR,BUF,0.0,78.0,5.0,0.0,0,0,bye,12,8,11,0,0,0,0,0.0,0.0,0.0,0.0,78,22.0
2022,Jake Tonges,TE,CHI,0.0,0.0,10.0,0.0,0,0,0,0,0,0,0,0,0,bye,0.0,0.0,0.0,0.0,6,10.0
2022,Jakob Johnson,RB,LV,14.0,0.0,23.0,0.0,39,bye,29,0,22,29,33,26,0,38,22.0,0.0,0.0,27.0,197,27.0
2022,Jakobi Meyers,WR,NE,88.0,82.0,0.0,0.0,80,81,100,81,81,bye,95,29,57,0,62.0,100.0,82.0,90.0,690,79.0
2022,Jalen Camp,WR,HOU,0.0,0.0,0.0,0.0,0,bye,0,0,25,0,0,0,0,0,0.0,0.0,0.0,0.0,15,25.0
2022,Jalen Guyton,WR,LAC,7.0,0.0,26.0,0.0,0,0,0,bye,0,0,0,0,0,0,0.0,0.0,0.0,0.0,21,16.0
2022,Jalen Hurts,QB,PHI,100.0,100.0,100.0,100.0,100,100,bye,81,100,100,100,100,88,93,100.0,0.0,0.0,100.0,1028,98.0
2022,Jalen Nailor,WR,MIN,0.0,0.0,0.0,1.0,0,0,bye,0,0,0,21,0,0,0,1.0,0.0,16.0,46.0,56,16.0
2022,Jalen Reagor,WR,MIN,0.0,16.0,1.0,4.0,4,2,bye,6,3,0,21,3,3,11,8.0,0.0,21.0,23.0,82,9.0
2022,Jalen Tolbert,WR,DAL,0.0,0.0,36.0,0.0,0,0,0,0,bye,10,18,0,0,0,0.0,0.0,0.0,0.0,44,20.0
2022,Jalen Virgil,WR,DEN,0.0,0.0,0.0,0.0,0,0,0,0,bye,30,0,7,8,12,1.0,28.0,0.0,3.0,63,14.0
2022,Jamaal Williams,RB,DET,33.0,34.0,45.0,49.0,33,bye,44,37,61,40,48,42,30,37,31.0,24.0,46.0,48.0,459,40.0
2022,Jamal Agnew,WR,JAC,10.0,10.0,16.0,38.0,8,8,0,0,1,11,bye,24,16,15,14.0,12.0,27.0,14.0,141,14.0
2022,Jameis Winston,QB,NO,100.0,97.0,100.0,0.0,0,0,0,0,0,0,0,0,0,bye,0.0,0.0,0.0,0.0,196,99.0
2022,James Conner,RB,ARI,72.0,21.0,60.0,66.0,35,0,0,0,71,96,77,97,bye,95,91.0,97.0,55.0,0.0,663,71.0
2022,James Cook,RB,BUF,5.0,26.0,12.0,3.0,18,14,bye,25,23,17,25,18,43,41,36.0,41.0,0.0,56.0,269,25.0
2022,James Mitchell,TE,DET,0.0,0.0,0.0,0.0,0,bye,0,8,21,24,0,24,0,0,24.0,29.0,28.0,18.0,116,22.0
2022,James Proche,WR,BAL,9.0,0.0,0.0,0.0,28,0,12,63,25,bye,25,19,18,0,5.0,0.0,8.0,42.0,180,24.0
2022,James Robinson,RB,Multi,49.0,63.0,58.0,47.0,41,43,17,22,40,0,22,0,11,0,0.0,0.0,0.0,0.0,272,37.0
2022,James Washington,WR,DAL,0.0,0.0,0.0,0.0,0,0,0,0,bye,0,0,0,0,15,0.0,0.0,0.0,0.0,11,15.0
2022,Jameson Williams,WR,DET,0.0,0.0,0.0,0.0,0,bye,0,0,0,0,0,0,11,19,19.0,17.0,25.0,24.0,78,19.0
2022,Jamison Crowder,WR,BUF,31.0,28.0,49.0,17.0,0,0,bye,0,0,0,0,0,0,0,0.0,0.0,0.0,0.0,93,33.0
2022,Jared Goff,QB,DET,100.0,100.0,100.0,100.0,100,bye,100,100,100,100,100,100,97,100,100.0,100.0,90.0,100.0,1133,99.0
2022,Jaret Patterson,RB,WAS,0.0,0.0,0.0,0.0,0,0,0,0,0,0,0,0,0,bye,0.0,0.0,0.0,50.0,33,50.0
2022,Jarrett Stidham,QB,LV,0.0,0.0,0.0,0.0,0,bye,0,24,0,0,0,0,0,0,0.0,0.0,100.0,100.0,154,78.0
2022,Jarvis Landry,WR,NO,72.0,68.0,30.0,63.0,0,0,0,0,0,79,56,56,54,bye,35.0,0.0,0.0,0.0,301,56.0
2022,Jason Moore,WR,LAC,0.0,0.0,0.0,0.0,0,0,25,bye,0,0,0,0,0,0,0.0,0.0,0.0,0.0,18,25.0
2022,Jauan Jennings,WR,SF,60.0,46.0,46.0,36.0,22,32,41,0,bye,32,38,41,26,35,84.0,88.0,88.0,42.0,489,46.0
2022,Javonte Williams,RB,DEN,58.0,65.0,45.0,45.0,0,0,0,0,bye,0,0,0,0,0,0.0,0.0,0.0,0.0,142,54.0
2022,Jaylen Waddle,WR,MIA,67.0,80.0,74.0,86.0,76,79,79,76,72,74,bye,62,52,84,69.0,74.0,76.0,75.0,785,74.0
2022,Jaylen Warren,RB,PIT,37.0,29.0,20.0,25.0,51,31,23,29,bye,43,4,0,20,40,34.0,31.0,40.0,42.0,342,31.0
2022,Jeff Driskel,QB,HOU,3.0,5.0,0.0,0.0,0,bye,0,0,0,0,0,0,0,50,29.0,28.0,21.0,9.0,96,21.0
2022,Jeff Smith,WR,NYJ,0.0,14.0,0.0,10.0,20,0,59,22,12,bye,0,0,0,0,46.0,0.0,0.0,0.0,113,26.0
2022,Jeff Wilson,RB,Multi,59.0,49.0,73.0,66.0,58,52,33,36,49,61,0,61,37,16,0.0,60.0,65.0,65.0,525,53.0
2022,Jelani Woods,TE,IND,0.0,0.0,23.0,23.0,29,38,30,0,29,0,0,64,21,bye,24.0,63.0,60.0,52.0,303,37.0
2022,Jeremy Ruckert,TE,NYJ,0.0,26.0,0.0,0.0,0,0,0,0,0,bye,0,0,0,0,0.0,0.0,0.0,34.0,37,29.0
2022,Jerick McKinnon,RB,KC,39.0,47.0,52.0,23.0,53,43,44,bye,62,38,52,34,47,57,62.0,47.0,48.0,37.0,535,47.0
2022,Jerome Ford,RB,CLE,0.0,0.0,0.0,0.0,0,0,0,0,bye,0,0,0,11,0,0.0,0.0,12.0,0.0,14,12.0
2022,Jerry Jeudy,WR,DEN,89.0,14.0,59.0,89.0,84,91,89,85,bye,1,0,0,38,83,74.0,90.0,89.0,97.0,713,70.0
2022,Jesper Horsted,TE,LV,0.0,0.0,0.0,0.0,58,bye,0,3,0,0,0,0,0,0,0.0,0.0,0.0,0.0,39,32.0
2022,Jimmy Garoppolo,QB,SF,0.0,79.0,100.0,100.0,99,100,87,100,bye,100,88,100,10,0,0.0,0.0,0.0,0.0,614,84.0
2022,Jody Fortson,TE,KC,34.0,11.0,13.0,29.0,0,0,34,bye,0,11,28,22,18,0,16.0,0.0,0.0,0.0,147,22.0
2022,Joe Burrow,QB,CIN,100.0,100.0,100.0,100.0,100,100,100,100,78,bye,100,100,100,100,100.0,100.0,0.0,100.0,1091,98.0
2022,Joe Flacco,QB,NYJ,100.0,100.0,100.0,0.0,0,0,0,0,0,bye,0,0,0,9,0.0,0.0,0.0,100.0,295,81.0
2022,Joe Mixon,RB,CIN,73.0,76.0,66.0,83.0,70,72,72,72,65,bye,21,0,0,58,64.0,59.0,0.0,55.0,624,65.0
2022,John Bates,TE,WAS,55.0,32.0,26.0,41.0,59,0,0,33,39,0,51,58,0,bye,57.0,0.0,0.0,0.0,305,45.0
2022,John Brown,WR,BUF,0.0,0.0,0.0,0.0,0,0,bye,0,0,0,0,0,0,5,0.0,0.0,0.0,12.0,10,8.0
2022,John Wolford,QB,LAR,0.0,0.0,0.0,0.0,0,0,bye,0,0,92,0,0,98,0,0.0,0.0,0.0,0.0,118,95.0
2022,Johnny Mundt,TE,MIN,65.0,46.0,39.0,28.0,44,56,bye,61,23,0,47,54,35,0,18.0,31.0,0.0,0.0,364,41.0
2022,Jonathan Taylor,RB,IND,76.0,74.0,76.0,88.0,0,0,55,69,0,94,75,92,82,bye,3.0,0.0,0.0,0.0,524,70.0
2022,Jonathan Ward,RB,Multi,0.0,0.0,0.0,0.0,0,0,0,0,0,0,0,0,0,0,0.0,0.0,8.0,7.0,10,7.0
2022,Jonathan Williams,RB,WAS,1.0,0.0,3.0,8.0,0,0,0,0,0,0,0,8,2,bye,0.0,27.0,46.0,47.0,99,17.0
2022,Jonnu Smith,TE,NE,68.0,57.0,48.0,0.0,0,43,33,64,54,bye,54,0,31,47,58.0,57.0,0.0,0.0,390,52.0
2022,Jordan Akins,TE,HOU,0.0,0.0,29.0,35.0,17,bye,40,26,27,52,46,52,52,53,48.0,55.0,59.0,54.0,406,44.0
2022,Jordan Howard,RB,NO,0.0,0.0,0.0,0.0,0,0,0,0,0,6,0,0,0,bye,0.0,0.0,0.0,0.0,3,6.0
2022,Jordan Love,QB,GB,8.0,0.0,0.0,0.0,0,5,0,0,0,0,0,20,0,bye,0.0,0.0,11.0,0.0,26,11.0
2022,Jordan Mason,RB,SF,0.0,0.0,9.0,0.0,1,0,0,0,bye,0,12,13,18,30,11.0,0.0,7.0,23.0,82,14.0
2022,Jordan Wilkins,RB,IND,0.0,0.0,0.0,0.0,0,0,0,0,31,5,0,0,0,bye,0.0,15.0,17.0,0.0,40,17.0
2022,Josh Ali,WR,ATL,0.0,0.0,0.0,0.0,0,0,0,0,0,0,0,0,0,bye,0.0,0.0,0.0,10.0,7,10.0
2022,Josh Allen,QB,BUF,100.0,76.0,100.0,100.0,86,100,bye,100,100,100,100,100,100,100,100.0,100.0,0.0,100.0,1061,98.0
2022,Josh Gordon,WR,TEN,0.0,32.0,0.0,0.0,0,bye,0,0,0,0,0,0,0,0,0.0,0.0,0.0,0.0,18,32.0
2022,Josh Jacobs,RB,LV,60.0,72.0,64.0,89.0,81,bye,80,55,69,79,80,79,75,83,75.0,81.0,67.0,71.0,821,75.0
2022,Josh Johnson,QB,SF,0.0,0.0,0.0,0.0,0,0,0,0,bye,0,0,0,0,17,0.0,0.0,0.0,0.0,11,17.0
2022,Josh Oliver,TE,BAL,0.0,0.0,40.0,0.0,35,36,48,50,65,bye,33,61,0,0,41.0,81.0,58.0,44.0,380,49.0
2022,Josh Reynolds,WR,DET,80.0,72.0,79.0,84.0,91,bye,80,80,0,0,0,0,79,61,0.0,61.0,44.0,40.0,577,71.0
2022,Joshua Dobbs,QB,TEN,0.0,0.0,0.0,0.0,0,bye,0,0,0,0,0,0,0,0,0.0,0.0,100.0,99.0,139,99.0
2022,Joshua Kelley,RB,LAC,27.0,25.0,21.0,20.0,38,0,0,bye,0,0,0,21,43,40,35.0,34.0,36.0,41.0,268,32.0
2022,Joshua Palmer,WR,LAC,75.0,91.0,93.0,56.0,73,87,0,bye,91,95,92,95,93,79,65.0,59.0,58.0,79.0,898,80.0
2022,Josiah Deguara,TE,GB,25.0,0.0,0.0,15.0,14,7,0,45,38,0,0,0,15,bye,0.0,29.0,37.0,0.0,150,25.0
2022,JuJu Smith-Schuster,WR,KC,66.0,74.0,70.0,63.0,86,88,55,bye,83,38,0,38,76,81,88.0,83.0,65.0,73.0,765,71.0
2022,Julio Jones,WR,TB,52.0,0.0,0.0,28.0,0,0,0,57,36,51,bye,62,65,72,0.0,27.0,28.0,0.0,351,48.0
2022,Julius Chestnut,RB,TEN,0.0,0.0,0.0,0.0,0,bye,0,0,0,0,0,0,13,10,2.0,0.0,22.0,0.0,29,12.0
2022,Justice Hill,RB,BAL,20.0,36.0,47.0,36.0,0,0,31,21,25,bye,41,19,24,3,38.0,13.0,33.0,22.0,264,27.0
2022,Justin Fields,QB,CHI,100.0,100.0,100.0,100.0,100,100,100,96,100,100,100,0,100,bye,98.0,92.0,100.0,0.0,917,99.0
2022,Justin Herbert,QB,LAC,100.0,99.0,100.0,100.0,100,100,100,bye,100,95,100,100,100,100,100.0,100.0,80.0,81.0,1162,97.0
2022,Justin Jackson,RB,DET,0.0,0.0,0.0,14.0,21,bye,20,0,21,27,37,25,21,29,32.0,21.0,0.0,10.0,187,23.0
2022,Justin Jefferson,WR,MIN,92.0,98.0,100.0,94.0,100,94,bye,99,100,100,79,97,96,94,92.0,100.0,79.0,51.0,1079,92.0
2022,Justin Watson,WR,KC,23.0,25.0,16.0,18.0,15,10,16,bye,26,73,88,84,62,65,65.0,74.0,37.0,51.0,494,43.0
2022,Juwan Johnson,TE,NO,74.0,78.0,68.0,48.0,57,78,74,73,75,66,63,47,0,bye,51.0,50.0,67.0,68.0,648,65.0
2022,Juwann Winfree,WR,GB,15.0,0.0,21.0,0.0,0,18,0,0,0,0,0,0,0,bye,0.0,0.0,0.0,0.0,35,18.0
2022,KJ Osborn,WR,MIN,68.0,77.0,75.0,85.0,82,60,bye,80,80,78,74,57,66,74,81.0,69.0,79.0,77.0,873,75.0
2022,KJ Hamler,WR,DEN,61.0,0.0,26.0,8.0,53,57,58,70,bye,0,0,0,0,0,0.0,0.0,0.0,0.0,224,48.0
2022,KaVontae Turpin,WR,DAL,3.0,8.0,13.0,8.0,5,3,10,10,bye,2,8,3,7,1,3.0,7.0,2.0,0.0,62,6.0
2022,Kadarius Toney,WR,Multi,12.0,38.0,0.0,0.0,0,0,0,0,9,44,22,0,0,0,6.0,30.0,32.0,31.0,144,24.0
2022,Kalif Raymond,WR,DET,12.0,10.0,17.0,51.0,85,bye,90,90,95,82,85,76,17,11,29.0,32.0,30.0,37.0,555,49.0
2022,Kareem Hunt,RB,CLE,56.0,46.0,44.0,49.0,49,43,47,46,bye,36,43,41,38,39,26.0,47.0,32.0,25.0,492,42.0
2022,Ke'Shawn Vaughn,RB,TB,0.0,0.0,0.0,0.0,0,0,0,0,4,7,bye,13,0,0,0.0,2.0,3.0,29.0,37,8.0
2022,Keaontay Ingram,RB,ARI,0.0,0.0,0.0,0.0,0,13,30,0,2,7,25,11,bye,12,12.0,9.0,0.0,37.0,103,15.0
2022,Keelan Cole,WR,LV,0.0,0.0,57.0,65.0,8,bye,0,31,0,69,67,65,57,48,24.0,23.0,0.0,14.0,356,45.0
2022,Keenan Allen,WR,LAC,33.0,0.0,0.0,0.0,0,0,32,bye,0,0,68,89,96,86,89.0,84.0,84.0,76.0,515,74.0
2022,Keith Kirkwood,WR,NO,0.0,0.0,0.0,0.0,39,71,0,0,0,0,0,0,0,bye,0.0,30.0,0.0,0.0,97,48.0
2022,Keith Smith,RB,ATL,0.0,0.0,0.0,27.0,26,48,0,24,25,10,0,0,28,bye,0.0,10.0,19.0,29.0,151,24.0
2022,Keke Coutee,WR,IND,0.0,0.0,0.0,0.0,0,0,0,0,2,2,0,0,0,bye,0.0,0.0,0.0,0.0,2,2.0
2022,Kendall Blanton,TE,LAR,0.0,0.0,10.0,11.0,0,0,bye,0,0,0,0,0,0,0,0.0,0.0,0.0,0.0,13,11.0
2022,Kendall Hinton,WR,DEN,0.0,76.0,43.0,57.0,0,21,9,0,bye,96,88,92,77,86,0.0,0.0,47.0,0.0,460,63.0
2022,Kendrick Bourne,WR,NE,4.0,35.0,27.0,45.0,57,6,0,69,76,bye,38,69,37,71,17.0,57.0,47.0,53.0,441,44.0
2022,Kene Nwangwu,RB,MIN,0.0,0.0,0.0,0.0,0,0,bye,0,0,0,12,0,0,0,0.0,0.0,2.0,14.0,18,10.0
2022,Kenneth Gainwell,RB,PHI,30.0,26.0,31.0,27.0,22,24,bye,25,28,32,16,34,27,18,40.0,42.0,27.0,27.0,331,28.0
2022,Kenneth Walker,RB,SEA,0.0,25.0,13.0,36.0,58,69,73,77,77,87,bye,71,21,0,75.0,53.0,57.0,87.0,575,58.0
2022,Kenny Golladay,WR,NYG,77.0,0.0,33.0,42.0,0,0,0,0,bye,38,43,0,0,0,0.0,0.0,0.0,100.0,219,54.0
2022,Kenny Pickett,QB,PIT,0.0,0.0,0.0,48.0,100,58,100,100,bye,100,100,100,100,15,0.0,100.0,100.0,100.0,804,88.0
2022,Kenny Yeboah,TE,NYJ,0.0,3.0,0.0,0.0,0,0,0,0,0,bye,0,0,0,0,0.0,2.0,0.0,0.0,3,2.0
2022,Kenyan Drake,RB,BAL,59.0,27.0,0.0,0.0,42,58,27,58,68,bye,51,25,47,18,0.0,0.0,0.0,65.0,366,46.0
2022,Kevin Harris,RB,NE,0.0,0.0,0.0,0.0,0,17,0,0,0,bye,0,0,2,49,11.0,7.0,0.0,0.0,53,17.0
2022,Kevin Rader,TE,TEN,0.0,0.0,0.0,0.0,8,bye,24,0,0,21,0,0,18,3,13.0,0.0,0.0,0.0,52,14.0
2022,Kevin White,WR,NO,0.0,0.0,0.0,0.0,0,17,29,47,35,66,0,32,0,bye,0.0,0.0,0.0,0.0,130,36.0
2022,KhaDarel Hodge,WR,ATL,27.0,20.0,0.0,33.0,30,12,4,0,26,13,11,0,11,bye,18.0,20.0,24.0,0.0,157,20.0
2022,Khalil Herbert,RB,CHI,29.0,20.0,60.0,77.0,28,22,41,28,28,38,0,0,0,bye,0.0,41.0,38.0,37.0,301,38.0
2022,Khalil Shakir,WR,BUF,0.0,35.0,0.0,25.0,70,21,bye,29,0,20,0,0,21,20,0.0,39.0,0.0,25.0,194,30.0
2022,Khari Blasingame,RB,CHI,0.0,0.0,24.0,0.0,0,8,0,0,0,0,0,18,0,bye,12.0,17.0,0.0,0.0,49,16.0
2022,Kirk Cousins,QB,MIN,100.0,100.0,100.0,100.0,100,100,bye,100,98,100,79,100,100,100,100.0,100.0,86.0,54.0,1114,95.0
2022,Kirk Merritt,WR,NO,0.0,0.0,0.0,0.0,0,0,0,0,0,0,0,0,0,bye,0.0,0.0,25.0,0.0,17,25.0
2022,Ko Kieft,TE,TB,0.0,36.0,17.0,14.0,18,25,27,19,20,0,bye,23,19,7,27.0,17.0,29.0,0.0,217,21.0
2022,Kyle Allen,QB,HOU,0.0,0.0,0.0,0.0,0,bye,0,0,0,0,0,100,100,0,0.0,0.0,0.0,0.0,126,100.0
2022,Kyle Juszczyk,RB,SF,37.0,53.0,63.0,64.0,57,53,48,0,bye,0,43,43,55,65,0.0,0.0,46.0,44.0,440,51.0
2022,Kyle Philips,WR,TEN,48.0,23.0,0.0,4.0,28,bye,0,0,0,0,0,0,0,0,0.0,0.0,0.0,0.0,64,27.0
2022,Kyle Pitts,TE,ATL,84.0,93.0,67.0,62.0,0,57,79,75,69,89,44,0,0,bye,0.0,0.0,0.0,0.0,434,72.0
2022,Kyle Rudolph,TE,TB,0.0,0.0,14.0,0.0,11,0,12,9,0,0,bye,0,0,0,0.0,0.0,0.0,20.0,43,13.0
2022,Kyle Trask,QB,TB,0.0,0.0,0.0,0.0,0,0,0,0,0,0,bye,0,0,0,0.0,0.0,0.0,18.0,10,18.0
2022,Kylen Granson,TE,IND,55.0,54.0,42.0,45.0,48,38,33,55,42,46,38,0,57,bye,33.0,0.0,0.0,0.0,408,45.0
2022,Kyler Murray,QB,ARI,88.0,100.0,100.0,100.0,100,100,100,100,100,0,0,100,bye,4,0.0,0.0,0.0,0.0,719,90.0
2022,Kylin Hill,RB,GB,0.0,0.0,0.0,0.0,0,0,0,0,1,0,0,0,0,bye,0.0,0.0,0.0,0.0,1,1.0
2022,Kyren Williams,RB,LAR,0.0,0.0,0.0,0.0,0,0,bye,0,0,27,55,70,28,30,9.0,12.0,6.0,0.0,141,30.0
2022,Lamar Jackson,QB,BAL,100.0,100.0,100.0,100.0,100,100,100,100,100,bye,100,100,14,0,0.0,0.0,0.0,0.0,728,92.0
2022,Lance McCutcheon,WR,LAR,0.0,0.0,0.0,0.0,0,0,bye,0,0,0,0,48,0,0,0.0,12.0,12.0,0.0,40,24.0
2022,Laquon Treadwell,WR,SEA,0.0,0.0,0.0,0.0,0,0,0,0,0,0,bye,0,27,0,0.0,86.0,54.0,0.0,122,57.0
2022,Larry Rountree,RB,LAC,0.0,0.0,0.0,0.0,0,0,0,bye,0,0,0,0,0,0,0.0,0.0,20.0,12.0,21,16.0
2022,Latavius Murray,RB,Multi,0.0,0.0,0.0,43.0,0,47,39,44,0,31,50,82,68,53,64.0,46.0,60.0,60.0,447,52.0
2022,Laviska Shenault,WR,CAR,0.0,0.0,18.0,8.0,0,0,4,29,6,39,28,42,bye,29,28.0,35.0,27.0,29.0,206,26.0
2022,Lawrence Cager,WR,Multi,12.0,0.0,0.0,0.0,0,0,0,18,0,65,74,44,0,0,0.0,0.0,0.0,97.0,212,50.0
2022,Leonard Fournette,RB,TB,76.0,87.0,91.0,61.0,62,82,60,72,62,29,bye,0,60,47,58.0,60.0,46.0,5.0,689,60.0
2022,Lil'Jordan Humphrey,WR,NE,0.0,38.0,82.0,53.0,23,0,0,0,0,bye,0,0,0,0,0.0,0.0,0.0,0.0,125,50.0
2022,Logan Thomas,TE,WAS,62.0,73.0,65.0,74.0,0,0,0,0,72,73,68,71,56,bye,63.0,71.0,83.0,70.0,647,69.0
2022,Luke Farrell,TE,JAC,0.0,0.0,0.0,0.0,0,11,0,0,22,0,bye,0,11,0,0.0,0.0,0.0,6.0,31,13.0
2022,Mac Jones,QB,NE,100.0,100.0,100.0,0.0,0,0,35,100,100,bye,100,100,100,100,100.0,100.0,100.0,100.0,830,96.0
2022,Mack Hollins,WR,LV,88.0,87.0,97.0,96.0,95,bye,100,91,85,96,100,96,98,97,88.0,94.0,86.0,94.0,1030,93.0
2022,Malcolm Brown,RB,LAR,0.0,0.0,0.0,0.0,0,25,bye,22,28,0,0,0,0,28,16.0,11.0,16.0,0.0,85,21.0
2022,Malik Davis,RB,DAL,0.0,0.0,0.0,0.0,0,0,0,33,bye,13,18,0,4,0,0.0,0.0,32.0,9.0,78,18.0
2022,Malik Willis,QB,TEN,0.0,30.0,0.0,0.0,0,bye,0,100,100,2,0,0,18,0,16.0,100.0,0.0,0.0,208,51.0
2022,Marcedes Lewis,TE,GB,0.0,0.0,0.0,0.0,51,0,0,0,43,58,0,0,42,bye,41.0,44.0,0.0,0.0,187,46.0
2022,Marcus Johnson,WR,NYG,0.0,0.0,0.0,0.0,77,62,79,86,bye,0,0,0,15,0,3.0,4.0,0.0,95.0,279,53.0
2022,Marcus Kemp,WR,KC,0.0,0.0,0.0,0.0,0,0,9,bye,0,0,0,0,0,0,0.0,0.0,0.0,0.0,6,9.0
2022,Marcus Mariota,QB,ATL,100.0,100.0,100.0,100.0,100,100,100,100,100,100,100,100,100,bye,0.0,0.0,0.0,0.0,776,100.0
2022,Mark Andrews,TE,BAL,84.0,83.0,90.0,94.0,95,92,88,13,0,bye,93,85,85,89,92.0,81.0,94.0,0.0,787,83.0
2022,Mark Ingram,RB,NO,33.0,37.0,33.0,48.0,22,33,28,8,0,0,0,30,42,bye,0.0,0.0,0.0,0.0,205,31.0
2022,Marlon Mack,RB,Multi,0.0,0.0,0.0,0.0,0,0,0,0,0,0,0,10,9,32,29.0,15.0,0.0,0.0,64,20.0
2022,Marquez Callaway,WR,NO,0.0,0.0,19.0,97.0,73,75,72,33,57,0,37,0,22,bye,0.0,0.0,0.0,13.0,325,51.0
2022,Marquez Valdes-Scantling,WR,KC,73.0,79.0,78.0,69.0,81,82,55,bye,71,84,71,58,56,51,53.0,43.0,83.0,59.0,777,68.0
2022,Marquise Brown,WR,ARI,95.0,93.0,95.0,93.0,97,96,0,0,0,0,0,97,bye,96,89.0,66.0,91.0,85.0,783,91.0
2022,Marquise Goodwin,WR,SEA,51.0,53.0,42.0,41.0,0,46,54,39,0,79,bye,45,37,76,59.0,51.0,0.0,0.0,420,51.0
2022,Marvin Jones,WR,JAC,81.0,90.0,68.0,91.0,87,0,56,54,57,69,bye,60,68,49,66.0,43.0,67.0,55.0,700,66.0
2022,Mason Kinsey,WR,TEN,0.0,0.0,0.0,0.0,0,bye,22,0,0,0,0,0,0,0,0.0,0.0,0.0,0.0,13,22.0
2022,Mason Schreck,TE,HOU,0.0,0.0,0.0,33.0,41,bye,0,0,0,0,0,0,0,0,0.0,0.0,0.0,0.0,43,37.0
2022,Matt Breida,RB,NYG,22.0,15.0,11.0,14.0,30,25,23,22,bye,20,20,28,14,36,17.0,16.0,19.0,70.0,264,23.0
2022,Matt Ryan,QB,IND,100.0,96.0,100.0,100.0,100,100,100,0,0,100,100,100,100,bye,100.0,0.0,0.0,0.0,846,100.0
2022,Matthew Slater,WR,NE,0.0,0.0,0.0,0.0,0,0,0,0,0,bye,0,0,0,3,0.0,0.0,3.0,0.0,4,3.0
2022,Matthew Stafford,QB,LAR,100.0,98.0,100.0,100.0,100,100,bye,100,100,0,59,0,0,0,0.0,0.0,0.0,0.0,534,95.0
2022,Maurice Alexander,WR,DET,0.0,0.0,0.0,3.0,2,bye,0,2,0,0,0,0,0,0,0.0,0.0,0.0,0.0,4,2.0
2022,Maxx Williams,TE,ARI,0.0,0.0,0.0,0.0,0,0,0,0,0,0,18,0,bye,0,20.0,28.0,0.0,0.0,47,22.0
2022,Mecole Hardman,WR,KC,56.0,54.0,68.0,46.0,40,45,62,bye,54,0,0,0,0,0,0.0,0.0,0.0,0.0,303,53.0
2022,Melvin Gordon,RB,DEN,41.0,32.0,38.0,19.0,56,16,51,56,bye,54,0,0,0,0,0.0,0.0,0.0,0.0,255,41.0
2022,Michael Bandy,WR,LAC,0.0,0.0,0.0,29.0,0,5,59,bye,80,84,12,3,23,0,0.0,0.0,0.0,0.0,198,35.0
2022,Michael Burton,RB,KC,13.0,12.0,8.0,0.0,0,4,11,bye,5,3,3,0,5,6,1.0,0.0,3.0,0.0,50,6.0
2022,Michael Carter,RB,NYJ,60.0,61.0,49.0,44.0,42,49,73,56,52,bye,50,30,0,50,52.0,39.0,29.0,32.0,496,48.0
2022,Michael Gallup,WR,DAL,0.0,0.0,0.0,64.0,55,76,67,84,bye,83,62,76,66,76,91.0,84.0,85.0,90.0,738,76.0
2022,Michael Pittman,WR,IND,98.0,0.0,94.0,89.0,99,99,100,95,90,97,98,100,93,bye,97.0,100.0,98.0,99.0,1065,97.0
2022,Michael Thomas,WR,NO,61.0,76.0,68.0,0.0,0,0,0,0,0,0,0,0,0,bye,0.0,0.0,0.0,0.0,136,69.0
2022,Michael Woods,WR,CLE,0.0,0.0,0.0,0.0,0,14,0,17,bye,19,0,0,0,0,62.0,6.0,37.0,41.0,127,27.0
2022,Mike Boone,RB,DEN,5.0,0.0,19.0,36.0,41,36,11,0,bye,0,0,0,23,15,0.0,0.0,0.0,0.0,119,23.0
2022,Mike Davis,RB,BAL,13.0,31.0,0.0,0.0,8,0,0,0,4,bye,1,0,0,0,0.0,0.0,0.0,0.0,34,11.0
2022,Mike Evans,WR,TB,73.0,61.0,0.0,91.0,85,96,88,94,88,73,bye,90,84,87,81.0,93.0,83.0,0.0,927,85.0
2022,Mike Gesicki,TE,MIA,42.0,62.0,40.0,44.0,54,64,61,46,49,46,bye,54,20,39,20.0,24.0,42.0,38.0,478,45.0
2022,Mike Strachan,WR,IND,12.0,70.0,0.0,14.0,0,23,0,0,0,0,0,0,0,bye,0.0,0.0,5.0,0.0,77,22.0
2022,Mike Thomas,WR,CIN,69.0,0.0,0.0,0.0,71,0,0,45,30,bye,0,0,0,0,0.0,0.0,0.0,0.0,160,55.0
2022,Mike White,QB,NYJ,0.0,0.0,0.0,0.0,0,0,0,0,0,bye,0,100,100,91,0.0,0.0,100.0,0.0,285,98.0
2022,Mike Williams,WR,LAC,93.0,88.0,90.0,93.0,85,94,76,bye,0,0,9,0,0,65,89.0,85.0,78.0,37.0,703,76.0
2022,Miles Boykin,WR,PIT,13.0,0.0,0.0,0.0,7,6,0,11,bye,0,0,0,0,18,37.0,0.0,14.0,15.0,81,15.0
2022,Miles Sanders,RB,PHI,52.0,53.0,59.0,67.0,74,62,bye,51,65,58,65,54,53,66,55.0,54.0,40.0,40.0,673,57.0
2022,Miller Forristall,TE,CLE,0.0,0.0,6.0,0.0,0,0,0,0,bye,0,0,0,0,0,0.0,0.0,0.0,0.0,4,6.0
2022,Mitch Trubisky,QB,PIT,100.0,100.0,100.0,52.0,0,42,0,0,bye,0,0,0,0,85,100.0,0.0,0.0,0.0,356,82.0
2022,Mitchell Wilcox,TE,CIN,0.0,27.0,57.0,50.0,0,0,38,28,0,bye,0,0,72,79,91.0,65.0,0.0,0.0,350,57.0
2022,Mo Alie-Cox,TE,IND,54.0,54.0,59.0,70.0,44,0,0,50,55,0,62,34,43,bye,51.0,44.0,53.0,60.0,494,52.0
2022,Montrell Washington,WR,DEN,0.0,17.0,19.0,6.0,5,5,4,5,bye,9,9,12,15,6,1.0,4.0,0.0,0.0,78,8.0
2022,MyCole Pruitt,TE,ATL,0.0,0.0,0.0,0.0,0,28,0,0,30,19,56,56,50,bye,55.0,51.0,65.0,46.0,284,46.0
2022,Myles Gaskin,RB,MIA,0.0,0.0,0.0,0.0,19,0,0,0,0,0,bye,34,0,0,0.0,0.0,0.0,0.0,39,27.0
2022,N'Keal Harry,WR,CHI,0.0,0.0,0.0,0.0,0,0,42,63,28,0,0,0,10,bye,0.0,0.0,48.0,33.0,148,39.0
2022,Najee Harris,RB,PIT,59.0,71.0,80.0,75.0,49,69,77,71,bye,60,92,29,66,56,66.0,72.0,64.0,63.0,763,66.0
2022,Nate Sudfeld,QB,DET,0.0,0.0,0.0,0.0,0,bye,0,0,0,0,0,0,3,0,0.0,0.0,10.0,0.0,9,6.0
2022,Nathan Peterman,QB,CHI,0.0,0.0,0.0,0.0,0,0,0,0,0,0,0,0,0,bye,2.0,8.0,0.0,75.0,44,25.0
2022,Nelson Agholor,WR,NE,58.0,50.0,76.0,66.0,12,0,6,24,0,bye,59,78,56,97,83.0,34.0,45.0,6.0,455,50.0
2022,Nick Boyle,TE,BAL,0.0,0.0,0.0,0.0,0,0,0,0,0,bye,0,14,0,0,0.0,12.0,0.0,0.0,16,13.0
2022,Nick Chubb,RB,CLE,53.0,54.0,63.0,55.0,52,44,57,51,bye,48,55,59,51,62,70.0,53.0,56.0,75.0,660,56.0
2022,Nick Foles,QB,IND,0.0,0.0,0.0,0.0,0,0,0,0,0,0,0,0,0,bye,0.0,100.0,50.0,0.0,81,74.0
2022,Nick Mullens,QB,MIN,0.0,0.0,0.0,0.0,0,0,bye,0,2,0,21,0,0,0,0.0,0.0,14.0,46.0,54,21.0
2022,Nick Vannett,TE,Multi,0.0,0.0,7.0,0.0,0,0,0,58,0,0,0,0,45,44,16.0,7.0,0.0,87.0,170,37.0
2022,Nick Westbrook-Ikhine,WR,TEN,68.0,61.0,57.0,0.0,92,bye,76,74,78,77,79,75,95,96,82.0,75.0,69.0,57.0,742,76.0
2022,Nico Collins,WR,HOU,67.0,67.0,68.0,77.0,81,bye,46,0,0,78,86,75,72,0,0.0,0.0,0.0,0.0,441,71.0
2022,Nikola Kalinic,TE,IND,0.0,0.0,0.0,0.0,0,0,0,0,0,0,0,0,0,bye,0.0,0.0,2.0,0.0,1,2.0
2022,Noah Brown,WR,DAL,88.0,85.0,80.0,79.0,76,91,79,0,bye,76,75,45,79,70,75.0,75.0,59.0,66.0,822,74.0
2022,Noah Fant,TE,SEA,56.0,53.0,55.0,58.0,60,63,73,72,60,52,bye,62,67,56,52.0,55.0,62.0,64.0,660,60.0
2022,Noah Gray,TE,KC,53.0,49.0,41.0,58.0,40,42,58,bye,40,46,60,66,58,57,56.0,51.0,55.0,58.0,597,52.0
2022,Noah Togiai,TE,PHI,14.0,0.0,0.0,0.0,0,0,bye,0,0,0,0,0,0,0,0.0,0.0,0.0,0.0,11,14.0
2022,Nsimba Webster,WR,CHI,0.0,0.0,0.0,0.0,0,0,0,0,0,0,0,0,0,bye,17.0,0.0,0.0,0.0,10,17.0
2022,Nyheim Hines,RB,Multi,28.0,30.0,45.0,32.0,4,0,38,36,6,8,15,5,31,17,4.0,5.0,0.0,5.0,208,19.0
2022,OJ Howard,TE,HOU,17.0,29.0,31.0,75.0,79,bye,0,50,43,52,25,20,0,0,0.0,0.0,27.0,0.0,268,40.0
2022,Olamide Zaccheaus,WR,ATL,60.0,43.0,67.0,56.0,67,74,62,81,70,76,76,74,87,bye,81.0,92.0,61.0,62.0,737,70.0
2022,PJ Walker,QB,CAR,0.0,0.0,0.0,0.0,13,84,100,100,37,100,0,0,bye,0,0.0,0.0,0.0,0.0,260,73.0
2022,Parker Hesse,TE,ATL,64.0,66.0,75.0,87.0,62,0,0,43,0,35,0,61,63,bye,57.0,62.0,0.0,66.0,471,61.0
2022,Parris Campbell,WR,IND,77.0,86.0,82.0,67.0,92,100,98,79,82,80,80,88,78,bye,82.0,88.0,97.0,92.0,980,85.0
2022,Pat Freiermuth,TE,PIT,89.0,81.0,76.0,73.0,49,0,59,62,bye,69,71,71,55,56,0.0,81.0,77.0,63.0,705,69.0
2022,Patrick Mahomes,QB,KC,93.0,100.0,100.0,100.0,100,100,91,bye,100,100,100,100,100,100,100.0,100.0,100.0,88.0,1131,99.0
2022,Patrick Ricard,RB,BAL,64.0,63.0,65.0,70.0,0,76,88,51,68,bye,55,74,35,74,56.0,0.0,0.0,0.0,543,64.0
2022,Patrick Taylor,RB,GB,0.0,0.0,0.0,0.0,0,0,0,0,0,0,0,0,9,bye,13.0,8.0,19.0,0.0,32,12.0
2022,Penny Hart,WR,SEA,0.0,0.0,8.0,0.0,0,0,0,0,0,0,bye,0,0,0,3.0,24.0,0.0,0.0,26,12.0
2022,Peyton Hendershot,TE,DAL,0.0,0.0,59.0,7.0,67,61,30,36,bye,20,35,27,22,0,23.0,0.0,18.0,0.0,268,33.0
2022,Pharaoh Brown,TE,Multi,66.0,71.0,81.0,0.0,0,27,18,35,0,42,15,0,63,0,0.0,0.0,0.0,0.0,273,46.0
2022,Pharoh Cooper,WR,ARI,0.0,0.0,0.0,0.0,0,0,0,0,0,0,0,0,bye,0,0.0,1.0,9.0,33.0,25,12.0
2022,Phillip Dorsett,WR,HOU,6.0,0.0,22.0,19.0,19,bye,54,83,77,44,25,43,71,82,86.0,58.0,56.0,0.0,465,50.0
2022,Phillip Lindsay,RB,IND,0.0,0.0,0.0,0.0,38,33,0,0,15,0,0,0,0,bye,0.0,0.0,0.0,0.0,66,30.0
2022,Pierre Strong,RB,NE,0.0,4.0,0.0,0.0,0,6,0,0,0,bye,0,0,0,32,26.0,4.0,3.0,0.0,47,12.0
2022,Quez Watkins,WR,PHI,53.0,59.0,47.0,60.0,59,59,bye,65,54,58,53,82,51,47,66.0,72.0,51.0,42.0,681,58.0
2022,Quintez Cephus,WR,DET,0.0,10.0,13.0,45.0,0,bye,0,0,0,0,0,0,0,0,0.0,0.0,0.0,0.0,49,23.0
2022,Quintin Morris,TE,BUF,0.0,41.0,32.0,25.0,68,16,bye,0,0,0,0,23,0,0,17.0,34.0,0.0,41.0,200,32.0
2022,Racey McMath,WR,TEN,0.0,0.0,0.0,0.0,0,bye,0,0,0,0,0,0,0,33,23.0,0.0,23.0,17.0,64,24.0
2022,Rachaad White,RB,TB,27.0,13.0,9.0,38.0,39,22,43,26,35,64,bye,90,41,53,39.0,36.0,50.0,18.0,469,39.0
2022,Raheem Blackshear,RB,CAR,0.0,0.0,0.0,0.0,0,0,10,9,35,12,19,5,bye,19,4.0,9.0,5.0,5.0,79,12.0
2022,Raheem Mostert,RB,MIA,42.0,55.0,56.0,72.0,69,62,71,65,47,28,bye,0,61,73,76.0,52.0,42.0,37.0,552,56.0
2022,Randall Cobb,WR,GB,61.0,29.0,40.0,34.0,63,36,0,0,0,0,56,45,50,bye,41.0,48.0,46.0,32.0,371,44.0
2022,Rashaad Penny,RB,SEA,69.0,41.0,69.0,68.0,29,0,0,0,0,0,bye,0,0,0,0.0,0.0,0.0,0.0,170,57.0
2022,Rashid Shaheed,WR,NO,0.0,0.0,0.0,0.0,0,12,14,23,10,13,49,53,61,bye,71.0,43.0,68.0,83.0,298,42.0
2022,Rashod Bateman,WR,BAL,66.0,61.0,62.0,44.0,0,0,56,17,0,bye,0,0,0,0,0.0,0.0,0.0,0.0,190,49.0
2022,Ray-Ray McCloud,WR,SF,26.0,24.0,18.0,18.0,27,33,25,57,bye,10,14,10,8,44,42.0,37.0,42.0,19.0,286,26.0
2022,Reggie Bonnafon,RB,WAS,0.0,0.0,0.0,0.0,0,0,0,0,0,0,0,0,0,bye,0.0,0.0,0.0,5.0,3,5.0
2022,Reggie Gilliam,RB,BUF,0.0,26.0,22.0,0.0,0,29,bye,0,0,0,25,9,0,0,0.0,23.0,0.0,17.0,107,21.0
2022,Rex Burkhead,RB,HOU,71.0,37.0,41.0,32.0,21,bye,35,19,22,25,0,18,0,8,19.0,16.0,19.0,15.0,251,27.0
2022,Rhamondre Stevenson,RB,NE,25.0,62.0,62.0,55.0,90,86,77,63,73,bye,78,82,98,22,66.0,91.0,57.0,49.0,699,66.0
2022,Richard Rodgers,TE,LAC,3.0,0.0,0.0,0.0,0,0,0,bye,22,22,0,0,0,0,0.0,0.0,0.0,0.0,30,15.0
2022,Richie James,WR,NYG,70.0,42.0,74.0,32.0,54,34,9,6,bye,0,22,70,52,91,79.0,83.0,79.0,0.0,524,52.0
2022,Rico Dowdle,RB,DAL,0.0,2.0,0.0,0.0,0,0,0,0,bye,0,0,0,0,0,0.0,0.0,0.0,0.0,1,2.0
2022,River Cracraft,WR,MIA,0.0,23.0,21.0,16.0,21,22,0,0,0,0,bye,33,43,0,0.0,0.0,0.0,23.0,126,25.0
2022,Robbie Anderson,WR,Multi,100.0,93.0,84.0,96.0,77,0,18,9,83,0,0,42,0,31,37.0,0.0,23.0,0.0,424,54.0
2022,Robert Tonyan,TE,GB,36.0,40.0,58.0,44.0,44,63,56,74,46,64,59,51,52,bye,52.0,58.0,62.0,62.0,591,54.0
2022,Robert Woods,WR,TEN,71.0,66.0,72.0,76.0,84,bye,75,66,63,81,76,81,93,87,81.0,95.0,74.0,85.0,809,78.0
2022,Romeo Doubs,WR,GB,57.0,37.0,89.0,96.0,86,96,89,82,1,0,0,0,0,bye,32.0,61.0,49.0,38.0,529,62.0
2022,Ronald Jones,RB,KC,0.0,0.0,0.0,0.0,0,0,0,bye,0,0,0,14,0,0,3.0,2.0,7.0,29.0,35,11.0
2022,Rondale Moore,WR,ARI,0.0,0.0,0.0,86.0,91,99,89,99,90,97,3,0,bye,0,0.0,0.0,0.0,0.0,459,82.0
2022,Ronnie Rivers,RB,LAR,0.0,0.0,0.0,0.0,0,5,bye,36,0,0,0,0,0,0,0.0,0.0,0.0,0.0,24,20.0
2022,Ross Dwelley,TE,SF,28.0,37.0,0.0,10.0,6,0,0,36,bye,0,0,0,0,0,0.0,0.0,0.0,0.0,75,24.0
2022,Royce Freeman,RB,HOU,0.0,0.0,0.0,0.0,0,bye,0,0,0,0,0,0,0,0,38.0,55.0,43.0,23.0,106,40.0
2022,Russell Gage,WR,TB,42.0,66.0,80.0,64.0,73,76,61,0,0,0,bye,0,32,33,62.0,53.0,54.0,55.0,529,58.0
2022,Russell Wilson,QB,DEN,100.0,100.0,100.0,100.0,100,100,0,100,bye,100,100,100,100,86,0.0,75.0,100.0,100.0,961,97.0
2022,Ryan Griffin,TE,CHI,53.0,27.0,0.0,0.0,26,4,15,0,0,21,12,0,0,bye,25.0,27.0,15.0,0.0,130,22.0
2022,Ryan Tannehill,QB,TEN,100.0,70.0,100.0,100.0,100,bye,98,0,0,98,100,100,82,100,84.0,0.0,0.0,0.0,686,95.0
2022,Salvon Ahmed,RB,MIA,0.0,0.0,0.0,0.0,0,0,0,4,0,10,bye,0,0,10,24.0,0.0,3.0,6.0,35,9.0
2022,Sam Darnold,QB,CAR,0.0,0.0,0.0,0.0,0,0,0,0,0,0,0,100,bye,100,100.0,100.0,100.0,100.0,377,100.0
2022,Sam Ehlinger,QB,IND,0.0,0.0,0.0,0.0,0,0,0,100,100,0,0,0,0,bye,0.0,0.0,50.0,100.0,222,88.0
2022,Sam Howell,QB,WAS,0.0,0.0,0.0,0.0,0,0,0,0,0,0,0,0,0,bye,0.0,0.0,0.0,100.0,66,100.0
2022,Samaje Perine,RB,CIN,26.0,20.0,34.0,19.0,30,25,29,25,36,bye,70,80,83,43,38.0,41.0,0.0,45.0,448,40.0
2022,Sammy Watkins,WR,Multi,67.0,65.0,0.0,0.0,0,0,52,79,81,33,36,0,0,0,0.0,33.0,0.0,50.0,324,56.0
2022,Samori Toure,WR,GB,0.0,0.0,0.0,0.0,0,0,35,21,38,0,0,0,18,bye,0.0,0.0,0.0,0.0,73,28.0
2022,Saquon Barkley,RB,NYG,83.0,84.0,92.0,94.0,69,88,81,80,bye,80,76,73,88,31,86.0,91.0,79.0,0.0,856,80.0
2022,Scotty Miller,WR,TB,0.0,43.0,80.0,0.0,46,3,12,29,42,19,bye,0,19,14,0.0,5.0,0.0,38.0,247,28.0
2022,Sean McKeon,TE,DAL,0.0,0.0,0.0,0.0,0,13,0,0,bye,11,0,0,15,0,0.0,0.0,0.0,0.0,28,13.0
2022,Shane Zylstra,TE,DET,0.0,0.0,4.0,0.0,0,bye,0,0,26,26,0,0,30,33,37.0,44.0,39.0,35.0,185,30.0
2022,Shi Smith,WR,CAR,77.0,71.0,36.0,75.0,62,55,50,48,80,24,60,0,bye,33,46.0,21.0,47.0,51.0,482,51.0
2022,Simi Fehoko,WR,DAL,23.0,10.0,5.0,0.0,0,0,0,0,bye,0,0,0,0,0,0.0,0.0,0.0,0.0,25,13.0
2022,Skylar Thompson,QB,MIA,0.0,0.0,0.0,0.0,99,31,0,0,0,10,bye,28,2,0,0.0,0.0,38.0,100.0,211,45.0
2022,Skyy Moore,WR,KC,19.0,4.0,13.0,28.0,35,30,22,bye,26,25,42,46,42,40,38.0,21.0,25.0,0.0,313,29.0
2022,Snoop Conner,RB,JAC,0.0,0.0,0.0,0.0,0,0,0,0,0,0,bye,16,7,0,4.0,8.0,17.0,0.0,34,10.0
2022,Sony Michel,RB,LAC,24.0,12.0,23.0,24.0,3,32,18,bye,16,14,8,0,0,0,0.0,0.0,0.0,0.0,125,18.0
2022,Spencer Brown,RB,CAR,0.0,0.0,0.0,0.0,0,0,0,22,27,0,0,0,bye,0,0.0,0.0,0.0,0.0,31,24.0
2022,Stanley Berryhill,WR,DET,0.0,0.0,0.0,0.0,0,bye,0,0,0,3,0,0,0,0,0.0,0.0,0.0,0.0,2,3.0
2022,Stanley Morgan,WR,CIN,5.0,0.0,9.0,0.0,13,0,0,0,14,bye,12,7,8,7,15.0,0.0,0.0,0.0,63,10.0
2022,Stefon Diggs,WR,BUF,64.0,66.0,70.0,95.0,77,88,bye,80,74,92,66,78,73,78,86.0,67.0,0.0,76.0,836,77.0
2022,Stephen Anderson,TE,ARI,14.0,22.0,7.0,4.0,0,0,9,0,0,37,14,0,bye,19,0.0,12.0,0.0,0.0,101,15.0
2022,Stephen Sullivan,TE,CAR,0.0,7.0,0.0,2.0,0,9,0,11,0,0,0,0,bye,25,28.0,22.0,18.0,0.0,76,16.0
2022,Sterling Shepard,WR,NYG,72.0,88.0,81.0,0.0,0,0,0,0,bye,0,0,0,0,0,0.0,0.0,0.0,0.0,165,80.0
2022,Steven Sims,WR,PIT,0.0,0.0,0.0,0.0,4,9,0,14,bye,38,44,35,38,49,43.0,49.0,41.0,45.0,284,34.0
2022,Stone Smartt,TE,LAC,0.0,0.0,0.0,0.0,0,0,0,bye,0,0,29,0,21,5,0.0,0.0,0.0,0.0,39,18.0
2022,TJ Hockenson,TE,Multi,91.0,89.0,76.0,88.0,85,0,83,87,91,93,77,80,90,95,94.0,90.0,81.0,46.0,987,85.0
2022,TY Hilton,WR,DAL,0.0,0.0,0.0,0.0,0,0,0,0,bye,0,0,0,0,0,0.0,16.0,28.0,39.0,60,27.0
2022,Tanner Conner,WR,MIA,0.0,0.0,0.0,0.0,10,10,0,0,0,0,bye,0,0,0,0.0,0.0,0.0,0.0,15,10.0
2022,Tanner Gentry,WR,BUF,0.0,0.0,0.0,0.0,20,0,bye,0,0,0,0,0,0,0,0.0,0.0,0.0,0.0,11,20.0
2022,Tanner Hudson,TE,NYG,0.0,37.0,0.0,57.0,0,0,39,72,bye,16,0,22,0,0,0.0,0.0,0.0,0.0,166,40.0
2022,Taylor Heinicke,QB,WAS,0.0,0.0,0.0,0.0,0,0,100,100,100,100,100,100,100,bye,100.0,74.0,0.0,0.0,614,97.0
2022,Taysom Hill,TE,NO,26.0,9.0,0.0,20.0,30,21,25,36,33,40,42,49,46,bye,44.0,46.0,45.0,30.0,326,33.0
2022,Teagan Quitoriano,TE,HOU,0.0,0.0,0.0,0.0,0,bye,0,0,30,0,66,59,71,0,81.0,27.0,0.0,66.0,249,57.0
2022,Teddy Bridgewater,QB,MIA,0.0,0.0,7.0,61.0,1,69,0,0,0,0,bye,0,0,0,0.0,0.0,62.0,0.0,141,44.0
2022,Tee Higgins,WR,CIN,26.0,89.0,68.0,77.0,0,86,84,98,62,bye,79,83,93,0,80.0,88.0,0.0,85.0,746,76.0
2022,Terrace Marshall,WR,CAR,0.0,0.0,0.0,0.0,38,45,86,92,92,89,93,62,bye,85,89.0,93.0,88.0,93.0,639,81.0
2022,Terry McLaurin,WR,WAS,90.0,89.0,88.0,95.0,98,98,95,95,100,86,72,82,91,bye,92.0,93.0,81.0,76.0,1063,89.0
2022,Tevin Coleman,RB,SF,0.0,0.0,0.0,0.0,28,20,0,0,bye,0,0,0,0,0,0.0,0.0,0.0,0.0,31,24.0
2022,Tim Boyle,QB,CHI,0.0,0.0,0.0,0.0,0,0,0,0,0,0,0,0,0,bye,0.0,0.0,0.0,25.0,13,25.0
2022,Tim Jones,WR,JAC,0.0,0.0,5.0,55.0,0,43,13,0,0,0,bye,8,20,0,0.0,26.0,0.0,0.0,101,22.0
2022,Tom Brady,QB,TB,100.0,100.0,100.0,100.0,100,100,100,100,100,100,bye,100,100,100,100.0,100.0,100.0,56.0,1192,98.0
2022,Tom Kennedy,WR,DET,0.0,0.0,0.0,81.0,53,bye,51,0,66,61,28,6,0,0,0.0,0.0,0.0,0.0,227,49.0
2022,Tommy Sweeney,TE,BUF,0.0,0.0,0.0,0.0,0,11,bye,0,0,0,0,0,29,0,0.0,0.0,0.0,0.0,30,20.0
2022,Tommy Tremble,TE,CAR,34.0,0.0,39.0,42.0,57,0,64,57,55,59,37,74,bye,40,52.0,57.0,58.0,49.0,476,52.0
2022,Tony Jones,RB,Multi,0.0,50.0,0.0,0.0,0,0,0,0,0,0,0,0,34,9,0.0,0.0,0.0,0.0,62,33.0
2022,Tony Pollard,RB,DAL,55.0,39.0,44.0,39.0,42,40,65,53,bye,87,54,59,41,58,55.0,53.0,0.0,43.0,569,53.0
2022,Trace McSorley,QB,ARI,12.0,0.0,0.0,0.0,0,0,0,0,0,0,21,0,bye,0,46.0,100.0,0.0,33.0,146,44.0
2022,Travis Etienne,RB,JAC,51.0,37.0,43.0,51.0,53,46,80,79,81,78,bye,8,88,75,73.0,71.0,38.0,55.0,669,59.0
2022,Travis Homer,RB,SEA,35.0,45.0,3.0,0.0,0,0,0,22,29,15,bye,20,0,91,25.0,1.0,0.0,0.0,165,26.0
2022,Travis Kelce,TE,KC,64.0,89.0,89.0,81.0,78,78,78,bye,83,73,78,83,82,81,75.0,81.0,87.0,73.0,914,80.0
2022,Trayveon Williams,RB,CIN,0.0,0.0,0.0,0.0,0,0,0,0,0,bye,12,20,15,3,0.0,1.0,0.0,0.0,36,10.0
2022,Tre' McKitty,TE,LAC,60.0,0.0,31.0,53.0,51,42,34,bye,0,78,0,39,33,51,0.0,46.0,47.0,34.0,416,46.0
2022,Tre'Quan Smith,WR,NO,0.0,0.0,61.0,23.0,68,71,61,59,71,15,0,26,0,bye,0.0,0.0,0.0,32.0,318,51.0
2022,Trent Sherfield,WR,MIA,35.0,35.0,63.0,63.0,66,67,56,59,65,65,bye,61,65,61,54.0,44.0,59.0,0.0,569,57.0
2022,Trent Taylor,WR,CIN,14.0,0.0,3.0,3.0,2,5,19,13,35,bye,15,16,7,78,2.0,1.0,0.0,0.0,148,15.0
2022,Trenton Irwin,WR,CIN,0.0,0.0,0.0,0.0,0,0,0,43,49,bye,70,74,12,84,24.0,45.0,0.0,18.0,287,46.0
2022,Trestan Ebner,RB,CHI,7.0,0.0,24.0,23.0,0,0,11,4,0,0,22,0,2,bye,8.0,0.0,10.0,16.0,78,13.0
2022,Trevon Wesco,TE,CHI,0.0,0.0,0.0,26.0,0,0,0,32,24,25,0,23,0,bye,0.0,0.0,17.0,0.0,96,25.0
2022,Trevor Lawrence,QB,JAC,100.0,100.0,99.0,100.0,100,100,100,100,100,100,bye,100,93,100,100.0,96.0,70.0,100.0,1096,97.0
2022,Trevor Siemian,QB,CHI,0.0,0.0,0.0,0.0,0,0,0,4,0,0,0,100,0,bye,0.0,0.0,0.0,0.0,60,44.0
2022,Trey Lance,QB,SF,100.0,21.0,0.0,0.0,0,0,0,0,bye,0,0,0,0,0,0.0,0.0,0.0,0.0,84,58.0
2022,Trey McBride,TE,ARI,0.0,0.0,0.0,42.0,0,28,52,26,0,91,76,79,bye,73,86.0,84.0,96.0,83.0,563,67.0
2022,Trey Sermon,RB,PHI,0.0,0.0,0.0,6.0,0,0,bye,0,0,0,0,0,0,0,0.0,0.0,0.0,0.0,5,6.0
2022,Treylon Burks,WR,TEN,37.0,45.0,69.0,65.0,0,bye,0,0,0,56,50,67,18,0,0.0,82.0,72.0,75.0,393,58.0
2022,Trinity Benson,WR,DET,0.0,0.0,0.0,0.0,0,bye,0,0,0,21,0,0,0,0,0.0,0.0,0.0,0.0,13,21.0
2022,Tua Tagovailoa,QB,MIA,100.0,100.0,93.0,39.0,0,0,100,100,100,90,bye,72,98,100,100.0,100.0,0.0,0.0,705,91.0
2022,Tutu Atwell,WR,LAR,10.0,0.0,6.0,0.0,14,3,bye,0,0,0,11,52,47,61,84.0,69.0,84.0,93.0,306,43.0
2022,Ty Chandler,RB,MIN,0.0,0.0,0.0,0.0,0,0,bye,0,0,0,0,0,0,0,0.0,0.0,0.0,17.0,12,17.0
2022,Ty Johnson,RB,NYJ,0.0,19.0,0.0,0.0,0,0,17,32,12,bye,28,24,33,0,0.0,20.0,47.0,38.0,172,27.0
2022,Ty Montgomery,RB,NE,37.0,0.0,0.0,0.0,0,0,0,0,0,bye,0,0,0,0,0.0,0.0,0.0,0.0,21,37.0
2022,Ty'Son Williams,RB,ARI,0.0,0.0,0.0,0.0,0,0,0,0,0,0,0,0,bye,0,0.0,0.0,0.0,4.0,2,4.0
2022,Tylan Wallace,WR,BAL,11.0,15.0,0.0,0.0,20,22,0,0,0,bye,3,0,0,0,0.0,0.0,0.0,24.0,62,16.0
2022,Tyler Allgeier,RB,ATL,0.0,31.0,37.0,44.0,59,57,62,60,38,48,55,39,52,bye,49.0,59.0,55.0,69.0,497,51.0
2022,Tyler Badie,RB,DEN,0.0,0.0,0.0,0.0,0,0,0,0,bye,0,0,0,0,0,0.0,0.0,0.0,14.0,9,14.0
2022,Tyler Boyd,WR,CIN,80.0,81.0,68.0,72.0,97,96,75,96,66,bye,82,76,86,3,61.0,51.0,0.0,73.0,797,72.0
2022,Tyler Conklin,TE,NYJ,92.0,100.0,79.0,81.0,68,67,75,75,72,bye,74,79,72,72,75.0,71.0,61.0,96.0,861,77.0
2022,Tyler Davis,TE,GB,25.0,31.0,31.0,29.0,13,0,20,0,0,0,0,18,0,bye,15.0,21.0,16.0,13.0,147,21.0
2022,Tyler Higbee,TE,LAR,94.0,97.0,94.0,93.0,97,78,bye,69,79,80,92,0,84,95,89.0,91.0,90.0,89.0,856,88.0
2022,Tyler Huntley,QB,BAL,0.0,0.0,0.0,0.0,0,0,0,0,0,bye,0,0,86,62,100.0,100.0,100.0,0.0,267,89.0
2022,Tyler Kroft,TE,SF,54.0,0.0,0.0,0.0,0,0,0,34,bye,0,0,0,27,25,22.0,38.0,0.0,0.0,128,33.0
2022,Tyler Lockett,WR,SEA,80.0,92.0,82.0,78.0,96,81,65,69,74,90,bye,88,88,93,89.0,0.0,32.0,79.0,799,79.0
2022,Tyler Mabry,TE,SEA,0.0,0.0,0.0,0.0,0,0,0,0,0,0,bye,0,0,0,0.0,0.0,4.0,0.0,3,4.0
2022,Tyquan Thornton,WR,NE,0.0,0.0,0.0,0.0,42,57,85,78,67,bye,27,0,39,88,92.0,93.0,93.0,54.0,507,68.0
2022,Tyree Jackson,TE,PHI,0.0,0.0,0.0,0.0,0,0,bye,0,0,0,13,0,0,0,4.0,0.0,0.0,0.0,12,9.0
2022,Tyreek Hill,WR,MIA,67.0,76.0,86.0,94.0,64,77,89,72,79,71,bye,59,85,67,83.0,80.0,82.0,66.0,800,76.0
2022,Tyrie Cleveland,WR,DEN,12.0,43.0,0.0,0.0,14,0,0,0,bye,34,0,0,0,0,0.0,0.0,0.0,0.0,76,26.0
2022,Tyrion Davis-Price,RB,SF,0.0,39.0,0.0,0.0,0,0,16,0,bye,0,0,0,0,0,0.0,25.0,7.0,13.0,69,21.0
2022,Tyrod Taylor,QB,NYG,0.0,0.0,0.0,18.0,0,0,0,0,bye,0,0,0,0,19,0.0,0.0,0.0,0.0,24,19.0
2022,Tyron Johnson,WR,Multi,0.0,0.0,0.0,1.0,0,0,0,0,42,0,0,0,0,0,0.0,0.0,0.0,0.0,26,19.0
2022,Van Jefferson,WR,LAR,0.0,0.0,0.0,0.0,0,0,bye,0,35,28,73,87,100,97,98.0,94.0,94.0,97.0,467,80.0
2022,Velus Jones,WR,CHI,0.0,0.0,0.0,0.0,6,17,0,19,0,0,12,21,23,bye,68.0,46.0,10.0,20.0,146,24.0
2022,Wan'Dale Robinson,WR,NYG,15.0,0.0,0.0,0.0,0,23,69,69,bye,75,72,0,0,0,0.0,0.0,0.0,0.0,229,56.0
2022,Will Dissly,TE,SEA,67.0,47.0,61.0,73.0,63,65,76,78,59,42,bye,74,52,39,58.0,37.0,0.0,0.0,569,60.0
2022,Zach Ertz,TE,ARI,60.0,84.0,93.0,82.0,93,96,80,88,97,13,0,0,bye,0,0.0,0.0,0.0,0.0,575,79.0
2022,Zach Gentry,TE,PIT,30.0,0.0,0.0,61.0,64,66,45,38,bye,51,41,52,74,45,62.0,43.0,0.0,58.0,506,52.0
2022,Zach Pascal,WR,PHI,22.0,42.0,43.0,24.0,0,13,bye,40,31,42,43,11,38,28,25.0,17.0,36.0,0.0,306,30.0
2022,Zach Wilson,QB,NYJ,0.0,0.0,0.0,100.0,100,100,100,100,100,bye,100,0,0,0,100.0,49.0,0.0,0.0,504,94.0
2022,Zack Moss,RB,Multi,37.0,19.0,17.0,9.0,29,0,0,0,0,2,6,2,7,0,67.0,69.0,59.0,58.0,249,29.0
2022,Zamir White,RB,LV,0.0,9.0,0.0,4.0,5,bye,9,0,2,3,0,4,7,5,4.0,0.0,0.0,3.0,35,5.0
2022,Zander Horvath,RB,LAC,22.0,11.0,5.0,11.0,14,18,0,bye,0,9,12,0,0,0,0.0,0.0,0.0,0.0,74,13.0
2022,Zay Jones,WR,JAC,83.0,68.0,76.0,0.0,80,98,99,99,94,94,bye,90,82,78,96.0,79.0,78.0,94.0,930,86.0
2022,Zonovan Knight,RB,NYJ,0.0,0.0,0.0,0.0,0,0,0,0,0,bye,0,48,55,47,48.0,41.0,21.0,30.0,198,42.0
2023,AJ Brown,WR,PHI,91.0,96.0,83.0,96.0,99,96,82,98,97,bye,95,94,86,93,96.0,97.0,94.0,18.0,1019,89.0
2023,AT Perry,WR,NO,0.0,0.0,0.0,0.0,0,0,0,12,25,84,bye,74,61,62,42.0,60.0,46.0,64.0,343,53.0
2023,AJ Dillon,RB,GB,48.0,68.0,52.0,67.0,64,bye,56,51,40,50,72,52,62,53,0.0,18.0,16.0,0.0,494,51.0
2023,AJ McCarron,QB,CIN,0.0,0.0,0.0,0.0,0,0,bye,0,0,0,0,0,0,8,0.0,0.0,0.0,19.0,17,14.0
2023,Aaron Jones,RB,GB,47.0,0.0,0.0,35.0,0,bye,36,51,57,56,21,0,0,0,48.0,52.0,57.0,82.0,354,49.0
2023,Aaron Rodgers,QB,NYJ,7.0,0.0,0.0,0.0,0,0,bye,0,0,0,0,0,0,0,0.0,0.0,0.0,0.0,4,7.0
2023,Adam Prentice,RB,NO,17.0,23.0,18.0,14.0,11,0,0,0,0,1,bye,11,13,19,16.0,8.0,21.0,15.0,125,15.0
2023,Adam Thielen,WR,CAR,88.0,87.0,92.0,90.0,97,81,bye,97,100,100,90,89,89,81,95.0,88.0,93.0,92.0,1046,91.0
2023,Adam Trautman,TE,DEN,72.0,82.0,87.0,88.0,90,69,73,82,bye,64,78,91,63,69,47.0,49.0,49.0,51.0,755,70.0
2023,Aidan O'Connell,QB,LV,0.0,0.0,0.0,100.0,0,0,22,0,100,100,100,100,bye,100,100.0,100.0,100.0,95.0,641,92.0
2023,Albert Okwuegbunam,TE,PHI,0.0,0.0,0.0,0.0,0,0,0,0,10,bye,18,14,44,0,0.0,0.0,0.0,0.0,57,22.0
2023,Alec Ingold,RB,MIA,45.0,60.0,34.0,31.0,35,42,24,32,43,bye,49,29,33,40,31.0,43.0,32.0,33.0,413,38.0
2023,Alec Pierce,WR,IND,92.0,100.0,96.0,91.0,98,74,100,94,100,96,bye,95,99,91,97.0,100.0,98.0,97.0,1090,95.0
2023,Alex Armah,RB,WAS,0.0,0.0,0.0,0.0,0,0,0,8,13,10,0,0,0,bye,13.0,7.0,11.0,16.0,47,11.0
2023,Alex Erickson,WR,LAC,0.0,0.0,0.0,0.0,bye,0,0,0,0,0,78,52,13,66,55.0,53.0,94.0,69.0,329,61.0
2023,Alexander Mattison,RB,MIN,73.0,76.0,80.0,69.0,51,79,53,61,56,45,65,56,bye,32,0.0,9.0,40.0,32.0,579,55.0
2023,Allen Lazard,WR,NYJ,78.0,94.0,97.0,86.0,92,77,bye,81,89,89,65,0,47,72,90.0,27.0,0.0,0.0,685,76.0
2023,Allen Robinson,WR,PIT,89.0,87.0,81.0,85.0,86,bye,64,69,72,77,78,63,54,59,62.0,68.0,67.0,68.0,771,72.0
2023,Alvin Kamara,RB,NO,0.0,0.0,0.0,75.0,62,80,73,58,49,76,bye,64,58,54,52.0,73.0,33.0,0.0,558,63.0
2023,Amari Cooper,WR,CLE,62.0,72.0,80.0,81.0,bye,84,88,81,79,92,89,74,32,84,94.0,79.0,0.0,0.0,883,78.0
2023,Amari Rodgers,WR,IND,0.0,0.0,0.0,6.0,2,26,0,0,0,0,bye,0,0,0,0.0,0.0,0.0,0.0,25,12.0
2023,Ameer Abdullah,RB,LV,12.0,15.0,17.0,21.0,17,13,15,22,13,16,23,21,bye,28,27.0,22.0,40.0,27.0,216,21.0
2023,Amon-Ra St Brown,WR,DET,94.0,74.0,94.0,88.0,0,91,97,92,bye,92,92,92,79,88,92.0,99.0,100.0,72.0,1010,90.0
2023,Andre Baccellia,WR,ARI,0.0,0.0,0.0,0.0,0,0,0,3,6,0,8,11,46,bye,0.0,0.0,0.0,0.0,49,15.0
2023,Andrei Iosivas,WR,CIN,2.0,3.0,10.0,19.0,32,15,bye,16,13,28,0,33,10,17,26.0,72.0,27.0,92.0,266,26.0
2023,Andrew Beck,TE,HOU,19.0,20.0,50.0,48.0,50,44,bye,38,38,0,31,25,40,27,21.0,17.0,0.0,27.0,322,32.0
2023,Andy Dalton,QB,CAR,0.0,2.0,100.0,0.0,1,0,bye,0,0,0,0,0,0,0,0.0,0.0,0.0,0.0,81,39.0
2023,Andy Isabella,WR,BUF,0.0,0.0,0.0,0.0,0,0,0,0,0,0,0,2,bye,0,0.0,0.0,0.0,0.0,2,2.0
2023,Anthony Firkser,TE,DET,0.0,0.0,0.0,0.0,0,0,0,0,bye,0,0,0,0,0,0.0,3.0,0.0,0.0,2,3.0
2023,Anthony McFarland,RB,PIT,8.0,0.0,0.0,0.0,0,bye,0,0,0,2,0,0,0,0,0.0,0.0,0.0,0.0,6,5.0
2023,Anthony Richardson,QB,IND,96.0,32.0,0.0,100.0,33,0,0,0,0,0,bye,0,0,0,0.0,0.0,0.0,0.0,173,67.0
2023,Antoine Green,WR,DET,0.0,11.0,20.0,20.0,18,6,44,6,bye,11,0,0,0,0,0.0,0.0,0.0,18.0,106,17.0
2023,Antonio Gibson,RB,WAS,35.0,48.0,61.0,38.0,54,39,38,51,44,48,0,46,56,bye,45.0,44.0,43.0,51.0,473,46.0
2023,Austin Ekeler,RB,LAC,51.0,0.0,0.0,0.0,bye,68,63,67,67,69,71,80,57,72,40.0,64.0,72.0,76.0,630,66.0
2023,Austin Hooper,TE,LV,53.0,43.0,76.0,51.0,56,34,34,22,48,42,48,41,bye,37,41.0,89.0,85.0,86.0,557,53.0
2023,Austin Trammell,WR,LAR,0.0,1.0,0.0,0.0,2,7,3,3,5,bye,69,4,2,3,1.0,0.0,2.0,9.0,73,8.0
2023,Bailey Zappe,QB,NE,0.0,0.0,0.0,27.0,28,0,0,0,0,12,bye,49,100,100,100.0,100.0,100.0,100.0,413,70.0
2023,Baker Mayfield,QB,TB,100.0,100.0,100.0,100.0,bye,100,100,100,100,98,100,97,100,100,100.0,100.0,100.0,100.0,1100,100.0
2023,Ben Mason,RB,BAL,0.0,0.0,0.0,0.0,0,0,0,0,0,0,0,0,bye,0,0.0,0.0,0.0,2.0,1,2.0
2023,Ben Sims,TE,GB,15.0,10.0,4.0,11.0,16,bye,6,7,7,0,22,25,31,15,17.0,30.0,55.0,20.0,189,18.0
2023,Ben Skowronek,WR,LAR,26.0,25.0,22.0,27.0,11,5,19,8,26,bye,13,21,38,8,4.0,1.0,2.0,61.0,216,19.0
2023,Bijan Robinson,RB,ATL,63.0,72.0,81.0,76.0,61,77,17,74,61,75,bye,63,75,78,58.0,75.0,76.0,74.0,771,68.0
2023,Blaine Gabbert,QB,KC,0.0,0.0,27.0,0.0,0,0,0,0,0,bye,0,0,0,0,0.0,0.0,0.0,100.0,79,59.0
2023,Blake Bell,TE,KC,40.0,22.0,29.0,23.0,30,20,25,5,27,bye,4,22,13,9,15.0,12.0,20.0,71.0,251,22.0
2023,Blake Whiteheart,TE,ARI,0.0,0.0,0.0,0.0,0,0,0,0,0,0,0,0,0,bye,0.0,3.0,0.0,0.0,2,3.0
2023,Bo Melton,WR,GB,0.0,0.0,0.0,0.0,0,bye,0,0,0,0,0,4,0,0,30.0,38.0,66.0,75.0,139,44.0
2023,Boston Scott,RB,PHI,12.0,13.0,0.0,0.0,0,7,0,2,0,bye,12,8,8,5,1.0,3.0,0.0,31.0,68,9.0
2023,Brady Russell,TE,SEA,0.0,0.0,7.0,0.0,bye,0,3,2,0,0,3,0,0,0,2.0,0.0,0.0,9.0,16,4.0
2023,Brandin Cooks,WR,DAL,59.0,0.0,80.0,70.0,65,78,bye,62,77,53,72,80,90,77,74.0,79.0,78.0,79.0,809,74.0
2023,Brandon Aiyuk,WR,SF,85.0,53.0,0.0,76.0,79,98,98,92,bye,68,88,89,86,91,82.0,94.0,87.0,38.0,803,82.0
2023,Brandon Bolden,RB,LV,0.0,0.0,0.0,0.0,0,0,0,0,0,0,0,0,bye,0,3.0,2.0,3.0,0.0,5,3.0
2023,Brandon Johnson,WR,DEN,50.0,45.0,60.0,35.0,51,31,37,0,bye,0,0,0,15,16,6.0,68.0,84.0,46.0,343,43.0
2023,Brandon Powell,WR,MIN,0.0,0.0,5.0,2.0,31,60,61,53,69,67,59,65,bye,50,3.0,51.0,17.0,12.0,407,41.0
2023,Braxton Berrios,WR,MIA,52.0,33.0,51.0,49.0,37,30,59,53,27,bye,0,54,41,46,39.0,46.0,43.0,46.0,456,44.0
2023,Brayden Willis,TE,SF,0.0,0.0,6.0,2.0,0,0,0,0,bye,0,0,0,0,7,11.0,1.0,9.0,41.0,48,11.0
2023,Breece Hall,RB,NYJ,31.0,34.0,49.0,44.0,52,66,bye,64,60,70,63,66,68,62,40.0,77.0,71.0,89.0,667,61.0
2023,Brenton Strange,TE,JAC,39.0,25.0,29.0,36.0,27,53,23,41,bye,25,38,32,0,0,0.0,17.0,48.0,17.0,307,32.0
2023,Brett Rypien,QB,LAR,0.0,0.0,0.0,0.0,0,0,0,32,100,bye,0,0,0,0,0.0,0.0,0.0,0.0,78,65.0
2023,Brevin Jordan,TE,HOU,0.0,18.0,18.0,20.0,3,19,bye,0,0,0,22,43,75,75,25.0,25.0,51.0,48.0,283,33.0
2023,Brian Hoyer,QB,LV,3.0,0.0,0.0,0.0,0,39,78,0,0,0,0,0,bye,0,0.0,0.0,0.0,0.0,80,41.0
2023,Brian Robinson,RB,WAS,61.0,52.0,37.0,55.0,36,53,49,49,56,51,78,45,22,bye,0.0,0.0,54.0,43.0,496,50.0
2023,Britain Covey,WR,PHI,0.0,0.0,5.0,8.0,0,3,10,0,0,bye,2,0,0,4,0.0,1.0,0.0,54.0,58,11.0
2023,Brock Purdy,QB,SF,97.0,100.0,95.0,98.0,85,100,100,100,bye,79,100,100,93,100,82.0,73.0,93.0,0.0,936,93.0
2023,Brock Wright,TE,DET,39.0,39.0,41.0,59.0,62,61,35,53,bye,52,39,33,40,37,18.0,0.0,0.0,0.0,423,43.0
2023,Bryce Young,QB,CAR,100.0,98.0,0.0,100.0,99,100,bye,100,100,100,100,100,100,100,100.0,100.0,100.0,100.0,1068,100.0
2023,Brycen Hopkins,TE,LAR,28.0,11.0,4.0,10.0,9,2,3,8,19,bye,4,0,0,5,3.0,3.0,2.0,27.0,96,9.0
2023,Byron Pringle,WR,WAS,0.0,18.0,11.0,23.0,16,8,6,10,23,16,26,22,29,bye,13.0,18.0,22.0,18.0,183,18.0
2023,CJ Beathard,QB,JAC,0.0,0.0,7.0,0.0,0,5,0,0,bye,5,11,0,23,0,0.0,32.0,90.0,0.0,113,24.0
2023,CJ Ham,RB,MIN,34.0,22.0,10.0,10.0,25,28,16,26,17,14,14,20,bye,11,16.0,31.0,8.0,27.0,216,19.0
2023,CJ Stroud,QB,HOU,100.0,100.0,100.0,100.0,100,100,bye,100,100,100,99,100,97,86,0.0,0.0,95.0,100.0,968,99.0
2023,CJ Uzomah,TE,NYJ,56.0,32.0,44.0,36.0,45,37,bye,47,35,35,11,5,3,0,0.0,0.0,0.0,0.0,239,32.0
2023,Cade Otton,TE,TB,97.0,97.0,91.0,100.0,bye,96,96,97,100,95,96,100,98,97,90.0,97.0,95.0,94.0,1064,96.0
2023,Calvin Austin,WR,PIT,56.0,76.0,73.0,90.0,56,bye,12,27,26,20,17,25,15,29,16.0,19.0,19.0,27.0,374,35.0
2023,Calvin Ridley,WR,JAC,81.0,79.0,82.0,80.0,85,80,88,86,bye,91,80,93,86,95,92.0,92.0,71.0,85.0,993,85.0
2023,Cam Akers,RB,Multi,35.0,0.0,0.0,29.0,29,16,39,24,31,0,0,0,0,0,0.0,0.0,0.0,0.0,139,29.0
2023,Carson Wentz,QB,LAR,0.0,0.0,0.0,0.0,0,0,0,0,0,bye,0,4,0,0,0.0,0.0,0.0,100.0,70,52.0
2023,Case Keenum,QB,HOU,0.0,0.0,0.0,0.0,0,0,bye,0,0,0,0,0,0,0,99.0,49.0,0.0,0.0,113,74.0
2023,Cedric Tillman,WR,CLE,15.0,10.0,15.0,20.0,bye,0,0,0,74,85,88,89,93,61,72.0,73.0,95.0,64.0,609,60.0
2023,Cedrick Wilson,WR,MIA,0.0,0.0,47.0,35.0,54,37,59,30,65,bye,64,39,54,56,77.0,62.0,86.0,96.0,545,56.0
2023,CeeDee Lamb,WR,DAL,79.0,72.0,83.0,63.0,69,84,bye,82,93,77,79,93,92,89,100.0,88.0,95.0,85.0,991,84.0
2023,Charlie Jones,WR,CIN,0.0,0.0,4.0,0.0,0,0,bye,0,0,0,2,9,1,5,6.0,11.0,0.0,33.0,44,9.0
2023,Charlie Kolar,TE,BAL,20.0,0.0,0.0,3.0,0,8,18,22,22,13,18,27,bye,22,36.0,29.0,49.0,70.0,230,25.0
2023,Charlie Woerner,TE,SF,31.0,16.0,33.0,13.0,31,8,40,19,bye,39,37,27,20,41,20.0,23.0,24.0,77.0,312,29.0
2023,Chase Brown,RB,CIN,0.0,2.0,1.0,2.0,1,7,bye,0,0,0,0,0,15,30,19.0,22.0,15.0,28.0,93,13.0
2023,Chase Claypool,WR,Multi,78.0,79.0,86.0,0.0,0,0,8,14,22,0,0,0,0,0,8.0,5.0,14.0,8.0,195,32.0
2023,Chase Edmonds,RB,TB,12.0,4.0,0.0,0.0,bye,0,0,12,12,28,21,12,15,18,19.0,32.0,27.0,26.0,156,18.0
2023,Chig Okonkwo,TE,TEN,83.0,69.0,81.0,65.0,58,73,bye,72,73,54,40,53,59,68,63.0,71.0,75.0,56.0,692,66.0
2023,Chris Blair,WR,ATL,0.0,0.0,0.0,0.0,0,0,0,0,0,0,bye,15,0,0,0.0,0.0,0.0,0.0,9,15.0
2023,Chris Brooks,RB,MIA,0.0,0.0,18.0,0.0,13,16,0,0,0,bye,0,0,0,0,0.0,0.0,7.0,0.0,36,14.0
2023,Chris Conley,WR,SF,0.0,0.0,11.0,0.0,0,0,2,0,bye,0,0,0,15,15,11.0,17.0,31.0,70.0,110,22.0
2023,Chris Evans,RB,CIN,13.0,0.0,0.0,0.0,4,4,bye,6,7,3,2,0,0,0,0.0,0.0,0.0,0.0,24,5.0
2023,Chris Godwin,WR,TB,85.0,75.0,87.0,75.0,bye,84,70,85,88,77,80,83,84,84,81.0,80.0,86.0,77.0,892,81.0
2023,Chris Manhertz,TE,DEN,39.0,32.0,21.0,44.0,24,46,31,55,bye,40,33,40,42,34,25.0,35.0,41.0,0.0,367,36.0
2023,Chris Moore,WR,TEN,14.0,46.0,38.0,79.0,62,36,bye,41,42,83,75,66,69,44,60.0,74.0,76.0,64.0,596,57.0
2023,Chris Olave,WR,NO,78.0,79.0,80.0,82.0,79,88,81,74,71,81,bye,47,61,65,0.0,75.0,67.0,73.0,814,74.0
2023,Chris Rodriguez,RB,WAS,4.0,3.0,2.0,0.0,0,12,13,0,0,0,20,5,22,bye,33.0,39.0,0.0,0.0,97,15.0
2023,Christian Kirk,WR,JAC,60.0,81.0,86.0,79.0,83,70,80,66,bye,89,76,76,1,0,0.0,0.0,0.0,0.0,585,71.0
2023,Christian McCaffrey,RB,SF,85.0,100.0,61.0,85.0,73,58,100,97,bye,76,87,77,88,89,77.0,100.0,54.0,0.0,812,81.0
2023,Christian Watson,WR,GB,0.0,0.0,0.0,46.0,84,bye,88,82,78,75,78,88,73,0,0.0,0.0,0.0,0.0,446,77.0
2023,Chuba Hubbard,RB,CAR,36.0,37.0,34.0,54.0,48,77,bye,67,65,50,49,64,65,78,73.0,64.0,70.0,81.0,679,59.0
2023,Clayton Tune,QB,ARI,0.0,0.0,0.0,0.0,0,0,0,0,100,3,0,1,0,bye,3.0,0.0,1.0,3.0,60,15.0
2023,Clyde Edwards-Helaire,RB,KC,22.0,16.0,30.0,9.0,14,13,10,3,0,bye,5,20,25,48,62.0,39.0,0.0,19.0,227,22.0
2023,Cody Thompson,WR,SEA,4.0,1.0,9.0,11.0,bye,5,5,0,0,0,0,0,0,0,0.0,0.0,0.0,0.0,23,6.0
2023,Colby Parkinson,TE,SEA,43.0,50.0,71.0,58.0,bye,45,53,34,45,41,35,36,42,46,34.0,37.0,57.0,78.0,497,47.0
2023,Cole Fotheringham,TE,LV,0.0,0.0,0.0,0.0,0,0,0,0,0,0,0,0,bye,0,0.0,35.0,3.0,0.0,21,16.0
2023,Cole Kmet,TE,CHI,97.0,68.0,76.0,74.0,83,95,89,83,85,92,79,89,bye,85,86.0,43.0,18.0,69.0,878,77.0
2023,Cole Turner,TE,WAS,14.0,32.0,57.0,8.0,16,18,20,0,5,0,14,15,13,bye,0.0,7.0,0.0,0.0,142,17.0
2023,Collin Johnson,WR,CHI,0.0,0.0,0.0,0.0,0,0,0,0,0,0,0,0,bye,0,0.0,19.0,15.0,33.0,40,21.0
2023,Colton Dowell,WR,TEN,0.0,0.0,0.0,23.0,0,2,bye,0,0,0,18,8,4,3,5.0,21.0,4.0,0.0,51,9.0
2023,Connor Heyward,TE,PIT,27.0,19.0,21.0,25.0,56,bye,86,73,62,52,14,34,31,16,28.0,24.0,31.0,37.0,403,38.0
2023,Cooper Kupp,WR,LAR,0.0,0.0,0.0,0.0,95,100,100,100,84,bye,27,88,98,97,100.0,100.0,98.0,0.0,710,91.0
2023,Cooper Rush,QB,DAL,12.0,0.0,0.0,10.0,20,0,bye,14,0,23,15,0,0,0,0.0,0.0,0.0,10.0,69,15.0
2023,Cordarrelle Patterson,RB,ATL,0.0,0.0,0.0,2.0,6,12,40,18,13,31,bye,26,31,17,27.0,20.0,14.0,13.0,177,19.0
2023,Courtland Sutton,WR,DEN,86.0,89.0,95.0,83.0,86,94,86,79,bye,87,80,78,85,75,94.0,13.0,0.0,46.0,782,78.0
2023,Craig Reynolds,RB,DET,0.0,15.0,29.0,1.0,22,61,9,28,bye,5,3,1,3,2,0.0,4.0,0.0,4.0,132,14.0
2023,Curtis Samuel,WR,WAS,65.0,62.0,74.0,69.0,70,63,55,19,0,51,16,55,58,bye,72.0,66.0,50.0,57.0,571,55.0
2023,D'Andre Swift,RB,PHI,29.0,75.0,54.0,63.0,62,57,68,70,65,bye,64,64,42,51,59.0,57.0,47.0,0.0,630,58.0
2023,D'Ernest Johnson,RB,JAC,1.0,9.0,16.0,2.0,1,3,4,4,bye,21,24,39,36,26,29.0,26.0,19.0,21.0,194,17.0
2023,D'Onta Foreman,RB,CHI,28.0,0.0,0.0,0.0,0,61,46,32,59,53,24,0,bye,55,26.0,0.0,0.0,0.0,269,42.0
2023,DJ Montgomery,WR,IND,0.0,0.0,0.0,0.0,0,0,0,0,0,0,bye,4,4,8,63.0,86.0,7.0,9.0,124,26.0
2023,DJ Chark,WR,CAR,0.0,62.0,94.0,92.0,99,67,bye,93,58,0,75,74,40,89,74.0,73.0,83.0,65.0,771,76.0
2023,DJ Moore,WR,CHI,92.0,91.0,100.0,93.0,88,95,89,88,97,93,97,93,bye,92,88.0,74.0,81.0,90.0,1029,90.0
2023,DJ Turner,WR,LV,0.0,0.0,0.0,0.0,0,0,0,0,5,0,0,0,bye,0,5.0,7.0,0.0,3.0,12,5.0
2023,DK Metcalf,WR,SEA,94.0,83.0,72.0,71.0,bye,78,0,78,86,89,71,86,90,90,92.0,89.0,96.0,84.0,831,84.0
2023,Dak Prescott,QB,DAL,88.0,100.0,100.0,90.0,80,100,bye,86,100,77,85,100,100,100,100.0,100.0,100.0,90.0,1115,94.0
2023,Dallas Goedert,TE,PHI,92.0,96.0,93.0,100.0,95,77,79,92,77,bye,0,0,0,84,84.0,85.0,94.0,35.0,809,85.0
2023,Dalton Keene,TE,HOU,0.0,0.0,0.0,0.0,0,0,bye,0,0,11,0,0,0,0,0.0,0.0,0.0,0.0,8,11.0
2023,Dalton Kincaid,TE,BUF,80.0,60.0,51.0,52.0,53,0,61,84,90,76,67,61,bye,78,49.0,42.0,55.0,55.0,699,63.0
2023,Dalton Schultz,TE,HOU,81.0,71.0,68.0,49.0,59,63,bye,78,79,88,85,48,0,0,84.0,79.0,79.0,79.0,739,73.0
2023,Dalvin Cook,RB,NYJ,50.0,36.0,25.0,25.0,17,14,bye,12,9,15,25,33,26,24,17.0,6.0,0.0,0.0,202,21.0
2023,Dameon Pierce,RB,HOU,47.0,45.0,54.0,59.0,59,33,bye,43,0,0,0,18,38,14,5.0,15.0,20.0,0.0,298,34.0
2023,Damien Harris,RB,BUF,13.0,18.0,13.0,28.0,18,2,0,0,0,0,0,0,bye,0,0.0,0.0,0.0,0.0,60,15.0
2023,Damien Williams,RB,ARI,0.0,0.0,0.0,0.0,0,17,18,4,0,0,0,0,0,bye,0.0,0.0,0.0,0.0,28,13.0
2023,Damiere Byrd,WR,ATL,0.0,0.0,0.0,0.0,0,0,0,0,28,0,bye,0,0,0,0.0,0.0,0.0,0.0,19,28.0
2023,Dan Chisena,WR,ARI,0.0,0.0,0.0,0.0,0,0,0,0,0,0,0,0,1,bye,0.0,0.0,0.0,0.0,1,1.0
2023,Daniel Bellinger,TE,NYG,63.0,41.0,60.0,8.0,38,53,53,89,86,81,93,90,bye,89,56.0,63.0,43.0,81.0,688,62.0
2023,Daniel Jones,QB,NYG,96.0,100.0,94.0,97.0,68,0,0,0,33,0,0,0,bye,0,0.0,0.0,0.0,0.0,325,82.0
2023,Dare Ogunbowale,RB,HOU,0.0,19.0,0.0,0.0,0,0,bye,0,0,0,1,0,16,29,19.0,41.0,18.0,13.0,108,20.0
2023,Dareke Young,WR,SEA,0.0,0.0,0.0,0.0,bye,0,0,0,0,2,0,0,0,2,2.0,2.0,0.0,7.0,9,3.0
2023,Darius Slayton,WR,NYG,67.0,82.0,84.0,88.0,68,87,84,99,81,79,51,54,bye,93,95.0,94.0,86.0,78.0,896,81.0
2023,Darnell Mooney,WR,CHI,84.0,28.0,71.0,75.0,78,79,68,85,87,67,60,81,bye,90,86.0,81.0,0.0,0.0,766,75.0
2023,Darnell Washington,TE,PIT,38.0,48.0,47.0,42.0,70,bye,53,15,49,51,47,52,56,43,24.0,49.0,62.0,63.0,511,48.0
2023,Darrell Daniels,TE,DET,0.0,0.0,0.0,7.0,25,3,0,0,bye,0,0,0,0,0,0.0,0.0,0.0,0.0,22,11.0
2023,Darrell Henderson,RB,LAR,0.0,0.0,0.0,0.0,0,0,57,47,59,bye,36,0,0,0,0.0,0.0,0.0,0.0,126,49.0
2023,Darren Waller,TE,NYG,54.0,90.0,82.0,92.0,92,92,82,23,0,0,0,0,bye,0,42.0,63.0,66.0,51.0,568,69.0
2023,Darrynton Evans,RB,Multi,0.0,0.0,0.0,0.0,0,36,48,27,9,8,0,7,0,0,0.0,0.0,0.0,0.0,93,23.0
2023,Davante Adams,WR,LV,90.0,93.0,97.0,86.0,94,91,75,96,88,97,98,100,bye,98,81.0,91.0,97.0,94.0,963,92.0
2023,David Bell,WR,CLE,14.0,13.0,14.0,12.0,bye,13,4,4,0,0,3,18,39,9,7.0,24.0,58.0,98.0,217,20.0
2023,David Montgomery,RB,DET,79.0,45.0,0.0,71.0,75,26,0,0,bye,38,40,27,62,35,52.0,39.0,39.0,49.0,453,48.0
2023,David Moore,WR,TB,0.0,0.0,0.0,0.0,bye,0,0,0,0,0,0,18,13,21,26.0,31.0,29.0,26.0,105,23.0
2023,David Njoku,TE,CLE,73.0,85.0,73.0,70.0,bye,83,96,78,77,87,89,85,83,82,84.0,79.0,82.0,0.0,970,82.0
2023,David Sills V,WR,DEN,0.0,0.0,0.0,0.0,0,0,0,0,bye,5,13,7,0,0,0.0,0.0,0.0,0.0,16,8.0
2023,David Wells,TE,TB,12.0,25.0,11.0,11.0,bye,0,0,0,0,0,0,0,0,0,0.0,0.0,7.0,0.0,43,14.0
2023,Davis Allen,TE,LAR,1.0,0.0,0.0,1.0,2,7,19,5,10,bye,1,13,2,71,35.0,24.0,6.0,75.0,192,19.0
2023,Davis Mills,QB,HOU,0.0,0.0,0.0,0.0,0,0,bye,0,0,0,1,0,3,14,1.0,51.0,5.0,0.0,53,13.0
2023,Dawson Knox,TE,BUF,84.0,71.0,60.0,50.0,70,75,63,0,0,0,0,0,bye,47,62.0,47.0,43.0,47.0,487,60.0
2023,De'Von Achane,RB,MIA,0.0,10.0,41.0,60.0,48,0,0,0,0,bye,4,0,61,46,39.0,55.0,48.0,63.0,300,43.0
2023,DeAndre Carter,WR,LV,17.0,23.0,11.0,11.0,28,9,5,2,15,11,5,12,bye,4,8.0,0.0,3.0,6.0,102,10.0
2023,DeAndre Hopkins,WR,TEN,78.0,60.0,73.0,53.0,83,87,bye,63,69,79,62,57,76,63,78.0,82.0,85.0,78.0,758,72.0
2023,DeMario Douglas,WR,NE,41.0,8.0,24.0,33.0,13,0,62,77,83,72,bye,49,0,0,72.0,74.0,94.0,96.0,481,55.0
2023,DeVante Parker,WR,NE,0.0,100.0,76.0,82.0,98,75,58,43,0,0,bye,75,86,0,91.0,93.0,28.0,49.0,581,74.0
2023,DeVonta Smith,WR,PHI,98.0,100.0,99.0,99.0,94,99,96,97,94,bye,95,98,100,95,96.0,93.0,88.0,0.0,1043,96.0
2023,Dee Eskridge,WR,SEA,0.0,0.0,0.0,0.0,bye,0,0,5,0,0,22,2,0,0,0.0,0.0,0.0,0.0,18,10.0
2023,DeeJay Dallas,RB,SEA,22.0,13.0,13.0,7.0,bye,5,23,0,0,0,11,12,41,2,0.0,2.0,0.0,0.0,96,14.0
2023,Deebo Samuel,WR,SF,87.0,89.0,82.0,87.0,73,15,0,0,bye,56,85,76,83,78,86.0,96.0,84.0,33.0,708,74.0
2023,Demarcus Robinson,WR,LAR,4.0,8.0,2.0,9.0,0,0,0,0,16,bye,10,60,59,86,95.0,93.0,92.0,39.0,396,44.0
2023,Deon Jackson,RB,Multi,71.0,0.0,0.0,0.0,0,0,0,0,2,0,0,0,0,0,0.0,0.0,0.0,0.0,52,39.0
2023,Deonte Harty,WR,BUF,22.0,19.0,19.0,26.0,25,16,27,9,5,7,18,0,bye,4,3.0,7.0,4.0,18.0,155,14.0
2023,Derek Carr,QB,NO,95.0,90.0,54.0,86.0,81,96,96,83,83,49,bye,88,63,96,95.0,97.0,91.0,88.0,978,84.0
2023,Derius Davis,WR,LAC,4.0,16.0,9.0,18.0,bye,3,17,13,14,25,11,6,11,0,6.0,21.0,20.0,23.0,149,14.0
2023,Derrick Gore,RB,WAS,0.0,0.0,0.0,8.0,10,0,0,0,0,0,4,0,0,bye,0.0,11.0,0.0,2.0,24,7.0
2023,Derrick Henry,RB,TEN,48.0,71.0,38.0,59.0,62,53,bye,65,49,43,62,64,40,48,54.0,48.0,42.0,65.0,558,53.0
2023,Deshaun Watson,QB,CLE,100.0,100.0,93.0,0.0,bye,0,16,0,92,99,0,0,0,0,0.0,0.0,0.0,0.0,383,84.0
2023,Desmond Ridder,QB,ATL,100.0,100.0,100.0,100.0,100,100,100,46,0,31,bye,100,100,100,100.0,0.0,14.0,84.0,850,85.0
2023,Deuce Vaughn,RB,DAL,14.0,15.0,0.0,31.0,10,0,bye,0,0,6,0,0,0,0,0.0,0.0,12.0,0.0,61,15.0
2023,Deven Thompkins,WR,TB,26.0,45.0,21.0,63.0,bye,25,26,16,14,23,23,7,21,7,18.0,19.0,12.0,12.0,251,23.0
2023,Devin Duvernay,WR,BAL,11.0,29.0,25.0,60.0,9,21,15,3,21,7,0,3,bye,0,0.0,0.0,0.0,0.0,136,18.0
2023,Devin Singletary,RB,HOU,21.0,36.0,39.0,35.0,29,54,bye,40,75,81,85,82,46,57,75.0,44.0,62.0,88.0,629,55.0
2023,Devine Ozigbo,RB,DET,0.0,0.0,0.0,0.0,0,9,0,2,bye,0,0,0,0,0,0.0,0.0,0.0,0.0,8,5.0
2023,Diontae Johnson,WR,PIT,43.0,0.0,0.0,0.0,0,bye,66,91,88,82,86,73,72,69,86.0,63.0,58.0,48.0,590,71.0
2023,Donald Parham,TE,LAC,49.0,50.0,52.0,23.0,bye,41,40,62,55,44,72,42,62,22,0.0,0.0,0.0,57.0,460,48.0
2023,Donovan Peoples-Jones,WR,Multi,89.0,87.0,89.0,90.0,0,80,61,83,0,0,5,10,21,14,17.0,6.0,4.0,37.0,511,48.0
2023,Dontayvion Wicks,WR,GB,62.0,50.0,66.0,58.0,22,bye,22,34,32,44,33,0,39,63,78.0,39.0,0.0,72.0,458,47.0
2023,Dorian Thompson-Robinson,QB,CLE,0.0,0.0,7.0,100.0,bye,0,0,1,0,0,100,71,0,3,1.0,11.0,0.0,0.0,214,36.0
2023,Drake London,WR,ATL,90.0,82.0,93.0,86.0,86,82,85,54,0,77,bye,84,85,76,85.0,77.0,83.0,75.0,860,81.0
2023,Drew Lock,QB,SEA,0.0,0.0,0.0,31.0,bye,0,0,0,0,0,12,0,0,100,100.0,0.0,0.0,0.0,145,60.0
2023,Drew Ogletree,TE,IND,21.0,0.0,33.0,44.0,61,36,60,54,38,0,bye,0,39,27,57.0,15.0,0.0,0.0,336,40.0
2023,Drew Sample,TE,CIN,32.0,23.0,44.0,32.0,34,35,bye,38,37,36,30,44,58,67,57.0,55.0,72.0,73.0,497,46.0
2023,Durham Smythe,TE,MIA,100.0,97.0,36.0,85.0,81,66,92,66,84,bye,0,77,67,78,70.0,85.0,74.0,75.0,785,76.0
2023,Dwayne Washington,RB,DEN,0.0,0.0,0.0,0.0,0,0,0,1,bye,0,0,0,0,0,0.0,0.0,0.0,0.0,1,1.0
2023,Dyami Brown,WR,WAS,27.0,32.0,22.0,32.0,24,22,16,31,29,18,26,24,20,bye,10.0,21.0,4.0,14.0,253,23.0
2023,Dylan Drummond,WR,DET,0.0,0.0,0.0,0.0,8,0,0,0,bye,0,0,0,0,0,0.0,0.0,0.0,0.0,5,8.0
2023,Easop Winston,WR,SEA,0.0,0.0,0.0,0.0,bye,0,3,0,0,0,0,0,0,0,0.0,0.0,0.0,0.0,2,3.0
2023,Easton Stick,QB,LAC,0.0,0.0,0.0,0.0,bye,0,0,0,0,0,0,0,0,54,100.0,100.0,100.0,100.0,320,91.0
2023,Elijah Cooks,WR,JAC,0.0,0.0,0.0,0.0,0,16,9,10,bye,30,0,0,0,9,23.0,21.0,40.0,13.0,108,18.0
2023,Elijah Dotson,RB,LAC,1.0,13.0,2.0,8.0,bye,0,0,0,0,0,0,0,0,0,0.0,0.0,0.0,0.0,16,6.0
2023,Elijah Higgins,TE,ARI,0.0,0.0,0.0,0.0,0,0,9,16,29,18,15,27,32,bye,34.0,28.0,37.0,39.0,192,26.0
2023,Elijah Mitchell,RB,SF,15.0,0.0,34.0,0.0,0,11,8,12,bye,27,13,26,8,0,0.0,0.0,37.0,52.0,161,23.0
2023,Elijah Moore,WR,CLE,69.0,77.0,76.0,83.0,bye,80,79,82,62,83,71,86,73,70,78.0,82.0,53.0,11.0,903,73.0
2023,Emanuel Wilson,RB,GB,0.0,10.0,10.0,0.0,2,bye,8,0,11,4,8,0,0,0,0.0,0.0,0.0,0.0,36,8.0
2023,Emari Demercado,RB,ARI,5.0,12.0,18.0,35.0,77,43,80,55,0,0,0,20,3,bye,24.0,38.0,12.0,10.0,292,31.0
2023,Equanimeous St Brown,WR,CHI,0.0,0.0,0.0,58.0,38,0,0,0,0,39,43,49,bye,0,0.0,0.0,39.0,50.0,213,45.0
2023,Eric Gray,RB,NYG,0.0,0.0,0.0,0.0,42,1,0,0,0,0,0,4,bye,2,18.0,0.0,8.0,21.0,65,14.0
2023,Eric Saubert,TE,Multi,0.0,0.0,0.0,0.0,0,0,0,0,17,32,0,18,28,30,0.0,4.0,30.0,23.0,117,22.0
2023,Erik Ezukanma,WR,MIA,28.0,16.0,0.0,0.0,0,0,0,0,0,bye,0,0,0,0,0.0,0.0,0.0,0.0,29,22.0
2023,Ethan Fernea,WR,IND,0.0,0.0,0.0,0.0,0,0,0,0,0,0,bye,0,0,0,0.0,3.0,0.0,0.0,2,3.0
2023,Evan Engram,TE,JAC,73.0,75.0,71.0,73.0,85,75,82,79,bye,86,63,70,84,89,84.0,91.0,68.0,89.0,917,79.0
2023,Evan Hull,RB,IND,11.0,0.0,0.0,0.0,0,0,0,0,0,0,bye,0,0,0,0.0,0.0,0.0,0.0,8,11.0
2023,Ezekiel Elliott,RB,NE,35.0,30.0,38.0,40.0,46,38,35,42,39,33,bye,22,69,91,87.0,83.0,81.0,93.0,539,51.0
2023,Foster Moreau,TE,NO,49.0,47.0,0.0,0.0,67,48,50,70,49,31,bye,43,60,63,73.0,40.0,54.0,60.0,549,53.0
2023,Gabe Davis,WR,BUF,94.0,74.0,76.0,72.0,90,89,96,99,93,98,88,96,bye,82,72.0,85.0,91.0,23.0,966,83.0
2023,Gardner Minshew,QB,IND,4.0,68.0,100.0,0.0,67,100,100,100,100,100,bye,100,100,95,100.0,100.0,100.0,100.0,972,90.0
2023,Garrett Wilson,WR,NYJ,93.0,91.0,97.0,93.0,83,88,bye,89,98,94,95,95,100,91,95.0,96.0,99.0,58.0,1008,92.0
2023,Gary Brightwell,RB,NYG,16.0,3.0,18.0,25.0,0,0,0,0,0,0,0,0,bye,0,0.0,0.0,0.0,0.0,41,16.0
2023,Geno Smith,QB,SEA,100.0,100.0,100.0,69.0,bye,100,100,100,100,100,88,100,100,0,0.0,100.0,100.0,100.0,906,97.0
2023,Geoff Swaim,TE,ARI,29.0,43.0,52.0,28.0,39,20,38,35,48,49,39,28,50,bye,20.0,0.0,0.0,0.0,337,36.0
2023,George Kittle,TE,SF,69.0,96.0,83.0,96.0,79,98,96,93,bye,73,97,100,93,93,86.0,89.0,91.0,0.0,895,89.0
2023,George Pickens,WR,PIT,89.0,85.0,89.0,98.0,88,bye,90,93,89,95,91,75,80,86,93.0,78.0,78.0,81.0,929,87.0
2023,Gerald Everett,TE,LAC,68.0,41.0,58.0,69.0,bye,74,48,0,55,33,0,64,64,68,63.0,70.0,69.0,5.0,572,56.0
2023,Giovanni Ricci,TE,CAR,10.0,2.0,0.0,4.0,0,0,bye,0,0,0,0,0,0,0,0.0,0.0,0.0,0.0,12,6.0
2023,Godwin Igwebuike,RB,Multi,2.0,1.0,0.0,0.0,0,0,0,0,0,0,0,0,0,0,0.0,0.0,0.0,0.0,2,1.0
2023,Grant Calcaterra,TE,PHI,6.0,13.0,15.0,1.0,8,7,21,0,0,bye,21,0,18,5,0.0,19.0,10.0,28.0,118,13.0
2023,Greg Dortch,WR,ARI,0.0,0.0,0.0,1.0,2,21,6,0,42,2,75,76,69,bye,65.0,79.0,82.0,67.0,397,46.0
2023,Greg Dulcich,TE,DEN,33.0,0.0,0.0,0.0,0,21,0,0,bye,0,0,0,0,0,0.0,0.0,0.0,0.0,32,28.0
2023,Gunner Olszewski,WR,Multi,0.0,2.0,0.0,0.0,6,0,0,0,0,0,0,0,0,0,3.0,5.0,3.0,1.0,13,3.0
2023,Gus Edwards,RB,BAL,23.0,43.0,44.0,69.0,43,62,50,52,18,52,38,27,bye,28,40.0,43.0,54.0,33.0,470,42.0
2023,Harrison Bryant,TE,CLE,36.0,30.0,35.0,17.0,bye,36,23,31,33,31,32,19,44,36,28.0,27.0,47.0,66.0,406,33.0
2023,Hayden Hurst,TE,CAR,53.0,55.0,61.0,51.0,59,55,bye,33,34,55,0,0,0,0,0.0,0.0,0.0,0.0,318,51.0
2023,Henry Pearson,RB,GB,0.0,0.0,0.0,0.0,0,bye,0,0,0,0,0,4,14,0,0.0,0.0,0.0,0.0,11,9.0
2023,Hunter Henry,TE,NE,79.0,92.0,86.0,80.0,78,62,50,58,88,72,bye,68,73,88,72.0,0.0,0.0,0.0,664,75.0
2023,Hunter Kampmoyer,TE,LAC,0.0,0.0,0.0,0.0,bye,0,0,0,0,0,0,2,0,0,0.0,0.0,0.0,0.0,1,2.0
2023,Hunter Long,TE,LAR,0.0,0.0,0.0,0.0,0,0,0,0,0,bye,0,22,33,25,0.0,0.0,0.0,0.0,55,26.0
2023,Hunter Luepke,RB,DAL,7.0,21.0,10.0,20.0,12,12,bye,9,7,6,11,7,12,10,7.0,17.0,12.0,35.0,153,13.0
2023,Hunter Renfrow,WR,LV,22.0,65.0,51.0,45.0,30,10,37,61,22,42,44,48,bye,48,42.0,20.0,16.0,8.0,363,35.0
2023,Ian Thomas,TE,CAR,19.0,32.0,16.0,35.0,21,0,bye,0,0,0,27,34,67,4,0.0,18.0,11.0,37.0,216,26.0
2023,Ihmir Smith-Marsette,WR,CAR,3.0,0.0,4.0,7.0,0,9,bye,0,0,2,2,9,17,32,27.0,32.0,22.0,17.0,123,14.0
2023,Irv Smith,TE,CIN,54.0,77.0,0.0,0.0,61,61,bye,59,36,33,39,37,32,13,24.0,0.0,0.0,0.0,330,44.0
2023,Irvin Charles,WR,NYJ,0.0,0.0,0.0,0.0,3,8,bye,0,5,6,0,3,0,3,3.0,0.0,8.0,25.0,43,7.0
2023,Isaiah Hodgins,WR,NYG,60.0,75.0,66.0,37.0,39,23,29,64,49,60,44,35,bye,36,29.0,43.0,24.0,79.0,511,46.0
2023,Isaiah Likely,TE,BAL,72.0,33.0,26.0,26.0,11,24,35,11,25,7,76,73,bye,79,74.0,74.0,63.0,33.0,497,44.0
2023,Isaiah McKenzie,WR,IND,1.0,4.0,11.0,11.0,11,5,13,7,44,46,bye,8,8,12,0.0,0.0,0.0,0.0,117,13.0
2023,Isaiah Spiller,RB,LAC,0.0,6.0,24.0,23.0,bye,4,0,12,0,0,0,0,0,18,37.0,24.0,18.0,0.0,111,18.0
2023,Isiah Pacheco,RB,KC,48.0,51.0,42.0,60.0,59,63,53,54,68,bye,61,78,70,0,0.0,57.0,93.0,0.0,568,60.0
2023,Israel Abanikanda,RB,NYJ,0.0,0.0,0.0,0.0,0,0,bye,0,0,0,18,0,0,7,38.0,18.0,26.0,8.0,77,19.0
2023,JK Dobbins,RB,BAL,47.0,0.0,0.0,0.0,0,0,0,0,0,0,0,0,bye,0,0.0,0.0,0.0,0.0,30,47.0
2023,JP Holtz,TE,NO,0.0,0.0,0.0,0.0,0,1,0,0,0,0,bye,0,0,0,0.0,0.0,0.0,0.0,1,1.0
2023,Ja'Marr Chase,WR,CIN,96.0,98.0,96.0,94.0,93,91,bye,89,90,84,98,88,96,87,71.0,0.0,73.0,48.0,890,87.0
2023,JaMycal Hasty,RB,Multi,0.0,0.0,0.0,8.0,1,0,0,0,0,0,0,0,0,0,0.0,0.0,0.0,0.0,6,4.0
2023,Jack Stoll,TE,PHI,20.0,35.0,51.0,8.0,28,31,33,37,44,bye,55,55,36,20,32.0,52.0,61.0,58.0,438,38.0
2023,Jacob Harris,TE,JAC,0.0,0.0,10.0,11.0,0,0,0,0,bye,0,0,0,0,0,0.0,0.0,0.0,0.0,14,10.0
2023,Jacoby Brissett,QB,WAS,0.0,0.0,0.0,0.0,0,0,0,0,0,0,0,0,5,bye,27.0,44.0,0.0,0.0,46,26.0
2023,Jahan Dotson,WR,WAS,87.0,85.0,94.0,72.0,80,80,84,85,76,95,79,85,82,bye,77.0,74.0,85.0,84.0,910,82.0
2023,Jahmyr Gibbs,RB,DET,27.0,48.0,60.0,37.0,0,0,87,70,bye,58,56,71,45,63,48.0,58.0,62.0,51.0,596,57.0
2023,Jake Bobo,WR,SEA,24.0,25.0,41.0,38.0,bye,31,75,31,18,27,40,21,12,17,23.0,26.0,10.0,25.0,304,29.0
2023,Jake Browning,QB,CIN,7.0,0.0,0.0,0.0,0,0,bye,0,0,0,56,100,100,92,100.0,100.0,100.0,81.0,469,83.0
2023,Jake Ferguson,TE,DAL,72.0,60.0,69.0,56.0,69,86,bye,80,89,67,72,72,74,73,86.0,83.0,89.0,72.0,880,74.0
2023,Jake Funk,RB,IND,18.0,0.0,0.0,0.0,0,0,0,0,0,0,bye,0,0,0,0.0,0.0,0.0,0.0,13,18.0
2023,Jakob Johnson,RB,LV,46.0,20.0,10.0,34.0,16,24,25,11,0,0,0,0,bye,15,23.0,35.0,20.0,21.0,186,23.0
2023,Jakobi Meyers,WR,LV,80.0,0.0,86.0,96.0,95,91,94,98,82,91,82,91,bye,98,88.0,82.0,95.0,88.0,903,90.0
2023,Jaleel McLaughlin,RB,DEN,8.0,5.0,21.0,33.0,33,40,17,11,bye,15,15,3,15,19,12.0,25.0,28.0,15.0,193,18.0
2023,Jalen Brooks,WR,DAL,0.0,17.0,0.0,0.0,0,8,bye,0,0,31,22,11,0,0,0.0,0.0,3.0,13.0,77,16.0
2023,Jalen Guyton,WR,LAC,0.0,0.0,0.0,0.0,bye,0,0,0,57,79,0,80,62,32,49.0,24.0,5.0,0.0,255,49.0
2023,Jalen Hurts,QB,PHI,100.0,100.0,100.0,100.0,100,100,100,100,100,bye,100,100,93,96,100.0,100.0,100.0,43.0,1103,96.0
2023,Jalen Nailor,WR,MIN,0.0,2.0,0.0,0.0,0,0,0,0,0,92,4,11,bye,24,0.0,0.0,0.0,0.0,94,28.0
2023,Jalen Reagor,WR,NE,0.0,0.0,0.0,0.0,0,23,42,58,77,1,bye,0,9,35,55.0,86.0,68.0,82.0,308,48.0
2023,Jalen Tolbert,WR,DAL,28.0,68.0,17.0,34.0,45,23,bye,45,41,62,42,37,36,45,49.0,36.0,38.0,32.0,477,40.0
2023,Jalin Hyatt,WR,NYG,36.0,21.0,32.0,60.0,46,73,71,33,59,30,53,60,bye,64,71.0,56.0,77.0,13.0,557,50.0
2023,Jamaal Williams,RB,NO,75.0,23.0,0.0,0.0,0,0,22,23,43,22,bye,28,33,44,47.0,22.0,57.0,49.0,324,37.0
2023,Jamal Agnew,WR,JAC,4.0,37.0,55.0,0.0,12,31,52,28,bye,5,0,0,0,0,16.0,47.0,14.0,0.0,201,27.0
2023,Jameis Winston,QB,NO,0.0,0.0,38.0,2.0,10,0,0,0,0,49,bye,0,13,4,0.0,0.0,0.0,1.0,76,17.0
2023,James Conner,RB,ARI,84.0,72.0,64.0,62.0,21,0,0,0,0,63,69,42,76,bye,49.0,59.0,66.0,74.0,533,62.0
2023,James Cook,RB,BUF,59.0,59.0,62.0,40.0,62,49,52,67,55,46,46,43,bye,44,56.0,75.0,55.0,62.0,634,54.0
2023,James Mitchell,TE,DET,9.0,3.0,3.0,13.0,0,0,0,7,bye,11,10,5,5,17,9.0,37.0,28.0,81.0,157,16.0
2023,James Proche,WR,CLE,0.0,0.0,0.0,0.0,bye,0,0,0,8,4,0,0,0,0,0.0,0.0,0.0,94.0,59,29.0
2023,James Robinson,RB,GB,0.0,0.0,0.0,0.0,0,bye,0,0,0,0,0,0,6,0,0.0,0.0,0.0,0.0,4,6.0
2023,Jameson Williams,WR,DET,0.0,0.0,0.0,0.0,47,23,44,40,bye,52,65,63,57,58,68.0,58.0,64.0,0.0,444,53.0
2023,Jamison Crowder,WR,WAS,0.0,0.0,2.0,0.0,11,0,0,32,47,10,30,14,9,bye,5.0,8.0,26.0,8.0,139,18.0
2023,Jared Goff,QB,DET,100.0,100.0,100.0,100.0,95,100,100,100,bye,100,100,100,100,100,100.0,100.0,100.0,100.0,1175,100.0
2023,Jaren Hall,QB,MIN,0.0,0.0,0.0,0.0,0,0,0,15,15,0,0,0,bye,0,0.0,0.0,45.0,0.0,46,23.0
2023,Jarrett Stidham,QB,DEN,0.0,0.0,0.0,0.0,0,0,0,0,bye,0,0,0,0,0,6.0,0.0,100.0,100.0,134,69.0
2023,Jashaun Corbin,RB,NYG,0.0,0.0,0.0,0.0,0,0,0,0,0,26,0,0,bye,0,0.0,0.0,0.0,0.0,15,26.0
2023,Jason Brownlee,WR,NYJ,0.0,0.0,0.0,0.0,0,0,bye,3,0,0,33,98,50,0,0.0,82.0,97.0,83.0,311,65.0
2023,Jauan Jennings,WR,SF,32.0,47.0,37.0,0.0,38,53,74,85,bye,29,33,36,49,33,41.0,0.0,0.0,0.0,361,45.0
2023,Javonte Williams,RB,DEN,45.0,45.0,42.0,17.0,0,35,53,63,bye,52,49,70,65,60,48.0,39.0,45.0,41.0,493,49.0
2023,Jaxon Smith-Njigba,WR,SEA,59.0,56.0,44.0,53.0,bye,72,63,66,82,62,68,75,67,71,69.0,63.0,67.0,65.0,675,64.0
2023,Jayden Reed,WR,GB,53.0,56.0,66.0,67.0,50,bye,48,78,39,51,69,73,47,69,42.0,0.0,31.0,60.0,578,56.0
2023,Jaylen Waddle,WR,MIA,64.0,73.0,0.0,75.0,81,69,45,75,54,bye,83,66,61,82,67.0,43.0,0.0,0.0,611,68.0
2023,Jaylen Warren,RB,PIT,40.0,43.0,45.0,49.0,48,bye,46,49,40,51,45,48,43,53,69.0,58.0,54.0,44.0,519,48.0
2023,Jeff Driskel,QB,CLE,0.0,0.0,0.0,0.0,bye,0,0,0,0,0,0,0,0,0,0.0,0.0,0.0,100.0,53,100.0
2023,Jeff Wilson,RB,MIA,0.0,0.0,0.0,0.0,0,0,14,25,17,bye,0,33,8,1,13.0,23.0,49.0,48.0,148,23.0
2023,Jeremy Ruckert,TE,NYJ,33.0,11.0,2.0,42.0,29,35,bye,42,28,23,42,45,41,49,38.0,23.0,0.0,0.0,310,32.0
2023,Jerick McKinnon,RB,KC,31.0,33.0,29.0,31.0,27,27,37,41,25,bye,30,0,0,45,34.0,0.0,0.0,0.0,264,32.0
2023,Jerome Ford,RB,CLE,41.0,49.0,56.0,62.0,bye,50,43,33,64,64,49,70,51,57,51.0,43.0,40.0,36.0,629,51.0
2023,Jerry Jeudy,WR,DEN,0.0,68.0,76.0,63.0,86,65,68,59,bye,65,71,61,70,57,62.0,72.0,48.0,62.0,662,66.0
2023,Jesper Horsted,TE,LV,0.0,0.0,0.0,0.0,0,0,8,0,2,0,3,0,bye,0,0.0,0.0,0.0,0.0,8,4.0
2023,Jimmy Garoppolo,QB,LV,97.0,100.0,100.0,0.0,100,61,0,100,0,0,0,0,bye,0,0.0,0.0,0.0,5.0,325,78.0
2023,Jimmy Graham,TE,NO,14.0,13.0,28.0,65.0,38,17,20,0,0,0,bye,0,3,15,16.0,3.0,7.0,10.0,171,19.0
2023,Joe Burrow,QB,CIN,93.0,100.0,100.0,100.0,100,100,bye,100,100,100,44,0,0,0,0.0,0.0,0.0,0.0,602,94.0
2023,Joe Flacco,QB,CLE,0.0,0.0,0.0,0.0,bye,0,0,0,0,0,0,0,100,97,99.0,89.0,100.0,0.0,346,97.0
2023,Joe Mixon,RB,CIN,63.0,78.0,75.0,79.0,77,70,bye,75,73,73,64,65,71,63,70.0,59.0,61.0,55.0,752,69.0
2023,John Bates,TE,WAS,37.0,52.0,57.0,35.0,20,39,59,47,47,41,58,38,45,bye,40.0,43.0,54.0,61.0,500,45.0
2023,John FitzPatrick,TE,ATL,0.0,1.0,0.0,2.0,1,0,0,0,0,7,bye,0,0,0,0.0,0.0,0.0,16.0,18,5.0
2023,John Metchie,WR,HOU,0.0,17.0,27.0,23.0,43,25,bye,12,15,25,22,32,35,50,10.0,24.0,61.0,68.0,310,29.0
2023,Johnny Johnson,WR,HOU,0.0,0.0,0.0,0.0,0,0,bye,0,0,0,0,0,0,0,0.0,0.0,0.0,7.0,4,7.0
2023,Johnny Mundt,TE,MIN,8.0,2.0,9.0,17.0,14,12,11,6,8,22,18,13,bye,7,10.0,42.0,77.0,75.0,223,20.0
2023,Jonathan Mingo,WR,CAR,87.0,98.0,33.0,0.0,86,93,bye,99,99,98,95,92,96,89,91.0,92.0,98.0,0.0,910,89.0
2023,Jonathan Taylor,RB,IND,0.0,0.0,0.0,0.0,15,42,50,61,74,88,bye,58,0,0,0.0,59.0,62.0,77.0,386,58.0
2023,Jonathan Ward,RB,TEN,0.0,0.0,0.0,0.0,0,0,bye,4,0,0,0,0,0,1,0.0,0.0,5.0,5.0,10,4.0
2023,Jonathan Williams,RB,WAS,0.0,0.0,0.0,0.0,0,0,0,0,0,0,0,0,0,bye,22.0,0.0,0.0,0.0,13,22.0
2023,Jonnu Smith,TE,ATL,50.0,67.0,72.0,55.0,64,54,55,71,57,44,bye,35,40,69,33.0,69.0,78.0,62.0,653,58.0
2023,Jordan Addison,WR,MIN,56.0,69.0,71.0,58.0,75,86,74,94,97,97,95,96,bye,96,91.0,38.0,92.0,93.0,921,82.0
2023,Jordan Akins,TE,CLE,31.0,10.0,18.0,22.0,bye,9,7,12,26,6,20,14,17,22,16.0,18.0,20.0,64.0,231,19.0
2023,Jordan Love,QB,GB,92.0,100.0,100.0,100.0,100,bye,100,100,100,100,100,100,100,100,100.0,100.0,89.0,100.0,1083,99.0
2023,Jordan Mason,RB,SF,0.0,0.0,5.0,15.0,18,24,0,0,bye,5,3,0,5,11,23.0,0.0,7.0,44.0,99,14.0
2023,Jordan Mims,RB,NO,0.0,0.0,0.0,0.0,0,0,0,0,0,0,bye,0,0,0,0.0,0.0,0.0,4.0,3,4.0
2023,Josh Allen,QB,BUF,100.0,95.0,84.0,86.0,100,97,100,100,100,100,95,100,bye,100,90.0,100.0,97.0,100.0,1126,97.0
2023,Josh Downs,WR,IND,79.0,75.0,80.0,73.0,71,78,71,80,20,25,bye,68,68,78,58.0,93.0,62.0,68.0,788,69.0
2023,Josh Jacobs,RB,LV,80.0,73.0,82.0,70.0,84,81,66,76,78,83,77,76,bye,63,0.0,0.0,0.0,0.0,600,76.0
2023,Josh Oliver,TE,MIN,47.0,34.0,33.0,46.0,35,39,43,46,32,44,46,38,bye,39,51.0,36.0,45.0,53.0,466,42.0
2023,Josh Pederson,TE,JAC,0.0,0.0,0.0,0.0,0,0,0,0,bye,0,0,0,0,9,2.0,0.0,0.0,0.0,8,6.0
2023,Josh Reynolds,WR,DET,70.0,80.0,77.0,73.0,47,81,73,83,bye,70,73,64,76,55,58.0,59.0,72.0,88.0,832,71.0
2023,Josh Whyle,TE,TEN,3.0,22.0,13.0,29.0,37,4,bye,0,7,43,42,38,26,0,0.0,0.0,0.0,0.0,156,23.0
2023,Joshua Dobbs,QB,Multi,100.0,100.0,100.0,100.0,100,100,100,100,85,100,100,100,0,74,0.0,0.0,0.0,0.0,854,97.0
2023,Joshua Kelley,RB,LAC,48.0,79.0,73.0,60.0,bye,27,37,22,34,31,29,20,43,10,23.0,11.0,9.0,22.0,392,34.0
2023,Joshua Palmer,WR,LAC,64.0,54.0,61.0,86.0,bye,97,98,68,0,0,0,0,0,0,72.0,93.0,0.0,58.0,525,75.0
2023,Josiah Deguara,TE,GB,32.0,38.0,22.0,63.0,26,bye,27,7,18,7,1,0,0,10,15.0,23.0,15.0,12.0,196,20.0
2023,JuJu Smith-Schuster,WR,NE,54.0,59.0,74.0,47.0,50,0,0,34,36,99,bye,65,92,98,0.0,0.0,0.0,0.0,461,65.0
2023,Julian Hill,TE,MIA,0.0,0.0,78.0,15.0,26,46,29,44,11,bye,67,30,33,21,36.0,17.0,33.0,33.0,343,35.0
2023,Julio Jones,WR,PHI,0.0,0.0,0.0,0.0,0,0,22,24,31,bye,57,71,14,24,32.0,27.0,41.0,26.0,231,33.0
2023,Julius Chestnut,RB,TEN,10.0,2.0,0.0,0.0,0,0,bye,0,0,0,0,0,0,0,0.0,0.0,0.0,0.0,7,5.0
2023,Justice Hill,RB,BAL,30.0,57.0,0.0,12.0,56,38,50,48,63,26,26,28,bye,42,26.0,62.0,35.0,54.0,436,41.0
2023,Justin Fields,QB,CHI,100.0,100.0,100.0,100.0,100,53,0,0,0,0,100,100,bye,100,100.0,100.0,100.0,98.0,829,96.0
2023,Justin Herbert,QB,LAC,100.0,100.0,100.0,100.0,bye,100,100,100,100,100,100,100,100,46,0.0,0.0,0.0,0.0,838,96.0
2023,Justin Jefferson,WR,MIN,98.0,100.0,95.0,98.0,71,0,0,0,0,0,0,0,bye,18,96.0,98.0,100.0,93.0,550,85.0
2023,Justin Watson,WR,KC,29.0,46.0,40.0,61.0,44,39,0,36,63,bye,63,57,60,55,68.0,64.0,44.0,31.0,536,50.0
2023,Justyn Ross,WR,KC,9.0,13.0,38.0,6.0,9,14,25,0,0,bye,0,0,0,0,0.0,13.0,13.0,66.0,136,20.0
2023,Juwan Johnson,TE,NO,75.0,81.0,70.0,0.0,0,0,0,61,75,76,bye,74,57,40,44.0,72.0,71.0,46.0,555,65.0
2023,Juwann Winfree,WR,IND,7.0,0.0,0.0,0.0,0,0,0,13,10,2,bye,0,0,0,0.0,0.0,0.0,0.0,21,8.0
2023,KJ Osborn,WR,MIN,91.0,97.0,93.0,83.0,89,93,93,86,27,0,96,85,bye,71,54.0,85.0,62.0,56.0,821,78.0
2023,KaVontae Turpin,WR,DAL,19.0,18.0,2.0,30.0,4,3,bye,17,17,0,17,9,15,13,2.0,14.0,2.0,14.0,140,13.0
2023,Kadarius Toney,WR,KC,25.0,28.0,3.0,24.0,38,42,19,20,12,bye,28,0,18,44,40.0,0.0,0.0,0.0,230,26.0
2023,Kalif Raymond,WR,DET,27.0,42.0,36.0,23.0,48,21,36,24,bye,26,21,29,22,35,30.0,33.0,28.0,21.0,348,30.0
2023,Kareem Hunt,RB,CLE,0.0,0.0,20.0,22.0,bye,37,25,35,29,36,44,26,35,37,32.0,38.0,37.0,13.0,339,31.0
2023,Kayshon Boutte,WR,NE,69.0,0.0,0.0,0.0,0,0,0,0,0,38,bye,16,0,0,0.0,9.0,0.0,33.0,116,35.0
2023,Ke'Shawn Vaughn,RB,TB,0.0,0.0,0.0,30.0,bye,21,25,6,8,0,0,0,0,0,0.0,0.0,0.0,0.0,60,18.0
2023,Keaontay Ingram,RB,ARI,11.0,15.0,15.0,0.0,0,37,0,38,42,22,0,0,0,bye,0.0,0.0,0.0,0.0,119,26.0
2023,Keaton Mitchell,RB,BAL,0.0,0.0,0.0,0.0,0,0,3,0,18,24,36,46,bye,33,36.0,0.0,0.0,0.0,135,29.0
2023,Keelan Doss,WR,LAC,0.0,0.0,0.0,8.0,bye,16,5,0,0,0,0,0,0,0,0.0,0.0,75.0,35.0,98,28.0
2023,Keenan Allen,WR,LAC,91.0,94.0,89.0,75.0,bye,96,94,80,86,75,94,98,89,96,0.0,0.0,0.0,0.0,779,89.0
2023,Keith Kirkwood,WR,NO,34.0,22.0,28.0,29.0,24,18,16,0,0,0,bye,35,25,44,40.0,15.0,23.0,0.0,236,26.0
2023,Keith Smith,RB,ATL,19.0,21.0,15.0,29.0,29,19,32,6,0,30,bye,18,22,15,19.0,0.0,0.0,0.0,185,21.0
2023,Kendre Miller,RB,NO,0.0,0.0,34.0,8.0,36,22,3,14,10,0,bye,0,0,0,0.0,0.0,0.0,36.0,112,20.0
2023,Kendrick Bourne,WR,NE,91.0,51.0,56.0,53.0,87,93,93,60,0,0,bye,0,0,0,0.0,0.0,0.0,0.0,371,73.0
2023,Kene Nwangwu,RB,MIN,0.0,0.0,0.0,0.0,0,0,0,0,0,4,0,0,bye,4,10.0,0.0,0.0,0.0,13,6.0
2023,Kenneth Gainwell,RB,PHI,62.0,0.0,46.0,38.0,38,41,32,30,37,bye,30,35,54,45,41.0,40.0,53.0,38.0,442,41.0
2023,Kenneth Walker,RB,SEA,63.0,61.0,51.0,71.0,bye,76,80,41,49,48,11,0,0,56,56.0,58.0,43.0,49.0,502,54.0
2023,Kenny Pickett,QB,PIT,100.0,100.0,100.0,83.0,100,bye,100,42,100,100,100,100,49,0,0.0,0.0,0.0,0.0,670,89.0
2023,Kenny Yeboah,TE,NYJ,0.0,0.0,0.0,0.0,0,0,bye,0,0,0,0,0,0,34,16.0,26.0,34.0,66.0,123,35.0
2023,Kenyan Drake,RB,Multi,0.0,0.0,15.0,0.0,1,0,0,0,0,0,0,0,0,0,8.0,0.0,0.0,0.0,17,8.0
2023,Kevin Harris,RB,NE,0.0,0.0,0.0,0.0,0,0,0,0,0,0,bye,0,0,0,13.0,17.0,21.0,11.0,34,15.0
2023,Kevin Rader,TE,TEN,0.0,0.0,0.0,14.0,8,24,bye,24,8,6,8,9,11,14,16.0,41.0,22.0,31.0,146,17.0
2023,KhaDarel Hodge,WR,ATL,13.0,13.0,19.0,24.0,48,35,18,43,67,39,bye,44,31,32,37.0,31.0,29.0,28.0,370,33.0
2023,Khalil Herbert,RB,CHI,36.0,60.0,55.0,78.0,66,0,0,0,0,0,43,21,bye,17,23.0,51.0,50.0,48.0,357,45.0
2023,Khalil Shakir,WR,BUF,10.0,15.0,24.0,28.0,32,39,34,65,71,76,74,80,bye,61,49.0,58.0,80.0,77.0,604,52.0
2023,Khari Blasingame,RB,CHI,9.0,9.0,10.0,21.0,41,12,17,21,10,0,21,9,bye,20,12.0,26.0,23.0,15.0,186,17.0
2023,Kirk Cousins,QB,MIN,100.0,100.0,100.0,100.0,100,100,100,85,0,0,0,0,bye,0,0.0,0.0,0.0,0.0,512,98.0
2023,Kirk Merritt,WR,NO,3.0,0.0,0.0,0.0,0,0,0,0,0,0,bye,0,0,0,0.0,0.0,0.0,0.0,2,3.0
2023,Ko Kieft,TE,TB,47.0,25.0,21.0,21.0,bye,25,16,9,15,11,13,13,16,4,21.0,23.0,0.0,35.0,207,20.0
2023,Kristian Wilkerson,WR,LV,22.0,73.0,0.0,0.0,0,0,0,0,0,0,0,0,bye,0,0.0,0.0,0.0,0.0,42,42.0
2023,Kwamie Lassiter,WR,CIN,0.0,0.0,0.0,0.0,6,0,bye,0,0,0,0,0,0,0,0.0,0.0,0.0,0.0,5,6.0
2023,Kyle Allen,QB,BUF,0.0,5.0,16.0,14.0,0,3,0,0,0,0,5,0,bye,0,10.0,0.0,3.0,0.0,38,8.0
2023,Kyle Juszczyk,RB,SF,62.0,42.0,51.0,65.0,39,55,42,37,bye,61,42,42,37,43,50.0,40.0,56.0,23.0,495,46.0
2023,Kyle Philips,WR,TEN,0.0,0.0,0.0,0.0,22,49,bye,26,30,35,28,23,0,4,0.0,0.0,0.0,7.0,132,24.0
2023,Kyle Pitts,TE,ATL,62.0,70.0,78.0,64.0,53,55,52,60,57,70,bye,50,66,85,65.0,72.0,73.0,64.0,728,64.0
2023,Kyle Trask,QB,TB,0.0,0.0,0.0,0.0,bye,0,0,0,0,2,0,3,0,0,0.0,0.0,0.0,0.0,3,2.0
2023,Kylen Granson,TE,IND,61.0,65.0,52.0,55.0,39,58,0,0,49,56,bye,42,34,38,30.0,39.0,62.0,62.0,496,49.0
2023,Kyler Murray,QB,ARI,0.0,0.0,0.0,0.0,0,0,0,0,0,97,100,99,100,bye,97.0,100.0,99.0,97.0,538,99.0
2023,Kyren Williams,RB,LAR,65.0,95.0,100.0,72.0,84,82,0,0,0,bye,0,61,94,90,77.0,79.0,94.0,0.0,678,82.0
2023,La'Mical Perine,RB,KC,0.0,0.0,0.0,0.0,0,0,0,0,7,bye,0,2,0,0,0.0,4.0,7.0,81.0,59,19.0
2023,Lamar Jackson,QB,BAL,100.0,100.0,100.0,95.0,100,100,95,100,75,100,100,100,bye,100,100.0,100.0,93.0,0.0,1040,97.0
2023,Laquon Treadwell,WR,BAL,0.0,0.0,0.0,29.0,0,0,0,0,0,0,0,0,bye,0,0.0,0.0,9.0,75.0,65,38.0
2023,Latavius Murray,RB,BUF,23.0,23.0,25.0,33.0,18,49,45,33,45,52,32,44,bye,32,21.0,13.0,28.0,0.0,351,32.0
2023,Laviska Shenault,WR,CAR,32.0,17.0,14.0,18.0,24,16,bye,0,0,0,5,3,0,0,0.0,0.0,0.0,0.0,92,16.0
2023,Lawrence Cager,WR,NYG,29.0,0.0,0.0,7.0,0,6,0,0,41,23,13,25,bye,16,5.0,0.0,0.0,0.0,101,18.0
2023,Leonard Fournette,RB,BUF,0.0,0.0,0.0,0.0,0,0,0,0,0,0,0,0,bye,0,0.0,18.0,0.0,21.0,26,20.0
2023,Leroy Watson IV,TE,CLE,0.0,0.0,0.0,0.0,bye,0,0,0,0,3,0,0,0,7,4.0,0.0,0.0,85.0,55,20.0
2023,Lil'Jordan Humphrey,WR,DEN,70.0,32.0,21.0,21.0,13,29,34,31,bye,19,35,30,42,57,58.0,58.0,65.0,59.0,428,40.0
2023,Logan Thomas,TE,WAS,82.0,40.0,0.0,79.0,79,78,68,74,73,74,70,64,62,bye,80.0,70.0,61.0,53.0,732,70.0
2023,Logan Woodside,QB,ATL,0.0,0.0,0.0,0.0,0,0,0,0,0,0,bye,0,0,0,0.0,0.0,0.0,16.0,10,16.0
2023,Lucas Krull,TE,DEN,0.0,0.0,0.0,0.0,0,0,0,0,bye,27,0,0,37,25,45.0,32.0,33.0,54.0,166,36.0
2023,Lucky Jackson,WR,MIN,0.0,0.0,0.0,0.0,0,0,0,0,0,0,0,0,bye,0,0.0,2.0,2.0,1.0,3,2.0
2023,Luke Farrell,TE,JAC,47.0,28.0,34.0,39.0,38,45,36,46,bye,16,39,42,41,30,34.0,8.0,49.0,23.0,411,35.0
2023,Luke Musgrave,TE,GB,75.0,88.0,86.0,25.0,69,bye,67,72,83,74,64,0,0,0,0.0,0.0,0.0,15.0,468,66.0
2023,Luke Schoonmaker,TE,DAL,28.0,36.0,23.0,56.0,41,27,bye,38,16,36,35,41,28,23,21.0,20.0,26.0,39.0,368,31.0
2023,Lynn Bowden,WR,NO,0.0,0.0,8.0,17.0,12,11,14,36,22,28,bye,64,72,77,60.0,22.0,26.0,30.0,326,32.0
2023,Mac Jones,QB,NE,100.0,100.0,100.0,73.0,72,95,100,100,100,88,bye,51,0,0,0.0,0.0,0.0,0.0,635,90.0
2023,Mack Hollins,WR,ATL,63.0,71.0,72.0,79.0,39,34,35,21,20,0,bye,0,0,8,0.0,23.0,29.0,21.0,345,39.0
2023,Malik Cunningham,QB,Multi,0.0,0.0,0.0,0.0,0,10,0,0,0,0,0,0,0,0,0.0,0.0,0.0,7.0,10,9.0
2023,Malik Heath,WR,GB,48.0,20.0,14.0,0.0,0,bye,0,0,10,4,21,20,17,34,33.0,77.0,62.0,38.0,260,31.0
2023,Malik Taylor,WR,NYJ,0.0,0.0,0.0,0.0,0,0,bye,36,22,15,0,0,0,0,0.0,0.0,0.0,0.0,51,24.0
2023,Malik Willis,QB,TEN,0.0,0.0,4.0,0.0,0,33,bye,3,0,0,0,0,0,0,0.0,0.0,0.0,0.0,22,13.0
2023,Marcedes Lewis,TE,CHI,7.0,15.0,18.0,29.0,34,24,32,26,21,28,40,34,bye,25,34.0,50.0,39.0,33.0,332,29.0
2023,Marcus Mariota,QB,PHI,0.0,0.0,0.0,0.0,0,0,0,0,0,bye,0,0,7,4,0.0,0.0,0.0,57.0,44,23.0
2023,Mark Andrews,TE,BAL,0.0,79.0,82.0,69.0,94,85,73,75,58,72,11,0,bye,0,0.0,0.0,0.0,0.0,467,70.0
2023,Marquez Callaway,WR,NO,0.0,0.0,0.0,0.0,0,0,0,0,0,0,bye,0,16,8,21.0,0.0,0.0,0.0,28,15.0
2023,Marquez Valdes-Scantling,WR,KC,63.0,82.0,53.0,54.0,65,56,69,57,55,bye,47,53,49,33,34.0,80.0,70.0,0.0,618,58.0
2023,Marquise Brown,WR,ARI,84.0,94.0,95.0,94.0,91,89,92,95,90,100,95,87,53,bye,32.0,0.0,0.0,0.0,784,85.0
2023,Marquise Goodwin,WR,CLE,14.0,17.0,7.0,6.0,bye,20,24,12,11,0,0,0,0,12,10.0,13.0,18.0,0.0,122,14.0
2023,Marvin Jones,WR,DET,56.0,52.0,41.0,28.0,58,29,0,0,bye,0,0,0,0,0,0.0,0.0,0.0,0.0,178,43.0
2023,Marvin Mims,WR,DEN,27.0,24.0,24.0,35.0,32,23,31,39,bye,69,56,48,30,37,42.0,43.0,0.0,43.0,384,38.0
2023,Mason Kinsey,WR,TEN,0.0,0.0,4.0,2.0,0,0,bye,0,0,0,0,0,0,0,3.0,5.0,9.0,22.0,25,7.0
2023,Mason Rudolph,QB,PIT,0.0,0.0,0.0,0.0,0,bye,0,0,0,0,0,0,0,0,10.0,100.0,100.0,100.0,199,79.0
2023,Matt Barkley,QB,JAC,0.0,0.0,0.0,0.0,0,0,0,0,bye,0,0,0,0,0,0.0,0.0,10.0,0.0,6,10.0
2023,Matt Breida,RB,NYG,23.0,3.0,82.0,73.0,58,23,16,11,29,23,11,19,bye,18,39.0,8.0,5.0,7.0,288,26.0
2023,Matt Bushman,TE,KC,11.0,0.0,0.0,0.0,0,0,0,0,0,bye,0,0,0,0,0.0,0.0,0.0,0.0,7,11.0
2023,Matt Sokol,TE,NE,0.0,0.0,0.0,0.0,0,0,0,0,0,0,bye,0,0,0,0.0,17.0,2.0,5.0,14,8.0
2023,Matthew Stafford,QB,LAR,100.0,100.0,100.0,100.0,100,100,100,68,0,bye,100,96,100,100,100.0,100.0,100.0,0.0,1000,98.0
2023,Mecole Hardman,WR,Multi,0.0,30.0,3.0,10.0,0,9,16,36,22,0,20,0,0,0,0.0,0.0,9.0,100.0,153,25.0
2023,Melvin Gordon,RB,BAL,0.0,0.0,40.0,19.0,0,0,0,0,0,0,0,0,bye,0,0.0,0.0,14.0,14.0,56,23.0
2023,Michael Bandy,WR,DEN,0.0,0.0,0.0,0.0,0,0,0,0,bye,0,0,0,0,0,0.0,0.0,3.0,0.0,2,3.0
2023,Michael Burton,RB,DEN,9.0,20.0,11.0,23.0,10,23,20,20,bye,16,16,24,13,21,14.0,23.0,20.0,16.0,189,18.0
2023,Michael Carter,RB,Multi,22.0,32.0,24.0,31.0,31,20,0,23,31,14,0,38,19,0,24.0,3.0,17.0,13.0,224,23.0
2023,Michael Gallup,WR,DAL,67.0,72.0,69.0,53.0,82,70,bye,51,48,47,35,33,46,49,51.0,50.0,31.0,28.0,612,52.0
2023,Michael Mayer,TE,LV,49.0,40.0,47.0,51.0,66,81,71,91,88,88,80,84,bye,94,64.0,0.0,0.0,0.0,602,71.0
2023,Michael Pittman,WR,IND,97.0,98.0,100.0,95.0,100,100,97,99,89,95,bye,96,96,86,31.0,0.0,89.0,100.0,991,92.0
2023,Michael Thomas,WR,NO,80.0,78.0,75.0,80.0,71,83,83,67,63,3,bye,0,0,0,0.0,0.0,0.0,0.0,490,69.0
2023,Michael Wilson,WR,ARI,90.0,43.0,67.0,70.0,75,88,83,88,0,89,0,0,0,bye,88.0,90.0,86.0,83.0,709,80.0
2023,Mike Boone,RB,HOU,32.0,0.0,7.0,6.0,12,16,bye,17,26,19,13,0,0,0,0.0,0.0,0.0,0.0,102,17.0
2023,Mike Evans,WR,TB,84.0,61.0,81.0,37.0,bye,80,78,85,83,72,79,92,82,93,85.0,77.0,82.0,86.0,863,78.0
2023,Mike Gesicki,TE,NE,41.0,72.0,47.0,60.0,30,60,50,28,86,67,bye,26,9,33,40.0,66.0,68.0,72.0,530,50.0
2023,Mike Strachan,WR,CAR,0.0,0.0,0.0,0.0,0,0,bye,0,0,22,14,0,43,2,0.0,0.0,0.0,0.0,54,20.0
2023,Mike White,QB,MIA,0.0,0.0,21.0,0.0,0,16,0,0,0,bye,0,1,21,0,13.0,0.0,7.0,0.0,53,13.0
2023,Mike Williams,WR,LAC,77.0,90.0,67.0,0.0,bye,0,0,0,0,0,0,0,0,0,0.0,0.0,0.0,0.0,167,78.0
2023,Miles Boykin,WR,PIT,8.0,7.0,13.0,10.0,18,bye,0,7,9,14,10,11,20,11,7.0,29.0,8.0,8.0,121,12.0
2023,Miles Sanders,RB,CAR,57.0,62.0,65.0,43.0,46,0,bye,18,25,38,46,36,32,21,27.0,36.0,26.0,13.0,406,38.0
2023,Mitchell Tinsley,WR,WAS,0.0,4.0,0.0,0.0,0,0,0,0,0,0,0,0,0,bye,0.0,0.0,0.0,0.0,3,4.0
2023,Mitchell Trubisky,QB,PIT,0.0,0.0,0.0,17.0,0,bye,0,58,0,0,0,0,51,100,90.0,0.0,0.0,0.0,202,64.0
2023,Mitchell Wilcox,TE,CIN,13.0,3.0,42.0,36.0,26,11,bye,14,14,8,7,28,16,37,24.0,23.0,26.0,28.0,230,21.0
2023,Mo Alie-Cox,TE,IND,42.0,40.0,30.0,27.0,18,10,46,32,51,60,bye,47,34,28,52.0,27.0,61.0,53.0,434,38.0
2023,Montrell Washington,WR,KC,0.0,0.0,0.0,0.0,0,0,0,0,0,bye,0,3,0,0,0.0,0.0,0.0,0.0,2,3.0
2023,MyCole Pruitt,TE,ATL,48.0,46.0,27.0,33.0,45,39,38,28,42,42,bye,26,29,29,44.0,38.0,24.0,23.0,402,36.0
2023,N'Keal Harry,WR,MIN,0.0,0.0,0.0,0.0,1,2,6,6,8,5,3,2,bye,0,0.0,0.0,0.0,0.0,23,4.0
2023,Najee Harris,RB,PIT,52.0,57.0,50.0,49.0,56,bye,58,52,58,51,57,54,59,57,34.0,44.0,53.0,60.0,569,53.0
2023,Nate Adkins,TE,DEN,0.0,8.0,10.0,13.0,11,0,10,6,bye,0,15,10,0,0,0.0,0.0,4.0,13.0,60,10.0
2023,Nathan Peterman,QB,CHI,0.0,0.0,0.0,0.0,0,0,4,0,0,0,0,0,bye,0,0.0,0.0,0.0,2.0,4,3.0
2023,Nelson Agholor,WR,BAL,38.0,33.0,72.0,74.0,59,52,37,42,55,43,39,41,bye,60,40.0,54.0,46.0,100.0,582,52.0
2023,Nick Bawden,RB,NYJ,15.0,4.0,8.0,7.0,26,9,bye,8,4,8,4,10,13,32,17.0,0.0,11.0,23.0,127,13.0
2023,Nick Chubb,RB,CLE,49.0,21.0,0.0,0.0,bye,0,0,0,0,0,0,0,0,0,0.0,0.0,0.0,0.0,54,34.0
2023,Nick Mullens,QB,MIN,0.0,0.0,0.0,0.0,0,0,0,0,0,0,0,0,bye,26,100.0,100.0,55.0,100.0,244,76.0
2023,Nick Muse,TE,MIN,0.0,0.0,0.0,0.0,0,0,0,0,0,0,0,0,bye,0,0.0,0.0,0.0,3.0,2,3.0
2023,Nick Vannett,TE,LAC,0.0,0.0,0.0,0.0,bye,0,0,0,21,15,17,0,0,22,35.0,23.0,17.0,31.0,125,23.0
2023,Nick Westbrook-Ikhine,WR,TEN,81.0,68.0,81.0,83.0,70,71,bye,50,58,62,55,75,82,89,48.0,0.0,0.0,0.0,611,70.0
2023,Nico Collins,WR,HOU,71.0,62.0,66.0,76.0,88,73,bye,72,79,0,76,77,81,5,0.0,47.0,62.0,84.0,669,68.0
2023,Noah Brown,WR,HOU,68.0,0.0,0.0,0.0,0,56,bye,72,72,75,0,0,81,66,86.0,81.0,11.0,0.0,463,68.0
2023,Noah Fant,TE,SEA,49.0,47.0,63.0,45.0,bye,42,60,59,53,59,62,59,64,61,62.0,76.0,45.0,15.0,574,55.0
2023,Noah Gray,TE,KC,88.0,61.0,61.0,49.0,65,55,51,48,52,bye,41,50,36,39,51.0,42.0,59.0,47.0,592,52.0
2023,Noah Togiai,TE,PHI,0.0,0.0,0.0,0.0,0,0,0,0,0,bye,0,11,0,0,0.0,0.0,0.0,0.0,7,11.0
2023,Odell Beckham,WR,BAL,92.0,52.0,0.0,0.0,53,41,57,57,46,33,35,32,bye,53,54.0,54.0,32.0,0.0,465,50.0
2023,Olamide Zaccheaus,WR,PHI,11.0,45.0,55.0,86.0,11,81,57,48,42,bye,39,27,33,27,7.0,24.0,12.0,82.0,471,41.0
2023,PJ Walker,QB,CLE,0.0,0.0,0.0,0.0,bye,99,84,99,8,1,0,29,0,0,0.0,0.0,0.0,0.0,243,54.0
2023,Parker Hesse,TE,ATL,13.0,0.0,0.0,0.0,0,0,0,0,0,0,bye,37,26,0,0.0,0.0,0.0,0.0,48,26.0
2023,Parker Washington,WR,JAC,0.0,0.0,0.0,2.0,0,0,0,0,bye,0,14,1,59,62,45.0,58.0,40.0,68.0,239,39.0
2023,Parris Campbell,WR,NYG,67.0,66.0,42.0,31.0,22,0,6,4,22,30,20,12,bye,0,0.0,0.0,0.0,0.0,207,29.0
2023,Pat Freiermuth,TE,PIT,51.0,76.0,79.0,51.0,0,bye,0,0,0,0,53,59,59,69,76.0,63.0,64.0,61.0,474,63.0
2023,Patrick Mahomes,QB,KC,100.0,100.0,73.0,100.0,100,100,100,100,100,bye,100,100,100,100,100.0,100.0,100.0,0.0,1051,98.0
2023,Patrick Ricard,RB,BAL,44.0,33.0,26.0,40.0,37,32,40,54,30,59,36,44,bye,32,53.0,41.0,53.0,21.0,443,39.0
2023,Patrick Taylor,RB,GB,12.0,22.0,39.0,0.0,36,bye,0,0,0,0,0,48,31,47,43.0,30.0,27.0,18.0,226,33.0
2023,Payne Durham,TE,TB,0.0,0.0,0.0,0.0,bye,11,21,12,15,17,17,20,18,6,21.0,15.0,11.0,14.0,128,15.0
2023,Peyton Hendershot,TE,DAL,48.0,36.0,46.0,0.0,0,0,bye,0,0,0,0,0,0,18,12.0,24.0,28.0,10.0,159,28.0
2023,Pharaoh Brown,TE,NE,8.0,11.0,35.0,40.0,20,32,38,40,11,48,bye,54,50,49,58.0,47.0,68.0,58.0,399,38.0
2023,Phillip Dorsett,WR,DEN,9.0,0.0,0.0,0.0,0,0,0,0,bye,0,0,0,0,0,0.0,0.0,41.0,0.0,34,26.0
2023,Pierre Strong,RB,CLE,0.0,15.0,11.0,13.0,bye,1,31,31,7,0,4,3,14,7,17.0,16.0,23.0,51.0,169,16.0
2023,Puka Nacua,WR,LAR,78.0,86.0,96.0,95.0,100,96,93,92,81,bye,88,81,62,94,100.0,99.0,98.0,43.0,1000,87.0
2023,Qadree Ollison,RB,PIT,0.0,0.0,2.0,0.0,0,bye,0,0,0,0,0,0,0,0,0.0,0.0,0.0,0.0,1,2.0
2023,Quentin Johnston,WR,LAC,27.0,15.0,24.0,51.0,bye,48,54,70,83,85,86,44,77,88,92.0,83.0,91.0,87.0,748,65.0
2023,Quez Watkins,WR,PHI,79.0,14.0,0.0,0.0,66,0,0,0,0,bye,0,24,64,47,52.0,1.0,0.0,98.0,304,49.0
2023,Quintin Morris,TE,BUF,9.0,19.0,28.0,26.0,10,30,0,0,3,26,38,26,bye,9,26.0,4.0,10.0,3.0,185,18.0
2023,Rachaad White,RB,TB,79.0,72.0,91.0,70.0,bye,79,75,82,80,71,80,87,87,84,81.0,68.0,73.0,74.0,861,78.0
2023,Raheem Blackshear,RB,CAR,0.0,0.0,0.0,0.0,0,17,bye,15,10,12,3,0,3,5,2.0,2.0,4.0,6.0,51,7.0
2023,Raheem Mostert,RB,MIA,73.0,73.0,51.0,43.0,59,61,53,56,56,bye,79,60,38,64,54.0,29.0,0.0,0.0,555,57.0
2023,Rakim Jarrett,WR,TB,9.0,23.0,13.0,18.0,bye,12,29,15,12,22,20,0,0,0,0.0,0.0,0.0,0.0,115,18.0
2023,Randall Cobb,WR,NYJ,41.0,49.0,73.0,39.0,35,55,bye,0,0,0,0,12,0,19,12.0,0.0,4.0,11.0,210,31.0
2023,Rashaad Penny,RB,PHI,0.0,12.0,0.0,0.0,0,0,0,0,3,bye,0,0,0,0,0.0,0.0,0.0,31.0,31,15.0
2023,Rashee Rice,WR,KC,31.0,18.0,51.0,46.0,30,49,59,61,68,bye,57,67,69,85,92.0,75.0,78.0,0.0,622,58.0
2023,Rashid Shaheed,WR,NO,54.0,49.0,72.0,58.0,57,76,70,27,51,69,bye,26,0,0,58.0,82.0,54.0,67.0,604,58.0
2023,Rashod Bateman,WR,BAL,39.0,59.0,69.0,0.0,39,48,48,62,57,74,77,80,bye,47,44.0,54.0,72.0,47.0,610,57.0
2023,Ray-Ray McCloud,WR,SF,4.0,7.0,46.0,24.0,18,71,36,49,bye,0,3,12,0,0,0.0,0.0,0.0,59.0,209,30.0
2023,Reggie Gilliam,RB,BUF,6.0,12.0,15.0,17.0,12,8,6,3,0,2,7,6,bye,13,21.0,4.0,6.0,8.0,99,9.0
2023,Rhamondre Stevenson,RB,NE,73.0,73.0,65.0,64.0,50,65,65,58,62,67,bye,78,27,0,0.0,0.0,0.0,0.0,486,63.0
2023,Richie James,WR,KC,35.0,4.0,0.0,0.0,0,0,0,0,0,bye,0,15,6,17,3.0,33.0,22.0,83.0,137,24.0
2023,Rico Dowdle,RB,DAL,16.0,21.0,14.0,9.0,20,16,bye,35,19,28,29,22,18,28,26.0,17.0,0.0,36.0,247,22.0
2023,River Cracraft,WR,MIA,40.0,29.0,34.0,0.0,0,0,0,0,0,bye,30,34,39,19,13.0,0.0,22.0,17.0,185,28.0
2023,Robbie Chosen,WR,MIA,0.0,0.0,58.0,28.0,19,25,0,0,0,bye,7,0,0,0,38.0,8.0,19.0,4.0,135,23.0
2023,Robert Tonyan,TE,CHI,5.0,34.0,16.0,26.0,33,24,31,23,22,32,17,27,bye,24,23.0,44.0,66.0,33.0,323,28.0
2023,Robert Woods,WR,HOU,75.0,86.0,77.0,72.0,67,62,bye,0,0,60,75,58,47,71,81.0,81.0,64.0,0.0,666,70.0
2023,Rodney Williams,TE,PIT,0.0,0.0,0.0,0.0,6,bye,19,18,5,5,0,6,8,6,3.0,3.0,6.0,2.0,55,7.0
2023,Romeo Doubs,WR,GB,48.0,76.0,86.0,88.0,86,bye,81,82,86,82,68,86,81,82,90.0,88.0,76.0,18.0,845,77.0
2023,Rondale Moore,WR,ARI,68.0,65.0,54.0,76.0,67,66,67,71,69,65,72,75,54,bye,64.0,82.0,66.0,57.0,757,67.0
2023,Ronnie Bell,WR,SF,10.0,47.0,37.0,16.0,20,2,0,8,bye,19,8,9,12,0,14.0,4.0,14.0,62.0,183,19.0
2023,Ronnie Rivers,RB,LAR,0.0,5.0,0.0,28.0,16,7,0,0,0,bye,0,0,0,0,0.0,21.0,6.0,51.0,93,20.0
2023,Roschon Johnson,RB,CHI,39.0,42.0,45.0,22.0,9,0,0,36,29,42,33,74,bye,28,49.0,46.0,49.0,50.0,395,39.0
2023,Ross Dwelley,TE,SF,18.0,2.0,14.0,7.0,21,6,6,7,bye,24,3,5,2,0,0.0,0.0,0.0,0.0,76,10.0
2023,Royce Freeman,RB,LAR,0.0,0.0,0.0,0.0,0,0,43,53,41,bye,63,34,6,10,23.0,0.0,0.0,40.0,207,34.0
2023,Russell Wilson,QB,DEN,100.0,100.0,100.0,100.0,100,100,100,100,bye,100,100,100,100,100,94.0,100.0,0.0,0.0,938,100.0
2023,Ryan Miller,WR,TB,0.0,0.0,0.0,0.0,bye,0,0,0,0,0,0,0,5,0,0.0,0.0,0.0,0.0,3,5.0
2023,Ryan Tannehill,QB,TEN,100.0,100.0,96.0,100.0,100,67,bye,0,0,0,0,0,0,0,0.0,100.0,76.0,100.0,500,94.0
2023,SaRodorick Thompson,RB,SEA,0.0,0.0,0.0,0.0,bye,0,3,0,0,0,0,0,0,0,0.0,0.0,0.0,0.0,2,3.0
2023,Salvon Ahmed,RB,MIA,28.0,19.0,0.0,6.0,0,36,37,25,30,bye,29,0,0,0,0.0,0.0,0.0,0.0,135,26.0
2023,Sam Darnold,QB,SF,3.0,0.0,5.0,2.0,15,0,0,0,bye,21,0,0,7,0,18.0,27.0,7.0,100.0,130,20.0
2023,Sam Ehlinger,QB,IND,0.0,0.0,0.0,0.0,0,0,0,0,0,0,bye,0,0,5,0.0,0.0,0.0,0.0,3,5.0
2023,Sam Howell,QB,WAS,100.0,100.0,100.0,100.0,100,100,100,100,100,100,100,100,95,bye,73.0,56.0,100.0,100.0,1061,96.0
2023,Sam LaPorta,TE,DET,83.0,82.0,74.0,80.0,87,83,72,94,bye,80,85,87,81,86,95.0,95.0,100.0,40.0,981,83.0
2023,Samaje Perine,RB,DEN,45.0,50.0,31.0,46.0,60,17,25,24,bye,33,36,27,20,21,39.0,35.0,25.0,38.0,360,34.0
2023,Samori Toure,WR,GB,35.0,46.0,42.0,19.0,5,bye,11,6,0,0,0,5,0,26,0.0,11.0,12.0,0.0,139,20.0
2023,Saquon Barkley,RB,NYG,64.0,97.0,0.0,0.0,0,78,84,89,75,61,91,81,bye,86,50.0,89.0,89.0,70.0,717,79.0
2023,Scotty Miller,WR,ATL,19.0,12.0,15.0,24.0,23,34,23,34,30,21,bye,39,25,25,19.0,11.0,14.0,31.0,267,24.0
2023,Sean Clifford,QB,GB,8.0,0.0,0.0,0.0,0,bye,0,0,0,0,0,0,0,0,0.0,0.0,11.0,0.0,13,10.0
2023,Sean McKeon,TE,DAL,0.0,0.0,0.0,26.0,12,12,bye,17,12,17,24,19,9,0,0.0,0.0,0.0,0.0,100,16.0
2023,Sean Tucker,RB,TB,15.0,24.0,9.0,0.0,bye,0,0,0,0,2,0,0,0,0,0.0,0.0,0.0,0.0,32,13.0
2023,Shedrick Jackson,WR,CIN,0.0,0.0,0.0,0.0,0,0,bye,0,0,0,8,0,0,0,0.0,0.0,0.0,0.0,5,8.0
2023,Simi Fehoko,WR,LAC,0.0,0.0,0.0,0.0,bye,0,0,23,7,4,2,0,0,0,0.0,0.0,0.0,0.0,24,9.0
2023,Skyy Moore,WR,KC,69.0,58.0,65.0,59.0,56,52,60,54,25,bye,51,57,66,35,25.0,0.0,0.0,0.0,495,53.0
2023,Stanley Morgan,WR,CIN,0.0,0.0,0.0,0.0,0,0,bye,0,0,6,0,0,0,0,0.0,0.0,0.0,0.0,4,6.0
2023,Stefon Diggs,WR,BUF,84.0,87.0,66.0,76.0,87,93,87,99,95,98,80,92,bye,79,46.0,60.0,65.0,88.0,949,82.0
2023,Stephen Anderson,TE,LAC,0.0,0.0,0.0,0.0,bye,0,0,0,0,0,0,0,3,3,0.0,0.0,0.0,0.0,4,3.0
2023,Stephen Sullivan,TE,CAR,0.0,0.0,0.0,0.0,0,9,bye,19,21,0,19,27,46,34,21.0,21.0,22.0,10.0,170,23.0
2023,Sterling Shepard,WR,NYG,20.0,15.0,4.0,7.0,28,1,15,0,2,19,47,31,bye,0,5.0,2.0,7.0,25.0,142,15.0
2023,Steven Sims,WR,HOU,0.0,0.0,0.0,0.0,0,0,bye,0,0,0,3,2,0,0,9.0,0.0,0.0,0.0,10,5.0
2023,Stone Smartt,TE,LAC,7.0,32.0,26.0,40.0,bye,15,44,57,16,31,35,12,13,0,26.0,31.0,29.0,39.0,309,28.0
2023,TJ Hockenson,TE,MIN,75.0,86.0,89.0,88.0,79,79,84,85,84,63,70,80,bye,93,87.0,44.0,0.0,0.0,790,79.0
2023,Tank Bigsby,RB,JAC,21.0,19.0,12.0,12.0,15,27,14,8,bye,18,14,3,3,1,2.0,0.0,27.0,13.0,141,13.0
2023,Tank Dell,WR,HOU,48.0,79.0,61.0,70.0,36,0,bye,78,85,96,76,80,13,0,0.0,0.0,0.0,0.0,494,66.0
2023,Tanner Conner,TE,MIA,0.0,0.0,0.0,0.0,0,15,2,0,0,bye,0,0,15,0,0.0,0.0,0.0,0.0,20,11.0
2023,Tanner Hudson,TE,CIN,0.0,0.0,47.0,43.0,0,0,bye,0,23,31,34,30,16,23,36.0,50.0,46.0,47.0,276,36.0
2023,Tay Martin,WR,SF,0.0,0.0,0.0,0.0,0,0,0,0,bye,0,0,0,0,0,0.0,0.0,4.0,0.0,3,4.0
2023,Taylor Heinicke,QB,ATL,0.0,0.0,0.0,0.0,0,0,0,54,100,69,bye,0,0,0,0.0,100.0,88.0,0.0,271,82.0
2023,Taysom Hill,TE,NO,14.0,40.0,30.0,51.0,39,60,58,44,46,30,bye,35,42,0,19.0,17.0,34.0,42.0,425,38.0
2023,Teagan Quitoriano,TE,HOU,29.0,26.0,34.0,42.0,40,35,bye,34,0,0,0,0,0,0,0.0,0.0,0.0,0.0,158,34.0
2023,Teddy Bridgewater,QB,DET,0.0,0.0,0.0,0.0,5,0,0,0,bye,0,0,0,0,0,0.0,0.0,0.0,0.0,3,5.0
2023,Tee Higgins,WR,CIN,95.0,88.0,86.0,51.0,0,54,bye,67,83,0,0,0,78,75,87.0,81.0,41.0,0.0,573,74.0
2023,Terrace Marshall,WR,CAR,90.0,37.0,59.0,63.0,0,32,bye,6,44,78,0,0,0,0,0.0,0.0,0.0,92.0,335,55.0
2023,Terrell Bynum,WR,LAC,0.0,0.0,0.0,0.0,bye,0,0,0,0,0,2,0,0,0,0.0,0.0,0.0,0.0,1,2.0
2023,Terry McLaurin,WR,WAS,89.0,74.0,81.0,81.0,83,84,88,94,86,87,80,85,82,bye,85.0,92.0,89.0,88.0,941,85.0
2023,Tim Boyle,QB,NYJ,0.0,0.0,0.0,0.0,0,0,bye,0,0,0,33,100,66,0,0.0,0.0,0.0,0.0,122,67.0
2023,Tim Jones,WR,JAC,3.0,9.0,33.0,59.0,26,20,25,35,bye,58,20,7,25,13,35.0,68.0,62.0,11.0,339,29.0
2023,Tommy DeVito,QB,NYG,0.0,0.0,0.0,0.0,0,0,0,67,67,100,100,100,bye,100,94.0,51.0,0.0,6.0,406,74.0
2023,Tommy Tremble,TE,CAR,23.0,13.0,28.0,43.0,20,45,bye,54,45,45,76,72,0,65,83.0,73.0,70.0,85.0,554,51.0
2023,Tony Jones,RB,Multi,11.0,52.0,49.0,17.0,0,0,0,0,40,11,26,0,0,0,0.0,0.0,0.0,0.0,132,30.0
2023,Tony Pollard,RB,DAL,64.0,64.0,86.0,53.0,69,80,bye,65,77,69,62,76,78,72,72.0,70.0,85.0,57.0,836,71.0
2023,Travis Etienne,RB,JAC,80.0,72.0,71.0,85.0,83,80,88,89,bye,61,66,62,62,78,69.0,73.0,62.0,66.0,856,73.0
2023,Travis Homer,RB,CHI,0.0,0.0,4.0,0.0,0,0,4,2,0,0,0,0,bye,0,0.0,0.0,0.0,0.0,6,3.0
2023,Travis Kelce,TE,KC,0.0,64.0,61.0,79.0,59,69,75,85,77,bye,94,77,88,89,77.0,80.0,81.0,0.0,775,77.0
2023,Travis Vokolek,TE,ARI,0.0,0.0,0.0,0.0,0,0,0,0,0,0,0,0,0,bye,0.0,0.0,25.0,30.0,40,27.0
2023,Trayveon Williams,RB,CIN,29.0,17.0,18.0,11.0,15,17,bye,17,19,22,31,19,7,2,6.0,5.0,14.0,2.0,156,14.0
2023,Tre Tucker,WR,LV,0.0,23.0,17.0,25.0,11,31,49,13,47,23,39,22,bye,6,45.0,40.0,69.0,64.0,334,34.0
2023,Tre' McKitty,TE,LAC,7.0,7.0,15.0,35.0,bye,10,0,22,0,0,0,0,0,0,0.0,0.0,0.0,0.0,66,16.0
2023,Tre'Quan Smith,WR,DEN,0.0,0.0,0.0,0.0,0,0,0,14,bye,0,0,0,0,0,0.0,0.0,0.0,0.0,10,14.0
2023,Trent Sherfield,WR,BUF,16.0,41.0,46.0,47.0,18,36,23,32,36,17,13,20,bye,19,57.0,60.0,28.0,71.0,392,34.0
2023,Trent Taylor,WR,CHI,5.0,43.0,0.0,0.0,0,3,8,15,7,8,7,6,bye,14,7.0,6.0,36.0,25.0,123,13.0
2023,Trenton Irwin,WR,CIN,21.0,18.0,0.0,42.0,76,44,bye,27,20,81,95,72,21,20,14.0,41.0,50.0,41.0,429,42.0
2023,Trevon Wesco,TE,TEN,40.0,62.0,42.0,39.0,47,44,bye,59,53,35,40,64,54,35,44.0,0.0,0.0,20.0,424,46.0
2023,Trevor Lawrence,QB,JAC,100.0,100.0,93.0,100.0,100,95,100,100,bye,95,89,100,77,100,100.0,68.0,0.0,100.0,1047,95.0
2023,Trevor Siemian,QB,NYJ,0.0,0.0,0.0,0.0,0,0,bye,0,0,0,0,0,34,0,62.0,100.0,100.0,100.0,287,81.0
2023,Trey McBride,TE,ARI,37.0,51.0,49.0,27.0,33,58,53,82,69,77,100,86,96,bye,72.0,97.0,88.0,97.0,786,69.0
2023,Trey Palmer,WR,TB,34.0,49.0,72.0,75.0,bye,66,64,81,73,83,72,68,61,85,56.0,53.0,73.0,45.0,718,65.0
2023,Trey Sermon,RB,IND,0.0,0.0,21.0,16.0,5,9,0,0,5,2,bye,1,1,5,43.0,20.0,32.0,0.0,108,13.0
2023,Treylon Burks,WR,TEN,90.0,65.0,75.0,0.0,0,0,bye,51,51,0,0,0,12,65,76.0,73.0,82.0,69.0,443,62.0
2023,Trishton Jackson,WR,MIN,0.0,0.0,1.0,0.0,0,7,16,12,71,3,0,0,bye,0,0.0,0.0,0.0,0.0,80,19.0
2023,Tua Tagovailoa,QB,MIA,100.0,100.0,79.0,100.0,100,84,100,100,100,bye,100,99,79,100,87.0,100.0,93.0,100.0,1045,95.0
2023,Tucker Fisk,TE,ATL,0.0,0.0,0.0,0.0,0,0,3,0,26,0,bye,0,0,0,38.0,22.0,17.0,13.0,72,19.0
2023,Tucker Kraft,TE,GB,22.0,4.0,13.0,23.0,40,bye,50,28,39,51,42,96,95,100,95.0,92.0,82.0,90.0,621,57.0
2023,Tutu Atwell,WR,LAR,79.0,94.0,87.0,78.0,89,88,74,97,67,bye,88,36,39,12,0.0,6.0,6.0,93.0,687,64.0
2023,Ty Chandler,RB,MIN,17.0,12.0,15.0,0.0,0,0,4,1,0,44,31,33,bye,56,81.0,65.0,57.0,53.0,307,35.0
2023,Ty Johnson,RB,BUF,0.0,0.0,0.0,0.0,0,0,1,0,0,2,21,12,bye,21,29.0,0.0,19.0,17.0,91,15.0
2023,Ty Montgomery,RB,NE,9.0,4.0,0.0,2.0,28,5,2,0,0,1,bye,3,5,0,0.0,0.0,0.0,0.0,36,6.0
2023,Tyjae Spears,RB,TEN,54.0,37.0,56.0,53.0,52,56,bye,44,59,60,45,40,67,66,52.0,56.0,62.0,31.0,558,53.0
2023,Tylan Wallace,WR,BAL,0.0,1.0,0.0,0.0,0,0,0,0,16,0,5,3,bye,7,4.0,7.0,18.0,42.0,65,11.0
2023,Tyler Allgeier,RB,ATL,56.0,44.0,30.0,26.0,44,28,51,22,35,27,bye,29,16,21,50.0,20.0,19.0,30.0,360,32.0
2023,Tyler Boyd,WR,CIN,84.0,92.0,77.0,91.0,73,89,bye,86,81,92,90,63,75,52,57.0,80.0,69.0,42.0,824,76.0
2023,Tyler Conklin,TE,NYJ,80.0,87.0,76.0,68.0,55,71,bye,69,62,64,67,60,74,56,66.0,83.0,79.0,77.0,772,70.0
2023,Tyler Goodson,RB,IND,0.0,0.0,0.0,0.0,0,0,0,0,0,0,bye,0,4,9,28.0,20.0,5.0,8.0,50,13.0
2023,Tyler Higbee,TE,LAR,91.0,93.0,96.0,94.0,89,95,90,87,91,bye,99,75,67,0,63.0,74.0,94.0,0.0,866,86.0
2023,Tyler Huntley,QB,BAL,0.0,0.0,0.0,5.0,0,0,5,0,25,0,0,0,bye,0,0.0,0.0,7.0,100.0,86,28.0
2023,Tyler Johnson,WR,LAR,0.0,0.0,0.0,0.0,0,0,0,0,0,bye,0,0,0,0,0.0,0.0,0.0,54.0,36,54.0
2023,Tyler Kroft,TE,MIA,3.0,5.0,0.0,0.0,0,0,0,4,0,bye,30,9,0,0,13.0,0.0,0.0,0.0,43,11.0
2023,Tyler Lockett,WR,SEA,88.0,86.0,81.0,69.0,bye,77,70,84,90,79,55,95,88,81,75.0,81.0,82.0,78.0,839,80.0
2023,Tyler Scott,WR,CHI,18.0,23.0,20.0,19.0,23,59,56,58,59,39,36,17,bye,37,51.0,41.0,59.0,31.0,439,39.0
2023,Tyquan Thornton,WR,NE,0.0,0.0,0.0,0.0,0,42,5,0,19,0,bye,44,80,95,13.0,9.0,70.0,0.0,224,42.0
2023,Tyree Jackson,TE,NYG,0.0,0.0,0.0,0.0,0,0,0,0,0,21,11,0,bye,0,0.0,0.0,0.0,0.0,18,16.0
2023,Tyreek Hill,WR,MIA,66.0,86.0,53.0,72.0,46,57,78,75,90,bye,59,63,51,47,0.0,85.0,72.0,77.0,695,67.0
2023,Tyrion Davis-Price,RB,SF,0.0,0.0,0.0,0.0,10,0,0,0,bye,0,0,0,0,0,0.0,0.0,0.0,0.0,7,10.0
2023,Tyrod Taylor,QB,NYG,4.0,0.0,6.0,3.0,32,100,100,33,0,0,0,0,bye,0,6.0,49.0,100.0,94.0,373,50.0
2023,Tyson Bagent,QB,CHI,0.0,0.0,0.0,0.0,0,47,96,100,100,100,0,0,bye,0,0.0,0.0,0.0,0.0,305,89.0
2023,Van Jefferson,WR,Multi,93.0,83.0,93.0,87.0,4,27,49,71,65,37,0,35,53,44,25.0,41.0,41.0,49.0,621,54.0
2023,Velus Jones,WR,CHI,0.0,8.0,0.0,4.0,8,11,11,5,15,0,0,1,bye,14,14.0,19.0,20.0,23.0,100,12.0
2023,Wan'Dale Robinson,WR,NYG,0.0,0.0,22.0,64.0,67,60,60,80,54,47,67,77,bye,79,85.0,71.0,82.0,69.0,641,66.0
2023,Will Dissly,TE,SEA,31.0,51.0,0.0,53.0,bye,43,57,40,22,41,38,27,36,32,39.0,26.0,43.0,36.0,380,39.0
2023,Will Levis,QB,TEN,0.0,0.0,0.0,0.0,0,0,bye,97,100,100,100,100,100,100,100.0,0.0,24.0,0.0,528,92.0
2023,Will Mallory,TE,IND,0.0,19.0,0.0,0.0,0,12,13,21,0,16,bye,37,18,31,12.0,38.0,16.0,3.0,159,20.0
2023,Willie Snead IV,WR,SF,0.0,0.0,0.0,13.0,0,0,0,2,bye,23,0,0,0,0,0.0,36.0,0.0,0.0,47,19.0
2023,Xavier Gipson,WR,NYJ,2.0,0.0,0.0,19.0,31,11,bye,25,58,68,79,72,71,44,69.0,62.0,70.0,57.0,496,50.0
2023,Xavier Hutchinson,WR,HOU,9.0,21.0,0.0,0.0,14,19,bye,9,12,13,9,12,0,73,84.0,41.0,43.0,64.0,281,30.0
2023,Zach Charbonnet,RB,SEA,24.0,26.0,43.0,24.0,bye,24,0,59,55,52,85,88,61,42,44.0,42.0,57.0,53.0,478,48.0
2023,Zach Ertz,TE,ARI,77.0,68.0,59.0,76.0,75,46,53,0,0,0,0,0,0,bye,0.0,0.0,0.0,0.0,295,64.0
2023,Zach Evans,RB,LAR,0.0,0.0,0.0,0.0,0,11,0,0,0,bye,1,4,0,0,0.0,0.0,0.0,9.0,16,6.0
2023,Zach Gentry,TE,LV,0.0,0.0,0.0,0.0,0,0,0,0,0,0,0,0,bye,0,0.0,0.0,0.0,27.0,18,27.0
2023,Zach Pascal,WR,ARI,8.0,35.0,23.0,30.0,18,14,0,14,60,5,0,10,0,bye,28.0,15.0,22.0,27.0,202,22.0
2023,Zach Wilson,QB,NYJ,93.0,100.0,100.0,100.0,100,100,bye,100,100,100,67,0,0,100,38.0,0.0,0.0,0.0,688,92.0
2023,Zack Kuntz,TE,NYJ,0.0,0.0,0.0,0.0,0,0,bye,0,0,0,0,0,0,0,0.0,0.0,0.0,3.0,2,3.0
2023,Zack Moss,RB,IND,0.0,98.0,76.0,83.0,80,50,50,39,21,16,bye,41,94,84,28.0,0.0,0.0,17.0,531,56.0
2023,Zamir White,RB,LV,8.0,15.0,1.0,10.0,0,6,22,2,8,2,0,3,bye,9,70.0,76.0,57.0,73.0,229,25.0
2023,Zay Flowers,WR,BAL,84.0,77.0,93.0,98.0,99,89,72,75,68,87,98,94,bye,97,84.0,78.0,56.0,0.0,905,85.0
2023,Zay Jones,WR,JAC,89.0,66.0,0.0,0.0,43,0,0,0,bye,0,63,71,93,84,61.0,0.0,0.0,93.0,475,73.0
2023,Zonovan Knight,RB,DET,0.0,0.0,10.0,0.0,3,0,0,0,bye,0,0,0,0,0,0.0,0.0,0.0,0.0,9,7.0
2024,Aaron Jones,RB,MIN,55.0,61.0,60.0,82.0,22,bye,72,92,75,52,53,79,53,63,61.0,82.0,51.0,62.0,700,63.0
2024,Aaron Rodgers,QB,NYJ,75.0,100.0,100.0,100.0,100,100,100,100,100,100,100,bye,100,100,100.0,100.0,63.0,100.0,1030,97.0
2024,Aaron Shampklin,RB,PIT,0.0,0.0,0.0,19.0,19,6,0,0,bye,0,0,0,0,0,0.0,0.0,0.0,0.0,28,14.0
2024,Adam Prentice,RB,NO,36.0,44.0,39.0,32.0,13,17,19,16,27,34,33,bye,19,38,18.0,11.0,10.0,18.0,272,25.0
2024,Adam Thielen,WR,CAR,69.0,94.0,31.0,0.0,0,0,0,0,0,0,bye,61,73,75,85.0,59.0,85.0,76.0,429,69.0
2024,Adam Trautman,TE,DEN,35.0,41.0,68.0,46.0,54,31,62,56,61,59,60,53,56,bye,43.0,44.0,48.0,64.0,574,52.0
2024,Adonai Mitchell,WR,IND,64.0,59.0,13.0,20.0,27,21,23,20,9,94,17,22,58,bye,49.0,89.0,9.0,21.0,383,35.0
2024,Aidan O'Connell,QB,LV,0.0,0.0,20.0,0.0,37,100,18,0,0,bye,0,0,100,66,0.0,100.0,100.0,94.0,427,70.0
2024,Ainias Smith,WR,PHI,0.0,0.0,0.0,0.0,bye,0,0,13,6,26,8,10,0,0,0.0,0.0,8.0,69.0,96,20.0
2024,AJ Barner,TE,SEA,48.0,36.0,28.0,39.0,26,31,40,37,91,bye,85,84,41,38,29.0,30.0,27.0,56.0,501,46.0
2024,AJ Brown,WR,PHI,95.0,0.0,0.0,0.0,bye,92,77,82,47,74,97,89,96,95,91.0,100.0,91.0,0.0,766,86.0
2024,Alec Ingold,RB,MIA,41.0,32.0,43.0,30.0,54,bye,39,42,31,0,0,13,25,24,24.0,37.0,38.0,24.0,337,33.0
2024,Alec Pierce,WR,IND,84.0,95.0,77.0,83.0,74,89,79,78,89,86,80,73,71,bye,46.0,0.0,95.0,82.0,817,80.0
2024,Alex Bachman,WR,LV,0.0,0.0,0.0,2.0,1,43,46,10,0,bye,0,0,0,0,0.0,0.0,0.0,0.0,71,22.0
2024,Alex Erickson,WR,NE,0.0,0.0,0.0,0.0,0,0,0,0,0,0,0,0,0,bye,0.0,0.0,0.0,22.0,14,22.0
2024,Alexander Mattison,RB,LV,60.0,22.0,44.0,36.0,57,68,70,66,39,bye,31,0,0,0,33.0,57.0,31.0,73.0,444,49.0
2024,Allen Lazard,WR,NYJ,100.0,82.0,84.0,88.0,100,94,58,0,0,0,0,bye,0,78,79.0,74.0,86.0,89.0,649,84.0
2024,Alvin Kamara,RB,NO,52.0,63.0,86.0,82.0,89,74,57,55,77,81,73,bye,86,72,45.0,0.0,0.0,0.0,641,71.0
2024,Amari Cooper,WR,Multi,95.0,88.0,90.0,93.0,82,82,35,50,0,0,51,0,47,53,46.0,54.0,31.0,0.0,587,64.0
2024,Ameer Abdullah,RB,LV,0.0,13.0,34.0,0.0,44,30,16,29,49,bye,34,90,62,39,46.0,43.0,62.0,0.0,410,43.0
2024,Amon-Ra St Brown,WR,DET,98.0,92.0,96.0,89.0,bye,63,95,88,93,98,80,94,94,85,91.0,85.0,79.0,81.0,1010,88.0
2024,Andrei Iosivas,WR,CIN,100.0,77.0,77.0,76.0,79,66,71,88,91,84,68,bye,68,68,87.0,68.0,79.0,86.0,892,79.0
2024,Andrew Beck,TE,Multi,0.0,0.0,0.0,0.0,5,10,9,0,0,0,0,0,0,0,0.0,20.0,0.0,0.0,27,11.0
2024,Andy Dalton,QB,CAR,8.0,0.0,100.0,100.0,85,100,93,0,0,0,bye,0,0,0,0.0,0.0,0.0,0.0,306,82.0
2024,Anthony Firkser,TE,Multi,2.0,0.0,0.0,0.0,0,10,0,3,0,0,0,0,10,0,12.0,11.0,0.0,0.0,33,8.0
2024,Anthony Gould,WR,IND,16.0,2.0,5.0,0.0,0,0,0,0,0,0,0,0,0,bye,5.0,0.0,0.0,0.0,15,6.0
2024,Anthony Miller,WR,BAL,0.0,0.0,0.0,0.0,0,0,0,0,0,0,0,0,0,bye,0.0,2.0,13.0,0.0,9,7.0
2024,Anthony Richardson,QB,IND,100.0,100.0,100.0,20.0,0,0,100,98,0,0,100,100,100,bye,100.0,100.0,0.0,0.0,620,92.0
2024,Antonio Gibson,RB,NE,22.0,24.0,37.0,34.0,47,48,17,19,12,11,17,43,24,bye,31.0,59.0,55.0,66.0,359,33.0
2024,Ashton Dulin,WR,IND,24.0,43.0,25.0,17.0,21,16,24,16,19,19,23,18,0,bye,0.0,15.0,8.0,10.0,182,19.0
2024,Audric Estime,RB,DEN,4.0,0.0,0.0,0.0,0,4,9,7,10,45,23,7,12,bye,21.0,20.0,30.0,24.0,138,16.0
2024,Austin Ekeler,RB,WAS,53.0,43.0,22.0,0.0,49,75,41,57,47,70,52,63,0,bye,0.0,0.0,0.0,60.0,409,53.0
2024,Austin Hooper,TE,NE,55.0,54.0,58.0,59.0,42,56,38,48,39,64,51,38,50,bye,61.0,68.0,45.0,67.0,575,53.0
2024,Austin Trammell,WR,JAC,0.0,0.0,0.0,0.0,0,0,0,0,61,0,0,bye,0,0,0.0,0.0,0.0,0.0,33,61.0
2024,Avery Williams,RB,ATL,0.0,3.0,0.0,0.0,0,0,0,0,0,0,0,bye,0,0,0.0,0.0,0.0,0.0,2,3.0
2024,Bailey Zappe,QB,CLE,0.0,0.0,0.0,0.0,0,0,0,0,0,bye,0,0,0,0,0.0,0.0,0.0,90.0,53,90.0
2024,Baker Mayfield,QB,TB,97.0,100.0,100.0,100.0,100,100,100,100,100,100,bye,100,98,100,94.0,100.0,86.0,100.0,1123,99.0
2024,Baylor Cupp,TE,KC,0.0,0.0,0.0,0.0,0,bye,0,0,0,0,0,0,0,9,0.0,0.0,0.0,0.0,6,9.0
2024,Ben Sims,TE,GB,1.0,9.0,3.0,3.0,32,38,28,36,18,bye,37,33,28,36,25.0,19.0,5.0,11.0,224,21.0
2024,Ben Sinnott,TE,WAS,22.0,18.0,44.0,42.0,36,19,45,22,39,20,9,30,29,bye,54.0,7.0,10.0,7.0,311,27.0
2024,Ben Skowronek,WR,PIT,0.0,9.0,0.0,0.0,0,0,0,0,bye,6,26,3,33,31,23.0,17.0,0.0,8.0,101,17.0
2024,Bijan Robinson,RB,ATL,89.0,75.0,82.0,64.0,67,56,68,68,74,78,71,bye,75,85,76.0,75.0,91.0,87.0,861,75.0
2024,Blake Corum,RB,LAR,0.0,15.0,0.0,0.0,14,bye,11,11,1,7,19,9,32,17,14.0,17.0,5.0,18.0,119,13.0
2024,Blake Watson,RB,DEN,0.0,0.0,0.0,0.0,2,0,0,0,0,0,0,0,0,bye,0.0,16.0,0.0,0.0,11,9.0
2024,Blake Whiteheart,TE,CLE,0.0,33.0,27.0,36.0,24,0,0,0,0,bye,0,17,19,18,37.0,18.0,43.0,36.0,207,28.0
2024,Bo Melton,WR,GB,12.0,23.0,27.0,14.0,49,37,14,17,17,bye,11,32,17,18,3.0,32.0,25.0,40.0,251,23.0
2024,Bo Nix,QB,DEN,100.0,100.0,100.0,100.0,100,100,97,100,100,100,95,100,100,bye,100.0,100.0,100.0,88.0,1088,99.0
2024,Brady Russell,TE,SEA,6.0,9.0,5.0,3.0,3,1,0,8,11,bye,0,0,0,2,0.0,0.0,0.0,0.0,33,5.0
2024,Braelon Allen,RB,NYJ,18.0,35.0,32.0,36.0,26,19,9,31,29,24,18,bye,28,54,17.0,14.0,30.0,22.0,283,27.0
2024,Brandin Cooks,WR,DAL,79.0,81.0,80.0,82.0,0,0,bye,0,0,0,0,0,39,60,63.0,77.0,68.0,69.0,471,69.0
2024,Brandon Aiyuk,WR,SF,60.0,87.0,80.0,79.0,92,95,40,0,bye,0,0,0,0,0,0.0,0.0,0.0,0.0,357,76.0
2024,Brandon Allen,QB,SF,1.0,0.0,0.0,0.0,0,0,0,0,bye,0,0,100,0,7,0.0,0.0,0.0,0.0,54,30.0
2024,Brandon Johnson,WR,PIT,0.0,0.0,0.0,0.0,9,0,15,6,bye,0,0,0,0,0,0.0,0.0,0.0,0.0,19,10.0
2024,Brandon Powell,WR,MIN,55.0,59.0,43.0,34.0,8,bye,3,12,26,13,23,8,6,17,9.0,6.0,6.0,9.0,213,19.0
2024,Brandon Smith,WR,NYJ,0.0,0.0,0.0,0.0,0,0,0,0,0,0,0,bye,0,0,2.0,0.0,0.0,0.0,1,2.0
2024,Braxton Berrios,WR,MIA,37.0,45.0,28.0,25.0,19,bye,7,0,0,0,0,0,0,0,0.0,0.0,0.0,0.0,112,27.0
2024,Brayden Willis,TE,SF,0.0,0.0,6.0,0.0,0,0,0,1,bye,0,0,2,0,7,0.0,2.0,2.0,17.0,25,6.0
2024,Breece Hall,RB,NYJ,82.0,72.0,71.0,69.0,74,87,82,74,76,81,84,bye,62,0,48.0,77.0,49.0,70.0,720,72.0
2024,Brenden Bates,TE,Multi,0.0,7.0,15.0,1.0,14,0,0,0,0,0,0,0,0,0,0.0,0.0,4.0,20.0,41,10.0
2024,Brenden Rice,WR,LAC,0.0,0.0,0.0,0.0,bye,0,5,0,0,0,0,0,0,0,0.0,0.0,0.0,0.0,3,5.0
2024,Brenton Strange,TE,JAC,36.0,68.0,70.0,72.0,84,37,46,39,17,41,50,bye,41,44,82.0,51.0,72.0,72.0,575,56.0
2024,Brevin Jordan,TE,HOU,51.0,44.0,0.0,0.0,0,0,0,0,0,0,0,0,0,bye,0.0,0.0,0.0,0.0,67,48.0
2024,Brevyn Spann-Ford,TE,DAL,30.0,31.0,11.0,9.0,20,19,bye,31,21,10,49,50,42,18,30.0,22.0,15.0,26.0,305,26.0
2024,Brian Robinson,RB,WAS,56.0,60.0,76.0,63.0,34,0,38,47,0,0,53,17,47,bye,74.0,63.0,54.0,40.0,505,52.0
2024,Brian Thomas,WR,JAC,77.0,73.0,73.0,76.0,64,79,66,51,91,86,94,bye,87,80,88.0,90.0,84.0,90.0,821,79.0
2024,Britain Covey,WR,PHI,12.0,32.0,10.0,0.0,bye,0,0,0,0,0,0,4,14,0,0.0,0.0,0.0,0.0,50,14.0
2024,British Brooks,RB,HOU,0.0,0.0,4.0,8.0,0,0,0,0,0,0,0,0,0,bye,0.0,0.0,0.0,0.0,9,6.0
2024,Brock Bowers,TE,LV,68.0,68.0,66.0,81.0,79,79,84,91,90,bye,95,94,90,85,94.0,95.0,91.0,94.0,956,85.0
2024,Brock Purdy,QB,SF,99.0,100.0,100.0,100.0,100,100,100,100,bye,100,100,0,100,93,100.0,100.0,92.0,0.0,944,99.0
2024,Brock Wright,TE,DET,49.0,34.0,69.0,55.0,bye,50,49,42,60,57,82,47,43,61,23.0,52.0,52.0,41.0,583,51.0
2024,Bryce Ford-Wheaton,WR,NYG,0.0,2.0,0.0,0.0,0,0,2,0,0,0,bye,0,0,0,0.0,0.0,0.0,0.0,2,2.0
2024,Bryce Oliver,WR,TEN,0.0,0.0,0.0,0.0,bye,0,0,0,6,6,3,15,0,9,20.0,3.0,7.0,32.0,67,11.0
2024,Bryce Young,QB,CAR,92.0,100.0,0.0,0.0,15,0,7,100,100,100,bye,100,100,100,100.0,100.0,100.0,100.0,728,88.0
2024,Brycen Tremayne,WR,WAS,0.0,0.0,0.0,0.0,7,0,0,0,0,0,0,0,0,bye,0.0,0.0,19.0,0.0,21,14.0
2024,Bub Means,WR,NO,9.0,10.0,0.0,8.0,2,71,89,19,0,0,0,bye,0,0,0.0,0.0,0.0,0.0,145,31.0
2024,Bucky Irving,RB,TB,31.0,35.0,32.0,42.0,43,64,35,42,35,46,bye,52,54,16,44.0,57.0,55.0,72.0,516,45.0
2024,Cade Otton,TE,TB,86.0,100.0,91.0,95.0,100,81,98,93,98,93,bye,82,94,97,92.0,0.0,0.0,0.0,856,93.0
2024,Cade Stover,TE,HOU,19.0,23.0,28.0,32.0,35,52,48,48,44,43,45,36,59,bye,0.0,0.0,34.0,60.0,400,40.0
2024,Caleb Williams,QB,CHI,100.0,100.0,100.0,100.0,96,95,bye,100,100,100,100,100,100,92,96.0,100.0,100.0,100.0,1123,99.0
2024,Calvin Austin,WR,PIT,41.0,45.0,54.0,56.0,76,36,50,58,bye,45,33,58,23,35,81.0,80.0,75.0,66.0,593,53.0
2024,Calvin Ridley,WR,TEN,84.0,82.0,72.0,58.0,bye,83,79,79,94,93,88,79,100,83,73.0,89.0,93.0,53.0,888,81.0
2024,Cam Akers,RB,Multi,0.0,21.0,43.0,40.0,32,3,0,0,22,31,37,15,30,32,27.0,11.0,32.0,31.0,282,27.0
2024,Cam Grandy,TE,CIN,0.0,0.0,0.0,0.0,0,0,0,0,0,5,1,bye,15,24,12.0,20.0,18.0,12.0,75,13.0
2024,Carson Steele,RB,KC,9.0,22.0,62.0,18.0,19,bye,20,11,16,19,15,15,4,9,4.0,8.0,0.0,68.0,201,19.0
2024,Carson Wentz,QB,KC,0.0,0.0,0.0,0.0,0,bye,1,0,0,0,0,0,0,0,11.0,0.0,0.0,85.0,38,21.0
2024,Casey Washington,WR,ATL,0.0,0.0,0.0,0.0,0,0,10,0,0,0,3,bye,0,0,0.0,0.0,0.0,0.0,9,7.0
2024,Cedric Tillman,WR,CLE,34.0,36.0,33.0,15.0,32,37,82,90,96,bye,96,53,0,0,0.0,0.0,0.0,0.0,432,57.0
2024,Cedrick Wilson,WR,NO,44.0,20.0,45.0,19.0,23,51,69,0,47,0,17,bye,33,37,36.0,55.0,53.0,45.0,384,40.0
2024,CeeDee Lamb,WR,DAL,71.0,83.0,89.0,84.0,87,71,bye,89,83,83,80,94,67,97,70.0,55.0,0.0,0.0,826,80.0
2024,Charlie Jones,WR,CIN,16.0,3.0,3.0,4.0,7,4,0,7,0,0,0,bye,0,0,0.0,0.0,0.0,0.0,26,6.0
2024,Charlie Kolar,TE,BAL,10.0,22.0,41.0,33.0,27,32,36,15,39,43,15,49,0,bye,0.0,0.0,0.0,29.0,251,29.0
2024,Charlie Woerner,TE,ATL,41.0,26.0,31.0,30.0,15,36,15,56,46,49,0,bye,58,47,69.0,51.0,53.0,56.0,457,42.0
2024,Chase Brown,RB,CIN,33.0,20.0,24.0,40.0,33,62,58,48,80,87,83,bye,81,83,93.0,98.0,81.0,0.0,686,65.0
2024,Chig Okonkwo,TE,TEN,59.0,48.0,56.0,51.0,bye,57,58,62,73,54,71,76,65,72,63.0,85.0,74.0,5.0,665,61.0
2024,Chris Blair,WR,ATL,0.0,0.0,0.0,0.0,0,0,0,0,0,0,0,bye,0,0,0.0,37.0,2.0,1.0,27,13.0
2024,Chris Brooks,RB,GB,0.0,0.0,6.0,0.0,0,14,14,24,26,bye,22,35,28,28,25.0,32.0,13.0,28.0,184,23.0
2024,Chris Collier,RB,Multi,0.0,0.0,0.0,0.0,0,0,0,0,5,0,0,0,0,0,0.0,0.0,4.0,25.0,19,10.0
2024,Chris Conley,WR,SF,40.0,13.0,28.0,8.0,0,9,70,76,bye,0,5,8,6,25,6.0,6.0,6.0,50.0,239,25.0
2024,Chris Godwin,WR,TB,78.0,79.0,89.0,86.0,98,94,85,0,0,0,bye,0,0,0,0.0,0.0,0.0,0.0,399,87.0
2024,Chris Manhertz,TE,NYG,28.0,46.0,38.0,42.0,26,24,14,15,25,33,bye,20,33,19,40.0,27.0,45.0,49.0,342,30.0
2024,Chris Oladokun,QB,KC,0.0,0.0,0.0,0.0,0,bye,0,0,0,0,0,0,0,0,0.0,0.0,0.0,15.0,5,15.0
2024,Chris Olave,WR,NO,79.0,71.0,80.0,78.0,94,3,0,79,10,0,0,bye,0,0,0.0,0.0,0.0,0.0,315,59.0
2024,Chris Rodriguez,RB,WAS,0.0,0.0,0.0,0.0,0,0,0,0,32,8,0,0,28,bye,4.0,10.0,22.0,2.0,77,16.0
2024,Christian Kirk,WR,JAC,72.0,88.0,73.0,78.0,53,74,57,65,0,0,0,bye,0,0,0.0,0.0,0.0,0.0,337,70.0
2024,Christian McCaffrey,RB,SF,0.0,0.0,0.0,0.0,0,0,0,0,bye,88,94,82,25,0,0.0,0.0,0.0,0.0,167,75.0
2024,Christian Watson,WR,GB,63.0,59.0,54.0,12.0,0,60,53,74,57,bye,67,65,94,92,78.0,43.0,0.0,15.0,555,58.0
2024,Chuba Hubbard,RB,CAR,54.0,58.0,58.0,74.0,65,82,84,74,79,88,bye,89,79,97,95.0,84.0,0.0,0.0,712,77.0
2024,CJ Ham,RB,MIN,35.0,19.0,19.0,25.0,32,bye,17,16,18,23,30,27,28,33,21.0,20.0,19.0,18.0,262,23.0
2024,CJ Stroud,QB,HOU,100.0,100.0,81.0,100.0,100,95,100,100,100,100,100,100,100,bye,100.0,100.0,88.0,18.0,1035,93.0
2024,CJ Uzomah,TE,PHI,0.0,0.0,0.0,0.0,bye,0,0,0,0,0,4,22,36,24,33.0,41.0,35.0,0.0,132,28.0
2024,Clayton Tune,QB,ARI,0.0,9.0,0.0,0.0,0,0,5,0,5,12,bye,0,0,0,10.0,0.0,0.0,8.0,31,8.0
2024,Clyde Edwards-Helaire,RB,NO,0.0,0.0,0.0,0.0,0,0,0,0,0,0,0,bye,0,0,0.0,0.0,43.0,27.0,44,35.0
2024,Cody Schrader,RB,LAR,0.0,0.0,0.0,0.0,0,bye,0,0,0,0,0,0,0,0,0.0,0.0,0.0,3.0,2,3.0
2024,Cody Thompson,WR,TB,0.0,0.0,0.0,0.0,6,0,0,0,0,0,bye,0,0,0,0.0,0.0,0.0,0.0,3,6.0
2024,Cody White,WR,SEA,0.0,0.0,0.0,0.0,0,0,0,0,44,bye,7,27,9,0,0.0,0.0,0.0,0.0,62,23.0
2024,Colby Parkinson,TE,LAR,88.0,81.0,100.0,87.0,79,bye,64,64,42,16,37,30,36,48,49.0,33.0,40.0,39.0,601,55.0
2024,Cole Kmet,TE,CHI,48.0,77.0,81.0,90.0,84,86,bye,78,85,93,97,100,99,92,93.0,89.0,93.0,98.0,994,88.0
2024,Collin Johnson,WR,CHI,0.0,1.0,2.0,0.0,0,0,bye,0,0,0,0,0,3,9,16.0,9.0,7.0,2.0,32,6.0
2024,Colson Yankoff,TE,WAS,0.0,0.0,0.0,0.0,1,0,7,0,0,0,0,0,0,bye,0.0,0.0,0.0,0.0,6,4.0
2024,Connor Heyward,TE,PIT,7.0,21.0,16.0,26.0,22,36,15,23,bye,12,26,20,7,17,14.0,10.0,28.0,8.0,207,18.0
2024,Cooper Kupp,WR,LAR,100.0,52.0,0.0,0.0,0,bye,0,58,92,90,71,95,91,83,85.0,77.0,84.0,0.0,637,83.0
2024,Cooper Rush,QB,DAL,2.0,4.0,0.0,0.0,0,26,bye,0,39,75,100,97,100,100,100.0,100.0,95.0,0.0,572,70.0
2024,Cordarrelle Patterson,RB,PIT,13.0,6.0,34.0,13.0,0,0,0,0,bye,10,15,12,14,14,14.0,5.0,1.0,13.0,110,13.0
2024,Courtland Sutton,WR,DEN,91.0,89.0,74.0,79.0,81,85,86,84,85,93,84,85,94,bye,90.0,91.0,93.0,65.0,936,85.0
2024,Craig Reynolds,RB,DET,0.0,4.0,3.0,4.0,bye,16,4,13,5,0,8,4,0,1,0.0,15.0,34.0,34.0,96,11.0
2024,Curtis Samuel,WR,BUF,27.0,27.0,27.0,37.0,56,36,4,0,26,89,60,bye,38,60,27.0,0.0,0.0,67.0,378,43.0
2024,D'Andre Swift,RB,CHI,70.0,66.0,53.0,63.0,67,68,bye,73,62,67,57,55,69,79,69.0,73.0,66.0,79.0,751,66.0
2024,D'Ernest Johnson,RB,JAC,0.0,28.0,17.0,21.0,22,56,34,33,24,9,27,bye,0,0,0.0,19.0,12.0,19.0,192,25.0
2024,D'Onta Foreman,RB,CLE,1.0,38.0,16.0,22.0,34,35,13,19,0,bye,0,0,0,0,0.0,3.0,47.0,66.0,195,26.0
2024,Dak Prescott,QB,DAL,98.0,96.0,100.0,100.0,100,74,bye,100,61,0,0,0,0,0,0.0,0.0,0.0,0.0,501,91.0
2024,Dallas Goedert,TE,PHI,82.0,97.0,86.0,63.0,bye,5,0,0,0,63,89,75,71,0,0.0,0.0,0.0,19.0,446,66.0
2024,Dallin Holker,TE,NO,0.0,0.0,0.0,0.0,9,7,4,0,15,11,13,bye,6,9,5.0,4.0,8.0,21.0,73,10.0
2024,Dalton Kincaid,TE,BUF,84.0,42.0,53.0,63.0,62,80,73,54,79,24,0,bye,0,0,49.0,34.0,44.0,0.0,471,57.0
2024,Dalton Schultz,TE,HOU,80.0,71.0,96.0,87.0,99,86,78,66,71,71,75,82,68,bye,94.0,81.0,71.0,53.0,865,78.0
2024,Dalvin Cook,RB,DAL,0.0,0.0,0.0,0.0,0,0,bye,27,9,0,0,0,0,0,0.0,0.0,0.0,0.0,24,17.0
2024,Dameon Pierce,RB,HOU,11.0,0.0,0.0,0.0,0,27,11,6,0,0,6,0,11,bye,14.0,7.0,25.0,62.0,111,18.0
2024,Dan Chisena,WR,CAR,0.0,0.0,0.0,0.0,0,0,0,0,0,0,bye,2,3,8,0.0,6.0,6.0,4.0,19,5.0
2024,Daniel Bellinger,TE,NYG,23.0,7.0,36.0,19.0,19,18,12,1,22,11,bye,29,6,78,68.0,66.0,89.0,58.0,365,32.0
2024,Daniel Jones,QB,NYG,100.0,100.0,100.0,100.0,100,100,79,100,100,100,bye,0,0,0,0.0,0.0,0.0,0.0,677,98.0
2024,Dante Miller,RB,NYG,0.0,0.0,0.0,0.0,1,0,0,0,0,0,bye,0,0,0,0.0,0.0,0.0,0.0,1,1.0
2024,Dante Pettis,WR,NO,0.0,0.0,0.0,0.0,0,0,0,0,0,13,12,bye,20,31,47.0,66.0,27.0,30.0,148,30.0
2024,Dare Ogunbowale,RB,HOU,16.0,32.0,42.0,39.0,68,27,23,18,37,22,13,23,14,bye,22.0,27.0,27.0,20.0,310,28.0
2024,Dareke Young,WR,SEA,10.0,0.0,6.0,0.0,0,0,2,8,8,bye,0,0,0,0,5.0,0.0,2.0,2.0,27,6.0
2024,Darius Slayton,WR,NYG,72.0,88.0,82.0,84.0,90,86,100,100,92,0,bye,58,68,85,68.0,85.0,80.0,91.0,872,83.0
2024,Darnell Mooney,WR,ATL,95.0,100.0,93.0,96.0,98,96,88,94,100,99,58,bye,94,95,91.0,90.0,97.0,0.0,988,93.0
2024,Darnell Washington,TE,PIT,54.0,44.0,51.0,57.0,52,73,53,45,bye,64,58,55,49,58,44.0,43.0,35.0,36.0,584,52.0
2024,Darrynton Evans,RB,CHI,0.0,0.0,0.0,0.0,0,0,bye,0,0,0,0,0,0,8,0.0,0.0,0.0,0.0,4,8.0
2024,Davante Adams,WR,Multi,97.0,94.0,95.0,0.0,0,0,96,94,78,97,94,0,97,85,93.0,97.0,76.0,92.0,792,92.0
2024,David Bell,WR,CLE,0.0,13.0,0.0,0.0,0,0,0,0,0,bye,0,0,0,0,0.0,0.0,0.0,0.0,9,13.0
2024,David Martin-Robinson,TE,TEN,0.0,0.0,0.0,0.0,bye,0,0,0,0,0,0,0,0,8,4.0,3.0,7.0,50.0,46,14.0
2024,David Montgomery,RB,DET,49.0,35.0,51.0,40.0,bye,31,39,48,56,40,39,29,54,45,30.0,0.0,0.0,0.0,390,41.0
2024,David Moore,WR,CAR,32.0,4.0,26.0,13.0,40,9,33,82,87,83,bye,94,90,87,58.0,90.0,32.0,57.0,568,55.0
2024,David Njoku,TE,CLE,37.0,0.0,0.0,0.0,42,74,82,84,77,bye,86,98,92,90,0.0,62.0,0.0,0.0,589,75.0
2024,Davis Allen,TE,LAR,8.0,0.0,0.0,0.0,4,bye,22,39,55,80,65,48,32,29,23.0,23.0,18.0,30.0,309,34.0
2024,Davis Mills,QB,HOU,0.0,0.0,19.0,0.0,0,5,0,0,0,0,0,0,0,bye,0.0,0.0,13.0,82.0,72,29.0
2024,Dawson Knox,TE,BUF,58.0,53.0,52.0,46.0,54,61,56,54,65,70,84,bye,48,82,73.0,56.0,49.0,0.0,618,61.0
2024,De'Von Achane,RB,MIA,52.0,62.0,74.0,73.0,14,bye,58,58,69,70,62,53,69,83,66.0,75.0,53.0,70.0,704,62.0
2024,DeAndre Carter,WR,CHI,23.0,71.0,63.0,0.0,0,6,bye,5,0,2,4,5,3,0,0.0,0.0,0.0,0.0,137,22.0
2024,DeAndre Hopkins,WR,Multi,27.0,44.0,46.0,32.0,0,71,60,32,60,65,47,45,59,55,45.0,49.0,47.0,0.0,533,49.0
2024,Dee Eskridge,WR,MIA,0.0,0.0,13.0,28.0,0,bye,0,6,3,0,0,0,0,6,0.0,0.0,3.0,0.0,37,10.0
2024,Deebo Samuel,WR,SF,74.0,86.0,0.0,0.0,0,0,6,62,bye,0,0,0,75,0,0.0,0.0,0.0,0.0,195,61.0
2024,DeeJay Dallas,RB,ARI,0.0,0.0,0.0,0.0,0,0,0,0,2,7,bye,0,0,0,17.0,23.0,14.0,15.0,54,13.0
2024,Demarcus Robinson,WR,LAR,92.0,92.0,93.0,85.0,97,bye,91,85,70,83,75,80,61,61,78.0,73.0,79.0,94.0,892,82.0
2024,DeMario Douglas,WR,NE,60.0,56.0,83.0,59.0,67,62,33,57,71,42,57,68,63,bye,61.0,59.0,92.0,75.0,679,62.0
2024,Deonte Harty,WR,BAL,5.0,2.0,0.0,2.0,0,0,0,0,0,0,0,0,0,bye,0.0,0.0,0.0,0.0,6,3.0
2024,Derek Carr,QB,NO,91.0,90.0,100.0,99.0,83,0,0,0,99,96,93,bye,100,93,0.0,0.0,0.0,0.0,604,95.0
2024,Derius Davis,WR,LAC,12.0,20.0,20.0,0.0,bye,24,0,0,4,3,10,10,26,37,4.0,12.0,18.0,31.0,148,17.0
2024,Derrick Henry,RB,BAL,46.0,46.0,59.0,65.0,50,63,58,51,61,62,49,60,51,bye,46.0,74.0,65.0,70.0,635,57.0
2024,Deshaun Watson,QB,CLE,100.0,96.0,97.0,100.0,92,98,39,0,0,bye,0,0,0,0,0.0,0.0,0.0,0.0,415,87.0
2024,Desmond Ridder,QB,LV,0.0,0.0,0.0,0.0,0,0,0,0,43,bye,0,17,0,34,100.0,0.0,0.0,6.0,132,41.0
2024,Deuce Vaughn,RB,DAL,3.0,14.0,6.0,7.0,0,0,bye,0,0,0,19,0,0,0,0.0,0.0,0.0,19.0,52,12.0
2024,Devaughn Vele,WR,DEN,49.0,0.0,0.0,0.0,0,62,43,34,40,66,68,65,47,bye,60.0,56.0,50.0,51.0,447,53.0
2024,Deven Thompkins,WR,CAR,0.0,0.0,0.0,0.0,0,0,0,0,15,10,bye,13,9,15,9.0,10.0,0.0,0.0,51,12.0
2024,Devin Culp,TE,TB,0.0,0.0,0.0,0.0,0,0,1,1,0,0,bye,0,0,0,0.0,4.0,26.0,24.0,41,11.0
2024,Devin Duvernay,WR,JAC,9.0,5.0,15.0,10.0,12,0,0,0,0,0,29,bye,57,49,46.0,31.0,16.0,9.0,190,25.0
2024,Devin Singletary,RB,NYG,70.0,79.0,68.0,68.0,0,0,21,39,28,23,bye,36,21,18,34.0,22.0,27.0,30.0,380,39.0
2024,DeVonta Smith,WR,PHI,100.0,100.0,76.0,0.0,bye,100,80,93,96,72,89,0,0,90,93.0,82.0,80.0,0.0,801,89.0
2024,Devontez Walker,WR,BAL,0.0,0.0,0.0,0.0,0,0,0,0,7,0,0,3,0,bye,19.0,15.0,25.0,21.0,57,15.0
2024,Dez Fitzpatrick,WR,LAC,0.0,0.0,0.0,0.0,bye,0,0,0,0,0,0,0,0,0,0.0,0.0,0.0,13.0,10,13.0
2024,Diontae Johnson,WR,Multi,66.0,94.0,78.0,83.0,80,89,70,0,30,8,18,9,0,0,0.0,0.0,0.0,37.0,398,55.0
2024,DJ Moore,WR,CHI,88.0,99.0,96.0,92.0,88,85,bye,95,99,97,94,99,97,91,87.0,95.0,95.0,98.0,1066,94.0
2024,DJ Turner,WR,LV,8.0,13.0,13.0,42.0,74,67,95,53,0,bye,43,62,22,0,0.0,0.0,0.0,0.0,337,46.0
2024,DK Metcalf,WR,SEA,88.0,0.0,83.0,0.0,0,0,0,0,0,bye,0,0,0,0,0.0,0.0,88.0,0.0,158,86.0
2024,Dontayvion Wicks,WR,GB,46.0,51.0,46.0,76.0,76,14,41,30,54,bye,35,39,89,78,47.0,61.0,73.0,74.0,586,54.0
2024,Dorian Thompson-Robinson,QB,CLE,0.0,0.0,0.0,0.0,0,0,45,0,0,bye,5,2,0,0,23.0,100.0,100.0,10.0,208,43.0
2024,Drake London,WR,ATL,100.0,97.0,100.0,98.0,84,96,89,100,19,100,76,bye,99,100,98.0,73.0,97.0,99.0,1032,90.0
2024,Drake Maye,QB,NE,0.0,0.0,31.0,0.0,0,100,100,30,100,100,100,100,99,bye,100.0,100.0,81.0,5.0,681,81.0
2024,Drew Lock,QB,NYG,0.0,0.0,0.0,0.0,0,0,21,0,0,0,bye,2,100,99,0.0,100.0,100.0,100.0,321,75.0
2024,Drew Ogletree,TE,IND,27.0,25.0,36.0,36.0,37,30,40,28,59,34,36,55,52,bye,39.0,56.0,53.0,41.0,439,40.0
2024,Drew Sample,TE,CIN,53.0,52.0,40.0,57.0,43,49,51,31,76,56,60,bye,63,69,68.0,88.0,61.0,55.0,655,58.0
2024,Durham Smythe,TE,MIA,42.0,43.0,30.0,30.0,35,bye,25,29,43,47,34,37,20,19,24.0,36.0,28.0,26.0,364,32.0
2024,Dyami Brown,WR,WAS,56.0,69.0,22.0,25.0,55,32,30,32,42,16,38,34,52,bye,78.0,66.0,0.0,43.0,474,44.0
2024,Dylan Laube,RB,LV,0.0,0.0,0.0,0.0,0,2,0,0,0,bye,0,0,0,0,0.0,0.0,0.0,2.0,2,2.0
2024,EJ Jenkins,TE,PHI,4.0,3.0,0.0,0.0,bye,0,0,0,14,0,0,0,0,3,11.0,8.0,17.0,75.0,95,17.0
2024,Elijah Cooks,WR,JAC,0.0,0.0,0.0,0.0,0,0,0,0,6,0,0,bye,10,0,0.0,0.0,0.0,0.0,10,8.0
2024,Elijah Higgins,TE,ARI,41.0,55.0,32.0,68.0,41,31,37,29,43,49,bye,31,30,23,34.0,27.0,28.0,48.0,411,38.0
2024,Elijah Moore,WR,CLE,93.0,72.0,81.0,73.0,69,67,64,71,76,bye,73,69,74,83,85.0,77.0,65.0,95.0,892,76.0
2024,Emanuel Wilson,RB,GB,24.0,19.0,41.0,39.0,25,32,21,17,20,bye,7,21,7,6,9.0,36.0,32.0,42.0,263,24.0
2024,Emari Demercado,RB,ARI,21.0,11.0,20.0,24.0,22,53,11,12,24,12,bye,16,27,11,0.0,0.0,0.0,0.0,164,20.0
2024,Equanimeous St Brown,WR,NO,0.0,0.0,0.0,0.0,0,0,1,47,0,0,0,bye,0,0,0.0,0.0,0.0,0.0,35,24.0
2024,Eric Gray,RB,NYG,10.0,0.0,4.0,7.0,36,18,10,4,0,3,bye,25,6,0,4.0,15.0,9.0,11.0,108,12.0
2024,Eric Saubert,TE,SF,26.0,37.0,86.0,29.0,20,28,22,21,bye,19,97,27,4,28,31.0,16.0,20.0,64.0,377,35.0
2024,Eric Tomlinson,TE,LAC,12.0,22.0,9.0,13.0,bye,36,33,38,28,0,0,0,0,0,17.0,0.0,0.0,0.0,133,24.0
2024,Erick All,TE,CIN,24.0,52.0,34.0,60.0,52,43,51,41,20,0,0,bye,0,0,0.0,0.0,0.0,0.0,231,42.0
2024,Erik Ezukanma,WR,MIA,0.0,0.0,18.0,0.0,0,bye,0,0,0,0,0,0,0,0,0.0,10.0,0.0,0.0,18,14.0
2024,Evan Engram,TE,JAC,68.0,0.0,0.0,0.0,0,61,56,82,80,84,75,bye,71,71,0.0,0.0,0.0,0.0,363,71.0
2024,Evan Hull,RB,IND,0.0,0.0,0.0,0.0,0,0,2,0,0,0,0,0,0,bye,0.0,0.0,0.0,0.0,1,2.0
2024,Ezekiel Elliott,RB,DAL,51.0,40.0,19.0,18.0,30,41,bye,45,0,22,31,20,12,10,19.0,5.0,16.0,0.0,258,25.0
2024,Feleipe Franks,QB,CAR,7.0,0.0,3.0,1.0,7,0,2,0,0,2,bye,23,16,1,2.0,1.0,2.0,4.0,45,6.0
2024,Foster Moreau,TE,NO,77.0,80.0,71.0,57.0,53,49,60,78,80,83,85,bye,66,72,64.0,48.0,73.0,79.0,752,69.0
2024,Gabe Davis,WR,JAC,94.0,95.0,76.0,0.0,0,0,0,16,0,86,0,bye,0,0,0.0,0.0,0.0,0.0,208,73.0
2024,Gardner Minshew,QB,LV,100.0,100.0,80.0,100.0,63,0,82,100,57,bye,100,83,0,0,0.0,0.0,0.0,0.0,564,86.0
2024,Garrett Wilson,WR,NYJ,96.0,96.0,88.0,96.0,96,97,100,98,98,97,100,bye,97,99,98.0,100.0,83.0,98.0,1025,96.0
2024,Geno Smith,QB,SEA,100.0,100.0,100.0,100.0,100,100,98,100,100,bye,100,100,100,100,59.0,100.0,100.0,100.0,1075,98.0
2024,Geoff Swaim,TE,CLE,0.0,0.0,16.0,41.0,34,33,25,32,15,bye,14,0,0,0,0.0,0.0,0.0,0.0,140,25.0
2024,George Holani,RB,SEA,0.0,0.0,0.0,0.0,0,0,0,0,0,bye,0,0,0,3,5.0,0.0,0.0,0.0,5,4.0
2024,George Kittle,TE,SF,92.0,73.0,0.0,94.0,91,88,92,94,bye,89,0,84,100,85,96.0,98.0,94.0,29.0,808,86.0
2024,George Pickens,WR,PIT,68.0,77.0,74.0,86.0,59,67,79,80,bye,81,88,90,91,0,0.0,0.0,91.0,92.0,774,81.0
2024,Gerald Everett,TE,CHI,61.0,36.0,33.0,33.0,29,27,bye,33,20,23,11,4,3,15,16.0,9.0,8.0,6.0,246,22.0
2024,Grant Calcaterra,TE,PHI,47.0,39.0,37.0,47.0,bye,92,71,93,92,62,52,55,48,91,93.0,89.0,80.0,34.0,766,66.0
2024,Grant DuBose,WR,MIA,0.0,34.0,0.0,0.0,0,bye,0,0,0,0,0,0,0,0,0.0,0.0,0.0,0.0,26,34.0
2024,Greg Dortch,WR,ARI,61.0,35.0,66.0,73.0,41,62,30,38,38,25,bye,21,23,38,26.0,30.0,32.0,45.0,432,39.0
2024,Greg Dulcich,TE,Multi,67.0,54.0,25.0,39.0,0,0,0,0,0,0,0,0,0,1,10.0,14.0,2.0,19.0,147,26.0
2024,Gus Edwards,RB,LAC,42.0,48.0,35.0,25.0,bye,0,0,0,0,25,16,23,52,43,27.0,46.0,0.0,0.0,223,35.0
2024,Harrison Bryant,TE,LV,7.0,11.0,5.0,76.0,46,57,29,0,28,bye,0,0,0,21,10.0,7.0,12.0,22.0,213,25.0
2024,Hassan Haskins,RB,LAC,0.0,7.0,0.0,4.0,bye,4,5,2,0,8,9,45,15,2,2.0,20.0,35.0,36.0,133,15.0
2024,Hayden Hurst,TE,LAC,61.0,55.0,61.0,63.0,bye,9,0,0,14,15,0,0,0,0,0.0,12.0,0.0,8.0,174,31.0
2024,Hendon Hooker,QB,DET,0.0,0.0,0.0,0.0,bye,16,0,13,0,0,20,0,0,0,0.0,0.0,0.0,0.0,33,17.0
2024,Hollywood Brown,WR,KC,0.0,0.0,0.0,0.0,0,bye,0,0,0,0,0,0,0,0,0.0,27.0,40.0,0.0,45,33.0
2024,Hunter Henry,TE,NE,83.0,84.0,63.0,78.0,93,71,87,85,87,89,88,83,78,bye,80.0,84.0,57.0,0.0,835,81.0
2024,Hunter Long,TE,LAR,4.0,19.0,45.0,21.0,22,bye,29,42,34,13,35,20,34,23,34.0,37.0,23.0,11.0,279,26.0
2024,Hunter Luepke,RB,DAL,32.0,14.0,38.0,52.0,30,32,bye,40,22,27,0,23,42,17,31.0,33.0,23.0,28.0,328,30.0
2024,Ian Thomas,TE,CAR,0.0,0.0,0.0,0.0,0,33,49,28,40,22,bye,0,0,0,0.0,0.0,0.0,0.0,94,33.0
2024,Ihmir Smith-Marsette,WR,NYG,0.0,0.0,0.0,0.0,0,0,2,0,2,0,bye,0,2,0,4.0,2.0,0.0,0.0,7,2.0
2024,Irv Smith,TE,HOU,0.0,0.0,0.0,0.0,0,0,0,0,0,0,0,0,27,bye,46.0,31.0,16.0,30.0,85,30.0
2024,Irvin Charles,WR,NYJ,0.0,0.0,0.0,0.0,1,2,2,3,0,9,0,bye,0,0,0.0,0.0,0.0,0.0,10,3.0
2024,Isaac Guerendo,RB,SF,4.0,1.0,14.0,8.0,14,26,8,63,bye,5,3,0,23,56,76.0,0.0,61.0,5.0,227,23.0
2024,Isaiah Davis,RB,NYJ,0.0,0.0,4.0,0.0,0,0,2,0,0,3,0,bye,18,53,41.0,14.0,22.0,13.0,110,19.0
2024,Isaiah Hodgins,WR,NYG,0.0,0.0,0.0,0.0,35,19,0,0,0,31,bye,0,0,0,0.0,0.0,0.0,0.0,63,28.0
2024,Isaiah Likely,TE,BAL,66.0,49.0,62.0,54.0,71,68,59,69,30,0,49,54,50,bye,66.0,66.0,76.0,61.0,627,60.0
2024,Isaiah Williams,WR,Multi,0.0,0.0,0.0,0.0,0,0,0,0,0,0,0,0,5,6,0.0,5.0,4.0,7.0,19,5.0
2024,Isiah Pacheco,RB,KC,80.0,66.0,0.0,0.0,0,bye,0,0,0,0,0,0,37,46,37.0,35.0,32.0,0.0,218,46.0
2024,Ja'Lynn Polk,WR,NE,54.0,60.0,50.0,83.0,100,65,57,0,13,41,41,33,28,bye,39.0,4.0,23.0,0.0,436,45.0
2024,Ja'Marr Chase,WR,CIN,84.0,92.0,98.0,79.0,88,92,87,95,88,94,99,bye,97,93,97.0,89.0,98.0,99.0,1054,93.0
2024,Ja'Tavion Sanders,TE,CAR,73.0,50.0,35.0,29.0,75,73,74,36,85,88,bye,19,0,49,49.0,57.0,55.0,51.0,531,55.0
2024,Jack Stoll,TE,Multi,0.0,0.0,18.0,39.0,0,63,67,57,39,25,0,0,0,0,0.0,1.0,2.0,0.0,203,34.0
2024,Jack Westover,TE,NE,0.0,0.0,0.0,0.0,0,0,0,0,0,0,0,1,0,bye,0.0,0.0,0.0,13.0,9,7.0
2024,Jacob Cowing,WR,SF,0.0,0.0,0.0,6.0,0,2,19,18,bye,5,2,0,2,5,7.0,16.0,8.0,66.0,106,14.0
2024,Jacob Kibodi,RB,CLE,0.0,0.0,0.0,0.0,0,0,0,0,0,bye,0,0,0,0,0.0,0.0,0.0,29.0,17,29.0
2024,Jacoby Brissett,QB,NE,100.0,100.0,69.0,100.0,100,0,0,70,0,0,0,0,1,bye,0.0,0.0,19.0,0.0,351,70.0
2024,Jaelon Darden,WR,Multi,0.0,0.0,0.0,0.0,0,12,13,6,0,0,0,0,0,0,0.0,0.0,0.0,0.0,22,10.0
2024,Jahan Dotson,WR,PHI,42.0,79.0,87.0,86.0,bye,35,58,43,53,44,41,68,64,41,45.0,64.0,46.0,94.0,674,58.0
2024,Jaheim Bell,TE,NE,0.0,1.0,0.0,0.0,0,9,2,12,4,3,5,12,6,bye,8.0,7.0,13.0,47.0,83,10.0
2024,Jahmyr Gibbs,RB,DET,51.0,62.0,46.0,57.0,bye,54,58,40,39,60,42,67,46,56,75.0,69.0,52.0,66.0,639,56.0
2024,Jake Bobo,WR,SEA,30.0,20.0,30.0,30.0,3,15,48,76,53,bye,10,23,30,27,25.0,19.0,27.0,31.0,319,29.0
2024,Jake Browning,QB,CIN,0.0,0.0,0.0,0.0,0,0,0,5,1,0,0,bye,0,0,0.0,2.0,0.0,0.0,5,3.0
2024,Jake Ferguson,TE,DAL,62.0,0.0,66.0,73.0,75,67,bye,84,82,75,8,0,0,77,60.0,58.0,68.0,59.0,616,64.0
2024,Jake Haener,QB,NO,9.0,10.0,0.0,0.0,17,0,7,38,0,0,3,bye,0,7,38.0,0.0,0.0,0.0,82,16.0
2024,Jake Tonges,TE,SF,1.0,1.0,23.0,8.0,0,2,2,3,bye,3,0,2,0,5,0.0,0.0,0.0,1.0,34,5.0
2024,Jakob Johnson,RB,NYG,0.0,5.0,3.0,10.0,0,0,0,0,0,0,bye,0,0,0,0.0,0.0,0.0,0.0,12,6.0
2024,Jakobi Meyers,WR,LV,87.0,94.0,92.0,97.0,97,0,0,81,97,bye,88,99,93,91,90.0,92.0,83.0,94.0,898,92.0
2024,Jaleel McLaughlin,RB,DEN,35.0,28.0,26.0,34.0,37,25,22,32,32,12,15,29,36,bye,24.0,0.0,23.0,41.0,296,29.0
2024,Jalen Brooks,WR,DAL,21.0,40.0,16.0,14.0,49,71,bye,66,73,58,0,29,30,0,27.0,0.0,21.0,21.0,371,38.0
2024,Jalen Coker,WR,CAR,0.0,0.0,0.0,10.0,53,65,51,69,45,88,bye,0,0,0,87.0,82.0,87.0,93.0,430,66.0
2024,Jalen Cropper,WR,DAL,0.0,0.0,0.0,0.0,0,0,bye,0,0,20,0,0,0,0,0.0,0.0,0.0,0.0,12,20.0
2024,Jalen Hurts,QB,PHI,100.0,100.0,100.0,100.0,bye,100,82,100,100,79,100,97,100,100,100.0,16.0,0.0,0.0,934,91.0
2024,Jalen McMillan,WR,TB,83.0,79.0,77.0,0.0,0,18,60,81,0,0,bye,63,76,79,64.0,83.0,69.0,88.0,626,70.0
2024,Jalen Nailor,WR,MIN,47.0,93.0,86.0,21.0,56,bye,73,42,27,50,44,39,58,40,53.0,53.0,53.0,49.0,573,51.0
2024,Jalen Reagor,WR,LAC,0.0,0.0,0.0,0.0,bye,0,23,30,33,31,19,30,28,32,0.0,0.0,0.0,0.0,138,28.0
2024,Jalen Tolbert,WR,DAL,67.0,86.0,75.0,70.0,89,93,bye,89,95,93,80,97,72,65,49.0,28.0,68.0,72.0,892,76.0
2024,Jalen Virgil,WR,BUF,0.0,0.0,0.0,0.0,0,0,0,14,5,5,4,bye,26,2,0.0,0.0,0.0,0.0,37,9.0
2024,Jalin Hyatt,WR,NYG,23.0,21.0,14.0,19.0,67,81,5,0,6,73,bye,42,29,23,29.0,20.0,18.0,34.0,346,33.0
2024,Jamaal Williams,RB,NO,33.0,25.0,18.0,15.0,15,4,17,32,0,0,0,bye,6,7,11.0,18.0,42.0,36.0,178,20.0
2024,Jamari Thrash,WR,CLE,0.0,0.0,0.0,0.0,0,0,8,0,5,bye,19,21,17,0,18.0,27.0,38.0,54.0,143,22.0
2024,Jameis Winston,QB,CLE,0.0,4.0,3.0,0.0,8,2,15,100,100,bye,95,98,100,100,77.0,0.0,0.0,0.0,504,60.0
2024,James Conner,RB,ARI,67.0,62.0,75.0,58.0,79,28,84,80,48,54,bye,69,59,77,71.0,44.0,15.0,0.0,619,60.0
2024,James Cook,RB,BUF,61.0,47.0,50.0,56.0,59,0,53,55,55,55,37,bye,45,45,41.0,36.0,46.0,22.0,485,48.0
2024,James Mitchell,TE,DET,0.0,0.0,0.0,0.0,bye,0,0,0,0,0,32,0,0,0,0.0,0.0,0.0,0.0,25,32.0
2024,James Proche,WR,CLE,0.0,1.0,1.0,0.0,0,0,0,0,0,bye,0,0,0,3,3.0,0.0,0.0,0.0,6,2.0
2024,Jameson Williams,WR,DET,85.0,91.0,71.0,96.0,bye,75,75,0,0,74,65,83,79,69,87.0,83.0,79.0,81.0,826,79.0
2024,Jamison Crowder,WR,WAS,5.0,0.0,15.0,0.0,0,0,0,0,0,0,0,0,0,bye,27.0,46.0,41.0,34.0,118,29.0
2024,JaMycal Hasty,RB,NE,0.0,0.0,0.0,0.0,0,0,0,0,14,0,0,0,0,bye,0.0,0.0,0.0,0.0,10,14.0
2024,Jared Goff,QB,DET,100.0,99.0,100.0,100.0,bye,84,100,88,100,100,80,100,100,100,100.0,100.0,100.0,100.0,1113,97.0
2024,Jared Wayne,WR,HOU,0.0,0.0,0.0,0.0,0,0,0,0,0,0,0,0,25,bye,0.0,14.0,29.0,0.0,40,22.0
2024,Jared Wiley,TE,KC,20.0,18.0,22.0,16.0,21,bye,14,24,0,0,0,0,0,0,0.0,0.0,0.0,0.0,94,20.0
2024,Jarrett Stidham,QB,DEN,0.0,0.0,0.0,0.0,0,0,3,0,0,0,5,0,0,bye,0.0,0.0,0.0,12.0,14,7.0
2024,Jase McClellan,RB,ATL,0.0,0.0,0.0,0.0,0,0,8,0,0,0,22,bye,0,0,0.0,0.0,0.0,0.0,19,14.0
2024,Jauan Jennings,WR,SF,49.0,54.0,85.0,57.0,56,52,0,0,bye,91,95,92,96,74,94.0,94.0,94.0,33.0,689,73.0
2024,Javon Baker,WR,NE,0.0,9.0,0.0,0.0,0,0,0,0,6,6,7,16,3,bye,0.0,11.0,21.0,61.0,90,15.0
2024,Javonte Williams,RB,DEN,52.0,66.0,51.0,57.0,63,67,63,58,54,29,52,56,45,bye,54.0,52.0,37.0,31.0,574,52.0
2024,Jaxon Smith-Njigba,WR,SEA,79.0,83.0,88.0,84.0,88,94,85,82,89,bye,83,66,77,97,95.0,88.0,96.0,95.0,948,86.0
2024,Jayden Daniels,QB,WAS,100.0,99.0,100.0,100.0,87,100,14,100,100,100,100,100,100,bye,100.0,100.0,100.0,45.0,1062,91.0
2024,Jayden Reed,WR,GB,72.0,56.0,57.0,78.0,76,53,74,59,68,bye,57,50,67,50,59.0,58.0,71.0,69.0,685,63.0
2024,Jaylen Johnson,WR,LAC,0.0,0.0,0.0,0.0,bye,0,0,2,0,0,0,0,0,0,0.0,0.0,0.0,0.0,1,2.0
2024,Jaylen Waddle,WR,MIA,72.0,72.0,84.0,72.0,78,bye,86,86,85,89,78,76,92,82,38.0,0.0,0.0,90.0,793,78.0
2024,Jaylen Warren,RB,PIT,31.0,48.0,34.0,0.0,0,37,51,39,bye,45,33,57,36,52,53.0,67.0,53.0,38.0,447,45.0
2024,Jaylen Wright,RB,MIA,0.0,24.0,21.0,47.0,32,bye,9,5,15,17,26,19,1,19,4.0,0.0,3.0,13.0,171,17.0
2024,Jeff Driskel,QB,WAS,0.0,1.0,0.0,0.0,0,0,0,0,0,0,0,0,0,bye,0.0,0.0,0.0,0.0,1,1.0
2024,Jeff Wilson,RB,MIA,15.0,14.0,23.0,0.0,0,bye,0,0,0,0,0,0,0,0,0.0,0.0,0.0,0.0,36,17.0
2024,Jeremy McNichols,RB,WAS,0.0,1.0,14.0,38.0,22,37,25,7,39,30,17,24,25,bye,28.0,28.0,27.0,2.0,251,23.0
2024,Jeremy Ruckert,TE,NYJ,33.0,37.0,45.0,32.0,33,48,30,37,36,34,29,bye,25,29,67.0,29.0,33.0,48.0,393,37.0
2024,Jermaine Burton,WR,CIN,8.0,16.0,5.0,6.0,1,0,5,41,0,48,22,bye,3,13,4.0,11.0,6.0,0.0,131,14.0
2024,Jermaine Jackson,WR,NO,0.0,0.0,0.0,0.0,0,0,0,0,4,2,0,bye,0,0,0.0,0.0,0.0,0.0,4,3.0
2024,Jermar Jefferson,RB,DET,0.0,0.0,0.0,0.0,bye,0,0,0,0,0,0,0,0,0,0.0,8.0,10.0,0.0,12,9.0
2024,Jerome Ford,RB,CLE,75.0,44.0,79.0,78.0,58,7,0,0,46,bye,56,34,66,56,58.0,80.0,19.0,0.0,526,54.0
2024,Jerry Jeudy,WR,CLE,82.0,79.0,90.0,86.0,76,91,95,97,100,bye,85,83,91,92,95.0,91.0,97.0,95.0,1061,90.0
2024,Jha'Quan Jackson,WR,TEN,0.0,2.0,0.0,0.0,bye,2,1,5,30,20,2,3,4,0,0.0,0.0,0.0,0.0,46,8.0
2024,Jimmy Garoppolo,QB,LAR,0.0,0.0,0.0,0.0,0,bye,0,0,0,0,0,0,0,0,0.0,0.0,0.0,100.0,66,100.0
2024,JJ Taylor,RB,HOU,0.0,0.0,15.0,21.0,0,0,0,0,8,1,0,0,0,bye,0.0,0.0,0.0,0.0,33,11.0
2024,JK Dobbins,RB,LAC,58.0,46.0,65.0,71.0,bye,73,68,82,74,66,73,30,0,0,0.0,0.0,53.0,65.0,533,63.0
2024,Jody Fortson,TE,KC,0.0,0.0,0.0,0.0,13,bye,14,0,0,0,0,0,0,0,0.0,0.0,0.0,0.0,21,14.0
2024,Joe Burrow,QB,CIN,100.0,100.0,100.0,100.0,100,100,100,95,99,100,100,bye,100,100,100.0,98.0,100.0,100.0,1132,100.0
2024,Joe Flacco,QB,IND,0.0,0.0,0.0,80.0,100,100,0,2,100,100,0,0,0,bye,0.0,0.0,100.0,100.0,467,86.0
2024,Joe Mixon,RB,HOU,72.0,47.0,0.0,0.0,0,42,66,76,56,76,81,77,75,bye,64.0,66.0,48.0,18.0,557,62.0
2024,John Bates,TE,WAS,47.0,35.0,56.0,56.0,51,36,42,34,52,36,30,41,64,bye,54.0,35.0,52.0,26.0,516,44.0
2024,John FitzPatrick,TE,GB,0.0,0.0,0.0,0.0,0,0,0,9,2,bye,7,19,0,12,14.0,38.0,5.0,8.0,73,13.0
2024,John Metchie,WR,HOU,0.0,0.0,0.0,12.0,4,38,36,28,63,65,61,71,49,bye,42.0,0.0,71.0,60.0,381,45.0
2024,John Ross,WR,PHI,0.0,0.0,0.0,21.0,bye,0,0,0,0,0,0,0,0,0,0.0,0.0,0.0,0.0,12,21.0
2024,John Samuel Shenker,TE,LV,0.0,0.0,0.0,8.0,14,13,18,40,0,bye,0,0,0,0,0.0,1.0,5.0,0.0,65,14.0
2024,Johnny Mundt,TE,MIN,53.0,70.0,81.0,60.0,53,bye,67,62,26,21,26,46,42,17,26.0,15.0,11.0,9.0,434,39.0
2024,Johnny Wilson,WR,PHI,13.0,27.0,33.0,56.0,bye,6,17,10,44,26,18,70,0,50,29.0,12.0,31.0,96.0,369,34.0
2024,Jonathan Mingo,WR,Multi,56.0,63.0,66.0,80.0,68,45,26,54,28,0,29,23,34,23,18.0,25.0,48.0,35.0,462,42.0
2024,Jonathan Taylor,RB,IND,96.0,52.0,88.0,73.0,0,0,0,81,72,83,90,96,89,bye,68.0,76.0,88.0,72.0,707,80.0
2024,Jonathan Ward,RB,PIT,0.0,0.0,0.0,0.0,5,9,0,2,bye,0,0,0,0,0,0.0,0.0,0.0,0.0,10,5.0
2024,Jonathon Brooks,RB,CAR,0.0,0.0,0.0,0.0,0,0,0,0,0,0,bye,8,21,4,0.0,0.0,0.0,0.0,23,11.0
2024,Jonnu Smith,TE,MIA,28.0,42.0,38.0,42.0,41,bye,49,66,69,43,81,69,72,64,66.0,55.0,48.0,60.0,626,55.0
2024,Jordan Addison,WR,MIN,51.0,0.0,0.0,66.0,89,bye,85,92,92,74,60,94,94,75,86.0,89.0,90.0,89.0,818,82.0
2024,Jordan Akins,TE,CLE,57.0,49.0,67.0,47.0,32,9,21,22,32,bye,22,41,23,18,53.0,47.0,56.0,69.0,456,39.0
2024,Jordan Love,QB,GB,97.0,0.0,0.0,100.0,100,100,100,63,100,bye,100,94,100,100,100.0,87.0,100.0,35.0,868,91.0
2024,Jordan Mason,RB,SF,81.0,81.0,75.0,75.0,64,28,86,16,bye,5,3,18,52,0,0.0,0.0,0.0,0.0,378,50.0
2024,Jordan Matthews,TE,CAR,34.0,8.0,0.0,0.0,0,0,0,0,4,0,bye,0,0,0,0.0,0.0,0.0,0.0,26,16.0
2024,Jordan Mims,RB,NO,8.0,5.0,2.0,0.0,0,23,0,0,15,15,18,bye,0,0,0.0,45.0,0.0,36.0,105,19.0
2024,Jordan Whittington,WR,LAR,3.0,50.0,38.0,97.0,92,bye,16,0,0,7,10,0,11,13,15.0,23.0,16.0,47.0,278,32.0
2024,Josh Allen,QB,BUF,100.0,91.0,88.0,86.0,98,100,100,91,100,99,100,bye,74,100,100.0,100.0,86.0,1.0,968,89.0
2024,Josh Downs,WR,IND,0.0,0.0,57.0,62.0,61,79,61,70,50,69,69,53,0,bye,76.0,58.0,61.0,76.0,602,65.0
2024,Josh Jacobs,RB,GB,73.0,67.0,52.0,61.0,75,63,67,64,55,bye,80,53,78,80,75.0,41.0,63.0,31.0,678,63.0
2024,Josh Johnson,QB,BAL,0.0,0.0,0.0,5.0,0,0,0,0,0,0,0,0,0,bye,0.0,0.0,0.0,0.0,3,5.0
2024,Josh Oliver,TE,MIN,47.0,54.0,49.0,68.0,62,bye,58,70,56,68,56,0,0,50,47.0,47.0,54.0,46.0,552,56.0
2024,Josh Reynolds,WR,Multi,80.0,67.0,51.0,43.0,48,0,0,0,0,0,0,0,0,0,33.0,43.0,48.0,58.0,312,52.0
2024,Josh Whyle,TE,TEN,28.0,42.0,46.0,54.0,bye,40,36,41,16,41,24,33,22,8,26.0,15.0,12.0,60.0,345,32.0
2024,Joshua Cephus,WR,JAC,0.0,0.0,0.0,0.0,0,0,0,0,0,0,0,bye,0,10,0.0,0.0,0.0,0.0,6,10.0
2024,Joshua Dobbs,QB,SF,0.0,0.0,0.0,0.0,0,0,0,0,bye,0,0,0,0,0,0.0,0.0,8.0,100.0,81,58.0
2024,Joshua Kelley,RB,TEN,0.0,0.0,0.0,0.0,bye,0,0,0,0,0,0,3,0,0,0.0,0.0,0.0,3.0,4,3.0
2024,Joshua Palmer,WR,LAC,81.0,43.0,0.0,0.0,bye,0,0,0,0,0,76,83,0,0,0.0,0.0,0.0,0.0,184,70.0
2024,Josiah Deguara,TE,JAC,0.0,0.0,15.0,3.0,17,5,5,2,2,0,0,bye,0,5,18.0,25.0,19.0,14.0,87,11.0
2024,JuJu Smith-Schuster,WR,KC,22.0,20.0,55.0,52.0,67,bye,10,0,0,0,36,55,56,49,51.0,36.0,50.0,94.0,424,46.0
2024,Julian Hill,TE,MIA,59.0,37.0,41.0,50.0,51,bye,52,32,0,55,56,46,34,44,40.0,46.0,62.0,61.0,514,48.0
2024,Julius Chestnut,RB,TEN,0.0,2.0,0.0,0.0,bye,5,11,18,17,0,0,3,2,3,0.0,0.0,36.0,24.0,84,13.0
2024,Justice Hill,RB,BAL,54.0,54.0,41.0,35.0,53,38,46,50,33,35,49,40,50,bye,37.0,11.0,0.0,0.0,414,42.0
2024,Justin Fields,QB,PIT,100.0,100.0,100.0,100.0,97,100,0,0,bye,0,4,10,3,0,2.0,0.0,0.0,0.0,408,62.0
2024,Justin Herbert,QB,LAC,100.0,100.0,78.0,100.0,bye,100,100,100,100,100,100,100,100,98,98.0,100.0,87.0,100.0,1045,98.0
2024,Justin Jefferson,WR,MIN,84.0,70.0,90.0,90.0,95,bye,97,100,99,93,99,99,96,95,88.0,97.0,94.0,98.0,1043,93.0
2024,Justin Shorter,WR,LV,0.0,0.0,0.0,0.0,0,0,4,3,7,bye,14,5,1,0,0.0,0.0,3.0,0.0,25,5.0
2024,Justin Watson,WR,KC,52.0,45.0,0.0,0.0,0,bye,73,0,69,0,0,65,0,0,56.0,53.0,0.0,0.0,296,60.0
2024,Justyn Ross,WR,KC,0.0,0.0,0.0,0.0,0,bye,0,0,8,10,0,0,0,0,0.0,0.0,0.0,0.0,14,9.0
2024,Juwan Johnson,TE,NO,35.0,41.0,50.0,68.0,79,77,73,44,65,58,57,bye,70,72,73.0,73.0,77.0,79.0,697,64.0
2024,Kadarius Toney,WR,CLE,0.0,0.0,0.0,0.0,0,0,0,0,0,bye,8,0,7,7,0.0,0.0,0.0,0.0,17,7.0
2024,Kaden Davis,WR,CLE,0.0,0.0,0.0,0.0,0,0,0,0,0,bye,0,0,0,0,0.0,0.0,0.0,25.0,15,25.0
2024,Kalif Raymond,WR,DET,61.0,36.0,7.0,11.0,bye,35,28,31,39,25,32,14,0,0,0.0,0.0,0.0,6.0,211,27.0
2024,Kameron Johnson,WR,TB,17.0,0.0,0.0,32.0,8,0,0,0,0,0,bye,0,0,0,0.0,0.0,9.0,0.0,47,17.0
2024,Kareem Hunt,RB,KC,0.0,0.0,0.0,45.0,63,bye,64,58,58,65,69,55,38,29,37.0,43.0,48.0,0.0,477,52.0
2024,KaVontae Turpin,WR,DAL,10.0,27.0,23.0,13.0,29,46,bye,23,22,13,28,21,18,17,19.0,42.0,53.0,50.0,315,27.0
2024,Kayshon Boutte,WR,NE,0.0,0.0,35.0,23.0,67,83,83,82,96,97,96,87,99,bye,88.0,88.0,77.0,70.0,760,79.0
2024,Ke'Shawn Vaughn,RB,SF,0.0,0.0,0.0,0.0,0,0,0,0,bye,0,0,0,0,5,0.0,0.0,0.0,0.0,3,5.0
2024,Keaton Mitchell,RB,BAL,0.0,0.0,0.0,0.0,0,0,0,0,0,3,3,0,0,bye,0.0,0.0,27.0,21.0,36,14.0
2024,Keenan Allen,WR,CHI,68.0,0.0,0.0,68.0,81,80,bye,97,93,93,92,89,96,89,82.0,92.0,95.0,87.0,850,87.0
2024,Keilan Robinson,RB,JAC,0.0,0.0,0.0,0.0,0,0,0,0,0,0,0,bye,0,3,0.0,0.0,2.0,3.0,5,3.0
2024,Kendall Milton,RB,CIN,0.0,0.0,0.0,0.0,0,0,0,0,7,0,0,bye,0,0,0.0,0.0,0.0,1.0,6,4.0
2024,Kendre Miller,RB,NO,0.0,0.0,0.0,0.0,0,0,29,14,0,0,0,bye,0,26,47.0,39.0,13.0,0.0,104,27.0
2024,Kendric Pryor,WR,CIN,0.0,0.0,0.0,0.0,0,0,0,0,24,0,0,bye,0,0,0.0,0.0,0.0,1.0,19,13.0
2024,Kendrick Bourne,WR,NE,0.0,0.0,0.0,0.0,27,52,62,78,78,0,47,59,64,bye,53.0,70.0,72.0,38.0,456,58.0
2024,Kene Nwangwu,RB,NYJ,0.0,0.0,0.0,0.0,0,0,0,0,0,0,0,bye,0,1,0.0,0.0,0.0,0.0,1,1.0
2024,Kenneth Gainwell,RB,PHI,20.0,10.0,19.0,44.0,bye,21,36,15,28,32,18,32,13,24,39.0,19.0,23.0,49.0,301,26.0
2024,Kenneth Walker,RB,SEA,66.0,0.0,0.0,59.0,67,69,47,55,76,bye,73,64,61,0,0.0,59.0,0.0,0.0,469,64.0
2024,Kenny McIntosh,RB,SEA,0.0,3.0,16.0,0.0,0,0,2,0,0,bye,0,0,0,23,15.0,19.0,25.0,24.0,75,15.0
2024,Kenny Pickett,QB,PHI,0.0,0.0,0.0,0.0,bye,0,18,0,0,21,0,3,0,0,0.0,84.0,68.0,0.0,134,39.0
2024,Kenny Yeboah,TE,NYJ,0.0,0.0,0.0,0.0,0,0,0,0,7,9,6,bye,3,18,50.0,17.0,22.0,39.0,106,19.0
2024,Keon Coleman,WR,BUF,73.0,91.0,31.0,73.0,62,64,75,83,79,0,0,bye,0,0,63.0,66.0,90.0,97.0,598,73.0
2024,Kevin Austin,WR,NO,0.0,0.0,0.0,0.0,0,0,0,0,0,49,68,bye,61,65,75.0,89.0,70.0,55.0,323,66.0
2024,KhaDarel Hodge,WR,ATL,4.0,0.0,3.0,5.0,18,11,25,2,81,1,44,bye,7,1,9.0,0.0,39.0,90.0,231,23.0
2024,Khalil Herbert,RB,Multi,11.0,9.0,10.0,0.0,4,5,0,0,0,2,5,0,10,10,4.0,4.0,20.0,95.0,139,15.0
2024,Khalil Shakir,WR,BUF,53.0,69.0,55.0,59.0,0,38,69,58,53,72,71,bye,50,78,59.0,75.0,61.0,0.0,586,61.0
2024,Khari Blasingame,RB,Multi,13.0,0.0,0.0,0.0,0,5,0,0,0,0,0,0,0,2,0.0,1.0,0.0,0.0,12,5.0
2024,Kimani Vidal,RB,LAC,0.0,0.0,0.0,0.0,bye,24,27,17,19,0,0,0,26,53,67.0,32.0,11.0,1.0,169,26.0
2024,Kirk Cousins,QB,ATL,100.0,100.0,100.0,100.0,100,100,90,100,100,100,78,bye,100,100,100.0,0.0,0.0,0.0,913,98.0
2024,KJ Osborn,WR,Multi,62.0,75.0,75.0,66.0,0,0,37,13,0,45,0,0,0,0,0.0,0.0,23.0,0.0,251,48.0
2024,Ko Kieft,TE,TB,3.0,2.0,2.0,4.0,4,1,7,1,4,5,bye,8,11,10,26.0,17.0,26.0,16.0,104,9.0
2024,Kristian Wilkerson,WR,LV,0.0,0.0,0.0,0.0,0,43,23,0,0,bye,0,0,0,0,0.0,0.0,0.0,0.0,45,32.0
2024,Kyle Allen,QB,PIT,0.0,0.0,0.0,0.0,3,0,0,0,bye,0,0,0,0,0,0.0,0.0,0.0,0.0,2,3.0
2024,Kyle Juszczyk,RB,SF,56.0,57.0,62.0,60.0,63,65,41,57,bye,39,37,41,44,51,50.0,34.0,42.0,42.0,537,50.0
2024,Kyle Pitts,TE,ATL,96.0,74.0,69.0,68.0,85,64,75,48,54,51,75,bye,41,78,40.0,45.0,47.0,44.0,707,62.0
2024,Kyle Trask,QB,TB,3.0,0.0,0.0,0.0,0,0,0,0,0,0,bye,0,3,0,6.0,0.0,14.0,0.0,19,7.0
2024,Kylen Granson,TE,IND,56.0,59.0,48.0,30.0,26,24,23,31,44,38,46,64,52,bye,36.0,31.0,40.0,41.0,430,40.0
2024,Kyler Murray,QB,ARI,100.0,91.0,100.0,100.0,100,100,95,100,95,88,bye,100,100,100,90.0,100.0,100.0,92.0,1065,97.0
2024,Kyren Williams,RB,LAR,91.0,79.0,90.0,79.0,86,bye,89,89,99,93,81,91,68,83,86.0,83.0,95.0,0.0,888,87.0
2024,Ladd McConkey,WR,LAC,67.0,49.0,72.0,77.0,bye,63,86,62,84,78,73,86,63,0,88.0,78.0,77.0,68.0,735,73.0
2024,Lamar Jackson,QB,BAL,100.0,100.0,100.0,95.0,100,100,95,100,89,100,100,100,100,bye,83.0,100.0,83.0,96.0,1074,97.0
2024,Laquon Treadwell,WR,IND,0.0,0.0,0.0,0.0,0,0,0,0,0,0,0,0,11,bye,0.0,0.0,0.0,0.0,7,11.0
2024,Laviska Shenault,WR,Multi,10.0,4.0,14.0,1.0,9,9,0,14,4,0,2,0,3,0,13.0,0.0,0.0,0.0,52,7.0
2024,Lil'Jordan Humphrey,WR,DEN,30.0,77.0,74.0,69.0,63,35,51,60,49,59,44,56,32,bye,33.0,36.0,45.0,32.0,546,50.0
2024,Lucas Krull,TE,DEN,0.0,0.0,0.0,0.0,29,60,45,37,29,21,29,31,33,bye,38.0,44.0,40.0,30.0,299,35.0
2024,Luke Farrell,TE,JAC,26.0,47.0,38.0,47.0,47,27,51,23,26,36,29,bye,29,39,32.0,48.0,50.0,45.0,390,38.0
2024,Luke McCaffrey,WR,WAS,61.0,56.0,34.0,44.0,66,37,38,34,37,41,30,26,29,bye,15.0,13.0,27.0,34.0,419,36.0
2024,Luke Musgrave,TE,GB,25.0,44.0,56.0,33.0,0,0,0,0,0,bye,0,0,0,0,0.0,12.0,19.0,26.0,145,31.0
2024,Luke Schoonmaker,TE,DAL,30.0,40.0,31.0,34.0,26,30,bye,3,1,18,53,65,66,38,38.0,33.0,34.0,46.0,411,35.0
2024,Mac Jones,QB,JAC,0.0,0.0,20.0,0.0,0,5,0,0,0,100,100,bye,73,100,100.0,100.0,100.0,100.0,497,79.0
2024,Mack Hollins,WR,BUF,58.0,71.0,72.0,61.0,54,67,75,46,68,88,56,bye,66,77,50.0,71.0,54.0,99.0,721,66.0
2024,Malachi Corley,WR,NYJ,2.0,2.0,0.0,0.0,0,0,0,10,10,28,24,bye,60,0,0.0,0.0,0.0,0.0,83,20.0
2024,Malik Heath,WR,GB,0.0,0.0,17.0,13.0,76,23,2,1,0,bye,7,21,2,12,0.0,0.0,24.0,60.0,164,22.0
2024,Malik Nabers,WR,NYG,100.0,89.0,85.0,90.0,0,0,93,99,95,88,bye,93,95,94,94.0,90.0,84.0,70.0,886,91.0
2024,Malik Washington,WR,MIA,0.0,0.0,0.0,23.0,26,bye,36,25,34,34,40,34,38,42,59.0,87.0,87.0,61.0,414,45.0
2024,Malik Willis,QB,GB,3.0,100.0,100.0,0.0,0,0,0,37,0,bye,0,6,0,0,0.0,13.0,0.0,66.0,217,46.0
2024,Marcedes Lewis,TE,CHI,16.0,14.0,23.0,32.0,23,20,bye,16,14,23,17,21,22,11,25.0,19.0,11.0,19.0,220,19.0
2024,Marcus Mariota,QB,WAS,0.0,0.0,0.0,0.0,13,0,86,0,0,0,0,0,0,bye,0.0,0.0,0.0,55.0,100,52.0
2024,Mark Andrews,TE,BAL,74.0,63.0,33.0,46.0,55,50,54,74,49,87,61,42,74,bye,66.0,76.0,56.0,79.0,682,61.0
2024,Marquez Callaway,WR,TB,0.0,0.0,0.0,0.0,0,0,0,0,5,3,bye,0,0,0,0.0,0.0,0.0,0.0,5,4.0
2024,Marquez Valdes-Scantling,WR,Multi,21.0,9.0,77.0,42.0,46,32,0,0,41,55,65,0,76,71,78.0,0.0,78.0,70.0,478,55.0
2024,MarShawn Lloyd,RB,GB,0.0,14.0,0.0,0.0,0,0,0,0,0,bye,0,0,0,0,0.0,0.0,0.0,0.0,10,14.0
2024,Marvin Harrison,WR,ARI,90.0,70.0,88.0,92.0,76,14,84,91,74,73,bye,95,88,85,77.0,81.0,84.0,74.0,865,79.0
2024,Marvin Mims,WR,DEN,17.0,15.0,24.0,16.0,19,31,18,29,35,22,23,24,35,bye,25.0,47.0,47.0,31.0,297,27.0
2024,Mason Kinsey,WR,TEN,0.0,0.0,0.0,0.0,bye,0,0,11,0,0,0,0,0,3,6.0,23.0,9.0,60.0,71,18.0
2024,Mason Rudolph,QB,TEN,0.0,0.0,0.0,83.0,bye,0,100,100,100,0,0,0,0,0,53.0,100.0,100.0,42.0,473,86.0
2024,Mason Tipton,WR,NO,26.0,25.0,32.0,39.0,36,41,83,77,76,55,0,bye,0,0,0.0,50.0,0.0,0.0,358,50.0
2024,Matthew Stafford,QB,LAR,100.0,100.0,100.0,100.0,100,bye,100,100,100,100,100,100,100,100,100.0,100.0,100.0,0.0,1024,100.0
2024,Mecole Hardman,WR,KC,0.0,2.0,0.0,0.0,10,bye,30,0,18,0,0,5,0,0,0.0,0.0,0.0,0.0,49,13.0
2024,Michael Burton,RB,DEN,14.0,11.0,19.0,21.0,17,7,17,15,14,17,8,12,20,bye,11.0,16.0,13.0,32.0,175,16.0
2024,Michael Carter,RB,ARI,0.0,0.0,0.0,0.0,0,0,0,0,0,0,bye,0,0,0,0.0,36.0,72.0,77.0,132,62.0
2024,Michael Mayer,TE,LV,57.0,62.0,48.0,0.0,0,0,0,0,0,bye,52,44,63,81,70.0,61.0,75.0,80.0,460,63.0
2024,Michael Penix,QB,ATL,0.0,0.0,0.0,0.0,0,0,10,0,0,0,22,bye,0,0,0.0,100.0,100.0,100.0,230,67.0
2024,Michael Pittman,WR,IND,89.0,86.0,84.0,88.0,89,80,89,95,76,0,87,75,92,bye,96.0,98.0,94.0,91.0,904,88.0
2024,Michael Wilson,WR,ARI,80.0,68.0,90.0,85.0,72,95,77,70,71,66,bye,83,82,83,74.0,90.0,87.0,0.0,822,80.0
2024,Michael Woods,WR,CLE,0.0,0.0,0.0,0.0,0,0,0,0,0,bye,0,0,77,88,100.0,68.0,86.0,0.0,304,83.0
2024,Mike Boone,RB,CAR,8.0,0.0,0.0,0.0,0,0,0,0,0,0,bye,0,0,0,5.0,6.0,23.0,30.0,43,15.0
2024,Mike Evans,WR,TB,70.0,79.0,82.0,77.0,87,57,28,0,0,0,bye,60,84,82,65.0,81.0,62.0,88.0,671,71.0
2024,Mike Gesicki,TE,CIN,35.0,47.0,50.0,33.0,43,36,31,53,36,71,62,bye,44,28,32.0,34.0,57.0,69.0,523,46.0
2024,Mike White,QB,BUF,0.0,0.0,0.0,0.0,0,0,0,0,0,0,0,bye,0,0,0.0,0.0,0.0,30.0,20,30.0
2024,Mike Williams,WR,Multi,0.0,0.0,0.0,0.0,0,0,0,0,0,12,0,0,0,29,0.0,0.0,0.0,23.0,42,21.0
2024,Miles Sanders,RB,CAR,37.0,42.0,42.0,31.0,38,23,26,34,23,10,bye,0,0,0,0.0,0.0,0.0,61.0,224,34.0
2024,Mitchell Trubisky,QB,BUF,0.0,9.0,13.0,14.0,2,0,0,9,0,1,0,bye,26,0,0.0,0.0,14.0,72.0,102,18.0
2024,Mitchell Wilcox,TE,NE,0.0,0.0,0.0,0.0,0,0,0,0,0,2,0,0,0,bye,0.0,0.0,0.0,0.0,1,2.0
2024,Mo Alie-Cox,TE,IND,40.0,32.0,55.0,47.0,41,49,53,42,48,42,40,42,58,bye,30.0,48.0,40.0,38.0,475,44.0
2024,Montrell Washington,WR,KC,0.0,0.0,0.0,0.0,0,bye,0,7,0,0,0,0,0,0,0.0,0.0,0.0,0.0,5,7.0
2024,MyCole Pruitt,TE,PIT,59.0,42.0,0.0,0.0,0,0,44,23,bye,44,0,46,36,31,28.0,23.0,13.0,18.0,271,34.0
2024,Myles Gaskin,RB,MIN,4.0,0.0,0.0,0.0,7,bye,0,0,0,0,0,0,0,0,0.0,0.0,0.0,0.0,7,5.0
2024,Najee Harris,RB,PIT,56.0,0.0,59.0,69.0,0,0,0,59,bye,47,0,0,52,42,0.0,0.0,0.0,49.0,295,54.0
2024,Nate Adkins,TE,DEN,20.0,20.0,37.0,46.0,51,27,29,48,38,36,48,29,39,bye,46.0,33.0,37.0,59.0,420,38.0
2024,Nelson Agholor,WR,BAL,38.0,55.0,60.0,51.0,47,47,47,44,33,49,39,45,56,bye,29.0,0.0,0.0,0.0,420,46.0
2024,Nick Chubb,RB,CLE,0.0,0.0,0.0,0.0,0,0,36,59,35,bye,30,66,34,36,34.0,0.0,0.0,0.0,235,40.0
2024,Nick Mullens,QB,MIN,0.0,0.0,3.0,0.0,1,bye,0,0,0,0,0,3,0,3,0.0,0.0,0.0,0.0,7,3.0
2024,Nick Muse,TE,MIN,5.0,0.0,0.0,0.0,0,bye,0,0,0,0,0,8,15,0,0.0,0.0,0.0,0.0,17,9.0
2024,Nick Vannett,TE,TEN,25.0,30.0,28.0,49.0,bye,33,44,41,47,26,61,46,20,44,37.0,26.0,19.0,37.0,399,36.0
2024,Nick Westbrook-Ikhine,WR,TEN,19.0,15.0,24.0,26.0,bye,22,47,92,97,100,85,90,100,94,91.0,90.0,100.0,97.0,771,70.0
2024,Nico Collins,WR,HOU,80.0,84.0,82.0,84.0,13,0,0,0,0,0,47,79,70,bye,82.0,85.0,71.0,18.0,502,66.0
2024,Nikko Remigio,WR,KC,0.0,0.0,0.0,0.0,0,bye,0,0,0,0,0,0,0,0,7.0,3.0,2.0,91.0,39,16.0
2024,Noah Brown,WR,WAS,0.0,28.0,58.0,67.0,0,64,61,81,50,89,77,73,46,bye,0.0,0.0,0.0,0.0,470,63.0
2024,Noah Fant,TE,SEA,75.0,81.0,44.0,57.0,69,69,53,61,0,bye,0,0,67,59,59.0,72.0,56.0,64.0,569,64.0
2024,Noah Gray,TE,KC,54.0,57.0,50.0,52.0,61,bye,67,72,69,57,76,59,62,61,55.0,49.0,45.0,12.0,664,58.0
2024,Odell Beckham,WR,MIA,0.0,0.0,0.0,0.0,14,bye,16,17,20,32,24,25,20,14,0.0,0.0,0.0,0.0,119,20.0
2024,Olamide Zaccheaus,WR,WAS,44.0,33.0,8.0,25.0,51,39,42,35,39,25,42,34,35,bye,49.0,69.0,76.0,69.0,494,42.0
2024,Parker Hesse,TE,DET,15.0,8.0,19.0,13.0,bye,34,0,0,0,0,0,0,0,0,0.0,0.0,0.0,0.0,59,17.0
2024,Parker Washington,WR,JAC,13.0,22.0,31.0,24.0,14,29,34,74,85,52,58,bye,80,75,86.0,94.0,83.0,86.0,584,57.0
2024,Parris Campbell,WR,PHI,0.0,21.0,50.0,84.0,bye,0,20,0,0,0,0,0,50,0,0.0,0.0,0.0,0.0,140,43.0
2024,Pat Freiermuth,TE,PIT,74.0,58.0,81.0,76.0,79,87,71,65,bye,58,58,64,67,62,70.0,68.0,60.0,80.0,776,69.0
2024,Patrick Mahomes,QB,KC,100.0,100.0,100.0,100.0,100,bye,100,100,100,100,100,100,100,100,89.0,100.0,100.0,0.0,1106,99.0
2024,Patrick Ricard,RB,BAL,24.0,28.0,51.0,61.0,32,51,36,16,63,32,36,54,26,bye,36.0,27.0,59.0,46.0,435,39.0
2024,Patrick Taylor,RB,SF,0.0,0.0,0.0,0.0,0,25,0,7,bye,0,0,0,0,33,6.0,80.0,20.0,84.0,172,38.0
2024,Payne Durham,TE,TB,27.0,33.0,21.0,19.0,23,31,0,15,29,28,bye,37,39,40,42.0,93.0,77.0,81.0,430,41.0
2024,Peyton Hendershot,TE,KC,0.0,0.0,0.0,0.0,0,bye,0,0,16,9,11,14,0,0,0.0,0.0,6.0,82.0,68,18.0
2024,Pharaoh Brown,TE,SEA,0.0,0.0,47.0,31.0,14,13,30,29,9,bye,37,45,41,25,17.0,33.0,35.0,11.0,264,27.0
2024,Pierre Strong,RB,CLE,24.0,14.0,0.0,0.0,8,53,50,20,15,bye,10,0,0,10,10.0,20.0,35.0,0.0,192,23.0
2024,Princeton Fant,TE,DAL,0.0,0.0,0.0,0.0,0,0,bye,0,0,0,8,0,4,0,1.0,5.0,0.0,0.0,14,5.0
2024,Puka Nacua,WR,LAR,32.0,0.0,0.0,0.0,0,bye,0,57,35,79,75,80,79,77,77.0,81.0,95.0,0.0,487,68.0
2024,Quentin Johnston,WR,LAC,67.0,70.0,80.0,77.0,bye,41,0,0,68,83,82,65,67,80,73.0,68.0,68.0,73.0,656,70.0
2024,Quintin Morris,TE,BUF,10.0,13.0,14.0,14.0,7,6,5,13,12,35,38,bye,41,0,3.0,0.0,20.0,93.0,214,22.0
2024,Rachaad White,RB,TB,70.0,71.0,74.0,58.0,64,0,48,56,62,61,bye,49,53,76,51.0,50.0,36.0,27.0,591,56.0
2024,Raheem Blackshear,RB,CAR,0.0,0.0,3.0,0.0,5,0,0,0,4,3,bye,3,1,0,0.0,10.0,77.0,9.0,61,11.0
2024,Raheem Mostert,RB,MIA,44.0,0.0,0.0,0.0,56,bye,33,46,23,15,15,31,35,0,38.0,31.0,40.0,1.0,278,32.0
2024,Rakim Jarrett,WR,TB,0.0,0.0,0.0,0.0,0,0,0,27,84,82,bye,32,14,16,10.0,18.0,32.0,10.0,210,31.0
2024,Ramel Keyton,WR,LV,0.0,0.0,0.0,0.0,0,0,0,0,44,bye,8,4,0,0,1.0,5.0,4.0,2.0,44,9.0
2024,Rashee Rice,WR,KC,78.0,83.0,74.0,6.0,0,bye,0,0,0,0,0,0,0,0,0.0,0.0,0.0,0.0,155,61.0
2024,Rasheen Ali,RB,BAL,0.0,0.0,0.0,0.0,0,0,0,0,0,0,0,0,0,bye,17.0,15.0,8.0,7.0,29,11.0
2024,Rashid Shaheed,WR,NO,68.0,66.0,75.0,77.0,87,81,0,0,0,0,0,bye,0,0,0.0,0.0,0.0,0.0,286,76.0
2024,Rashod Bateman,WR,BAL,84.0,82.0,62.0,65.0,63,69,76,84,61,78,80,57,40,bye,76.0,81.0,44.0,71.0,766,69.0
2024,Ray Davis,RB,BUF,10.0,31.0,19.0,17.0,3,58,24,22,14,15,21,bye,33,22,26.0,24.0,23.0,52.0,264,24.0
2024,Ray-Ray McCloud,WR,ATL,54.0,100.0,95.0,98.0,98,83,88,89,91,99,98,bye,95,64,41.0,91.0,63.0,100.0,981,86.0
2024,Reggie Gilliam,RB,BUF,6.0,11.0,11.0,8.0,8,7,0,12,0,0,12,bye,24,5,17.0,31.0,21.0,42.0,139,16.0
2024,Rhamondre Stevenson,RB,NE,78.0,72.0,46.0,55.0,47,0,50,81,74,70,76,42,78,bye,65.0,44.0,45.0,0.0,599,62.0
2024,Ricky Pearsall,WR,SF,0.0,0.0,0.0,0.0,0,0,76,59,bye,64,59,67,73,49,56.0,72.0,70.0,92.0,455,68.0
2024,Rico Dowdle,RB,DAL,44.0,43.0,46.0,45.0,50,28,bye,0,71,52,49,61,70,77,74.0,77.0,66.0,67.0,636,57.0
2024,River Cracraft,WR,MIA,0.0,0.0,0.0,0.0,0,bye,0,0,0,8,9,24,13,0,32.0,27.0,33.0,36.0,120,23.0
2024,Robbie Chosen,WR,MIA,17.0,22.0,0.0,0.0,0,bye,0,0,0,0,0,0,0,0,0.0,0.0,0.0,0.0,29,20.0
2024,Robert Tonyan,TE,MIN,0.0,0.0,5.0,10.0,1,bye,3,4,0,0,0,0,0,0,0.0,0.0,0.0,0.0,15,5.0
2024,Robert Woods,WR,HOU,15.0,15.0,19.0,72.0,24,0,0,34,49,35,31,23,33,bye,48.0,58.0,38.0,62.0,361,37.0
2024,Rodney Williams,TE,PIT,0.0,0.0,3.0,0.0,0,0,0,0,bye,0,0,0,0,0,0.0,0.0,0.0,0.0,2,3.0
2024,Roman Wilson,WR,PIT,0.0,0.0,0.0,0.0,0,7,0,0,bye,0,0,0,0,0,0.0,0.0,0.0,0.0,5,7.0
2024,Rome Odunze,WR,CHI,77.0,94.0,99.0,78.0,80,80,bye,75,88,68,82,87,78,92,79.0,83.0,92.0,89.0,954,84.0
2024,Romeo Doubs,WR,GB,87.0,79.0,73.0,86.0,0,74,83,84,83,bye,78,51,0,0,75.0,67.0,86.0,0.0,660,77.0
2024,Ronnie Bell,WR,SF,18.0,9.0,42.0,0.0,16,0,38,22,bye,16,0,10,0,0,0.0,0.0,0.0,0.0,113,22.0
2024,Ronnie Rivers,RB,LAR,9.0,6.0,10.0,21.0,0,bye,0,0,0,0,0,0,0,0,0.0,0.0,0.0,79.0,81,26.0
2024,Roschon Johnson,RB,CHI,0.0,0.0,37.0,37.0,31,27,bye,27,38,33,42,38,3,0,0.0,27.0,33.0,21.0,272,31.0
2024,Ross Dwelley,TE,ATL,4.0,3.0,5.0,2.0,0,13,11,8,5,0,44,bye,1,12,50.0,9.0,0.0,1.0,105,11.0
2024,Russell Wilson,QB,PIT,0.0,0.0,0.0,0.0,0,0,100,100,bye,100,96,90,97,100,98.0,100.0,100.0,100.0,719,98.0
2024,Ryan Flournoy,WR,DAL,0.0,0.0,0.0,0.0,13,3,bye,3,22,27,65,15,0,2,0.0,40.0,21.0,9.0,156,21.0
2024,Ryan Miller,WR,TB,0.0,0.0,0.0,0.0,0,42,0,41,62,85,bye,23,11,6,21.0,46.0,56.0,12.0,275,36.0
2024,Sam Darnold,QB,MIN,100.0,100.0,97.0,100.0,99,bye,100,100,100,100,100,97,100,97,100.0,100.0,100.0,100.0,1110,99.0
2024,Sam Howell,QB,SEA,0.0,0.0,0.0,0.0,0,0,2,0,0,bye,0,0,0,0,41.0,0.0,0.0,0.0,25,21.0
2024,Sam LaPorta,TE,DET,79.0,88.0,63.0,89.0,bye,62,95,79,84,60,0,93,94,90,97.0,92.0,93.0,100.0,910,85.0
2024,Samaje Perine,RB,KC,15.0,14.0,38.0,40.0,25,bye,21,31,28,24,20,32,25,25,25.0,19.0,19.0,38.0,296,26.0
2024,Saquon Barkley,RB,PHI,80.0,90.0,80.0,56.0,bye,79,53,82,72,51,82,68,88,76,61.0,82.0,75.0,0.0,801,74.0
2024,Scotty Miller,WR,PIT,25.0,21.0,56.0,13.0,22,21,10,17,bye,0,9,0,0,52,23.0,43.0,13.0,0.0,210,25.0
2024,Sean Tucker,RB,TB,3.0,0.0,2.0,8.0,0,38,20,10,13,0,bye,8,0,18,11.0,0.0,19.0,7.0,112,14.0
2024,Shane Zylstra,TE,DET,0.0,0.0,0.0,0.0,bye,0,5,27,16,29,24,8,7,20,1.0,2.0,11.0,13.0,109,13.0
2024,Simi Fehoko,WR,LAC,16.0,41.0,72.0,21.0,bye,51,92,79,16,0,0,0,0,0,0.0,0.0,0.0,0.0,244,49.0
2024,Sincere McCormick,RB,LV,0.0,0.0,0.0,0.0,0,0,0,0,0,bye,0,10,38,61,21.0,0.0,0.0,0.0,89,32.0
2024,Sione Vaki,RB,DET,3.0,5.0,1.0,0.0,bye,1,0,2,0,0,13,1,0,0,0.0,8.0,1.0,0.0,26,4.0
2024,Skylar Thompson,QB,MIA,0.0,28.0,57.0,0.0,0,bye,0,0,0,0,0,3,0,0,0.0,0.0,0.0,0.0,58,28.0
2024,Skyy Moore,WR,KC,19.0,8.0,20.0,21.0,7,bye,47,0,0,0,0,0,0,0,0.0,0.0,0.0,0.0,82,20.0
2024,Spencer Rattler,QB,NO,0.0,0.0,0.0,0.0,0,100,93,62,0,0,0,bye,0,0,62.0,100.0,100.0,100.0,396,88.0
2024,Stefon Diggs,WR,HOU,77.0,81.0,85.0,83.0,87,79,81,54,0,0,0,0,0,bye,0.0,0.0,0.0,0.0,431,78.0
2024,Stephen Sullivan,TE,CAR,0.0,0.0,0.0,0.0,0,0,0,0,0,0,bye,0,11,0,0.0,0.0,0.0,0.0,8,11.0
2024,Sterling Shepard,WR,TB,0.0,0.0,7.0,65.0,68,75,45,62,60,72,bye,54,44,48,50.0,33.0,0.0,63.0,509,54.0
2024,Stone Smartt,TE,LAC,9.0,6.0,0.0,2.0,bye,13,11,2,0,0,10,4,15,37,67.0,60.0,33.0,19.0,181,20.0
2024,Tank Bigsby,RB,JAC,32.0,0.0,13.0,29.0,40,27,66,67,52,23,0,bye,46,53,26.0,28.0,40.0,36.0,351,38.0
2024,Tank Dell,WR,HOU,63.0,69.0,67.0,0.0,68,74,72,75,73,75,64,84,68,bye,62.0,51.0,0.0,0.0,633,69.0
2024,Tanner Conner,TE,MIA,4.0,4.0,13.0,3.0,0,bye,0,0,11,4,0,0,0,0,0.0,0.0,0.0,0.0,25,7.0
2024,Tanner Hudson,TE,CIN,18.0,0.0,0.0,0.0,0,8,9,14,27,35,11,bye,19,20,7.0,0.0,0.0,5.0,119,16.0
2024,Tanner McKee,QB,PHI,0.0,0.0,0.0,0.0,bye,0,0,0,0,0,0,0,0,0,0.0,0.0,32.0,100.0,89,67.0
2024,Tanner McLachlan,TE,CIN,0.0,0.0,0.0,0.0,0,0,0,0,0,0,0,bye,0,0,0.0,5.0,2.0,0.0,5,3.0
2024,Tay Martin,WR,TEN,0.0,0.0,0.0,0.0,bye,0,0,0,0,0,0,0,0,0,0.0,0.0,0.0,6.0,4,6.0
2024,Taylor Heinicke,QB,LAC,0.0,0.0,22.0,0.0,bye,0,0,0,0,0,0,0,0,2,2.0,0.0,13.0,0.0,22,9.0
2024,Taysom Hill,TE,NO,32.0,47.0,0.0,20.0,0,0,0,40,44,43,55,bye,59,0,0.0,0.0,0.0,0.0,225,42.0
2024,Teagan Quitoriano,TE,HOU,0.0,0.0,0.0,0.0,0,14,20,34,18,25,30,11,0,bye,0.0,0.0,0.0,0.0,102,22.0
2024,Tee Higgins,WR,CIN,0.0,0.0,90.0,64.0,72,85,82,0,0,0,84,bye,90,87,87.0,71.0,69.0,68.0,636,79.0
2024,Terrace Marshall,WR,LV,0.0,0.0,0.0,0.0,0,0,0,0,0,bye,11,0,24,22,39.0,46.0,36.0,27.0,140,30.0
2024,Terrell Jennings,RB,NE,0.0,0.0,0.0,0.0,0,21,0,0,0,0,0,0,0,bye,0.0,0.0,0.0,38.0,38,29.0
2024,Terry McLaurin,WR,WAS,81.0,92.0,85.0,71.0,67,80,71,72,74,89,71,81,80,bye,90.0,91.0,82.0,91.0,935,80.0
2024,Theo Johnson,TE,NYG,86.0,79.0,81.0,71.0,78,89,90,97,85,92,bye,73,89,0,0.0,0.0,0.0,0.0,683,84.0
2024,Thomas Odukoya,TE,TEN,0.0,0.0,0.0,0.0,bye,0,0,0,0,0,0,0,0,0,1.0,0.0,0.0,0.0,1,1.0
2024,Tim Boyle,QB,Multi,0.0,0.0,43.0,0.0,0,0,33,0,0,0,0,0,0,0,53.0,0.0,0.0,0.0,85,43.0
2024,Tim Jones,WR,JAC,2.0,0.0,8.0,9.0,24,16,16,47,26,14,8,bye,26,24,13.0,9.0,21.0,16.0,169,17.0
2024,Tim Patrick,WR,DET,0.0,39.0,50.0,40.0,bye,44,53,77,77,49,71,50,70,66,81.0,65.0,56.0,59.0,641,59.0
2024,Tip Reiman,TE,ARI,33.0,58.0,34.0,42.0,45,21,53,44,50,59,bye,34,41,32,43.0,37.0,30.0,45.0,450,41.0
2024,TJ Hockenson,TE,MIN,0.0,0.0,0.0,0.0,0,bye,0,0,45,46,48,68,64,62,65.0,70.0,69.0,78.0,423,61.0
2024,Tom Kennedy,WR,DET,7.0,6.0,0.0,0.0,bye,0,0,0,0,0,0,0,0,0,0.0,6.0,4.0,0.0,16,6.0
2024,Tommy DeVito,QB,NYG,0.0,0.0,0.0,0.0,0,0,0,0,0,0,bye,98,0,1,47.0,0.0,0.0,0.0,91,44.0
2024,Tommy Tremble,TE,CAR,0.0,46.0,86.0,87.0,28,0,0,61,0,0,bye,82,100,65,64.0,75.0,53.0,60.0,519,69.0
2024,Tony Pollard,RB,TEN,61.0,67.0,63.0,60.0,bye,74,89,82,86,54,63,94,73,63,44.0,39.0,0.0,73.0,701,68.0
2024,Travis Etienne,RB,JAC,70.0,72.0,69.0,52.0,38,18,0,0,31,68,75,bye,53,47,73.0,52.0,48.0,43.0,494,54.0
2024,Travis Homer,RB,CHI,20.0,29.0,0.0,0.0,0,0,bye,0,0,0,1,0,28,13,25.0,0.0,0.0,0.0,75,19.0
2024,Travis Kelce,TE,KC,89.0,91.0,77.0,87.0,77,bye,77,79,84,84,80,89,90,83,89.0,88.0,89.0,0.0,940,84.0
2024,Travis Vokolek,TE,ARI,0.0,0.0,0.0,20.0,0,0,0,0,0,0,bye,0,0,0,0.0,0.0,0.0,0.0,12,20.0
2024,Trayveon Williams,RB,CIN,0.0,0.0,0.0,0.0,0,0,0,0,9,1,0,bye,0,0,0.0,0.0,1.0,1.0,10,3.0
2024,Tre Tucker,WR,LV,78.0,60.0,81.0,85.0,84,95,95,91,92,bye,89,90,97,88,96.0,92.0,90.0,80.0,984,88.0
2024,Trent Sherfield,WR,MIN,31.0,30.0,0.0,32.0,0,bye,0,0,14,14,0,15,0,0,16.0,0.0,0.0,0.0,100,21.0
2024,Trent Taylor,WR,SF,0.0,0.0,0.0,0.0,3,0,0,0,bye,0,0,0,0,0,0.0,0.0,0.0,16.0,14,10.0
2024,Trenton Irwin,WR,CIN,65.0,55.0,0.0,0.0,0,6,0,28,30,15,5,bye,0,0,0.0,0.0,0.0,0.0,125,27.0
2024,Trevor Lawrence,QB,JAC,100.0,100.0,80.0,100.0,100,95,100,100,100,0,0,bye,27,0,0.0,0.0,0.0,0.0,536,89.0
2024,Trey Benson,RB,ARI,13.0,33.0,3.0,19.0,0,19,7,6,28,27,bye,16,16,14,16.0,0.0,0.0,0.0,137,17.0
2024,Trey Lance,QB,DAL,0.0,0.0,0.0,0.0,0,0,bye,0,0,25,0,3,0,0,0.0,0.0,5.0,100.0,98,37.0
2024,Trey McBride,TE,ARI,85.0,83.0,85.0,0.0,88,93,95,97,90,71,bye,97,94,94,91.0,93.0,92.0,89.0,934,90.0
2024,Trey Palmer,WR,TB,31.0,21.0,21.0,14.0,0,0,72,70,49,25,bye,26,19,11,24.0,18.0,30.0,12.0,305,30.0
2024,Trey Sermon,RB,IND,4.0,32.0,9.0,26.0,59,60,52,16,26,3,7,4,8,bye,24.0,15.0,9.0,21.0,245,23.0
2024,Treylon Burks,WR,TEN,69.0,50.0,48.0,54.0,bye,16,0,0,0,0,0,0,0,0,0.0,0.0,0.0,0.0,147,48.0
2024,Trishton Jackson,WR,MIN,0.0,9.0,8.0,0.0,0,bye,0,0,0,0,0,0,0,0,0.0,0.0,0.0,0.0,10,9.0
2024,Troy Franklin,WR,DEN,0.0,20.0,25.0,31.0,17,65,51,37,40,34,44,40,41,bye,46.0,41.0,33.0,35.0,386,37.0
2024,Tua Tagovailoa,QB,MIA,100.0,72.0,0.0,0.0,0,bye,0,100,100,100,100,97,100,100,100.0,100.0,0.0,0.0,717,97.0
2024,Tucker Fisk,TE,LAC,0.0,0.0,0.0,0.0,bye,0,0,0,0,39,36,26,43,35,27.0,43.0,41.0,35.0,206,36.0
2024,Tucker Kraft,TE,GB,96.0,80.0,67.0,86.0,85,82,95,84,100,bye,93,79,91,88,89.0,62.0,86.0,95.0,925,85.0
2024,Tutu Atwell,WR,LAR,8.0,19.0,74.0,90.0,81,bye,78,13,34,19,13,27,39,45,31.0,21.0,16.0,55.0,425,39.0
2024,Ty Chandler,RB,MIN,35.0,35.0,35.0,12.0,63,bye,18,4,0,14,1,0,9,0,1.0,0.0,10.0,0.0,153,20.0
2024,Ty Johnson,RB,BUF,23.0,16.0,28.0,19.0,34,36,22,20,29,30,45,bye,28,35,30.0,39.0,30.0,25.0,316,29.0
2024,Tyjae Spears,RB,TEN,45.0,33.0,37.0,42.0,bye,21,0,0,0,46,44,0,25,38,56.0,61.0,65.0,0.0,320,43.0
2024,Tylan Wallace,WR,BAL,11.0,11.0,22.0,18.0,18,7,17,9,35,19,15,11,56,bye,24.0,40.0,35.0,73.0,275,25.0
2024,Tyler Allgeier,RB,ATL,18.0,21.0,21.0,38.0,36,41,23,35,25,23,7,bye,30,18,26.0,27.0,13.0,22.0,287,25.0
2024,Tyler Badie,RB,DEN,0.0,5.0,19.0,8.0,0,0,0,0,0,0,0,0,0,bye,0.0,0.0,0.0,0.0,21,11.0
2024,Tyler Boyd,WR,TEN,83.0,76.0,70.0,49.0,bye,69,56,61,29,61,59,57,85,59,56.0,51.0,75.0,0.0,635,62.0
2024,Tyler Conklin,TE,NYJ,90.0,93.0,92.0,92.0,82,73,86,81,78,78,92,bye,82,79,0.0,77.0,84.0,22.0,805,80.0
2024,Tyler Goodson,RB,IND,0.0,16.0,4.0,2.0,41,39,48,3,2,14,3,0,2,bye,7.0,10.0,3.0,8.0,132,13.0
2024,Tyler Higbee,TE,LAR,0.0,0.0,0.0,0.0,0,bye,0,0,0,0,0,0,0,0,0.0,27.0,30.0,41.0,58,33.0
2024,Tyler Huntley,QB,MIA,0.0,0.0,0.0,100.0,100,bye,67,0,0,0,0,0,0,0,0.0,0.0,100.0,100.0,314,93.0
2024,Tyler Johnson,WR,LAR,65.0,0.0,50.0,0.0,0,bye,0,0,0,0,0,0,0,0,0.0,0.0,0.0,0.0,80,59.0
2024,Tyler Lockett,WR,SEA,54.0,81.0,56.0,71.0,84,78,60,78,89,bye,78,64,47,67,76.0,69.0,69.0,53.0,765,70.0
2024,Tyler Mabry,TE,SEA,0.0,0.0,0.0,0.0,0,0,0,0,0,bye,2,5,0,0,0.0,0.0,0.0,0.0,4,3.0
2024,Tyler Scott,WR,CHI,0.0,4.0,2.0,3.0,4,5,bye,0,1,0,1,0,0,0,6.0,2.0,0.0,0.0,20,3.0
2024,Tyquan Thornton,WR,NE,58.0,46.0,33.0,20.0,2,0,0,18,0,0,0,0,0,bye,0.0,0.0,0.0,0.0,112,30.0
2024,Tyreek Hill,WR,MIA,70.0,68.0,75.0,73.0,79,bye,90,88,97,87,76,74,80,97,93.0,84.0,88.0,39.0,906,80.0
2024,Tyreik McAllister,RB,LV,0.0,0.0,0.0,7.0,0,0,0,0,0,bye,0,0,0,0,0.0,0.0,0.0,0.0,4,7.0
2024,Tyrell Shavers,WR,BUF,0.0,0.0,0.0,0.0,26,0,0,0,0,8,0,bye,0,0,0.0,0.0,14.0,0.0,32,16.0
2024,Tyrion Davis-Price,RB,PHI,0.0,0.0,0.0,0.0,bye,0,0,0,0,0,0,0,0,0,0.0,0.0,8.0,0.0,5,8.0
2024,Tyrod Taylor,QB,NYJ,25.0,0.0,0.0,0.0,0,0,0,0,0,0,0,bye,0,0,0.0,0.0,37.0,0.0,36,32.0
2024,Tyrone Tracy,RB,NYG,21.0,21.0,31.0,25.0,63,84,67,57,72,80,bye,41,73,83,68.0,63.0,66.0,60.0,651,58.0
2024,Tyson Bagent,QB,CHI,0.0,0.0,0.0,0.0,4,5,bye,0,0,0,0,0,0,8,4.0,0.0,0.0,0.0,13,5.0
2024,Van Jefferson,WR,PIT,72.0,82.0,16.0,86.0,81,64,62,80,bye,71,55,26,62,74,81.0,78.0,43.0,67.0,721,64.0
2024,Velus Jones,WR,Multi,7.0,0.0,0.0,0.0,0,0,0,0,0,0,0,0,0,0,0.0,0.0,6.0,0.0,7,7.0
2024,Wan'Dale Robinson,WR,NYG,68.0,63.0,60.0,65.0,82,81,84,86,72,65,bye,83,76,99,76.0,93.0,64.0,74.0,857,76.0
2024,Will Dissly,TE,LAC,44.0,51.0,50.0,36.0,bye,67,73,68,68,54,57,75,63,40,0.0,0.0,44.0,57.0,540,57.0
2024,Will Levis,QB,TEN,100.0,100.0,100.0,17.0,bye,100,0,0,0,100,100,100,100,100,47.0,0.0,0.0,58.0,621,84.0
2024,Will Mallory,TE,IND,0.0,0.0,0.0,17.0,23,14,5,19,6,19,0,0,8,bye,24.0,5.0,0.0,0.0,93,14.0
2024,Will Shipley,RB,PHI,5.0,0.0,0.0,2.0,bye,0,14,3,1,16,0,0,2,0,0.0,0.0,0.0,53.0,65,12.0
2024,Xavier Gipson,WR,NYJ,59.0,11.0,21.0,19.0,3,21,2,10,17,41,53,bye,28,1,2.0,0.0,14.0,6.0,182,18.0
2024,Xavier Hutchinson,WR,HOU,15.0,15.0,18.0,17.0,71,50,64,62,75,84,44,14,0,bye,16.0,58.0,70.0,80.0,493,47.0
2024,Xavier Legette,WR,CAR,59.0,42.0,59.0,87.0,37,77,84,62,83,98,bye,94,96,87,42.0,0.0,68.0,42.0,680,70.0
2024,Xavier Smith,WR,LAR,0.0,0.0,0.0,3.0,10,bye,9,6,1,0,6,0,4,0,0.0,6.0,0.0,8.0,33,6.0
2024,Xavier Weaver,WR,ARI,0.0,0.0,0.0,0.0,0,71,0,0,0,0,bye,0,0,0,0.0,0.0,0.0,25.0,57,46.0
2024,Xavier Worthy,WR,KC,63.0,68.0,50.0,73.0,67,bye,60,53,68,75,58,64,59,83,81.0,80.0,85.0,3.0,757,66.0
2024,Zach Charbonnet,RB,SEA,34.0,96.0,84.0,42.0,36,31,55,45,25,bye,32,38,45,80,80.0,22.0,75.0,76.0,568,52.0
2024,Zach Davidson,TE,BUF,0.0,0.0,0.0,0.0,0,0,0,0,0,0,15,bye,26,27,0.0,0.0,0.0,0.0,42,22.0
2024,Zach Ertz,TE,WAS,71.0,65.0,64.0,68.0,57,80,58,76,48,77,80,76,66,bye,23.0,71.0,66.0,91.0,771,66.0
2024,Zach Pascal,WR,ARI,7.0,12.0,2.0,10.0,17,14,4,3,5,12,bye,2,0,3,4.0,0.0,0.0,17.0,68,8.0
2024,Zack Kuntz,TE,NYJ,0.0,0.0,0.0,0.0,0,0,0,0,0,0,0,bye,0,0,2.0,0.0,0.0,0.0,1,2.0
2024,Zack Moss,RB,CIN,65.0,80.0,76.0,60.0,67,45,49,52,0,0,0,bye,0,0,0.0,0.0,0.0,0.0,297,62.0
2024,Zamir White,RB,LV,38.0,63.0,22.0,59.0,0,0,14,3,11,bye,34,0,0,0,0.0,0.0,0.0,0.0,154,30.0
2024,Zay Flowers,WR,BAL,89.0,89.0,67.0,68.0,82,72,71,87,53,83,84,77,94,bye,81.0,87.0,65.0,20.0,832,75.0
2024,Zay Jones,WR,ARI,0.0,0.0,0.0,0.0,0,0,19,26,19,39,bye,38,39,34,30.0,39.0,39.0,58.0,257,35.0
2025,Caleb Williams,QB,CHI,1.0,0.84,1.0,1.0,,1.0,1.0,1.0,1.0,1.0,1.0,1.0,1.0,1.0,1.0,1.0,1.0,1.0,1143,0.99
2025,Bo Nix,QB,DEN,1.0,1.0,1.0,1.0,1.0,1.0,1.0,0.94,1.0,1.0,1.0,,1.0,1.0,1.0,1.0,1.0,1.0,1136,1.0
2025,Dak Prescott,QB,DAL,1.0,1.0,0.86,1.0,1.0,1.0,1.0,0.88,1.0,,1.0,1.0,1.0,1.0,1.0,0.91,1.0,0.51,1135,0.96
2025,Matthew Stafford,QB,LAR,1.0,1.0,1.0,1.0,1.0,1.0,0.96,,1.0,1.0,1.0,1.0,1.0,0.83,1.0,1.0,1.0,0.96,1117,0.98
2025,Trevor Lawrence,QB,JAC,1.0,1.0,1.0,1.0,1.0,1.0,1.0,,1.0,1.0,0.89,1.0,0.95,0.91,0.87,1.0,1.0,0.82,1114,0.97
2025,Baker Mayfield,QB,TB,1.0,1.0,1.0,1.0,1.0,1.0,0.99,0.97,,1.0,0.99,0.56,1.0,1.0,1.0,1.0,1.0,1.0,1099,0.97
2025,Jared Goff,QB,DET,1.0,0.95,1.0,0.93,1.0,1.0,1.0,,1.0,0.87,1.0,1.0,1.0,1.0,1.0,1.0,1.0,1.0,1083,0.99
2025,Drake Maye,QB,NE,1.0,1.0,1.0,0.88,1.0,1.0,0.85,1.0,1.0,1.0,1.0,1.0,1.0,,1.0,1.0,0.79,0.76,1050,0.96
2025,Justin Herbert,QB,LAC,1.0,1.0,1.0,1.0,0.91,1.0,1.0,1.0,1.0,1.0,0.73,,0.85,1.0,1.0,1.0,1.0,0.0,1043,0.97
2025,Josh Allen,QB,BUF,1.0,0.87,1.0,1.0,1.0,1.0,,0.83,1.0,0.96,1.0,1.0,1.0,1.0,1.0,1.0,1.0,0.01,1034,0.91
2025,Trey McBride,TE,ARI,0.97,0.91,0.88,0.96,0.9,0.9,0.87,,0.88,0.84,0.89,0.88,0.89,0.97,0.92,0.96,0.96,0.95,1033,0.91
2025,Sam Darnold,QB,SEA,1.0,1.0,0.68,1.0,1.0,1.0,1.0,,0.94,0.9,1.0,1.0,0.96,0.87,1.0,1.0,1.0,1.0,1026,0.96
2025,Cam Ward,QB,TEN,1.0,1.0,1.0,1.0,1.0,1.0,1.0,1.0,1.0,,1.0,1.0,1.0,1.0,1.0,1.0,1.0,0.09,1007,0.95
2025,Cade Otton,TE,TB,0.86,0.91,0.92,0.96,0.92,1.0,0.97,0.97,,0.97,0.97,0.86,0.97,0.81,0.0,0.94,0.97,0.96,993,0.93
2025,Jameson Williams,WR,DET,0.97,0.88,0.91,0.85,0.82,0.85,0.85,,0.91,0.87,0.95,0.97,0.94,0.92,0.91,0.95,0.83,0.95,992,0.9
2025,Ja'Marr Chase,WR,CIN,0.87,0.96,0.86,0.96,0.92,1.0,0.99,0.98,0.99,,0.97,0.0,0.99,1.0,0.97,0.87,0.77,1.0,987,0.94
2025,DJ Moore,WR,CHI,0.84,0.88,0.9,0.76,,0.94,0.87,0.84,0.85,0.62,0.81,0.77,0.91,0.83,0.88,0.95,0.92,0.85,979,0.85
2025,Courtland Sutton,WR,DEN,0.95,0.78,0.81,0.85,0.95,0.8,0.94,0.84,0.92,0.87,0.92,,0.81,0.65,0.88,0.94,0.82,0.78,975,0.86
2025,Wan'Dale Robinson,WR,NYG,0.76,0.7,0.77,0.97,0.95,0.97,0.91,0.98,1.0,0.99,0.97,0.83,1.0,,0.99,0.98,0.75,0.0,973,0.91
2025,George Pickens,WR,DAL,0.92,0.89,0.82,0.9,0.78,0.84,0.84,0.8,0.91,,0.67,0.78,0.74,0.84,0.86,0.88,0.87,0.45,968,0.82
2025,Jalen Hurts,QB,PHI,1.0,1.0,1.0,1.0,1.0,1.0,1.0,0.93,,1.0,1.0,1.0,1.0,1.0,0.75,0.94,1.0,0.0,965,0.97
2025,Bryce Young,QB,CAR,1.0,1.0,0.98,0.81,1.0,1.0,0.69,0.0,1.0,1.0,1.0,1.0,1.0,,1.0,1.0,1.0,1.0,964,0.96
2025,Kyle Pitts,TE,ATL,0.78,0.8,0.82,0.74,,0.93,0.82,0.92,0.95,0.92,0.83,0.95,0.91,0.92,0.96,0.87,0.92,0.92,961,0.88
2025,Tre Tucker,WR,LV,0.9,0.91,0.94,0.98,0.88,0.92,0.89,,0.97,1.0,0.97,0.95,0.96,0.94,0.93,1.0,1.0,0.98,942,0.95
2025,Justin Jefferson,WR,MIN,0.98,1.0,0.8,1.0,1.0,,0.99,0.88,0.95,1.0,1.0,1.0,0.96,0.8,0.96,0.95,0.98,0.76,941,0.94
2025,Amon-Ra St Brown,WR,DET,0.94,0.85,0.85,0.9,0.81,0.89,0.91,,0.95,0.77,0.97,0.97,0.06,0.92,0.95,0.97,0.83,0.95,939,0.85
2025,Patrick Mahomes,QB,KC,1.0,1.0,1.0,0.92,1.0,1.0,0.8,1.0,1.0,,1.0,1.0,1.0,1.0,0.92,0.0,0.0,0.0,934,0.97
2025,Christian McCaffrey,RB,SF,0.76,0.77,0.91,0.85,0.88,0.93,0.75,0.96,0.86,0.78,0.71,0.83,0.79,,0.84,0.8,0.85,0.86,932,0.83
2025,Tetairoa McMillan,WR,CAR,0.83,0.85,0.9,0.94,0.9,0.93,0.87,0.93,0.84,0.91,0.86,0.91,0.73,,0.84,0.87,0.83,0.88,925,0.87
2025,Michael Wilson,WR,ARI,0.67,0.69,0.74,0.97,0.69,0.75,0.82,,0.72,0.92,0.82,0.82,0.93,0.79,0.85,0.86,0.86,0.93,923,0.81
2025,Jerry Jeudy,WR,CLE,0.88,0.88,0.83,0.82,0.9,0.89,0.68,0.83,,0.96,0.82,0.65,0.84,0.88,0.96,0.73,0.94,0.88,921,0.85
2025,Michael Pittman,WR,IND,0.82,0.83,0.81,0.93,0.82,0.85,0.87,0.79,0.88,0.81,,0.82,0.83,0.87,0.93,0.93,0.86,0.89,918,0.86
2025,Aaron Rodgers,QB,PIT,1.0,0.95,1.0,1.0,,0.95,1.0,1.0,1.0,1.0,0.57,0.0,0.84,1.0,1.0,1.0,1.0,1.0,918,0.96
2025,Travis Kelce,TE,KC,0.84,0.77,0.74,0.66,0.8,0.7,0.62,0.84,0.92,,0.79,0.88,0.91,0.91,0.98,0.78,0.98,0.8,902,0.81
2025,Tyler Warren,TE,IND,0.73,0.93,0.68,0.89,0.71,0.88,0.92,0.74,0.85,0.88,,0.86,0.87,0.93,0.82,0.88,0.86,0.82,899,0.84
2025,Jordan Love,QB,GB,1.0,1.0,1.0,1.0,,1.0,1.0,1.0,1.0,1.0,0.87,0.91,1.0,1.0,1.0,0.36,0.0,0.0,894,0.94
2025,DeVonta Smith,WR,PHI,0.89,0.75,0.96,0.91,0.98,0.96,0.88,0.9,,0.92,0.97,0.95,0.94,0.97,0.52,0.86,0.85,0.14,888,0.84
2025,Chris Olave,WR,NO,0.85,1.0,0.85,0.85,0.73,0.88,0.84,0.93,0.88,0.54,,0.8,0.88,0.93,0.84,0.78,0.91,0.0,887,0.84
2025,Emeka Egbuka,WR,TB,0.93,0.93,0.64,0.89,0.85,0.53,0.75,0.88,,0.88,0.94,0.9,0.85,0.88,0.64,0.56,0.58,0.58,886,0.78
2025,Jonathan Taylor,RB,IND,0.71,0.93,0.79,0.87,0.74,0.92,0.87,0.75,0.79,0.91,,0.9,0.98,0.74,0.85,0.88,0.89,0.52,883,0.82
2025,Zay Flowers,WR,BAL,0.9,0.79,0.86,0.89,0.84,0.91,,0.95,0.82,0.83,0.89,0.84,0.95,0.92,0.78,0.89,0.68,0.98,879,0.87
2025,Jakobi Meyers,WR,Multi,0.94,0.93,0.94,0.98,0.88,0.9,0.0,0.0,0.89,0.44,0.65,0.84,0.92,0.83,0.87,0.86,0.94,0.79,872,0.85
2025,Theo Johnson,TE,NYG,0.78,0.84,0.86,0.7,0.82,0.9,0.88,0.98,0.86,0.97,0.92,0.78,0.89,,0.87,0.96,0.0,0.0,872,0.86
2025,Hunter Henry,TE,NE,0.93,0.85,0.81,0.76,0.87,0.83,0.68,0.76,0.75,0.87,0.94,0.79,0.75,,0.87,0.81,0.65,0.58,869,0.79
2025,CJ Stroud,QB,HOU,1.0,1.0,1.0,1.0,0.8,,1.0,1.0,0.32,0.0,0.0,0.0,1.0,1.0,1.0,1.0,1.0,0.65,868,0.91
2025,Geno Smith,QB,LV,1.0,1.0,1.0,1.0,1.0,1.0,0.86,,1.0,0.97,1.0,1.0,1.0,0.74,0.0,1.0,0.9,0.0,863,0.97
2025,Bijan Robinson,RB,ATL,0.83,0.65,0.8,0.69,,0.74,0.88,0.6,0.96,0.86,0.85,0.66,0.87,0.67,0.9,0.7,0.79,0.84,860,0.78
2025,Andrei Iosivas,WR,CIN,0.65,0.84,0.62,0.9,0.87,0.94,0.7,0.8,0.84,,0.74,0.83,0.94,0.65,0.89,0.51,0.7,0.53,851,0.77
2025,Juwan Johnson,TE,NO,0.99,0.96,0.9,0.9,0.85,0.71,0.71,0.76,0.71,0.5,,0.78,0.72,0.53,0.61,0.65,0.72,0.75,850,0.76
2025,AJ Brown,WR,PHI,0.87,0.97,0.93,0.96,0.93,0.96,0.92,0.0,,0.78,0.93,0.94,0.96,0.97,0.72,0.87,0.89,0.0,843,0.91
2025,Ladd McConkey,WR,LAC,0.85,0.74,0.93,0.92,0.79,0.7,0.88,0.58,0.69,0.71,0.62,,0.76,0.86,0.74,0.75,0.89,0.0,838,0.78
2025,Jaxon Smith-Njigba,WR,SEA,0.77,0.65,0.49,0.8,0.9,0.82,0.88,,0.67,0.42,0.83,0.79,0.82,0.72,0.92,0.96,0.89,0.83,829,0.78
2025,AJ Barner,TE,SEA,0.85,0.89,0.54,0.86,0.8,0.78,0.86,,0.84,0.37,0.87,0.79,0.85,0.67,0.83,0.94,0.79,0.61,827,0.78
2025,Dalton Schultz,TE,HOU,0.54,0.59,0.79,0.85,0.59,,0.75,0.61,0.79,0.77,0.69,0.81,0.72,0.74,0.79,0.71,0.78,0.56,827,0.71
2025,Alec Pierce,WR,IND,0.79,0.9,0.54,0.0,0.0,0.81,0.87,0.81,0.91,0.95,,0.96,0.96,0.83,1.0,0.97,0.91,0.68,813,0.86
2025,Jacoby Brissett,QB,ARI,0.0,0.02,0.0,0.0,0.04,1.0,1.0,,1.0,0.96,1.0,0.98,1.0,1.0,1.0,1.0,1.0,1.0,812,0.87
2025,Jauan Jennings,WR,SF,0.66,0.87,0.0,0.73,0.0,0.77,0.85,0.85,0.79,0.92,0.75,0.9,0.81,,0.81,0.82,0.9,0.88,795,0.82
2025,Dallas Goedert,TE,PHI,0.83,0.0,0.91,0.75,0.79,0.89,0.98,0.63,,0.86,0.9,0.92,0.89,0.93,0.74,0.87,0.8,0.0,787,0.85
2025,Elic Ayomanor,WR,TEN,0.79,0.73,0.74,0.82,0.72,0.93,0.96,0.94,0.64,,0.85,0.0,0.85,0.8,0.81,0.56,0.81,0.94,787,0.8
2025,Jake Ferguson,TE,DAL,0.77,0.73,0.57,0.78,0.55,0.67,0.66,0.59,0.9,,0.63,0.69,0.71,0.8,0.71,0.69,0.29,0.6,786,0.66
2025,Harold Fannin,TE,CLE,0.72,0.63,0.64,0.85,0.79,0.8,0.82,0.74,,0.66,0.73,0.9,0.92,0.9,0.96,0.86,0.23,0.0,786,0.76
2025,Romeo Doubs,WR,GB,0.71,0.74,0.89,0.9,,0.85,0.89,0.8,0.92,0.62,0.76,0.73,0.84,0.81,0.76,0.62,0.57,0.0,780,0.78
2025,Tua Tagovailoa,QB,MIA,0.81,1.0,1.0,1.0,1.0,1.0,0.79,0.9,1.0,1.0,1.0,,1.0,0.89,1.0,0.0,0.0,0.0,778,0.96
2025,Nico Collins,WR,HOU,0.84,0.9,0.86,0.86,0.57,,0.51,0.0,0.79,0.89,0.84,0.75,0.75,0.81,0.73,0.8,0.68,0.0,778,0.77
2025,Darnell Mooney,WR,ATL,0.0,0.86,0.89,0.45,,0.0,0.83,0.9,1.0,0.9,0.92,0.66,0.96,0.77,0.92,0.7,0.7,0.83,778,0.82
2025,DK Metcalf,WR,PIT,0.95,0.9,0.89,0.79,,0.83,0.98,0.94,0.82,0.92,0.86,0.85,0.86,0.83,0.79,0.88,0.0,0.0,776,0.87
2025,Jaxson Dart,QB,NYG,0.0,0.04,0.05,0.97,1.0,0.97,1.0,1.0,1.0,0.71,0.0,0.0,1.0,,0.97,1.0,1.0,1.0,774,0.83
2025,Saquon Barkley,RB,PHI,0.79,0.83,0.94,0.84,0.72,0.81,0.78,0.59,,0.7,0.81,0.83,0.93,0.82,0.57,0.77,0.8,0.0,773,0.78
2025,Kyren Williams,RB,LAR,0.82,0.7,0.76,0.68,0.91,0.75,0.6,,0.69,0.58,0.69,0.66,0.67,0.51,0.54,0.71,0.71,0.63,772,0.68
2025,Ashton Jeanty,RB,LV,0.86,0.56,0.61,0.85,0.54,0.79,0.63,,0.91,0.87,0.73,0.81,0.96,0.7,0.71,0.93,0.81,0.97,771,0.78
2025,Javonte Williams,RB,DAL,0.77,0.72,0.59,0.8,0.77,0.85,0.69,0.72,0.87,,0.78,0.78,0.78,0.79,0.29,0.57,0.27,0.0,769,0.68
2025,Tee Higgins,WR,CIN,0.79,0.87,0.82,0.83,0.97,0.8,0.87,0.88,0.82,,0.92,0.77,0.0,0.73,0.0,0.62,0.57,0.87,769,0.81
2025,Cooper Kupp,WR,SEA,0.88,0.69,0.54,0.74,0.88,0.71,0.75,,0.0,0.53,0.81,0.77,0.76,0.69,0.75,0.93,0.88,0.77,768,0.76
2025,Cole Kmet,TE,CHI,0.9,0.9,0.93,1.0,,0.52,0.41,0.0,0.26,0.66,0.79,0.63,0.67,0.76,0.73,0.77,0.61,0.89,768,0.7
2025,Daniel Jones,QB,IND,1.0,1.0,0.88,1.0,0.89,1.0,1.0,0.89,1.0,1.0,,1.0,1.0,0.23,0.0,0.0,0.0,0.0,756,0.91
2025,Darius Slayton,WR,NYG,0.97,0.99,0.76,0.87,0.75,0.0,0.0,0.73,0.89,0.62,0.0,0.63,0.76,,0.87,0.79,0.88,0.87,755,0.81
2025,Brian Thomas,WR,JAC,0.86,0.94,0.81,0.79,0.93,0.8,0.66,,0.65,0.0,0.0,0.0,0.75,0.83,0.77,0.73,0.78,0.57,741,0.78
2025,Chase Brown,RB,CIN,0.75,0.71,0.55,0.73,0.53,0.54,0.63,0.54,0.96,,0.82,0.89,0.6,0.67,0.62,0.61,0.61,0.56,738,0.66
2025,Jahmyr Gibbs,RB,DET,0.66,0.56,0.69,0.62,0.52,0.69,0.56,,0.66,0.5,0.73,0.74,0.7,0.69,0.81,0.86,0.69,0.71,737,0.67
2025,Rome Odunze,WR,CHI,0.94,1.0,0.9,0.76,,0.97,0.94,0.94,1.0,0.78,0.76,0.78,0.8,0.0,0.0,0.0,0.0,0.0,733,0.88
2025,CeeDee Lamb,WR,DAL,0.92,0.92,0.09,0.0,0.0,0.0,0.78,0.72,0.88,,0.73,0.85,0.81,0.46,0.86,0.86,0.87,0.45,732,0.73
2025,Puka Nacua,WR,LAR,0.63,0.69,0.91,0.81,0.93,0.51,0.0,,0.49,0.52,0.67,0.82,0.73,0.44,0.56,0.78,0.74,0.69,727,0.68
2025,Jaylen Waddle,WR,MIA,0.65,0.82,0.87,0.9,0.89,0.81,0.76,0.78,0.8,0.83,0.84,,0.92,0.78,0.84,0.71,0.25,0.0,724,0.78
2025,Quentin Johnston,WR,LAC,0.82,0.76,0.87,0.92,0.82,0.0,0.89,0.52,0.68,0.82,0.9,,0.67,0.76,0.0,0.58,0.75,0.0,723,0.77
2025,Jordan Addison,WR,MIN,0.0,0.0,0.0,0.96,0.75,,0.93,0.86,0.92,0.95,0.96,0.98,0.92,0.67,0.64,0.67,0.78,0.93,714,0.85
2025,Deebo Samuel,WR,WAS,0.77,0.88,0.43,0.86,0.78,0.72,0.0,0.74,0.68,0.78,0.75,,0.7,0.52,0.61,0.81,0.82,0.71,713,0.72
2025,Drake London,WR,ATL,0.88,0.85,0.86,0.85,,0.97,0.98,0.0,0.98,0.98,0.92,0.0,0.0,0.0,0.0,0.69,0.98,0.94,709,0.9
2025,Rashid Shaheed,WR,Multi,0.85,0.7,0.74,0.7,0.67,0.61,0.77,0.78,0.83,0.34,0.54,0.56,0.48,0.51,0.68,0.54,0.18,0.48,705,0.61
2025,Lamar Jackson,QB,BAL,1.0,0.95,1.0,0.69,0.0,0.0,,0.0,1.0,1.0,1.0,1.0,1.0,1.0,0.88,0.47,0.0,1.0,702,0.93
2025,Colston Loveland,TE,CHI,0.57,0.53,0.1,0.0,,0.42,0.67,0.81,0.81,0.62,0.75,0.65,0.59,0.59,0.65,0.83,0.82,0.91,701,0.65
2025,De'Von Achane,RB,MIA,0.73,0.93,0.77,0.76,0.87,0.9,0.55,0.67,0.91,0.89,0.8,,0.73,0.34,0.8,0.71,0.75,0.0,697,0.75
2025,Travis Etienne,RB,JAC,0.61,0.66,0.54,0.6,0.59,0.62,0.55,,0.57,0.56,0.49,0.65,0.49,0.72,0.61,0.7,0.7,0.56,691,0.6
2025,TJ Hockenson,TE,MIN,0.8,0.72,0.68,0.93,0.85,,0.83,0.82,0.77,0.91,0.8,0.68,0.79,0.56,0.8,0.75,0.0,0.0,691,0.79
2025,Joe Flacco,QB,Multi,1.0,0.9,1.0,0.96,0.0,1.0,1.0,1.0,1.0,0.0,1.0,0.98,0.0,0.0,0.0,0.1,0.17,0.01,690,0.78
2025,Parker Washington,WR,JAC,0.26,0.24,0.71,0.85,0.26,0.33,0.88,,0.88,0.87,0.76,0.84,0.38,0.0,0.45,0.56,0.81,0.74,672,0.62
2025,Xavier Hutchinson,WR,HOU,0.68,0.57,0.62,0.68,0.67,,0.78,0.71,0.63,0.53,0.53,0.36,0.55,0.4,0.3,0.49,0.48,0.79,672,0.58
2025,Jayden Higgins,WR,HOU,0.43,0.43,0.44,0.44,0.56,,0.63,0.82,0.48,0.57,0.61,0.58,0.58,0.6,0.72,0.54,0.49,0.81,671,0.58
2025,Troy Franklin,WR,DEN,0.59,0.83,0.79,0.58,0.59,0.58,0.62,0.63,0.79,0.74,0.66,,0.53,0.26,0.5,0.64,0.38,0.42,670,0.59
2025,Chigoziem Okonkwo,TE,TEN,0.88,0.76,0.66,0.7,0.63,0.57,0.6,0.62,0.68,,0.68,0.63,0.61,0.48,0.57,0.45,0.51,0.8,666,0.63
2025,Mack Hollins,WR,NE,0.54,0.65,0.62,0.49,0.58,0.55,0.66,0.72,0.63,0.79,0.85,0.86,0.75,,0.79,0.66,0.0,0.0,657,0.68
2025,Tony Pollard,RB,TEN,0.89,0.89,0.91,0.86,0.73,0.43,0.57,0.46,0.62,,0.49,0.51,0.46,0.59,0.53,0.55,0.5,0.63,657,0.62
2025,Mason Taylor,TE,NYJ,0.88,0.72,0.74,0.81,0.84,0.96,0.93,0.76,,0.78,0.75,0.88,0.83,0.66,0.0,0.0,0.0,0.0,654,0.81
2025,Dawson Knox,TE,BUF,0.56,0.55,0.53,0.41,0.56,0.81,,0.43,0.48,0.68,0.77,0.86,0.72,0.55,0.64,0.68,0.63,0.05,653,0.58
2025,Jalen Nailor,WR,MIN,0.88,1.0,0.83,0.63,0.65,,0.59,0.69,0.53,0.68,0.6,0.45,0.69,0.58,0.51,0.62,0.43,0.75,653,0.65
2025,Adam Trautman,TE,DEN,0.58,0.62,0.37,0.52,0.42,0.38,0.31,0.63,0.73,0.69,0.66,,0.59,0.74,0.62,0.58,0.72,0.58,651,0.57
2025,Xavier Worthy,WR,KC,0.05,0.0,0.0,0.59,0.77,0.73,0.59,0.84,0.83,,0.76,0.77,0.88,0.77,0.67,0.84,0.79,0.0,645,0.7
2025,Xavier Legette,WR,CAR,0.78,0.8,0.0,0.0,0.79,0.73,0.8,0.89,0.55,0.7,0.55,0.67,0.67,,0.74,0.65,0.55,0.31,642,0.69
2025,Breece Hall,RB,NYJ,0.58,0.64,0.55,0.63,0.62,0.74,0.54,0.56,,0.71,0.72,0.71,0.88,0.76,0.54,0.64,0.48,0.0,640,0.64
2025,James Cook,RB,BUF,0.56,0.47,0.67,0.73,0.72,0.53,,0.44,0.76,0.5,0.66,0.55,0.61,0.75,0.67,0.56,0.51,0.03,639,0.56
2025,Tommy Tremble,TE,CAR,0.45,0.41,0.57,0.75,0.76,0.73,0.66,0.46,0.55,0.68,0.57,0.48,0.56,,0.49,0.43,0.77,0.9,636,0.6
2025,Davante Adams,WR,LAR,0.9,0.8,0.86,0.83,0.85,0.79,0.59,,0.6,0.51,0.86,0.77,0.75,0.43,0.46,0.0,0.0,0.0,635,0.7
2025,Khalil Shakir,WR,BUF,0.71,0.49,0.7,0.53,0.63,0.6,,0.48,0.61,0.66,0.54,0.67,0.49,0.5,0.69,0.48,0.78,0.0,635,0.6
2025,Chimere Dike,WR,TEN,0.18,0.42,0.41,0.4,0.49,0.56,0.57,0.89,0.87,,0.27,0.8,0.76,0.67,0.7,0.59,0.78,0.72,631,0.6
2025,Mark Andrews,TE,BAL,0.75,0.8,0.81,0.56,0.58,0.78,,0.6,0.5,0.63,0.61,0.67,0.68,0.68,0.41,0.44,0.41,0.59,631,0.62
2025,Keenan Allen,WR,LAC,0.62,0.55,0.65,0.78,0.58,0.56,0.64,0.25,0.37,0.51,0.75,,0.6,0.57,0.42,0.47,0.57,0.54,630,0.55
2025,Oronde Gadsden,TE,LAC,0.0,0.0,0.26,0.48,0.54,0.75,0.79,0.77,0.8,0.52,0.88,,0.7,0.62,0.52,0.59,0.73,0.46,628,0.62
2025,Colby Parkinson,TE,LAR,0.48,0.0,0.32,0.28,0.37,0.0,0.47,,0.56,0.57,0.69,0.63,0.67,0.69,0.86,0.86,0.78,0.84,621,0.61
2025,D'Andre Swift,RB,CHI,0.81,0.57,0.61,0.66,,0.56,0.54,0.49,0.0,0.62,0.57,0.45,0.53,0.57,0.56,0.55,0.59,0.58,621,0.58
2025,JuJu Smith-Schuster,WR,KC,0.8,0.7,0.69,0.78,0.66,0.62,0.36,0.3,0.28,,0.34,0.47,0.33,0.38,0.52,0.91,0.81,0.78,620,0.56
2025,Kayshon Boutte,WR,NE,0.82,0.72,0.76,0.69,0.62,0.67,0.71,0.74,0.26,0.0,0.0,0.8,0.75,,0.75,0.58,0.0,0.58,607,0.67
2025,Brock Bowers,TE,LV,0.51,0.77,0.83,0.77,0.0,0.0,0.0,,0.81,0.83,0.97,0.96,0.98,1.0,0.9,0.98,0.0,0.0,605,0.85
2025,Tyler Shough,QB,NO,0.0,0.0,0.04,0.0,0.0,0.0,0.0,0.54,0.9,0.82,,0.95,0.99,1.0,0.99,0.97,0.98,1.0,605,0.83
2025,Jahan Dotson,WR,PHI,0.46,0.37,0.78,0.54,0.72,0.75,0.48,0.71,,0.3,0.32,0.54,0.59,0.49,0.54,0.66,0.48,0.94,599,0.57
2025,Stefon Diggs,WR,NE,0.56,0.52,0.53,0.63,0.5,0.59,0.54,0.51,0.6,0.59,0.69,0.48,0.48,,0.5,0.59,0.52,0.46,598,0.55
2025,Drew Sample,TE,CIN,0.69,0.41,0.68,0.46,0.44,0.34,0.51,0.54,0.46,,0.45,0.52,0.59,0.45,0.54,0.66,0.65,0.72,595,0.54
2025,Josh Downs,WR,IND,0.49,0.58,0.51,0.62,0.5,0.51,0.0,0.64,0.67,0.47,,0.43,0.57,0.66,0.72,0.78,0.61,0.63,594,0.59
2025,Kendrick Bourne,WR,SF,0.0,0.49,0.72,0.67,0.81,0.8,0.78,0.79,0.73,0.68,0.24,0.09,0.34,,0.45,0.7,0.26,0.52,594,0.57
2025,Brenton Strange,TE,JAC,0.79,0.9,0.83,0.74,0.38,0.0,0.0,,0.0,0.0,0.0,0.71,0.84,0.8,0.82,0.74,0.81,0.62,591,0.75
2025,Rico Dowdle,RB,CAR,0.34,0.29,0.4,0.39,0.67,0.88,0.46,0.36,0.72,0.79,0.82,0.65,0.42,,0.6,0.57,0.64,0.53,591,0.56
2025,Davis Allen,TE,LAR,0.37,0.41,0.38,0.29,0.6,0.4,0.51,,0.59,0.51,0.37,0.5,0.38,0.71,0.75,0.65,0.42,0.71,585,0.52
2025,Van Jefferson,WR,TEN,0.12,0.26,0.34,0.38,0.18,0.74,0.85,0.79,0.83,,0.92,0.91,0.75,0.73,0.58,0.68,0.31,0.0,583,0.58
2025,Olamide Zaccheaus,WR,CHI,0.45,0.44,0.58,0.6,,0.84,0.52,0.6,0.64,0.57,0.13,0.35,0.28,0.79,0.82,0.86,0.0,0.11,580,0.53
2025,Brock Purdy,QB,SF,1.0,0.0,0.0,1.0,0.0,0.0,0.0,0.0,0.0,0.0,0.91,1.0,0.94,,1.0,0.95,1.0,1.0,576,0.98
2025,Keon Coleman,WR,BUF,0.88,0.51,0.75,0.73,0.62,0.86,,0.73,0.68,0.62,0.0,0.0,0.45,0.28,0.56,0.0,0.0,0.81,576,0.65
2025,Rachaad White,RB,TB,0.24,0.31,0.28,0.42,0.8,0.77,0.9,0.55,,0.72,0.6,0.6,0.38,0.49,0.42,0.39,0.48,0.33,574,0.51
2025,Woody Marks,RB,HOU,0.11,0.27,0.48,0.56,0.39,,0.63,0.4,0.48,0.8,0.66,0.69,0.54,0.87,0.22,0.0,0.68,0.46,571,0.52
2025,Marvin Harrison,WR,ARI,0.89,0.93,0.8,1.0,0.76,0.23,0.86,,0.72,0.91,0.0,0.0,0.61,0.0,0.0,0.51,0.33,0.0,566,0.72
2025,Charlie Woerner,TE,ATL,0.42,0.85,0.21,0.68,,0.67,0.58,0.3,0.09,0.4,0.53,0.61,0.62,0.48,0.59,0.74,0.81,0.06,565,0.52
2025,David Sills,WR,ATL,0.03,0.05,0.38,0.23,,0.44,0.45,0.9,0.68,0.49,0.56,0.7,0.84,0.94,0.94,0.42,0.15,0.71,565,0.52
2025,Malik Washington,WR,MIA,0.58,0.61,0.54,0.48,0.58,0.44,0.64,0.62,0.7,0.45,0.5,,0.62,0.52,0.56,0.53,0.64,0.7,563,0.57
2025,Derrick Henry,RB,BAL,0.57,0.61,0.49,0.4,0.65,0.49,,0.58,0.64,0.67,0.54,0.56,0.4,0.54,0.37,0.44,0.63,0.71,556,0.55
2025,Tre Harris,WR,LAC,0.08,0.31,0.29,0.19,0.37,0.83,0.43,0.59,0.46,0.44,0.52,,0.51,0.5,0.85,0.45,0.46,0.97,555,0.49
2025,Daniel Bellinger,TE,NYG,0.22,0.28,0.24,0.32,0.52,0.57,0.68,0.4,0.0,0.73,0.47,0.62,0.36,,0.26,0.43,0.97,0.92,555,0.51
2025,George Kittle,TE,SF,0.28,0.0,0.0,0.0,0.0,0.0,0.81,0.9,0.86,0.9,0.87,0.91,0.87,,0.96,0.62,0.0,0.95,554,0.8
2025,Josh Jacobs,RB,GB,0.88,0.78,0.66,0.65,,0.79,0.55,0.53,0.58,0.74,0.22,0.0,0.54,0.72,0.55,0.39,0.28,0.0,554,0.59
2025,Michael Penix,QB,ATL,1.0,1.0,0.77,1.0,,1.0,1.0,0.0,1.0,1.0,0.62,0.0,0.0,0.0,0.0,0.0,0.0,0.0,553,0.93
2025,Marquise Brown,WR,KC,0.93,0.75,0.68,0.52,0.52,0.52,0.33,0.38,0.43,,0.43,0.35,0.44,0.34,0.0,0.53,0.6,0.81,551,0.52
2025,Zach Ertz,TE,WAS,0.64,0.9,0.52,0.61,0.53,0.6,0.67,0.62,0.63,0.81,0.75,,0.67,0.69,0.0,0.0,0.0,0.0,551,0.67
2025,Rashod Bateman,WR,BAL,0.73,0.59,0.6,0.82,0.81,0.56,,0.79,0.71,0.61,0.0,0.0,0.73,0.86,0.0,0.69,0.53,0.0,551,0.69
2025,Tyrone Tracy,RB,NYG,0.74,0.42,0.17,0.0,0.0,0.3,0.36,0.63,0.44,0.67,0.51,0.71,0.49,,0.76,0.62,0.66,0.69,548,0.55
2025,Darnell Washington,TE,PIT,0.46,0.37,0.37,0.91,,0.8,0.63,0.46,0.66,0.48,0.71,0.68,0.79,0.29,0.73,0.68,0.14,0.0,546,0.57
2025,Mac Jones,QB,SF,0.0,1.0,1.0,0.0,1.0,1.0,1.0,1.0,0.98,1.0,0.09,0.0,0.06,,0.0,0.05,0.0,0.0,546,0.76
2025,Noah Gray,TE,KC,0.41,0.65,0.68,0.56,0.56,0.75,0.59,0.55,0.37,,0.51,0.32,0.0,0.45,0.38,0.51,0.49,0.56,545,0.52
2025,Kirk Cousins,QB,ATL,0.0,0.0,0.23,0.0,,0.0,0.0,1.0,0.0,0.0,0.38,1.0,1.0,1.0,1.0,1.0,1.0,1.0,543,0.86
2025,Brandin Cooks,WR,Multi,0.76,0.68,0.7,0.9,0.45,0.64,0.7,0.61,0.56,0.5,0.0,0.0,0.23,0.36,0.34,0.24,0.51,0.0,537,0.55
2025,Jonnu Smith,TE,PIT,0.66,0.56,0.83,0.25,,0.69,0.7,0.6,0.4,0.67,0.54,0.49,0.53,0.52,0.29,0.38,0.41,0.44,536,0.52
2025,Rhamondre Stevenson,RB,NE,0.65,0.65,0.36,0.57,0.52,0.72,0.75,0.74,0.0,0.0,0.0,0.31,0.58,,0.67,0.84,0.48,0.47,533,0.59
2025,Gunnar Helm,TE,TEN,0.4,0.33,0.39,0.4,0.66,0.48,0.53,0.52,0.45,,0.64,0.63,0.53,0.67,0.49,0.71,0.58,0.0,533,0.53
2025,Kareem Hunt,RB,KC,0.38,0.4,0.44,0.44,0.33,0.3,0.19,0.32,0.78,,0.8,0.71,0.64,0.59,0.49,0.24,0.56,0.39,529,0.48
2025,JJ McCarthy,QB,MIN,1.0,1.0,0.0,0.0,0.0,,0.0,0.0,1.0,1.0,1.0,1.0,0.0,1.0,1.0,0.52,0.0,0.64,523,0.91
2025,Pat Freiermuth,TE,PIT,0.5,0.5,0.7,0.28,,0.36,0.65,0.43,0.47,0.5,0.46,0.47,0.4,0.6,0.42,0.43,0.7,0.69,522,0.51
2025,Kenneth Gainwell,RB,PIT,0.54,0.42,0.26,0.77,,0.34,0.39,0.38,0.37,0.52,0.63,0.51,0.42,0.48,0.52,0.54,0.68,0.67,517,0.5
2025,Sam LaPorta,TE,DET,0.91,0.85,0.84,0.93,0.94,0.96,0.97,,1.0,0.76,0.0,0.0,0.0,0.0,0.0,0.0,0.0,0.0,517,0.9
2025,Cedric Tillman,WR,CLE,0.88,0.95,0.74,0.22,0.0,0.0,0.0,0.0,,0.73,0.78,0.53,0.63,0.64,0.12,0.47,0.58,0.77,515,0.63
2025,David Njoku,TE,CLE,0.84,0.82,0.76,0.84,0.96,0.44,0.0,0.59,,0.68,0.65,0.49,0.51,0.09,0.0,0.0,0.0,0.0,514,0.64
2025,Austin Hooper,TE,NE,0.32,0.62,0.65,0.65,0.57,0.64,0.51,0.57,0.53,0.56,0.0,0.56,0.38,,0.31,0.31,0.41,0.41,512,0.5
2025,Kyle Juszczyk,RB,SF,0.49,0.14,0.34,0.35,0.42,0.36,0.58,0.42,0.67,0.49,0.53,0.43,0.36,,0.62,0.55,0.54,0.45,510,0.45
2025,Marcus Mariota,QB,WAS,0.0,0.0,1.0,1.0,0.0,0.0,0.31,1.0,0.12,0.94,0.99,,1.0,0.25,1.0,0.59,0.0,0.0,510,0.75
2025,TreVeyon Henderson,RB,NE,0.35,0.32,0.46,0.31,0.5,0.3,0.14,0.21,0.75,0.84,0.88,0.65,0.49,,0.48,0.19,0.52,0.41,501,0.46
2025,Justin Fields,QB,NYJ,1.0,0.62,0.0,1.0,1.0,1.0,0.46,1.0,,1.0,1.0,0.0,0.0,0.0,0.0,0.0,0.0,0.0,501,0.91
2025,Adonai Mitchell,WR,Multi,0.21,0.1,0.42,0.89,0.09,0.0,0.08,0.17,0.05,0.0,0.49,0.85,0.86,0.91,0.79,0.86,0.81,0.52,498,0.5
2025,Kenneth Walker,RB,SEA,0.4,0.35,0.53,0.5,0.44,0.35,0.44,,0.57,0.44,0.51,0.62,0.55,0.52,0.42,0.44,0.47,0.42,498,0.47
2025,Tyler Lockett,WR,Multi,0.58,0.48,0.54,0.72,0.25,0.33,0.26,0.0,0.3,0.57,0.47,0.76,0.52,0.6,0.76,0.28,0.56,0.52,498,0.5
2025,Sterling Shepard,WR,TB,0.64,0.75,0.61,0.63,0.41,0.49,0.64,0.41,,0.65,0.66,0.59,0.26,0.57,0.0,0.0,0.0,0.0,495,0.57
2025,Tez Johnson,WR,TB,0.14,0.0,0.29,0.32,0.36,0.72,0.68,0.71,,0.83,0.83,0.86,0.57,0.46,0.22,0.25,0.16,0.13,495,0.47
2025,Isaiah Bond,WR,CLE,0.28,0.38,0.65,0.55,0.57,0.87,0.44,0.54,,0.0,0.42,0.29,0.29,0.48,0.68,0.48,0.23,0.54,494,0.49
2025,Jeremy Ruckert,TE,NYJ,0.45,0.36,0.41,0.4,0.34,0.39,0.28,0.51,,0.53,0.44,0.34,0.42,0.53,0.74,0.67,0.61,0.6,494,0.47
2025,Spencer Rattler,QB,NO,1.0,1.0,0.96,1.0,0.94,0.98,1.0,0.46,0.0,0.0,,0.0,0.0,0.0,0.01,0.0,0.0,0.0,490,0.81
2025,Zach Charbonnet,RB,SEA,0.58,0.55,0.0,0.47,0.57,0.6,0.51,,0.35,0.37,0.43,0.31,0.39,0.41,0.55,0.56,0.53,0.57,490,0.49
2025,Jaylen Warren,RB,PIT,0.45,0.58,0.8,0.0,,0.53,0.65,0.62,0.56,0.46,0.28,0.5,0.56,0.5,0.45,0.49,0.32,0.37,489,0.5
2025,Isaiah Likely,TE,BAL,0.0,0.0,0.0,0.47,0.53,0.81,,0.58,0.59,0.56,0.52,0.57,0.52,0.6,0.51,0.4,0.7,0.49,488,0.57
2025,Jackson Hawes,TE,BUF,0.19,0.47,0.43,0.53,0.29,0.54,,0.56,0.47,0.43,0.34,0.33,0.7,0.53,0.44,0.64,0.28,0.29,487,0.43
2025,RJ Harvey,RB,DEN,0.29,0.33,0.29,0.41,0.2,0.28,0.25,0.27,0.32,0.28,0.61,,0.47,0.68,0.68,0.59,0.65,0.56,481,0.42
2025,Kimani Vidal,RB,LAC,0.0,0.0,0.0,0.03,0.21,0.67,0.64,0.74,0.72,0.93,0.52,,0.76,0.69,0.64,0.33,0.0,0.2,481,0.55
2025,Ricky Pearsall,WR,SF,0.84,0.89,0.97,0.56,0.0,0.0,0.0,0.0,0.0,0.0,0.75,0.76,0.87,,0.58,0.0,0.81,0.0,480,0.78
2025,John Bates,TE,WAS,0.53,0.13,0.0,0.0,0.51,0.46,0.43,0.55,0.49,0.7,0.57,,0.51,0.62,0.69,0.5,0.43,0.59,479,0.51
2025,Ryan Flournoy,WR,DAL,0.0,0.12,0.32,0.23,0.57,0.69,0.28,0.46,0.67,,0.43,0.45,0.38,0.65,0.64,0.4,0.0,0.87,479,0.46
2025,Joe Burrow,QB,CIN,1.0,0.3,0.0,0.0,0.0,0.0,0.0,0.0,0.0,,0.0,0.0,1.0,1.0,1.0,0.9,0.83,0.99,478,0.88
2025,Kyle Monangai,RB,CHI,0.13,0.41,0.29,0.28,,0.34,0.45,0.46,0.74,0.38,0.37,0.54,0.45,0.41,0.42,0.45,0.41,0.42,478,0.41
2025,Elijah Higgins,TE,ARI,0.3,0.4,0.15,0.13,0.29,0.45,0.42,,0.4,0.37,0.35,0.37,0.41,0.66,0.7,0.63,0.6,0.6,475,0.42
2025,Pat Bryant,WR,DEN,0.05,0.24,0.25,0.33,0.54,0.58,0.51,0.56,0.57,0.49,0.56,,0.7,0.47,0.0,0.64,0.0,0.66,475,0.48
2025,Michael Mayer,TE,LV,0.63,0.34,0.08,0.0,0.0,0.92,0.94,,0.83,0.62,0.77,0.16,0.0,0.0,0.19,0.67,0.93,0.95,465,0.6
2025,Jalen Tolbert,WR,DAL,0.44,0.65,0.88,0.81,0.77,0.91,0.49,0.19,0.1,,0.18,0.0,0.25,0.0,0.0,0.0,0.62,0.38,464,0.51
2025,Evan Engram,TE,DEN,0.34,0.43,0.0,0.43,0.41,0.47,0.56,0.43,0.51,0.44,0.4,,0.54,0.36,0.28,0.44,0.31,0.39,458,0.42
2025,Alvin Kamara,RB,NO,0.79,0.86,0.74,0.73,0.56,0.62,0.84,0.51,0.59,0.63,,0.14,0.0,0.0,0.0,0.0,0.0,0.0,457,0.63
2025,Matthew Golden,WR,GB,0.48,0.59,0.71,0.59,,0.69,0.73,0.66,0.37,0.0,0.35,0.0,0.0,0.09,0.35,0.31,0.53,1.0,452,0.53
2025,Quinshon Judkins,RB,CLE,0.0,0.27,0.55,0.58,0.56,0.4,0.65,0.33,,0.52,0.6,0.49,0.6,0.46,0.67,0.39,0.0,0.0,452,0.5
2025,Calvin Austin,WR,PIT,0.8,0.92,0.72,0.51,,0.0,0.0,0.78,0.56,0.73,0.29,0.46,0.49,0.31,0.27,0.16,0.0,0.49,446,0.53
2025,John Metchie,WR,Multi,0.02,0.12,0.03,0.09,0.07,0.05,0.0,0.15,0.0,0.16,0.82,0.86,0.97,0.97,0.74,0.86,0.76,0.71,445,0.46
2025,Jordan Whittington,WR,LAR,0.5,0.64,0.5,0.8,0.4,0.92,0.6,,0.44,0.1,0.49,0.61,0.35,0.17,0.06,0.16,0.2,0.0,443,0.42
2025,Julian Hill,TE,MIA,0.58,0.51,0.56,0.69,0.53,0.64,0.6,0.0,0.0,0.0,0.46,,0.55,0.51,0.42,0.47,0.6,0.61,441,0.55
2025,Tyrell Shavers,WR,BUF,0.2,0.33,0.2,0.24,0.25,0.49,,0.4,0.47,0.35,0.54,0.39,0.61,0.56,0.5,0.58,0.57,0.05,441,0.39
2025,Tucker Kraft,TE,GB,0.92,0.91,0.88,0.95,,0.92,0.89,0.92,0.49,0.0,0.0,0.0,0.0,0.0,0.0,0.0,0.0,0.0,439,0.86
2025,Jalen Coker,WR,CAR,0.0,0.0,0.0,0.0,0.0,0.0,0.37,0.66,0.66,0.75,0.68,0.83,0.55,,0.68,0.81,0.72,0.92,439,0.68
2025,Devaughn Vele,WR,NO,0.23,0.34,0.0,0.06,0.38,0.32,0.27,0.51,0.29,0.87,,0.89,0.88,0.93,0.55,0.0,0.0,0.0,437,0.51
2025,Isaac TeSlaa,WR,DET,0.04,0.29,0.21,0.2,0.34,0.46,0.13,,0.05,0.29,0.34,0.41,0.92,0.77,0.62,0.55,0.52,0.6,436,0.4
2025,Terry McLaurin,WR,WAS,0.79,0.91,0.6,0.0,0.0,0.0,0.0,0.47,0.0,0.0,0.0,,0.51,0.62,0.75,0.83,0.86,0.7,433,0.7
2025,Christian Kirk,WR,HOU,0.0,0.0,0.67,0.61,0.49,,0.0,0.0,0.56,0.43,0.51,0.32,0.49,0.36,0.24,0.62,0.45,0.57,433,0.49
2025,Chuba Hubbard,RB,CAR,0.67,0.74,0.62,0.51,0.0,0.0,0.54,0.57,0.22,0.21,0.19,0.35,0.59,,0.42,0.41,0.38,0.45,432,0.47
2025,Chris Moore,WR,WAS,0.27,0.0,0.57,0.7,0.59,0.68,0.79,0.43,0.74,0.2,0.82,,0.28,0.0,0.0,0.22,0.18,0.33,429,0.49
2025,Luke Musgrave,TE,GB,0.35,0.31,0.2,0.3,,0.34,0.43,0.19,0.46,0.76,0.35,0.38,0.59,0.4,0.52,0.76,0.43,0.04,428,0.41
2025,Chris Godwin,WR,TB,0.0,0.0,0.0,0.81,0.77,0.0,0.0,0.0,,0.0,0.0,0.36,0.66,0.69,0.96,0.64,0.79,0.7,428,0.71
2025,Shedeur Sanders,QB,CLE,0.0,0.0,0.0,0.0,0.0,0.0,0.0,0.0,,0.0,0.51,0.9,0.97,0.97,1.0,0.98,1.0,1.0,428,0.92
2025,Isiah Pacheco,RB,KC,0.51,0.58,0.56,0.37,0.62,0.77,0.56,0.58,0.0,,0.0,0.0,0.3,0.33,0.46,0.73,0.35,0.0,424,0.52
2025,Bucky Irving,RB,TB,0.76,0.71,0.74,0.61,0.0,0.0,0.0,0.0,,0.0,0.0,0.0,0.52,0.49,0.54,0.62,0.54,0.63,421,0.62
2025,Demarcus Robinson,WR,SF,0.0,0.0,0.0,0.38,0.85,0.19,0.34,0.56,0.33,0.46,0.49,0.54,0.43,,0.31,0.44,0.35,0.88,420,0.46
2025,Mo Alie-Cox,TE,IND,0.45,0.35,0.49,0.31,0.53,0.63,0.3,0.3,0.37,0.45,,0.49,0.41,0.27,0.23,0.22,0.42,0.42,419,0.39
2025,Christian Watson,WR,GB,0.0,0.0,0.0,0.0,,0.0,0.0,0.56,0.66,0.82,0.78,0.74,0.73,0.83,0.41,0.62,0.62,0.0,418,0.68
2025,Rashee Rice,WR,KC,0.0,0.0,0.0,0.0,0.0,0.0,0.41,0.86,0.82,,0.76,0.62,0.89,0.78,0.85,0.0,0.0,0.0,415,0.73
2025,Jordan Mason,RB,MIN,0.54,0.6,0.6,0.62,0.66,,0.77,0.35,0.6,0.25,0.16,0.27,0.29,0.3,0.36,0.07,0.0,0.4,413,0.44
2025,Dontayvion Wicks,WR,GB,0.46,0.54,0.68,0.77,,0.34,0.27,0.0,0.0,0.65,0.56,0.48,0.49,0.11,0.42,0.42,0.06,0.0,408,0.47
2025,David Montgomery,RB,DET,0.37,0.39,0.37,0.33,0.53,0.31,0.44,,0.38,0.54,0.39,0.34,0.38,0.31,0.28,0.18,0.34,0.42,408,0.37
2025,Jacory Croskey-Merritt,RB,WAS,0.33,0.22,0.4,0.35,0.47,0.66,0.49,0.57,0.46,0.44,0.27,,0.14,0.19,0.52,0.2,0.64,0.36,406,0.39
2025,Jayden Daniels,QB,WAS,1.0,1.0,0.0,0.0,1.0,1.0,0.69,0.0,0.88,0.0,0.0,,0.0,0.75,0.0,0.0,0.0,0.0,405,0.91
2025,Luke Farrell,TE,SF,0.58,0.58,0.46,0.48,0.44,0.39,0.33,0.06,0.32,0.27,0.29,0.27,0.21,,0.24,0.41,0.38,0.19,404,0.36
2025,Luther Burden,WR,CHI,0.27,0.18,0.29,0.28,,0.23,0.28,0.17,0.0,0.49,0.44,0.51,0.51,0.71,0.39,0.0,0.58,0.62,402,0.4
2025,Charlie Kolar,TE,BAL,0.61,0.59,0.51,0.25,0.47,0.36,,0.4,0.46,0.43,0.31,0.32,0.17,0.24,0.51,0.49,0.49,0.25,402,0.4
2025,Brock Wright,TE,DET,0.36,0.53,0.56,0.4,0.73,0.57,0.54,,0.55,0.39,0.83,0.88,0.0,0.0,0.0,0.0,0.0,0.0,401,0.57
2025,Josh Oliver,TE,MIN,0.48,0.3,0.35,0.28,0.45,,0.46,0.08,0.0,0.0,0.35,0.55,0.42,0.62,0.62,0.52,0.93,0.46,400,0.46
2025,Dont'e Thornton,WR,LV,0.6,0.81,0.59,0.6,0.47,0.03,0.86,,0.0,0.62,0.38,0.38,0.29,0.0,0.19,0.07,0.78,0.13,399,0.45
2025,Jake Tonges,TE,SF,0.39,0.79,0.69,0.68,0.73,0.83,0.12,0.1,0.06,0.05,0.09,0.03,0.12,,0.03,0.24,0.69,0.0,399,0.37
2025,Ja'Tavion Sanders,TE,CAR,0.61,0.66,0.59,0.0,0.0,0.0,0.37,0.54,0.5,0.36,0.48,0.57,0.48,,0.53,0.57,0.02,0.0,393,0.49
2025,Josh Palmer,WR,BUF,0.62,0.51,0.43,0.25,0.51,0.11,,0.0,0.0,0.0,0.5,0.5,0.0,0.0,0.33,0.7,0.5,0.84,393,0.49
2025,Mitchell Evans,TE,CAR,0.14,0.07,0.34,0.54,0.37,0.58,0.44,0.26,0.41,0.32,0.38,0.22,0.53,,0.44,0.3,0.57,0.45,393,0.37
2025,Michael Carter,RB,ARI,0.0,0.0,0.0,0.06,0.57,0.44,0.37,,0.0,0.11,0.42,0.56,0.52,0.53,0.8,0.53,0.44,0.53,393,0.45
2025,Luke Schoonmaker,TE,DAL,0.25,0.29,0.36,0.28,0.55,0.36,0.33,0.39,0.19,,0.45,0.31,0.32,0.21,0.3,0.26,0.46,0.29,391,0.33
2025,Johnny Mundt,TE,JAC,0.5,0.27,0.26,0.37,0.34,0.39,0.38,,0.34,0.48,0.58,0.48,0.24,0.0,0.18,0.36,0.25,0.31,389,0.36
2025,Adam Thielen,WR,Multi,0.57,0.81,0.75,0.16,0.22,0.0,0.12,0.24,0.06,0.14,0.15,0.07,0.0,0.48,0.58,0.43,0.86,0.67,387,0.39
2025,Nick Westbrook-Ikhine,WR,MIA,0.44,0.28,0.25,0.47,0.71,0.63,0.76,0.65,0.67,0.47,0.27,,0.22,0.34,0.36,0.0,0.0,0.11,386,0.44
2025,Omarion Hampton,RB,LAC,0.8,0.62,0.79,0.89,0.58,0.0,0.0,0.0,0.0,0.0,0.0,,0.0,0.31,0.36,0.55,0.81,0.0,384,0.63
2025,Garrett Wilson,WR,NYJ,1.0,0.94,1.0,0.98,0.94,0.84,0.0,0.0,,0.39,0.0,0.0,0.0,0.0,0.0,0.0,0.0,0.0,383,0.89
2025,KaVontae Turpin,WR,DAL,0.46,0.16,0.66,0.61,0.0,0.0,0.3,0.41,0.19,,0.34,0.47,0.36,0.52,0.2,0.31,0.17,0.16,380,0.35
2025,Grant Calcaterra,TE,PHI,0.59,0.88,0.19,0.49,0.11,0.0,0.0,0.61,,0.4,0.47,0.24,0.22,0.21,0.54,0.3,0.35,0.44,380,0.4
2025,Noah Fant,TE,CIN,0.5,0.25,0.32,0.0,0.24,0.49,0.68,0.47,0.46,,0.48,0.28,0.42,0.42,0.24,0.0,0.22,0.22,379,0.38
2025,Marvin Mims,WR,DEN,0.53,0.36,0.44,0.4,0.36,0.35,0.53,0.3,0.0,0.0,0.24,,0.33,0.27,0.31,0.32,0.47,0.32,379,0.37
2025,Arian Smith,WR,NYJ,0.09,0.47,0.78,0.46,0.56,0.6,0.92,0.42,,0.67,0.16,0.24,0.0,0.02,0.13,0.11,0.16,0.33,376,0.38
2025,Konata Mumpfield,WR,LAR,0.1,0.18,0.11,0.11,0.13,0.17,0.4,,0.38,0.48,0.12,0.41,0.38,0.46,0.44,0.46,0.66,0.48,375,0.33
2025,Tyjae Spears,RB,TEN,0.0,0.0,0.0,0.0,0.25,0.59,0.43,0.52,0.45,,0.53,0.43,0.47,0.42,0.42,0.47,0.53,0.46,374,0.46
2025,Dillon Gabriel,QB,CLE,0.0,0.1,0.0,0.04,1.0,1.0,0.95,1.0,,1.0,0.49,0.0,0.02,0.0,0.0,0.02,0.0,0.0,372,0.56
2025,Tyquan Thornton,WR,KC,0.72,0.75,0.76,0.34,0.45,0.27,0.33,0.07,0.23,,0.23,0.26,0.24,0.3,0.51,0.0,0.0,0.0,368,0.38
2025,Tyler Higbee,TE,LAR,0.58,0.75,0.55,0.55,0.0,0.66,0.37,,0.52,0.54,0.39,0.0,0.0,0.0,0.0,0.0,0.0,0.64,366,0.55
2025,Aaron Jones,RB,MIN,0.5,0.43,0.0,0.0,0.0,,0.0,0.53,0.42,0.71,0.67,0.66,0.37,0.45,0.58,0.64,0.65,0.0,366,0.55
2025,Alec Ingold,RB,MIA,0.27,0.35,0.41,0.53,0.29,0.39,0.34,0.38,0.19,0.4,0.41,,0.25,0.34,0.38,0.31,0.51,0.55,363,0.37
2025,Isaiah Hodgins,WR,NYG,0.0,0.0,0.0,0.0,0.0,0.0,0.0,0.0,0.0,0.0,0.79,0.66,0.89,,0.87,0.36,0.81,0.96,363,0.77
2025,Kalif Raymond,WR,DET,0.66,0.54,0.49,0.55,0.03,0.04,0.44,,0.45,0.54,0.64,0.4,0.0,0.0,0.17,0.26,0.09,0.19,358,0.37
2025,Mike Evans,WR,TB,0.83,0.79,0.72,0.0,0.0,0.0,0.2,0.0,,0.0,0.0,0.0,0.0,0.0,0.55,0.66,0.75,0.75,357,0.65
2025,Dyami Brown,WR,JAC,0.71,0.8,0.33,0.0,0.66,0.64,0.3,,0.6,0.37,0.27,0.06,0.0,0.09,0.08,0.09,0.0,0.13,356,0.37
2025,Terrance Ferguson,TE,LAR,0.0,0.07,0.0,0.0,0.06,0.32,0.49,,0.3,0.32,0.29,0.27,0.35,0.64,0.78,0.76,0.49,0.0,356,0.41
2025,Payne Durham,TE,TB,0.26,0.21,0.32,0.21,0.3,0.45,0.35,0.55,,0.28,0.3,0.16,0.43,0.31,0.65,0.22,0.13,0.27,354,0.31
2025,Jaylin Lane,WR,WAS,0.3,0.52,0.24,0.44,0.34,0.42,0.69,0.43,0.63,0.28,0.15,,0.39,0.12,0.46,0.02,0.0,0.0,348,0.37
2025,Samaje Perine,RB,CIN,0.25,0.29,0.27,0.31,0.47,0.46,0.37,0.42,0.01,,0.0,0.0,0.4,0.37,0.45,0.39,0.31,0.49,346,0.35
2025,Jack Bech,WR,LV,0.06,0.07,0.24,0.1,0.53,0.75,0.63,,0.0,0.23,0.15,0.11,0.56,0.82,0.81,0.72,0.0,0.58,343,0.39
2025,Ben Sinnott,TE,WAS,0.11,0.04,0.57,0.47,0.32,0.26,0.3,0.21,0.26,0.39,0.0,,0.17,0.25,0.57,0.69,0.61,0.55,341,0.35
2025,JK Dobbins,RB,DEN,0.53,0.45,0.67,0.44,0.53,0.5,0.49,0.52,0.46,0.52,0.0,,0.0,0.0,0.0,0.0,0.0,0.0,340,0.51
2025,Marquez Valdes-Scantling,WR,Multi,0.36,0.13,0.26,0.0,0.53,0.61,0.0,0.0,0.0,0.0,0.0,0.0,0.0,0.31,0.52,0.42,0.82,0.84,339,0.48
2025,Jeremy McNichols,RB,WAS,0.19,0.23,0.26,0.33,0.25,0.32,0.36,0.43,0.26,0.31,0.25,,0.49,0.35,0.49,0.28,0.41,0.22,337,0.32
2025,Kyle Williams,WR,NE,0.1,0.17,0.12,0.29,0.17,0.22,0.18,0.22,0.46,0.56,0.67,0.07,0.22,,0.1,0.38,0.85,0.46,336,0.31
2025,Tim Patrick,WR,JAC,0.11,0.17,0.31,0.29,0.09,0.18,0.19,,0.0,0.71,0.58,0.47,0.11,0.66,0.42,0.26,0.17,0.36,336,0.31
2025,John FitzPatrick,TE,GB,0.31,0.31,0.23,0.12,,0.2,0.29,0.34,0.28,0.21,0.64,0.61,0.24,0.57,0.7,0.36,0.0,0.0,335,0.35
2025,Ty Johnson,RB,BUF,0.33,0.25,0.25,0.2,0.18,0.42,,0.32,0.2,0.4,0.32,0.35,0.27,0.25,0.26,0.32,0.38,0.33,335,0.3
2025,DeAndre Hopkins,WR,BAL,0.35,0.18,0.25,0.33,0.26,0.33,,0.37,0.32,0.27,0.69,0.54,0.38,0.16,0.32,0.36,0.25,0.25,334,0.33
2025,Blake Corum,RB,LAR,0.17,0.3,0.24,0.29,0.09,0.23,0.34,,0.28,0.39,0.31,0.34,0.33,0.31,0.46,0.29,0.25,0.33,332,0.29
2025,Isaiah Williams,WR,NYJ,0.0,0.0,0.0,0.02,0.0,0.0,0.0,0.42,,0.43,0.74,0.27,0.39,0.57,0.6,0.77,0.69,0.52,329,0.49
2025,Lil'Jordan Humphrey,WR,Multi,0.0,0.0,0.0,0.0,0.0,0.77,0.96,0.63,0.0,0.0,0.15,0.0,0.2,0.38,0.68,0.2,0.6,0.27,329,0.49
2025,Tyler Allgeier,RB,ATL,0.25,0.33,0.09,0.32,,0.31,0.23,0.4,0.3,0.37,0.21,0.39,0.25,0.39,0.17,0.4,0.36,0.37,328,0.3
2025,Emanuel Wilson,RB,GB,0.04,0.07,0.23,0.3,,0.18,0.34,0.42,0.32,0.21,0.71,0.56,0.19,0.15,0.2,0.46,0.36,0.55,326,0.31
2025,Nick Chubb,RB,HOU,0.51,0.53,0.52,0.42,0.34,,0.25,0.44,0.36,0.13,0.26,0.22,0.34,0.11,0.0,0.32,0.08,0.0,326,0.32
2025,Travis Hunter,WR,JAC,0.64,0.59,0.53,0.56,0.67,0.78,0.87,,0.0,0.0,0.0,0.0,0.0,0.0,0.0,0.0,0.0,0.0,324,0.67
2025,Mike Gesicki,TE,CIN,0.31,0.52,0.3,0.56,0.5,0.03,0.0,0.0,0.0,,0.0,0.43,0.28,0.42,0.57,0.48,0.23,0.38,321,0.38
2025,Kyler Murray,QB,ARI,1.0,0.98,1.0,1.0,0.96,0.0,0.0,,0.0,0.0,0.0,0.0,0.0,0.0,0.0,0.0,0.0,0.0,318,0.99
2025,Ian Thomas,TE,LV,0.32,0.1,0.29,0.56,0.56,0.3,0.34,,0.17,0.1,0.28,0.56,0.56,0.5,0.0,0.0,0.36,0.39,318,0.35
2025,Elijah Arroyo,TE,SEA,0.31,0.4,0.49,0.55,0.43,0.45,0.38,,0.43,0.47,0.37,0.38,0.37,0.11,0.0,0.0,0.0,0.0,316,0.39
2025,Devin Singletary,RB,NYG,0.15,0.06,0.24,0.25,0.32,0.06,0.04,0.15,0.56,0.33,0.49,0.3,0.51,,0.24,0.38,0.3,0.32,311,0.27
2025,Jaylin Noel,WR,HOU,0.27,0.31,0.14,0.24,0.3,,0.43,0.39,0.15,0.33,0.26,0.29,0.24,0.36,0.16,0.14,0.25,0.16,304,0.26
2025,Dalton Kincaid,TE,BUF,0.51,0.48,0.55,0.37,0.54,0.0,,0.22,0.35,0.26,0.0,0.0,0.0,0.34,0.36,0.38,0.0,0.13,302,0.38
2025,Brevyn Spann-Ford,TE,DAL,0.16,0.12,0.2,0.22,0.33,0.18,0.22,0.31,0.13,,0.36,0.26,0.26,0.16,0.3,0.19,0.52,0.31,300,0.25
2025,Carson Wentz,QB,MIN,0.0,0.0,0.8,1.0,0.98,,1.0,0.88,0.0,0.0,0.0,0.0,0.0,0.0,0.0,0.0,0.0,0.0,300,0.94
2025,Mason Tipton,WR,NO,0.0,0.0,0.12,0.07,0.14,0.04,0.11,0.06,0.05,0.34,,0.7,0.85,0.45,0.8,0.5,0.0,0.0,297,0.35
2025,Brady Cook,QB,NYJ,0.0,0.0,0.0,0.0,0.0,0.0,0.0,0.0,,0.0,0.0,0.0,0.0,0.9,1.0,1.0,1.0,1.0,296,0.98
2025,Cam Skattebo,RB,NYG,0.12,0.52,0.59,0.75,0.68,0.71,0.6,0.21,0.0,0.0,0.0,0.0,0.0,,0.0,0.0,0.0,0.0,295,0.54
2025,Durham Smythe,TE,CHI,0.1,0.09,0.39,0.49,,0.12,0.32,0.32,0.29,0.16,0.21,0.29,0.25,0.29,0.38,0.19,0.21,0.22,293,0.25
2025,Greg Dortch,WR,ARI,0.15,0.18,0.24,0.64,0.07,0.44,0.09,,0.21,0.39,0.66,0.63,0.33,0.0,0.0,0.0,0.0,0.0,292,0.35
2025,Tyler Johnson,WR,NYJ,0.52,0.96,0.7,0.0,0.04,0.19,0.25,0.78,,0.63,0.53,0.0,0.02,0.0,0.0,0.14,0.16,0.0,292,0.39
2025,Davis Mills,QB,HOU,0.0,0.0,0.0,0.0,0.2,,0.0,0.0,0.68,1.0,1.0,1.0,0.0,0.0,0.0,0.0,0.0,0.35,292,0.7
2025,Treylon Burks,WR,WAS,0.0,0.0,0.0,0.0,0.0,0.0,0.0,0.0,0.51,0.39,0.0,,0.66,0.37,0.46,0.83,0.91,0.68,292,0.6
2025,Demario Douglas,WR,NE,0.63,0.25,0.39,0.16,0.28,0.25,0.23,0.21,0.24,0.21,0.28,0.17,0.34,,0.19,0.18,0.14,0.25,288,0.26
2025,Mitchell Tinsley,WR,CIN,0.1,0.14,0.12,0.15,0.05,0.15,0.17,0.17,0.25,,0.11,0.74,0.67,0.15,0.45,0.36,0.29,0.12,288,0.26
2025,Isaiah Davis,RB,NYJ,0.12,0.21,0.13,0.33,0.4,0.26,0.48,0.46,,0.29,0.28,0.29,0.12,0.24,0.38,0.36,0.13,0.0,285,0.29
2025,Zonovan Knight,RB,ARI,0.0,0.0,0.0,0.0,0.16,0.51,0.45,,0.57,0.46,0.41,0.44,0.48,0.47,0.02,0.0,0.0,0.0,283,0.4
2025,Eric Saubert,TE,SEA,0.17,0.37,0.46,0.39,0.28,0.4,0.31,,0.0,0.0,0.0,0.0,0.0,0.0,0.37,0.38,0.52,0.7,276,0.4
2025,Patrick Ricard,RB,BAL,0.0,0.0,0.0,0.0,0.0,0.0,,0.23,0.38,0.53,0.31,0.38,0.18,0.36,0.44,0.58,0.57,0.51,274,0.41
2025,Josh Reynolds,WR,NYJ,0.97,0.0,0.0,0.67,0.74,0.88,0.95,0.0,,0.0,0.0,0.0,0.0,0.0,0.0,0.0,0.0,0.0,273,0.83
2025,Xavier Weaver,WR,ARI,0.0,0.0,0.0,0.21,0.0,0.0,0.07,,0.04,0.0,0.72,0.68,0.49,0.0,0.0,0.44,0.67,0.78,272,0.45
2025,Zay Jones,WR,ARI,0.47,0.51,0.5,0.0,0.5,0.79,0.54,,0.52,0.14,0.0,0.0,0.0,0.0,0.0,0.0,0.0,0.0,271,0.5
2025,Jerome Ford,RB,CLE,0.54,0.48,0.36,0.27,0.37,0.4,0.23,0.24,,0.19,0.31,0.16,0.22,0.19,0.0,0.0,0.0,0.0,269,0.31
2025,Devin Neal,RB,NO,0.09,0.0,0.0,0.0,0.0,0.0,0.12,0.46,0.39,0.35,,0.74,0.82,0.71,0.32,0.0,0.0,0.0,268,0.45
2025,Brycen Tremayne,WR,CAR,0.3,0.18,0.28,0.81,0.24,0.34,0.23,0.13,0.26,0.0,0.34,0.09,0.27,,0.14,0.15,0.15,0.14,264,0.26
2025,Cade Stover,TE,HOU,0.57,0.0,0.0,0.0,0.0,,0.0,0.0,0.0,0.0,0.2,0.34,0.41,0.29,0.61,0.51,0.54,0.49,263,0.44
2025,LeQuint Allen,RB,JAC,0.14,0.15,0.3,0.18,0.22,0.24,0.21,,0.28,0.32,0.2,0.15,0.24,0.25,0.29,0.3,0.19,0.18,259,0.23
2025,Hunter Long,TE,JAC,0.09,0.01,0.2,0.32,0.6,0.8,0.6,,0.66,0.0,0.0,0.0,0.0,0.31,0.0,0.0,0.0,0.0,258,0.41
2025,Chris Rodriguez,RB,WAS,0.0,0.0,0.38,0.35,0.25,0.02,0.13,0.04,0.34,0.33,0.45,,0.41,0.42,0.0,0.52,0.0,0.42,255,0.31
2025,Roman Wilson,WR,PIT,0.18,0.35,0.17,0.06,,0.25,0.58,0.46,0.47,0.35,0.57,0.28,0.44,0.0,0.0,0.0,0.14,0.0,253,0.33
2025,Foster Moreau,TE,NO,0.0,0.0,0.0,0.0,0.35,0.36,0.23,0.18,0.37,0.62,,0.29,0.38,0.45,0.42,0.28,0.0,0.0,253,0.35
2025,Hunter Luepke,RB,DAL,0.13,0.16,0.12,0.25,0.33,0.27,0.16,0.18,0.07,,0.24,0.2,0.28,0.26,0.21,0.14,0.34,0.24,251,0.21
2025,Tyrod Taylor,QB,NYJ,0.0,0.38,1.0,0.0,0.0,0.0,0.54,0.0,,0.0,0.0,1.0,1.0,0.1,0.0,0.0,0.0,0.0,251,0.7
2025,Calvin Ridley,WR,TEN,0.95,0.86,0.87,0.54,0.66,0.1,0.0,0.0,0.0,,0.02,0.0,0.0,0.0,0.0,0.0,0.0,0.0,250,0.58
2025,Allen Lazard,WR,NYJ,0.0,0.47,0.25,0.43,0.33,0.0,0.56,0.78,,0.0,0.0,0.41,0.29,0.16,0.22,0.0,0.0,0.0,250,0.39
2025,Dylan Sampson,RB,CLE,0.43,0.23,0.08,0.13,0.1,0.18,0.16,0.46,,0.3,0.11,0.37,0.19,0.38,0.0,0.0,0.35,0.5,249,0.26
2025,Blake Whiteheart,TE,CLE,0.04,0.05,0.03,0.18,0.1,0.27,0.61,0.15,,0.12,0.0,0.14,0.11,0.42,0.18,0.36,0.62,0.65,245,0.24
2025,Greg Dulcich,TE,MIA,0.0,0.0,0.0,0.0,0.0,0.0,0.0,0.28,0.36,0.58,0.54,,0.37,0.54,0.38,0.29,0.36,0.52,245,0.42
2025,Kylen Granson,TE,PHI,0.27,0.57,0.03,0.07,0.36,0.23,0.34,0.15,,0.27,0.21,0.08,0.04,0.03,0.26,0.11,0.19,0.77,244,0.23
2025,Kevin Austin,WR,NO,0.0,0.0,0.3,0.0,0.0,0.0,0.0,0.0,0.0,0.0,,0.12,0.07,0.03,0.38,0.86,0.81,0.97,242,0.44
2025,Gabe Davis,WR,BUF,0.0,0.0,0.0,0.0,0.0,0.0,,0.0,0.0,0.0,0.41,0.55,0.58,0.58,0.0,0.0,0.38,0.93,238,0.58
2025,Jack Westover,TE,NE,0.03,0.1,0.04,0.22,0.23,0.16,0.31,0.25,0.46,0.25,0.3,0.24,0.12,,0.15,0.16,0.33,0.36,237,0.22
2025,Reggie Gilliam,RB,BUF,0.14,0.25,0.15,0.29,0.12,0.37,,0.41,0.26,0.26,0.21,0.17,0.12,0.23,0.11,0.22,0.09,0.2,235,0.21
2025,Darren Waller,TE,MIA,0.0,0.0,0.0,0.28,0.58,0.69,0.28,0.0,0.0,0.0,0.0,,0.47,0.37,0.54,0.49,0.38,0.0,234,0.45
2025,Xavier Smith,WR,LAR,0.03,0.03,0.0,0.08,0.0,0.25,0.47,,0.16,0.49,0.12,0.0,0.38,0.3,0.04,0.24,0.51,0.33,233,0.25
2025,Tucker Fisk,TE,LAC,0.0,0.0,0.34,0.21,0.25,0.42,0.17,0.59,0.48,0.37,0.15,,0.39,0.0,0.0,0.0,0.0,0.0,233,0.34
2025,Andrew Ogletree,TE,IND,0.37,0.17,0.33,0.16,0.45,0.27,0.3,0.21,0.18,0.25,,0.22,0.22,0.19,0.15,0.08,0.0,0.0,226,0.24
2025,Tory Horton,WR,SEA,0.54,0.4,0.49,0.36,0.49,0.45,0.39,,0.73,0.0,0.0,0.0,0.0,0.0,0.0,0.0,0.0,0.0,226,0.47
2025,Ollie Gordon,RB,MIA,0.25,0.12,0.25,0.26,0.25,0.24,0.31,0.3,0.2,0.06,0.39,,0.27,0.25,0.12,0.05,0.15,0.36,223,0.23
2025,Russell Wilson,QB,NYG,1.0,0.96,0.95,0.03,0.0,0.03,0.0,0.0,0.0,0.29,0.0,0.0,0.0,,0.0,0.0,0.0,0.0,220,0.53
2025,Justice Hill,RB,BAL,0.45,0.39,0.51,0.58,0.3,0.45,,0.31,0.2,0.27,0.0,0.25,0.0,0.0,0.0,0.0,0.0,0.0,219,0.37
2025,Jamari Thrash,WR,CLE,0.28,0.27,0.18,0.42,0.4,0.45,0.42,0.44,,0.3,0.0,0.0,0.0,0.0,0.0,0.0,0.0,0.0,216,0.35
2025,Malik Nabers,WR,NYG,0.94,0.99,0.92,0.33,0.0,0.0,0.0,0.0,0.0,0.0,0.0,0.0,0.0,,0.0,0.0,0.0,0.0,216,0.78
2025,Bhayshul Tuten,RB,JAC,0.06,0.25,0.17,0.24,0.21,0.14,0.29,,0.25,0.27,0.32,0.21,0.29,0.03,0.18,0.0,0.0,0.26,215,0.21
2025,Quintin Morris,TE,JAC,0.0,0.0,0.0,0.04,0.02,0.04,0.0,,0.0,0.53,0.7,0.32,0.19,0.31,0.27,0.27,0.14,0.43,214,0.27
2025,Darius Cooper,WR,PHI,0.03,0.2,0.09,0.0,0.0,0.0,0.0,0.44,,0.17,0.04,0.21,0.24,0.3,0.3,0.19,0.31,0.84,212,0.26
2025,Malik Heath,WR,GB,0.23,0.32,0.26,0.23,,0.46,0.41,0.33,0.42,0.29,0.0,0.2,0.17,0.0,0.0,0.0,0.0,0.0,212,0.3
2025,Jake Browning,QB,CIN,0.0,0.7,0.95,1.0,1.0,0.0,0.0,0.0,0.0,,0.0,0.02,0.0,0.0,0.0,0.0,0.0,0.0,212,0.71
2025,Ray-Ray McCloud,WR,Multi,0.72,0.23,0.7,0.35,0.0,0.0,0.0,0.0,0.91,0.27,0.0,0.0,0.0,0.0,0.0,0.0,0.0,0.0,211,0.52
2025,Adam Prentice,RB,DEN,0.2,0.16,0.1,0.09,0.05,0.18,0.09,0.16,0.16,0.16,0.31,,0.23,0.41,0.25,0.12,0.29,0.2,211,0.19
2025,Hunter Renfrow,WR,CAR,0.66,0.81,0.29,0.49,0.43,0.27,0.0,0.0,0.0,0.0,0.0,0.0,0.0,,0.0,0.0,0.0,0.0,210,0.51
2025,Taysom Hill,TE,NO,0.0,0.0,0.0,0.0,0.14,0.21,0.16,0.07,0.22,0.37,,0.32,0.17,0.41,0.22,0.44,0.13,0.34,210,0.25
2025,Jack Stoll,TE,NO,0.24,0.25,0.32,0.36,0.38,0.21,0.21,0.13,0.22,0.0,,0.11,0.04,0.22,0.14,0.29,0.02,0.0,209,0.21
2025,Chris Manhertz,TE,NYG,0.26,0.21,0.2,0.16,0.11,0.22,0.1,0.04,0.04,0.04,0.21,0.34,0.04,,0.06,0.46,0.23,0.31,208,0.18
2025,Ced Wilson,WR,MIA,0.0,0.0,0.0,0.0,0.0,0.0,0.0,0.32,0.22,0.28,0.3,,0.17,0.2,0.2,0.53,0.69,0.64,206,0.35
2025,Christopher Brooks,RB,GB,0.19,0.19,0.12,0.06,,0.08,0.12,0.05,0.17,0.09,0.09,0.44,0.29,0.15,0.26,0.21,0.45,0.45,203,0.19
2025,Robbie Ouzts,TE,SEA,0.37,0.42,0.25,0.0,0.0,0.0,0.0,,0.25,0.44,0.23,0.19,0.18,0.3,0.0,0.15,0.21,0.3,203,0.27
2025,Nate Adkins,TE,DEN,0.0,0.0,0.35,0.42,0.36,0.38,0.32,0.25,0.0,0.0,0.0,,0.0,0.0,0.37,0.11,0.0,0.39,199,0.33
2025,Tyler Huntley,QB,BAL,0.0,0.0,0.0,0.0,0.0,0.32,,1.0,0.0,0.0,0.0,0.0,0.0,0.0,0.12,0.53,1.0,0.0,197,0.63
2025,Emari Demercado,RB,ARI,0.0,0.02,0.11,0.39,0.28,0.04,0.0,,0.4,0.42,0.18,0.0,0.0,0.0,0.11,0.32,0.53,0.22,196,0.25
2025,Malachi Corley,WR,CLE,0.0,0.0,0.0,0.0,0.17,0.02,0.23,0.07,,0.27,0.29,0.25,0.37,0.06,0.26,0.45,0.38,0.42,194,0.24
2025,Tyler Badie,RB,DEN,0.18,0.22,0.04,0.1,0.26,0.0,0.26,0.17,0.22,0.21,0.13,,0.26,0.16,0.1,0.23,0.11,0.15,192,0.18
2025,Brashard Smith,RB,KC,0.13,0.08,0.11,0.26,0.09,0.09,0.35,0.13,0.2,,0.17,0.19,0.06,0.08,0.05,0.18,0.14,0.53,191,0.17
2025,Brian Robinson,RB,SF,0.24,0.23,0.09,0.15,0.14,0.07,0.25,0.04,0.14,0.22,0.29,0.17,0.21,,0.16,0.15,0.15,0.14,190,0.17
2025,Will Dissly,TE,LAC,0.57,0.4,0.0,0.0,0.0,0.41,0.04,0.0,0.0,0.0,0.0,,0.0,0.36,0.32,0.22,0.11,0.44,189,0.31
2025,Tutu Atwell,WR,LAR,0.42,0.43,0.38,0.28,0.66,0.0,0.14,,0.0,0.0,0.0,0.0,0.0,0.0,0.06,0.09,0.2,0.13,187,0.27
2025,Anthony Firkser,TE,DET,0.0,0.0,0.0,0.0,0.0,0.0,0.0,,0.0,0.0,0.0,0.04,0.24,0.56,0.34,0.35,0.55,0.7,187,0.4
2025,Trent Sherfield,WR,Multi,0.34,0.38,0.42,0.27,0.22,0.23,0.11,0.17,0.13,0.21,0.0,0.0,0.0,0.15,0.21,0.0,0.0,0.0,186,0.23
2025,Elijah Moore,WR,BUF,0.14,0.4,0.23,0.31,0.0,0.25,,0.46,0.26,0.37,0.0,0.41,0.0,0.0,0.0,0.0,0.0,0.0,186,0.31
2025,Gage Larvadain,WR,CLE,0.0,0.0,0.0,0.0,0.01,0.16,0.32,0.52,,0.25,0.07,0.25,0.29,0.42,0.54,0.08,0.08,0.08,186,0.23
2025,Tylan Wallace,WR,BAL,0.31,0.5,0.56,0.4,0.09,0.09,,0.08,0.16,0.11,0.43,0.27,0.0,0.04,0.17,0.0,0.0,0.02,185,0.22
2025,CJ Ham,RB,MIN,0.0,0.0,0.0,0.0,0.18,,0.17,0.0,0.0,0.11,0.27,0.32,0.29,0.41,0.29,0.33,0.48,0.31,184,0.28
2025,Tanner Conner,TE,MIA,0.58,0.46,0.43,0.16,0.2,0.05,0.31,0.45,0.45,0.0,0.0,,0.0,0.0,0.0,0.0,0.0,0.0,181,0.34
2025,Casey Washington,WR,ATL,0.95,0.0,0.0,0.52,,0.8,0.17,0.08,0.0,0.02,0.05,0.0,0.0,0.0,0.0,0.0,0.0,0.0,181,0.4
2025,Audric Estime,RB,NO,0.0,0.0,0.0,0.0,0.0,0.0,0.0,0.0,0.0,0.04,,0.0,0.0,0.17,0.36,0.58,0.76,0.84,181,0.46
2025,Quinn Ewers,QB,MIA,0.0,0.0,0.0,0.0,0.0,0.0,0.21,0.0,0.0,0.0,0.0,,0.0,0.0,0.0,1.0,1.0,0.95,179,0.79
2025,Max Brosmer,QB,MIN,0.0,0.0,0.2,0.0,0.02,,0.0,0.12,0.0,0.0,0.0,0.0,1.0,0.0,0.0,0.48,1.0,0.36,178,0.44
2025,Sean Tucker,RB,TB,0.03,0.01,0.0,0.0,0.21,0.23,0.1,0.34,,0.32,0.44,0.37,0.15,0.16,0.12,0.08,0.06,0.07,177,0.18
2025,Josh Whyle,TE,GB,0.0,0.0,0.0,0.0,,0.0,0.0,0.0,0.0,0.09,0.36,0.41,0.51,0.42,0.03,0.0,0.64,0.73,176,0.38
2025,Luke McCaffrey,WR,WAS,0.07,0.23,0.36,0.37,0.39,0.38,0.54,0.51,0.0,0.0,0.0,,0.0,0.0,0.0,0.0,0.0,0.0,174,0.35
2025,Harrison Bryant,TE,HOU,0.0,0.39,0.27,0.14,0.27,,0.25,0.28,0.27,0.23,0.0,0.0,0.0,0.0,0.06,0.09,0.06,0.24,173,0.21
2025,James Proche,WR,TEN,0.0,0.0,0.0,0.0,0.0,0.0,0.0,0.07,0.23,,0.0,0.45,0.15,0.14,0.38,0.25,0.54,0.48,172,0.3
2025,Philip Rivers,QB,IND,0.0,0.0,0.0,0.0,0.0,0.0,0.0,0.0,0.0,0.0,,0.0,0.0,0.0,1.0,0.93,0.98,0.0,172,0.97
2025,Jalin Hyatt,WR,NYG,0.0,0.0,0.09,0.38,0.47,0.42,0.32,0.0,0.0,0.0,0.61,0.0,0.0,,0.06,0.0,0.0,0.0,171,0.34
2025,Jayden Reed,WR,GB,0.38,0.07,0.0,0.0,,0.0,0.0,0.0,0.0,0.0,0.0,0.0,0.0,0.47,0.65,0.64,0.53,0.16,170,0.42
2025,Tyler Conklin,TE,LAC,0.43,0.5,0.26,0.19,0.3,0.05,0.0,0.1,0.0,0.32,0.0,,0.03,0.0,0.0,0.0,0.0,0.32,169,0.25
2025,Ray Davis,RB,BUF,0.12,0.27,0.07,0.08,0.09,0.04,,0.24,0.05,0.1,0.02,0.09,0.18,0.06,0.09,0.16,0.13,0.64,168,0.15
2025,Cody White,WR,SEA,0.1,0.0,0.0,0.0,0.0,0.0,0.0,,0.71,0.73,0.26,0.23,0.21,0.28,0.15,0.09,0.0,0.0,165,0.3
2025,Shane Zylstra,TE,DET,0.09,0.0,0.0,0.0,0.0,0.0,0.0,,0.0,0.0,0.0,0.0,0.0,0.0,0.58,0.66,0.66,0.41,164,0.48
2025,Ashton Dulin,WR,IND,0.14,0.14,0.16,0.2,0.71,0.02,0.0,0.25,0.08,0.19,,0.18,0.0,0.0,0.0,0.0,0.12,0.37,163,0.21
2025,Devontez Walker,WR,BAL,0.0,0.23,0.12,0.07,0.0,0.0,,0.0,0.0,0.0,0.15,0.4,0.28,0.0,0.61,0.11,0.26,0.73,163,0.28
2025,Ben Skowronek,WR,PIT,0.18,0.05,0.07,0.34,,0.17,0.11,0.17,0.35,0.15,0.23,0.36,0.09,0.17,0.06,0.01,0.0,0.11,159,0.16
2025,Scott Miller,WR,PIT,0.16,0.15,0.07,0.25,,0.44,0.14,0.0,0.0,0.0,0.03,0.07,0.0,0.06,0.09,0.2,0.64,0.21,158,0.19
2025,Jameis Winston,QB,NYG,0.0,0.0,0.0,0.0,0.0,0.0,0.0,0.0,0.0,0.0,1.0,1.0,0.0,,0.03,0.0,0.0,0.0,156,0.7
2025,Tyreek Hill,WR,MIA,0.62,0.84,0.87,0.41,0.0,0.0,0.0,0.0,0.0,0.0,0.0,,0.0,0.0,0.0,0.0,0.0,0.0,155,0.69
2025,Malik Davis,RB,DAL,0.0,0.0,0.0,0.0,0.0,0.0,0.01,0.05,0.07,,0.19,0.16,0.12,0.1,0.53,0.34,0.5,0.0,155,0.21
2025,Curtis Samuel,WR,BUF,0.0,0.0,0.0,0.34,0.49,0.0,,0.3,0.41,0.35,0.5,0.0,0.0,0.0,0.0,0.0,0.0,0.0,151,0.4
2025,Tanner Hudson,TE,CIN,0.0,0.0,0.0,0.02,0.02,0.25,0.0,0.19,0.16,,0.33,0.22,0.07,0.1,0.25,0.25,0.26,0.09,148,0.17
2025,Jimmy Horn,WR,CAR,0.0,0.0,0.0,0.0,0.27,0.21,0.21,0.13,0.24,0.21,0.09,0.22,0.06,,0.07,0.22,0.26,0.31,148,0.19
2025,Tank Bigsby,RB,Multi,0.21,0.0,0.0,0.0,0.0,0.0,0.08,0.27,0.0,0.13,0.11,0.05,0.02,0.1,0.39,0.11,0.09,0.59,139,0.18
2025,Brenden Bates,TE,Multi,0.0,0.0,0.0,0.08,0.19,0.0,0.01,0.0,0.0,0.0,0.13,0.41,0.0,0.0,0.25,0.42,0.48,0.46,139,0.25
2025,Josh Johnson,QB,WAS,0.0,0.0,0.0,0.0,0.0,0.0,0.0,0.0,0.0,0.06,0.01,,0.0,0.0,0.0,0.41,0.98,1.0,138,0.48
2025,Jalen McMillan,WR,TB,0.0,0.0,0.0,0.0,0.0,0.0,0.0,0.0,,0.0,0.0,0.0,0.0,0.0,0.46,0.53,0.52,0.55,138,0.52
2025,Raheem Mostert,RB,LV,0.0,0.0,0.0,0.15,0.47,0.21,0.26,,0.09,0.13,0.25,0.19,0.04,0.3,0.24,0.07,0.0,0.0,137,0.2
2025,David Martin-Robinson,TE,TEN,0.02,0.0,0.01,0.0,0.21,0.15,0.11,0.06,0.06,,0.02,0.11,0.1,0.24,0.25,0.3,0.11,0.41,134,0.14
2025,Robert Tonyan,TE,KC,0.08,0.13,0.14,0.16,0.14,0.19,0.3,0.07,0.1,,0.11,0.17,0.11,0.06,0.05,0.04,0.0,0.03,133,0.12
2025,Teagan Quitoriano,TE,ATL,0.03,0.23,0.11,0.12,,0.04,0.0,0.06,0.0,0.03,0.03,0.62,0.09,0.12,0.08,0.25,0.28,0.03,133,0.14
2025,Keaton Mitchell,RB,BAL,0.0,0.0,0.0,0.0,0.09,0.03,,0.11,0.18,0.07,0.26,0.19,0.13,0.15,0.39,0.35,0.18,0.14,132,0.17
2025,Riley Leonard,QB,IND,0.0,0.0,0.0,0.0,0.0,0.0,0.0,0.11,0.0,0.0,,0.0,0.0,0.77,0.0,0.07,0.02,1.0,130,0.43
2025,Nick Kallerup,TE,SEA,0.0,0.0,0.0,0.0,0.0,0.0,0.0,,0.22,0.48,0.13,0.21,0.31,0.48,0.17,0.01,0.11,0.0,130,0.23
2025,Dare Ogunbowale,RB,HOU,0.27,0.2,0.0,0.01,0.04,,0.12,0.16,0.16,0.07,0.07,0.07,0.07,0.01,0.31,0.18,0.03,0.13,129,0.12
2025,Jaylen Wright,RB,MIA,0.0,0.0,0.0,0.0,0.0,0.0,0.16,0.16,0.0,0.19,0.02,,0.1,0.52,0.08,0.31,0.15,0.46,127,0.22
2025,KeAndre Lambert-Smith,WR,LAC,0.22,0.1,0.0,0.11,0.12,0.28,0.0,0.0,0.08,0.0,0.0,,0.0,0.0,0.32,0.22,0.11,0.32,123,0.19
2025,Trey Benson,RB,ARI,0.33,0.44,0.61,0.55,0.0,0.0,0.0,,0.0,0.0,0.0,0.0,0.0,0.0,0.0,0.0,0.0,0.0,123,0.48
2025,Ryan Miller,WR,TB,0.16,0.23,0.25,0.08,0.15,0.25,0.13,0.34,,0.12,0.1,0.07,0.02,0.0,0.0,0.0,0.0,0.0,123,0.16
2025,Dylan Drummond,WR,ATL,0.0,0.0,0.0,0.0,,0.0,0.0,0.12,0.02,0.0,0.0,0.27,0.3,0.61,0.39,0.03,0.0,0.16,122,0.24
2025,Rasheen Ali,RB,BAL,0.02,0.0,0.0,0.02,0.0,0.04,,0.0,0.0,0.0,0.2,0.0,0.48,0.34,0.27,0.22,0.2,0.16,119,0.2
2025,Gunner Olszewski,WR,NYG,0.0,0.0,0.02,0.0,0.0,0.01,0.01,0.0,0.07,0.38,0.0,0.1,0.02,,0.0,0.02,0.16,0.84,118,0.18
2025,Ross Dwelley,TE,DET,0.0,0.0,0.06,0.07,0.26,0.17,0.09,,0.0,0.16,0.02,0.03,0.75,0.29,0.0,0.0,0.0,0.0,118,0.19
2025,Jake Bobo,WR,SEA,0.0,0.15,0.33,0.15,0.08,0.22,0.22,,0.0,0.0,0.0,0.1,0.0,0.16,0.07,0.0,0.26,0.13,117,0.17
2025,Will Shipley,RB,PHI,0.08,0.0,0.0,0.05,0.13,0.05,0.16,0.14,,0.19,0.1,0.13,0.07,0.1,0.06,0.11,0.09,0.41,116,0.13
2025,Ben Yurosek,TE,MIN,0.18,0.09,0.22,0.0,0.0,,0.01,0.31,0.27,0.17,0.04,0.0,0.0,0.0,0.02,0.03,0.26,0.39,116,0.17
2025,Cooper Rush,QB,BAL,0.0,0.05,0.0,0.31,1.0,0.68,,0.0,0.0,0.0,0.0,0.0,0.0,0.0,0.0,0.0,0.0,0.0,116,0.5
2025,Jaret Patterson,RB,LAC,0.0,0.0,0.0,0.0,0.0,0.0,0.0,0.21,0.28,0.05,0.0,,0.22,0.0,0.0,0.0,0.13,0.79,116,0.28
2025,Dante Pettis,WR,NO,0.0,0.0,0.0,0.0,0.0,0.0,0.0,0.0,0.0,0.0,,0.08,0.04,0.03,0.03,0.15,0.69,0.76,114,0.24
2025,Kendre Miller,RB,NO,0.15,0.15,0.27,0.31,0.39,0.39,0.04,0.0,0.0,0.0,,0.0,0.0,0.0,0.0,0.0,0.0,0.0,113,0.24
2025,Mason Rudolph,QB,PIT,0.0,0.05,0.0,0.0,,0.05,0.0,0.0,0.0,0.0,0.43,1.0,0.16,0.0,0.0,0.0,0.0,0.0,113,0.38
2025,Jalen Brooks,WR,Multi,0.0,0.0,0.0,0.0,0.07,0.0,0.0,0.0,0.0,0.0,0.0,0.0,0.0,0.4,0.71,0.05,0.3,0.27,111,0.31
2025,Skyy Moore,WR,SF,0.04,0.03,0.52,0.12,0.09,0.04,0.04,0.19,0.12,0.17,0.0,0.07,0.0,,0.0,0.11,0.06,0.12,110,0.12
2025,Andrew Beck,TE,NYJ,0.08,0.02,0.12,0.1,0.12,0.05,0.05,0.11,,0.18,0.07,0.07,0.12,0.12,0.16,0.08,0.1,0.25,110,0.1
2025,Chris Oladokun,QB,KC,0.0,0.0,0.0,0.0,0.0,0.0,0.0,0.0,0.0,,0.0,0.0,0.0,0.0,0.0,0.69,1.0,0.55,109,0.72
2025,Colson Yankoff,TE,WAS,0.06,0.01,0.34,0.18,0.05,0.05,0.06,0.0,0.0,0.07,0.27,,0.04,0.23,0.13,0.0,0.09,0.19,108,0.12
2025,Zaire Mitchell-Paden,TE,Multi,0.29,0.25,0.26,0.16,0.28,0.12,0.0,0.0,0.0,0.38,0.0,0.09,0.0,0.0,0.0,0.0,0.0,0.0,107,0.22
2025,Kameron Johnson,WR,TB,0.02,0.09,0.01,0.08,0.11,0.49,0.22,0.1,,0.13,0.09,0.11,0.1,0.08,0.0,0.02,0.0,0.0,105,0.11
2025,Zavier Scott,RB,MIN,0.0,0.0,0.28,0.38,0.22,,0.13,0.12,0.0,0.0,0.0,0.0,0.19,0.09,0.0,0.13,0.0,0.09,105,0.19
2025,Cameron Latu,TE,PHI,0.0,0.1,0.07,0.14,0.03,0.12,0.06,0.15,,0.08,0.01,0.05,0.09,0.07,0.28,0.0,0.11,0.3,103,0.11
2025,Noah Brown,WR,WAS,0.47,0.39,0.0,0.0,0.0,0.0,0.0,0.0,0.0,0.0,0.0,,0.0,0.62,0.16,0.0,0.0,0.0,102,0.4
2025,Trey Lance,QB,LAC,0.0,0.0,0.0,0.0,0.09,0.0,0.0,0.0,0.0,0.0,0.27,,0.15,0.0,0.0,0.0,0.0,1.0,100,0.4
2025,Tip Reiman,TE,ARI,0.52,0.0,0.5,0.09,0.37,0.0,0.0,,0.0,0.0,0.0,0.0,0.0,0.0,0.0,0.0,0.0,0.0,98,0.37
2025,Mitch Trubisky,QB,BUF,0.0,0.13,0.0,0.0,0.0,0.0,,0.17,0.0,0.04,0.0,0.0,0.0,0.0,0.0,0.0,0.0,0.99,98,0.35
2025,Malik Willis,QB,GB,0.0,0.0,0.0,0.0,,0.0,0.0,0.0,0.0,0.0,0.13,0.09,0.0,0.0,0.0,0.64,0.83,0.0,98,0.41
2025,Andy Dalton,QB,CAR,0.0,0.0,0.02,0.19,0.0,0.0,0.31,1.0,0.0,0.0,0.0,0.0,0.0,,0.0,0.0,0.0,0.0,97,0.37
2025,Bo Melton,WR,GB,0.0,0.0,0.05,0.0,,0.02,0.0,0.02,0.03,0.38,0.04,0.02,0.17,0.17,0.14,0.01,0.36,0.25,96,0.12
2025,James Conner,RB,ARI,0.65,0.55,0.3,0.0,0.0,0.0,0.0,,0.0,0.0,0.0,0.0,0.0,0.0,0.0,0.0,0.0,0.0,93,0.5
2025,Efton Chism,WR,NE,0.0,0.0,0.0,0.0,0.0,0.03,0.15,0.0,0.06,0.03,0.07,0.0,0.03,,0.0,0.0,0.62,0.44,92,0.18
2025,Andre Baccellia,WR,ARI,0.0,0.0,0.0,0.0,0.0,0.0,0.0,,0.0,0.0,0.22,0.19,0.0,0.79,0.15,0.0,0.0,0.0,92,0.32
2025,Savion Williams,WR,GB,0.06,0.16,0.09,0.12,,0.11,0.07,0.19,0.29,0.09,0.04,0.12,0.0,0.0,0.0,0.04,0.0,0.0,91,0.12
2025,Austin Trammell,WR,JAC,0.0,0.0,0.0,0.0,0.0,0.0,0.0,,0.28,0.15,0.21,0.1,0.54,0.08,0.0,0.0,0.0,0.0,91,0.23
2025,Connor Heyward,TE,PIT,0.07,0.15,0.02,0.3,,0.1,0.05,0.02,0.06,0.04,0.08,0.06,0.0,0.1,0.06,0.12,0.09,0.15,90,0.09
2025,Tanner McKee,QB,PHI,0.0,0.0,0.0,0.0,0.0,0.0,0.0,0.07,,0.0,0.0,0.0,0.0,0.0,0.25,0.06,0.0,1.0,89,0.34
2025,D'Wayne Eskridge,WR,MIA,0.27,0.07,0.07,0.07,0.04,0.2,0.29,0.01,0.12,0.0,0.0,,0.05,0.11,0.16,0.08,0.0,0.0,88,0.12
2025,Jakob Johnson,RB,HOU,0.11,0.41,0.21,0.0,0.0,,0.0,0.0,0.0,0.0,0.21,0.19,0.11,0.17,0.0,0.0,0.0,0.0,86,0.19
2025,Jalen Royals,WR,KC,0.0,0.0,0.0,0.19,0.06,0.02,0.2,0.0,0.0,,0.0,0.0,0.0,0.0,0.0,0.07,0.12,0.67,86,0.2
2025,Jahdae Walker,WR,CHI,0.0,0.0,0.0,0.01,,0.0,0.0,0.03,0.04,0.0,0.0,0.0,0.0,0.03,0.0,0.27,0.62,0.36,86,0.18
2025,Ameer Abdullah,RB,IND,0.0,0.0,0.0,0.0,0.08,0.05,0.08,0.19,0.06,0.06,,0.08,0.02,0.24,0.23,0.07,0.09,0.12,86,0.11
2025,Stone Smartt,TE,NYJ,0.0,0.0,0.0,0.02,0.0,0.0,0.0,0.0,,0.04,0.0,0.0,0.03,0.05,0.16,0.3,0.26,0.62,85,0.18
2025,Jaleel McLaughlin,RB,DEN,0.0,0.0,0.0,0.0,0.0,0.1,0.0,0.0,0.0,0.0,0.13,,0.19,0.14,0.13,0.15,0.22,0.22,85,0.16
2025,Keleki Latu,TE,BUF,0.0,0.0,0.0,0.0,0.0,0.0,,0.0,0.0,0.0,0.11,0.12,0.05,0.0,0.0,0.0,0.21,0.68,85,0.24
2025,Derius Davis,WR,LAC,0.12,0.09,0.08,0.0,0.0,0.0,0.03,0.04,0.02,0.07,0.1,,0.01,0.0,0.0,0.0,0.0,0.66,84,0.12
2025,Beaux Collins,WR,NYG,0.03,0.0,0.14,0.28,0.38,0.06,0.08,0.23,0.04,0.0,0.0,0.0,0.0,,0.0,0.0,0.0,0.0,84,0.16
2025,Ben Sims,TE,Multi,0.0,0.0,0.0,0.0,0.0,0.02,0.0,0.0,0.0,0.09,0.0,0.02,0.06,0.3,0.16,0.13,0.26,0.34,84,0.16
2025,Josiah Deguara,TE,ARI,0.0,0.0,0.0,0.0,0.0,0.0,0.14,,0.13,0.05,0.05,0.17,0.05,0.11,0.12,0.14,0.18,0.11,84,0.11
2025,Hassan Haskins,RB,LAC,0.02,0.02,0.08,0.08,0.21,0.31,0.33,0.0,0.0,0.0,0.0,,0.0,0.0,0.0,0.09,0.02,0.04,83,0.12
2025,Moliki Matavao,TE,NO,0.01,0.06,0.0,0.09,0.0,0.0,0.0,0.0,0.0,0.0,,0.0,0.0,0.0,0.0,0.27,0.5,0.35,83,0.2
2025,David Moore,WR,CAR,0.19,0.14,0.97,0.01,0.0,0.0,0.0,0.0,0.0,0.0,0.0,0.0,0.0,,0.0,0.0,0.0,0.0,81,0.29
2025,Marcedes Lewis,TE,DEN,0.0,0.0,0.0,0.0,0.0,0.0,0.0,0.0,0.1,0.33,0.19,,0.0,0.38,0.0,0.0,0.21,0.0,81,0.24
2025,Trayveon Williams,RB,Multi,0.0,0.0,0.0,0.0,0.0,0.0,0.0,0.0,0.0,0.0,0.38,0.0,0.0,0.0,0.33,0.3,0.23,0.21,80,0.29
2025,Jonathan Mingo,WR,DAL,0.0,0.0,0.0,0.0,0.0,0.0,0.0,0.0,0.0,,0.0,0.04,0.0,0.21,0.1,0.36,0.09,0.44,80,0.19
2025,Kenny Pickett,QB,LV,0.0,0.0,0.0,0.0,0.0,0.0,0.14,,0.0,0.03,0.0,0.0,0.0,0.26,1.0,0.0,0.1,0.18,79,0.26
2025,Jawhar Jordan,RB,HOU,0.0,0.0,0.0,0.0,0.0,,0.0,0.0,0.0,0.0,0.0,0.0,0.0,0.0,0.42,0.46,0.17,0.15,79,0.3
2025,Jaydon Blue,RB,DAL,0.0,0.0,0.0,0.0,0.18,0.09,0.22,0.19,0.0,,0.0,0.0,0.0,0.0,0.0,0.0,0.0,0.6,78,0.25
2025,Evan Hull,RB,NO,0.0,0.0,0.0,0.0,0.0,0.0,0.0,0.0,0.0,0.0,,0.0,0.18,0.12,0.32,0.21,0.2,0.12,77,0.19
2025,Khadarel Hodge,WR,ATL,0.11,0.14,0.03,0.0,,0.04,0.06,0.66,0.02,0.03,0.09,0.09,0.0,0.0,0.0,0.0,0.0,0.0,73,0.12
2025,Chosen Anderson,WR,WAS,0.0,0.0,0.0,0.0,0.0,0.0,0.49,0.0,0.0,0.28,0.36,,0.0,0.0,0.0,0.0,0.0,0.0,72,0.38
2025,British Brooks,RB,HOU,0.0,0.0,0.0,0.04,0.16,,0.03,0.14,0.15,0.03,0.0,0.02,0.05,0.0,0.04,0.03,0.05,0.26,71,0.08
2025,DJ Giddens,RB,IND,0.25,0.07,0.14,0.07,0.14,0.03,0.05,0.0,0.0,0.0,,0.0,0.0,0.0,0.0,0.0,0.02,0.31,70,0.12
2025,Austin Ekeler,RB,WAS,0.47,0.52,0.0,0.0,0.0,0.0,0.0,0.0,0.0,0.0,0.0,,0.0,0.0,0.0,0.0,0.0,0.0,69,0.5
2025,Justin Watson,WR,HOU,0.56,0.41,0.0,0.0,0.0,,0.0,0.0,0.0,0.0,0.0,0.0,0.0,0.0,0.0,0.0,0.0,0.19,68,0.38
2025,Mason Kinsey,WR,TEN,0.0,0.0,0.0,0.0,0.0,0.0,0.08,0.08,0.02,,0.56,0.11,0.0,0.05,0.02,0.04,0.11,0.02,68,0.11
2025,Miles Sanders,RB,DAL,0.18,0.22,0.36,0.1,0.0,0.0,0.0,0.0,0.0,,0.0,0.0,0.0,0.0,0.0,0.0,0.0,0.0,65,0.22
2025,Trevor Etienne,RB,CAR,0.03,0.02,0.03,0.16,0.2,0.12,0.06,0.07,0.03,0.0,0.05,0.0,0.08,,0.0,0.02,0.06,0.02,63,0.07
2025,Zamir White,RB,LV,0.14,0.3,0.29,0.0,0.0,0.0,0.0,,0.0,0.0,0.0,0.0,0.0,0.0,0.0,0.0,0.19,0.03,62,0.19
2025,Braxton Berrios,WR,HOU,0.0,0.0,0.0,0.0,0.0,,0.47,0.29,0.0,0.01,0.0,0.0,0.0,0.0,0.0,0.0,0.0,0.0,60,0.26
2025,Jelani Woods,TE,NYJ,0.0,0.0,0.0,0.0,0.0,0.0,0.0,0.01,,0.0,0.0,0.0,0.0,0.0,0.35,0.2,0.35,0.0,60,0.22
2025,Raheim Sanders,RB,CLE,0.04,0.0,0.0,0.0,0.0,0.0,0.0,0.0,,0.0,0.0,0.0,0.0,0.0,0.0,0.3,0.42,0.27,59,0.24
2025,Pharaoh Brown,TE,ARI,0.0,0.0,0.0,0.0,0.0,0.0,0.0,,0.0,0.0,0.14,0.1,0.11,0.05,0.17,0.12,0.0,0.22,59,0.13
2025,Clayton Tune,QB,GB,0.0,0.0,0.0,0.0,,0.0,0.0,0.0,0.0,0.0,0.0,0.0,0.0,0.0,0.0,0.0,0.17,1.0,59,0.6
2025,Braelon Allen,RB,NYJ,0.31,0.19,0.33,0.1,0.0,0.0,0.0,0.0,,0.0,0.0,0.0,0.0,0.0,0.0,0.0,0.0,0.0,58,0.24
2025,LaJohntay Wester,WR,BAL,0.0,0.05,0.0,0.04,0.09,0.03,,0.0,0.04,0.01,0.1,0.02,0.08,0.06,0.22,0.04,0.09,0.18,58,0.07
2025,Anthony Gould,WR,IND,0.0,0.0,0.05,0.0,0.11,0.03,0.65,0.06,0.0,0.0,,0.0,0.0,0.06,0.0,0.0,0.0,0.0,58,0.16
2025,Brady Russell,TE,SEA,0.0,0.0,0.12,0.11,0.03,0.16,0.21,,0.02,0.08,0.0,0.02,0.01,0.02,0.08,0.0,0.0,0.06,58,0.08
2025,Giovanni Ricci,TE,DET,0.0,0.0,0.0,0.0,0.0,0.0,0.0,,0.0,0.0,0.0,0.0,0.0,0.0,0.19,0.19,0.5,0.0,58,0.29
2025,Devin Culp,TE,TB,0.0,0.0,0.0,0.0,0.08,0.06,0.04,0.03,,0.07,0.06,0.06,0.08,0.07,0.29,0.0,0.0,0.0,56,0.09
2025,Nick Vannett,TE,Multi,0.0,0.0,0.0,0.04,0.02,0.0,0.0,0.0,0.44,0.0,0.0,0.0,0.0,0.16,0.0,0.0,0.0,0.17,55,0.16
2025,Theo Wease,WR,MIA,0.0,0.0,0.0,0.0,0.0,0.0,0.0,0.0,0.0,0.0,0.0,,0.0,0.0,0.0,0.36,0.27,0.34,55,0.32
2025,Lucas Krull,TE,DEN,0.29,0.16,0.42,0.0,0.0,0.0,0.0,0.0,0.0,0.0,0.0,,0.0,0.0,0.0,0.0,0.0,0.0,53,0.28
2025,Dareke Young,WR,SEA,0.0,0.12,0.28,0.03,0.07,0.05,0.01,,0.0,0.0,0.0,0.0,0.0,0.0,0.0,0.0,0.17,0.12,53,0.1
2025,Antonio Gibson,RB,NE,0.07,0.17,0.26,0.18,0.15,0.0,0.0,0.0,0.0,0.0,0.0,0.0,0.0,,0.0,0.0,0.0,0.0,52,0.17
2025,Drake Dabney,TE,GB,0.0,0.0,0.0,0.0,,0.0,0.0,0.0,0.0,0.0,0.0,0.0,0.0,0.0,0.0,0.0,0.15,0.88,52,0.53
2025,Kaleb Johnson,RB,PIT,0.04,0.03,0.0,0.21,,0.19,0.0,0.0,0.08,0.08,0.12,0.0,0.07,0.06,0.03,0.0,0.0,0.0,51,0.09
2025,Joe Milton,QB,DAL,0.0,0.0,0.14,0.0,0.0,0.0,0.0,0.12,0.0,,0.0,0.0,0.0,0.0,0.0,0.09,0.0,0.49,51,0.2
2025,Aidan O'Connell,QB,LV,0.0,0.0,0.0,0.0,0.0,0.0,0.0,,0.0,0.0,0.0,0.0,0.0,0.0,0.0,0.0,0.0,0.82,51,0.82
2025,AJ Dillon,RB,PHI,0.13,0.17,0.07,0.14,0.15,0.14,0.0,0.0,,0.0,0.0,0.0,0.0,0.0,0.0,0.0,0.0,0.03,50,0.12
2025,Khalil Herbert,RB,NYJ,0.0,0.0,0.0,0.0,0.0,0.0,0.0,0.0,,0.0,0.0,0.0,0.0,0.0,0.07,0.0,0.21,0.67,50,0.28
2025,Alex Bachman,WR,LV,0.03,0.01,0.06,0.0,0.12,0.05,0.06,,0.0,0.03,0.0,0.03,0.0,0.0,0.0,0.17,0.2,0.06,49,0.07
2025,Brandon Allen,QB,TEN,0.0,0.0,0.0,0.0,0.0,0.0,0.0,0.0,0.0,,0.0,0.0,0.0,0.0,0.0,0.0,0.0,0.91,49,0.91
2025,Tom Kennedy,WR,DET,0.0,0.0,0.0,0.0,0.0,0.0,0.0,,0.0,0.0,0.0,0.0,0.65,0.08,0.0,0.01,0.0,0.01,48,0.18
2025,Jakobie Keeney-James,WR,GB,0.0,0.0,0.0,0.0,,0.0,0.0,0.0,0.0,0.0,0.0,0.0,0.0,0.0,0.0,0.0,0.0,0.94,48,0.94
2025,Tahj Brooks,RB,CIN,0.0,0.0,0.18,0.0,0.0,0.0,0.0,0.0,0.04,,0.11,0.14,0.0,0.0,0.01,0.1,0.14,0.0,47,0.1
2025,James Mitchell,TE,CAR,0.0,0.0,0.0,0.25,0.19,0.15,0.0,0.0,0.0,0.0,0.0,0.0,0.05,,0.0,0.0,0.0,0.08,47,0.15
2025,Tai Felton,WR,MIN,0.0,0.0,0.2,0.0,0.0,,0.0,0.12,0.0,0.0,0.0,0.0,0.0,0.17,0.02,0.11,0.0,0.13,46,0.13
2025,D'Ernest Johnson,RB,Multi,0.0,0.0,0.0,0.0,0.0,0.0,0.18,0.0,0.0,0.1,0.12,0.0,0.0,0.0,0.0,0.01,0.12,0.15,46,0.11
2025,Tahj Washington,WR,MIA,0.0,0.0,0.0,0.0,0.05,0.0,0.0,0.0,0.14,0.09,0.04,,0.0,0.0,0.0,0.0,0.09,0.38,45,0.13
2025,Carter Runyon,TE,LV,0.0,0.0,0.0,0.0,0.09,0.03,0.14,,0.0,0.0,0.02,0.09,0.12,0.1,0.0,0.07,0.02,0.13,45,0.08
2025,Joshua Dobbs,QB,NE,0.0,0.0,0.0,0.12,0.0,0.0,0.15,0.0,0.0,0.0,0.0,0.0,0.0,,0.0,0.0,0.21,0.24,44,0.18
2025,Najee Harris,RB,LAC,0.18,0.34,0.13,0.0,0.0,0.0,0.0,0.0,0.0,0.0,0.0,,0.0,0.0,0.0,0.0,0.0,0.0,43,0.21
2025,Ty Chandler,RB,MIN,0.0,0.0,0.0,0.0,0.0,,0.0,0.0,0.0,0.0,0.0,0.0,0.0,0.0,0.0,0.0,0.24,0.43,42,0.35
2025,Gardner Minshew,QB,KC,0.0,0.0,0.0,0.08,0.0,0.0,0.2,0.0,0.0,,0.0,0.0,0.0,0.0,0.08,0.31,0.0,0.0,41,0.16
2025,Julius Chestnut,RB,TEN,0.11,0.11,0.09,0.14,0.04,0.02,0.0,0.03,0.0,,0.0,0.07,0.0,0.0,0.02,0.03,0.0,0.0,40,0.06
2025,Devin Duvernay,WR,CHI,0.0,0.0,0.0,0.0,,0.0,0.0,0.16,0.03,0.0,0.0,0.0,0.0,0.01,0.15,0.09,0.17,0.0,40,0.1
2025,Britain Covey,WR,PHI,0.0,0.0,0.0,0.0,0.0,0.0,0.0,0.0,,0.0,0.0,0.0,0.0,0.0,0.06,0.01,0.0,0.55,40,0.2
2025,Terrell Jennings,RB,NE,0.0,0.0,0.0,0.0,0.0,0.0,0.14,0.07,0.25,0.08,0.0,0.04,0.0,,0.0,0.0,0.0,0.0,39,0.12
2025,Hayden Rucci,TE,MIA,0.0,0.0,0.0,0.0,0.0,0.0,0.0,0.16,0.06,0.42,0.04,,0.0,0.0,0.0,0.0,0.0,0.0,39,0.16
2025,Drew Lock,QB,SEA,0.0,0.0,0.32,0.0,0.0,0.0,0.0,,0.06,0.1,0.0,0.0,0.04,0.13,0.0,0.0,0.0,0.0,38,0.13
2025,Ronnie Bell,WR,NO,0.0,0.0,0.0,0.0,0.0,0.0,0.0,0.0,0.0,0.0,,0.0,0.0,0.0,0.0,0.0,0.04,0.53,38,0.31
2025,Simi Fehoko,WR,ARI,0.0,0.0,0.0,0.0,0.06,0.12,0.01,,0.03,0.28,0.0,0.0,0.0,0.0,0.0,0.0,0.0,0.0,37,0.1
2025,George Holani,RB,SEA,0.0,0.0,0.35,0.0,0.0,0.0,0.0,,0.06,0.18,0.02,0.0,0.0,0.0,0.0,0.0,0.0,0.0,36,0.14
2025,Nick Mullens,QB,JAC,0.0,0.0,0.0,0.0,0.0,0.0,0.0,,0.0,0.0,0.11,0.0,0.05,0.09,0.13,0.0,0.0,0.18,36,0.11
2025,Laquon Treadwell,WR,IND,0.0,0.0,0.0,0.0,0.0,0.0,0.0,0.0,0.0,0.0,,0.02,0.13,0.2,0.07,0.07,0.02,0.08,36,0.09
2025,Tyler Goodson,RB,IND,0.0,0.0,0.07,0.07,0.0,0.0,0.0,0.08,0.14,0.03,,0.02,0.0,0.01,0.0,0.08,0.0,0.05,35,0.06
2025,Teddy Bridgewater,QB,TB,0.0,0.0,0.0,0.0,0.0,0.0,0.01,0.03,,0.0,0.01,0.44,0.0,0.0,0.0,0.0,0.0,0.0,35,0.13
2025,Jared Wayne,WR,HOU,0.0,0.0,0.0,0.0,0.0,,0.0,0.44,0.0,0.0,0.0,0.0,0.0,0.0,0.0,0.0,0.0,0.0,35,0.44
2025,Travis Vokolek,TE,ARI,0.05,0.33,0.0,0.0,0.16,0.0,0.0,,0.0,0.0,0.0,0.0,0.0,0.0,0.0,0.0,0.0,0.0,32,0.17
2025,Nikko Remigio,WR,KC,0.02,0.03,0.07,0.05,0.0,0.02,0.15,0.01,0.0,,0.0,0.0,0.0,0.0,0.02,0.09,0.0,0.0,31,0.05
2025,Albert Okwuegbunam,TE,LV,0.0,0.0,0.0,0.0,0.46,0.0,0.0,,0.0,0.0,0.0,0.0,0.0,0.0,0.0,0.0,0.0,0.0,31,0.46
2025,Bryce Oliver,WR,TEN,0.05,0.12,0.0,0.0,0.0,0.0,0.0,0.0,0.0,,0.0,0.0,0.0,0.0,0.0,0.0,0.0,0.35,30,0.17
2025,Tay Martin,WR,WAS,0.0,0.0,0.0,0.16,0.24,0.11,0.0,0.0,0.0,0.0,0.0,,0.0,0.0,0.0,0.0,0.0,0.0,30,0.17
2025,Xavier Restrepo,WR,TEN,0.0,0.0,0.0,0.0,0.0,0.0,0.0,0.0,0.0,,0.0,0.25,0.19,0.0,0.0,0.0,0.0,0.0,30,0.22
2025,Corey Kiner,RB,ARI,0.0,0.0,0.0,0.0,0.0,0.0,0.0,,0.0,0.0,0.0,0.0,0.0,0.0,0.08,0.16,0.04,0.25,30,0.13
2025,Ko Kieft,TE,TB,0.14,0.06,0.22,0.0,0.0,0.0,0.0,0.0,,0.0,0.0,0.0,0.0,0.0,0.0,0.0,0.0,0.0,29,0.14
2025,Sal Cannella,TE,CLE,0.0,0.0,0.0,0.0,0.0,0.0,0.0,0.0,,0.0,0.0,0.0,0.0,0.0,0.0,0.0,0.35,0.21,29,0.28
2025,Shane Buechele,QB,KC,0.0,0.0,0.0,0.0,0.0,0.0,0.0,0.0,0.0,,0.0,0.0,0.0,0.0,0.0,0.0,0.0,0.45,29,0.45
2025,Russell Gage,WR,SF,0.37,0.0,0.0,0.0,0.0,0.0,0.0,0.0,0.0,0.0,0.0,0.0,0.0,,0.0,0.0,0.0,0.0,28,0.37
2025,Dameon Pierce,RB,Multi,0.11,0.0,0.0,0.0,0.23,0.0,0.0,0.0,0.0,0.0,0.0,0.0,0.0,0.0,0.0,0.0,0.0,0.08,28,0.14
2025,Cam Grandy,TE,CIN,0.0,0.0,0.21,0.08,0.0,0.0,0.08,0.0,0.0,,0.0,0.0,0.0,0.0,0.01,0.08,0.0,0.0,28,0.09
2025,Kene Nwangwu,RB,NYJ,0.0,0.0,0.0,0.0,0.0,0.0,0.02,0.0,,0.0,0.0,0.0,0.0,0.0,0.0,0.0,0.18,0.33,28,0.16
2025,Jared Wiley,TE,KC,0.0,0.0,0.0,0.0,0.0,0.0,0.0,0.0,0.0,,0.0,0.0,0.14,0.0,0.0,0.04,0.12,0.19,28,0.13
2025,Dylan Laube,RB,LV,0.0,0.17,0.11,0.0,0.0,0.0,0.14,,0.0,0.0,0.02,0.0,0.0,0.0,0.05,0.0,0.0,0.0,27,0.1
2025,Jason Brownlee,WR,KC,0.1,0.13,0.1,0.0,0.0,0.0,0.0,0.0,0.0,,0.0,0.0,0.0,0.0,0.0,0.0,0.0,0.08,26,0.1
2025,Zach Wilson,QB,MIA,0.19,0.0,0.0,0.0,0.0,0.0,0.0,0.1,0.0,0.0,0.0,,0.0,0.11,0.0,0.0,0.0,0.05,26,0.11
2025,Tim Jones,WR,Multi,0.05,0.06,0.0,0.0,0.0,0.0,0.0,0.0,0.19,0.08,0.0,0.0,0.0,0.0,0.0,0.0,0.0,0.0,26,0.11
2025,DeeJay Dallas,RB,Multi,0.0,0.0,0.0,0.0,0.17,0.06,0.0,0.0,0.0,0.0,0.0,0.0,0.0,0.0,0.0,0.0,0.14,0.0,26,0.13
2025,Jordan Watkins,WR,SF,0.0,0.0,0.0,0.0,0.0,0.0,0.0,0.12,0.12,0.05,0.0,0.0,0.0,,0.0,0.12,0.0,0.0,25,0.1
2025,Ke'Shawn Williams,WR,Multi,0.0,0.0,0.0,0.0,0.0,0.02,0.0,0.02,0.03,0.0,0.0,0.0,0.12,0.0,0.0,0.07,0.1,0.03,23,0.05
2025,Shedrick Jackson,WR,LV,0.0,0.0,0.0,0.0,0.0,0.0,0.09,,0.0,0.0,0.0,0.0,0.0,0.04,0.1,0.0,0.14,0.08,22,0.09
2025,Deven Thompkins,WR,ATL,0.0,0.0,0.0,0.0,,0.0,0.0,0.0,0.0,0.0,0.0,0.0,0.13,0.09,0.0,0.03,0.0,0.08,22,0.08
2025,Charlie Jones,WR,CIN,0.0,0.01,0.05,0.0,0.0,0.0,0.0,0.0,0.0,,0.0,0.17,0.04,0.03,0.0,0.0,0.0,0.0,20,0.06
2025,CJ Dippre,TE,NE,0.0,0.0,0.0,0.0,0.0,0.0,0.0,0.0,0.0,0.0,0.0,0.0,0.0,,0.0,0.0,0.12,0.2,20,0.16
2025,Ronnie Rivers,RB,LAR,0.0,0.0,0.0,0.0,0.0,0.0,0.01,,0.0,0.0,0.0,0.0,0.0,0.17,0.0,0.0,0.05,0.04,19,0.07
2025,Clyde Edwards-Helaire,RB,KC,0.0,0.0,0.0,0.0,0.0,0.0,0.0,0.0,0.03,,0.0,0.18,0.0,0.0,0.0,0.0,0.0,0.0,19,0.12
2025,Jimmy Garoppolo,QB,LAR,0.0,0.0,0.0,0.0,0.0,0.0,0.04,,0.0,0.0,0.0,0.0,0.0,0.17,0.0,0.0,0.0,0.04,18,0.08
2025,Myles Price,WR,MIN,0.0,0.0,0.17,0.0,0.0,,0.0,0.0,0.0,0.0,0.0,0.0,0.02,0.05,0.02,0.03,0.0,0.0,17,0.06
2025,Malik Turner,WR,SF,0.0,0.0,0.02,0.0,0.07,0.0,0.15,0.0,0.0,0.0,0.0,0.0,0.0,,0.0,0.0,0.0,0.0,17,0.08
2025,Kyle Allen,QB,DET,0.0,0.05,0.0,0.07,0.0,0.0,0.0,,0.0,0.13,0.0,0.0,0.0,0.0,0.0,0.0,0.0,0.0,16,0.08
2025,Treyton Welch,TE,NO,0.0,0.0,0.05,0.0,0.0,0.0,0.0,0.0,0.0,0.0,,0.0,0.0,0.0,0.0,0.0,0.09,0.1,16,0.08
2025,Will Mallory,TE,IND,0.0,0.0,0.0,0.0,0.08,0.0,0.0,0.0,0.0,0.0,,0.0,0.0,0.0,0.0,0.0,0.19,0.0,16,0.13
2025,Michael Bandy,WR,DEN,0.0,0.0,0.0,0.0,0.0,0.0,0.0,0.0,0.1,0.02,0.0,,0.0,0.0,0.03,0.0,0.1,0.0,16,0.06
2025,Dalen Cambre,WR,NYG,0.0,0.0,0.0,0.0,0.0,0.0,0.0,0.0,0.0,0.0,0.0,0.01,0.04,,0.03,0.0,0.06,0.09,16,0.05
2025,Quentin Skinner,WR,NYJ,0.0,0.0,0.0,0.0,0.0,0.0,0.0,0.0,,0.0,0.0,0.0,0.0,0.0,0.0,0.0,0.0,0.33,16,0.33
2025,Feleipe Franks,QB,ATL,0.01,0.0,0.0,0.05,,0.04,0.0,0.0,0.0,0.0,0.0,0.05,0.01,0.0,0.0,0.03,0.0,0.03,15,0.03
2025,Brittain Brown,RB,CHI,0.0,0.0,0.0,0.0,,0.0,0.0,0.0,0.18,0.0,0.0,0.0,0.0,0.0,0.02,0.0,0.0,0.0,15,0.1
2025,Tyson Bagent,QB,CHI,0.0,0.16,0.0,0.0,,0.0,0.0,0.0,0.01,0.0,0.03,0.0,0.0,0.0,0.0,0.0,0.0,0.0,14,0.06
2025,Dominic Lovett,WR,DET,0.0,0.05,0.01,0.02,0.03,0.0,0.0,,0.0,0.06,0.02,0.0,0.0,0.03,0.0,0.0,0.0,0.0,14,0.03
2025,Anthony Richardson,QB,IND,0.0,0.0,0.12,0.0,0.11,0.0,0.0,0.0,0.0,0.0,,0.0,0.0,0.0,0.0,0.0,0.0,0.0,14,0.11
2025,Stephen Carlson,TE,CHI,0.0,0.0,0.0,0.15,,0.0,0.0,0.06,0.0,0.0,0.0,0.0,0.0,0.0,0.0,0.0,0.0,0.0,14,0.11
2025,Thomas Fidone,TE,NYG,0.0,0.0,0.0,0.0,0.0,0.0,0.04,0.0,0.19,0.0,0.0,0.0,0.0,,0.0,0.0,0.0,0.0,14,0.1
2025,Brayden Willis,TE,SF,0.0,0.08,0.02,0.03,0.02,0.01,0.0,0.0,0.0,0.0,0.0,0.0,0.0,,0.0,0.0,0.01,0.0,13,0.03
2025,Ricky White,WR,SEA,0.0,0.0,0.0,0.0,0.0,0.0,0.0,,0.14,0.1,0.0,0.0,0.0,0.0,0.0,0.0,0.0,0.0,13,0.12
2025,Nathan Carter,RB,ATL,0.0,0.02,0.11,0.0,,0.0,0.0,0.04,0.0,0.0,0.0,0.0,0.0,0.0,0.0,0.0,0.0,0.03,12,0.05
2025,Kalel Mullings,RB,TEN,0.0,0.0,0.0,0.0,0.0,0.0,0.0,0.0,0.0,,0.0,0.0,0.07,0.0,0.04,0.07,0.01,0.0,12,0.05
2025,Chris Blair,WR,ATL,0.0,0.0,0.0,0.0,,0.0,0.0,0.0,0.0,0.0,0.0,0.0,0.0,0.0,0.04,0.12,0.0,0.0,12,0.08
2025,Steven Sims,WR,ARI,0.0,0.0,0.0,0.0,0.0,0.0,0.0,,0.0,0.0,0.0,0.0,0.0,0.0,0.0,0.12,0.05,0.04,12,0.07
2025,EJ Jenkins,TE,PHI,0.0,0.0,0.0,0.0,0.0,0.0,0.1,0.0,,0.0,0.0,0.0,0.0,0.0,0.0,0.09,0.0,0.0,11,0.09
2025,Zach Horton,TE,DET,0.0,0.0,0.0,0.0,0.0,0.0,0.0,,0.0,0.0,0.0,0.0,0.13,0.0,0.0,0.0,0.0,0.04,11,0.08
2025,Samori Toure,WR,NO,0.0,0.0,0.0,0.0,0.0,0.0,0.0,0.0,0.0,0.0,,0.0,0.0,0.0,0.0,0.0,0.0,0.15,10,0.15
2025,Phil Mafah,RB,DAL,0.0,0.0,0.0,0.0,0.0,0.0,0.0,0.0,0.0,,0.0,0.0,0.0,0.0,0.0,0.0,0.0,0.18,10,0.18
2025,Cam Akers,RB,Multi,0.0,0.0,0.12,0.0,0.02,0.0,0.0,0.0,0.0,0.0,0.0,0.0,0.0,0.0,0.0,0.0,0.0,0.01,9,0.05
2025,Velus Jones,WR,Multi,0.0,0.0,0.0,0.01,0.02,0.0,0.0,0.0,0.0,0.0,0.0,0.0,0.0,0.1,0.02,0.0,0.0,0.0,9,0.04
2025,Dalevon Campbell,WR,CAR,0.0,0.0,0.0,0.13,0.0,0.0,0.0,0.0,0.0,0.0,0.0,0.0,0.0,,0.0,0.0,0.0,0.0,9,0.13
2025,Xavier Gipson,WR,Multi,0.0,0.0,0.0,0.0,0.0,0.0,0.0,0.08,0.0,0.02,0.0,0.05,0.0,0.0,0.0,0.0,0.0,0.0,9,0.05
2025,Jeff Wilson,RB,MIA,0.04,0.0,0.0,0.0,0.0,0.0,0.0,0.0,0.0,0.0,0.0,,0.0,0.0,0.0,0.0,0.0,0.11,8,0.08
2025,Jacob Saylors,RB,DET,0.0,0.0,0.01,0.07,0.0,0.0,0.0,,0.0,0.0,0.02,0.0,0.0,0.03,0.0,0.0,0.0,0.0,8,0.03
2025,Jalen Moreno-Cropper,WR,DAL,0.0,0.0,0.0,0.01,0.1,0.02,0.0,0.0,0.0,,0.0,0.0,0.0,0.0,0.0,0.0,0.0,0.0,8,0.04
2025,Josh Williams,RB,TB,0.0,0.0,0.0,0.0,0.03,0.0,0.0,0.1,,0.0,0.0,0.0,0.0,0.0,0.0,0.0,0.0,0.0,8,0.07
2025,Brandon Smith,WR,NYJ,0.0,0.0,0.0,0.0,0.0,0.0,0.0,0.11,,0.0,0.0,0.0,0.0,0.0,0.0,0.0,0.0,0.0,8,0.11
2025,Sean McKeon,TE,IND,0.0,0.0,0.0,0.0,0.0,0.0,0.0,0.0,0.0,0.0,,0.0,0.0,0.0,0.0,0.0,0.0,0.12,8,0.12
2025,Owen Wright,RB,TB,0.0,0.0,0.0,0.0,0.0,0.02,0.0,0.0,,0.0,0.01,0.07,0.0,0.0,0.0,0.0,0.0,0.0,7,0.04
2025,Ja'Corey Brooks,WR,WAS,0.0,0.0,0.0,0.0,0.0,0.11,0.0,0.0,0.0,0.0,0.0,,0.0,0.0,0.0,0.0,0.0,0.0,7,0.11
2025,Elijah Mitchell,RB,KC,0.0,0.0,0.0,0.0,0.0,0.0,0.0,0.0,0.0,,0.1,0.0,0.0,0.0,0.0,0.0,0.0,0.0,7,0.1
2025,Zach Davidson,TE,NYG,0.0,0.0,0.0,0.0,0.0,0.0,0.0,0.0,0.0,0.0,0.0,0.0,0.0,,0.0,0.0,0.11,0.0,7,0.11
2025,River Cracraft,WR,WAS,0.0,0.0,0.0,0.0,0.0,0.0,0.0,0.0,0.0,0.0,0.0,,0.0,0.0,0.0,0.0,0.0,0.1,7,0.1
2025,Travis Homer,RB,CHI,0.0,0.0,0.0,0.0,,0.0,0.0,0.0,0.06,0.0,0.01,0.0,0.0,0.0,0.0,0.0,0.0,0.0,6,0.04
2025,Jacardia Wright,RB,SEA,0.0,0.0,0.09,0.0,0.0,0.0,0.0,,0.0,0.0,0.0,0.0,0.0,0.0,0.0,0.0,0.0,0.0,5,0.09
2025,Justin Shorter,WR,LV,0.0,0.0,0.03,0.0,0.0,0.03,0.03,,0.0,0.0,0.0,0.0,0.0,0.0,0.0,0.0,0.0,0.0,5,0.03
2025,Jackson Meeks,WR,DET,0.0,0.0,0.0,0.07,0.0,0.0,0.0,,0.0,0.0,0.02,0.0,0.0,0.0,0.0,0.0,0.0,0.0,5,0.04
2025,Nyheim Hines,RB,Multi,0.0,0.0,0.0,0.0,0.0,0.0,0.01,0.05,0.0,0.0,0.0,0.0,0.0,0.0,0.0,0.0,0.0,0.0,5,0.03
2025,Kedon Slovis,QB,ARI,0.0,0.0,0.0,0.0,0.0,0.0,0.0,,0.0,0.04,0.0,0.02,0.0,0.0,0.0,0.0,0.0,0.0,5,0.03
2025,Craig Reynolds,RB,DET,0.0,0.05,0.0,0.0,0.0,0.0,0.0,,0.0,0.01,0.0,0.0,0.0,0.0,0.0,0.0,0.0,0.0,4,0.03
2025,Roschon Johnson,RB,CHI,0.0,0.0,0.0,0.0,,0.05,0.01,0.0,0.0,0.0,0.0,0.0,0.0,0.0,0.0,0.0,0.0,0.0,4,0.03
2025,Jarrett Stidham,QB,DEN,0.0,0.0,0.0,0.0,0.0,0.0,0.0,0.06,0.0,0.0,0.0,,0.0,0.0,0.0,0.0,0.0,0.0,4,0.06
2025,Dan Chisena,WR,CAR,0.0,0.0,0.0,0.0,0.0,0.0,0.0,0.0,0.0,0.08,0.0,0.0,0.0,,0.0,0.0,0.0,0.0,4,0.08
2025,Amar Johnson,RB,LAC,0.0,0.0,0.0,0.0,0.0,0.0,0.0,0.0,0.0,0.0,0.08,,0.0,0.0,0.0,0.0,0.0,0.0,4,0.08
2025,Kendall Milton,RB,CIN,0.0,0.0,0.0,0.0,0.0,0.0,0.0,0.0,0.0,,0.06,0.0,0.0,0.0,0.0,0.0,0.0,0.0,4,0.06
2025,Mecole Hardman,WR,BUF,0.0,0.0,0.0,0.0,0.0,0.0,,0.0,0.0,0.0,0.07,0.0,0.0,0.0,0.0,0.0,0.0,0.0,4,0.07
2025,Tejhaun Palmer,WR,ARI,0.0,0.0,0.0,0.0,0.0,0.0,0.0,,0.0,0.0,0.0,0.0,0.0,0.0,0.0,0.0,0.0,0.07,4,0.07
2025,Jalen Milroe,QB,SEA,0.02,0.0,0.02,0.0,0.02,0.0,0.0,,0.0,0.0,0.0,0.0,0.0,0.0,0.0,0.0,0.0,0.0,3,0.02
2025,Brett Rypien,QB,CIN,0.0,0.0,0.05,0.0,0.0,0.0,0.0,0.0,0.0,,0.0,0.0,0.0,0.0,0.0,0.0,0.0,0.0,3,0.05
2025,Myles Gaskin,RB,SEA,0.0,0.0,0.0,0.0,0.0,0.0,0.0,,0.0,0.0,0.0,0.0,0.04,0.0,0.0,0.0,0.0,0.0,3,0.04
2025,Jordan James,RB,SF,0.0,0.0,0.0,0.0,0.0,0.0,0.0,0.0,0.0,0.0,0.0,0.0,0.0,,0.0,0.05,0.0,0.0,3,0.05
2025,Eric Gray,RB,NYG,0.0,0.0,0.0,0.0,0.0,0.0,0.0,0.0,0.0,0.0,0.0,0.0,0.0,,0.0,0.0,0.05,0.0,3,0.05
2025,Ulysses Bentley,RB,IND,0.03,0.0,0.0,0.0,0.0,0.0,0.0,0.0,0.0,0.0,,0.0,0.0,0.0,0.0,0.0,0.0,0.0,2,0.03
2025,Parris Campbell,WR,DAL,0.0,0.0,0.0,0.0,0.0,0.04,0.0,0.0,0.0,,0.0,0.0,0.0,0.0,0.0,0.0,0.0,0.0,2,0.04
2025,Jamal Agnew,WR,ATL,0.0,0.0,0.0,0.0,,0.0,0.0,0.02,0.0,0.0,0.0,0.0,0.0,0.0,0.0,0.0,0.0,0.0,1,0.02
2025,Adrian Martinez,QB,SF,0.0,0.0,0.0,0.0,0.0,0.0,0.0,0.0,0.02,0.0,0.0,0.0,0.0,,0.0,0.0,0.0,0.0,1,0.02
2025,Trey Sermon,RB,PIT,0.0,0.0,0.0,0.0,,0.0,0.0,0.0,0.02,0.0,0.0,0.0,0.0,0.0,0.0,0.0,0.0,0.0,1,0.02
2025,Sione Vaki,RB,DET,0.0,0.0,0.0,0.0,0.0,0.0,0.0,,0.0,0.01,0.0,0.0,0.0,0.0,0.0,0.0,0.0,0.0,1,0.01
2025,Kaden Davis,WR,CLE,0.0,0.0,0.0,0.0,0.0,0.0,0.0,0.0,,0.0,0.02,0.0,0.0,0.0,0.0,0.0,0.0,0.0,1,0.02
2025,Malik Cunningham,QB,DET,0.0,0.0,0.0,0.0,0.0,0.0,0.0,,0.0,0.0,0.0,0.0,0.0,0.02,0.0,0.0,0.0,0.0,1,0.02
2025,Coleman Owen,WR,IND,0.0,0.0,0.0,0.0,0.0,0.0,0.0,0.0,0.0,0.0,,0.0,0.0,0.0,0.0,0.02,0.0,0.0,1,0.02
2025,Lawrence Cager,WR,WAS,0.0,0.0,0.0,0.0,0.0,0.0,0.0,0.0,0.0,0.0,0.0,,0.0,0.0,0.0,0.02,0.0,0.0,1,0.02
2025,Maurice Alexander,WR,CHI,0.0,0.0,0.0,0.0,,0.0,0.0,0.0,0.0,0.0,0.0,0.0,0.0,0.0,0.0,0.02,0.0,0.0,1,0.02
2025,Chase Edmonds,RB,WAS,0.0,0.0,0.0,0.0,0.0,0.0,0.0,0.0,0.0,0.0,0.0,,0.0,0.0,0.0,0.0,0.02,0.0,1,0.02
2025,Jimmy Holiday,WR,KC,0.0,0.0,0.0,0.0,0.0,0.0,0.0,0.0,0.0,,0.0,0.0,0.0,0.0,0.0,0.0,0.0,0.02,1,0.02
