SznWkPlPos,SznPlPos,PlPos,Season,Week,sunDate,Player,Pos,NFL,Opp,OpRk,PaCmp,PaAtt,PaYd,PaTD,PaInt,RuAtt,RuYd,RuTD,RuFD,Tar,Rec,ReYd,ReTD,ReFD,FL,FPts,PosRk,PPFD,PPR,hPPR,STD,Pa20,Pa40,Ru20,Re20,Re40,TmTar,TotYd,ScrimYd,PaRuYd
2026_1_MacHippenhammer_WR,2026_MacHippenhammer_WR,MacHippenhammer_WR,2026,1,2026-09-13,Mac Hippenhammer,WR,CIN,TB,18,0.0,0.0,0.0,0.0,0.0,0.0,0.0,0.0,0.0,0.0,0.0,0.0,0.0,0.0,0.0,0,1,0,0.0,0.0,0.0,0.0,0.0,0.0,0.0,0.0,0.0,0.0,0.0,0.0
2026_1_RaheimSanders_RB,2026_RaheimSanders_RB,RaheimSanders_RB,2026,1,2026-09-13,Raheim Sanders,RB,CLE,@JAC,1,0.0,0.0,0.0,0.0,0.0,0.0,0.0,0.0,0.0,0.0,0.0,0.0,0.0,0.0,0.0,0,1,0,0.0,0.0,0.0,0.0,0.0,0.0,0.0,0.0,0.0,0.0,0.0,0.0
2026_1_TravisKoontz_TE,2026_TravisKoontz_TE,TravisKoontz_TE,2026,1,2026-09-13,Travis Koontz,TE,LV,MIA,29,0.0,0.0,0.0,0.0,0.0,0.0,0.0,0.0,0.0,0.0,0.0,0.0,0.0,0.0,0.0,0,1,0,0.0,0.0,0.0,0.0,0.0,0.0,0.0,0.0,0.0,0.0,0.0,0.0
2026_1_JalenBrooks_WR,2026_JalenBrooks_WR,JalenBrooks_WR,2026,1,2026-09-13,Jalen Brooks,WR,ARI,@LAC,3,0.0,0.0,0.0,0.0,0.0,0.0,0.0,0.0,0.0,0.0,0.0,0.0,0.0,0.0,0.0,0,2,0,0.0,0.0,0.0,0.0,0.0,0.0,0.0,0.0,0.0,0.0,0.0,0.0
2026_1_FelixHarper_QB,2026_FelixHarper_QB,FelixHarper_QB,2026,1,2026-09-13,Felix Harper,QB,CLE,@JAC,19,0.0,0.0,0.0,0.0,0.0,0.0,0.0,0.0,0.0,0.0,0.0,0.0,0.0,0.0,0.0,0,1,0,0.0,0.0,0.0,0.0,0.0,0.0,0.0,0.0,0.0,0.0,0.0,0.0
2026_1_JoeFlacco_QB,2026_JoeFlacco_QB,JoeFlacco_QB,2026,1,2026-09-13,Joe Flacco,QB,CIN,TB,29,0.0,0.0,0.0,0.0,0.0,0.0,0.0,0.0,0.0,0.0,0.0,0.0,0.0,0.0,0.0,0,2,0,0.0,0.0,0.0,0.0,0.0,0.0,0.0,0.0,0.0,0.0,0.0,0.0
2026_1_JeffWeimer_WR,2026_JeffWeimer_WR,JeffWeimer_WR,2026,1,2026-09-13,Jeff Weimer,WR,KC,DEN,2,0.0,0.0,0.0,0.0,0.0,0.0,0.0,0.0,0.0,0.0,0.0,0.0,0.0,0.0,0.0,0,3,0,0.0,0.0,0.0,0.0,0.0,0.0,0.0,0.0,0.0,0.0,0.0,0.0
2026_1_JuJuSmith-Schuster_WR,2026_JuJuSmith-Schuster_WR,JuJuSmith-Schuster_WR,2026,1,2026-09-13,JuJu Smith-Schuster,WR,NYG,DAL,32,0.0,0.0,0.0,0.0,0.0,0.0,0.0,0.0,0.0,0.0,0.0,0.0,0.0,0.0,0.0,0,4,0,0.0,0.0,0.0,0.0,0.0,0.0,0.0,0.0,0.0,0.0,0.0,0.0
2026_1_BaileyGaither_WR,2026_BaileyGaither_WR,BaileyGaither_WR,2026,1,2026-09-13,Bailey Gaither,WR,BAL,@IND,27,0.0,0.0,0.0,0.0,0.0,0.0,0.0,0.0,0.0,0.0,0.0,0.0,0.0,0.0,0.0,0,5,0,0.0,0.0,0.0,0.0,0.0,0.0,0.0,0.0,0.0,0.0,0.0,0.0
2026_1_MooseMuhammad_WR,2026_MooseMuhammad_WR,MooseMuhammad_WR,2026,1,2026-09-13,Moose Muhammad,WR,CAR,CHI,31,0.0,0.0,0.0,0.0,0.0,0.0,0.0,0.0,0.0,0.0,0.0,0.0,0.0,0.0,0.0,0,6,0,0.0,0.0,0.0,0.0,0.0,0.0,0.0,0.0,0.0,0.0,0.0,0.0
2026_1_DohnteMeyers_WR,2026_DohnteMeyers_WR,DohnteMeyers_WR,2026,1,2026-09-13,Dohnte Meyers,WR,CIN,TB,18,0.0,0.0,0.0,0.0,0.0,0.0,0.0,0.0,0.0,0.0,0.0,0.0,0.0,0.0,0.0,0,7,0,0.0,0.0,0.0,0.0,0.0,0.0,0.0,0.0,0.0,0.0,0.0,0.0
2026_1_JacobSaylors_RB,2026_JacobSaylors_RB,JacobSaylors_RB,2026,1,2026-09-13,Jacob Saylors,RB,DET,NO,20,0.0,0.0,0.0,0.0,0.0,0.0,0.0,0.0,0.0,0.0,0.0,0.0,0.0,0.0,0.0,0,2,0,0.0,0.0,0.0,0.0,0.0,0.0,0.0,0.0,0.0,0.0,0.0,0.0
2026_1_ColsonYankoff_TE,2026_ColsonYankoff_TE,ColsonYankoff_TE,2026,1,2026-09-13,Colson Yankoff,TE,WAS,@PHI,1,0.0,0.0,0.0,0.0,0.0,0.0,0.0,0.0,0.0,0.0,0.0,0.0,0.0,0.0,0.0,0,2,0,0.0,0.0,0.0,0.0,0.0,0.0,0.0,0.0,0.0,0.0,0.0,0.0
2026_1_ReggieVirgil_WR,2026_ReggieVirgil_WR,ReggieVirgil_WR,2026,1,2026-09-13,Reggie Virgil,WR,ARI,@LAC,3,0.0,0.0,0.0,0.0,0.0,0.0,0.0,0.0,0.0,0.0,0.0,0.0,0.0,0.0,0.0,0,8,0,0.0,0.0,0.0,0.0,0.0,0.0,0.0,0.0,0.0,0.0,0.0,0.0
2026_1_CephusJohnson_WR,2026_CephusJohnson_WR,CephusJohnson_WR,2026,1,2026-09-13,Cephus Johnson,WR,TB,@CIN,9,0.0,0.0,0.0,0.0,0.0,0.0,0.0,0.0,0.0,0.0,0.0,0.0,0.0,0.0,0.0,0,9,0,0.0,0.0,0.0,0.0,0.0,0.0,0.0,0.0,0.0,0.0,0.0,0.0
2026_1_CarsonStrong_QB,2026_CarsonStrong_QB,CarsonStrong_QB,2026,1,2026-09-13,Carson Strong,QB,ARI,@LAC,3,0.0,0.0,0.0,0.0,0.0,0.0,0.0,0.0,0.0,0.0,0.0,0.0,0.0,0.0,0.0,0,3,0,0.0,0.0,0.0,0.0,0.0,0.0,0.0,0.0,0.0,0.0,0.0,0.0
2026_1_TrevorLawrence_QB,2026_TrevorLawrence_QB,TrevorLawrence_QB,2026,1,2026-09-13,Trevor Lawrence,QB,JAC,CLE,4,0.0,0.0,0.0,0.0,0.0,0.0,0.0,0.0,0.0,0.0,0.0,0.0,0.0,0.0,0.0,0,4,0,0.0,0.0,0.0,0.0,0.0,0.0,0.0,0.0,0.0,0.0,0.0,0.0
2026_1_BrandonBridge_QB,2026_BrandonBridge_QB,BrandonBridge_QB,2026,1,2026-09-13,Brandon Bridge,QB,FA,BYE,33,0.0,0.0,0.0,0.0,0.0,0.0,0.0,0.0,0.0,0.0,0.0,0.0,0.0,0.0,0.0,0,5,0,0.0,0.0,0.0,0.0,0.0,0.0,0.0,0.0,0.0,0.0,0.0,0.0
2026_1_RohanJones_TE,2026_RohanJones_TE,RohanJones_TE,2026,1,2026-09-13,Rohan Jones,TE,LAR,SF,22,0.0,0.0,0.0,0.0,0.0,0.0,0.0,0.0,0.0,0.0,0.0,0.0,0.0,0.0,0.0,0,3,0,0.0,0.0,0.0,0.0,0.0,0.0,0.0,0.0,0.0,0.0,0.0,0.0
2026_1_KhalilShakir_WR,2026_KhalilShakir_WR,KhalilShakir_WR,2026,1,2026-09-13,Khalil Shakir,WR,BUF,@HOU,7,0.0,0.0,0.0,0.0,0.0,0.0,0.0,0.0,0.0,0.0,0.0,0.0,0.0,0.0,0.0,0,10,0,0.0,0.0,0.0,0.0,0.0,0.0,0.0,0.0,0.0,0.0,0.0,0.0
2026_1_JohnRaine_TE,2026_JohnRaine_TE,JohnRaine_TE,2026,1,2026-09-13,John Raine,TE,ATL,@PIT,26,0.0,0.0,0.0,0.0,0.0,0.0,0.0,0.0,0.0,0.0,0.0,0.0,0.0,0.0,0.0,0,4,0,0.0,0.0,0.0,0.0,0.0,0.0,0.0,0.0,0.0,0.0,0.0,0.0
2026_1_IhmirSmith-Marsette_WR,2026_IhmirSmith-Marsette_WR,IhmirSmith-Marsette_WR,2026,1,2026-09-13,Ihmir Smith-Marsette,WR,ARI,@LAC,3,0.0,0.0,0.0,0.0,0.0,0.0,0.0,0.0,0.0,0.0,0.0,0.0,0.0,0.0,0.0,0,11,0,0.0,0.0,0.0,0.0,0.0,0.0,0.0,0.0,0.0,0.0,0.0,0.0
2026_1_DannyDavis_WR,2026_DannyDavis_WR,DannyDavis_WR,2026,1,2026-09-13,Danny Davis,WR,GB,@MIN,1,0.0,0.0,0.0,0.0,0.0,0.0,0.0,0.0,0.0,0.0,0.0,0.0,0.0,0.0,0.0,0,12,0,0.0,0.0,0.0,0.0,0.0,0.0,0.0,0.0,0.0,0.0,0.0,0.0
2026_1_JimmyHorn_WR,2026_JimmyHorn_WR,JimmyHorn_WR,2026,1,2026-09-13,Jimmy Horn,WR,CAR,CHI,31,0.0,0.0,0.0,0.0,0.0,0.0,0.0,0.0,0.0,0.0,0.0,0.0,0.0,0.0,0.0,0,13,0,0.0,0.0,0.0,0.0,0.0,0.0,0.0,0.0,0.0,0.0,0.0,0.0
2026_1_WinstonWright_WR,2026_WinstonWright_WR,WinstonWright_WR,2026,1,2026-09-13,Winston Wright,WR,CLE,@JAC,15,0.0,0.0,0.0,0.0,0.0,0.0,0.0,0.0,0.0,0.0,0.0,0.0,0.0,0.0,0.0,0,14,0,0.0,0.0,0.0,0.0,0.0,0.0,0.0,0.0,0.0,0.0,0.0,0.0
2026_1_ChigoziemOkonkwo_TE,2026_ChigoziemOkonkwo_TE,ChigoziemOkonkwo_TE,2026,1,2026-09-13,Chigoziem Okonkwo,TE,WAS,@PHI,1,0.0,0.0,0.0,0.0,0.0,0.0,0.0,0.0,0.0,0.0,0.0,0.0,0.0,0.0,0.0,0,5,0,0.0,0.0,0.0,0.0,0.0,0.0,0.0,0.0,0.0,0.0,0.0,0.0
2026_1_TysonBagent_QB,2026_TysonBagent_QB,TysonBagent_QB,2026,1,2026-09-13,Tyson Bagent,QB,CHI,@CAR,7,0.0,0.0,0.0,0.0,0.0,0.0,0.0,0.0,0.0,0.0,0.0,0.0,0.0,0.0,0.0,0,6,0,0.0,0.0,0.0,0.0,0.0,0.0,0.0,0.0,0.0,0.0,0.0,0.0
2026_1_AntwaneWells_WR,2026_AntwaneWells_WR,AntwaneWells_WR,2026,1,2026-09-13,Antwane Wells,WR,ATL,@PIT,26,0.0,0.0,0.0,0.0,0.0,0.0,0.0,0.0,0.0,0.0,0.0,0.0,0.0,0.0,0.0,0,15,0,0.0,0.0,0.0,0.0,0.0,0.0,0.0,0.0,0.0,0.0,0.0,0.0
2026_1_TannerConner_TE,2026_TannerConner_TE,TannerConner_TE,2026,1,2026-09-13,Tanner Conner,TE,NYG,DAL,13,0.0,0.0,0.0,0.0,0.0,0.0,0.0,0.0,0.0,0.0,0.0,0.0,0.0,0.0,0.0,0,6,0,0.0,0.0,0.0,0.0,0.0,0.0,0.0,0.0,0.0,0.0,0.0,0.0
2026_1_ChrisBell_WR,2026_ChrisBell_WR,ChrisBell_WR,2026,1,2026-09-13,Chris Bell,WR,MIA,@LV,20,0.0,0.0,0.0,0.0,0.0,0.0,0.0,0.0,0.0,0.0,0.0,0.0,0.0,0.0,0.0,0,16,0,0.0,0.0,0.0,0.0,0.0,0.0,0.0,0.0,0.0,0.0,0.0,0.0
2026_1_TyChandler_RB,2026_TyChandler_RB,TyChandler_RB,2026,1,2026-09-13,Ty Chandler,RB,NO,@DET,7,0.0,0.0,0.0,0.0,0.0,0.0,0.0,0.0,0.0,0.0,0.0,0.0,0.0,0.0,0.0,0,3,0,0.0,0.0,0.0,0.0,0.0,0.0,0.0,0.0,0.0,0.0,0.0,0.0
2026_1_JamieNewman_QB,2026_JamieNewman_QB,JamieNewman_QB,2026,1,2026-09-13,Jamie Newman,QB,PHI,WAS,30,0.0,0.0,0.0,0.0,0.0,0.0,0.0,0.0,0.0,0.0,0.0,0.0,0.0,0.0,0.0,0,7,0,0.0,0.0,0.0,0.0,0.0,0.0,0.0,0.0,0.0,0.0,0.0,0.0
2026_1_JaelenGill_WR,2026_JaelenGill_WR,JaelenGill_WR,2026,1,2026-09-13,Jaelen Gill,WR,CLE,@JAC,15,0.0,0.0,0.0,0.0,0.0,0.0,0.0,0.0,0.0,0.0,0.0,0.0,0.0,0.0,0.0,0,17,0,0.0,0.0,0.0,0.0,0.0,0.0,0.0,0.0,0.0,0.0,0.0,0.0
2026_1_LukeDeal_TE,2026_LukeDeal_TE,LukeDeal_TE,2026,1,2026-09-13,Luke Deal,TE,DET,NO,15,0.0,0.0,0.0,0.0,0.0,0.0,0.0,0.0,0.0,0.0,0.0,0.0,0.0,0.0,0.0,0,7,0,0.0,0.0,0.0,0.0,0.0,0.0,0.0,0.0,0.0,0.0,0.0,0.0
2026_1_DonaldParham_TE,2026_DonaldParham_TE,DonaldParham_TE,2026,1,2026-09-13,Donald Parham,TE,PIT,ATL,5,0.0,0.0,0.0,0.0,0.0,0.0,0.0,0.0,0.0,0.0,0.0,0.0,0.0,0.0,0.0,0,8,0,0.0,0.0,0.0,0.0,0.0,0.0,0.0,0.0,0.0,0.0,0.0,0.0
2026_1_DontaeFleming_WR,2026_DontaeFleming_WR,DontaeFleming_WR,2026,1,2026-09-13,Dontae Fleming,WR,MIN,GB,21,0.0,0.0,0.0,0.0,0.0,0.0,0.0,0.0,0.0,0.0,0.0,0.0,0.0,0.0,0.0,0,18,0,0.0,0.0,0.0,0.0,0.0,0.0,0.0,0.0,0.0,0.0,0.0,0.0
2026_1_MontrellWashington_WR,2026_MontrellWashington_WR,MontrellWashington_WR,2026,1,2026-09-13,Montrell Washington,WR,HOU,BUF,13,0.0,0.0,0.0,0.0,0.0,0.0,0.0,0.0,0.0,0.0,0.0,0.0,0.0,0.0,0.0,0,19,0,0.0,0.0,0.0,0.0,0.0,0.0,0.0,0.0,0.0,0.0,0.0,0.0
2026_1_JonathonRumph_WR,2026_JonathonRumph_WR,JonathonRumph_WR,2026,1,2026-09-13,Jonathon Rumph,WR,NYJ,@TEN,29,0.0,0.0,0.0,0.0,0.0,0.0,0.0,0.0,0.0,0.0,0.0,0.0,0.0,0.0,0.0,0,20,0,0.0,0.0,0.0,0.0,0.0,0.0,0.0,0.0,0.0,0.0,0.0,0.0
2026_1_TrevorEtienne_RB,2026_TrevorEtienne_RB,TrevorEtienne_RB,2026,1,2026-09-13,Trevor Etienne,RB,CAR,CHI,19,0.0,0.0,0.0,0.0,0.0,0.0,0.0,0.0,0.0,0.0,0.0,0.0,0.0,0.0,0.0,0,4,0,0.0,0.0,0.0,0.0,0.0,0.0,0.0,0.0,0.0,0.0,0.0,0.0
2026_1_JordanPetaia_TE,2026_JordanPetaia_TE,JordanPetaia_TE,2026,1,2026-09-13,Jordan Petaia,TE,LAC,ARI,31,0.0,0.0,0.0,0.0,0.0,0.0,0.0,0.0,0.0,0.0,0.0,0.0,0.0,0.0,0.0,0,9,0,0.0,0.0,0.0,0.0,0.0,0.0,0.0,0.0,0.0,0.0,0.0,0.0
2026_1_TyreeJackson_TE,2026_TyreeJackson_TE,TyreeJackson_TE,2026,1,2026-09-13,Tyree Jackson,TE,WAS,@PHI,1,0.0,0.0,0.0,0.0,0.0,0.0,0.0,0.0,0.0,0.0,0.0,0.0,0.0,0.0,0.0,0,10,0,0.0,0.0,0.0,0.0,0.0,0.0,0.0,0.0,0.0,0.0,0.0,0.0
2026_1_ColeHerdman_TE,2026_ColeHerdman_TE,ColeHerdman_TE,2026,1,2026-09-13,Cole Herdman,TE,TEN,NYJ,28,0.0,0.0,0.0,0.0,0.0,0.0,0.0,0.0,0.0,0.0,0.0,0.0,0.0,0.0,0.0,0,11,0,0.0,0.0,0.0,0.0,0.0,0.0,0.0,0.0,0.0,0.0,0.0,0.0
2026_1_TylerSimmons_WR,2026_TylerSimmons_WR,TylerSimmons_WR,2026,1,2026-09-13,Tyler Simmons,WR,PIT,ATL,22,0.0,0.0,0.0,0.0,0.0,0.0,0.0,0.0,0.0,0.0,0.0,0.0,0.0,0.0,0.0,0,21,0,0.0,0.0,0.0,0.0,0.0,0.0,0.0,0.0,0.0,0.0,0.0,0.0
2026_1_JerryJeudy_WR,2026_JerryJeudy_WR,JerryJeudy_WR,2026,1,2026-09-13,Jerry Jeudy,WR,CLE,@JAC,15,0.0,0.0,0.0,0.0,0.0,0.0,0.0,0.0,0.0,0.0,0.0,0.0,0.0,0.0,0.0,0,22,0,0.0,0.0,0.0,0.0,0.0,0.0,0.0,0.0,0.0,0.0,0.0,0.0
2026_1_JamMiller_RB,2026_JamMiller_RB,JamMiller_RB,2026,1,2026-09-13,Jam Miller,RB,NE,@SEA,4,0.0,0.0,0.0,0.0,0.0,0.0,0.0,0.0,0.0,0.0,0.0,0.0,0.0,0.0,0.0,0,5,0,0.0,0.0,0.0,0.0,0.0,0.0,0.0,0.0,0.0,0.0,0.0,0.0
2026_1_DontayDemus_WR,2026_DontayDemus_WR,DontayDemus_WR,2026,1,2026-09-13,Dontay Demus,WR,BAL,@IND,27,0.0,0.0,0.0,0.0,0.0,0.0,0.0,0.0,0.0,0.0,0.0,0.0,0.0,0.0,0.0,0,23,0,0.0,0.0,0.0,0.0,0.0,0.0,0.0,0.0,0.0,0.0,0.0,0.0
2026_1_ChrisBrazzell_WR,2026_ChrisBrazzell_WR,ChrisBrazzell_WR,2026,1,2026-09-13,Chris Brazzell,WR,CAR,CHI,31,0.0,0.0,0.0,0.0,0.0,0.0,0.0,0.0,0.0,0.0,0.0,0.0,0.0,0.0,0.0,0,24,0,0.0,0.0,0.0,0.0,0.0,0.0,0.0,0.0,0.0,0.0,0.0,0.0
2026_1_JamesConner_RB,2026_JamesConner_RB,JamesConner_RB,2026,1,2026-09-13,James Conner,RB,ARI,@LAC,8,0.0,0.0,0.0,0.0,0.0,0.0,0.0,0.0,0.0,0.0,0.0,0.0,0.0,0.0,0.0,0,6,0,0.0,0.0,0.0,0.0,0.0,0.0,0.0,0.0,0.0,0.0,0.0,0.0
2026_1_BlayneTaylor_WR,2026_BlayneTaylor_WR,BlayneTaylor_WR,2026,1,2026-09-13,Blayne Taylor,WR,IND,BAL,25,0.0,0.0,0.0,0.0,0.0,0.0,0.0,0.0,0.0,0.0,0.0,0.0,0.0,0.0,0.0,0,25,0,0.0,0.0,0.0,0.0,0.0,0.0,0.0,0.0,0.0,0.0,0.0,0.0
2026_1_MalikDavis_RB,2026_MalikDavis_RB,MalikDavis_RB,2026,1,2026-09-13,Malik Davis,RB,DAL,@NYG,28,0.0,0.0,0.0,0.0,0.0,0.0,0.0,0.0,0.0,0.0,0.0,0.0,0.0,0.0,0.0,0,7,0,0.0,0.0,0.0,0.0,0.0,0.0,0.0,0.0,0.0,0.0,0.0,0.0
2026_1_N'KealHarry_TE,2026_N'KealHarry_TE,N'KealHarry_TE,2026,1,2026-09-13,N'Keal Harry,TE,SEA,NE,17,0.0,0.0,0.0,0.0,0.0,0.0,0.0,0.0,0.0,0.0,0.0,0.0,0.0,0.0,0.0,0,12,0,0.0,0.0,0.0,0.0,0.0,0.0,0.0,0.0,0.0,0.0,0.0,0.0
2026_1_CamRoss_WR,2026_CamRoss_WR,CamRoss_WR,2026,1,2026-09-13,Cam Ross,WR,DEN,@KC,6,0.0,0.0,0.0,0.0,0.0,0.0,0.0,0.0,0.0,0.0,0.0,0.0,0.0,0.0,0.0,0,26,0,0.0,0.0,0.0,0.0,0.0,0.0,0.0,0.0,0.0,0.0,0.0,0.0
2026_1_SamPitz_TE,2026_SamPitz_TE,SamPitz_TE,2026,1,2026-09-13,Sam Pitz,TE,BAL,@IND,25,0.0,0.0,0.0,0.0,0.0,0.0,0.0,0.0,0.0,0.0,0.0,0.0,0.0,0.0,0.0,0,13,0,0.0,0.0,0.0,0.0,0.0,0.0,0.0,0.0,0.0,0.0,0.0,0.0
2026_1_Dy'ShawnMobley_RB,2026_Dy'ShawnMobley_RB,Dy'ShawnMobley_RB,2026,1,2026-09-13,Dy'Shawn Mobley,RB,CIN,TB,12,0.0,0.0,0.0,0.0,0.0,0.0,0.0,0.0,0.0,0.0,0.0,0.0,0.0,0.0,0.0,0,8,0,0.0,0.0,0.0,0.0,0.0,0.0,0.0,0.0,0.0,0.0,0.0,0.0
2026_1_ElijahArroyo_TE,2026_ElijahArroyo_TE,ElijahArroyo_TE,2026,1,2026-09-13,Elijah Arroyo,TE,SEA,NE,17,0.0,0.0,0.0,0.0,0.0,0.0,0.0,0.0,0.0,0.0,0.0,0.0,0.0,0.0,0.0,0,14,0,0.0,0.0,0.0,0.0,0.0,0.0,0.0,0.0,0.0,0.0,0.0,0.0
2026_1_ShaleakKnotts_WR,2026_ShaleakKnotts_WR,ShaleakKnotts_WR,2026,1,2026-09-13,Shaleak Knotts,WR,MIN,GB,21,0.0,0.0,0.0,0.0,0.0,0.0,0.0,0.0,0.0,0.0,0.0,0.0,0.0,0.0,0.0,0,27,0,0.0,0.0,0.0,0.0,0.0,0.0,0.0,0.0,0.0,0.0,0.0,0.0
2026_1_TylerGaffney_RB,2026_TylerGaffney_RB,TylerGaffney_RB,2026,1,2026-09-13,Tyler Gaffney,RB,NE,@SEA,4,0.0,0.0,0.0,0.0,0.0,0.0,0.0,0.0,0.0,0.0,0.0,0.0,0.0,0.0,0.0,0,9,0,0.0,0.0,0.0,0.0,0.0,0.0,0.0,0.0,0.0,0.0,0.0,0.0
2026_1_JohnJackson_WR,2026_JohnJackson_WR,JohnJackson_WR,2026,1,2026-09-13,John Jackson,WR,CHI,@CAR,12,0.0,0.0,0.0,0.0,0.0,0.0,0.0,0.0,0.0,0.0,0.0,0.0,0.0,0.0,0.0,0,28,0,0.0,0.0,0.0,0.0,0.0,0.0,0.0,0.0,0.0,0.0,0.0,0.0
2026_1_AntonioWilliams_WR,2026_AntonioWilliams_WR,AntonioWilliams_WR,2026,1,2026-09-13,Antonio Williams,WR,WAS,@PHI,8,0.0,0.0,0.0,0.0,0.0,0.0,0.0,0.0,0.0,0.0,0.0,0.0,0.0,0.0,0.0,0,29,0,0.0,0.0,0.0,0.0,0.0,0.0,0.0,0.0,0.0,0.0,0.0,0.0
2026_1_ColbyParkinson_TE,2026_ColbyParkinson_TE,ColbyParkinson_TE,2026,1,2026-09-13,Colby Parkinson,TE,LAR,SF,22,0.0,0.0,0.0,0.0,0.0,0.0,0.0,0.0,0.0,0.0,0.0,0.0,0.0,0.0,0.0,0,15,0,0.0,0.0,0.0,0.0,0.0,0.0,0.0,0.0,0.0,0.0,0.0,0.0
2026_1_TeaganQuitoriano_TE,2026_TeaganQuitoriano_TE,TeaganQuitoriano_TE,2026,1,2026-09-13,Teagan Quitoriano,TE,ARI,@LAC,9,0.0,0.0,0.0,0.0,0.0,0.0,0.0,0.0,0.0,0.0,0.0,0.0,0.0,0.0,0.0,0,16,0,0.0,0.0,0.0,0.0,0.0,0.0,0.0,0.0,0.0,0.0,0.0,0.0
2026_1_DJWilliams_RB,2026_DJWilliams_RB,DJWilliams_RB,2026,1,2026-09-13,DJ Williams,RB,TB,@CIN,31,0.0,0.0,0.0,0.0,0.0,0.0,0.0,0.0,0.0,0.0,0.0,0.0,0.0,0.0,0.0,0,10,0,0.0,0.0,0.0,0.0,0.0,0.0,0.0,0.0,0.0,0.0,0.0,0.0
2026_1_MalikMcClain_WR,2026_MalikMcClain_WR,MalikMcClain_WR,2026,1,2026-09-13,Malik McClain,WR,NYJ,@TEN,29,0.0,0.0,0.0,0.0,0.0,0.0,0.0,0.0,0.0,0.0,0.0,0.0,0.0,0.0,0.0,0,30,0,0.0,0.0,0.0,0.0,0.0,0.0,0.0,0.0,0.0,0.0,0.0,0.0
2026_1_AdrianMartinez_QB,2026_AdrianMartinez_QB,AdrianMartinez_QB,2026,1,2026-09-13,Adrian Martinez,QB,SF,@LAR,15,0.0,0.0,0.0,0.0,0.0,0.0,0.0,0.0,0.0,0.0,0.0,0.0,0.0,0.0,0.0,0,8,0,0.0,0.0,0.0,0.0,0.0,0.0,0.0,0.0,0.0,0.0,0.0,0.0
2026_1_BenVanSumeren_RB,2026_BenVanSumeren_RB,BenVanSumeren_RB,2026,1,2026-09-13,Ben VanSumeren,RB,BUF,@HOU,5,0.0,0.0,0.0,0.0,0.0,0.0,0.0,0.0,0.0,0.0,0.0,0.0,0.0,0.0,0.0,0,11,0,0.0,0.0,0.0,0.0,0.0,0.0,0.0,0.0,0.0,0.0,0.0,0.0
2026_1_DJChark_WR,2026_DJChark_WR,DJChark_WR,2026,1,2026-09-13,DJ Chark,WR,ATL,@PIT,26,0.0,0.0,0.0,0.0,0.0,0.0,0.0,0.0,0.0,0.0,0.0,0.0,0.0,0.0,0.0,0,31,0,0.0,0.0,0.0,0.0,0.0,0.0,0.0,0.0,0.0,0.0,0.0,0.0
2026_1_CamMiller_QB,2026_CamMiller_QB,CamMiller_QB,2026,1,2026-09-13,Cam Miller,QB,MIA,@LV,14,0.0,0.0,0.0,0.0,0.0,0.0,0.0,0.0,0.0,0.0,0.0,0.0,0.0,0.0,0.0,0,9,0,0.0,0.0,0.0,0.0,0.0,0.0,0.0,0.0,0.0,0.0,0.0,0.0
2026_1_CharlestonRambo_WR,2026_CharlestonRambo_WR,CharlestonRambo_WR,2026,1,2026-09-13,Charleston Rambo,WR,PHI,WAS,28,0.0,0.0,0.0,0.0,0.0,0.0,0.0,0.0,0.0,0.0,0.0,0.0,0.0,0.0,0.0,0,32,0,0.0,0.0,0.0,0.0,0.0,0.0,0.0,0.0,0.0,0.0,0.0,0.0
2026_1_DillonGabriel_QB,2026_DillonGabriel_QB,DillonGabriel_QB,2026,1,2026-09-13,Dillon Gabriel,QB,CLE,@JAC,19,0.0,0.0,0.0,0.0,0.0,0.0,0.0,0.0,0.0,0.0,0.0,0.0,0.0,0.0,0.0,0,10,0,0.0,0.0,0.0,0.0,0.0,0.0,0.0,0.0,0.0,0.0,0.0,0.0
2026_1_DaMarkusLodge_WR,2026_DaMarkusLodge_WR,DaMarkusLodge_WR,2026,1,2026-09-13,DaMarkus Lodge,WR,CIN,TB,18,0.0,0.0,0.0,0.0,0.0,0.0,0.0,0.0,0.0,0.0,0.0,0.0,0.0,0.0,0.0,0,33,0,0.0,0.0,0.0,0.0,0.0,0.0,0.0,0.0,0.0,0.0,0.0,0.0
2026_1_Le'MekeBrockington_WR,2026_Le'MekeBrockington_WR,Le'MekeBrockington_WR,2026,1,2026-09-13,Le'Meke Brockington,WR,ATL,@PIT,26,0.0,0.0,0.0,0.0,0.0,0.0,0.0,0.0,0.0,0.0,0.0,0.0,0.0,0.0,0.0,0,34,0,0.0,0.0,0.0,0.0,0.0,0.0,0.0,0.0,0.0,0.0,0.0,0.0
2026_1_RomeOdunze_WR,2026_RomeOdunze_WR,RomeOdunze_WR,2026,1,2026-09-13,Rome Odunze,WR,CHI,@CAR,12,0.0,0.0,0.0,0.0,0.0,0.0,0.0,0.0,0.0,0.0,0.0,0.0,0.0,0.0,0.0,0,35,0,0.0,0.0,0.0,0.0,0.0,0.0,0.0,0.0,0.0,0.0,0.0,0.0
2026_1_MalikHeath_WR,2026_MalikHeath_WR,MalikHeath_WR,2026,1,2026-09-13,Malik Heath,WR,ATL,@PIT,26,0.0,0.0,0.0,0.0,0.0,0.0,0.0,0.0,0.0,0.0,0.0,0.0,0.0,0.0,0.0,0,36,0,0.0,0.0,0.0,0.0,0.0,0.0,0.0,0.0,0.0,0.0,0.0,0.0
2026_1_DomWood-Anderson_TE,2026_DomWood-Anderson_TE,DomWood-Anderson_TE,2026,1,2026-09-13,Dom Wood-Anderson,TE,SEA,NE,17,0.0,0.0,0.0,0.0,0.0,0.0,0.0,0.0,0.0,0.0,0.0,0.0,0.0,0.0,0.0,0,17,0,0.0,0.0,0.0,0.0,0.0,0.0,0.0,0.0,0.0,0.0,0.0,0.0
2026_1_BrittainBrown_RB,2026_BrittainBrown_RB,BrittainBrown_RB,2026,1,2026-09-13,Brittain Brown,RB,CHI,@CAR,23,0.0,0.0,0.0,0.0,0.0,0.0,0.0,0.0,0.0,0.0,0.0,0.0,0.0,0.0,0.0,0,12,0,0.0,0.0,0.0,0.0,0.0,0.0,0.0,0.0,0.0,0.0,0.0,0.0
2026_1_CadenPrieskorn_TE,2026_CadenPrieskorn_TE,CadenPrieskorn_TE,2026,1,2026-09-13,Caden Prieskorn,TE,CAR,CHI,11,0.0,0.0,0.0,0.0,0.0,0.0,0.0,0.0,0.0,0.0,0.0,0.0,0.0,0.0,0.0,0,18,0,0.0,0.0,0.0,0.0,0.0,0.0,0.0,0.0,0.0,0.0,0.0,0.0
2026_1_IsaiahSpiller_RB,2026_IsaiahSpiller_RB,IsaiahSpiller_RB,2026,1,2026-09-13,Isaiah Spiller,RB,LV,MIA,24,0.0,0.0,0.0,0.0,0.0,0.0,0.0,0.0,0.0,0.0,0.0,0.0,0.0,0.0,0.0,0,13,0,0.0,0.0,0.0,0.0,0.0,0.0,0.0,0.0,0.0,0.0,0.0,0.0
2026_1_JackStoll_TE,2026_JackStoll_TE,JackStoll_TE,2026,1,2026-09-13,Jack Stoll,TE,CLE,@JAC,23,0.0,0.0,0.0,0.0,0.0,0.0,0.0,0.0,0.0,0.0,0.0,0.0,0.0,0.0,0.0,0,19,0,0.0,0.0,0.0,0.0,0.0,0.0,0.0,0.0,0.0,0.0,0.0,0.0
2026_1_BrandonPeters_QB,2026_BrandonPeters_QB,BrandonPeters_QB,2026,1,2026-09-13,Brandon Peters,QB,LAC,ARI,17,0.0,0.0,0.0,0.0,0.0,0.0,0.0,0.0,0.0,0.0,0.0,0.0,0.0,0.0,0.0,0,11,0,0.0,0.0,0.0,0.0,0.0,0.0,0.0,0.0,0.0,0.0,0.0,0.0
2026_1_CarsonWilliams_TE,2026_CarsonWilliams_TE,CarsonWilliams_TE,2026,1,2026-09-13,Carson Williams,TE,LV,MIA,29,0.0,0.0,0.0,0.0,0.0,0.0,0.0,0.0,0.0,0.0,0.0,0.0,0.0,0.0,0.0,0,20,0,0.0,0.0,0.0,0.0,0.0,0.0,0.0,0.0,0.0,0.0,0.0,0.0
2026_1_KamrynPettway_RB,2026_KamrynPettway_RB,KamrynPettway_RB,2026,1,2026-09-13,Kamryn Pettway,RB,MIN,GB,18,0.0,0.0,0.0,0.0,0.0,0.0,0.0,0.0,0.0,0.0,0.0,0.0,0.0,0.0,0.0,0,14,0,0.0,0.0,0.0,0.0,0.0,0.0,0.0,0.0,0.0,0.0,0.0,0.0
2026_1_Jon'VeaJohnson_WR,2026_Jon'VeaJohnson_WR,Jon'VeaJohnson_WR,2026,1,2026-09-13,Jon'Vea Johnson,WR,CHI,@CAR,12,0.0,0.0,0.0,0.0,0.0,0.0,0.0,0.0,0.0,0.0,0.0,0.0,0.0,0.0,0.0,0,37,0,0.0,0.0,0.0,0.0,0.0,0.0,0.0,0.0,0.0,0.0,0.0,0.0
2026_1_CharlieTaumoepeau_TE,2026_CharlieTaumoepeau_TE,CharlieTaumoepeau_TE,2026,1,2026-09-13,Charlie Taumoepeau,TE,DET,NO,15,0.0,0.0,0.0,0.0,0.0,0.0,0.0,0.0,0.0,0.0,0.0,0.0,0.0,0.0,0.0,0,21,0,0.0,0.0,0.0,0.0,0.0,0.0,0.0,0.0,0.0,0.0,0.0,0.0
2026_1_AJBarner_TE,2026_AJBarner_TE,AJBarner_TE,2026,1,2026-09-13,AJ Barner,TE,SEA,NE,17,0.0,0.0,0.0,0.0,0.0,0.0,0.0,0.0,0.0,0.0,0.0,0.0,0.0,0.0,0.0,0,22,0,0.0,0.0,0.0,0.0,0.0,0.0,0.0,0.0,0.0,0.0,0.0,0.0
2026_1_DalevonCampbell_WR,2026_DalevonCampbell_WR,DalevonCampbell_WR,2026,1,2026-09-13,Dalevon Campbell,WR,LAC,ARI,17,0.0,0.0,0.0,0.0,0.0,0.0,0.0,0.0,0.0,0.0,0.0,0.0,0.0,0.0,0.0,0,38,0,0.0,0.0,0.0,0.0,0.0,0.0,0.0,0.0,0.0,0.0,0.0,0.0
2026_1_TannerArkin_TE,2026_TannerArkin_TE,TannerArkin_TE,2026,1,2026-09-13,Tanner Arkin,TE,NE,@SEA,20,0.0,0.0,0.0,0.0,0.0,0.0,0.0,0.0,0.0,0.0,0.0,0.0,0.0,0.0,0.0,0,23,0,0.0,0.0,0.0,0.0,0.0,0.0,0.0,0.0,0.0,0.0,0.0,0.0
2026_1_MikeWilliams_WR,2026_MikeWilliams_WR,MikeWilliams_WR,2026,1,2026-09-13,Mike Williams,WR,LAC,ARI,17,0.0,0.0,0.0,0.0,0.0,0.0,0.0,0.0,0.0,0.0,0.0,0.0,0.0,0.0,0.0,0,39,0,0.0,0.0,0.0,0.0,0.0,0.0,0.0,0.0,0.0,0.0,0.0,0.0
2026_1_BaileyZappe_QB,2026_BaileyZappe_QB,BaileyZappe_QB,2026,1,2026-09-13,Bailey Zappe,QB,NYJ,@TEN,28,0.0,0.0,0.0,0.0,0.0,0.0,0.0,0.0,0.0,0.0,0.0,0.0,0.0,0.0,0.0,0,12,0,0.0,0.0,0.0,0.0,0.0,0.0,0.0,0.0,0.0,0.0,0.0,0.0
2026_1_IsaiahWashington_WR,2026_IsaiahWashington_WR,IsaiahWashington_WR,2026,1,2026-09-13,Isaiah Washington,WR,BAL,@IND,27,0.0,0.0,0.0,0.0,0.0,0.0,0.0,0.0,0.0,0.0,0.0,0.0,0.0,0.0,0.0,0,40,0,0.0,0.0,0.0,0.0,0.0,0.0,0.0,0.0,0.0,0.0,0.0,0.0
2026_1_JordanAkins_TE,2026_JordanAkins_TE,JordanAkins_TE,2026,1,2026-09-13,Jordan Akins,TE,JAC,CLE,16,0.0,0.0,0.0,0.0,0.0,0.0,0.0,0.0,0.0,0.0,0.0,0.0,0.0,0.0,0.0,0,24,0,0.0,0.0,0.0,0.0,0.0,0.0,0.0,0.0,0.0,0.0,0.0,0.0
2026_1_CarsonTowt_TE,2026_CarsonTowt_TE,CarsonTowt_TE,2026,1,2026-09-13,Carson Towt,TE,IND,BAL,8,0.0,0.0,0.0,0.0,0.0,0.0,0.0,0.0,0.0,0.0,0.0,0.0,0.0,0.0,0.0,0,25,0,0.0,0.0,0.0,0.0,0.0,0.0,0.0,0.0,0.0,0.0,0.0,0.0
2026_1_JacobDeJesus_WR,2026_JacobDeJesus_WR,JacobDeJesus_WR,2026,1,2026-09-13,Jacob De Jesus,WR,KC,DEN,2,0.0,0.0,0.0,0.0,0.0,0.0,0.0,0.0,0.0,0.0,0.0,0.0,0.0,0.0,0.0,0,41,0,0.0,0.0,0.0,0.0,0.0,0.0,0.0,0.0,0.0,0.0,0.0,0.0
2026_1_ClydeEdwards-Helaire_RB,2026_ClydeEdwards-Helaire_RB,ClydeEdwards-Helaire_RB,2026,1,2026-09-13,Clyde Edwards-Helaire,RB,KC,DEN,3,0.0,0.0,0.0,0.0,0.0,0.0,0.0,0.0,0.0,0.0,0.0,0.0,0.0,0.0,0.0,0,15,0,0.0,0.0,0.0,0.0,0.0,0.0,0.0,0.0,0.0,0.0,0.0,0.0
2026_1_LaynePryor_TE,2026_LaynePryor_TE,LaynePryor_TE,2026,1,2026-09-13,Layne Pryor,TE,HOU,BUF,2,0.0,0.0,0.0,0.0,0.0,0.0,0.0,0.0,0.0,0.0,0.0,0.0,0.0,0.0,0.0,0,26,0,0.0,0.0,0.0,0.0,0.0,0.0,0.0,0.0,0.0,0.0,0.0,0.0
2026_1_DemetricFelton_RB,2026_DemetricFelton_RB,DemetricFelton_RB,2026,1,2026-09-13,Demetric Felton,RB,WAS,@PHI,26,0.0,0.0,0.0,0.0,0.0,0.0,0.0,0.0,0.0,0.0,0.0,0.0,0.0,0.0,0.0,0,16,0,0.0,0.0,0.0,0.0,0.0,0.0,0.0,0.0,0.0,0.0,0.0,0.0
2026_1_ChrisSmith_RB,2026_ChrisSmith_RB,ChrisSmith_RB,2026,1,2026-09-13,Chris Smith,RB,SEA,NE,2,0.0,0.0,0.0,0.0,0.0,0.0,0.0,0.0,0.0,0.0,0.0,0.0,0.0,0.0,0.0,0,17,0,0.0,0.0,0.0,0.0,0.0,0.0,0.0,0.0,0.0,0.0,0.0,0.0
2026_1_JameisWinston_QB,2026_JameisWinston_QB,JameisWinston_QB,2026,1,2026-09-13,Jameis Winston,QB,NYG,DAL,32,0.0,0.0,0.0,0.0,0.0,0.0,0.0,0.0,0.0,0.0,0.0,0.0,0.0,0.0,0.0,0,13,0,0.0,0.0,0.0,0.0,0.0,0.0,0.0,0.0,0.0,0.0,0.0,0.0
2026_1_KobeHudson_WR,2026_KobeHudson_WR,KobeHudson_WR,2026,1,2026-09-13,Kobe Hudson,WR,CAR,CHI,31,0.0,0.0,0.0,0.0,0.0,0.0,0.0,0.0,0.0,0.0,0.0,0.0,0.0,0.0,0.0,0,42,0,0.0,0.0,0.0,0.0,0.0,0.0,0.0,0.0,0.0,0.0,0.0,0.0
2026_1_JKDobbins_RB,2026_JKDobbins_RB,JKDobbins_RB,2026,1,2026-09-13,JK Dobbins,RB,DEN,@KC,6,0.0,0.0,0.0,0.0,0.0,0.0,0.0,0.0,0.0,0.0,0.0,0.0,0.0,0.0,0.0,0,18,0,0.0,0.0,0.0,0.0,0.0,0.0,0.0,0.0,0.0,0.0,0.0,0.0
2026_1_DarnellHolland_RB,2026_DarnellHolland_RB,DarnellHolland_RB,2026,1,2026-09-13,Darnell Holland,RB,NO,@DET,7,0.0,0.0,0.0,0.0,0.0,0.0,0.0,0.0,0.0,0.0,0.0,0.0,0.0,0.0,0.0,0,19,0,0.0,0.0,0.0,0.0,0.0,0.0,0.0,0.0,0.0,0.0,0.0,0.0
2026_1_ColbieYoung_WR,2026_ColbieYoung_WR,ColbieYoung_WR,2026,1,2026-09-13,Colbie Young,WR,CIN,TB,18,0.0,0.0,0.0,0.0,0.0,0.0,0.0,0.0,0.0,0.0,0.0,0.0,0.0,0.0,0.0,0,43,0,0.0,0.0,0.0,0.0,0.0,0.0,0.0,0.0,0.0,0.0,0.0,0.0
2026_1_AaronJones_RB,2026_AaronJones_RB,AaronJones_RB,2026,1,2026-09-13,Aaron Jones,RB,MIN,GB,18,0.0,0.0,0.0,0.0,0.0,0.0,0.0,0.0,0.0,0.0,0.0,0.0,0.0,0.0,0.0,0,20,0,0.0,0.0,0.0,0.0,0.0,0.0,0.0,0.0,0.0,0.0,0.0,0.0
2026_1_JerrionEaly_RB,2026_JerrionEaly_RB,JerrionEaly_RB,2026,1,2026-09-13,Jerrion Ealy,RB,KC,DEN,3,0.0,0.0,0.0,0.0,0.0,0.0,0.0,0.0,0.0,0.0,0.0,0.0,0.0,0.0,0.0,0,21,0,0.0,0.0,0.0,0.0,0.0,0.0,0.0,0.0,0.0,0.0,0.0,0.0
2026_1_AntonioGibson_RB,2026_AntonioGibson_RB,AntonioGibson_RB,2026,1,2026-09-13,Antonio Gibson,RB,NE,@SEA,4,0.0,0.0,0.0,0.0,0.0,0.0,0.0,0.0,0.0,0.0,0.0,0.0,0.0,0.0,0.0,0,22,0,0.0,0.0,0.0,0.0,0.0,0.0,0.0,0.0,0.0,0.0,0.0,0.0
2026_1_AndersonCastle_RB,2026_AndersonCastle_RB,AndersonCastle_RB,2026,1,2026-09-13,Anderson Castle,RB,IND,BAL,17,0.0,0.0,0.0,0.0,0.0,0.0,0.0,0.0,0.0,0.0,0.0,0.0,0.0,0.0,0.0,0,23,0,0.0,0.0,0.0,0.0,0.0,0.0,0.0,0.0,0.0,0.0,0.0,0.0
2026_1_EvanSvoboda_TE,2026_EvanSvoboda_TE,EvanSvoboda_TE,2026,1,2026-09-13,Evan Svoboda,TE,LAC,ARI,31,0.0,0.0,0.0,0.0,0.0,0.0,0.0,0.0,0.0,0.0,0.0,0.0,0.0,0.0,0.0,0,27,0,0.0,0.0,0.0,0.0,0.0,0.0,0.0,0.0,0.0,0.0,0.0,0.0
2026_1_TylerAllgeier_RB,2026_TylerAllgeier_RB,TylerAllgeier_RB,2026,1,2026-09-13,Tyler Allgeier,RB,ARI,@LAC,8,0.0,0.0,0.0,0.0,0.0,0.0,0.0,0.0,0.0,0.0,0.0,0.0,0.0,0.0,0.0,0,24,0,0.0,0.0,0.0,0.0,0.0,0.0,0.0,0.0,0.0,0.0,0.0,0.0
2026_1_StephonRobinson_WR,2026_StephonRobinson_WR,StephonRobinson_WR,2026,1,2026-09-13,Stephon Robinson,WR,ARI,@LAC,3,0.0,0.0,0.0,0.0,0.0,0.0,0.0,0.0,0.0,0.0,0.0,0.0,0.0,0.0,0.0,0,44,0,0.0,0.0,0.0,0.0,0.0,0.0,0.0,0.0,0.0,0.0,0.0,0.0
2026_1_AustinWillis_WR,2026_AustinWillis_WR,AustinWillis_WR,2026,1,2026-09-13,Austin Willis,WR,DET,NO,10,0.0,0.0,0.0,0.0,0.0,0.0,0.0,0.0,0.0,0.0,0.0,0.0,0.0,0.0,0.0,0,45,0,0.0,0.0,0.0,0.0,0.0,0.0,0.0,0.0,0.0,0.0,0.0,0.0
2026_1_PhilMafah_RB,2026_PhilMafah_RB,PhilMafah_RB,2026,1,2026-09-13,Phil Mafah,RB,DAL,@NYG,28,0.0,0.0,0.0,0.0,0.0,0.0,0.0,0.0,0.0,0.0,0.0,0.0,0.0,0.0,0.0,0,25,0,0.0,0.0,0.0,0.0,0.0,0.0,0.0,0.0,0.0,0.0,0.0,0.0
2026_1_JalenReagor_WR,2026_JalenReagor_WR,JalenReagor_WR,2026,1,2026-09-13,Jalen Reagor,WR,MIA,@LV,20,0.0,0.0,0.0,0.0,0.0,0.0,0.0,0.0,0.0,0.0,0.0,0.0,0.0,0.0,0.0,0,46,0,0.0,0.0,0.0,0.0,0.0,0.0,0.0,0.0,0.0,0.0,0.0,0.0
2026_1_SeydouTraore_TE,2026_SeydouTraore_TE,SeydouTraore_TE,2026,1,2026-09-13,Seydou Traore,TE,MIA,@LV,3,0.0,0.0,0.0,0.0,0.0,0.0,0.0,0.0,0.0,0.0,0.0,0.0,0.0,0.0,0.0,0,28,0,0.0,0.0,0.0,0.0,0.0,0.0,0.0,0.0,0.0,0.0,0.0,0.0
2026_1_De'MontreTuggle_RB,2026_De'MontreTuggle_RB,De'MontreTuggle_RB,2026,1,2026-09-13,De'Montre Tuggle,RB,CHI,@CAR,23,0.0,0.0,0.0,0.0,0.0,0.0,0.0,0.0,0.0,0.0,0.0,0.0,0.0,0.0,0.0,0,26,0,0.0,0.0,0.0,0.0,0.0,0.0,0.0,0.0,0.0,0.0,0.0,0.0
2026_1_KiseanJohnson_WR,2026_KiseanJohnson_WR,KiseanJohnson_WR,2026,1,2026-09-13,Kisean Johnson,WR,GB,@MIN,1,0.0,0.0,0.0,0.0,0.0,0.0,0.0,0.0,0.0,0.0,0.0,0.0,0.0,0.0,0.0,0,47,0,0.0,0.0,0.0,0.0,0.0,0.0,0.0,0.0,0.0,0.0,0.0,0.0
2026_1_KeytaonThompson_WR,2026_KeytaonThompson_WR,KeytaonThompson_WR,2026,1,2026-09-13,Keytaon Thompson,WR,DET,NO,10,0.0,0.0,0.0,0.0,0.0,0.0,0.0,0.0,0.0,0.0,0.0,0.0,0.0,0.0,0.0,0,48,0,0.0,0.0,0.0,0.0,0.0,0.0,0.0,0.0,0.0,0.0,0.0,0.0
2026_1_TylerHudson_WR,2026_TylerHudson_WR,TylerHudson_WR,2026,1,2026-09-13,Tyler Hudson,WR,LAR,SF,16,0.0,0.0,0.0,0.0,0.0,0.0,0.0,0.0,0.0,0.0,0.0,0.0,0.0,0.0,0.0,0,49,0,0.0,0.0,0.0,0.0,0.0,0.0,0.0,0.0,0.0,0.0,0.0,0.0
2026_1_DeAndreHopkins_WR,2026_DeAndreHopkins_WR,DeAndreHopkins_WR,2026,1,2026-09-13,DeAndre Hopkins,WR,BAL,@IND,27,0.0,0.0,0.0,0.0,0.0,0.0,0.0,0.0,0.0,0.0,0.0,0.0,0.0,0.0,0.0,0,50,0,0.0,0.0,0.0,0.0,0.0,0.0,0.0,0.0,0.0,0.0,0.0,0.0
2026_1_TayMartin_WR,2026_TayMartin_WR,TayMartin_WR,2026,1,2026-09-13,Tay Martin,WR,DET,NO,10,0.0,0.0,0.0,0.0,0.0,0.0,0.0,0.0,0.0,0.0,0.0,0.0,0.0,0.0,0.0,0,51,0,0.0,0.0,0.0,0.0,0.0,0.0,0.0,0.0,0.0,0.0,0.0,0.0
2026_1_DontarioDrummond_WR,2026_DontarioDrummond_WR,DontarioDrummond_WR,2026,1,2026-09-13,Dontario Drummond,WR,DAL,@NYG,23,0.0,0.0,0.0,0.0,0.0,0.0,0.0,0.0,0.0,0.0,0.0,0.0,0.0,0.0,0.0,0,52,0,0.0,0.0,0.0,0.0,0.0,0.0,0.0,0.0,0.0,0.0,0.0,0.0
2026_1_AnthonyTyus_RB,2026_AnthonyTyus_RB,AnthonyTyus_RB,2026,1,2026-09-13,Anthony Tyus,RB,CAR,CHI,19,0.0,0.0,0.0,0.0,0.0,0.0,0.0,0.0,0.0,0.0,0.0,0.0,0.0,0.0,0.0,0,27,0,0.0,0.0,0.0,0.0,0.0,0.0,0.0,0.0,0.0,0.0,0.0,0.0
2026_1_TrevionThompson_WR,2026_TrevionThompson_WR,TrevionThompson_WR,2026,1,2026-09-13,Trevion Thompson,WR,TEN,NYJ,19,0.0,0.0,0.0,0.0,0.0,0.0,0.0,0.0,0.0,0.0,0.0,0.0,0.0,0.0,0.0,0,53,0,0.0,0.0,0.0,0.0,0.0,0.0,0.0,0.0,0.0,0.0,0.0,0.0
2026_1_IsaacRex_TE,2026_IsaacRex_TE,IsaacRex_TE,2026,1,2026-09-13,Isaac Rex,TE,LAC,ARI,31,0.0,0.0,0.0,0.0,0.0,0.0,0.0,0.0,0.0,0.0,0.0,0.0,0.0,0.0,0.0,0,29,0,0.0,0.0,0.0,0.0,0.0,0.0,0.0,0.0,0.0,0.0,0.0,0.0
2026_1_KeithKirkwood_WR,2026_KeithKirkwood_WR,KeithKirkwood_WR,2026,1,2026-09-13,Keith Kirkwood,WR,BAL,@IND,27,0.0,0.0,0.0,0.0,0.0,0.0,0.0,0.0,0.0,0.0,0.0,0.0,0.0,0.0,0.0,0,54,0,0.0,0.0,0.0,0.0,0.0,0.0,0.0,0.0,0.0,0.0,0.0,0.0
2026_1_RussellGage_WR,2026_RussellGage_WR,RussellGage_WR,2026,1,2026-09-13,Russell Gage,WR,SF,@LAR,24,0.0,0.0,0.0,0.0,0.0,0.0,0.0,0.0,0.0,0.0,0.0,0.0,0.0,0.0,0.0,0,55,0,0.0,0.0,0.0,0.0,0.0,0.0,0.0,0.0,0.0,0.0,0.0,0.0
2026_1_JohnnieDixon_WR,2026_JohnnieDixon_WR,JohnnieDixon_WR,2026,1,2026-09-13,Johnnie Dixon,WR,DAL,@NYG,23,0.0,0.0,0.0,0.0,0.0,0.0,0.0,0.0,0.0,0.0,0.0,0.0,0.0,0.0,0.0,0,56,0,0.0,0.0,0.0,0.0,0.0,0.0,0.0,0.0,0.0,0.0,0.0,0.0
2026_1_TuckerFisk_TE,2026_TuckerFisk_TE,TuckerFisk_TE,2026,1,2026-09-13,Tucker Fisk,TE,LAC,ARI,31,0.0,0.0,0.0,0.0,0.0,0.0,0.0,0.0,0.0,0.0,0.0,0.0,0.0,0.0,0.0,0,30,0,0.0,0.0,0.0,0.0,0.0,0.0,0.0,0.0,0.0,0.0,0.0,0.0
2026_1_DymereMiller_WR,2026_DymereMiller_WR,DymereMiller_WR,2026,1,2026-09-13,Dymere Miller,WR,NYJ,@TEN,29,0.0,0.0,0.0,0.0,0.0,0.0,0.0,0.0,0.0,0.0,0.0,0.0,0.0,0.0,0.0,0,57,0,0.0,0.0,0.0,0.0,0.0,0.0,0.0,0.0,0.0,0.0,0.0,0.0
2026_1_SethWilliams_WR,2026_SethWilliams_WR,SethWilliams_WR,2026,1,2026-09-13,Seth Williams,WR,LV,MIA,14,0.0,0.0,0.0,0.0,0.0,0.0,0.0,0.0,0.0,0.0,0.0,0.0,0.0,0.0,0.0,0,58,0,0.0,0.0,0.0,0.0,0.0,0.0,0.0,0.0,0.0,0.0,0.0,0.0
2026_1_AndyDalton_QB,2026_AndyDalton_QB,AndyDalton_QB,2026,1,2026-09-13,Andy Dalton,QB,PHI,WAS,30,0.0,0.0,0.0,0.0,0.0,0.0,0.0,0.0,0.0,0.0,0.0,0.0,0.0,0.0,0.0,0,14,0,0.0,0.0,0.0,0.0,0.0,0.0,0.0,0.0,0.0,0.0,0.0,0.0
2026_1_NateMcCollum_WR,2026_NateMcCollum_WR,NateMcCollum_WR,2026,1,2026-09-13,Nate McCollum,WR,ARI,@LAC,3,0.0,0.0,0.0,0.0,0.0,0.0,0.0,0.0,0.0,0.0,0.0,0.0,0.0,0.0,0.0,0,59,0,0.0,0.0,0.0,0.0,0.0,0.0,0.0,0.0,0.0,0.0,0.0,0.0
2026_1_HunterLuepke_RB,2026_HunterLuepke_RB,HunterLuepke_RB,2026,1,2026-09-13,Hunter Luepke,RB,DAL,@NYG,28,0.0,0.0,0.0,0.0,0.0,0.0,0.0,0.0,0.0,0.0,0.0,0.0,0.0,0.0,0.0,0,28,0,0.0,0.0,0.0,0.0,0.0,0.0,0.0,0.0,0.0,0.0,0.0,0.0
2026_1_TyjaeSpears_RB,2026_TyjaeSpears_RB,TyjaeSpears_RB,2026,1,2026-09-13,Tyjae Spears,RB,TEN,NYJ,32,0.0,0.0,0.0,0.0,0.0,0.0,0.0,0.0,0.0,0.0,0.0,0.0,0.0,0.0,0.0,0,29,0,0.0,0.0,0.0,0.0,0.0,0.0,0.0,0.0,0.0,0.0,0.0,0.0
2026_1_JadarianPrice_RB,2026_JadarianPrice_RB,JadarianPrice_RB,2026,1,2026-09-13,Jadarian Price,RB,SEA,NE,2,0.0,0.0,0.0,0.0,0.0,0.0,0.0,0.0,0.0,0.0,0.0,0.0,0.0,0.0,0.0,0,30,0,0.0,0.0,0.0,0.0,0.0,0.0,0.0,0.0,0.0,0.0,0.0,0.0
2026_1_ChandlerBrayboy_WR,2026_ChandlerBrayboy_WR,ChandlerBrayboy_WR,2026,1,2026-09-13,Chandler Brayboy,WR,JAC,CLE,5,0.0,0.0,0.0,0.0,0.0,0.0,0.0,0.0,0.0,0.0,0.0,0.0,0.0,0.0,0.0,0,60,0,0.0,0.0,0.0,0.0,0.0,0.0,0.0,0.0,0.0,0.0,0.0,0.0
2026_1_TahjBrooks_RB,2026_TahjBrooks_RB,TahjBrooks_RB,2026,1,2026-09-13,Tahj Brooks,RB,CIN,TB,12,0.0,0.0,0.0,0.0,0.0,0.0,0.0,0.0,0.0,0.0,0.0,0.0,0.0,0.0,0.0,0,31,0,0.0,0.0,0.0,0.0,0.0,0.0,0.0,0.0,0.0,0.0,0.0,0.0
2026_1_D'AndreSwift_RB,2026_D'AndreSwift_RB,D'AndreSwift_RB,2026,1,2026-09-13,D'Andre Swift,RB,CHI,@CAR,23,0.0,0.0,0.0,0.0,0.0,0.0,0.0,0.0,0.0,0.0,0.0,0.0,0.0,0.0,0.0,0,32,0,0.0,0.0,0.0,0.0,0.0,0.0,0.0,0.0,0.0,0.0,0.0,0.0
2026_1_JaylonMoore_WR,2026_JaylonMoore_WR,JaylonMoore_WR,2026,1,2026-09-13,Jaylon Moore,WR,JAC,CLE,5,0.0,0.0,0.0,0.0,0.0,0.0,0.0,0.0,0.0,0.0,0.0,0.0,0.0,0.0,0.0,0,61,0,0.0,0.0,0.0,0.0,0.0,0.0,0.0,0.0,0.0,0.0,0.0,0.0
2026_1_BennyLeMay_RB,2026_BennyLeMay_RB,BennyLeMay_RB,2026,1,2026-09-13,Benny LeMay,RB,CLE,@JAC,1,0.0,0.0,0.0,0.0,0.0,0.0,0.0,0.0,0.0,0.0,0.0,0.0,0.0,0.0,0.0,0,33,0,0.0,0.0,0.0,0.0,0.0,0.0,0.0,0.0,0.0,0.0,0.0,0.0
2026_1_MecoleHardman_WR,2026_MecoleHardman_WR,MecoleHardman_WR,2026,1,2026-09-13,Mecole Hardman,WR,BUF,@HOU,7,0.0,0.0,0.0,0.0,0.0,0.0,0.0,0.0,0.0,0.0,0.0,0.0,0.0,0.0,0.0,0,62,0,0.0,0.0,0.0,0.0,0.0,0.0,0.0,0.0,0.0,0.0,0.0,0.0
2026_1_QuezWatkins_WR,2026_QuezWatkins_WR,QuezWatkins_WR,2026,1,2026-09-13,Quez Watkins,WR,PHI,WAS,28,0.0,0.0,0.0,0.0,0.0,0.0,0.0,0.0,0.0,0.0,0.0,0.0,0.0,0.0,0.0,0,63,0,0.0,0.0,0.0,0.0,0.0,0.0,0.0,0.0,0.0,0.0,0.0,0.0
2026_1_JarayJenkins_WR,2026_JarayJenkins_WR,JarayJenkins_WR,2026,1,2026-09-13,Jaray Jenkins,WR,PIT,ATL,22,0.0,0.0,0.0,0.0,0.0,0.0,0.0,0.0,0.0,0.0,0.0,0.0,0.0,0.0,0.0,0,64,0,0.0,0.0,0.0,0.0,0.0,0.0,0.0,0.0,0.0,0.0,0.0,0.0
2026_1_EmekaEgbuka_WR,2026_EmekaEgbuka_WR,EmekaEgbuka_WR,2026,1,2026-09-13,Emeka Egbuka,WR,TB,@CIN,9,0.0,0.0,0.0,0.0,0.0,0.0,0.0,0.0,0.0,0.0,0.0,0.0,0.0,0.0,0.0,0,65,0,0.0,0.0,0.0,0.0,0.0,0.0,0.0,0.0,0.0,0.0,0.0,0.0
2026_1_DallasDaniels_WR,2026_DallasDaniels_WR,DallasDaniels_WR,2026,1,2026-09-13,Dallas Daniels,WR,DEN,@KC,6,0.0,0.0,0.0,0.0,0.0,0.0,0.0,0.0,0.0,0.0,0.0,0.0,0.0,0.0,0.0,0,66,0,0.0,0.0,0.0,0.0,0.0,0.0,0.0,0.0,0.0,0.0,0.0,0.0
2026_1_JordynTyson_WR,2026_JordynTyson_WR,JordynTyson_WR,2026,1,2026-09-13,Jordyn Tyson,WR,NO,@DET,30,0.0,0.0,0.0,0.0,0.0,0.0,0.0,0.0,0.0,0.0,0.0,0.0,0.0,0.0,0.0,0,67,0,0.0,0.0,0.0,0.0,0.0,0.0,0.0,0.0,0.0,0.0,0.0,0.0
2026_1_RicoBussey_WR,2026_RicoBussey_WR,RicoBussey_WR,2026,1,2026-09-13,Rico Bussey,WR,PIT,ATL,22,0.0,0.0,0.0,0.0,0.0,0.0,0.0,0.0,0.0,0.0,0.0,0.0,0.0,0.0,0.0,0,68,0,0.0,0.0,0.0,0.0,0.0,0.0,0.0,0.0,0.0,0.0,0.0,0.0
2026_1_GrahamMertz_QB,2026_GrahamMertz_QB,GrahamMertz_QB,2026,1,2026-09-13,Graham Mertz,QB,HOU,BUF,9,0.0,0.0,0.0,0.0,0.0,0.0,0.0,0.0,0.0,0.0,0.0,0.0,0.0,0.0,0.0,0,15,0,0.0,0.0,0.0,0.0,0.0,0.0,0.0,0.0,0.0,0.0,0.0,0.0
2026_1_SilasBolden_WR,2026_SilasBolden_WR,SilasBolden_WR,2026,1,2026-09-13,Silas Bolden,WR,HOU,BUF,13,0.0,0.0,0.0,0.0,0.0,0.0,0.0,0.0,0.0,0.0,0.0,0.0,0.0,0.0,0.0,0,69,0,0.0,0.0,0.0,0.0,0.0,0.0,0.0,0.0,0.0,0.0,0.0,0.0
2026_1_StevenStilianos_TE,2026_StevenStilianos_TE,StevenStilianos_TE,2026,1,2026-09-13,Steven Stilianos,TE,DET,NO,15,0.0,0.0,0.0,0.0,0.0,0.0,0.0,0.0,0.0,0.0,0.0,0.0,0.0,0.0,0.0,0,31,0,0.0,0.0,0.0,0.0,0.0,0.0,0.0,0.0,0.0,0.0,0.0,0.0
2026_1_StephenGuidry_WR,2026_StephenGuidry_WR,StephenGuidry_WR,2026,1,2026-09-13,Stephen Guidry,WR,DAL,@NYG,23,0.0,0.0,0.0,0.0,0.0,0.0,0.0,0.0,0.0,0.0,0.0,0.0,0.0,0.0,0.0,0,70,0,0.0,0.0,0.0,0.0,0.0,0.0,0.0,0.0,0.0,0.0,0.0,0.0
2026_1_MikeHarley_WR,2026_MikeHarley_WR,MikeHarley_WR,2026,1,2026-09-13,Mike Harley,WR,MIA,@LV,20,0.0,0.0,0.0,0.0,0.0,0.0,0.0,0.0,0.0,0.0,0.0,0.0,0.0,0.0,0.0,0,71,0,0.0,0.0,0.0,0.0,0.0,0.0,0.0,0.0,0.0,0.0,0.0,0.0
2026_1_MillerMoss_QB,2026_MillerMoss_QB,MillerMoss_QB,2026,1,2026-09-13,Miller Moss,QB,CHI,@CAR,7,0.0,0.0,0.0,0.0,0.0,0.0,0.0,0.0,0.0,0.0,0.0,0.0,0.0,0.0,0.0,0,16,0,0.0,0.0,0.0,0.0,0.0,0.0,0.0,0.0,0.0,0.0,0.0,0.0
2026_1_CharlesMcClelland_RB,2026_CharlesMcClelland_RB,CharlesMcClelland_RB,2026,1,2026-09-13,Charles McClelland,RB,TEN,NYJ,32,0.0,0.0,0.0,0.0,0.0,0.0,0.0,0.0,0.0,0.0,0.0,0.0,0.0,0.0,0.0,0,34,0,0.0,0.0,0.0,0.0,0.0,0.0,0.0,0.0,0.0,0.0,0.0,0.0
2026_1_BijanRobinson_RB,2026_BijanRobinson_RB,BijanRobinson_RB,2026,1,2026-09-13,Bijan Robinson,RB,ATL,@PIT,9,0.0,0.0,0.0,0.0,0.0,0.0,0.0,0.0,0.0,0.0,0.0,0.0,0.0,0.0,0.0,0,35,0,0.0,0.0,0.0,0.0,0.0,0.0,0.0,0.0,0.0,0.0,0.0,0.0
2026_1_ChristopherBrooks_RB,2026_ChristopherBrooks_RB,ChristopherBrooks_RB,2026,1,2026-09-13,Christopher Brooks,RB,GB,@MIN,15,0.0,0.0,0.0,0.0,0.0,0.0,0.0,0.0,0.0,0.0,0.0,0.0,0.0,0.0,0.0,0,36,0,0.0,0.0,0.0,0.0,0.0,0.0,0.0,0.0,0.0,0.0,0.0,0.0
2026_1_AdamThielen_WR,2026_AdamThielen_WR,AdamThielen_WR,2026,1,2026-09-13,Adam Thielen,WR,PIT,ATL,22,0.0,0.0,0.0,0.0,0.0,0.0,0.0,0.0,0.0,0.0,0.0,0.0,0.0,0.0,0.0,0,72,0,0.0,0.0,0.0,0.0,0.0,0.0,0.0,0.0,0.0,0.0,0.0,0.0
2026_1_MarcusMariota_QB,2026_MarcusMariota_QB,MarcusMariota_QB,2026,1,2026-09-13,Marcus Mariota,QB,WAS,@PHI,11,0.0,0.0,0.0,0.0,0.0,0.0,0.0,0.0,0.0,0.0,0.0,0.0,0.0,0.0,0.0,0,17,0,0.0,0.0,0.0,0.0,0.0,0.0,0.0,0.0,0.0,0.0,0.0,0.0
2026_1_JordanMason_RB,2026_JordanMason_RB,JordanMason_RB,2026,1,2026-09-13,Jordan Mason,RB,MIN,GB,18,0.0,0.0,0.0,0.0,0.0,0.0,0.0,0.0,0.0,0.0,0.0,0.0,0.0,0.0,0.0,0,37,0,0.0,0.0,0.0,0.0,0.0,0.0,0.0,0.0,0.0,0.0,0.0,0.0
2026_1_RhamondreStevenson_RB,2026_RhamondreStevenson_RB,RhamondreStevenson_RB,2026,1,2026-09-13,Rhamondre Stevenson,RB,NE,@SEA,4,0.0,0.0,0.0,0.0,0.0,0.0,0.0,0.0,0.0,0.0,0.0,0.0,0.0,0.0,0.0,0,38,0,0.0,0.0,0.0,0.0,0.0,0.0,0.0,0.0,0.0,0.0,0.0,0.0
2026_1_TreVeyonHenderson_RB,2026_TreVeyonHenderson_RB,TreVeyonHenderson_RB,2026,1,2026-09-13,TreVeyon Henderson,RB,NE,@SEA,4,0.0,0.0,0.0,0.0,0.0,0.0,0.0,0.0,0.0,0.0,0.0,0.0,0.0,0.0,0.0,0,39,0,0.0,0.0,0.0,0.0,0.0,0.0,0.0,0.0,0.0,0.0,0.0,0.0
2026_1_KyleMarkway_TE,2026_KyleMarkway_TE,KyleMarkway_TE,2026,1,2026-09-13,Kyle Markway,TE,LAR,SF,22,0.0,0.0,0.0,0.0,0.0,0.0,0.0,0.0,0.0,0.0,0.0,0.0,0.0,0.0,0.0,0,32,0,0.0,0.0,0.0,0.0,0.0,0.0,0.0,0.0,0.0,0.0,0.0,0.0
2026_1_KhalfaniMuhammad_RB,2026_KhalfaniMuhammad_RB,KhalfaniMuhammad_RB,2026,1,2026-09-13,Khalfani Muhammad,RB,ARI,@LAC,8,0.0,0.0,0.0,0.0,0.0,0.0,0.0,0.0,0.0,0.0,0.0,0.0,0.0,0.0,0.0,0,40,0,0.0,0.0,0.0,0.0,0.0,0.0,0.0,0.0,0.0,0.0,0.0,0.0
2026_1_JeremiahFranklin_TE,2026_JeremiahFranklin_TE,JeremiahFranklin_TE,2026,1,2026-09-13,Jeremiah Franklin,TE,MIA,@LV,3,0.0,0.0,0.0,0.0,0.0,0.0,0.0,0.0,0.0,0.0,0.0,0.0,0.0,0.0,0.0,0,33,0,0.0,0.0,0.0,0.0,0.0,0.0,0.0,0.0,0.0,0.0,0.0,0.0
2026_1_IsaacZico_WR,2026_IsaacZico_WR,IsaacZico_WR,2026,1,2026-09-13,Isaac Zico,WR,ARI,@LAC,3,0.0,0.0,0.0,0.0,0.0,0.0,0.0,0.0,0.0,0.0,0.0,0.0,0.0,0.0,0.0,0,73,0,0.0,0.0,0.0,0.0,0.0,0.0,0.0,0.0,0.0,0.0,0.0,0.0
2026_1_ChrisRodriguez_RB,2026_ChrisRodriguez_RB,ChrisRodriguez_RB,2026,1,2026-09-13,Chris Rodriguez,RB,JAC,CLE,14,0.0,0.0,0.0,0.0,0.0,0.0,0.0,0.0,0.0,0.0,0.0,0.0,0.0,0.0,0.0,0,41,0,0.0,0.0,0.0,0.0,0.0,0.0,0.0,0.0,0.0,0.0,0.0,0.0
2026_1_JackBech_WR,2026_JackBech_WR,JackBech_WR,2026,1,2026-09-13,Jack Bech,WR,LV,MIA,14,0.0,0.0,0.0,0.0,0.0,0.0,0.0,0.0,0.0,0.0,0.0,0.0,0.0,0.0,0.0,0,74,0,0.0,0.0,0.0,0.0,0.0,0.0,0.0,0.0,0.0,0.0,0.0,0.0
2026_1_JoshPearson_WR,2026_JoshPearson_WR,JoshPearson_WR,2026,1,2026-09-13,Josh Pearson,WR,TB,@CIN,9,0.0,0.0,0.0,0.0,0.0,0.0,0.0,0.0,0.0,0.0,0.0,0.0,0.0,0.0,0.0,0,75,0,0.0,0.0,0.0,0.0,0.0,0.0,0.0,0.0,0.0,0.0,0.0,0.0
2026_1_TimDeMorat_QB,2026_TimDeMorat_QB,TimDeMorat_QB,2026,1,2026-09-13,Tim DeMorat,QB,WAS,@PHI,11,0.0,0.0,0.0,0.0,0.0,0.0,0.0,0.0,0.0,0.0,0.0,0.0,0.0,0.0,0.0,0,18,0,0.0,0.0,0.0,0.0,0.0,0.0,0.0,0.0,0.0,0.0,0.0,0.0
2026_1_JustinWatson_WR,2026_JustinWatson_WR,JustinWatson_WR,2026,1,2026-09-13,Justin Watson,WR,HOU,BUF,13,0.0,0.0,0.0,0.0,0.0,0.0,0.0,0.0,0.0,0.0,0.0,0.0,0.0,0.0,0.0,0,76,0,0.0,0.0,0.0,0.0,0.0,0.0,0.0,0.0,0.0,0.0,0.0,0.0
2026_1_KenjiBahar_QB,2026_KenjiBahar_QB,KenjiBahar_QB,2026,1,2026-09-13,Kenji Bahar,QB,BAL,@IND,20,0.0,0.0,0.0,0.0,0.0,0.0,0.0,0.0,0.0,0.0,0.0,0.0,0.0,0.0,0.0,0,19,0,0.0,0.0,0.0,0.0,0.0,0.0,0.0,0.0,0.0,0.0,0.0,0.0
2026_1_RodneyAnderson_RB,2026_RodneyAnderson_RB,RodneyAnderson_RB,2026,1,2026-09-13,Rodney Anderson,RB,CIN,TB,12,0.0,0.0,0.0,0.0,0.0,0.0,0.0,0.0,0.0,0.0,0.0,0.0,0.0,0.0,0.0,0,42,0,0.0,0.0,0.0,0.0,0.0,0.0,0.0,0.0,0.0,0.0,0.0,0.0
2026_1_DariusSlayton_WR,2026_DariusSlayton_WR,DariusSlayton_WR,2026,1,2026-09-13,Darius Slayton,WR,NYG,DAL,32,0.0,0.0,0.0,0.0,0.0,0.0,0.0,0.0,0.0,0.0,0.0,0.0,0.0,0.0,0.0,0,77,0,0.0,0.0,0.0,0.0,0.0,0.0,0.0,0.0,0.0,0.0,0.0,0.0
2026_1_JacobWarren_TE,2026_JacobWarren_TE,JacobWarren_TE,2026,1,2026-09-13,Jacob Warren,TE,NE,@SEA,20,0.0,0.0,0.0,0.0,0.0,0.0,0.0,0.0,0.0,0.0,0.0,0.0,0.0,0.0,0.0,0,34,0,0.0,0.0,0.0,0.0,0.0,0.0,0.0,0.0,0.0,0.0,0.0,0.0
2026_1_AustinWatkins_WR,2026_AustinWatkins_WR,AustinWatkins_WR,2026,1,2026-09-13,Austin Watkins,WR,PHI,WAS,28,0.0,0.0,0.0,0.0,0.0,0.0,0.0,0.0,0.0,0.0,0.0,0.0,0.0,0.0,0.0,0,78,0,0.0,0.0,0.0,0.0,0.0,0.0,0.0,0.0,0.0,0.0,0.0,0.0
2026_1_LiamClifford_WR,2026_LiamClifford_WR,LiamClifford_WR,2026,1,2026-09-13,Liam Clifford,WR,IND,BAL,25,0.0,0.0,0.0,0.0,0.0,0.0,0.0,0.0,0.0,0.0,0.0,0.0,0.0,0.0,0.0,0,79,0,0.0,0.0,0.0,0.0,0.0,0.0,0.0,0.0,0.0,0.0,0.0,0.0
2026_1_AlevaHifo_WR,2026_AlevaHifo_WR,AlevaHifo_WR,2026,1,2026-09-13,Aleva Hifo,WR,ARI,@LAC,3,0.0,0.0,0.0,0.0,0.0,0.0,0.0,0.0,0.0,0.0,0.0,0.0,0.0,0.0,0.0,0,80,0,0.0,0.0,0.0,0.0,0.0,0.0,0.0,0.0,0.0,0.0,0.0,0.0
2026_1_AlexMcGough_QB,2026_AlexMcGough_QB,AlexMcGough_QB,2026,1,2026-09-13,Alex McGough,QB,GB,@MIN,1,0.0,0.0,0.0,0.0,0.0,0.0,0.0,0.0,0.0,0.0,0.0,0.0,0.0,0.0,0.0,0,20,0,0.0,0.0,0.0,0.0,0.0,0.0,0.0,0.0,0.0,0.0,0.0,0.0
2026_1_AlfonzoGraham_RB,2026_AlfonzoGraham_RB,AlfonzoGraham_RB,2026,1,2026-09-13,Alfonzo Graham,RB,PIT,ATL,16,0.0,0.0,0.0,0.0,0.0,0.0,0.0,0.0,0.0,0.0,0.0,0.0,0.0,0.0,0.0,0,43,0,0.0,0.0,0.0,0.0,0.0,0.0,0.0,0.0,0.0,0.0,0.0,0.0
2026_1_HaydenRucci_TE,2026_HaydenRucci_TE,HaydenRucci_TE,2026,1,2026-09-13,Hayden Rucci,TE,SF,@LAR,14,0.0,0.0,0.0,0.0,0.0,0.0,0.0,0.0,0.0,0.0,0.0,0.0,0.0,0.0,0.0,0,35,0,0.0,0.0,0.0,0.0,0.0,0.0,0.0,0.0,0.0,0.0,0.0,0.0
2026_1_ShaunBeyer_TE,2026_ShaunBeyer_TE,ShaunBeyer_TE,2026,1,2026-09-13,Shaun Beyer,TE,GB,@MIN,4,0.0,0.0,0.0,0.0,0.0,0.0,0.0,0.0,0.0,0.0,0.0,0.0,0.0,0.0,0.0,0,36,0,0.0,0.0,0.0,0.0,0.0,0.0,0.0,0.0,0.0,0.0,0.0,0.0
2026_1_MatthewCaldwell_QB,2026_MatthewCaldwell_QB,MatthewCaldwell_QB,2026,1,2026-09-13,Matthew Caldwell,QB,LAR,SF,16,0.0,0.0,0.0,0.0,0.0,0.0,0.0,0.0,0.0,0.0,0.0,0.0,0.0,0.0,0.0,0,21,0,0.0,0.0,0.0,0.0,0.0,0.0,0.0,0.0,0.0,0.0,0.0,0.0
2026_1_ToaTaua_RB,2026_ToaTaua_RB,ToaTaua_RB,2026,1,2026-09-13,Toa Taua,RB,CLE,@JAC,1,0.0,0.0,0.0,0.0,0.0,0.0,0.0,0.0,0.0,0.0,0.0,0.0,0.0,0.0,0.0,0,44,0,0.0,0.0,0.0,0.0,0.0,0.0,0.0,0.0,0.0,0.0,0.0,0.0
2026_1_DaewoodDavis_WR,2026_DaewoodDavis_WR,DaewoodDavis_WR,2026,1,2026-09-13,Daewood Davis,WR,CAR,CHI,31,0.0,0.0,0.0,0.0,0.0,0.0,0.0,0.0,0.0,0.0,0.0,0.0,0.0,0.0,0.0,0,81,0,0.0,0.0,0.0,0.0,0.0,0.0,0.0,0.0,0.0,0.0,0.0,0.0
2026_1_TravisKelce_TE,2026_TravisKelce_TE,TravisKelce_TE,2026,1,2026-09-13,Travis Kelce,TE,KC,DEN,18,0.0,0.0,0.0,0.0,0.0,0.0,0.0,0.0,0.0,0.0,0.0,0.0,0.0,0.0,0.0,0,37,0,0.0,0.0,0.0,0.0,0.0,0.0,0.0,0.0,0.0,0.0,0.0,0.0
2026_1_LawrenceCager_TE,2026_LawrenceCager_TE,LawrenceCager_TE,2026,1,2026-09-13,Lawrence Cager,TE,WAS,@PHI,1,0.0,0.0,0.0,0.0,0.0,0.0,0.0,0.0,0.0,0.0,0.0,0.0,0.0,0.0,0.0,0,38,0,0.0,0.0,0.0,0.0,0.0,0.0,0.0,0.0,0.0,0.0,0.0,0.0
2026_1_Dont'eThornton_WR,2026_Dont'eThornton_WR,Dont'eThornton_WR,2026,1,2026-09-13,Dont'e Thornton,WR,LV,MIA,14,0.0,0.0,0.0,0.0,0.0,0.0,0.0,0.0,0.0,0.0,0.0,0.0,0.0,0.0,0.0,0,82,0,0.0,0.0,0.0,0.0,0.0,0.0,0.0,0.0,0.0,0.0,0.0,0.0
2026_1_CheyenneO'Grady_TE,2026_CheyenneO'Grady_TE,CheyenneO'Grady_TE,2026,1,2026-09-13,Cheyenne O'Grady,TE,CIN,TB,27,0.0,0.0,0.0,0.0,0.0,0.0,0.0,0.0,0.0,0.0,0.0,0.0,0.0,0.0,0.0,0,39,0,0.0,0.0,0.0,0.0,0.0,0.0,0.0,0.0,0.0,0.0,0.0,0.0
2026_1_KevinHarris_RB,2026_KevinHarris_RB,KevinHarris_RB,2026,1,2026-09-13,Kevin Harris,RB,JAC,CLE,14,0.0,0.0,0.0,0.0,0.0,0.0,0.0,0.0,0.0,0.0,0.0,0.0,0.0,0.0,0.0,0,45,0,0.0,0.0,0.0,0.0,0.0,0.0,0.0,0.0,0.0,0.0,0.0,0.0
2026_1_AndrewArmstrong_WR,2026_AndrewArmstrong_WR,AndrewArmstrong_WR,2026,1,2026-09-13,Andrew Armstrong,WR,KC,DEN,2,0.0,0.0,0.0,0.0,0.0,0.0,0.0,0.0,0.0,0.0,0.0,0.0,0.0,0.0,0.0,0,83,0,0.0,0.0,0.0,0.0,0.0,0.0,0.0,0.0,0.0,0.0,0.0,0.0
2026_1_ZionBowens_WR,2026_ZionBowens_WR,ZionBowens_WR,2026,1,2026-09-13,Zion Bowens,WR,WAS,@PHI,8,0.0,0.0,0.0,0.0,0.0,0.0,0.0,0.0,0.0,0.0,0.0,0.0,0.0,0.0,0.0,0,84,0,0.0,0.0,0.0,0.0,0.0,0.0,0.0,0.0,0.0,0.0,0.0,0.0
2026_1_ZachErtz_TE,2026_ZachErtz_TE,ZachErtz_TE,2026,1,2026-09-13,Zach Ertz,TE,WAS,@PHI,1,0.0,0.0,0.0,0.0,0.0,0.0,0.0,0.0,0.0,0.0,0.0,0.0,0.0,0.0,0.0,0,40,0,0.0,0.0,0.0,0.0,0.0,0.0,0.0,0.0,0.0,0.0,0.0,0.0
2026_1_DemetrisRobertson_WR,2026_DemetrisRobertson_WR,DemetrisRobertson_WR,2026,1,2026-09-13,Demetris Robertson,WR,SEA,NE,11,0.0,0.0,0.0,0.0,0.0,0.0,0.0,0.0,0.0,0.0,0.0,0.0,0.0,0.0,0.0,0,85,0,0.0,0.0,0.0,0.0,0.0,0.0,0.0,0.0,0.0,0.0,0.0,0.0
2026_1_JalenWilliams_WR,2026_JalenWilliams_WR,JalenWilliams_WR,2026,1,2026-09-13,Jalen Williams,WR,NYG,DAL,32,0.0,0.0,0.0,0.0,0.0,0.0,0.0,0.0,0.0,0.0,0.0,0.0,0.0,0.0,0.0,0,86,0,0.0,0.0,0.0,0.0,0.0,0.0,0.0,0.0,0.0,0.0,0.0,0.0
2026_1_ChrisTyree_WR,2026_ChrisTyree_WR,ChrisTyree_WR,2026,1,2026-09-13,Chris Tyree,WR,NO,@DET,30,0.0,0.0,0.0,0.0,0.0,0.0,0.0,0.0,0.0,0.0,0.0,0.0,0.0,0.0,0.0,0,87,0,0.0,0.0,0.0,0.0,0.0,0.0,0.0,0.0,0.0,0.0,0.0,0.0
2026_1_CharlieWoerner_TE,2026_CharlieWoerner_TE,CharlieWoerner_TE,2026,1,2026-09-13,Charlie Woerner,TE,ATL,@PIT,26,0.0,0.0,0.0,0.0,0.0,0.0,0.0,0.0,0.0,0.0,0.0,0.0,0.0,0.0,0.0,0,41,0,0.0,0.0,0.0,0.0,0.0,0.0,0.0,0.0,0.0,0.0,0.0,0.0
2026_1_ThomasSperbeck_WR,2026_ThomasSperbeck_WR,ThomasSperbeck_WR,2026,1,2026-09-13,Thomas Sperbeck,WR,TB,@CIN,9,0.0,0.0,0.0,0.0,0.0,0.0,0.0,0.0,0.0,0.0,0.0,0.0,0.0,0.0,0.0,0,88,0,0.0,0.0,0.0,0.0,0.0,0.0,0.0,0.0,0.0,0.0,0.0,0.0
2026_1_JalenWydermyer_TE,2026_JalenWydermyer_TE,JalenWydermyer_TE,2026,1,2026-09-13,Jalen Wydermyer,TE,IND,BAL,8,0.0,0.0,0.0,0.0,0.0,0.0,0.0,0.0,0.0,0.0,0.0,0.0,0.0,0.0,0.0,0,42,0,0.0,0.0,0.0,0.0,0.0,0.0,0.0,0.0,0.0,0.0,0.0,0.0
2026_1_CalebLohner_TE,2026_CalebLohner_TE,CalebLohner_TE,2026,1,2026-09-13,Caleb Lohner,TE,DEN,@KC,6,0.0,0.0,0.0,0.0,0.0,0.0,0.0,0.0,0.0,0.0,0.0,0.0,0.0,0.0,0.0,0,43,0,0.0,0.0,0.0,0.0,0.0,0.0,0.0,0.0,0.0,0.0,0.0,0.0
2026_1_LukeWysong_WR,2026_LukeWysong_WR,LukeWysong_WR,2026,1,2026-09-13,Luke Wysong,WR,MIN,GB,21,0.0,0.0,0.0,0.0,0.0,0.0,0.0,0.0,0.0,0.0,0.0,0.0,0.0,0.0,0.0,0,89,0,0.0,0.0,0.0,0.0,0.0,0.0,0.0,0.0,0.0,0.0,0.0,0.0
2026_1_XavierMalone_WR,2026_XavierMalone_WR,XavierMalone_WR,2026,1,2026-09-13,Xavier Malone,WR,ATL,@PIT,26,0.0,0.0,0.0,0.0,0.0,0.0,0.0,0.0,0.0,0.0,0.0,0.0,0.0,0.0,0.0,0,90,0,0.0,0.0,0.0,0.0,0.0,0.0,0.0,0.0,0.0,0.0,0.0,0.0
2026_1_TezJohnson_WR,2026_TezJohnson_WR,TezJohnson_WR,2026,1,2026-09-13,Tez Johnson,WR,TB,@CIN,9,0.0,0.0,0.0,0.0,0.0,0.0,0.0,0.0,0.0,0.0,0.0,0.0,0.0,0.0,0.0,0,91,0,0.0,0.0,0.0,0.0,0.0,0.0,0.0,0.0,0.0,0.0,0.0,0.0
2026_1_WillSheppard_WR,2026_WillSheppard_WR,WillSheppard_WR,2026,1,2026-09-13,Will Sheppard,WR,GB,@MIN,1,0.0,0.0,0.0,0.0,0.0,0.0,0.0,0.0,0.0,0.0,0.0,0.0,0.0,0.0,0.0,0,92,0,0.0,0.0,0.0,0.0,0.0,0.0,0.0,0.0,0.0,0.0,0.0,0.0
2026_1_Jha'QuanJackson_WR,2026_Jha'QuanJackson_WR,Jha'QuanJackson_WR,2026,1,2026-09-13,Jha'Quan Jackson,WR,HOU,BUF,13,0.0,0.0,0.0,0.0,0.0,0.0,0.0,0.0,0.0,0.0,0.0,0.0,0.0,0.0,0.0,0,93,0,0.0,0.0,0.0,0.0,0.0,0.0,0.0,0.0,0.0,0.0,0.0,0.0
2026_1_SioneVaki_RB,2026_SioneVaki_RB,SioneVaki_RB,2026,1,2026-09-13,Sione Vaki,RB,DET,NO,20,0.0,0.0,0.0,0.0,0.0,0.0,0.0,0.0,0.0,0.0,0.0,0.0,0.0,0.0,0.0,0,46,0,0.0,0.0,0.0,0.0,0.0,0.0,0.0,0.0,0.0,0.0,0.0,0.0
2026_1_TayvionRobinson_WR,2026_TayvionRobinson_WR,TayvionRobinson_WR,2026,1,2026-09-13,Tayvion Robinson,WR,CAR,CHI,31,0.0,0.0,0.0,0.0,0.0,0.0,0.0,0.0,0.0,0.0,0.0,0.0,0.0,0.0,0.0,0,94,0,0.0,0.0,0.0,0.0,0.0,0.0,0.0,0.0,0.0,0.0,0.0,0.0
2026_1_TylerDavis_WR,2026_TylerDavis_WR,TylerDavis_WR,2026,1,2026-09-13,Tyler Davis,WR,MIA,@LV,20,0.0,0.0,0.0,0.0,0.0,0.0,0.0,0.0,0.0,0.0,0.0,0.0,0.0,0.0,0.0,0,95,0,0.0,0.0,0.0,0.0,0.0,0.0,0.0,0.0,0.0,0.0,0.0,0.0
2026_1_JauanJennings_WR,2026_JauanJennings_WR,JauanJennings_WR,2026,1,2026-09-13,Jauan Jennings,WR,MIN,GB,21,0.0,0.0,0.0,0.0,0.0,0.0,0.0,0.0,0.0,0.0,0.0,0.0,0.0,0.0,0.0,0,96,0,0.0,0.0,0.0,0.0,0.0,0.0,0.0,0.0,0.0,0.0,0.0,0.0
2026_1_RobertWoods_WR,2026_RobertWoods_WR,RobertWoods_WR,2026,1,2026-09-13,Robert Woods,WR,PIT,ATL,22,0.0,0.0,0.0,0.0,0.0,0.0,0.0,0.0,0.0,0.0,0.0,0.0,0.0,0.0,0.0,0,97,0,0.0,0.0,0.0,0.0,0.0,0.0,0.0,0.0,0.0,0.0,0.0,0.0
2026_1_DarionClark_TE,2026_DarionClark_TE,DarionClark_TE,2026,1,2026-09-13,Darion Clark,TE,CHI,@CAR,24,0.0,0.0,0.0,0.0,0.0,0.0,0.0,0.0,0.0,0.0,0.0,0.0,0.0,0.0,0.0,0,44,0,0.0,0.0,0.0,0.0,0.0,0.0,0.0,0.0,0.0,0.0,0.0,0.0
2026_1_JamalCustis_WR,2026_JamalCustis_WR,JamalCustis_WR,2026,1,2026-09-13,Jamal Custis,WR,PIT,ATL,22,0.0,0.0,0.0,0.0,0.0,0.0,0.0,0.0,0.0,0.0,0.0,0.0,0.0,0.0,0.0,0,98,0,0.0,0.0,0.0,0.0,0.0,0.0,0.0,0.0,0.0,0.0,0.0,0.0
2026_1_CameronScarlett_RB,2026_CameronScarlett_RB,CameronScarlett_RB,2026,1,2026-09-13,Cameron Scarlett,RB,SEA,NE,2,0.0,0.0,0.0,0.0,0.0,0.0,0.0,0.0,0.0,0.0,0.0,0.0,0.0,0.0,0.0,0,47,0,0.0,0.0,0.0,0.0,0.0,0.0,0.0,0.0,0.0,0.0,0.0,0.0
2026_1_BradyRussell_RB,2026_BradyRussell_RB,BradyRussell_RB,2026,1,2026-09-13,Brady Russell,RB,SEA,NE,2,0.0,0.0,0.0,0.0,0.0,0.0,0.0,0.0,0.0,0.0,0.0,0.0,0.0,0.0,0.0,0,48,0,0.0,0.0,0.0,0.0,0.0,0.0,0.0,0.0,0.0,0.0,0.0,0.0
2026_1_JosephScates_WR,2026_JosephScates_WR,JosephScates_WR,2026,1,2026-09-13,Joseph Scates,WR,JAC,CLE,5,0.0,0.0,0.0,0.0,0.0,0.0,0.0,0.0,0.0,0.0,0.0,0.0,0.0,0.0,0.0,0,99,0,0.0,0.0,0.0,0.0,0.0,0.0,0.0,0.0,0.0,0.0,0.0,0.0
2026_1_AyirAsante_WR,2026_AyirAsante_WR,AyirAsante_WR,2026,1,2026-09-13,Ayir Asante,WR,NYG,DAL,32,0.0,0.0,0.0,0.0,0.0,0.0,0.0,0.0,0.0,0.0,0.0,0.0,0.0,0.0,0.0,0,100,0,0.0,0.0,0.0,0.0,0.0,0.0,0.0,0.0,0.0,0.0,0.0,0.0
2026_1_EmoryJones_QB,2026_EmoryJones_QB,EmoryJones_QB,2026,1,2026-09-13,Emory Jones,QB,ATL,@PIT,24,0.0,0.0,0.0,0.0,0.0,0.0,0.0,0.0,0.0,0.0,0.0,0.0,0.0,0.0,0.0,0,22,0,0.0,0.0,0.0,0.0,0.0,0.0,0.0,0.0,0.0,0.0,0.0,0.0
2026_1_OscarCardenas_TE,2026_OscarCardenas_TE,OscarCardenas_TE,2026,1,2026-09-13,Oscar Cardenas,TE,ARI,@LAC,9,0.0,0.0,0.0,0.0,0.0,0.0,0.0,0.0,0.0,0.0,0.0,0.0,0.0,0.0,0.0,0,45,0,0.0,0.0,0.0,0.0,0.0,0.0,0.0,0.0,0.0,0.0,0.0,0.0
2026_1_RobertHenry_RB,2026_RobertHenry_RB,RobertHenry_RB,2026,1,2026-09-13,Robert Henry,RB,WAS,@PHI,26,0.0,0.0,0.0,0.0,0.0,0.0,0.0,0.0,0.0,0.0,0.0,0.0,0.0,0.0,0.0,0,49,0,0.0,0.0,0.0,0.0,0.0,0.0,0.0,0.0,0.0,0.0,0.0,0.0
2026_1_DemarcusRobinson_WR,2026_DemarcusRobinson_WR,DemarcusRobinson_WR,2026,1,2026-09-13,Demarcus Robinson,WR,SF,@LAR,24,0.0,0.0,0.0,0.0,0.0,0.0,0.0,0.0,0.0,0.0,0.0,0.0,0.0,0.0,0.0,0,101,0,0.0,0.0,0.0,0.0,0.0,0.0,0.0,0.0,0.0,0.0,0.0,0.0
2026_1_RashonCeaser_WR,2026_RashonCeaser_WR,RashonCeaser_WR,2026,1,2026-09-13,Rashon Ceaser,WR,TEN,NYJ,19,0.0,0.0,0.0,0.0,0.0,0.0,0.0,0.0,0.0,0.0,0.0,0.0,0.0,0.0,0.0,0,102,0,0.0,0.0,0.0,0.0,0.0,0.0,0.0,0.0,0.0,0.0,0.0,0.0
2026_1_La'MichaelPettway_TE,2026_La'MichaelPettway_TE,La'MichaelPettway_TE,2026,1,2026-09-13,La'Michael Pettway,TE,NE,@SEA,20,0.0,0.0,0.0,0.0,0.0,0.0,0.0,0.0,0.0,0.0,0.0,0.0,0.0,0.0,0.0,0,46,0,0.0,0.0,0.0,0.0,0.0,0.0,0.0,0.0,0.0,0.0,0.0,0.0
2026_1_LeonJohnson_WR,2026_LeonJohnson_WR,LeonJohnson_WR,2026,1,2026-09-13,Leon Johnson,WR,LAC,ARI,17,0.0,0.0,0.0,0.0,0.0,0.0,0.0,0.0,0.0,0.0,0.0,0.0,0.0,0.0,0.0,0,103,0,0.0,0.0,0.0,0.0,0.0,0.0,0.0,0.0,0.0,0.0,0.0,0.0
2026_1_DanielJackson_WR,2026_DanielJackson_WR,DanielJackson_WR,2026,1,2026-09-13,Daniel Jackson,WR,HOU,BUF,13,0.0,0.0,0.0,0.0,0.0,0.0,0.0,0.0,0.0,0.0,0.0,0.0,0.0,0.0,0.0,0,104,0,0.0,0.0,0.0,0.0,0.0,0.0,0.0,0.0,0.0,0.0,0.0,0.0
2026_1_IsaiahNeyor_WR,2026_IsaiahNeyor_WR,IsaiahNeyor_WR,2026,1,2026-09-13,Isaiah Neyor,WR,GB,@MIN,1,0.0,0.0,0.0,0.0,0.0,0.0,0.0,0.0,0.0,0.0,0.0,0.0,0.0,0.0,0.0,0,105,0,0.0,0.0,0.0,0.0,0.0,0.0,0.0,0.0,0.0,0.0,0.0,0.0
2026_1_TyroneBroden_WR,2026_TyroneBroden_WR,TyroneBroden_WR,2026,1,2026-09-13,Tyrone Broden,WR,SEA,NE,11,0.0,0.0,0.0,0.0,0.0,0.0,0.0,0.0,0.0,0.0,0.0,0.0,0.0,0.0,0.0,0,106,0,0.0,0.0,0.0,0.0,0.0,0.0,0.0,0.0,0.0,0.0,0.0,0.0
2026_1_Amon-RaStBrown_WR,2026_Amon-RaStBrown_WR,Amon-RaStBrown_WR,2026,1,2026-09-13,Amon-Ra St Brown,WR,DET,NO,10,0.0,0.0,0.0,0.0,0.0,0.0,0.0,0.0,0.0,0.0,0.0,0.0,0.0,0.0,0.0,0,107,0,0.0,0.0,0.0,0.0,0.0,0.0,0.0,0.0,0.0,0.0,0.0,0.0
2026_1_TaylorHeinicke_QB,2026_TaylorHeinicke_QB,TaylorHeinicke_QB,2026,1,2026-09-13,Taylor Heinicke,QB,LAC,ARI,17,0.0,0.0,0.0,0.0,0.0,0.0,0.0,0.0,0.0,0.0,0.0,0.0,0.0,0.0,0.0,0,23,0,0.0,0.0,0.0,0.0,0.0,0.0,0.0,0.0,0.0,0.0,0.0,0.0
2026_1_MalikWashington_WR,2026_MalikWashington_WR,MalikWashington_WR,2026,1,2026-09-13,Malik Washington,WR,MIA,@LV,20,0.0,0.0,0.0,0.0,0.0,0.0,0.0,0.0,0.0,0.0,0.0,0.0,0.0,0.0,0.0,0,108,0,0.0,0.0,0.0,0.0,0.0,0.0,0.0,0.0,0.0,0.0,0.0,0.0
2026_1_LeviWentz_WR,2026_LeviWentz_WR,LeviWentz_WR,2026,1,2026-09-13,Levi Wentz,WR,PIT,ATL,22,0.0,0.0,0.0,0.0,0.0,0.0,0.0,0.0,0.0,0.0,0.0,0.0,0.0,0.0,0.0,0,109,0,0.0,0.0,0.0,0.0,0.0,0.0,0.0,0.0,0.0,0.0,0.0,0.0
2026_1_JJMcCarthy_QB,2026_JJMcCarthy_QB,JJMcCarthy_QB,2026,1,2026-09-13,JJ McCarthy,QB,MIN,GB,10,0.0,0.0,0.0,0.0,0.0,0.0,0.0,0.0,0.0,0.0,0.0,0.0,0.0,0.0,0.0,0,24,0,0.0,0.0,0.0,0.0,0.0,0.0,0.0,0.0,0.0,0.0,0.0,0.0
2026_1_BenBryant_QB,2026_BenBryant_QB,BenBryant_QB,2026,1,2026-09-13,Ben Bryant,QB,NYJ,@TEN,28,0.0,0.0,0.0,0.0,0.0,0.0,0.0,0.0,0.0,0.0,0.0,0.0,0.0,0.0,0.0,0,25,0,0.0,0.0,0.0,0.0,0.0,0.0,0.0,0.0,0.0,0.0,0.0,0.0
2026_1_DrewAllar_QB,2026_DrewAllar_QB,DrewAllar_QB,2026,1,2026-09-13,Drew Allar,QB,PIT,ATL,18,0.0,0.0,0.0,0.0,0.0,0.0,0.0,0.0,0.0,0.0,0.0,0.0,0.0,0.0,0.0,0,26,0,0.0,0.0,0.0,0.0,0.0,0.0,0.0,0.0,0.0,0.0,0.0,0.0
2026_1_AshtonDulin_WR,2026_AshtonDulin_WR,AshtonDulin_WR,2026,1,2026-09-13,Ashton Dulin,WR,IND,BAL,25,0.0,0.0,0.0,0.0,0.0,0.0,0.0,0.0,0.0,0.0,0.0,0.0,0.0,0.0,0.0,0,110,0,0.0,0.0,0.0,0.0,0.0,0.0,0.0,0.0,0.0,0.0,0.0,0.0
2026_1_IsaiahWinstead_WR,2026_IsaiahWinstead_WR,IsaiahWinstead_WR,2026,1,2026-09-13,Isaiah Winstead,WR,PIT,ATL,22,0.0,0.0,0.0,0.0,0.0,0.0,0.0,0.0,0.0,0.0,0.0,0.0,0.0,0.0,0.0,0,111,0,0.0,0.0,0.0,0.0,0.0,0.0,0.0,0.0,0.0,0.0,0.0,0.0
2026_1_De'VonAchane_RB,2026_De'VonAchane_RB,De'VonAchane_RB,2026,1,2026-09-13,De'Von Achane,RB,MIA,@LV,21,0.0,0.0,0.0,0.0,0.0,0.0,0.0,0.0,0.0,0.0,0.0,0.0,0.0,0.0,0.0,0,50,0,0.0,0.0,0.0,0.0,0.0,0.0,0.0,0.0,0.0,0.0,0.0,0.0
2026_1_MarkThompson_RB,2026_MarkThompson_RB,MarkThompson_RB,2026,1,2026-09-13,Mark Thompson,RB,LV,MIA,24,0.0,0.0,0.0,0.0,0.0,0.0,0.0,0.0,0.0,0.0,0.0,0.0,0.0,0.0,0.0,0,51,0,0.0,0.0,0.0,0.0,0.0,0.0,0.0,0.0,0.0,0.0,0.0,0.0
2026_1_WillHoward_QB,2026_WillHoward_QB,WillHoward_QB,2026,1,2026-09-13,Will Howard,QB,PIT,ATL,18,0.0,0.0,0.0,0.0,0.0,0.0,0.0,0.0,0.0,0.0,0.0,0.0,0.0,0.0,0.0,0,27,0,0.0,0.0,0.0,0.0,0.0,0.0,0.0,0.0,0.0,0.0,0.0,0.0
2026_1_DallinHolker_TE,2026_DallinHolker_TE,DallinHolker_TE,2026,1,2026-09-13,Dallin Holker,TE,NO,@DET,19,0.0,0.0,0.0,0.0,0.0,0.0,0.0,0.0,0.0,0.0,0.0,0.0,0.0,0.0,0.0,0,47,0,0.0,0.0,0.0,0.0,0.0,0.0,0.0,0.0,0.0,0.0,0.0,0.0
2026_1_DevronHarper_WR,2026_DevronHarper_WR,DevronHarper_WR,2026,1,2026-09-13,Devron Harper,WR,MIN,GB,21,0.0,0.0,0.0,0.0,0.0,0.0,0.0,0.0,0.0,0.0,0.0,0.0,0.0,0.0,0.0,0,112,0,0.0,0.0,0.0,0.0,0.0,0.0,0.0,0.0,0.0,0.0,0.0,0.0
2026_1_BrendenBates_TE,2026_BrendenBates_TE,BrendenBates_TE,2026,1,2026-09-13,Brenden Bates,TE,CLE,@JAC,23,0.0,0.0,0.0,0.0,0.0,0.0,0.0,0.0,0.0,0.0,0.0,0.0,0.0,0.0,0.0,0,48,0,0.0,0.0,0.0,0.0,0.0,0.0,0.0,0.0,0.0,0.0,0.0,0.0
2026_1_RocTaylor_WR,2026_RocTaylor_WR,RocTaylor_WR,2026,1,2026-09-13,Roc Taylor,WR,CAR,CHI,31,0.0,0.0,0.0,0.0,0.0,0.0,0.0,0.0,0.0,0.0,0.0,0.0,0.0,0.0,0.0,0,113,0,0.0,0.0,0.0,0.0,0.0,0.0,0.0,0.0,0.0,0.0,0.0,0.0
2026_1_DevonteRoss_WR,2026_DevonteRoss_WR,DevonteRoss_WR,2026,1,2026-09-13,Devonte Ross,WR,LAC,ARI,17,0.0,0.0,0.0,0.0,0.0,0.0,0.0,0.0,0.0,0.0,0.0,0.0,0.0,0.0,0.0,0,114,0,0.0,0.0,0.0,0.0,0.0,0.0,0.0,0.0,0.0,0.0,0.0,0.0
2026_1_JTBarrett_QB,2026_JTBarrett_QB,JTBarrett_QB,2026,1,2026-09-13,JT Barrett,QB,PIT,ATL,18,0.0,0.0,0.0,0.0,0.0,0.0,0.0,0.0,0.0,0.0,0.0,0.0,0.0,0.0,0.0,0,28,0,0.0,0.0,0.0,0.0,0.0,0.0,0.0,0.0,0.0,0.0,0.0,0.0
2026_1_QualiConley_RB,2026_QualiConley_RB,QualiConley_RB,2026,1,2026-09-13,Quali Conley,RB,CIN,TB,12,0.0,0.0,0.0,0.0,0.0,0.0,0.0,0.0,0.0,0.0,0.0,0.0,0.0,0.0,0.0,0,52,0,0.0,0.0,0.0,0.0,0.0,0.0,0.0,0.0,0.0,0.0,0.0,0.0
2026_1_FeleipeFranks_TE,2026_FeleipeFranks_TE,FeleipeFranks_TE,2026,1,2026-09-13,Feleipe Franks,TE,CAR,CHI,11,0.0,0.0,0.0,0.0,0.0,0.0,0.0,0.0,0.0,0.0,0.0,0.0,0.0,0.0,0.0,0,49,0,0.0,0.0,0.0,0.0,0.0,0.0,0.0,0.0,0.0,0.0,0.0,0.0
2026_1_SeanModster_WR,2026_SeanModster_WR,SeanModster_WR,2026,1,2026-09-13,Sean Modster,WR,BAL,@IND,27,0.0,0.0,0.0,0.0,0.0,0.0,0.0,0.0,0.0,0.0,0.0,0.0,0.0,0.0,0.0,0,115,0,0.0,0.0,0.0,0.0,0.0,0.0,0.0,0.0,0.0,0.0,0.0,0.0
2026_1_EliHeidenreich_RB,2026_EliHeidenreich_RB,EliHeidenreich_RB,2026,1,2026-09-13,Eli Heidenreich,RB,PIT,ATL,16,0.0,0.0,0.0,0.0,0.0,0.0,0.0,0.0,0.0,0.0,0.0,0.0,0.0,0.0,0.0,0,53,0,0.0,0.0,0.0,0.0,0.0,0.0,0.0,0.0,0.0,0.0,0.0,0.0
2026_1_LakeMcRee_TE,2026_LakeMcRee_TE,LakeMcRee_TE,2026,1,2026-09-13,Lake McRee,TE,PIT,ATL,5,0.0,0.0,0.0,0.0,0.0,0.0,0.0,0.0,0.0,0.0,0.0,0.0,0.0,0.0,0.0,0,50,0,0.0,0.0,0.0,0.0,0.0,0.0,0.0,0.0,0.0,0.0,0.0,0.0
2026_1_PatrickCarr_RB,2026_PatrickCarr_RB,PatrickCarr_RB,2026,1,2026-09-13,Patrick Carr,RB,SEA,NE,2,0.0,0.0,0.0,0.0,0.0,0.0,0.0,0.0,0.0,0.0,0.0,0.0,0.0,0.0,0.0,0,54,0,0.0,0.0,0.0,0.0,0.0,0.0,0.0,0.0,0.0,0.0,0.0,0.0
2026_1_MitchTrubisky_QB,2026_MitchTrubisky_QB,MitchTrubisky_QB,2026,1,2026-09-13,Mitch Trubisky,QB,TEN,NYJ,31,0.0,0.0,0.0,0.0,0.0,0.0,0.0,0.0,0.0,0.0,0.0,0.0,0.0,0.0,0.0,0,29,0,0.0,0.0,0.0,0.0,0.0,0.0,0.0,0.0,0.0,0.0,0.0,0.0
2026_1_CalebWilliams_QB,2026_CalebWilliams_QB,CalebWilliams_QB,2026,1,2026-09-13,Caleb Williams,QB,CHI,@CAR,7,0.0,0.0,0.0,0.0,0.0,0.0,0.0,0.0,0.0,0.0,0.0,0.0,0.0,0.0,0.0,0,30,0,0.0,0.0,0.0,0.0,0.0,0.0,0.0,0.0,0.0,0.0,0.0,0.0
2026_1_DevinSingletary_RB,2026_DevinSingletary_RB,DevinSingletary_RB,2026,1,2026-09-13,Devin Singletary,RB,NYG,DAL,27,0.0,0.0,0.0,0.0,0.0,0.0,0.0,0.0,0.0,0.0,0.0,0.0,0.0,0.0,0.0,0,55,0,0.0,0.0,0.0,0.0,0.0,0.0,0.0,0.0,0.0,0.0,0.0,0.0
2026_1_AdamPrentice_RB,2026_AdamPrentice_RB,AdamPrentice_RB,2026,1,2026-09-13,Adam Prentice,RB,DEN,@KC,6,0.0,0.0,0.0,0.0,0.0,0.0,0.0,0.0,0.0,0.0,0.0,0.0,0.0,0.0,0.0,0,56,0,0.0,0.0,0.0,0.0,0.0,0.0,0.0,0.0,0.0,0.0,0.0,0.0
2026_1_TomKennedy_WR,2026_TomKennedy_WR,TomKennedy_WR,2026,1,2026-09-13,Tom Kennedy,WR,DET,NO,10,0.0,0.0,0.0,0.0,0.0,0.0,0.0,0.0,0.0,0.0,0.0,0.0,0.0,0.0,0.0,0,116,0,0.0,0.0,0.0,0.0,0.0,0.0,0.0,0.0,0.0,0.0,0.0,0.0
2026_1_DrewEstrada_WR,2026_DrewEstrada_WR,DrewEstrada_WR,2026,1,2026-09-13,Drew Estrada,WR,HOU,BUF,13,0.0,0.0,0.0,0.0,0.0,0.0,0.0,0.0,0.0,0.0,0.0,0.0,0.0,0.0,0.0,0,117,0,0.0,0.0,0.0,0.0,0.0,0.0,0.0,0.0,0.0,0.0,0.0,0.0
2026_1_JoshReese_WR,2026_JoshReese_WR,JoshReese_WR,2026,1,2026-09-13,Josh Reese,WR,PHI,WAS,28,0.0,0.0,0.0,0.0,0.0,0.0,0.0,0.0,0.0,0.0,0.0,0.0,0.0,0.0,0.0,0,118,0,0.0,0.0,0.0,0.0,0.0,0.0,0.0,0.0,0.0,0.0,0.0,0.0
2026_1_TreytonWelch_TE,2026_TreytonWelch_TE,TreytonWelch_TE,2026,1,2026-09-13,Treyton Welch,TE,NO,@DET,19,0.0,0.0,0.0,0.0,0.0,0.0,0.0,0.0,0.0,0.0,0.0,0.0,0.0,0.0,0.0,0,51,0,0.0,0.0,0.0,0.0,0.0,0.0,0.0,0.0,0.0,0.0,0.0,0.0
2026_1_IsaiahMcKoy_WR,2026_IsaiahMcKoy_WR,IsaiahMcKoy_WR,2026,1,2026-09-13,Isaiah McKoy,WR,IND,BAL,25,0.0,0.0,0.0,0.0,0.0,0.0,0.0,0.0,0.0,0.0,0.0,0.0,0.0,0.0,0.0,0,119,0,0.0,0.0,0.0,0.0,0.0,0.0,0.0,0.0,0.0,0.0,0.0,0.0
2026_1_PhilipRivers_QB,2026_PhilipRivers_QB,PhilipRivers_QB,2026,1,2026-09-13,Philip Rivers,QB,IND,BAL,21,0.0,0.0,0.0,0.0,0.0,0.0,0.0,0.0,0.0,0.0,0.0,0.0,0.0,0.0,0.0,0,31,0,0.0,0.0,0.0,0.0,0.0,0.0,0.0,0.0,0.0,0.0,0.0,0.0
2026_1_SamDarnold_QB,2026_SamDarnold_QB,SamDarnold_QB,2026,1,2026-09-13,Sam Darnold,QB,SEA,NE,5,0.0,0.0,0.0,0.0,0.0,0.0,0.0,0.0,0.0,0.0,0.0,0.0,0.0,0.0,0.0,0,32,0,0.0,0.0,0.0,0.0,0.0,0.0,0.0,0.0,0.0,0.0,0.0,0.0
2026_1_KCConcepcion_WR,2026_KCConcepcion_WR,KCConcepcion_WR,2026,1,2026-09-13,KC Concepcion,WR,CLE,@JAC,15,0.0,0.0,0.0,0.0,0.0,0.0,0.0,0.0,0.0,0.0,0.0,0.0,0.0,0.0,0.0,0,120,0,0.0,0.0,0.0,0.0,0.0,0.0,0.0,0.0,0.0,0.0,0.0,0.0
2026_1_AidanRobbins_RB,2026_AidanRobbins_RB,AidanRobbins_RB,2026,1,2026-09-13,Aidan Robbins,RB,CLE,@JAC,1,0.0,0.0,0.0,0.0,0.0,0.0,0.0,0.0,0.0,0.0,0.0,0.0,0.0,0.0,0.0,0,57,0,0.0,0.0,0.0,0.0,0.0,0.0,0.0,0.0,0.0,0.0,0.0,0.0
2026_1_MichaelPenix_QB,2026_MichaelPenix_QB,MichaelPenix_QB,2026,1,2026-09-13,Michael Penix,QB,ATL,@PIT,24,0.0,0.0,0.0,0.0,0.0,0.0,0.0,0.0,0.0,0.0,0.0,0.0,0.0,0.0,0.0,0,33,0,0.0,0.0,0.0,0.0,0.0,0.0,0.0,0.0,0.0,0.0,0.0,0.0
2026_1_D'WayneEskridge_WR,2026_D'WayneEskridge_WR,D'WayneEskridge_WR,2026,1,2026-09-13,D'Wayne Eskridge,WR,MIA,@LV,20,0.0,0.0,0.0,0.0,0.0,0.0,0.0,0.0,0.0,0.0,0.0,0.0,0.0,0.0,0.0,0,121,0,0.0,0.0,0.0,0.0,0.0,0.0,0.0,0.0,0.0,0.0,0.0,0.0
2026_1_TreySermon_RB,2026_TreySermon_RB,TreySermon_RB,2026,1,2026-09-13,Trey Sermon,RB,ATL,@PIT,9,0.0,0.0,0.0,0.0,0.0,0.0,0.0,0.0,0.0,0.0,0.0,0.0,0.0,0.0,0.0,0,58,0,0.0,0.0,0.0,0.0,0.0,0.0,0.0,0.0,0.0,0.0,0.0,0.0
2026_1_JamalAgnew_WR,2026_JamalAgnew_WR,JamalAgnew_WR,2026,1,2026-09-13,Jamal Agnew,WR,ATL,@PIT,26,0.0,0.0,0.0,0.0,0.0,0.0,0.0,0.0,0.0,0.0,0.0,0.0,0.0,0.0,0.0,0,122,0,0.0,0.0,0.0,0.0,0.0,0.0,0.0,0.0,0.0,0.0,0.0,0.0
2026_1_IsaiahDavis_RB,2026_IsaiahDavis_RB,IsaiahDavis_RB,2026,1,2026-09-13,Isaiah Davis,RB,NYJ,@TEN,13,0.0,0.0,0.0,0.0,0.0,0.0,0.0,0.0,0.0,0.0,0.0,0.0,0.0,0.0,0.0,0,59,0,0.0,0.0,0.0,0.0,0.0,0.0,0.0,0.0,0.0,0.0,0.0,0.0
2026_1_GaryChambers_WR,2026_GaryChambers_WR,GaryChambers_WR,2026,1,2026-09-13,Gary Chambers,WR,BUF,@HOU,7,0.0,0.0,0.0,0.0,0.0,0.0,0.0,0.0,0.0,0.0,0.0,0.0,0.0,0.0,0.0,0,123,0,0.0,0.0,0.0,0.0,0.0,0.0,0.0,0.0,0.0,0.0,0.0,0.0
2026_1_DawsonKnox_TE,2026_DawsonKnox_TE,DawsonKnox_TE,2026,1,2026-09-13,Dawson Knox,TE,BUF,@HOU,7,0.0,0.0,0.0,0.0,0.0,0.0,0.0,0.0,0.0,0.0,0.0,0.0,0.0,0.0,0.0,0,52,0,0.0,0.0,0.0,0.0,0.0,0.0,0.0,0.0,0.0,0.0,0.0,0.0
2026_1_SterlingShepard_WR,2026_SterlingShepard_WR,SterlingShepard_WR,2026,1,2026-09-13,Sterling Shepard,WR,TB,@CIN,9,0.0,0.0,0.0,0.0,0.0,0.0,0.0,0.0,0.0,0.0,0.0,0.0,0.0,0.0,0.0,0,124,0,0.0,0.0,0.0,0.0,0.0,0.0,0.0,0.0,0.0,0.0,0.0,0.0
2026_1_DavanteAdams_WR,2026_DavanteAdams_WR,DavanteAdams_WR,2026,1,2026-09-13,Davante Adams,WR,LAR,SF,16,0.0,0.0,0.0,0.0,0.0,0.0,0.0,0.0,0.0,0.0,0.0,0.0,0.0,0.0,0.0,0,125,0,0.0,0.0,0.0,0.0,0.0,0.0,0.0,0.0,0.0,0.0,0.0,0.0
2026_1_DamienCaffrey_TE,2026_DamienCaffrey_TE,DamienCaffrey_TE,2026,1,2026-09-13,Damien Caffrey,TE,CHI,@CAR,24,0.0,0.0,0.0,0.0,0.0,0.0,0.0,0.0,0.0,0.0,0.0,0.0,0.0,0.0,0.0,0,53,0,0.0,0.0,0.0,0.0,0.0,0.0,0.0,0.0,0.0,0.0,0.0,0.0
2026_1_TimJones_WR,2026_TimJones_WR,TimJones_WR,2026,1,2026-09-13,Tim Jones,WR,JAC,CLE,5,0.0,0.0,0.0,0.0,0.0,0.0,0.0,0.0,0.0,0.0,0.0,0.0,0.0,0.0,0.0,0,126,0,0.0,0.0,0.0,0.0,0.0,0.0,0.0,0.0,0.0,0.0,0.0,0.0
2026_1_JaretPatterson_RB,2026_JaretPatterson_RB,JaretPatterson_RB,2026,1,2026-09-13,Jaret Patterson,RB,LAC,ARI,30,0.0,0.0,0.0,0.0,0.0,0.0,0.0,0.0,0.0,0.0,0.0,0.0,0.0,0.0,0.0,0,60,0,0.0,0.0,0.0,0.0,0.0,0.0,0.0,0.0,0.0,0.0,0.0,0.0
2026_1_AntonioNunn_WR,2026_AntonioNunn_WR,AntonioNunn_WR,2026,1,2026-09-13,Antonio Nunn,WR,ATL,@PIT,26,0.0,0.0,0.0,0.0,0.0,0.0,0.0,0.0,0.0,0.0,0.0,0.0,0.0,0.0,0.0,0,127,0,0.0,0.0,0.0,0.0,0.0,0.0,0.0,0.0,0.0,0.0,0.0,0.0
2026_1_TraeshonHolden_WR,2026_TraeshonHolden_WR,TraeshonHolden_WR,2026,1,2026-09-13,Traeshon Holden,WR,DAL,@NYG,23,0.0,0.0,0.0,0.0,0.0,0.0,0.0,0.0,0.0,0.0,0.0,0.0,0.0,0.0,0.0,0,128,0,0.0,0.0,0.0,0.0,0.0,0.0,0.0,0.0,0.0,0.0,0.0,0.0
2026_1_DillonMitchell_WR,2026_DillonMitchell_WR,DillonMitchell_WR,2026,1,2026-09-13,Dillon Mitchell,WR,MIN,GB,21,0.0,0.0,0.0,0.0,0.0,0.0,0.0,0.0,0.0,0.0,0.0,0.0,0.0,0.0,0.0,0,129,0,0.0,0.0,0.0,0.0,0.0,0.0,0.0,0.0,0.0,0.0,0.0,0.0
2026_1_JacobyJones_WR,2026_JacobyJones_WR,JacobyJones_WR,2026,1,2026-09-13,Jacoby Jones,WR,WAS,@PHI,8,0.0,0.0,0.0,0.0,0.0,0.0,0.0,0.0,0.0,0.0,0.0,0.0,0.0,0.0,0.0,0,130,0,0.0,0.0,0.0,0.0,0.0,0.0,0.0,0.0,0.0,0.0,0.0,0.0
2026_1_ZackMoss_RB,2026_ZackMoss_RB,ZackMoss_RB,2026,1,2026-09-13,Zack Moss,RB,CIN,TB,12,0.0,0.0,0.0,0.0,0.0,0.0,0.0,0.0,0.0,0.0,0.0,0.0,0.0,0.0,0.0,0,61,0,0.0,0.0,0.0,0.0,0.0,0.0,0.0,0.0,0.0,0.0,0.0,0.0
2026_1_NickBrossette_RB,2026_NickBrossette_RB,NickBrossette_RB,2026,1,2026-09-13,Nick Brossette,RB,DET,NO,20,0.0,0.0,0.0,0.0,0.0,0.0,0.0,0.0,0.0,0.0,0.0,0.0,0.0,0.0,0.0,0,62,0,0.0,0.0,0.0,0.0,0.0,0.0,0.0,0.0,0.0,0.0,0.0,0.0
2026_1_ElijahCooks_WR,2026_ElijahCooks_WR,ElijahCooks_WR,2026,1,2026-09-13,Elijah Cooks,WR,CAR,CHI,31,0.0,0.0,0.0,0.0,0.0,0.0,0.0,0.0,0.0,0.0,0.0,0.0,0.0,0.0,0.0,0,131,0,0.0,0.0,0.0,0.0,0.0,0.0,0.0,0.0,0.0,0.0,0.0,0.0
2026_1_JarrettGuarantano_QB,2026_JarrettGuarantano_QB,JarrettGuarantano_QB,2026,1,2026-09-13,Jarrett Guarantano,QB,DEN,@KC,12,0.0,0.0,0.0,0.0,0.0,0.0,0.0,0.0,0.0,0.0,0.0,0.0,0.0,0.0,0.0,0,34,0,0.0,0.0,0.0,0.0,0.0,0.0,0.0,0.0,0.0,0.0,0.0,0.0
2026_1_CorneliusJohnson_WR,2026_CorneliusJohnson_WR,CorneliusJohnson_WR,2026,1,2026-09-13,Cornelius Johnson,WR,BAL,@IND,27,0.0,0.0,0.0,0.0,0.0,0.0,0.0,0.0,0.0,0.0,0.0,0.0,0.0,0.0,0.0,0,132,0,0.0,0.0,0.0,0.0,0.0,0.0,0.0,0.0,0.0,0.0,0.0,0.0
2026_1_LaQuvionteGonzalez_WR,2026_LaQuvionteGonzalez_WR,LaQuvionteGonzalez_WR,2026,1,2026-09-13,LaQuvionte Gonzalez,WR,LAR,SF,16,0.0,0.0,0.0,0.0,0.0,0.0,0.0,0.0,0.0,0.0,0.0,0.0,0.0,0.0,0.0,0,133,0,0.0,0.0,0.0,0.0,0.0,0.0,0.0,0.0,0.0,0.0,0.0,0.0
2026_1_ThomasOdukoya_TE,2026_ThomasOdukoya_TE,ThomasOdukoya_TE,2026,1,2026-09-13,Thomas Odukoya,TE,NE,@SEA,20,0.0,0.0,0.0,0.0,0.0,0.0,0.0,0.0,0.0,0.0,0.0,0.0,0.0,0.0,0.0,0,54,0,0.0,0.0,0.0,0.0,0.0,0.0,0.0,0.0,0.0,0.0,0.0,0.0
2026_1_JamisonCrowder_WR,2026_JamisonCrowder_WR,JamisonCrowder_WR,2026,1,2026-09-13,Jamison Crowder,WR,WAS,@PHI,8,0.0,0.0,0.0,0.0,0.0,0.0,0.0,0.0,0.0,0.0,0.0,0.0,0.0,0.0,0.0,0,134,0,0.0,0.0,0.0,0.0,0.0,0.0,0.0,0.0,0.0,0.0,0.0,0.0
2026_1_PatrickTaylor_RB,2026_PatrickTaylor_RB,PatrickTaylor_RB,2026,1,2026-09-13,Patrick Taylor,RB,SF,@LAR,10,0.0,0.0,0.0,0.0,0.0,0.0,0.0,0.0,0.0,0.0,0.0,0.0,0.0,0.0,0.0,0,63,0,0.0,0.0,0.0,0.0,0.0,0.0,0.0,0.0,0.0,0.0,0.0,0.0
2026_1_BhayshulTuten_RB,2026_BhayshulTuten_RB,BhayshulTuten_RB,2026,1,2026-09-13,Bhayshul Tuten,RB,JAC,CLE,14,0.0,0.0,0.0,0.0,0.0,0.0,0.0,0.0,0.0,0.0,0.0,0.0,0.0,0.0,0.0,0,64,0,0.0,0.0,0.0,0.0,0.0,0.0,0.0,0.0,0.0,0.0,0.0,0.0
2026_1_MilesDavis_RB,2026_MilesDavis_RB,MilesDavis_RB,2026,1,2026-09-13,Miles Davis,RB,CAR,CHI,19,0.0,0.0,0.0,0.0,0.0,0.0,0.0,0.0,0.0,0.0,0.0,0.0,0.0,0.0,0.0,0,65,0,0.0,0.0,0.0,0.0,0.0,0.0,0.0,0.0,0.0,0.0,0.0,0.0
2026_1_CJStroud_QB,2026_CJStroud_QB,CJStroud_QB,2026,1,2026-09-13,CJ Stroud,QB,HOU,BUF,9,0.0,0.0,0.0,0.0,0.0,0.0,0.0,0.0,0.0,0.0,0.0,0.0,0.0,0.0,0.0,0,35,0,0.0,0.0,0.0,0.0,0.0,0.0,0.0,0.0,0.0,0.0,0.0,0.0
2026_1_MichaelDereus_WR,2026_MichaelDereus_WR,MichaelDereus_WR,2026,1,2026-09-13,Michael Dereus,WR,BAL,@IND,27,0.0,0.0,0.0,0.0,0.0,0.0,0.0,0.0,0.0,0.0,0.0,0.0,0.0,0.0,0.0,0,135,0,0.0,0.0,0.0,0.0,0.0,0.0,0.0,0.0,0.0,0.0,0.0,0.0
2026_1_ChrisManhertz_TE,2026_ChrisManhertz_TE,ChrisManhertz_TE,2026,1,2026-09-13,Chris Manhertz,TE,NYG,DAL,13,0.0,0.0,0.0,0.0,0.0,0.0,0.0,0.0,0.0,0.0,0.0,0.0,0.0,0.0,0.0,0,55,0,0.0,0.0,0.0,0.0,0.0,0.0,0.0,0.0,0.0,0.0,0.0,0.0
2026_1_DustinCrum_QB,2026_DustinCrum_QB,DustinCrum_QB,2026,1,2026-09-13,Dustin Crum,QB,KC,DEN,13,0.0,0.0,0.0,0.0,0.0,0.0,0.0,0.0,0.0,0.0,0.0,0.0,0.0,0.0,0.0,0,36,0,0.0,0.0,0.0,0.0,0.0,0.0,0.0,0.0,0.0,0.0,0.0,0.0
2026_1_AlecIngold_RB,2026_AlecIngold_RB,AlecIngold_RB,2026,1,2026-09-13,Alec Ingold,RB,LAC,ARI,30,0.0,0.0,0.0,0.0,0.0,0.0,0.0,0.0,0.0,0.0,0.0,0.0,0.0,0.0,0.0,0,66,0,0.0,0.0,0.0,0.0,0.0,0.0,0.0,0.0,0.0,0.0,0.0,0.0
2026_1_NajeeHarris_RB,2026_NajeeHarris_RB,NajeeHarris_RB,2026,1,2026-09-13,Najee Harris,RB,LAC,ARI,30,0.0,0.0,0.0,0.0,0.0,0.0,0.0,0.0,0.0,0.0,0.0,0.0,0.0,0.0,0.0,0,67,0,0.0,0.0,0.0,0.0,0.0,0.0,0.0,0.0,0.0,0.0,0.0,0.0
2026_1_JeremyRuckert_TE,2026_JeremyRuckert_TE,JeremyRuckert_TE,2026,1,2026-09-13,Jeremy Ruckert,TE,NYJ,@TEN,21,0.0,0.0,0.0,0.0,0.0,0.0,0.0,0.0,0.0,0.0,0.0,0.0,0.0,0.0,0.0,0,56,0,0.0,0.0,0.0,0.0,0.0,0.0,0.0,0.0,0.0,0.0,0.0,0.0
2026_1_MikeWashington_RB,2026_MikeWashington_RB,MikeWashington_RB,2026,1,2026-09-13,Mike Washington,RB,LV,MIA,24,0.0,0.0,0.0,0.0,0.0,0.0,0.0,0.0,0.0,0.0,0.0,0.0,0.0,0.0,0.0,0,68,0,0.0,0.0,0.0,0.0,0.0,0.0,0.0,0.0,0.0,0.0,0.0,0.0
2026_1_BritishBrooks_RB,2026_BritishBrooks_RB,BritishBrooks_RB,2026,1,2026-09-13,British Brooks,RB,HOU,BUF,25,0.0,0.0,0.0,0.0,0.0,0.0,0.0,0.0,0.0,0.0,0.0,0.0,0.0,0.0,0.0,0,69,0,0.0,0.0,0.0,0.0,0.0,0.0,0.0,0.0,0.0,0.0,0.0,0.0
2026_1_CoreySutton_WR,2026_CoreySutton_WR,CoreySutton_WR,2026,1,2026-09-13,Corey Sutton,WR,DET,NO,10,0.0,0.0,0.0,0.0,0.0,0.0,0.0,0.0,0.0,0.0,0.0,0.0,0.0,0.0,0.0,0,136,0,0.0,0.0,0.0,0.0,0.0,0.0,0.0,0.0,0.0,0.0,0.0,0.0
2026_1_MattColburn_RB,2026_MattColburn_RB,MattColburn_RB,2026,1,2026-09-13,Matt Colburn,RB,JAC,CLE,14,0.0,0.0,0.0,0.0,0.0,0.0,0.0,0.0,0.0,0.0,0.0,0.0,0.0,0.0,0.0,0,70,0,0.0,0.0,0.0,0.0,0.0,0.0,0.0,0.0,0.0,0.0,0.0,0.0
2026_1_ChrisFinke_WR,2026_ChrisFinke_WR,ChrisFinke_WR,2026,1,2026-09-13,Chris Finke,WR,CHI,@CAR,12,0.0,0.0,0.0,0.0,0.0,0.0,0.0,0.0,0.0,0.0,0.0,0.0,0.0,0.0,0.0,0,137,0,0.0,0.0,0.0,0.0,0.0,0.0,0.0,0.0,0.0,0.0,0.0,0.0
2026_1_CalvinJackson_WR,2026_CalvinJackson_WR,CalvinJackson_WR,2026,1,2026-09-13,Calvin Jackson,WR,MIA,@LV,20,0.0,0.0,0.0,0.0,0.0,0.0,0.0,0.0,0.0,0.0,0.0,0.0,0.0,0.0,0.0,0,138,0,0.0,0.0,0.0,0.0,0.0,0.0,0.0,0.0,0.0,0.0,0.0,0.0
2026_1_MarlinKlein_TE,2026_MarlinKlein_TE,MarlinKlein_TE,2026,1,2026-09-13,Marlin Klein,TE,HOU,BUF,2,0.0,0.0,0.0,0.0,0.0,0.0,0.0,0.0,0.0,0.0,0.0,0.0,0.0,0.0,0.0,0,57,0,0.0,0.0,0.0,0.0,0.0,0.0,0.0,0.0,0.0,0.0,0.0,0.0
2026_1_DalenCambre_WR,2026_DalenCambre_WR,DalenCambre_WR,2026,1,2026-09-13,Dalen Cambre,WR,NYG,DAL,32,0.0,0.0,0.0,0.0,0.0,0.0,0.0,0.0,0.0,0.0,0.0,0.0,0.0,0.0,0.0,0,139,0,0.0,0.0,0.0,0.0,0.0,0.0,0.0,0.0,0.0,0.0,0.0,0.0
2026_1_DevinCulp_TE,2026_DevinCulp_TE,DevinCulp_TE,2026,1,2026-09-13,Devin Culp,TE,TB,@CIN,32,0.0,0.0,0.0,0.0,0.0,0.0,0.0,0.0,0.0,0.0,0.0,0.0,0.0,0.0,0.0,0,58,0,0.0,0.0,0.0,0.0,0.0,0.0,0.0,0.0,0.0,0.0,0.0,0.0
2026_1_TyJames_WR,2026_TyJames_WR,TyJames_WR,2026,1,2026-09-13,Ty James,WR,MIN,GB,21,0.0,0.0,0.0,0.0,0.0,0.0,0.0,0.0,0.0,0.0,0.0,0.0,0.0,0.0,0.0,0,140,0,0.0,0.0,0.0,0.0,0.0,0.0,0.0,0.0,0.0,0.0,0.0,0.0
2026_1_CarsonWentz_QB,2026_CarsonWentz_QB,CarsonWentz_QB,2026,1,2026-09-13,Carson Wentz,QB,MIN,GB,10,0.0,0.0,0.0,0.0,0.0,0.0,0.0,0.0,0.0,0.0,0.0,0.0,0.0,0.0,0.0,0,37,0,0.0,0.0,0.0,0.0,0.0,0.0,0.0,0.0,0.0,0.0,0.0,0.0
2026_1_ElijahSarratt_WR,2026_ElijahSarratt_WR,ElijahSarratt_WR,2026,1,2026-09-13,Elijah Sarratt,WR,BAL,@IND,27,0.0,0.0,0.0,0.0,0.0,0.0,0.0,0.0,0.0,0.0,0.0,0.0,0.0,0.0,0.0,0,141,0,0.0,0.0,0.0,0.0,0.0,0.0,0.0,0.0,0.0,0.0,0.0,0.0
2026_1_NickStevens_QB,2026_NickStevens_QB,NickStevens_QB,2026,1,2026-09-13,Nick Stevens,QB,DEN,@KC,12,0.0,0.0,0.0,0.0,0.0,0.0,0.0,0.0,0.0,0.0,0.0,0.0,0.0,0.0,0.0,0,38,0,0.0,0.0,0.0,0.0,0.0,0.0,0.0,0.0,0.0,0.0,0.0,0.0
2026_1_CaseyBauman_QB,2026_CaseyBauman_QB,CaseyBauman_QB,2026,1,2026-09-13,Casey Bauman,QB,LAC,ARI,17,0.0,0.0,0.0,0.0,0.0,0.0,0.0,0.0,0.0,0.0,0.0,0.0,0.0,0.0,0.0,0,39,0,0.0,0.0,0.0,0.0,0.0,0.0,0.0,0.0,0.0,0.0,0.0,0.0
2026_1_JJGalbreath_TE,2026_JJGalbreath_TE,JJGalbreath_TE,2026,1,2026-09-13,JJ Galbreath,TE,PIT,ATL,5,0.0,0.0,0.0,0.0,0.0,0.0,0.0,0.0,0.0,0.0,0.0,0.0,0.0,0.0,0.0,0,59,0,0.0,0.0,0.0,0.0,0.0,0.0,0.0,0.0,0.0,0.0,0.0,0.0
2026_1_KejonOwens_RB,2026_KejonOwens_RB,KejonOwens_RB,2026,1,2026-09-13,Kejon Owens,RB,MIN,GB,18,0.0,0.0,0.0,0.0,0.0,0.0,0.0,0.0,0.0,0.0,0.0,0.0,0.0,0.0,0.0,0,71,0,0.0,0.0,0.0,0.0,0.0,0.0,0.0,0.0,0.0,0.0,0.0,0.0
2026_1_ChrisMyarick_TE,2026_ChrisMyarick_TE,ChrisMyarick_TE,2026,1,2026-09-13,Chris Myarick,TE,LV,MIA,29,0.0,0.0,0.0,0.0,0.0,0.0,0.0,0.0,0.0,0.0,0.0,0.0,0.0,0.0,0.0,0,60,0,0.0,0.0,0.0,0.0,0.0,0.0,0.0,0.0,0.0,0.0,0.0,0.0
2026_1_JaydnOtt_RB,2026_JaydnOtt_RB,JaydnOtt_RB,2026,1,2026-09-13,Jaydn Ott,RB,KC,DEN,3,0.0,0.0,0.0,0.0,0.0,0.0,0.0,0.0,0.0,0.0,0.0,0.0,0.0,0.0,0.0,0,72,0,0.0,0.0,0.0,0.0,0.0,0.0,0.0,0.0,0.0,0.0,0.0,0.0
2026_1_EliStove_WR,2026_EliStove_WR,EliStove_WR,2026,1,2026-09-13,Eli Stove,WR,LAC,ARI,17,0.0,0.0,0.0,0.0,0.0,0.0,0.0,0.0,0.0,0.0,0.0,0.0,0.0,0.0,0.0,0,142,0,0.0,0.0,0.0,0.0,0.0,0.0,0.0,0.0,0.0,0.0,0.0,0.0
2026_1_ZayJones_WR,2026_ZayJones_WR,ZayJones_WR,2026,1,2026-09-13,Zay Jones,WR,ARI,@LAC,3,0.0,0.0,0.0,0.0,0.0,0.0,0.0,0.0,0.0,0.0,0.0,0.0,0.0,0.0,0.0,0,143,0,0.0,0.0,0.0,0.0,0.0,0.0,0.0,0.0,0.0,0.0,0.0,0.0
2026_1_OctavianSmith_WR,2026_OctavianSmith_WR,OctavianSmith_WR,2026,1,2026-09-13,Octavian Smith,WR,BAL,@IND,27,0.0,0.0,0.0,0.0,0.0,0.0,0.0,0.0,0.0,0.0,0.0,0.0,0.0,0.0,0.0,0,144,0,0.0,0.0,0.0,0.0,0.0,0.0,0.0,0.0,0.0,0.0,0.0,0.0
2026_1_OlamideZaccheaus_WR,2026_OlamideZaccheaus_WR,OlamideZaccheaus_WR,2026,1,2026-09-13,Olamide Zaccheaus,WR,ATL,@PIT,26,0.0,0.0,0.0,0.0,0.0,0.0,0.0,0.0,0.0,0.0,0.0,0.0,0.0,0.0,0.0,0,145,0,0.0,0.0,0.0,0.0,0.0,0.0,0.0,0.0,0.0,0.0,0.0,0.0
2026_1_JJJones_WR,2026_JJJones_WR,JJJones_WR,2026,1,2026-09-13,JJ Jones,WR,JAC,CLE,5,0.0,0.0,0.0,0.0,0.0,0.0,0.0,0.0,0.0,0.0,0.0,0.0,0.0,0.0,0.0,0,146,0,0.0,0.0,0.0,0.0,0.0,0.0,0.0,0.0,0.0,0.0,0.0,0.0
2026_1_TrishtonJackson_WR,2026_TrishtonJackson_WR,TrishtonJackson_WR,2026,1,2026-09-13,Trishton Jackson,WR,ARI,@LAC,3,0.0,0.0,0.0,0.0,0.0,0.0,0.0,0.0,0.0,0.0,0.0,0.0,0.0,0.0,0.0,0,147,0,0.0,0.0,0.0,0.0,0.0,0.0,0.0,0.0,0.0,0.0,0.0,0.0
2026_1_JimmyKibble_WR,2026_JimmyKibble_WR,JimmyKibble_WR,2026,1,2026-09-13,Jimmy Kibble,WR,NE,@SEA,4,0.0,0.0,0.0,0.0,0.0,0.0,0.0,0.0,0.0,0.0,0.0,0.0,0.0,0.0,0.0,0,148,0,0.0,0.0,0.0,0.0,0.0,0.0,0.0,0.0,0.0,0.0,0.0,0.0
2026_1_DJMontgomery_WR,2026_DJMontgomery_WR,DJMontgomery_WR,2026,1,2026-09-13,DJ Montgomery,WR,IND,BAL,25,0.0,0.0,0.0,0.0,0.0,0.0,0.0,0.0,0.0,0.0,0.0,0.0,0.0,0.0,0.0,0,149,0,0.0,0.0,0.0,0.0,0.0,0.0,0.0,0.0,0.0,0.0,0.0,0.0
2026_1_JalenNailor_WR,2026_JalenNailor_WR,JalenNailor_WR,2026,1,2026-09-13,Jalen Nailor,WR,LV,MIA,14,0.0,0.0,0.0,0.0,0.0,0.0,0.0,0.0,0.0,0.0,0.0,0.0,0.0,0.0,0.0,0,150,0,0.0,0.0,0.0,0.0,0.0,0.0,0.0,0.0,0.0,0.0,0.0,0.0
2026_1_NickMuse_TE,2026_NickMuse_TE,NickMuse_TE,2026,1,2026-09-13,Nick Muse,TE,ATL,@PIT,26,0.0,0.0,0.0,0.0,0.0,0.0,0.0,0.0,0.0,0.0,0.0,0.0,0.0,0.0,0.0,0,61,0,0.0,0.0,0.0,0.0,0.0,0.0,0.0,0.0,0.0,0.0,0.0,0.0
2026_1_IsaiahBowser_RB,2026_IsaiahBowser_RB,IsaiahBowser_RB,2026,1,2026-09-13,Isaiah Bowser,RB,BUF,@HOU,5,0.0,0.0,0.0,0.0,0.0,0.0,0.0,0.0,0.0,0.0,0.0,0.0,0.0,0.0,0.0,0,73,0,0.0,0.0,0.0,0.0,0.0,0.0,0.0,0.0,0.0,0.0,0.0,0.0
2026_1_GilesJackson_WR,2026_GilesJackson_WR,GilesJackson_WR,2026,1,2026-09-13,Giles Jackson,WR,PHI,WAS,28,0.0,0.0,0.0,0.0,0.0,0.0,0.0,0.0,0.0,0.0,0.0,0.0,0.0,0.0,0.0,0,151,0,0.0,0.0,0.0,0.0,0.0,0.0,0.0,0.0,0.0,0.0,0.0,0.0
2026_1_AmarJohnson_RB,2026_AmarJohnson_RB,AmarJohnson_RB,2026,1,2026-09-13,Amar Johnson,RB,LAC,ARI,30,0.0,0.0,0.0,0.0,0.0,0.0,0.0,0.0,0.0,0.0,0.0,0.0,0.0,0.0,0.0,0,74,0,0.0,0.0,0.0,0.0,0.0,0.0,0.0,0.0,0.0,0.0,0.0,0.0
2026_1_ColemanBennett_RB,2026_ColemanBennett_RB,ColemanBennett_RB,2026,1,2026-09-13,Coleman Bennett,RB,CHI,@CAR,23,0.0,0.0,0.0,0.0,0.0,0.0,0.0,0.0,0.0,0.0,0.0,0.0,0.0,0.0,0.0,0,75,0,0.0,0.0,0.0,0.0,0.0,0.0,0.0,0.0,0.0,0.0,0.0,0.0
2026_1_NateWieting_TE,2026_NateWieting_TE,NateWieting_TE,2026,1,2026-09-13,Nate Wieting,TE,NYG,DAL,13,0.0,0.0,0.0,0.0,0.0,0.0,0.0,0.0,0.0,0.0,0.0,0.0,0.0,0.0,0.0,0,62,0,0.0,0.0,0.0,0.0,0.0,0.0,0.0,0.0,0.0,0.0,0.0,0.0
2026_1_TannerKoziol_TE,2026_TannerKoziol_TE,TannerKoziol_TE,2026,1,2026-09-13,Tanner Koziol,TE,JAC,CLE,16,0.0,0.0,0.0,0.0,0.0,0.0,0.0,0.0,0.0,0.0,0.0,0.0,0.0,0.0,0.0,0,63,0,0.0,0.0,0.0,0.0,0.0,0.0,0.0,0.0,0.0,0.0,0.0,0.0
2026_1_AnthonyNorris_TE,2026_AnthonyNorris_TE,AnthonyNorris_TE,2026,1,2026-09-13,Anthony Norris,TE,DEN,@KC,6,0.0,0.0,0.0,0.0,0.0,0.0,0.0,0.0,0.0,0.0,0.0,0.0,0.0,0.0,0.0,0,64,0,0.0,0.0,0.0,0.0,0.0,0.0,0.0,0.0,0.0,0.0,0.0,0.0
2026_1_DevontezWalker_WR,2026_DevontezWalker_WR,DevontezWalker_WR,2026,1,2026-09-13,Devontez Walker,WR,BAL,@IND,27,0.0,0.0,0.0,0.0,0.0,0.0,0.0,0.0,0.0,0.0,0.0,0.0,0.0,0.0,0.0,0,152,0,0.0,0.0,0.0,0.0,0.0,0.0,0.0,0.0,0.0,0.0,0.0,0.0
2026_1_JoshPalmer_WR,2026_JoshPalmer_WR,JoshPalmer_WR,2026,1,2026-09-13,Josh Palmer,WR,BUF,@HOU,7,0.0,0.0,0.0,0.0,0.0,0.0,0.0,0.0,0.0,0.0,0.0,0.0,0.0,0.0,0.0,0,153,0,0.0,0.0,0.0,0.0,0.0,0.0,0.0,0.0,0.0,0.0,0.0,0.0
2026_1_DaneKey_WR,2026_DaneKey_WR,DaneKey_WR,2026,1,2026-09-13,Dane Key,WR,DEN,@KC,6,0.0,0.0,0.0,0.0,0.0,0.0,0.0,0.0,0.0,0.0,0.0,0.0,0.0,0.0,0.0,0,154,0,0.0,0.0,0.0,0.0,0.0,0.0,0.0,0.0,0.0,0.0,0.0,0.0
2026_1_JamalPettigrew_TE,2026_JamalPettigrew_TE,JamalPettigrew_TE,2026,1,2026-09-13,Jamal Pettigrew,TE,LAR,SF,22,0.0,0.0,0.0,0.0,0.0,0.0,0.0,0.0,0.0,0.0,0.0,0.0,0.0,0.0,0.0,0,65,0,0.0,0.0,0.0,0.0,0.0,0.0,0.0,0.0,0.0,0.0,0.0,0.0
2026_1_Lil'JordanHumphrey_WR,2026_Lil'JordanHumphrey_WR,Lil'JordanHumphrey_WR,2026,1,2026-09-13,Lil'Jordan Humphrey,WR,DEN,@KC,6,0.0,0.0,0.0,0.0,0.0,0.0,0.0,0.0,0.0,0.0,0.0,0.0,0.0,0.0,0.0,0,155,0,0.0,0.0,0.0,0.0,0.0,0.0,0.0,0.0,0.0,0.0,0.0,0.0
2026_1_MitchellTinsley_WR,2026_MitchellTinsley_WR,MitchellTinsley_WR,2026,1,2026-09-13,Mitchell Tinsley,WR,CIN,TB,18,0.0,0.0,0.0,0.0,0.0,0.0,0.0,0.0,0.0,0.0,0.0,0.0,0.0,0.0,0.0,0,156,0,0.0,0.0,0.0,0.0,0.0,0.0,0.0,0.0,0.0,0.0,0.0,0.0
2026_1_DemeerBlankumsee_WR,2026_DemeerBlankumsee_WR,DemeerBlankumsee_WR,2026,1,2026-09-13,Demeer Blankumsee,WR,NE,@SEA,4,0.0,0.0,0.0,0.0,0.0,0.0,0.0,0.0,0.0,0.0,0.0,0.0,0.0,0.0,0.0,0,157,0,0.0,0.0,0.0,0.0,0.0,0.0,0.0,0.0,0.0,0.0,0.0,0.0
2026_1_GrantCalcaterra_TE,2026_GrantCalcaterra_TE,GrantCalcaterra_TE,2026,1,2026-09-13,Grant Calcaterra,TE,PHI,WAS,30,0.0,0.0,0.0,0.0,0.0,0.0,0.0,0.0,0.0,0.0,0.0,0.0,0.0,0.0,0.0,0,66,0,0.0,0.0,0.0,0.0,0.0,0.0,0.0,0.0,0.0,0.0,0.0,0.0
2026_1_DavisMills_QB,2026_DavisMills_QB,DavisMills_QB,2026,1,2026-09-13,Davis Mills,QB,HOU,BUF,9,0.0,0.0,0.0,0.0,0.0,0.0,0.0,0.0,0.0,0.0,0.0,0.0,0.0,0.0,0.0,0,40,0,0.0,0.0,0.0,0.0,0.0,0.0,0.0,0.0,0.0,0.0,0.0,0.0
2026_1_DylanCantrell_WR,2026_DylanCantrell_WR,DylanCantrell_WR,2026,1,2026-09-13,Dylan Cantrell,WR,WAS,@PHI,8,0.0,0.0,0.0,0.0,0.0,0.0,0.0,0.0,0.0,0.0,0.0,0.0,0.0,0.0,0.0,0,158,0,0.0,0.0,0.0,0.0,0.0,0.0,0.0,0.0,0.0,0.0,0.0,0.0
2026_1_DavisAllen_TE,2026_DavisAllen_TE,DavisAllen_TE,2026,1,2026-09-13,Davis Allen,TE,LAR,SF,22,0.0,0.0,0.0,0.0,0.0,0.0,0.0,0.0,0.0,0.0,0.0,0.0,0.0,0.0,0.0,0,67,0,0.0,0.0,0.0,0.0,0.0,0.0,0.0,0.0,0.0,0.0,0.0,0.0
2026_1_AJBrown_WR,2026_AJBrown_WR,AJBrown_WR,2026,1,2026-09-13,AJ Brown,WR,NE,@SEA,4,0.0,0.0,0.0,0.0,0.0,0.0,0.0,0.0,0.0,0.0,0.0,0.0,0.0,0.0,0.0,0,159,0,0.0,0.0,0.0,0.0,0.0,0.0,0.0,0.0,0.0,0.0,0.0,0.0
2026_1_RyanWillis_QB,2026_RyanWillis_QB,RyanWillis_QB,2026,1,2026-09-13,Ryan Willis,QB,CHI,@CAR,7,0.0,0.0,0.0,0.0,0.0,0.0,0.0,0.0,0.0,0.0,0.0,0.0,0.0,0.0,0.0,0,41,0,0.0,0.0,0.0,0.0,0.0,0.0,0.0,0.0,0.0,0.0,0.0,0.0
2026_1_TravisHunter_WR,2026_TravisHunter_WR,TravisHunter_WR,2026,1,2026-09-13,Travis Hunter,WR,JAC,CLE,5,0.0,0.0,0.0,0.0,0.0,0.0,0.0,0.0,0.0,0.0,0.0,0.0,0.0,0.0,0.0,0,160,0,0.0,0.0,0.0,0.0,0.0,0.0,0.0,0.0,0.0,0.0,0.0,0.0
2026_1_MalcomeKennedy_WR,2026_MalcomeKennedy_WR,MalcomeKennedy_WR,2026,1,2026-09-13,Malcome Kennedy,WR,NO,@DET,30,0.0,0.0,0.0,0.0,0.0,0.0,0.0,0.0,0.0,0.0,0.0,0.0,0.0,0.0,0.0,0,161,0,0.0,0.0,0.0,0.0,0.0,0.0,0.0,0.0,0.0,0.0,0.0,0.0
2026_1_JohnLovett_RB,2026_JohnLovett_RB,JohnLovett_RB,2026,1,2026-09-13,John Lovett,RB,PIT,ATL,16,0.0,0.0,0.0,0.0,0.0,0.0,0.0,0.0,0.0,0.0,0.0,0.0,0.0,0.0,0.0,0,76,0,0.0,0.0,0.0,0.0,0.0,0.0,0.0,0.0,0.0,0.0,0.0,0.0
2026_1_BrockRechsteiner_WR,2026_BrockRechsteiner_WR,BrockRechsteiner_WR,2026,1,2026-09-13,Brock Rechsteiner,WR,NO,@DET,30,0.0,0.0,0.0,0.0,0.0,0.0,0.0,0.0,0.0,0.0,0.0,0.0,0.0,0.0,0.0,0,162,0,0.0,0.0,0.0,0.0,0.0,0.0,0.0,0.0,0.0,0.0,0.0,0.0
2026_1_TheoWease_WR,2026_TheoWease_WR,TheoWease_WR,2026,1,2026-09-13,Theo Wease,WR,MIA,@LV,20,0.0,0.0,0.0,0.0,0.0,0.0,0.0,0.0,0.0,0.0,0.0,0.0,0.0,0.0,0.0,0,163,0,0.0,0.0,0.0,0.0,0.0,0.0,0.0,0.0,0.0,0.0,0.0,0.0
2026_1_BreeceHall_RB,2026_BreeceHall_RB,BreeceHall_RB,2026,1,2026-09-13,Breece Hall,RB,NYJ,@TEN,13,0.0,0.0,0.0,0.0,0.0,0.0,0.0,0.0,0.0,0.0,0.0,0.0,0.0,0.0,0.0,0,77,0,0.0,0.0,0.0,0.0,0.0,0.0,0.0,0.0,0.0,0.0,0.0,0.0
2026_1_RashidShaheed_WR,2026_RashidShaheed_WR,RashidShaheed_WR,2026,1,2026-09-13,Rashid Shaheed,WR,SEA,NE,11,0.0,0.0,0.0,0.0,0.0,0.0,0.0,0.0,0.0,0.0,0.0,0.0,0.0,0.0,0.0,0,164,0,0.0,0.0,0.0,0.0,0.0,0.0,0.0,0.0,0.0,0.0,0.0,0.0
2026_1_MaxHurleman_RB,2026_MaxHurleman_RB,MaxHurleman_RB,2026,1,2026-09-13,Max Hurleman,RB,PIT,ATL,16,0.0,0.0,0.0,0.0,0.0,0.0,0.0,0.0,0.0,0.0,0.0,0.0,0.0,0.0,0.0,0,78,0,0.0,0.0,0.0,0.0,0.0,0.0,0.0,0.0,0.0,0.0,0.0,0.0
2026_1_TreWalker_WR,2026_TreWalker_WR,TreWalker_WR,2026,1,2026-09-13,Tre Walker,WR,BUF,@HOU,7,0.0,0.0,0.0,0.0,0.0,0.0,0.0,0.0,0.0,0.0,0.0,0.0,0.0,0.0,0.0,0,165,0,0.0,0.0,0.0,0.0,0.0,0.0,0.0,0.0,0.0,0.0,0.0,0.0
2026_1_ArtayviousLynn_TE,2026_ArtayviousLynn_TE,ArtayviousLynn_TE,2026,1,2026-09-13,Artayvious Lynn,TE,DAL,@NYG,10,0.0,0.0,0.0,0.0,0.0,0.0,0.0,0.0,0.0,0.0,0.0,0.0,0.0,0.0,0.0,0,68,0,0.0,0.0,0.0,0.0,0.0,0.0,0.0,0.0,0.0,0.0,0.0,0.0
2026_1_JohnMichaelGyllenborg_TE,2026_JohnMichaelGyllenborg_TE,JohnMichaelGyllenborg_TE,2026,1,2026-09-13,John Michael Gyllenborg,TE,KC,DEN,18,0.0,0.0,0.0,0.0,0.0,0.0,0.0,0.0,0.0,0.0,0.0,0.0,0.0,0.0,0.0,0,69,0,0.0,0.0,0.0,0.0,0.0,0.0,0.0,0.0,0.0,0.0,0.0,0.0
2026_1_DaVarisDaniels_WR,2026_DaVarisDaniels_WR,DaVarisDaniels_WR,2026,1,2026-09-13,DaVaris Daniels,WR,NE,@SEA,4,0.0,0.0,0.0,0.0,0.0,0.0,0.0,0.0,0.0,0.0,0.0,0.0,0.0,0.0,0.0,0,166,0,0.0,0.0,0.0,0.0,0.0,0.0,0.0,0.0,0.0,0.0,0.0,0.0
2026_1_DemondClaiborne_RB,2026_DemondClaiborne_RB,DemondClaiborne_RB,2026,1,2026-09-13,Demond Claiborne,RB,MIN,GB,18,0.0,0.0,0.0,0.0,0.0,0.0,0.0,0.0,0.0,0.0,0.0,0.0,0.0,0.0,0.0,0,79,0,0.0,0.0,0.0,0.0,0.0,0.0,0.0,0.0,0.0,0.0,0.0,0.0
2026_1_AnthonyGould_WR,2026_AnthonyGould_WR,AnthonyGould_WR,2026,1,2026-09-13,Anthony Gould,WR,IND,BAL,25,0.0,0.0,0.0,0.0,0.0,0.0,0.0,0.0,0.0,0.0,0.0,0.0,0.0,0.0,0.0,0,167,0,0.0,0.0,0.0,0.0,0.0,0.0,0.0,0.0,0.0,0.0,0.0,0.0
2026_1_JelaniWoods_TE,2026_JelaniWoods_TE,JelaniWoods_TE,2026,1,2026-09-13,Jelani Woods,TE,NYJ,@TEN,21,0.0,0.0,0.0,0.0,0.0,0.0,0.0,0.0,0.0,0.0,0.0,0.0,0.0,0.0,0.0,0,70,0,0.0,0.0,0.0,0.0,0.0,0.0,0.0,0.0,0.0,0.0,0.0,0.0
2026_1_RamonJefferson_RB,2026_RamonJefferson_RB,RamonJefferson_RB,2026,1,2026-09-13,Ramon Jefferson,RB,TB,@CIN,31,0.0,0.0,0.0,0.0,0.0,0.0,0.0,0.0,0.0,0.0,0.0,0.0,0.0,0.0,0.0,0,80,0,0.0,0.0,0.0,0.0,0.0,0.0,0.0,0.0,0.0,0.0,0.0,0.0
2026_1_JalenRoyals_WR,2026_JalenRoyals_WR,JalenRoyals_WR,2026,1,2026-09-13,Jalen Royals,WR,KC,DEN,2,0.0,0.0,0.0,0.0,0.0,0.0,0.0,0.0,0.0,0.0,0.0,0.0,0.0,0.0,0.0,0,168,0,0.0,0.0,0.0,0.0,0.0,0.0,0.0,0.0,0.0,0.0,0.0,0.0
2026_1_DevinCarter_WR,2026_DevinCarter_WR,DevinCarter_WR,2026,1,2026-09-13,Devin Carter,WR,CAR,CHI,31,0.0,0.0,0.0,0.0,0.0,0.0,0.0,0.0,0.0,0.0,0.0,0.0,0.0,0.0,0.0,0,169,0,0.0,0.0,0.0,0.0,0.0,0.0,0.0,0.0,0.0,0.0,0.0,0.0
2026_1_MarvinMims_WR,2026_MarvinMims_WR,MarvinMims_WR,2026,1,2026-09-13,Marvin Mims,WR,DEN,@KC,6,0.0,0.0,0.0,0.0,0.0,0.0,0.0,0.0,0.0,0.0,0.0,0.0,0.0,0.0,0.0,0,170,0,0.0,0.0,0.0,0.0,0.0,0.0,0.0,0.0,0.0,0.0,0.0,0.0
2026_1_MolikiMatavao_TE,2026_MolikiMatavao_TE,MolikiMatavao_TE,2026,1,2026-09-13,Moliki Matavao,TE,NO,@DET,19,0.0,0.0,0.0,0.0,0.0,0.0,0.0,0.0,0.0,0.0,0.0,0.0,0.0,0.0,0.0,0,71,0,0.0,0.0,0.0,0.0,0.0,0.0,0.0,0.0,0.0,0.0,0.0,0.0
2026_1_TreborPena_WR,2026_TreborPena_WR,TreborPena_WR,2026,1,2026-09-13,Trebor Pena,WR,JAC,CLE,5,0.0,0.0,0.0,0.0,0.0,0.0,0.0,0.0,0.0,0.0,0.0,0.0,0.0,0.0,0.0,0,171,0,0.0,0.0,0.0,0.0,0.0,0.0,0.0,0.0,0.0,0.0,0.0,0.0
2026_1_MichaelMayer_TE,2026_MichaelMayer_TE,MichaelMayer_TE,2026,1,2026-09-13,Michael Mayer,TE,LV,MIA,29,0.0,0.0,0.0,0.0,0.0,0.0,0.0,0.0,0.0,0.0,0.0,0.0,0.0,0.0,0.0,0,72,0,0.0,0.0,0.0,0.0,0.0,0.0,0.0,0.0,0.0,0.0,0.0,0.0
2026_1_JarenKanak_TE,2026_JarenKanak_TE,JarenKanak_TE,2026,1,2026-09-13,Jaren Kanak,TE,TEN,NYJ,28,0.0,0.0,0.0,0.0,0.0,0.0,0.0,0.0,0.0,0.0,0.0,0.0,0.0,0.0,0.0,0,73,0,0.0,0.0,0.0,0.0,0.0,0.0,0.0,0.0,0.0,0.0,0.0,0.0
2026_1_JarenHall_QB,2026_JarenHall_QB,JarenHall_QB,2026,1,2026-09-13,Jaren Hall,QB,SEA,NE,5,0.0,0.0,0.0,0.0,0.0,0.0,0.0,0.0,0.0,0.0,0.0,0.0,0.0,0.0,0.0,0,42,0,0.0,0.0,0.0,0.0,0.0,0.0,0.0,0.0,0.0,0.0,0.0,0.0
2026_1_KyleJuszczyk_RB,2026_KyleJuszczyk_RB,KyleJuszczyk_RB,2026,1,2026-09-13,Kyle Juszczyk,RB,SF,@LAR,10,0.0,0.0,0.0,0.0,0.0,0.0,0.0,0.0,0.0,0.0,0.0,0.0,0.0,0.0,0.0,0,81,0,0.0,0.0,0.0,0.0,0.0,0.0,0.0,0.0,0.0,0.0,0.0,0.0
2026_1_CJHam_RB,2026_CJHam_RB,CJHam_RB,2026,1,2026-09-13,CJ Ham,RB,MIN,GB,18,0.0,0.0,0.0,0.0,0.0,0.0,0.0,0.0,0.0,0.0,0.0,0.0,0.0,0.0,0.0,0,82,0,0.0,0.0,0.0,0.0,0.0,0.0,0.0,0.0,0.0,0.0,0.0,0.0
2026_1_KurtisRourke_QB,2026_KurtisRourke_QB,KurtisRourke_QB,2026,1,2026-09-13,Kurtis Rourke,QB,SF,@LAR,15,0.0,0.0,0.0,0.0,0.0,0.0,0.0,0.0,0.0,0.0,0.0,0.0,0.0,0.0,0.0,0,43,0,0.0,0.0,0.0,0.0,0.0,0.0,0.0,0.0,0.0,0.0,0.0,0.0
2026_1_KalilPimpleton_WR,2026_KalilPimpleton_WR,KalilPimpleton_WR,2026,1,2026-09-13,Kalil Pimpleton,WR,NYG,DAL,32,0.0,0.0,0.0,0.0,0.0,0.0,0.0,0.0,0.0,0.0,0.0,0.0,0.0,0.0,0.0,0,172,0,0.0,0.0,0.0,0.0,0.0,0.0,0.0,0.0,0.0,0.0,0.0,0.0
2026_1_JustynRoss_WR,2026_JustynRoss_WR,JustynRoss_WR,2026,1,2026-09-13,Justyn Ross,WR,KC,DEN,2,0.0,0.0,0.0,0.0,0.0,0.0,0.0,0.0,0.0,0.0,0.0,0.0,0.0,0.0,0.0,0,173,0,0.0,0.0,0.0,0.0,0.0,0.0,0.0,0.0,0.0,0.0,0.0,0.0
2026_1_RoderickDaniels_WR,2026_RoderickDaniels_WR,RoderickDaniels_WR,2026,1,2026-09-13,Roderick Daniels,WR,NO,@DET,30,0.0,0.0,0.0,0.0,0.0,0.0,0.0,0.0,0.0,0.0,0.0,0.0,0.0,0.0,0.0,0,174,0,0.0,0.0,0.0,0.0,0.0,0.0,0.0,0.0,0.0,0.0,0.0,0.0
2026_1_TannerKnue_WR,2026_TannerKnue_WR,TannerKnue_WR,2026,1,2026-09-13,Tanner Knue,WR,TB,@CIN,9,0.0,0.0,0.0,0.0,0.0,0.0,0.0,0.0,0.0,0.0,0.0,0.0,0.0,0.0,0.0,0,175,0,0.0,0.0,0.0,0.0,0.0,0.0,0.0,0.0,0.0,0.0,0.0,0.0
2026_1_MontanaLemonious-Craig_WR,2026_MontanaLemonious-Craig_WR,MontanaLemonious-Craig_WR,2026,1,2026-09-13,Montana Lemonious-Craig,WR,PIT,ATL,22,0.0,0.0,0.0,0.0,0.0,0.0,0.0,0.0,0.0,0.0,0.0,0.0,0.0,0.0,0.0,0,176,0,0.0,0.0,0.0,0.0,0.0,0.0,0.0,0.0,0.0,0.0,0.0,0.0
2026_1_TrentonIrwin_WR,2026_TrentonIrwin_WR,TrentonIrwin_WR,2026,1,2026-09-13,Trenton Irwin,WR,SF,@LAR,24,0.0,0.0,0.0,0.0,0.0,0.0,0.0,0.0,0.0,0.0,0.0,0.0,0.0,0.0,0.0,0,177,0,0.0,0.0,0.0,0.0,0.0,0.0,0.0,0.0,0.0,0.0,0.0,0.0
2026_1_XavierLoyd_WR,2026_XavierLoyd_WR,XavierLoyd_WR,2026,1,2026-09-13,Xavier Loyd,WR,KC,DEN,2,0.0,0.0,0.0,0.0,0.0,0.0,0.0,0.0,0.0,0.0,0.0,0.0,0.0,0.0,0.0,0,178,0,0.0,0.0,0.0,0.0,0.0,0.0,0.0,0.0,0.0,0.0,0.0,0.0
2026_1_AndreiIosivas_WR,2026_AndreiIosivas_WR,AndreiIosivas_WR,2026,1,2026-09-13,Andrei Iosivas,WR,CIN,TB,18,0.0,0.0,0.0,0.0,0.0,0.0,0.0,0.0,0.0,0.0,0.0,0.0,0.0,0.0,0.0,0,179,0,0.0,0.0,0.0,0.0,0.0,0.0,0.0,0.0,0.0,0.0,0.0,0.0
2026_1_TravisHomer_RB,2026_TravisHomer_RB,TravisHomer_RB,2026,1,2026-09-13,Travis Homer,RB,PIT,ATL,16,0.0,0.0,0.0,0.0,0.0,0.0,0.0,0.0,0.0,0.0,0.0,0.0,0.0,0.0,0.0,0,83,0,0.0,0.0,0.0,0.0,0.0,0.0,0.0,0.0,0.0,0.0,0.0,0.0
2026_1_AaronRodgers_QB,2026_AaronRodgers_QB,AaronRodgers_QB,2026,1,2026-09-13,Aaron Rodgers,QB,PIT,ATL,18,0.0,0.0,0.0,0.0,0.0,0.0,0.0,0.0,0.0,0.0,0.0,0.0,0.0,0.0,0.0,0,44,0,0.0,0.0,0.0,0.0,0.0,0.0,0.0,0.0,0.0,0.0,0.0,0.0
2026_1_DanielBellinger_TE,2026_DanielBellinger_TE,DanielBellinger_TE,2026,1,2026-09-13,Daniel Bellinger,TE,TEN,NYJ,28,0.0,0.0,0.0,0.0,0.0,0.0,0.0,0.0,0.0,0.0,0.0,0.0,0.0,0.0,0.0,0,74,0,0.0,0.0,0.0,0.0,0.0,0.0,0.0,0.0,0.0,0.0,0.0,0.0
2026_1_KennedyBrooks_RB,2026_KennedyBrooks_RB,KennedyBrooks_RB,2026,1,2026-09-13,Kennedy Brooks,RB,PHI,WAS,29,0.0,0.0,0.0,0.0,0.0,0.0,0.0,0.0,0.0,0.0,0.0,0.0,0.0,0.0,0.0,0,84,0,0.0,0.0,0.0,0.0,0.0,0.0,0.0,0.0,0.0,0.0,0.0,0.0
2026_1_CJDippre_TE,2026_CJDippre_TE,CJDippre_TE,2026,1,2026-09-13,CJ Dippre,TE,NE,@SEA,20,0.0,0.0,0.0,0.0,0.0,0.0,0.0,0.0,0.0,0.0,0.0,0.0,0.0,0.0,0.0,0,75,0,0.0,0.0,0.0,0.0,0.0,0.0,0.0,0.0,0.0,0.0,0.0,0.0
2026_1_BrendenKnox_RB,2026_BrendenKnox_RB,BrendenKnox_RB,2026,1,2026-09-13,Brenden Knox,RB,KC,DEN,3,0.0,0.0,0.0,0.0,0.0,0.0,0.0,0.0,0.0,0.0,0.0,0.0,0.0,0.0,0.0,0,85,0,0.0,0.0,0.0,0.0,0.0,0.0,0.0,0.0,0.0,0.0,0.0,0.0
2026_1_BuckyIrving_RB,2026_BuckyIrving_RB,BuckyIrving_RB,2026,1,2026-09-13,Bucky Irving,RB,TB,@CIN,31,0.0,0.0,0.0,0.0,0.0,0.0,0.0,0.0,0.0,0.0,0.0,0.0,0.0,0.0,0.0,0,86,0,0.0,0.0,0.0,0.0,0.0,0.0,0.0,0.0,0.0,0.0,0.0,0.0
2026_1_BlakeWatson_RB,2026_BlakeWatson_RB,BlakeWatson_RB,2026,1,2026-09-13,Blake Watson,RB,TEN,NYJ,32,0.0,0.0,0.0,0.0,0.0,0.0,0.0,0.0,0.0,0.0,0.0,0.0,0.0,0.0,0.0,0,87,0,0.0,0.0,0.0,0.0,0.0,0.0,0.0,0.0,0.0,0.0,0.0,0.0
2026_1_TeeHiggins_WR,2026_TeeHiggins_WR,TeeHiggins_WR,2026,1,2026-09-13,Tee Higgins,WR,CIN,TB,18,0.0,0.0,0.0,0.0,0.0,0.0,0.0,0.0,0.0,0.0,0.0,0.0,0.0,0.0,0.0,0,180,0,0.0,0.0,0.0,0.0,0.0,0.0,0.0,0.0,0.0,0.0,0.0,0.0
2026_1_QuincySkinner_WR,2026_QuincySkinner_WR,QuincySkinner_WR,2026,1,2026-09-13,Quincy Skinner,WR,NYJ,@TEN,29,0.0,0.0,0.0,0.0,0.0,0.0,0.0,0.0,0.0,0.0,0.0,0.0,0.0,0.0,0.0,0,181,0,0.0,0.0,0.0,0.0,0.0,0.0,0.0,0.0,0.0,0.0,0.0,0.0
2026_1_QadirIsmail_TE,2026_QadirIsmail_TE,QadirIsmail_TE,2026,1,2026-09-13,Qadir Ismail,TE,CHI,@CAR,24,0.0,0.0,0.0,0.0,0.0,0.0,0.0,0.0,0.0,0.0,0.0,0.0,0.0,0.0,0.0,0,76,0,0.0,0.0,0.0,0.0,0.0,0.0,0.0,0.0,0.0,0.0,0.0,0.0
2026_1_DaxRaymond_TE,2026_DaxRaymond_TE,DaxRaymond_TE,2026,1,2026-09-13,Dax Raymond,TE,PIT,ATL,5,0.0,0.0,0.0,0.0,0.0,0.0,0.0,0.0,0.0,0.0,0.0,0.0,0.0,0.0,0.0,0,77,0,0.0,0.0,0.0,0.0,0.0,0.0,0.0,0.0,0.0,0.0,0.0,0.0
2026_1_CadeOtton_TE,2026_CadeOtton_TE,CadeOtton_TE,2026,1,2026-09-13,Cade Otton,TE,TB,@CIN,32,0.0,0.0,0.0,0.0,0.0,0.0,0.0,0.0,0.0,0.0,0.0,0.0,0.0,0.0,0.0,0,78,0,0.0,0.0,0.0,0.0,0.0,0.0,0.0,0.0,0.0,0.0,0.0,0.0
2026_1_TuckerKraft_TE,2026_TuckerKraft_TE,TuckerKraft_TE,2026,1,2026-09-13,Tucker Kraft,TE,GB,@MIN,4,0.0,0.0,0.0,0.0,0.0,0.0,0.0,0.0,0.0,0.0,0.0,0.0,0.0,0.0,0.0,0,79,0,0.0,0.0,0.0,0.0,0.0,0.0,0.0,0.0,0.0,0.0,0.0,0.0
2026_1_BraxtonBurmeister_WR,2026_BraxtonBurmeister_WR,BraxtonBurmeister_WR,2026,1,2026-09-13,Braxton Burmeister,WR,LAR,SF,16,0.0,0.0,0.0,0.0,0.0,0.0,0.0,0.0,0.0,0.0,0.0,0.0,0.0,0.0,0.0,0,182,0,0.0,0.0,0.0,0.0,0.0,0.0,0.0,0.0,0.0,0.0,0.0,0.0
2026_1_PapiWhite_WR,2026_PapiWhite_WR,PapiWhite_WR,2026,1,2026-09-13,Papi White,WR,TEN,NYJ,19,0.0,0.0,0.0,0.0,0.0,0.0,0.0,0.0,0.0,0.0,0.0,0.0,0.0,0.0,0.0,0,183,0,0.0,0.0,0.0,0.0,0.0,0.0,0.0,0.0,0.0,0.0,0.0,0.0
2026_1_JavonteWilliams_RB,2026_JavonteWilliams_RB,JavonteWilliams_RB,2026,1,2026-09-13,Javonte Williams,RB,DAL,@NYG,28,0.0,0.0,0.0,0.0,0.0,0.0,0.0,0.0,0.0,0.0,0.0,0.0,0.0,0.0,0.0,0,88,0,0.0,0.0,0.0,0.0,0.0,0.0,0.0,0.0,0.0,0.0,0.0,0.0
2026_1_DanVillari_TE,2026_DanVillari_TE,DanVillari_TE,2026,1,2026-09-13,Dan Villari,TE,LAR,SF,22,0.0,0.0,0.0,0.0,0.0,0.0,0.0,0.0,0.0,0.0,0.0,0.0,0.0,0.0,0.0,0,80,0,0.0,0.0,0.0,0.0,0.0,0.0,0.0,0.0,0.0,0.0,0.0,0.0
2026_1_DeeboSamuel_WR,2026_DeeboSamuel_WR,DeeboSamuel_WR,2026,1,2026-09-13,Deebo Samuel,WR,SF,@LAR,24,0.0,0.0,0.0,0.0,0.0,0.0,0.0,0.0,0.0,0.0,0.0,0.0,0.0,0.0,0.0,0,184,0,0.0,0.0,0.0,0.0,0.0,0.0,0.0,0.0,0.0,0.0,0.0,0.0
2026_1_LaquonTreadwell_WR,2026_LaquonTreadwell_WR,LaquonTreadwell_WR,2026,1,2026-09-13,Laquon Treadwell,WR,IND,BAL,25,0.0,0.0,0.0,0.0,0.0,0.0,0.0,0.0,0.0,0.0,0.0,0.0,0.0,0.0,0.0,0,185,0,0.0,0.0,0.0,0.0,0.0,0.0,0.0,0.0,0.0,0.0,0.0,0.0
2026_1_ChaseGarbers_QB,2026_ChaseGarbers_QB,ChaseGarbers_QB,2026,1,2026-09-13,Chase Garbers,QB,LV,MIA,23,0.0,0.0,0.0,0.0,0.0,0.0,0.0,0.0,0.0,0.0,0.0,0.0,0.0,0.0,0.0,0,45,0,0.0,0.0,0.0,0.0,0.0,0.0,0.0,0.0,0.0,0.0,0.0,0.0
2026_1_IfeAdeyi_WR,2026_IfeAdeyi_WR,IfeAdeyi_WR,2026,1,2026-09-13,Ife Adeyi,WR,PHI,WAS,28,0.0,0.0,0.0,0.0,0.0,0.0,0.0,0.0,0.0,0.0,0.0,0.0,0.0,0.0,0.0,0,186,0,0.0,0.0,0.0,0.0,0.0,0.0,0.0,0.0,0.0,0.0,0.0,0.0
2026_1_JoshHokit_RB,2026_JoshHokit_RB,JoshHokit_RB,2026,1,2026-09-13,Josh Hokit,RB,ARI,@LAC,8,0.0,0.0,0.0,0.0,0.0,0.0,0.0,0.0,0.0,0.0,0.0,0.0,0.0,0.0,0.0,0,89,0,0.0,0.0,0.0,0.0,0.0,0.0,0.0,0.0,0.0,0.0,0.0,0.0
2026_1_TarynChristion_QB,2026_TarynChristion_QB,TarynChristion_QB,2026,1,2026-09-13,Taryn Christion,QB,PIT,ATL,18,0.0,0.0,0.0,0.0,0.0,0.0,0.0,0.0,0.0,0.0,0.0,0.0,0.0,0.0,0.0,0,46,0,0.0,0.0,0.0,0.0,0.0,0.0,0.0,0.0,0.0,0.0,0.0,0.0
2026_1_TahjWashington_WR,2026_TahjWashington_WR,TahjWashington_WR,2026,1,2026-09-13,Tahj Washington,WR,MIA,@LV,20,0.0,0.0,0.0,0.0,0.0,0.0,0.0,0.0,0.0,0.0,0.0,0.0,0.0,0.0,0.0,0,187,0,0.0,0.0,0.0,0.0,0.0,0.0,0.0,0.0,0.0,0.0,0.0,0.0
2026_1_MichaelDyer_RB,2026_MichaelDyer_RB,MichaelDyer_RB,2026,1,2026-09-13,Michael Dyer,RB,LV,MIA,24,0.0,0.0,0.0,0.0,0.0,0.0,0.0,0.0,0.0,0.0,0.0,0.0,0.0,0.0,0.0,0,90,0,0.0,0.0,0.0,0.0,0.0,0.0,0.0,0.0,0.0,0.0,0.0,0.0
2026_1_JaredBaker_RB,2026_JaredBaker_RB,JaredBaker_RB,2026,1,2026-09-13,Jared Baker,RB,ARI,@LAC,8,0.0,0.0,0.0,0.0,0.0,0.0,0.0,0.0,0.0,0.0,0.0,0.0,0.0,0.0,0.0,0,91,0,0.0,0.0,0.0,0.0,0.0,0.0,0.0,0.0,0.0,0.0,0.0,0.0
2026_1_BrycenTremayne_WR,2026_BrycenTremayne_WR,BrycenTremayne_WR,2026,1,2026-09-13,Brycen Tremayne,WR,CAR,CHI,31,0.0,0.0,0.0,0.0,0.0,0.0,0.0,0.0,0.0,0.0,0.0,0.0,0.0,0.0,0.0,0,188,0,0.0,0.0,0.0,0.0,0.0,0.0,0.0,0.0,0.0,0.0,0.0,0.0
2026_1_DerekWright_WR,2026_DerekWright_WR,DerekWright_WR,2026,1,2026-09-13,Derek Wright,WR,CAR,CHI,31,0.0,0.0,0.0,0.0,0.0,0.0,0.0,0.0,0.0,0.0,0.0,0.0,0.0,0.0,0.0,0,189,0,0.0,0.0,0.0,0.0,0.0,0.0,0.0,0.0,0.0,0.0,0.0,0.0
2026_1_DylanDrummond_WR,2026_DylanDrummond_WR,DylanDrummond_WR,2026,1,2026-09-13,Dylan Drummond,WR,ATL,@PIT,26,0.0,0.0,0.0,0.0,0.0,0.0,0.0,0.0,0.0,0.0,0.0,0.0,0.0,0.0,0.0,0,190,0,0.0,0.0,0.0,0.0,0.0,0.0,0.0,0.0,0.0,0.0,0.0,0.0
2026_1_KawaanBaker_WR,2026_KawaanBaker_WR,KawaanBaker_WR,2026,1,2026-09-13,Kawaan Baker,WR,GB,@MIN,1,0.0,0.0,0.0,0.0,0.0,0.0,0.0,0.0,0.0,0.0,0.0,0.0,0.0,0.0,0.0,0,191,0,0.0,0.0,0.0,0.0,0.0,0.0,0.0,0.0,0.0,0.0,0.0,0.0
2026_1_DJGiddens_RB,2026_DJGiddens_RB,DJGiddens_RB,2026,1,2026-09-13,DJ Giddens,RB,IND,BAL,17,0.0,0.0,0.0,0.0,0.0,0.0,0.0,0.0,0.0,0.0,0.0,0.0,0.0,0.0,0.0,0,92,0,0.0,0.0,0.0,0.0,0.0,0.0,0.0,0.0,0.0,0.0,0.0,0.0
2026_1_JoeFagnano_QB,2026_JoeFagnano_QB,JoeFagnano_QB,2026,1,2026-09-13,Joe Fagnano,QB,BAL,@IND,20,0.0,0.0,0.0,0.0,0.0,0.0,0.0,0.0,0.0,0.0,0.0,0.0,0.0,0.0,0.0,0,47,0,0.0,0.0,0.0,0.0,0.0,0.0,0.0,0.0,0.0,0.0,0.0,0.0
2026_1_BrennanEagles_WR,2026_BrennanEagles_WR,BrennanEagles_WR,2026,1,2026-09-13,Brennan Eagles,WR,DAL,@NYG,23,0.0,0.0,0.0,0.0,0.0,0.0,0.0,0.0,0.0,0.0,0.0,0.0,0.0,0.0,0.0,0,192,0,0.0,0.0,0.0,0.0,0.0,0.0,0.0,0.0,0.0,0.0,0.0,0.0
2026_1_TJSimmons_WR,2026_TJSimmons_WR,TJSimmons_WR,2026,1,2026-09-13,TJ Simmons,WR,TB,@CIN,9,0.0,0.0,0.0,0.0,0.0,0.0,0.0,0.0,0.0,0.0,0.0,0.0,0.0,0.0,0.0,0,193,0,0.0,0.0,0.0,0.0,0.0,0.0,0.0,0.0,0.0,0.0,0.0,0.0
2026_1_MasonTipton_WR,2026_MasonTipton_WR,MasonTipton_WR,2026,1,2026-09-13,Mason Tipton,WR,NO,@DET,30,0.0,0.0,0.0,0.0,0.0,0.0,0.0,0.0,0.0,0.0,0.0,0.0,0.0,0.0,0.0,0,194,0,0.0,0.0,0.0,0.0,0.0,0.0,0.0,0.0,0.0,0.0,0.0,0.0
2026_1_JadenBradley_WR,2026_JadenBradley_WR,JadenBradley_WR,2026,1,2026-09-13,Jaden Bradley,WR,WAS,@PHI,8,0.0,0.0,0.0,0.0,0.0,0.0,0.0,0.0,0.0,0.0,0.0,0.0,0.0,0.0,0.0,0,195,0,0.0,0.0,0.0,0.0,0.0,0.0,0.0,0.0,0.0,0.0,0.0,0.0
2026_1_MichaelWoods_WR,2026_MichaelWoods_WR,MichaelWoods_WR,2026,1,2026-09-13,Michael Woods,WR,DEN,@KC,6,0.0,0.0,0.0,0.0,0.0,0.0,0.0,0.0,0.0,0.0,0.0,0.0,0.0,0.0,0.0,0,196,0,0.0,0.0,0.0,0.0,0.0,0.0,0.0,0.0,0.0,0.0,0.0,0.0
2026_1_Ja'CoreyBrooks_WR,2026_Ja'CoreyBrooks_WR,Ja'CoreyBrooks_WR,2026,1,2026-09-13,Ja'Corey Brooks,WR,WAS,@PHI,8,0.0,0.0,0.0,0.0,0.0,0.0,0.0,0.0,0.0,0.0,0.0,0.0,0.0,0.0,0.0,0,197,0,0.0,0.0,0.0,0.0,0.0,0.0,0.0,0.0,0.0,0.0,0.0,0.0
2026_1_ChaseBrown_RB,2026_ChaseBrown_RB,ChaseBrown_RB,2026,1,2026-09-13,Chase Brown,RB,CIN,TB,12,0.0,0.0,0.0,0.0,0.0,0.0,0.0,0.0,0.0,0.0,0.0,0.0,0.0,0.0,0.0,0,93,0,0.0,0.0,0.0,0.0,0.0,0.0,0.0,0.0,0.0,0.0,0.0,0.0
2026_1_BernhardSeikovits_TE,2026_BernhardSeikovits_TE,BernhardSeikovits_TE,2026,1,2026-09-13,Bernhard Seikovits,TE,ARI,@LAC,9,0.0,0.0,0.0,0.0,0.0,0.0,0.0,0.0,0.0,0.0,0.0,0.0,0.0,0.0,0.0,0,81,0,0.0,0.0,0.0,0.0,0.0,0.0,0.0,0.0,0.0,0.0,0.0,0.0
2026_1_RomanWilson_WR,2026_RomanWilson_WR,RomanWilson_WR,2026,1,2026-09-13,Roman Wilson,WR,PIT,ATL,22,0.0,0.0,0.0,0.0,0.0,0.0,0.0,0.0,0.0,0.0,0.0,0.0,0.0,0.0,0.0,0,198,0,0.0,0.0,0.0,0.0,0.0,0.0,0.0,0.0,0.0,0.0,0.0,0.0
2026_1_DannyGray_WR,2026_DannyGray_WR,DannyGray_WR,2026,1,2026-09-13,Danny Gray,WR,PHI,WAS,28,0.0,0.0,0.0,0.0,0.0,0.0,0.0,0.0,0.0,0.0,0.0,0.0,0.0,0.0,0.0,0,199,0,0.0,0.0,0.0,0.0,0.0,0.0,0.0,0.0,0.0,0.0,0.0,0.0
2026_1_ScooterHarrington_TE,2026_ScooterHarrington_TE,ScooterHarrington_TE,2026,1,2026-09-13,Scooter Harrington,TE,CHI,@CAR,24,0.0,0.0,0.0,0.0,0.0,0.0,0.0,0.0,0.0,0.0,0.0,0.0,0.0,0.0,0.0,0,82,0,0.0,0.0,0.0,0.0,0.0,0.0,0.0,0.0,0.0,0.0,0.0,0.0
2026_1_AlecHoller_TE,2026_AlecHoller_TE,AlecHoller_TE,2026,1,2026-09-13,Alec Holler,TE,DAL,@NYG,10,0.0,0.0,0.0,0.0,0.0,0.0,0.0,0.0,0.0,0.0,0.0,0.0,0.0,0.0,0.0,0,83,0,0.0,0.0,0.0,0.0,0.0,0.0,0.0,0.0,0.0,0.0,0.0,0.0
2026_1_BrandonPowell_WR,2026_BrandonPowell_WR,BrandonPowell_WR,2026,1,2026-09-13,Brandon Powell,WR,MIN,GB,21,0.0,0.0,0.0,0.0,0.0,0.0,0.0,0.0,0.0,0.0,0.0,0.0,0.0,0.0,0.0,0,200,0,0.0,0.0,0.0,0.0,0.0,0.0,0.0,0.0,0.0,0.0,0.0,0.0
2026_1_JoeMilton_QB,2026_JoeMilton_QB,JoeMilton_QB,2026,1,2026-09-13,Joe Milton,QB,DAL,@NYG,25,0.0,0.0,0.0,0.0,0.0,0.0,0.0,0.0,0.0,0.0,0.0,0.0,0.0,0.0,0.0,0,48,0,0.0,0.0,0.0,0.0,0.0,0.0,0.0,0.0,0.0,0.0,0.0,0.0
2026_1_JoshuaKelley_RB,2026_JoshuaKelley_RB,JoshuaKelley_RB,2026,1,2026-09-13,Joshua Kelley,RB,TEN,NYJ,32,0.0,0.0,0.0,0.0,0.0,0.0,0.0,0.0,0.0,0.0,0.0,0.0,0.0,0.0,0.0,0,94,0,0.0,0.0,0.0,0.0,0.0,0.0,0.0,0.0,0.0,0.0,0.0,0.0
2026_1_CarterRunyon_TE,2026_CarterRunyon_TE,CarterRunyon_TE,2026,1,2026-09-13,Carter Runyon,TE,LV,MIA,29,0.0,0.0,0.0,0.0,0.0,0.0,0.0,0.0,0.0,0.0,0.0,0.0,0.0,0.0,0.0,0,84,0,0.0,0.0,0.0,0.0,0.0,0.0,0.0,0.0,0.0,0.0,0.0,0.0
2026_1_JustinHall_WR,2026_JustinHall_WR,JustinHall_WR,2026,1,2026-09-13,Justin Hall,WR,MIN,GB,21,0.0,0.0,0.0,0.0,0.0,0.0,0.0,0.0,0.0,0.0,0.0,0.0,0.0,0.0,0.0,0,201,0,0.0,0.0,0.0,0.0,0.0,0.0,0.0,0.0,0.0,0.0,0.0,0.0
2026_1_AdamTrautman_TE,2026_AdamTrautman_TE,AdamTrautman_TE,2026,1,2026-09-13,Adam Trautman,TE,DEN,@KC,6,0.0,0.0,0.0,0.0,0.0,0.0,0.0,0.0,0.0,0.0,0.0,0.0,0.0,0.0,0.0,0,85,0,0.0,0.0,0.0,0.0,0.0,0.0,0.0,0.0,0.0,0.0,0.0,0.0
2026_1_StephenCarlson_TE,2026_StephenCarlson_TE,StephenCarlson_TE,2026,1,2026-09-13,Stephen Carlson,TE,CHI,@CAR,24,0.0,0.0,0.0,0.0,0.0,0.0,0.0,0.0,0.0,0.0,0.0,0.0,0.0,0.0,0.0,0,86,0,0.0,0.0,0.0,0.0,0.0,0.0,0.0,0.0,0.0,0.0,0.0,0.0
2026_1_PraiseOlatoke_WR,2026_PraiseOlatoke_WR,PraiseOlatoke_WR,2026,1,2026-09-13,Praise Olatoke,WR,CAR,CHI,31,0.0,0.0,0.0,0.0,0.0,0.0,0.0,0.0,0.0,0.0,0.0,0.0,0.0,0.0,0.0,0,202,0,0.0,0.0,0.0,0.0,0.0,0.0,0.0,0.0,0.0,0.0,0.0,0.0
2026_1_BlakeCorum_RB,2026_BlakeCorum_RB,BlakeCorum_RB,2026,1,2026-09-13,Blake Corum,RB,LAR,SF,22,0.0,0.0,0.0,0.0,0.0,0.0,0.0,0.0,0.0,0.0,0.0,0.0,0.0,0.0,0.0,0,95,0,0.0,0.0,0.0,0.0,0.0,0.0,0.0,0.0,0.0,0.0,0.0,0.0
2026_1_CurtisSamuel_WR,2026_CurtisSamuel_WR,CurtisSamuel_WR,2026,1,2026-09-13,Curtis Samuel,WR,BUF,@HOU,7,0.0,0.0,0.0,0.0,0.0,0.0,0.0,0.0,0.0,0.0,0.0,0.0,0.0,0.0,0.0,0,203,0,0.0,0.0,0.0,0.0,0.0,0.0,0.0,0.0,0.0,0.0,0.0,0.0
2026_1_RomelloBrinson_WR,2026_RomelloBrinson_WR,RomelloBrinson_WR,2026,1,2026-09-13,Romello Brinson,WR,DAL,@NYG,23,0.0,0.0,0.0,0.0,0.0,0.0,0.0,0.0,0.0,0.0,0.0,0.0,0.0,0.0,0.0,0,204,0,0.0,0.0,0.0,0.0,0.0,0.0,0.0,0.0,0.0,0.0,0.0,0.0
2026_1_KalifRaymond_WR,2026_KalifRaymond_WR,KalifRaymond_WR,2026,1,2026-09-13,Kalif Raymond,WR,CHI,@CAR,12,0.0,0.0,0.0,0.0,0.0,0.0,0.0,0.0,0.0,0.0,0.0,0.0,0.0,0.0,0.0,0,205,0,0.0,0.0,0.0,0.0,0.0,0.0,0.0,0.0,0.0,0.0,0.0,0.0
2026_1_ElijahTau-Tolliver_RB,2026_ElijahTau-Tolliver_RB,ElijahTau-Tolliver_RB,2026,1,2026-09-13,Elijah Tau-Tolliver,RB,BAL,@IND,11,0.0,0.0,0.0,0.0,0.0,0.0,0.0,0.0,0.0,0.0,0.0,0.0,0.0,0.0,0.0,0,96,0,0.0,0.0,0.0,0.0,0.0,0.0,0.0,0.0,0.0,0.0,0.0,0.0
2026_1_JadenNixon_RB,2026_JadenNixon_RB,JadenNixon_RB,2026,1,2026-09-13,Jaden Nixon,RB,GB,@MIN,15,0.0,0.0,0.0,0.0,0.0,0.0,0.0,0.0,0.0,0.0,0.0,0.0,0.0,0.0,0.0,0,97,0,0.0,0.0,0.0,0.0,0.0,0.0,0.0,0.0,0.0,0.0,0.0,0.0
2026_1_DarrenWaller_TE,2026_DarrenWaller_TE,DarrenWaller_TE,2026,1,2026-09-13,Darren Waller,TE,CAR,CHI,11,0.0,0.0,0.0,0.0,0.0,0.0,0.0,0.0,0.0,0.0,0.0,0.0,0.0,0.0,0.0,0,87,0,0.0,0.0,0.0,0.0,0.0,0.0,0.0,0.0,0.0,0.0,0.0,0.0
2026_1_VinnyAnthony_WR,2026_VinnyAnthony_WR,VinnyAnthony_WR,2026,1,2026-09-13,Vinny Anthony,WR,ATL,@PIT,26,0.0,0.0,0.0,0.0,0.0,0.0,0.0,0.0,0.0,0.0,0.0,0.0,0.0,0.0,0.0,0,206,0,0.0,0.0,0.0,0.0,0.0,0.0,0.0,0.0,0.0,0.0,0.0,0.0
2026_1_NateAdkins_TE,2026_NateAdkins_TE,NateAdkins_TE,2026,1,2026-09-13,Nate Adkins,TE,DEN,@KC,6,0.0,0.0,0.0,0.0,0.0,0.0,0.0,0.0,0.0,0.0,0.0,0.0,0.0,0.0,0.0,0,88,0,0.0,0.0,0.0,0.0,0.0,0.0,0.0,0.0,0.0,0.0,0.0,0.0
2026_1_ChristianWatson_WR,2026_ChristianWatson_WR,ChristianWatson_WR,2026,1,2026-09-13,Christian Watson,WR,GB,@MIN,1,0.0,0.0,0.0,0.0,0.0,0.0,0.0,0.0,0.0,0.0,0.0,0.0,0.0,0.0,0.0,0,207,0,0.0,0.0,0.0,0.0,0.0,0.0,0.0,0.0,0.0,0.0,0.0,0.0
2026_1_TJLuther_WR,2026_TJLuther_WR,TJLuther_WR,2026,1,2026-09-13,TJ Luther,WR,CAR,CHI,31,0.0,0.0,0.0,0.0,0.0,0.0,0.0,0.0,0.0,0.0,0.0,0.0,0.0,0.0,0.0,0,208,0,0.0,0.0,0.0,0.0,0.0,0.0,0.0,0.0,0.0,0.0,0.0,0.0
2026_1_JaydonBlue_RB,2026_JaydonBlue_RB,JaydonBlue_RB,2026,1,2026-09-13,Jaydon Blue,RB,DAL,@NYG,28,0.0,0.0,0.0,0.0,0.0,0.0,0.0,0.0,0.0,0.0,0.0,0.0,0.0,0.0,0.0,0,98,0,0.0,0.0,0.0,0.0,0.0,0.0,0.0,0.0,0.0,0.0,0.0,0.0
2026_1_MilesSanders_RB,2026_MilesSanders_RB,MilesSanders_RB,2026,1,2026-09-13,Miles Sanders,RB,DAL,@NYG,28,0.0,0.0,0.0,0.0,0.0,0.0,0.0,0.0,0.0,0.0,0.0,0.0,0.0,0.0,0.0,0,99,0,0.0,0.0,0.0,0.0,0.0,0.0,0.0,0.0,0.0,0.0,0.0,0.0
2026_1_RoydellWilliams_RB,2026_RoydellWilliams_RB,RoydellWilliams_RB,2026,1,2026-09-13,Roydell Williams,RB,IND,BAL,17,0.0,0.0,0.0,0.0,0.0,0.0,0.0,0.0,0.0,0.0,0.0,0.0,0.0,0.0,0.0,0,100,0,0.0,0.0,0.0,0.0,0.0,0.0,0.0,0.0,0.0,0.0,0.0,0.0
2026_1_BrianCobbs_WR,2026_BrianCobbs_WR,BrianCobbs_WR,2026,1,2026-09-13,Brian Cobbs,WR,ARI,@LAC,3,0.0,0.0,0.0,0.0,0.0,0.0,0.0,0.0,0.0,0.0,0.0,0.0,0.0,0.0,0.0,0,209,0,0.0,0.0,0.0,0.0,0.0,0.0,0.0,0.0,0.0,0.0,0.0,0.0
2026_1_NazBohannon_TE,2026_NazBohannon_TE,NazBohannon_TE,2026,1,2026-09-13,Naz Bohannon,TE,JAC,CLE,16,0.0,0.0,0.0,0.0,0.0,0.0,0.0,0.0,0.0,0.0,0.0,0.0,0.0,0.0,0.0,0,89,0,0.0,0.0,0.0,0.0,0.0,0.0,0.0,0.0,0.0,0.0,0.0,0.0
2026_1_AlvinKamara_RB,2026_AlvinKamara_RB,AlvinKamara_RB,2026,1,2026-09-13,Alvin Kamara,RB,NO,@DET,7,0.0,0.0,0.0,0.0,0.0,0.0,0.0,0.0,0.0,0.0,0.0,0.0,0.0,0.0,0.0,0,101,0,0.0,0.0,0.0,0.0,0.0,0.0,0.0,0.0,0.0,0.0,0.0,0.0
2026_1_KazmeirAllen_WR,2026_KazmeirAllen_WR,KazmeirAllen_WR,2026,1,2026-09-13,Kazmeir Allen,WR,WAS,@PHI,8,0.0,0.0,0.0,0.0,0.0,0.0,0.0,0.0,0.0,0.0,0.0,0.0,0.0,0.0,0.0,0,210,0,0.0,0.0,0.0,0.0,0.0,0.0,0.0,0.0,0.0,0.0,0.0,0.0
2026_1_DylanSoehner_TE,2026_DylanSoehner_TE,DylanSoehner_TE,2026,1,2026-09-13,Dylan Soehner,TE,NO,@DET,19,0.0,0.0,0.0,0.0,0.0,0.0,0.0,0.0,0.0,0.0,0.0,0.0,0.0,0.0,0.0,0,90,0,0.0,0.0,0.0,0.0,0.0,0.0,0.0,0.0,0.0,0.0,0.0,0.0
2026_1_JaxonJanke_WR,2026_JaxonJanke_WR,JaxonJanke_WR,2026,1,2026-09-13,Jaxon Janke,WR,HOU,BUF,13,0.0,0.0,0.0,0.0,0.0,0.0,0.0,0.0,0.0,0.0,0.0,0.0,0.0,0.0,0.0,0,211,0,0.0,0.0,0.0,0.0,0.0,0.0,0.0,0.0,0.0,0.0,0.0,0.0
2026_1_MattSeybert_TE,2026_MattSeybert_TE,MattSeybert_TE,2026,1,2026-09-13,Matt Seybert,TE,LAC,ARI,31,0.0,0.0,0.0,0.0,0.0,0.0,0.0,0.0,0.0,0.0,0.0,0.0,0.0,0.0,0.0,0,91,0,0.0,0.0,0.0,0.0,0.0,0.0,0.0,0.0,0.0,0.0,0.0,0.0
2026_1_JabariSmall_RB,2026_JabariSmall_RB,JabariSmall_RB,2026,1,2026-09-13,Jabari Small,RB,DET,NO,20,0.0,0.0,0.0,0.0,0.0,0.0,0.0,0.0,0.0,0.0,0.0,0.0,0.0,0.0,0.0,0,102,0,0.0,0.0,0.0,0.0,0.0,0.0,0.0,0.0,0.0,0.0,0.0,0.0
2026_1_TerrellJennings_RB,2026_TerrellJennings_RB,TerrellJennings_RB,2026,1,2026-09-13,Terrell Jennings,RB,NE,@SEA,4,0.0,0.0,0.0,0.0,0.0,0.0,0.0,0.0,0.0,0.0,0.0,0.0,0.0,0.0,0.0,0,103,0,0.0,0.0,0.0,0.0,0.0,0.0,0.0,0.0,0.0,0.0,0.0,0.0
2026_1_BryantKoback_RB,2026_BryantKoback_RB,BryantKoback_RB,2026,1,2026-09-13,Bryant Koback,RB,SEA,NE,2,0.0,0.0,0.0,0.0,0.0,0.0,0.0,0.0,0.0,0.0,0.0,0.0,0.0,0.0,0.0,0,104,0,0.0,0.0,0.0,0.0,0.0,0.0,0.0,0.0,0.0,0.0,0.0,0.0
2026_1_BryceLove_RB,2026_BryceLove_RB,BryceLove_RB,2026,1,2026-09-13,Bryce Love,RB,WAS,@PHI,26,0.0,0.0,0.0,0.0,0.0,0.0,0.0,0.0,0.0,0.0,0.0,0.0,0.0,0.0,0.0,0,105,0,0.0,0.0,0.0,0.0,0.0,0.0,0.0,0.0,0.0,0.0,0.0,0.0
2026_1_DanielArias_WR,2026_DanielArias_WR,DanielArias_WR,2026,1,2026-09-13,Daniel Arias,WR,ARI,@LAC,3,0.0,0.0,0.0,0.0,0.0,0.0,0.0,0.0,0.0,0.0,0.0,0.0,0.0,0.0,0.0,0,212,0,0.0,0.0,0.0,0.0,0.0,0.0,0.0,0.0,0.0,0.0,0.0,0.0
2026_1_JamaalPritchett_WR,2026_JamaalPritchett_WR,JamaalPritchett_WR,2026,1,2026-09-13,Jamaal Pritchett,WR,NYJ,@TEN,29,0.0,0.0,0.0,0.0,0.0,0.0,0.0,0.0,0.0,0.0,0.0,0.0,0.0,0.0,0.0,0,213,0,0.0,0.0,0.0,0.0,0.0,0.0,0.0,0.0,0.0,0.0,0.0,0.0
2026_1_GregDulcich_TE,2026_GregDulcich_TE,GregDulcich_TE,2026,1,2026-09-13,Greg Dulcich,TE,MIA,@LV,3,0.0,0.0,0.0,0.0,0.0,0.0,0.0,0.0,0.0,0.0,0.0,0.0,0.0,0.0,0.0,0,92,0,0.0,0.0,0.0,0.0,0.0,0.0,0.0,0.0,0.0,0.0,0.0,0.0
2026_1_NelsonAgholor_WR,2026_NelsonAgholor_WR,NelsonAgholor_WR,2026,1,2026-09-13,Nelson Agholor,WR,BAL,@IND,27,0.0,0.0,0.0,0.0,0.0,0.0,0.0,0.0,0.0,0.0,0.0,0.0,0.0,0.0,0.0,0,214,0,0.0,0.0,0.0,0.0,0.0,0.0,0.0,0.0,0.0,0.0,0.0,0.0
2026_1_JordanLove_QB,2026_JordanLove_QB,JordanLove_QB,2026,1,2026-09-13,Jordan Love,QB,GB,@MIN,1,0.0,0.0,0.0,0.0,0.0,0.0,0.0,0.0,0.0,0.0,0.0,0.0,0.0,0.0,0.0,0,49,0,0.0,0.0,0.0,0.0,0.0,0.0,0.0,0.0,0.0,0.0,0.0,0.0
2026_1_JakeFerguson_TE,2026_JakeFerguson_TE,JakeFerguson_TE,2026,1,2026-09-13,Jake Ferguson,TE,DAL,@NYG,10,0.0,0.0,0.0,0.0,0.0,0.0,0.0,0.0,0.0,0.0,0.0,0.0,0.0,0.0,0.0,0,93,0,0.0,0.0,0.0,0.0,0.0,0.0,0.0,0.0,0.0,0.0,0.0,0.0
2026_1_LanLarison_RB,2026_LanLarison_RB,LanLarison_RB,2026,1,2026-09-13,Lan Larison,RB,NE,@SEA,4,0.0,0.0,0.0,0.0,0.0,0.0,0.0,0.0,0.0,0.0,0.0,0.0,0.0,0.0,0.0,0,106,0,0.0,0.0,0.0,0.0,0.0,0.0,0.0,0.0,0.0,0.0,0.0,0.0
2026_1_XavierLegette_WR,2026_XavierLegette_WR,XavierLegette_WR,2026,1,2026-09-13,Xavier Legette,WR,CAR,CHI,31,0.0,0.0,0.0,0.0,0.0,0.0,0.0,0.0,0.0,0.0,0.0,0.0,0.0,0.0,0.0,0,215,0,0.0,0.0,0.0,0.0,0.0,0.0,0.0,0.0,0.0,0.0,0.0,0.0
2026_1_MalikWilliams_WR,2026_MalikWilliams_WR,MalikWilliams_WR,2026,1,2026-09-13,Malik Williams,WR,BUF,@HOU,7,0.0,0.0,0.0,0.0,0.0,0.0,0.0,0.0,0.0,0.0,0.0,0.0,0.0,0.0,0.0,0,216,0,0.0,0.0,0.0,0.0,0.0,0.0,0.0,0.0,0.0,0.0,0.0,0.0
2026_1_OdieuHiliare_WR,2026_OdieuHiliare_WR,OdieuHiliare_WR,2026,1,2026-09-13,Odieu Hiliare,WR,ATL,@PIT,26,0.0,0.0,0.0,0.0,0.0,0.0,0.0,0.0,0.0,0.0,0.0,0.0,0.0,0.0,0.0,0,217,0,0.0,0.0,0.0,0.0,0.0,0.0,0.0,0.0,0.0,0.0,0.0,0.0
2026_1_MikeStrachan_WR,2026_MikeStrachan_WR,MikeStrachan_WR,2026,1,2026-09-13,Mike Strachan,WR,WAS,@PHI,8,0.0,0.0,0.0,0.0,0.0,0.0,0.0,0.0,0.0,0.0,0.0,0.0,0.0,0.0,0.0,0,218,0,0.0,0.0,0.0,0.0,0.0,0.0,0.0,0.0,0.0,0.0,0.0,0.0
2026_1_SamLaPorta_TE,2026_SamLaPorta_TE,SamLaPorta_TE,2026,1,2026-09-13,Sam LaPorta,TE,DET,NO,15,0.0,0.0,0.0,0.0,0.0,0.0,0.0,0.0,0.0,0.0,0.0,0.0,0.0,0.0,0.0,0,94,0,0.0,0.0,0.0,0.0,0.0,0.0,0.0,0.0,0.0,0.0,0.0,0.0
2026_1_XavierJohnson_WR,2026_XavierJohnson_WR,XavierJohnson_WR,2026,1,2026-09-13,Xavier Johnson,WR,CIN,TB,18,0.0,0.0,0.0,0.0,0.0,0.0,0.0,0.0,0.0,0.0,0.0,0.0,0.0,0.0,0.0,0,219,0,0.0,0.0,0.0,0.0,0.0,0.0,0.0,0.0,0.0,0.0,0.0,0.0
2026_1_HarrisonBryant_TE,2026_HarrisonBryant_TE,HarrisonBryant_TE,2026,1,2026-09-13,Harrison Bryant,TE,SEA,NE,17,0.0,0.0,0.0,0.0,0.0,0.0,0.0,0.0,0.0,0.0,0.0,0.0,0.0,0.0,0.0,0,95,0,0.0,0.0,0.0,0.0,0.0,0.0,0.0,0.0,0.0,0.0,0.0,0.0
2026_1_ThomasYassmin_TE,2026_ThomasYassmin_TE,ThomasYassmin_TE,2026,1,2026-09-13,Thomas Yassmin,TE,GB,@MIN,4,0.0,0.0,0.0,0.0,0.0,0.0,0.0,0.0,0.0,0.0,0.0,0.0,0.0,0.0,0.0,0,96,0,0.0,0.0,0.0,0.0,0.0,0.0,0.0,0.0,0.0,0.0,0.0,0.0
2026_1_DavidSills_WR,2026_DavidSills_WR,DavidSills_WR,2026,1,2026-09-13,David Sills,WR,TB,@CIN,9,0.0,0.0,0.0,0.0,0.0,0.0,0.0,0.0,0.0,0.0,0.0,0.0,0.0,0.0,0.0,0,220,0,0.0,0.0,0.0,0.0,0.0,0.0,0.0,0.0,0.0,0.0,0.0,0.0
2026_1_BrevinEaston_WR,2026_BrevinEaston_WR,BrevinEaston_WR,2026,1,2026-09-13,Brevin Easton,WR,JAC,CLE,5,0.0,0.0,0.0,0.0,0.0,0.0,0.0,0.0,0.0,0.0,0.0,0.0,0.0,0.0,0.0,0,221,0,0.0,0.0,0.0,0.0,0.0,0.0,0.0,0.0,0.0,0.0,0.0,0.0
2026_1_RasheenAli_RB,2026_RasheenAli_RB,RasheenAli_RB,2026,1,2026-09-13,Rasheen Ali,RB,BAL,@IND,11,0.0,0.0,0.0,0.0,0.0,0.0,0.0,0.0,0.0,0.0,0.0,0.0,0.0,0.0,0.0,0,107,0,0.0,0.0,0.0,0.0,0.0,0.0,0.0,0.0,0.0,0.0,0.0,0.0
2026_1_GregDortch_WR,2026_GregDortch_WR,GregDortch_WR,2026,1,2026-09-13,Greg Dortch,WR,DET,NO,10,0.0,0.0,0.0,0.0,0.0,0.0,0.0,0.0,0.0,0.0,0.0,0.0,0.0,0.0,0.0,0,222,0,0.0,0.0,0.0,0.0,0.0,0.0,0.0,0.0,0.0,0.0,0.0,0.0
2026_1_CadeKlubnik_QB,2026_CadeKlubnik_QB,CadeKlubnik_QB,2026,1,2026-09-13,Cade Klubnik,QB,NYJ,@TEN,28,0.0,0.0,0.0,0.0,0.0,0.0,0.0,0.0,0.0,0.0,0.0,0.0,0.0,0.0,0.0,0,50,0,0.0,0.0,0.0,0.0,0.0,0.0,0.0,0.0,0.0,0.0,0.0,0.0
2026_1_Kay'ronLynch-Adams_RB,2026_Kay'ronLynch-Adams_RB,Kay'ronLynch-Adams_RB,2026,1,2026-09-13,Kay'ron Lynch-Adams,RB,CAR,CHI,19,0.0,0.0,0.0,0.0,0.0,0.0,0.0,0.0,0.0,0.0,0.0,0.0,0.0,0.0,0.0,0,108,0,0.0,0.0,0.0,0.0,0.0,0.0,0.0,0.0,0.0,0.0,0.0,0.0
2026_1_JalenWayne_WR,2026_JalenWayne_WR,JalenWayne_WR,2026,1,2026-09-13,Jalen Wayne,WR,GB,@MIN,1,0.0,0.0,0.0,0.0,0.0,0.0,0.0,0.0,0.0,0.0,0.0,0.0,0.0,0.0,0.0,0,223,0,0.0,0.0,0.0,0.0,0.0,0.0,0.0,0.0,0.0,0.0,0.0,0.0
2026_1_EricDungey_QB,2026_EricDungey_QB,EricDungey_QB,2026,1,2026-09-13,Eric Dungey,QB,CIN,TB,29,0.0,0.0,0.0,0.0,0.0,0.0,0.0,0.0,0.0,0.0,0.0,0.0,0.0,0.0,0.0,0,51,0,0.0,0.0,0.0,0.0,0.0,0.0,0.0,0.0,0.0,0.0,0.0,0.0
2026_1_LincolnSefcik_TE,2026_LincolnSefcik_TE,LincolnSefcik_TE,2026,1,2026-09-13,Lincoln Sefcik,TE,NYJ,@TEN,21,0.0,0.0,0.0,0.0,0.0,0.0,0.0,0.0,0.0,0.0,0.0,0.0,0.0,0.0,0.0,0,97,0,0.0,0.0,0.0,0.0,0.0,0.0,0.0,0.0,0.0,0.0,0.0,0.0
2026_1_EmanuelHall_WR,2026_EmanuelHall_WR,EmanuelHall_WR,2026,1,2026-09-13,Emanuel Hall,WR,WAS,@PHI,8,0.0,0.0,0.0,0.0,0.0,0.0,0.0,0.0,0.0,0.0,0.0,0.0,0.0,0.0,0.0,0,224,0,0.0,0.0,0.0,0.0,0.0,0.0,0.0,0.0,0.0,0.0,0.0,0.0
2026_1_TreTurner_WR,2026_TreTurner_WR,TreTurner_WR,2026,1,2026-09-13,Tre Turner,WR,LV,MIA,14,0.0,0.0,0.0,0.0,0.0,0.0,0.0,0.0,0.0,0.0,0.0,0.0,0.0,0.0,0.0,0,225,0,0.0,0.0,0.0,0.0,0.0,0.0,0.0,0.0,0.0,0.0,0.0,0.0
2026_1_KeenenBrown_TE,2026_KeenenBrown_TE,KeenenBrown_TE,2026,1,2026-09-13,Keenen Brown,TE,HOU,BUF,2,0.0,0.0,0.0,0.0,0.0,0.0,0.0,0.0,0.0,0.0,0.0,0.0,0.0,0.0,0.0,0,98,0,0.0,0.0,0.0,0.0,0.0,0.0,0.0,0.0,0.0,0.0,0.0,0.0
2026_1_ChangaHodge_WR,2026_ChangaHodge_WR,ChangaHodge_WR,2026,1,2026-09-13,Changa Hodge,WR,ARI,@LAC,3,0.0,0.0,0.0,0.0,0.0,0.0,0.0,0.0,0.0,0.0,0.0,0.0,0.0,0.0,0.0,0,226,0,0.0,0.0,0.0,0.0,0.0,0.0,0.0,0.0,0.0,0.0,0.0,0.0
2026_1_DavidMoore_WR,2026_DavidMoore_WR,DavidMoore_WR,2026,1,2026-09-13,David Moore,WR,CAR,CHI,31,0.0,0.0,0.0,0.0,0.0,0.0,0.0,0.0,0.0,0.0,0.0,0.0,0.0,0.0,0.0,0,227,0,0.0,0.0,0.0,0.0,0.0,0.0,0.0,0.0,0.0,0.0,0.0,0.0
2026_1_BrettRypien_QB,2026_BrettRypien_QB,BrettRypien_QB,2026,1,2026-09-13,Brett Rypien,QB,HOU,BUF,9,0.0,0.0,0.0,0.0,0.0,0.0,0.0,0.0,0.0,0.0,0.0,0.0,0.0,0.0,0.0,0,52,0,0.0,0.0,0.0,0.0,0.0,0.0,0.0,0.0,0.0,0.0,0.0,0.0
2026_1_IsaiahBond_WR,2026_IsaiahBond_WR,IsaiahBond_WR,2026,1,2026-09-13,Isaiah Bond,WR,CLE,@JAC,15,0.0,0.0,0.0,0.0,0.0,0.0,0.0,0.0,0.0,0.0,0.0,0.0,0.0,0.0,0.0,0,228,0,0.0,0.0,0.0,0.0,0.0,0.0,0.0,0.0,0.0,0.0,0.0,0.0
2026_1_Ray-RayMcCloud_WR,2026_Ray-RayMcCloud_WR,Ray-RayMcCloud_WR,2026,1,2026-09-13,Ray-Ray McCloud,WR,CHI,@CAR,12,0.0,0.0,0.0,0.0,0.0,0.0,0.0,0.0,0.0,0.0,0.0,0.0,0.0,0.0,0.0,0,229,0,0.0,0.0,0.0,0.0,0.0,0.0,0.0,0.0,0.0,0.0,0.0,0.0
2026_1_JohnathonJohnson_WR,2026_JohnathonJohnson_WR,JohnathonJohnson_WR,2026,1,2026-09-13,Johnathon Johnson,WR,WAS,@PHI,8,0.0,0.0,0.0,0.0,0.0,0.0,0.0,0.0,0.0,0.0,0.0,0.0,0.0,0.0,0.0,0,230,0,0.0,0.0,0.0,0.0,0.0,0.0,0.0,0.0,0.0,0.0,0.0,0.0
2026_1_JoshJacobs_RB,2026_JoshJacobs_RB,JoshJacobs_RB,2026,1,2026-09-13,Josh Jacobs,RB,GB,@MIN,15,0.0,0.0,0.0,0.0,0.0,0.0,0.0,0.0,0.0,0.0,0.0,0.0,0.0,0.0,0.0,0,109,0,0.0,0.0,0.0,0.0,0.0,0.0,0.0,0.0,0.0,0.0,0.0,0.0
2026_1_MontelHarris_RB,2026_MontelHarris_RB,MontelHarris_RB,2026,1,2026-09-13,Montel Harris,RB,FA,BYE,33,0.0,0.0,0.0,0.0,0.0,0.0,0.0,0.0,0.0,0.0,0.0,0.0,0.0,0.0,0.0,0,110,0,0.0,0.0,0.0,0.0,0.0,0.0,0.0,0.0,0.0,0.0,0.0,0.0
2026_1_JohnnyMundt_TE,2026_JohnnyMundt_TE,JohnnyMundt_TE,2026,1,2026-09-13,Johnny Mundt,TE,PHI,WAS,30,0.0,0.0,0.0,0.0,0.0,0.0,0.0,0.0,0.0,0.0,0.0,0.0,0.0,0.0,0.0,0,99,0,0.0,0.0,0.0,0.0,0.0,0.0,0.0,0.0,0.0,0.0,0.0,0.0
2026_1_KyleMonangai_RB,2026_KyleMonangai_RB,KyleMonangai_RB,2026,1,2026-09-13,Kyle Monangai,RB,CHI,@CAR,23,0.0,0.0,0.0,0.0,0.0,0.0,0.0,0.0,0.0,0.0,0.0,0.0,0.0,0.0,0.0,0,111,0,0.0,0.0,0.0,0.0,0.0,0.0,0.0,0.0,0.0,0.0,0.0,0.0
2026_1_DeAndreCarter_WR,2026_DeAndreCarter_WR,DeAndreCarter_WR,2026,1,2026-09-13,DeAndre Carter,WR,CLE,@JAC,15,0.0,0.0,0.0,0.0,0.0,0.0,0.0,0.0,0.0,0.0,0.0,0.0,0.0,0.0,0.0,0,231,0,0.0,0.0,0.0,0.0,0.0,0.0,0.0,0.0,0.0,0.0,0.0,0.0
2026_1_AbramSmith_RB,2026_AbramSmith_RB,AbramSmith_RB,2026,1,2026-09-13,Abram Smith,RB,MIN,GB,18,0.0,0.0,0.0,0.0,0.0,0.0,0.0,0.0,0.0,0.0,0.0,0.0,0.0,0.0,0.0,0,112,0,0.0,0.0,0.0,0.0,0.0,0.0,0.0,0.0,0.0,0.0,0.0,0.0
2026_1_DevinLeary_QB,2026_DevinLeary_QB,DevinLeary_QB,2026,1,2026-09-13,Devin Leary,QB,BAL,@IND,20,0.0,0.0,0.0,0.0,0.0,0.0,0.0,0.0,0.0,0.0,0.0,0.0,0.0,0.0,0.0,0,53,0,0.0,0.0,0.0,0.0,0.0,0.0,0.0,0.0,0.0,0.0,0.0,0.0
2026_1_JhamonAusbon_WR,2026_JhamonAusbon_WR,JhamonAusbon_WR,2026,1,2026-09-13,Jhamon Ausbon,WR,PHI,WAS,28,0.0,0.0,0.0,0.0,0.0,0.0,0.0,0.0,0.0,0.0,0.0,0.0,0.0,0.0,0.0,0,232,0,0.0,0.0,0.0,0.0,0.0,0.0,0.0,0.0,0.0,0.0,0.0,0.0
2026_1_LorenzoLingard_RB,2026_LorenzoLingard_RB,LorenzoLingard_RB,2026,1,2026-09-13,Lorenzo Lingard,RB,NYG,DAL,27,0.0,0.0,0.0,0.0,0.0,0.0,0.0,0.0,0.0,0.0,0.0,0.0,0.0,0.0,0.0,0,113,0,0.0,0.0,0.0,0.0,0.0,0.0,0.0,0.0,0.0,0.0,0.0,0.0
2026_1_ChrisEvans_RB,2026_ChrisEvans_RB,ChrisEvans_RB,2026,1,2026-09-13,Chris Evans,RB,CIN,TB,12,0.0,0.0,0.0,0.0,0.0,0.0,0.0,0.0,0.0,0.0,0.0,0.0,0.0,0.0,0.0,0,114,0,0.0,0.0,0.0,0.0,0.0,0.0,0.0,0.0,0.0,0.0,0.0,0.0
2026_1_SethMcGowan_RB,2026_SethMcGowan_RB,SethMcGowan_RB,2026,1,2026-09-13,Seth McGowan,RB,IND,BAL,17,0.0,0.0,0.0,0.0,0.0,0.0,0.0,0.0,0.0,0.0,0.0,0.0,0.0,0.0,0.0,0,115,0,0.0,0.0,0.0,0.0,0.0,0.0,0.0,0.0,0.0,0.0,0.0,0.0
2026_1_BruceAnderson_RB,2026_BruceAnderson_RB,BruceAnderson_RB,2026,1,2026-09-13,Bruce Anderson,RB,IND,BAL,17,0.0,0.0,0.0,0.0,0.0,0.0,0.0,0.0,0.0,0.0,0.0,0.0,0.0,0.0,0.0,0,116,0,0.0,0.0,0.0,0.0,0.0,0.0,0.0,0.0,0.0,0.0,0.0,0.0
2026_1_WillLevis_QB,2026_WillLevis_QB,WillLevis_QB,2026,1,2026-09-13,Will Levis,QB,TEN,NYJ,31,0.0,0.0,0.0,0.0,0.0,0.0,0.0,0.0,0.0,0.0,0.0,0.0,0.0,0.0,0.0,0,54,0,0.0,0.0,0.0,0.0,0.0,0.0,0.0,0.0,0.0,0.0,0.0,0.0
2026_1_BrandonJohnson_WR,2026_BrandonJohnson_WR,BrandonJohnson_WR,2026,1,2026-09-13,Brandon Johnson,WR,LV,MIA,14,0.0,0.0,0.0,0.0,0.0,0.0,0.0,0.0,0.0,0.0,0.0,0.0,0.0,0.0,0.0,0,233,0,0.0,0.0,0.0,0.0,0.0,0.0,0.0,0.0,0.0,0.0,0.0,0.0
2026_1_DJUiagalelei_QB,2026_DJUiagalelei_QB,DJUiagalelei_QB,2026,1,2026-09-13,DJ Uiagalelei,QB,LAC,ARI,17,0.0,0.0,0.0,0.0,0.0,0.0,0.0,0.0,0.0,0.0,0.0,0.0,0.0,0.0,0.0,0,55,0,0.0,0.0,0.0,0.0,0.0,0.0,0.0,0.0,0.0,0.0,0.0,0.0
2026_1_StetsonBennett_QB,2026_StetsonBennett_QB,StetsonBennett_QB,2026,1,2026-09-13,Stetson Bennett,QB,LAR,SF,16,0.0,0.0,0.0,0.0,0.0,0.0,0.0,0.0,0.0,0.0,0.0,0.0,0.0,0.0,0.0,0,56,0,0.0,0.0,0.0,0.0,0.0,0.0,0.0,0.0,0.0,0.0,0.0,0.0
2026_1_JeremiahHaydel_WR,2026_JeremiahHaydel_WR,JeremiahHaydel_WR,2026,1,2026-09-13,Jeremiah Haydel,WR,LAR,SF,16,0.0,0.0,0.0,0.0,0.0,0.0,0.0,0.0,0.0,0.0,0.0,0.0,0.0,0.0,0.0,0,234,0,0.0,0.0,0.0,0.0,0.0,0.0,0.0,0.0,0.0,0.0,0.0,0.0
2026_1_ConnorHeyward_TE,2026_ConnorHeyward_TE,ConnorHeyward_TE,2026,1,2026-09-13,Connor Heyward,TE,LV,MIA,29,0.0,0.0,0.0,0.0,0.0,0.0,0.0,0.0,0.0,0.0,0.0,0.0,0.0,0.0,0.0,0,100,0,0.0,0.0,0.0,0.0,0.0,0.0,0.0,0.0,0.0,0.0,0.0,0.0
2026_1_ChaseRoberts_WR,2026_ChaseRoberts_WR,ChaseRoberts_WR,2026,1,2026-09-13,Chase Roberts,WR,LV,MIA,14,0.0,0.0,0.0,0.0,0.0,0.0,0.0,0.0,0.0,0.0,0.0,0.0,0.0,0.0,0.0,0,235,0,0.0,0.0,0.0,0.0,0.0,0.0,0.0,0.0,0.0,0.0,0.0,0.0
2026_1_KevinFoelsch_TE,2026_KevinFoelsch_TE,KevinFoelsch_TE,2026,1,2026-09-13,Kevin Foelsch,TE,PIT,ATL,5,0.0,0.0,0.0,0.0,0.0,0.0,0.0,0.0,0.0,0.0,0.0,0.0,0.0,0.0,0.0,0,101,0,0.0,0.0,0.0,0.0,0.0,0.0,0.0,0.0,0.0,0.0,0.0,0.0
2026_1_NicholasSingleton_RB,2026_NicholasSingleton_RB,NicholasSingleton_RB,2026,1,2026-09-13,Nicholas Singleton,RB,TEN,NYJ,32,0.0,0.0,0.0,0.0,0.0,0.0,0.0,0.0,0.0,0.0,0.0,0.0,0.0,0.0,0.0,0,117,0,0.0,0.0,0.0,0.0,0.0,0.0,0.0,0.0,0.0,0.0,0.0,0.0
2026_1_MarquiseBrown_WR,2026_MarquiseBrown_WR,MarquiseBrown_WR,2026,1,2026-09-13,Marquise Brown,WR,PHI,WAS,28,0.0,0.0,0.0,0.0,0.0,0.0,0.0,0.0,0.0,0.0,0.0,0.0,0.0,0.0,0.0,0,236,0,0.0,0.0,0.0,0.0,0.0,0.0,0.0,0.0,0.0,0.0,0.0,0.0
2026_1_ChubaHubbard_RB,2026_ChubaHubbard_RB,ChubaHubbard_RB,2026,1,2026-09-13,Chuba Hubbard,RB,CAR,CHI,19,0.0,0.0,0.0,0.0,0.0,0.0,0.0,0.0,0.0,0.0,0.0,0.0,0.0,0.0,0.0,0,118,0,0.0,0.0,0.0,0.0,0.0,0.0,0.0,0.0,0.0,0.0,0.0,0.0
2026_1_LukeBenson_TE,2026_LukeBenson_TE,LukeBenson_TE,2026,1,2026-09-13,Luke Benson,TE,LAC,ARI,31,0.0,0.0,0.0,0.0,0.0,0.0,0.0,0.0,0.0,0.0,0.0,0.0,0.0,0.0,0.0,0,102,0,0.0,0.0,0.0,0.0,0.0,0.0,0.0,0.0,0.0,0.0,0.0,0.0
2026_1_JordanWhittington_WR,2026_JordanWhittington_WR,JordanWhittington_WR,2026,1,2026-09-13,Jordan Whittington,WR,LAR,SF,16,0.0,0.0,0.0,0.0,0.0,0.0,0.0,0.0,0.0,0.0,0.0,0.0,0.0,0.0,0.0,0,237,0,0.0,0.0,0.0,0.0,0.0,0.0,0.0,0.0,0.0,0.0,0.0,0.0
2026_1_Ja'LynnPolk_WR,2026_Ja'LynnPolk_WR,Ja'LynnPolk_WR,2026,1,2026-09-13,Ja'Lynn Polk,WR,NO,@DET,30,0.0,0.0,0.0,0.0,0.0,0.0,0.0,0.0,0.0,0.0,0.0,0.0,0.0,0.0,0.0,0,238,0,0.0,0.0,0.0,0.0,0.0,0.0,0.0,0.0,0.0,0.0,0.0,0.0
2026_1_BrianWalker_TE,2026_BrianWalker_TE,BrianWalker_TE,2026,1,2026-09-13,Brian Walker,TE,BAL,@IND,25,0.0,0.0,0.0,0.0,0.0,0.0,0.0,0.0,0.0,0.0,0.0,0.0,0.0,0.0,0.0,0,103,0,0.0,0.0,0.0,0.0,0.0,0.0,0.0,0.0,0.0,0.0,0.0,0.0
2026_1_JeromeFord_RB,2026_JeromeFord_RB,JeromeFord_RB,2026,1,2026-09-13,Jerome Ford,RB,WAS,@PHI,26,0.0,0.0,0.0,0.0,0.0,0.0,0.0,0.0,0.0,0.0,0.0,0.0,0.0,0.0,0.0,0,119,0,0.0,0.0,0.0,0.0,0.0,0.0,0.0,0.0,0.0,0.0,0.0,0.0
2026_1_PatrickRicard_RB,2026_PatrickRicard_RB,PatrickRicard_RB,2026,1,2026-09-13,Patrick Ricard,RB,NYG,DAL,27,0.0,0.0,0.0,0.0,0.0,0.0,0.0,0.0,0.0,0.0,0.0,0.0,0.0,0.0,0.0,0,120,0,0.0,0.0,0.0,0.0,0.0,0.0,0.0,0.0,0.0,0.0,0.0,0.0
2026_1_SincereBrown_WR,2026_SincereBrown_WR,SincereBrown_WR,2026,1,2026-09-13,Sincere Brown,WR,LAC,ARI,17,0.0,0.0,0.0,0.0,0.0,0.0,0.0,0.0,0.0,0.0,0.0,0.0,0.0,0.0,0.0,0,239,0,0.0,0.0,0.0,0.0,0.0,0.0,0.0,0.0,0.0,0.0,0.0,0.0
2026_1_IrvinCharles_WR,2026_IrvinCharles_WR,IrvinCharles_WR,2026,1,2026-09-13,Irvin Charles,WR,SEA,NE,11,0.0,0.0,0.0,0.0,0.0,0.0,0.0,0.0,0.0,0.0,0.0,0.0,0.0,0.0,0.0,0,240,0,0.0,0.0,0.0,0.0,0.0,0.0,0.0,0.0,0.0,0.0,0.0,0.0
2026_1_TreWatson_TE,2026_TreWatson_TE,TreWatson_TE,2026,1,2026-09-13,Tre Watson,TE,KC,DEN,18,0.0,0.0,0.0,0.0,0.0,0.0,0.0,0.0,0.0,0.0,0.0,0.0,0.0,0.0,0.0,0,104,0,0.0,0.0,0.0,0.0,0.0,0.0,0.0,0.0,0.0,0.0,0.0,0.0
2026_1_LukeMusgrave_TE,2026_LukeMusgrave_TE,LukeMusgrave_TE,2026,1,2026-09-13,Luke Musgrave,TE,GB,@MIN,4,0.0,0.0,0.0,0.0,0.0,0.0,0.0,0.0,0.0,0.0,0.0,0.0,0.0,0.0,0.0,0,105,0,0.0,0.0,0.0,0.0,0.0,0.0,0.0,0.0,0.0,0.0,0.0,0.0
2026_1_JeromeWashington_TE,2026_JeromeWashington_TE,JeromeWashington_TE,2026,1,2026-09-13,Jerome Washington,TE,ARI,@LAC,9,0.0,0.0,0.0,0.0,0.0,0.0,0.0,0.0,0.0,0.0,0.0,0.0,0.0,0.0,0.0,0,106,0,0.0,0.0,0.0,0.0,0.0,0.0,0.0,0.0,0.0,0.0,0.0,0.0
2026_1_Ja'MarrChase_WR,2026_Ja'MarrChase_WR,Ja'MarrChase_WR,2026,1,2026-09-13,Ja'Marr Chase,WR,CIN,TB,18,0.0,0.0,0.0,0.0,0.0,0.0,0.0,0.0,0.0,0.0,0.0,0.0,0.0,0.0,0.0,0,241,0,0.0,0.0,0.0,0.0,0.0,0.0,0.0,0.0,0.0,0.0,0.0,0.0
2026_1_RysenJohn_TE,2026_RysenJohn_TE,RysenJohn_TE,2026,1,2026-09-13,Rysen John,TE,CHI,@CAR,24,0.0,0.0,0.0,0.0,0.0,0.0,0.0,0.0,0.0,0.0,0.0,0.0,0.0,0.0,0.0,0,107,0,0.0,0.0,0.0,0.0,0.0,0.0,0.0,0.0,0.0,0.0,0.0,0.0
2026_1_ColeTurner_TE,2026_ColeTurner_TE,ColeTurner_TE,2026,1,2026-09-13,Cole Turner,TE,MIA,@LV,3,0.0,0.0,0.0,0.0,0.0,0.0,0.0,0.0,0.0,0.0,0.0,0.0,0.0,0.0,0.0,0,108,0,0.0,0.0,0.0,0.0,0.0,0.0,0.0,0.0,0.0,0.0,0.0,0.0
2026_1_AntonioBrown_WR,2026_AntonioBrown_WR,AntonioBrown_WR,2026,1,2026-09-13,Antonio Brown,WR,TB,@CIN,9,0.0,0.0,0.0,0.0,0.0,0.0,0.0,0.0,0.0,0.0,0.0,0.0,0.0,0.0,0.0,0,242,0,0.0,0.0,0.0,0.0,0.0,0.0,0.0,0.0,0.0,0.0,0.0,0.0
2026_1_ZachPascal_WR,2026_ZachPascal_WR,ZachPascal_WR,2026,1,2026-09-13,Zach Pascal,WR,NYG,DAL,32,0.0,0.0,0.0,0.0,0.0,0.0,0.0,0.0,0.0,0.0,0.0,0.0,0.0,0.0,0.0,0,243,0,0.0,0.0,0.0,0.0,0.0,0.0,0.0,0.0,0.0,0.0,0.0,0.0
2026_1_NyheimMiller-Hines_RB,2026_NyheimMiller-Hines_RB,NyheimMiller-Hines_RB,2026,1,2026-09-13,Nyheim Miller-Hines,RB,NO,@DET,7,0.0,0.0,0.0,0.0,0.0,0.0,0.0,0.0,0.0,0.0,0.0,0.0,0.0,0.0,0.0,0,121,0,0.0,0.0,0.0,0.0,0.0,0.0,0.0,0.0,0.0,0.0,0.0,0.0
2026_1_OmarBayless_WR,2026_OmarBayless_WR,OmarBayless_WR,2026,1,2026-09-13,Omar Bayless,WR,KC,DEN,2,0.0,0.0,0.0,0.0,0.0,0.0,0.0,0.0,0.0,0.0,0.0,0.0,0.0,0.0,0.0,0,244,0,0.0,0.0,0.0,0.0,0.0,0.0,0.0,0.0,0.0,0.0,0.0,0.0
2026_1_KadariusCalloway_RB,2026_KadariusCalloway_RB,KadariusCalloway_RB,2026,1,2026-09-13,Kadarius Calloway,RB,TB,@CIN,31,0.0,0.0,0.0,0.0,0.0,0.0,0.0,0.0,0.0,0.0,0.0,0.0,0.0,0.0,0.0,0,122,0,0.0,0.0,0.0,0.0,0.0,0.0,0.0,0.0,0.0,0.0,0.0,0.0
2026_1_ZamirWhite_RB,2026_ZamirWhite_RB,ZamirWhite_RB,2026,1,2026-09-13,Zamir White,RB,SF,@LAR,10,0.0,0.0,0.0,0.0,0.0,0.0,0.0,0.0,0.0,0.0,0.0,0.0,0.0,0.0,0.0,0,123,0,0.0,0.0,0.0,0.0,0.0,0.0,0.0,0.0,0.0,0.0,0.0,0.0
2026_1_RamelKeyton_WR,2026_RamelKeyton_WR,RamelKeyton_WR,2026,1,2026-09-13,Ramel Keyton,WR,TEN,NYJ,19,0.0,0.0,0.0,0.0,0.0,0.0,0.0,0.0,0.0,0.0,0.0,0.0,0.0,0.0,0.0,0,245,0,0.0,0.0,0.0,0.0,0.0,0.0,0.0,0.0,0.0,0.0,0.0,0.0
2026_1_KhalilHerbert_RB,2026_KhalilHerbert_RB,KhalilHerbert_RB,2026,1,2026-09-13,Khalil Herbert,RB,SF,@LAR,10,0.0,0.0,0.0,0.0,0.0,0.0,0.0,0.0,0.0,0.0,0.0,0.0,0.0,0.0,0.0,0,124,0,0.0,0.0,0.0,0.0,0.0,0.0,0.0,0.0,0.0,0.0,0.0,0.0
2026_1_MackHollins_WR,2026_MackHollins_WR,MackHollins_WR,2026,1,2026-09-13,Mack Hollins,WR,NE,@SEA,4,0.0,0.0,0.0,0.0,0.0,0.0,0.0,0.0,0.0,0.0,0.0,0.0,0.0,0.0,0.0,0,246,0,0.0,0.0,0.0,0.0,0.0,0.0,0.0,0.0,0.0,0.0,0.0,0.0
2026_1_BrandonHayes_WR,2026_BrandonHayes_WR,BrandonHayes_WR,2026,1,2026-09-13,Brandon Hayes,WR,PHI,WAS,28,0.0,0.0,0.0,0.0,0.0,0.0,0.0,0.0,0.0,0.0,0.0,0.0,0.0,0.0,0.0,0,247,0,0.0,0.0,0.0,0.0,0.0,0.0,0.0,0.0,0.0,0.0,0.0,0.0
2026_1_JPRichardson_WR,2026_JPRichardson_WR,JPRichardson_WR,2026,1,2026-09-13,JP Richardson,WR,CHI,@CAR,12,0.0,0.0,0.0,0.0,0.0,0.0,0.0,0.0,0.0,0.0,0.0,0.0,0.0,0.0,0.0,0,248,0,0.0,0.0,0.0,0.0,0.0,0.0,0.0,0.0,0.0,0.0,0.0,0.0
2026_1_JaydenReed_WR,2026_JaydenReed_WR,JaydenReed_WR,2026,1,2026-09-13,Jayden Reed,WR,GB,@MIN,1,0.0,0.0,0.0,0.0,0.0,0.0,0.0,0.0,0.0,0.0,0.0,0.0,0.0,0.0,0.0,0,249,0,0.0,0.0,0.0,0.0,0.0,0.0,0.0,0.0,0.0,0.0,0.0,0.0
2026_1_JonahColeman_RB,2026_JonahColeman_RB,JonahColeman_RB,2026,1,2026-09-13,Jonah Coleman,RB,DEN,@KC,6,0.0,0.0,0.0,0.0,0.0,0.0,0.0,0.0,0.0,0.0,0.0,0.0,0.0,0.0,0.0,0,125,0,0.0,0.0,0.0,0.0,0.0,0.0,0.0,0.0,0.0,0.0,0.0,0.0
2026_1_TylerBadie_RB,2026_TylerBadie_RB,TylerBadie_RB,2026,1,2026-09-13,Tyler Badie,RB,DEN,@KC,6,0.0,0.0,0.0,0.0,0.0,0.0,0.0,0.0,0.0,0.0,0.0,0.0,0.0,0.0,0.0,0,126,0,0.0,0.0,0.0,0.0,0.0,0.0,0.0,0.0,0.0,0.0,0.0,0.0
2026_1_TayonFleet-Davis_RB,2026_TayonFleet-Davis_RB,TayonFleet-Davis_RB,2026,1,2026-09-13,Tayon Fleet-Davis,RB,KC,DEN,3,0.0,0.0,0.0,0.0,0.0,0.0,0.0,0.0,0.0,0.0,0.0,0.0,0.0,0.0,0.0,0,127,0,0.0,0.0,0.0,0.0,0.0,0.0,0.0,0.0,0.0,0.0,0.0,0.0
2026_1_JavianHawkins_RB,2026_JavianHawkins_RB,JavianHawkins_RB,2026,1,2026-09-13,Javian Hawkins,RB,LAR,SF,22,0.0,0.0,0.0,0.0,0.0,0.0,0.0,0.0,0.0,0.0,0.0,0.0,0.0,0.0,0.0,0,128,0,0.0,0.0,0.0,0.0,0.0,0.0,0.0,0.0,0.0,0.0,0.0,0.0
2026_1_AndreBaccellia_WR,2026_AndreBaccellia_WR,AndreBaccellia_WR,2026,1,2026-09-13,Andre Baccellia,WR,ARI,@LAC,3,0.0,0.0,0.0,0.0,0.0,0.0,0.0,0.0,0.0,0.0,0.0,0.0,0.0,0.0,0.0,0,250,0,0.0,0.0,0.0,0.0,0.0,0.0,0.0,0.0,0.0,0.0,0.0,0.0
2026_1_RobertLewis_WR,2026_RobertLewis_WR,RobertLewis_WR,2026,1,2026-09-13,Robert Lewis,WR,MIN,GB,21,0.0,0.0,0.0,0.0,0.0,0.0,0.0,0.0,0.0,0.0,0.0,0.0,0.0,0.0,0.0,0,251,0,0.0,0.0,0.0,0.0,0.0,0.0,0.0,0.0,0.0,0.0,0.0,0.0
2026_1_AlbertOkwuegbunam_TE,2026_AlbertOkwuegbunam_TE,AlbertOkwuegbunam_TE,2026,1,2026-09-13,Albert Okwuegbunam,TE,LV,MIA,29,0.0,0.0,0.0,0.0,0.0,0.0,0.0,0.0,0.0,0.0,0.0,0.0,0.0,0.0,0.0,0,109,0,0.0,0.0,0.0,0.0,0.0,0.0,0.0,0.0,0.0,0.0,0.0,0.0
2026_1_CJWilliams_WR,2026_CJWilliams_WR,CJWilliams_WR,2026,1,2026-09-13,CJ Williams,WR,JAC,CLE,5,0.0,0.0,0.0,0.0,0.0,0.0,0.0,0.0,0.0,0.0,0.0,0.0,0.0,0.0,0.0,0,252,0,0.0,0.0,0.0,0.0,0.0,0.0,0.0,0.0,0.0,0.0,0.0,0.0
2026_1_TruEdwards_WR,2026_TruEdwards_WR,TruEdwards_WR,2026,1,2026-09-13,Tru Edwards,WR,LAR,SF,16,0.0,0.0,0.0,0.0,0.0,0.0,0.0,0.0,0.0,0.0,0.0,0.0,0.0,0.0,0.0,0,253,0,0.0,0.0,0.0,0.0,0.0,0.0,0.0,0.0,0.0,0.0,0.0,0.0
2026_1_ProWells_TE,2026_ProWells_TE,ProWells_TE,2026,1,2026-09-13,Pro Wells,TE,CIN,TB,27,0.0,0.0,0.0,0.0,0.0,0.0,0.0,0.0,0.0,0.0,0.0,0.0,0.0,0.0,0.0,0,110,0,0.0,0.0,0.0,0.0,0.0,0.0,0.0,0.0,0.0,0.0,0.0,0.0
2026_1_JontreKirklin_WR,2026_JontreKirklin_WR,JontreKirklin_WR,2026,1,2026-09-13,Jontre Kirklin,WR,SF,@LAR,24,0.0,0.0,0.0,0.0,0.0,0.0,0.0,0.0,0.0,0.0,0.0,0.0,0.0,0.0,0.0,0,254,0,0.0,0.0,0.0,0.0,0.0,0.0,0.0,0.0,0.0,0.0,0.0,0.0
2026_1_LaddMcConkey_WR,2026_LaddMcConkey_WR,LaddMcConkey_WR,2026,1,2026-09-13,Ladd McConkey,WR,LAC,ARI,17,0.0,0.0,0.0,0.0,0.0,0.0,0.0,0.0,0.0,0.0,0.0,0.0,0.0,0.0,0.0,0,255,0,0.0,0.0,0.0,0.0,0.0,0.0,0.0,0.0,0.0,0.0,0.0,0.0
2026_1_ZackAnnexstad_QB,2026_ZackAnnexstad_QB,ZackAnnexstad_QB,2026,1,2026-09-13,Zack Annexstad,QB,TB,@CIN,27,0.0,0.0,0.0,0.0,0.0,0.0,0.0,0.0,0.0,0.0,0.0,0.0,0.0,0.0,0.0,0,57,0,0.0,0.0,0.0,0.0,0.0,0.0,0.0,0.0,0.0,0.0,0.0,0.0
2026_1_AndrewVollert_TE,2026_AndrewVollert_TE,AndrewVollert_TE,2026,1,2026-09-13,Andrew Vollert,TE,IND,BAL,8,0.0,0.0,0.0,0.0,0.0,0.0,0.0,0.0,0.0,0.0,0.0,0.0,0.0,0.0,0.0,0,111,0,0.0,0.0,0.0,0.0,0.0,0.0,0.0,0.0,0.0,0.0,0.0,0.0
2026_1_ZachWilson_QB,2026_ZachWilson_QB,ZachWilson_QB,2026,1,2026-09-13,Zach Wilson,QB,NO,@DET,22,0.0,0.0,0.0,0.0,0.0,0.0,0.0,0.0,0.0,0.0,0.0,0.0,0.0,0.0,0.0,0,58,0,0.0,0.0,0.0,0.0,0.0,0.0,0.0,0.0,0.0,0.0,0.0,0.0
2026_1_MasonPline_TE,2026_MasonPline_TE,MasonPline_TE,2026,1,2026-09-13,Mason Pline,TE,KC,DEN,18,0.0,0.0,0.0,0.0,0.0,0.0,0.0,0.0,0.0,0.0,0.0,0.0,0.0,0.0,0.0,0,112,0,0.0,0.0,0.0,0.0,0.0,0.0,0.0,0.0,0.0,0.0,0.0,0.0
2026_1_OtisAnderson_RB,2026_OtisAnderson_RB,OtisAnderson_RB,2026,1,2026-09-13,Otis Anderson,RB,LAR,SF,22,0.0,0.0,0.0,0.0,0.0,0.0,0.0,0.0,0.0,0.0,0.0,0.0,0.0,0.0,0.0,0,129,0,0.0,0.0,0.0,0.0,0.0,0.0,0.0,0.0,0.0,0.0,0.0,0.0
2026_1_ChrisPierce_TE,2026_ChrisPierce_TE,ChrisPierce_TE,2026,1,2026-09-13,Chris Pierce,TE,CAR,CHI,11,0.0,0.0,0.0,0.0,0.0,0.0,0.0,0.0,0.0,0.0,0.0,0.0,0.0,0.0,0.0,0,113,0,0.0,0.0,0.0,0.0,0.0,0.0,0.0,0.0,0.0,0.0,0.0,0.0
2026_1_PhillipSims_QB,2026_PhillipSims_QB,PhillipSims_QB,2026,1,2026-09-13,Phillip Sims,QB,SEA,NE,5,0.0,0.0,0.0,0.0,0.0,0.0,0.0,0.0,0.0,0.0,0.0,0.0,0.0,0.0,0.0,0,59,0,0.0,0.0,0.0,0.0,0.0,0.0,0.0,0.0,0.0,0.0,0.0,0.0
2026_1_MaxBredeson_TE,2026_MaxBredeson_TE,MaxBredeson_TE,2026,1,2026-09-13,Max Bredeson,TE,MIN,GB,12,0.0,0.0,0.0,0.0,0.0,0.0,0.0,0.0,0.0,0.0,0.0,0.0,0.0,0.0,0.0,0,114,0,0.0,0.0,0.0,0.0,0.0,0.0,0.0,0.0,0.0,0.0,0.0,0.0
2026_1_ZachCharbonnet_RB,2026_ZachCharbonnet_RB,ZachCharbonnet_RB,2026,1,2026-09-13,Zach Charbonnet,RB,SEA,NE,2,0.0,0.0,0.0,0.0,0.0,0.0,0.0,0.0,0.0,0.0,0.0,0.0,0.0,0.0,0.0,0,130,0,0.0,0.0,0.0,0.0,0.0,0.0,0.0,0.0,0.0,0.0,0.0,0.0
2026_1_CharlieJones_WR,2026_CharlieJones_WR,CharlieJones_WR,2026,1,2026-09-13,Charlie Jones,WR,CIN,TB,18,0.0,0.0,0.0,0.0,0.0,0.0,0.0,0.0,0.0,0.0,0.0,0.0,0.0,0.0,0.0,0,256,0,0.0,0.0,0.0,0.0,0.0,0.0,0.0,0.0,0.0,0.0,0.0,0.0
2026_1_DorianThompson-Robinson_QB,2026_DorianThompson-Robinson_QB,DorianThompson-Robinson_QB,2026,1,2026-09-13,Dorian Thompson-Robinson,QB,PHI,WAS,30,0.0,0.0,0.0,0.0,0.0,0.0,0.0,0.0,0.0,0.0,0.0,0.0,0.0,0.0,0.0,0,60,0,0.0,0.0,0.0,0.0,0.0,0.0,0.0,0.0,0.0,0.0,0.0,0.0
2026_1_BubMeans_WR,2026_BubMeans_WR,BubMeans_WR,2026,1,2026-09-13,Bub Means,WR,NO,@DET,30,0.0,0.0,0.0,0.0,0.0,0.0,0.0,0.0,0.0,0.0,0.0,0.0,0.0,0.0,0.0,0,257,0,0.0,0.0,0.0,0.0,0.0,0.0,0.0,0.0,0.0,0.0,0.0,0.0
2026_1_JacobyBrissett_QB,2026_JacobyBrissett_QB,JacobyBrissett_QB,2026,1,2026-09-13,Jacoby Brissett,QB,ARI,@LAC,3,0.0,0.0,0.0,0.0,0.0,0.0,0.0,0.0,0.0,0.0,0.0,0.0,0.0,0.0,0.0,0,61,0,0.0,0.0,0.0,0.0,0.0,0.0,0.0,0.0,0.0,0.0,0.0,0.0
2026_1_BenDiNucci_QB,2026_BenDiNucci_QB,BenDiNucci_QB,2026,1,2026-09-13,Ben DiNucci,QB,DEN,@KC,12,0.0,0.0,0.0,0.0,0.0,0.0,0.0,0.0,0.0,0.0,0.0,0.0,0.0,0.0,0.0,0,62,0,0.0,0.0,0.0,0.0,0.0,0.0,0.0,0.0,0.0,0.0,0.0,0.0
2026_1_ElijahDotson_RB,2026_ElijahDotson_RB,ElijahDotson_RB,2026,1,2026-09-13,Elijah Dotson,RB,ATL,@PIT,9,0.0,0.0,0.0,0.0,0.0,0.0,0.0,0.0,0.0,0.0,0.0,0.0,0.0,0.0,0.0,0,131,0,0.0,0.0,0.0,0.0,0.0,0.0,0.0,0.0,0.0,0.0,0.0,0.0
2026_1_JoshImatorbhebhe_WR,2026_JoshImatorbhebhe_WR,JoshImatorbhebhe_WR,2026,1,2026-09-13,Josh Imatorbhebhe,WR,JAC,CLE,5,0.0,0.0,0.0,0.0,0.0,0.0,0.0,0.0,0.0,0.0,0.0,0.0,0.0,0.0,0.0,0,258,0,0.0,0.0,0.0,0.0,0.0,0.0,0.0,0.0,0.0,0.0,0.0,0.0
2026_1_SiaosiMariner_WR,2026_SiaosiMariner_WR,SiaosiMariner_WR,2026,1,2026-09-13,Siaosi Mariner,WR,BAL,@IND,27,0.0,0.0,0.0,0.0,0.0,0.0,0.0,0.0,0.0,0.0,0.0,0.0,0.0,0.0,0.0,0,259,0,0.0,0.0,0.0,0.0,0.0,0.0,0.0,0.0,0.0,0.0,0.0,0.0
2026_1_JulianHill_TE,2026_JulianHill_TE,JulianHill_TE,2026,1,2026-09-13,Julian Hill,TE,NE,@SEA,20,0.0,0.0,0.0,0.0,0.0,0.0,0.0,0.0,0.0,0.0,0.0,0.0,0.0,0.0,0.0,0,115,0,0.0,0.0,0.0,0.0,0.0,0.0,0.0,0.0,0.0,0.0,0.0,0.0
2026_1_ZaQuandreWhite_RB,2026_ZaQuandreWhite_RB,ZaQuandreWhite_RB,2026,1,2026-09-13,ZaQuandre White,RB,MIA,@LV,21,0.0,0.0,0.0,0.0,0.0,0.0,0.0,0.0,0.0,0.0,0.0,0.0,0.0,0.0,0.0,0,132,0,0.0,0.0,0.0,0.0,0.0,0.0,0.0,0.0,0.0,0.0,0.0,0.0
2026_1_DillonBell_WR,2026_DillonBell_WR,DillonBell_WR,2026,1,2026-09-13,Dillon Bell,WR,MIN,GB,21,0.0,0.0,0.0,0.0,0.0,0.0,0.0,0.0,0.0,0.0,0.0,0.0,0.0,0.0,0.0,0,260,0,0.0,0.0,0.0,0.0,0.0,0.0,0.0,0.0,0.0,0.0,0.0,0.0
2026_1_UlyssesBentley_RB,2026_UlyssesBentley_RB,UlyssesBentley_RB,2026,1,2026-09-13,Ulysses Bentley,RB,IND,BAL,17,0.0,0.0,0.0,0.0,0.0,0.0,0.0,0.0,0.0,0.0,0.0,0.0,0.0,0.0,0.0,0,133,0,0.0,0.0,0.0,0.0,0.0,0.0,0.0,0.0,0.0,0.0,0.0,0.0
2026_1_JodyFortson_TE,2026_JodyFortson_TE,JodyFortson_TE,2026,1,2026-09-13,Jody Fortson,TE,KC,DEN,18,0.0,0.0,0.0,0.0,0.0,0.0,0.0,0.0,0.0,0.0,0.0,0.0,0.0,0.0,0.0,0,116,0,0.0,0.0,0.0,0.0,0.0,0.0,0.0,0.0,0.0,0.0,0.0,0.0
2026_1_TylanWallace_WR,2026_TylanWallace_WR,TylanWallace_WR,2026,1,2026-09-13,Tylan Wallace,WR,CLE,@JAC,15,0.0,0.0,0.0,0.0,0.0,0.0,0.0,0.0,0.0,0.0,0.0,0.0,0.0,0.0,0.0,0,261,0,0.0,0.0,0.0,0.0,0.0,0.0,0.0,0.0,0.0,0.0,0.0,0.0
2026_1_RivaldoFairweather_TE,2026_RivaldoFairweather_TE,RivaldoFairweather_TE,2026,1,2026-09-13,Rivaldo Fairweather,TE,ARI,@LAC,9,0.0,0.0,0.0,0.0,0.0,0.0,0.0,0.0,0.0,0.0,0.0,0.0,0.0,0.0,0.0,0,117,0,0.0,0.0,0.0,0.0,0.0,0.0,0.0,0.0,0.0,0.0,0.0,0.0
2026_1_OsirusMitchell_WR,2026_OsirusMitchell_WR,OsirusMitchell_WR,2026,1,2026-09-13,Osirus Mitchell,WR,GB,@MIN,1,0.0,0.0,0.0,0.0,0.0,0.0,0.0,0.0,0.0,0.0,0.0,0.0,0.0,0.0,0.0,0,262,0,0.0,0.0,0.0,0.0,0.0,0.0,0.0,0.0,0.0,0.0,0.0,0.0
2026_1_ZachHeins_TE,2026_ZachHeins_TE,ZachHeins_TE,2026,1,2026-09-13,Zach Heins,TE,LAC,ARI,31,0.0,0.0,0.0,0.0,0.0,0.0,0.0,0.0,0.0,0.0,0.0,0.0,0.0,0.0,0.0,0,118,0,0.0,0.0,0.0,0.0,0.0,0.0,0.0,0.0,0.0,0.0,0.0,0.0
2026_1_BrandonAiyuk_WR,2026_BrandonAiyuk_WR,BrandonAiyuk_WR,2026,1,2026-09-13,Brandon Aiyuk,WR,SF,@LAR,24,0.0,0.0,0.0,0.0,0.0,0.0,0.0,0.0,0.0,0.0,0.0,0.0,0.0,0.0,0.0,0,263,0,0.0,0.0,0.0,0.0,0.0,0.0,0.0,0.0,0.0,0.0,0.0,0.0
2026_1_BenWooldridge_QB,2026_BenWooldridge_QB,BenWooldridge_QB,2026,1,2026-09-13,Ben Wooldridge,QB,NE,@SEA,8,0.0,0.0,0.0,0.0,0.0,0.0,0.0,0.0,0.0,0.0,0.0,0.0,0.0,0.0,0.0,0,63,0,0.0,0.0,0.0,0.0,0.0,0.0,0.0,0.0,0.0,0.0,0.0,0.0
2026_1_DaijunEdwards_RB,2026_DaijunEdwards_RB,DaijunEdwards_RB,2026,1,2026-09-13,Daijun Edwards,RB,PIT,ATL,16,0.0,0.0,0.0,0.0,0.0,0.0,0.0,0.0,0.0,0.0,0.0,0.0,0.0,0.0,0.0,0,134,0,0.0,0.0,0.0,0.0,0.0,0.0,0.0,0.0,0.0,0.0,0.0,0.0
2026_1_JordanJames_RB,2026_JordanJames_RB,JordanJames_RB,2026,1,2026-09-13,Jordan James,RB,SF,@LAR,10,0.0,0.0,0.0,0.0,0.0,0.0,0.0,0.0,0.0,0.0,0.0,0.0,0.0,0.0,0.0,0,135,0,0.0,0.0,0.0,0.0,0.0,0.0,0.0,0.0,0.0,0.0,0.0,0.0
2026_1_NathanRourke_QB,2026_NathanRourke_QB,NathanRourke_QB,2026,1,2026-09-13,Nathan Rourke,QB,ATL,@PIT,24,0.0,0.0,0.0,0.0,0.0,0.0,0.0,0.0,0.0,0.0,0.0,0.0,0.0,0.0,0.0,0,64,0,0.0,0.0,0.0,0.0,0.0,0.0,0.0,0.0,0.0,0.0,0.0,0.0
2026_1_IsraelAbanikanda_RB,2026_IsraelAbanikanda_RB,IsraelAbanikanda_RB,2026,1,2026-09-13,Israel Abanikanda,RB,DAL,@NYG,28,0.0,0.0,0.0,0.0,0.0,0.0,0.0,0.0,0.0,0.0,0.0,0.0,0.0,0.0,0.0,0,136,0,0.0,0.0,0.0,0.0,0.0,0.0,0.0,0.0,0.0,0.0,0.0,0.0
2026_1_MalikTaylor_WR,2026_MalikTaylor_WR,MalikTaylor_WR,2026,1,2026-09-13,Malik Taylor,WR,DET,NO,10,0.0,0.0,0.0,0.0,0.0,0.0,0.0,0.0,0.0,0.0,0.0,0.0,0.0,0.0,0.0,0,264,0,0.0,0.0,0.0,0.0,0.0,0.0,0.0,0.0,0.0,0.0,0.0,0.0
2026_1_DevinDuvernay_WR,2026_DevinDuvernay_WR,DevinDuvernay_WR,2026,1,2026-09-13,Devin Duvernay,WR,ARI,@LAC,3,0.0,0.0,0.0,0.0,0.0,0.0,0.0,0.0,0.0,0.0,0.0,0.0,0.0,0.0,0.0,0,265,0,0.0,0.0,0.0,0.0,0.0,0.0,0.0,0.0,0.0,0.0,0.0,0.0
2026_1_TreyBenson_RB,2026_TreyBenson_RB,TreyBenson_RB,2026,1,2026-09-13,Trey Benson,RB,ARI,@LAC,8,0.0,0.0,0.0,0.0,0.0,0.0,0.0,0.0,0.0,0.0,0.0,0.0,0.0,0.0,0.0,0,137,0,0.0,0.0,0.0,0.0,0.0,0.0,0.0,0.0,0.0,0.0,0.0,0.0
2026_1_EricRivers_WR,2026_EricRivers_WR,EricRivers_WR,2026,1,2026-09-13,Eric Rivers,WR,TB,@CIN,9,0.0,0.0,0.0,0.0,0.0,0.0,0.0,0.0,0.0,0.0,0.0,0.0,0.0,0.0,0.0,0,266,0,0.0,0.0,0.0,0.0,0.0,0.0,0.0,0.0,0.0,0.0,0.0,0.0
2026_1_DeriusDavis_WR,2026_DeriusDavis_WR,DeriusDavis_WR,2026,1,2026-09-13,Derius Davis,WR,LAC,ARI,17,0.0,0.0,0.0,0.0,0.0,0.0,0.0,0.0,0.0,0.0,0.0,0.0,0.0,0.0,0.0,0,267,0,0.0,0.0,0.0,0.0,0.0,0.0,0.0,0.0,0.0,0.0,0.0,0.0
2026_1_JesseMatthews_WR,2026_JesseMatthews_WR,JesseMatthews_WR,2026,1,2026-09-13,Jesse Matthews,WR,ATL,@PIT,26,0.0,0.0,0.0,0.0,0.0,0.0,0.0,0.0,0.0,0.0,0.0,0.0,0.0,0.0,0.0,0,268,0,0.0,0.0,0.0,0.0,0.0,0.0,0.0,0.0,0.0,0.0,0.0,0.0
2026_1_TJHockenson_TE,2026_TJHockenson_TE,TJHockenson_TE,2026,1,2026-09-13,TJ Hockenson,TE,MIN,GB,12,0.0,0.0,0.0,0.0,0.0,0.0,0.0,0.0,0.0,0.0,0.0,0.0,0.0,0.0,0.0,0,119,0,0.0,0.0,0.0,0.0,0.0,0.0,0.0,0.0,0.0,0.0,0.0,0.0
2026_1_RyanMiller_WR,2026_RyanMiller_WR,RyanMiller_WR,2026,1,2026-09-13,Ryan Miller,WR,NYG,DAL,32,0.0,0.0,0.0,0.0,0.0,0.0,0.0,0.0,0.0,0.0,0.0,0.0,0.0,0.0,0.0,0,269,0,0.0,0.0,0.0,0.0,0.0,0.0,0.0,0.0,0.0,0.0,0.0,0.0
2026_1_JordanMurray_TE,2026_JordanMurray_TE,JordanMurray_TE,2026,1,2026-09-13,Jordan Murray,TE,CHI,@CAR,24,0.0,0.0,0.0,0.0,0.0,0.0,0.0,0.0,0.0,0.0,0.0,0.0,0.0,0.0,0.0,0,120,0,0.0,0.0,0.0,0.0,0.0,0.0,0.0,0.0,0.0,0.0,0.0,0.0
2026_1_RashodOwens_WR,2026_RashodOwens_WR,RashodOwens_WR,2026,1,2026-09-13,Rashod Owens,WR,CIN,TB,18,0.0,0.0,0.0,0.0,0.0,0.0,0.0,0.0,0.0,0.0,0.0,0.0,0.0,0.0,0.0,0,270,0,0.0,0.0,0.0,0.0,0.0,0.0,0.0,0.0,0.0,0.0,0.0,0.0
2026_1_JadenSmith_WR,2026_JadenSmith_WR,JadenSmith_WR,2026,1,2026-09-13,Jaden Smith,WR,DAL,@NYG,23,0.0,0.0,0.0,0.0,0.0,0.0,0.0,0.0,0.0,0.0,0.0,0.0,0.0,0.0,0.0,0,271,0,0.0,0.0,0.0,0.0,0.0,0.0,0.0,0.0,0.0,0.0,0.0,0.0
2026_1_JoshCuevas_TE,2026_JoshCuevas_TE,JoshCuevas_TE,2026,1,2026-09-13,Josh Cuevas,TE,BAL,@IND,25,0.0,0.0,0.0,0.0,0.0,0.0,0.0,0.0,0.0,0.0,0.0,0.0,0.0,0.0,0.0,0,121,0,0.0,0.0,0.0,0.0,0.0,0.0,0.0,0.0,0.0,0.0,0.0,0.0
2026_1_De'QuanHampton_WR,2026_De'QuanHampton_WR,De'QuanHampton_WR,2026,1,2026-09-13,De'Quan Hampton,WR,SEA,NE,11,0.0,0.0,0.0,0.0,0.0,0.0,0.0,0.0,0.0,0.0,0.0,0.0,0.0,0.0,0.0,0,272,0,0.0,0.0,0.0,0.0,0.0,0.0,0.0,0.0,0.0,0.0,0.0,0.0
2026_1_IanThomas_TE,2026_IanThomas_TE,IanThomas_TE,2026,1,2026-09-13,Ian Thomas,TE,LV,MIA,29,0.0,0.0,0.0,0.0,0.0,0.0,0.0,0.0,0.0,0.0,0.0,0.0,0.0,0.0,0.0,0,122,0,0.0,0.0,0.0,0.0,0.0,0.0,0.0,0.0,0.0,0.0,0.0,0.0
2026_1_TracyMoore_WR,2026_TracyMoore_WR,TracyMoore_WR,2026,1,2026-09-13,Tracy Moore,WR,FA,BYE,33,0.0,0.0,0.0,0.0,0.0,0.0,0.0,0.0,0.0,0.0,0.0,0.0,0.0,0.0,0.0,0,273,0,0.0,0.0,0.0,0.0,0.0,0.0,0.0,0.0,0.0,0.0,0.0,0.0
2026_1_JakeBobo_WR,2026_JakeBobo_WR,JakeBobo_WR,2026,1,2026-09-13,Jake Bobo,WR,SEA,NE,11,0.0,0.0,0.0,0.0,0.0,0.0,0.0,0.0,0.0,0.0,0.0,0.0,0.0,0.0,0.0,0,274,0,0.0,0.0,0.0,0.0,0.0,0.0,0.0,0.0,0.0,0.0,0.0,0.0
2026_1_LanceMason_TE,2026_LanceMason_TE,LanceMason_TE,2026,1,2026-09-13,Lance Mason,TE,PIT,ATL,5,0.0,0.0,0.0,0.0,0.0,0.0,0.0,0.0,0.0,0.0,0.0,0.0,0.0,0.0,0.0,0,123,0,0.0,0.0,0.0,0.0,0.0,0.0,0.0,0.0,0.0,0.0,0.0,0.0
2026_1_DeVontresDukes_WR,2026_DeVontresDukes_WR,DeVontresDukes_WR,2026,1,2026-09-13,DeVontres Dukes,WR,DEN,@KC,6,0.0,0.0,0.0,0.0,0.0,0.0,0.0,0.0,0.0,0.0,0.0,0.0,0.0,0.0,0.0,0,275,0,0.0,0.0,0.0,0.0,0.0,0.0,0.0,0.0,0.0,0.0,0.0,0.0
2026_1_GarrettGreene_WR,2026_GarrettGreene_WR,GarrettGreene_WR,2026,1,2026-09-13,Garrett Greene,WR,TB,@CIN,9,0.0,0.0,0.0,0.0,0.0,0.0,0.0,0.0,0.0,0.0,0.0,0.0,0.0,0.0,0.0,0,276,0,0.0,0.0,0.0,0.0,0.0,0.0,0.0,0.0,0.0,0.0,0.0,0.0
2026_1_IsaiahWeston_WR,2026_IsaiahWeston_WR,IsaiahWeston_WR,2026,1,2026-09-13,Isaiah Weston,WR,CLE,@JAC,15,0.0,0.0,0.0,0.0,0.0,0.0,0.0,0.0,0.0,0.0,0.0,0.0,0.0,0.0,0.0,0,277,0,0.0,0.0,0.0,0.0,0.0,0.0,0.0,0.0,0.0,0.0,0.0,0.0
2026_1_DorianSinger_WR,2026_DorianSinger_WR,DorianSinger_WR,2026,1,2026-09-13,Dorian Singer,WR,JAC,CLE,5,0.0,0.0,0.0,0.0,0.0,0.0,0.0,0.0,0.0,0.0,0.0,0.0,0.0,0.0,0.0,0,278,0,0.0,0.0,0.0,0.0,0.0,0.0,0.0,0.0,0.0,0.0,0.0,0.0
2026_1_JoshWhyle_TE,2026_JoshWhyle_TE,JoshWhyle_TE,2026,1,2026-09-13,Josh Whyle,TE,GB,@MIN,4,0.0,0.0,0.0,0.0,0.0,0.0,0.0,0.0,0.0,0.0,0.0,0.0,0.0,0.0,0.0,0,124,0,0.0,0.0,0.0,0.0,0.0,0.0,0.0,0.0,0.0,0.0,0.0,0.0
2026_1_DezFitzpatrick_WR,2026_DezFitzpatrick_WR,DezFitzpatrick_WR,2026,1,2026-09-13,Dez Fitzpatrick,WR,LAC,ARI,17,0.0,0.0,0.0,0.0,0.0,0.0,0.0,0.0,0.0,0.0,0.0,0.0,0.0,0.0,0.0,0,279,0,0.0,0.0,0.0,0.0,0.0,0.0,0.0,0.0,0.0,0.0,0.0,0.0
2026_1_TravisJonsen_WR,2026_TravisJonsen_WR,TravisJonsen_WR,2026,1,2026-09-13,Travis Jonsen,WR,TB,@CIN,9,0.0,0.0,0.0,0.0,0.0,0.0,0.0,0.0,0.0,0.0,0.0,0.0,0.0,0.0,0.0,0,280,0,0.0,0.0,0.0,0.0,0.0,0.0,0.0,0.0,0.0,0.0,0.0,0.0
2026_1_ArmantiForeman_WR,2026_ArmantiForeman_WR,ArmantiForeman_WR,2026,1,2026-09-13,Armanti Foreman,WR,MIN,GB,21,0.0,0.0,0.0,0.0,0.0,0.0,0.0,0.0,0.0,0.0,0.0,0.0,0.0,0.0,0.0,0,281,0,0.0,0.0,0.0,0.0,0.0,0.0,0.0,0.0,0.0,0.0,0.0,0.0
2026_1_TravellHarris_WR,2026_TravellHarris_WR,TravellHarris_WR,2026,1,2026-09-13,Travell Harris,WR,CLE,@JAC,15,0.0,0.0,0.0,0.0,0.0,0.0,0.0,0.0,0.0,0.0,0.0,0.0,0.0,0.0,0.0,0,282,0,0.0,0.0,0.0,0.0,0.0,0.0,0.0,0.0,0.0,0.0,0.0,0.0
2026_1_DKMetcalf_WR,2026_DKMetcalf_WR,DKMetcalf_WR,2026,1,2026-09-13,DK Metcalf,WR,PIT,ATL,22,0.0,0.0,0.0,0.0,0.0,0.0,0.0,0.0,0.0,0.0,0.0,0.0,0.0,0.0,0.0,0,283,0,0.0,0.0,0.0,0.0,0.0,0.0,0.0,0.0,0.0,0.0,0.0,0.0
2026_1_TyScott_WR,2026_TyScott_WR,TyScott_WR,2026,1,2026-09-13,Ty Scott,WR,SEA,NE,11,0.0,0.0,0.0,0.0,0.0,0.0,0.0,0.0,0.0,0.0,0.0,0.0,0.0,0.0,0.0,0,284,0,0.0,0.0,0.0,0.0,0.0,0.0,0.0,0.0,0.0,0.0,0.0,0.0
2026_1_ElijahCollins_RB,2026_ElijahCollins_RB,ElijahCollins_RB,2026,1,2026-09-13,Elijah Collins,RB,CIN,TB,12,0.0,0.0,0.0,0.0,0.0,0.0,0.0,0.0,0.0,0.0,0.0,0.0,0.0,0.0,0.0,0,138,0,0.0,0.0,0.0,0.0,0.0,0.0,0.0,0.0,0.0,0.0,0.0,0.0
2026_1_JustinRigg_TE,2026_JustinRigg_TE,JustinRigg_TE,2026,1,2026-09-13,Justin Rigg,TE,TEN,NYJ,28,0.0,0.0,0.0,0.0,0.0,0.0,0.0,0.0,0.0,0.0,0.0,0.0,0.0,0.0,0.0,0,125,0,0.0,0.0,0.0,0.0,0.0,0.0,0.0,0.0,0.0,0.0,0.0,0.0
2026_1_D'OntaForeman_RB,2026_D'OntaForeman_RB,D'OntaForeman_RB,2026,1,2026-09-13,D'Onta Foreman,RB,CLE,@JAC,1,0.0,0.0,0.0,0.0,0.0,0.0,0.0,0.0,0.0,0.0,0.0,0.0,0.0,0.0,0.0,0,139,0,0.0,0.0,0.0,0.0,0.0,0.0,0.0,0.0,0.0,0.0,0.0,0.0
2026_1_MalachiCarter_WR,2026_MalachiCarter_WR,MalachiCarter_WR,2026,1,2026-09-13,Malachi Carter,WR,CIN,TB,18,0.0,0.0,0.0,0.0,0.0,0.0,0.0,0.0,0.0,0.0,0.0,0.0,0.0,0.0,0.0,0,285,0,0.0,0.0,0.0,0.0,0.0,0.0,0.0,0.0,0.0,0.0,0.0,0.0
2026_1_BarionBrown_WR,2026_BarionBrown_WR,BarionBrown_WR,2026,1,2026-09-13,Barion Brown,WR,NO,@DET,30,0.0,0.0,0.0,0.0,0.0,0.0,0.0,0.0,0.0,0.0,0.0,0.0,0.0,0.0,0.0,0,286,0,0.0,0.0,0.0,0.0,0.0,0.0,0.0,0.0,0.0,0.0,0.0,0.0
2026_1_JoshWoodrum_QB,2026_JoshWoodrum_QB,JoshWoodrum_QB,2026,1,2026-09-13,Josh Woodrum,QB,WAS,@PHI,11,0.0,0.0,0.0,0.0,0.0,0.0,0.0,0.0,0.0,0.0,0.0,0.0,0.0,0.0,0.0,0,65,0,0.0,0.0,0.0,0.0,0.0,0.0,0.0,0.0,0.0,0.0,0.0,0.0
2026_1_MikeyDaniel_RB,2026_MikeyDaniel_RB,MikeyDaniel_RB,2026,1,2026-09-13,Mikey Daniel,RB,CAR,CHI,19,0.0,0.0,0.0,0.0,0.0,0.0,0.0,0.0,0.0,0.0,0.0,0.0,0.0,0.0,0.0,0,140,0,0.0,0.0,0.0,0.0,0.0,0.0,0.0,0.0,0.0,0.0,0.0,0.0
2026_1_JaylenWarren_RB,2026_JaylenWarren_RB,JaylenWarren_RB,2026,1,2026-09-13,Jaylen Warren,RB,PIT,ATL,16,0.0,0.0,0.0,0.0,0.0,0.0,0.0,0.0,0.0,0.0,0.0,0.0,0.0,0.0,0.0,0,141,0,0.0,0.0,0.0,0.0,0.0,0.0,0.0,0.0,0.0,0.0,0.0,0.0
2026_1_AndrewOgletree_TE,2026_AndrewOgletree_TE,AndrewOgletree_TE,2026,1,2026-09-13,Andrew Ogletree,TE,IND,BAL,8,0.0,0.0,0.0,0.0,0.0,0.0,0.0,0.0,0.0,0.0,0.0,0.0,0.0,0.0,0.0,0,126,0,0.0,0.0,0.0,0.0,0.0,0.0,0.0,0.0,0.0,0.0,0.0,0.0
2026_1_MatthewGolden_WR,2026_MatthewGolden_WR,MatthewGolden_WR,2026,1,2026-09-13,Matthew Golden,WR,GB,@MIN,1,0.0,0.0,0.0,0.0,0.0,0.0,0.0,0.0,0.0,0.0,0.0,0.0,0.0,0.0,0.0,0,287,0,0.0,0.0,0.0,0.0,0.0,0.0,0.0,0.0,0.0,0.0,0.0,0.0
2026_1_ShaqRoland_WR,2026_ShaqRoland_WR,ShaqRoland_WR,2026,1,2026-09-13,Shaq Roland,WR,CHI,@CAR,12,0.0,0.0,0.0,0.0,0.0,0.0,0.0,0.0,0.0,0.0,0.0,0.0,0.0,0.0,0.0,0,288,0,0.0,0.0,0.0,0.0,0.0,0.0,0.0,0.0,0.0,0.0,0.0,0.0
2026_1_JoshJohnson_QB,2026_JoshJohnson_QB,JoshJohnson_QB,2026,1,2026-09-13,Josh Johnson,QB,CIN,TB,29,0.0,0.0,0.0,0.0,0.0,0.0,0.0,0.0,0.0,0.0,0.0,0.0,0.0,0.0,0.0,0,66,0,0.0,0.0,0.0,0.0,0.0,0.0,0.0,0.0,0.0,0.0,0.0,0.0
2026_1_RashadRochelle_WR,2026_RashadRochelle_WR,RashadRochelle_WR,2026,1,2026-09-13,Rashad Rochelle,WR,SEA,NE,11,0.0,0.0,0.0,0.0,0.0,0.0,0.0,0.0,0.0,0.0,0.0,0.0,0.0,0.0,0.0,0,289,0,0.0,0.0,0.0,0.0,0.0,0.0,0.0,0.0,0.0,0.0,0.0,0.0
2026_1_TaylenGreen_QB,2026_TaylenGreen_QB,TaylenGreen_QB,2026,1,2026-09-13,Taylen Green,QB,CLE,@JAC,19,0.0,0.0,0.0,0.0,0.0,0.0,0.0,0.0,0.0,0.0,0.0,0.0,0.0,0.0,0.0,0,67,0,0.0,0.0,0.0,0.0,0.0,0.0,0.0,0.0,0.0,0.0,0.0,0.0
2026_1_BrandonLewis_WR,2026_BrandonLewis_WR,BrandonLewis_WR,2026,1,2026-09-13,Brandon Lewis,WR,TEN,NYJ,19,0.0,0.0,0.0,0.0,0.0,0.0,0.0,0.0,0.0,0.0,0.0,0.0,0.0,0.0,0.0,0,290,0,0.0,0.0,0.0,0.0,0.0,0.0,0.0,0.0,0.0,0.0,0.0,0.0
2026_1_TannerTaula_TE,2026_TannerTaula_TE,TannerTaula_TE,2026,1,2026-09-13,Tanner Taula,TE,TB,@CIN,32,0.0,0.0,0.0,0.0,0.0,0.0,0.0,0.0,0.0,0.0,0.0,0.0,0.0,0.0,0.0,0,127,0,0.0,0.0,0.0,0.0,0.0,0.0,0.0,0.0,0.0,0.0,0.0,0.0
2026_1_ZavionThomas_WR,2026_ZavionThomas_WR,ZavionThomas_WR,2026,1,2026-09-13,Zavion Thomas,WR,CHI,@CAR,12,0.0,0.0,0.0,0.0,0.0,0.0,0.0,0.0,0.0,0.0,0.0,0.0,0.0,0.0,0.0,0,291,0,0.0,0.0,0.0,0.0,0.0,0.0,0.0,0.0,0.0,0.0,0.0,0.0
2026_1_Ke'ShawnVaughn_RB,2026_Ke'ShawnVaughn_RB,Ke'ShawnVaughn_RB,2026,1,2026-09-13,Ke'Shawn Vaughn,RB,SF,@LAR,10,0.0,0.0,0.0,0.0,0.0,0.0,0.0,0.0,0.0,0.0,0.0,0.0,0.0,0.0,0.0,0,142,0,0.0,0.0,0.0,0.0,0.0,0.0,0.0,0.0,0.0,0.0,0.0,0.0
2026_1_JoJoWard_WR,2026_JoJoWard_WR,JoJoWard_WR,2026,1,2026-09-13,JoJo Ward,WR,ARI,@LAC,3,0.0,0.0,0.0,0.0,0.0,0.0,0.0,0.0,0.0,0.0,0.0,0.0,0.0,0.0,0.0,0,292,0,0.0,0.0,0.0,0.0,0.0,0.0,0.0,0.0,0.0,0.0,0.0,0.0
2026_1_JohnBates_TE,2026_JohnBates_TE,JohnBates_TE,2026,1,2026-09-13,John Bates,TE,WAS,@PHI,1,0.0,0.0,0.0,0.0,0.0,0.0,0.0,0.0,0.0,0.0,0.0,0.0,0.0,0.0,0.0,0,128,0,0.0,0.0,0.0,0.0,0.0,0.0,0.0,0.0,0.0,0.0,0.0,0.0
2026_1_EmmanuelHenderson_WR,2026_EmmanuelHenderson_WR,EmmanuelHenderson_WR,2026,1,2026-09-13,Emmanuel Henderson,WR,SEA,NE,11,0.0,0.0,0.0,0.0,0.0,0.0,0.0,0.0,0.0,0.0,0.0,0.0,0.0,0.0,0.0,0,293,0,0.0,0.0,0.0,0.0,0.0,0.0,0.0,0.0,0.0,0.0,0.0,0.0
2026_1_TravisEtienne_RB,2026_TravisEtienne_RB,TravisEtienne_RB,2026,1,2026-09-13,Travis Etienne,RB,NO,@DET,7,0.0,0.0,0.0,0.0,0.0,0.0,0.0,0.0,0.0,0.0,0.0,0.0,0.0,0.0,0.0,0,143,0,0.0,0.0,0.0,0.0,0.0,0.0,0.0,0.0,0.0,0.0,0.0,0.0
2026_1_CodyWhite_WR,2026_CodyWhite_WR,CodyWhite_WR,2026,1,2026-09-13,Cody White,WR,SEA,NE,11,0.0,0.0,0.0,0.0,0.0,0.0,0.0,0.0,0.0,0.0,0.0,0.0,0.0,0.0,0.0,0,294,0,0.0,0.0,0.0,0.0,0.0,0.0,0.0,0.0,0.0,0.0,0.0,0.0
2026_1_JacksonAcker_RB,2026_JacksonAcker_RB,JacksonAcker_RB,2026,1,2026-09-13,Jackson Acker,RB,BUF,@HOU,5,0.0,0.0,0.0,0.0,0.0,0.0,0.0,0.0,0.0,0.0,0.0,0.0,0.0,0.0,0.0,0,144,0,0.0,0.0,0.0,0.0,0.0,0.0,0.0,0.0,0.0,0.0,0.0,0.0
2026_1_JaelonDarden_WR,2026_JaelonDarden_WR,JaelonDarden_WR,2026,1,2026-09-13,Jaelon Darden,WR,SEA,NE,11,0.0,0.0,0.0,0.0,0.0,0.0,0.0,0.0,0.0,0.0,0.0,0.0,0.0,0.0,0.0,0,295,0,0.0,0.0,0.0,0.0,0.0,0.0,0.0,0.0,0.0,0.0,0.0,0.0
2026_1_DeeHart_RB,2026_DeeHart_RB,DeeHart_RB,2026,1,2026-09-13,Dee Hart,RB,FA,BYE,33,0.0,0.0,0.0,0.0,0.0,0.0,0.0,0.0,0.0,0.0,0.0,0.0,0.0,0.0,0.0,0,145,0,0.0,0.0,0.0,0.0,0.0,0.0,0.0,0.0,0.0,0.0,0.0,0.0
2026_1_AndrewParchment_WR,2026_AndrewParchment_WR,AndrewParchment_WR,2026,1,2026-09-13,Andrew Parchment,WR,CAR,CHI,31,0.0,0.0,0.0,0.0,0.0,0.0,0.0,0.0,0.0,0.0,0.0,0.0,0.0,0.0,0.0,0,296,0,0.0,0.0,0.0,0.0,0.0,0.0,0.0,0.0,0.0,0.0,0.0,0.0
2026_1_CalebDouglas_WR,2026_CalebDouglas_WR,CalebDouglas_WR,2026,1,2026-09-13,Caleb Douglas,WR,MIA,@LV,20,0.0,0.0,0.0,0.0,0.0,0.0,0.0,0.0,0.0,0.0,0.0,0.0,0.0,0.0,0.0,0,297,0,0.0,0.0,0.0,0.0,0.0,0.0,0.0,0.0,0.0,0.0,0.0,0.0
2026_1_ChristianTrahan_TE,2026_ChristianTrahan_TE,ChristianTrahan_TE,2026,1,2026-09-13,Christian Trahan,TE,CIN,TB,27,0.0,0.0,0.0,0.0,0.0,0.0,0.0,0.0,0.0,0.0,0.0,0.0,0.0,0.0,0.0,0,129,0,0.0,0.0,0.0,0.0,0.0,0.0,0.0,0.0,0.0,0.0,0.0,0.0
2026_1_KalebJohnson_RB,2026_KalebJohnson_RB,KalebJohnson_RB,2026,1,2026-09-13,Kaleb Johnson,RB,PIT,ATL,16,0.0,0.0,0.0,0.0,0.0,0.0,0.0,0.0,0.0,0.0,0.0,0.0,0.0,0.0,0.0,0,146,0,0.0,0.0,0.0,0.0,0.0,0.0,0.0,0.0,0.0,0.0,0.0,0.0
2026_1_JalenCoker_WR,2026_JalenCoker_WR,JalenCoker_WR,2026,1,2026-09-13,Jalen Coker,WR,CAR,CHI,31,0.0,0.0,0.0,0.0,0.0,0.0,0.0,0.0,0.0,0.0,0.0,0.0,0.0,0.0,0.0,0,298,0,0.0,0.0,0.0,0.0,0.0,0.0,0.0,0.0,0.0,0.0,0.0,0.0
2026_1_WoodyMarks_RB,2026_WoodyMarks_RB,WoodyMarks_RB,2026,1,2026-09-13,Woody Marks,RB,HOU,BUF,25,0.0,0.0,0.0,0.0,0.0,0.0,0.0,0.0,0.0,0.0,0.0,0.0,0.0,0.0,0.0,0,147,0,0.0,0.0,0.0,0.0,0.0,0.0,0.0,0.0,0.0,0.0,0.0,0.0
2026_1_KaelonBlack_RB,2026_KaelonBlack_RB,KaelonBlack_RB,2026,1,2026-09-13,Kaelon Black,RB,SF,@LAR,10,0.0,0.0,0.0,0.0,0.0,0.0,0.0,0.0,0.0,0.0,0.0,0.0,0.0,0.0,0.0,0,148,0,0.0,0.0,0.0,0.0,0.0,0.0,0.0,0.0,0.0,0.0,0.0,0.0
2026_1_JamesonWilliams_WR,2026_JamesonWilliams_WR,JamesonWilliams_WR,2026,1,2026-09-13,Jameson Williams,WR,DET,NO,10,0.0,0.0,0.0,0.0,0.0,0.0,0.0,0.0,0.0,0.0,0.0,0.0,0.0,0.0,0.0,0,299,0,0.0,0.0,0.0,0.0,0.0,0.0,0.0,0.0,0.0,0.0,0.0,0.0
2026_1_TylerWarren_TE,2026_TylerWarren_TE,TylerWarren_TE,2026,1,2026-09-13,Tyler Warren,TE,IND,BAL,8,0.0,0.0,0.0,0.0,0.0,0.0,0.0,0.0,0.0,0.0,0.0,0.0,0.0,0.0,0.0,0,130,0,0.0,0.0,0.0,0.0,0.0,0.0,0.0,0.0,0.0,0.0,0.0,0.0
2026_1_MalikWillis_QB,2026_MalikWillis_QB,MalikWillis_QB,2026,1,2026-09-13,Malik Willis,QB,MIA,@LV,14,0.0,0.0,0.0,0.0,0.0,0.0,0.0,0.0,0.0,0.0,0.0,0.0,0.0,0.0,0.0,0,68,0,0.0,0.0,0.0,0.0,0.0,0.0,0.0,0.0,0.0,0.0,0.0,0.0
2026_1_KeelanMarion_WR,2026_KeelanMarion_WR,KeelanMarion_WR,2026,1,2026-09-13,Keelan Marion,WR,ATL,@PIT,26,0.0,0.0,0.0,0.0,0.0,0.0,0.0,0.0,0.0,0.0,0.0,0.0,0.0,0.0,0.0,0,300,0,0.0,0.0,0.0,0.0,0.0,0.0,0.0,0.0,0.0,0.0,0.0,0.0
2026_1_ChristionJones_WR,2026_ChristionJones_WR,ChristionJones_WR,2026,1,2026-09-13,Christion Jones,WR,MIA,@LV,20,0.0,0.0,0.0,0.0,0.0,0.0,0.0,0.0,0.0,0.0,0.0,0.0,0.0,0.0,0.0,0,301,0,0.0,0.0,0.0,0.0,0.0,0.0,0.0,0.0,0.0,0.0,0.0,0.0
2026_1_LutherBurden_WR,2026_LutherBurden_WR,LutherBurden_WR,2026,1,2026-09-13,Luther Burden,WR,CHI,@CAR,12,0.0,0.0,0.0,0.0,0.0,0.0,0.0,0.0,0.0,0.0,0.0,0.0,0.0,0.0,0.0,0,302,0,0.0,0.0,0.0,0.0,0.0,0.0,0.0,0.0,0.0,0.0,0.0,0.0
2026_1_LukeSchoonmaker_TE,2026_LukeSchoonmaker_TE,LukeSchoonmaker_TE,2026,1,2026-09-13,Luke Schoonmaker,TE,DAL,@NYG,10,0.0,0.0,0.0,0.0,0.0,0.0,0.0,0.0,0.0,0.0,0.0,0.0,0.0,0.0,0.0,0,131,0,0.0,0.0,0.0,0.0,0.0,0.0,0.0,0.0,0.0,0.0,0.0,0.0
2026_1_CarsonBeck_QB,2026_CarsonBeck_QB,CarsonBeck_QB,2026,1,2026-09-13,Carson Beck,QB,ARI,@LAC,3,0.0,0.0,0.0,0.0,0.0,0.0,0.0,0.0,0.0,0.0,0.0,0.0,0.0,0.0,0.0,0,69,0,0.0,0.0,0.0,0.0,0.0,0.0,0.0,0.0,0.0,0.0,0.0,0.0
2026_1_PatrickMahomes_QB,2026_PatrickMahomes_QB,PatrickMahomes_QB,2026,1,2026-09-13,Patrick Mahomes,QB,KC,DEN,13,0.0,0.0,0.0,0.0,0.0,0.0,0.0,0.0,0.0,0.0,0.0,0.0,0.0,0.0,0.0,0,70,0,0.0,0.0,0.0,0.0,0.0,0.0,0.0,0.0,0.0,0.0,0.0,0.0
2026_1_ChrisOlave_WR,2026_ChrisOlave_WR,ChrisOlave_WR,2026,1,2026-09-13,Chris Olave,WR,NO,@DET,30,0.0,0.0,0.0,0.0,0.0,0.0,0.0,0.0,0.0,0.0,0.0,0.0,0.0,0.0,0.0,0,303,0,0.0,0.0,0.0,0.0,0.0,0.0,0.0,0.0,0.0,0.0,0.0,0.0
2026_1_CarnellTate_WR,2026_CarnellTate_WR,CarnellTate_WR,2026,1,2026-09-13,Carnell Tate,WR,TEN,NYJ,19,0.0,0.0,0.0,0.0,0.0,0.0,0.0,0.0,0.0,0.0,0.0,0.0,0.0,0.0,0.0,0,304,0,0.0,0.0,0.0,0.0,0.0,0.0,0.0,0.0,0.0,0.0,0.0,0.0
2026_1_IsaacTeSlaa_WR,2026_IsaacTeSlaa_WR,IsaacTeSlaa_WR,2026,1,2026-09-13,Isaac TeSlaa,WR,DET,NO,10,0.0,0.0,0.0,0.0,0.0,0.0,0.0,0.0,0.0,0.0,0.0,0.0,0.0,0.0,0.0,0,305,0,0.0,0.0,0.0,0.0,0.0,0.0,0.0,0.0,0.0,0.0,0.0,0.0
2026_1_JaylenSmith_WR,2026_JaylenSmith_WR,JaylenSmith_WR,2026,1,2026-09-13,Jaylen Smith,WR,SEA,NE,11,0.0,0.0,0.0,0.0,0.0,0.0,0.0,0.0,0.0,0.0,0.0,0.0,0.0,0.0,0.0,0,306,0,0.0,0.0,0.0,0.0,0.0,0.0,0.0,0.0,0.0,0.0,0.0,0.0
2026_1_JosiahDeguara_TE,2026_JosiahDeguara_TE,JosiahDeguara_TE,2026,1,2026-09-13,Josiah Deguara,TE,SF,@LAR,14,0.0,0.0,0.0,0.0,0.0,0.0,0.0,0.0,0.0,0.0,0.0,0.0,0.0,0.0,0.0,0,132,0,0.0,0.0,0.0,0.0,0.0,0.0,0.0,0.0,0.0,0.0,0.0,0.0
2026_1_LatrealJones_WR,2026_LatrealJones_WR,LatrealJones_WR,2026,1,2026-09-13,Latreal Jones,WR,TB,@CIN,9,0.0,0.0,0.0,0.0,0.0,0.0,0.0,0.0,0.0,0.0,0.0,0.0,0.0,0.0,0.0,0,307,0,0.0,0.0,0.0,0.0,0.0,0.0,0.0,0.0,0.0,0.0,0.0,0.0
2026_1_PukaNacua_WR,2026_PukaNacua_WR,PukaNacua_WR,2026,1,2026-09-13,Puka Nacua,WR,LAR,SF,16,0.0,0.0,0.0,0.0,0.0,0.0,0.0,0.0,0.0,0.0,0.0,0.0,0.0,0.0,0.0,0,308,0,0.0,0.0,0.0,0.0,0.0,0.0,0.0,0.0,0.0,0.0,0.0,0.0
2026_1_StevoKlotz_TE,2026_StevoKlotz_TE,StevoKlotz_TE,2026,1,2026-09-13,Stevo Klotz,TE,LAC,ARI,31,0.0,0.0,0.0,0.0,0.0,0.0,0.0,0.0,0.0,0.0,0.0,0.0,0.0,0.0,0.0,0,133,0,0.0,0.0,0.0,0.0,0.0,0.0,0.0,0.0,0.0,0.0,0.0,0.0
2026_1_JalonDaniels_QB,2026_JalonDaniels_QB,JalonDaniels_QB,2026,1,2026-09-13,Jalon Daniels,QB,TB,@CIN,27,0.0,0.0,0.0,0.0,0.0,0.0,0.0,0.0,0.0,0.0,0.0,0.0,0.0,0.0,0.0,0,71,0,0.0,0.0,0.0,0.0,0.0,0.0,0.0,0.0,0.0,0.0,0.0,0.0
2026_1_Dae'QuanWright_TE,2026_Dae'QuanWright_TE,Dae'QuanWright_TE,2026,1,2026-09-13,Dae'Quan Wright,TE,CLE,@JAC,23,0.0,0.0,0.0,0.0,0.0,0.0,0.0,0.0,0.0,0.0,0.0,0.0,0.0,0.0,0.0,0,134,0,0.0,0.0,0.0,0.0,0.0,0.0,0.0,0.0,0.0,0.0,0.0,0.0
2026_1_DaltonSchultz_TE,2026_DaltonSchultz_TE,DaltonSchultz_TE,2026,1,2026-09-13,Dalton Schultz,TE,HOU,BUF,2,0.0,0.0,0.0,0.0,0.0,0.0,0.0,0.0,0.0,0.0,0.0,0.0,0.0,0.0,0.0,0,135,0,0.0,0.0,0.0,0.0,0.0,0.0,0.0,0.0,0.0,0.0,0.0,0.0
2026_1_KennethWalker_RB,2026_KennethWalker_RB,KennethWalker_RB,2026,1,2026-09-13,Kenneth Walker,RB,KC,DEN,3,0.0,0.0,0.0,0.0,0.0,0.0,0.0,0.0,0.0,0.0,0.0,0.0,0.0,0.0,0.0,0,149,0,0.0,0.0,0.0,0.0,0.0,0.0,0.0,0.0,0.0,0.0,0.0,0.0
2026_1_Aca'CedricWare_RB,2026_Aca'CedricWare_RB,Aca'CedricWare_RB,2026,1,2026-09-13,Aca'Cedric Ware,RB,TB,@CIN,31,0.0,0.0,0.0,0.0,0.0,0.0,0.0,0.0,0.0,0.0,0.0,0.0,0.0,0.0,0.0,0,150,0,0.0,0.0,0.0,0.0,0.0,0.0,0.0,0.0,0.0,0.0,0.0,0.0
2026_1_JuwanJohnson_TE,2026_JuwanJohnson_TE,JuwanJohnson_TE,2026,1,2026-09-13,Juwan Johnson,TE,NO,@DET,19,0.0,0.0,0.0,0.0,0.0,0.0,0.0,0.0,0.0,0.0,0.0,0.0,0.0,0.0,0.0,0,136,0,0.0,0.0,0.0,0.0,0.0,0.0,0.0,0.0,0.0,0.0,0.0,0.0
2026_1_ZonovanKnight_RB,2026_ZonovanKnight_RB,ZonovanKnight_RB,2026,1,2026-09-13,Zonovan Knight,RB,ARI,@LAC,8,0.0,0.0,0.0,0.0,0.0,0.0,0.0,0.0,0.0,0.0,0.0,0.0,0.0,0.0,0.0,0,151,0,0.0,0.0,0.0,0.0,0.0,0.0,0.0,0.0,0.0,0.0,0.0,0.0
2026_1_PatBryant_WR,2026_PatBryant_WR,PatBryant_WR,2026,1,2026-09-13,Pat Bryant,WR,DEN,@KC,6,0.0,0.0,0.0,0.0,0.0,0.0,0.0,0.0,0.0,0.0,0.0,0.0,0.0,0.0,0.0,0,309,0,0.0,0.0,0.0,0.0,0.0,0.0,0.0,0.0,0.0,0.0,0.0,0.0
2026_1_DKKaufman_RB,2026_DKKaufman_RB,DKKaufman_RB,2026,1,2026-09-13,DK Kaufman,RB,SEA,NE,2,0.0,0.0,0.0,0.0,0.0,0.0,0.0,0.0,0.0,0.0,0.0,0.0,0.0,0.0,0.0,0,152,0,0.0,0.0,0.0,0.0,0.0,0.0,0.0,0.0,0.0,0.0,0.0,0.0
2026_1_XavierRestrepo_WR,2026_XavierRestrepo_WR,XavierRestrepo_WR,2026,1,2026-09-13,Xavier Restrepo,WR,TEN,NYJ,19,0.0,0.0,0.0,0.0,0.0,0.0,0.0,0.0,0.0,0.0,0.0,0.0,0.0,0.0,0.0,0,310,0,0.0,0.0,0.0,0.0,0.0,0.0,0.0,0.0,0.0,0.0,0.0,0.0
2026_1_TaylorMorin_WR,2026_TaylorMorin_WR,TaylorMorin_WR,2026,1,2026-09-13,Taylor Morin,WR,PHI,WAS,28,0.0,0.0,0.0,0.0,0.0,0.0,0.0,0.0,0.0,0.0,0.0,0.0,0.0,0.0,0.0,0,311,0,0.0,0.0,0.0,0.0,0.0,0.0,0.0,0.0,0.0,0.0,0.0,0.0
2026_1_DeionHankins_RB,2026_DeionHankins_RB,DeionHankins_RB,2026,1,2026-09-13,Deion Hankins,RB,CHI,@CAR,23,0.0,0.0,0.0,0.0,0.0,0.0,0.0,0.0,0.0,0.0,0.0,0.0,0.0,0.0,0.0,0,153,0,0.0,0.0,0.0,0.0,0.0,0.0,0.0,0.0,0.0,0.0,0.0,0.0
2026_1_McCallanCastles_TE,2026_McCallanCastles_TE,McCallanCastles_TE,2026,1,2026-09-13,McCallan Castles,TE,GB,@MIN,4,0.0,0.0,0.0,0.0,0.0,0.0,0.0,0.0,0.0,0.0,0.0,0.0,0.0,0.0,0.0,0,137,0,0.0,0.0,0.0,0.0,0.0,0.0,0.0,0.0,0.0,0.0,0.0,0.0
2026_1_JustinJones_RB,2026_JustinJones_RB,JustinJones_RB,2026,1,2026-09-13,Justin Jones,RB,SEA,NE,2,0.0,0.0,0.0,0.0,0.0,0.0,0.0,0.0,0.0,0.0,0.0,0.0,0.0,0.0,0.0,0,154,0,0.0,0.0,0.0,0.0,0.0,0.0,0.0,0.0,0.0,0.0,0.0,0.0
2026_1_MalikTurner_WR,2026_MalikTurner_WR,MalikTurner_WR,2026,1,2026-09-13,Malik Turner,WR,SF,@LAR,24,0.0,0.0,0.0,0.0,0.0,0.0,0.0,0.0,0.0,0.0,0.0,0.0,0.0,0.0,0.0,0,312,0,0.0,0.0,0.0,0.0,0.0,0.0,0.0,0.0,0.0,0.0,0.0,0.0
2026_1_DarnellWashington_TE,2026_DarnellWashington_TE,DarnellWashington_TE,2026,1,2026-09-13,Darnell Washington,TE,PIT,ATL,5,0.0,0.0,0.0,0.0,0.0,0.0,0.0,0.0,0.0,0.0,0.0,0.0,0.0,0.0,0.0,0,138,0,0.0,0.0,0.0,0.0,0.0,0.0,0.0,0.0,0.0,0.0,0.0,0.0
2026_1_DonovanPeoples-Jones_WR,2026_DonovanPeoples-Jones_WR,DonovanPeoples-Jones_WR,2026,1,2026-09-13,Donovan Peoples-Jones,WR,NO,@DET,30,0.0,0.0,0.0,0.0,0.0,0.0,0.0,0.0,0.0,0.0,0.0,0.0,0.0,0.0,0.0,0,313,0,0.0,0.0,0.0,0.0,0.0,0.0,0.0,0.0,0.0,0.0,0.0,0.0
2026_1_DaltonKincaid_TE,2026_DaltonKincaid_TE,DaltonKincaid_TE,2026,1,2026-09-13,Dalton Kincaid,TE,BUF,@HOU,7,0.0,0.0,0.0,0.0,0.0,0.0,0.0,0.0,0.0,0.0,0.0,0.0,0.0,0.0,0.0,0,139,0,0.0,0.0,0.0,0.0,0.0,0.0,0.0,0.0,0.0,0.0,0.0,0.0
2026_1_RonnieBell_WR,2026_RonnieBell_WR,RonnieBell_WR,2026,1,2026-09-13,Ronnie Bell,WR,NO,@DET,30,0.0,0.0,0.0,0.0,0.0,0.0,0.0,0.0,0.0,0.0,0.0,0.0,0.0,0.0,0.0,0,314,0,0.0,0.0,0.0,0.0,0.0,0.0,0.0,0.0,0.0,0.0,0.0,0.0
2026_1_RileyLees_WR,2026_RileyLees_WR,RileyLees_WR,2026,1,2026-09-13,Riley Lees,WR,CIN,TB,18,0.0,0.0,0.0,0.0,0.0,0.0,0.0,0.0,0.0,0.0,0.0,0.0,0.0,0.0,0.0,0,315,0,0.0,0.0,0.0,0.0,0.0,0.0,0.0,0.0,0.0,0.0,0.0,0.0
2026_1_MikeBoone_RB,2026_MikeBoone_RB,MikeBoone_RB,2026,1,2026-09-13,Mike Boone,RB,MIA,@LV,21,0.0,0.0,0.0,0.0,0.0,0.0,0.0,0.0,0.0,0.0,0.0,0.0,0.0,0.0,0.0,0,155,0,0.0,0.0,0.0,0.0,0.0,0.0,0.0,0.0,0.0,0.0,0.0,0.0
2026_1_TimBrown_TE,2026_TimBrown_TE,TimBrown_TE,2026,1,2026-09-13,Tim Brown,TE,TB,@CIN,32,0.0,0.0,0.0,0.0,0.0,0.0,0.0,0.0,0.0,0.0,0.0,0.0,0.0,0.0,0.0,0,140,0,0.0,0.0,0.0,0.0,0.0,0.0,0.0,0.0,0.0,0.0,0.0,0.0
2026_1_DamonHazelton_WR,2026_DamonHazelton_WR,DamonHazelton_WR,2026,1,2026-09-13,Damon Hazelton,WR,HOU,BUF,13,0.0,0.0,0.0,0.0,0.0,0.0,0.0,0.0,0.0,0.0,0.0,0.0,0.0,0.0,0.0,0,316,0,0.0,0.0,0.0,0.0,0.0,0.0,0.0,0.0,0.0,0.0,0.0,0.0
2026_1_JamariThrash_WR,2026_JamariThrash_WR,JamariThrash_WR,2026,1,2026-09-13,Jamari Thrash,WR,CLE,@JAC,15,0.0,0.0,0.0,0.0,0.0,0.0,0.0,0.0,0.0,0.0,0.0,0.0,0.0,0.0,0.0,0,317,0,0.0,0.0,0.0,0.0,0.0,0.0,0.0,0.0,0.0,0.0,0.0,0.0
2026_1_AustinAllen_TE,2026_AustinAllen_TE,AustinAllen_TE,2026,1,2026-09-13,Austin Allen,TE,GB,@MIN,4,0.0,0.0,0.0,0.0,0.0,0.0,0.0,0.0,0.0,0.0,0.0,0.0,0.0,0.0,0.0,0,141,0,0.0,0.0,0.0,0.0,0.0,0.0,0.0,0.0,0.0,0.0,0.0,0.0
2026_1_TylerNeville_TE,2026_TylerNeville_TE,TylerNeville_TE,2026,1,2026-09-13,Tyler Neville,TE,DAL,@NYG,10,0.0,0.0,0.0,0.0,0.0,0.0,0.0,0.0,0.0,0.0,0.0,0.0,0.0,0.0,0.0,0,142,0,0.0,0.0,0.0,0.0,0.0,0.0,0.0,0.0,0.0,0.0,0.0,0.0
2026_1_SamajePerine_RB,2026_SamajePerine_RB,SamajePerine_RB,2026,1,2026-09-13,Samaje Perine,RB,CIN,TB,12,0.0,0.0,0.0,0.0,0.0,0.0,0.0,0.0,0.0,0.0,0.0,0.0,0.0,0.0,0.0,0,156,0,0.0,0.0,0.0,0.0,0.0,0.0,0.0,0.0,0.0,0.0,0.0,0.0
2026_1_CyrusAllen_WR,2026_CyrusAllen_WR,CyrusAllen_WR,2026,1,2026-09-13,Cyrus Allen,WR,KC,DEN,2,0.0,0.0,0.0,0.0,0.0,0.0,0.0,0.0,0.0,0.0,0.0,0.0,0.0,0.0,0.0,0,318,0,0.0,0.0,0.0,0.0,0.0,0.0,0.0,0.0,0.0,0.0,0.0,0.0
2026_1_SkylarThompson_QB,2026_SkylarThompson_QB,SkylarThompson_QB,2026,1,2026-09-13,Skylar Thompson,QB,BAL,@IND,20,0.0,0.0,0.0,0.0,0.0,0.0,0.0,0.0,0.0,0.0,0.0,0.0,0.0,0.0,0.0,0,72,0,0.0,0.0,0.0,0.0,0.0,0.0,0.0,0.0,0.0,0.0,0.0,0.0
2026_1_JohnnyJohnson_WR,2026_JohnnyJohnson_WR,JohnnyJohnson_WR,2026,1,2026-09-13,Johnny Johnson,WR,HOU,BUF,13,0.0,0.0,0.0,0.0,0.0,0.0,0.0,0.0,0.0,0.0,0.0,0.0,0.0,0.0,0.0,0,319,0,0.0,0.0,0.0,0.0,0.0,0.0,0.0,0.0,0.0,0.0,0.0,0.0
2026_1_EftonChism_WR,2026_EftonChism_WR,EftonChism_WR,2026,1,2026-09-13,Efton Chism,WR,NE,@SEA,4,0.0,0.0,0.0,0.0,0.0,0.0,0.0,0.0,0.0,0.0,0.0,0.0,0.0,0.0,0.0,0,320,0,0.0,0.0,0.0,0.0,0.0,0.0,0.0,0.0,0.0,0.0,0.0,0.0
2026_1_JohnKelly_RB,2026_JohnKelly_RB,JohnKelly_RB,2026,1,2026-09-13,John Kelly,RB,CLE,@JAC,1,0.0,0.0,0.0,0.0,0.0,0.0,0.0,0.0,0.0,0.0,0.0,0.0,0.0,0.0,0.0,0,157,0,0.0,0.0,0.0,0.0,0.0,0.0,0.0,0.0,0.0,0.0,0.0,0.0
2026_1_AustinEkeler_RB,2026_AustinEkeler_RB,AustinEkeler_RB,2026,1,2026-09-13,Austin Ekeler,RB,WAS,@PHI,26,0.0,0.0,0.0,0.0,0.0,0.0,0.0,0.0,0.0,0.0,0.0,0.0,0.0,0.0,0.0,0,158,0,0.0,0.0,0.0,0.0,0.0,0.0,0.0,0.0,0.0,0.0,0.0,0.0
2026_1_AJDillon_RB,2026_AJDillon_RB,AJDillon_RB,2026,1,2026-09-13,AJ Dillon,RB,CAR,CHI,19,0.0,0.0,0.0,0.0,0.0,0.0,0.0,0.0,0.0,0.0,0.0,0.0,0.0,0.0,0.0,0,159,0,0.0,0.0,0.0,0.0,0.0,0.0,0.0,0.0,0.0,0.0,0.0,0.0
2026_1_TrentSherfield_WR,2026_TrentSherfield_WR,TrentSherfield_WR,2026,1,2026-09-13,Trent Sherfield,WR,BUF,@HOU,7,0.0,0.0,0.0,0.0,0.0,0.0,0.0,0.0,0.0,0.0,0.0,0.0,0.0,0.0,0.0,0,321,0,0.0,0.0,0.0,0.0,0.0,0.0,0.0,0.0,0.0,0.0,0.0,0.0
2026_1_NoahWhittington_RB,2026_NoahWhittington_RB,NoahWhittington_RB,2026,1,2026-09-13,Noah Whittington,RB,HOU,BUF,25,0.0,0.0,0.0,0.0,0.0,0.0,0.0,0.0,0.0,0.0,0.0,0.0,0.0,0.0,0.0,0,160,0,0.0,0.0,0.0,0.0,0.0,0.0,0.0,0.0,0.0,0.0,0.0,0.0
2026_1_MasonKinsey_WR,2026_MasonKinsey_WR,MasonKinsey_WR,2026,1,2026-09-13,Mason Kinsey,WR,TEN,NYJ,19,0.0,0.0,0.0,0.0,0.0,0.0,0.0,0.0,0.0,0.0,0.0,0.0,0.0,0.0,0.0,0,322,0,0.0,0.0,0.0,0.0,0.0,0.0,0.0,0.0,0.0,0.0,0.0,0.0
2026_1_BrandonAllen_QB,2026_BrandonAllen_QB,BrandonAllen_QB,2026,1,2026-09-13,Brandon Allen,QB,NYG,DAL,32,0.0,0.0,0.0,0.0,0.0,0.0,0.0,0.0,0.0,0.0,0.0,0.0,0.0,0.0,0.0,0,73,0,0.0,0.0,0.0,0.0,0.0,0.0,0.0,0.0,0.0,0.0,0.0,0.0
2026_1_QuentinMoore_TE,2026_QuentinMoore_TE,QuentinMoore_TE,2026,1,2026-09-13,Quentin Moore,TE,WAS,@PHI,1,0.0,0.0,0.0,0.0,0.0,0.0,0.0,0.0,0.0,0.0,0.0,0.0,0.0,0.0,0.0,0,143,0,0.0,0.0,0.0,0.0,0.0,0.0,0.0,0.0,0.0,0.0,0.0,0.0
2026_1_JamesMorgan_QB,2026_JamesMorgan_QB,JamesMorgan_QB,2026,1,2026-09-13,James Morgan,QB,ARI,@LAC,3,0.0,0.0,0.0,0.0,0.0,0.0,0.0,0.0,0.0,0.0,0.0,0.0,0.0,0.0,0.0,0,74,0,0.0,0.0,0.0,0.0,0.0,0.0,0.0,0.0,0.0,0.0,0.0,0.0
2026_1_JohnnyKing_WR,2026_JohnnyKing_WR,JohnnyKing_WR,2026,1,2026-09-13,Johnny King,WR,PHI,WAS,28,0.0,0.0,0.0,0.0,0.0,0.0,0.0,0.0,0.0,0.0,0.0,0.0,0.0,0.0,0.0,0,323,0,0.0,0.0,0.0,0.0,0.0,0.0,0.0,0.0,0.0,0.0,0.0,0.0
2026_1_DeWayneMcBride_RB,2026_DeWayneMcBride_RB,DeWayneMcBride_RB,2026,1,2026-09-13,DeWayne McBride,RB,MIN,GB,18,0.0,0.0,0.0,0.0,0.0,0.0,0.0,0.0,0.0,0.0,0.0,0.0,0.0,0.0,0.0,0,161,0,0.0,0.0,0.0,0.0,0.0,0.0,0.0,0.0,0.0,0.0,0.0,0.0
2026_1_LuisPerez_QB,2026_LuisPerez_QB,LuisPerez_QB,2026,1,2026-09-13,Luis Perez,QB,LAC,ARI,17,0.0,0.0,0.0,0.0,0.0,0.0,0.0,0.0,0.0,0.0,0.0,0.0,0.0,0.0,0.0,0,75,0,0.0,0.0,0.0,0.0,0.0,0.0,0.0,0.0,0.0,0.0,0.0,0.0
2026_1_CameronCamper_WR,2026_CameronCamper_WR,CameronCamper_WR,2026,1,2026-09-13,Cameron Camper,WR,NYJ,@TEN,29,0.0,0.0,0.0,0.0,0.0,0.0,0.0,0.0,0.0,0.0,0.0,0.0,0.0,0.0,0.0,0,324,0,0.0,0.0,0.0,0.0,0.0,0.0,0.0,0.0,0.0,0.0,0.0,0.0
2026_1_DevonteRobinson_WR,2026_DevonteRobinson_WR,DevonteRobinson_WR,2026,1,2026-09-13,Devonte Robinson,WR,GB,@MIN,1,0.0,0.0,0.0,0.0,0.0,0.0,0.0,0.0,0.0,0.0,0.0,0.0,0.0,0.0,0.0,0,325,0,0.0,0.0,0.0,0.0,0.0,0.0,0.0,0.0,0.0,0.0,0.0,0.0
2026_1_JaquariiRoberson_WR,2026_JaquariiRoberson_WR,JaquariiRoberson_WR,2026,1,2026-09-13,Jaquarii Roberson,WR,LAR,SF,16,0.0,0.0,0.0,0.0,0.0,0.0,0.0,0.0,0.0,0.0,0.0,0.0,0.0,0.0,0.0,0,326,0,0.0,0.0,0.0,0.0,0.0,0.0,0.0,0.0,0.0,0.0,0.0,0.0
2026_1_EmmettJohnson_RB,2026_EmmettJohnson_RB,EmmettJohnson_RB,2026,1,2026-09-13,Emmett Johnson,RB,KC,DEN,3,0.0,0.0,0.0,0.0,0.0,0.0,0.0,0.0,0.0,0.0,0.0,0.0,0.0,0.0,0.0,0,162,0,0.0,0.0,0.0,0.0,0.0,0.0,0.0,0.0,0.0,0.0,0.0,0.0
2026_1_JibriBlount_TE,2026_JibriBlount_TE,JibriBlount_TE,2026,1,2026-09-13,Jibri Blount,TE,MIA,@LV,3,0.0,0.0,0.0,0.0,0.0,0.0,0.0,0.0,0.0,0.0,0.0,0.0,0.0,0.0,0.0,0,144,0,0.0,0.0,0.0,0.0,0.0,0.0,0.0,0.0,0.0,0.0,0.0,0.0
2026_1_RJStarkey_WR,2026_RJStarkey_WR,RJStarkey_WR,2026,1,2026-09-13,RJ Starkey,WR,GB,@MIN,1,0.0,0.0,0.0,0.0,0.0,0.0,0.0,0.0,0.0,0.0,0.0,0.0,0.0,0.0,0.0,0,327,0,0.0,0.0,0.0,0.0,0.0,0.0,0.0,0.0,0.0,0.0,0.0,0.0
2026_1_JalenTolbert_WR,2026_JalenTolbert_WR,JalenTolbert_WR,2026,1,2026-09-13,Jalen Tolbert,WR,MIA,@LV,20,0.0,0.0,0.0,0.0,0.0,0.0,0.0,0.0,0.0,0.0,0.0,0.0,0.0,0.0,0.0,0,328,0,0.0,0.0,0.0,0.0,0.0,0.0,0.0,0.0,0.0,0.0,0.0,0.0
2026_1_GermieBernard_WR,2026_GermieBernard_WR,GermieBernard_WR,2026,1,2026-09-13,Germie Bernard,WR,PIT,ATL,22,0.0,0.0,0.0,0.0,0.0,0.0,0.0,0.0,0.0,0.0,0.0,0.0,0.0,0.0,0.0,0,329,0,0.0,0.0,0.0,0.0,0.0,0.0,0.0,0.0,0.0,0.0,0.0,0.0
2026_1_KylerMurray_QB,2026_KylerMurray_QB,KylerMurray_QB,2026,1,2026-09-13,Kyler Murray,QB,MIN,GB,10,0.0,0.0,0.0,0.0,0.0,0.0,0.0,0.0,0.0,0.0,0.0,0.0,0.0,0.0,0.0,0,76,0,0.0,0.0,0.0,0.0,0.0,0.0,0.0,0.0,0.0,0.0,0.0,0.0
2026_1_MatthewHibner_TE,2026_MatthewHibner_TE,MatthewHibner_TE,2026,1,2026-09-13,Matthew Hibner,TE,BAL,@IND,25,0.0,0.0,0.0,0.0,0.0,0.0,0.0,0.0,0.0,0.0,0.0,0.0,0.0,0.0,0.0,0,145,0,0.0,0.0,0.0,0.0,0.0,0.0,0.0,0.0,0.0,0.0,0.0,0.0
2026_1_AiniasSmith_WR,2026_AiniasSmith_WR,AiniasSmith_WR,2026,1,2026-09-13,Ainias Smith,WR,CAR,CHI,31,0.0,0.0,0.0,0.0,0.0,0.0,0.0,0.0,0.0,0.0,0.0,0.0,0.0,0.0,0.0,0,330,0,0.0,0.0,0.0,0.0,0.0,0.0,0.0,0.0,0.0,0.0,0.0,0.0
2026_1_AudricEstime_RB,2026_AudricEstime_RB,AudricEstime_RB,2026,1,2026-09-13,Audric Estime,RB,NO,@DET,7,0.0,0.0,0.0,0.0,0.0,0.0,0.0,0.0,0.0,0.0,0.0,0.0,0.0,0.0,0.0,0,163,0,0.0,0.0,0.0,0.0,0.0,0.0,0.0,0.0,0.0,0.0,0.0,0.0
2026_1_GerritPrince_TE,2026_GerritPrince_TE,GerritPrince_TE,2026,1,2026-09-13,Gerrit Prince,TE,KC,DEN,18,0.0,0.0,0.0,0.0,0.0,0.0,0.0,0.0,0.0,0.0,0.0,0.0,0.0,0.0,0.0,0,146,0,0.0,0.0,0.0,0.0,0.0,0.0,0.0,0.0,0.0,0.0,0.0,0.0
2026_1_CamerunPeoples_RB,2026_CamerunPeoples_RB,CamerunPeoples_RB,2026,1,2026-09-13,Camerun Peoples,RB,CAR,CHI,19,0.0,0.0,0.0,0.0,0.0,0.0,0.0,0.0,0.0,0.0,0.0,0.0,0.0,0.0,0.0,0,164,0,0.0,0.0,0.0,0.0,0.0,0.0,0.0,0.0,0.0,0.0,0.0,0.0
2026_1_AustinJones_RB,2026_AustinJones_RB,AustinJones_RB,2026,1,2026-09-13,Austin Jones,RB,WAS,@PHI,26,0.0,0.0,0.0,0.0,0.0,0.0,0.0,0.0,0.0,0.0,0.0,0.0,0.0,0.0,0.0,0,165,0,0.0,0.0,0.0,0.0,0.0,0.0,0.0,0.0,0.0,0.0,0.0,0.0
2026_1_ConnorDavis_TE,2026_ConnorDavis_TE,ConnorDavis_TE,2026,1,2026-09-13,Connor Davis,TE,CLE,@JAC,23,0.0,0.0,0.0,0.0,0.0,0.0,0.0,0.0,0.0,0.0,0.0,0.0,0.0,0.0,0.0,0,147,0,0.0,0.0,0.0,0.0,0.0,0.0,0.0,0.0,0.0,0.0,0.0,0.0
2026_1_AhmareanBrown_WR,2026_AhmareanBrown_WR,AhmareanBrown_WR,2026,1,2026-09-13,Ahmarean Brown,WR,BUF,@HOU,7,0.0,0.0,0.0,0.0,0.0,0.0,0.0,0.0,0.0,0.0,0.0,0.0,0.0,0.0,0.0,0,331,0,0.0,0.0,0.0,0.0,0.0,0.0,0.0,0.0,0.0,0.0,0.0,0.0
2026_1_MarvinHarrison_WR,2026_MarvinHarrison_WR,MarvinHarrison_WR,2026,1,2026-09-13,Marvin Harrison,WR,ARI,@LAC,3,0.0,0.0,0.0,0.0,0.0,0.0,0.0,0.0,0.0,0.0,0.0,0.0,0.0,0.0,0.0,0,332,0,0.0,0.0,0.0,0.0,0.0,0.0,0.0,0.0,0.0,0.0,0.0,0.0
2026_1_JonathanBrady_WR,2026_JonathanBrady_WR,JonathanBrady_WR,2026,1,2026-09-13,Jonathan Brady,WR,LV,MIA,14,0.0,0.0,0.0,0.0,0.0,0.0,0.0,0.0,0.0,0.0,0.0,0.0,0.0,0.0,0.0,0,333,0,0.0,0.0,0.0,0.0,0.0,0.0,0.0,0.0,0.0,0.0,0.0,0.0
2026_1_CollinJohnson_WR,2026_CollinJohnson_WR,CollinJohnson_WR,2026,1,2026-09-13,Collin Johnson,WR,LV,MIA,14,0.0,0.0,0.0,0.0,0.0,0.0,0.0,0.0,0.0,0.0,0.0,0.0,0.0,0.0,0.0,0,334,0,0.0,0.0,0.0,0.0,0.0,0.0,0.0,0.0,0.0,0.0,0.0,0.0
2026_1_SeanClifford_QB,2026_SeanClifford_QB,SeanClifford_QB,2026,1,2026-09-13,Sean Clifford,QB,CIN,TB,29,0.0,0.0,0.0,0.0,0.0,0.0,0.0,0.0,0.0,0.0,0.0,0.0,0.0,0.0,0.0,0,77,0,0.0,0.0,0.0,0.0,0.0,0.0,0.0,0.0,0.0,0.0,0.0,0.0
2026_1_LukeFarrell_TE,2026_LukeFarrell_TE,LukeFarrell_TE,2026,1,2026-09-13,Luke Farrell,TE,SF,@LAR,14,0.0,0.0,0.0,0.0,0.0,0.0,0.0,0.0,0.0,0.0,0.0,0.0,0.0,0.0,0.0,0,148,0,0.0,0.0,0.0,0.0,0.0,0.0,0.0,0.0,0.0,0.0,0.0,0.0
2026_1_JakeHerslow_WR,2026_JakeHerslow_WR,JakeHerslow_WR,2026,1,2026-09-13,Jake Herslow,WR,SEA,NE,11,0.0,0.0,0.0,0.0,0.0,0.0,0.0,0.0,0.0,0.0,0.0,0.0,0.0,0.0,0.0,0,335,0,0.0,0.0,0.0,0.0,0.0,0.0,0.0,0.0,0.0,0.0,0.0,0.0
2026_1_OwenWright_RB,2026_OwenWright_RB,OwenWright_RB,2026,1,2026-09-13,Owen Wright,RB,HOU,BUF,25,0.0,0.0,0.0,0.0,0.0,0.0,0.0,0.0,0.0,0.0,0.0,0.0,0.0,0.0,0.0,0,166,0,0.0,0.0,0.0,0.0,0.0,0.0,0.0,0.0,0.0,0.0,0.0,0.0
2026_1_PrincetonFant_TE,2026_PrincetonFant_TE,PrincetonFant_TE,2026,1,2026-09-13,Princeton Fant,TE,DAL,@NYG,10,0.0,0.0,0.0,0.0,0.0,0.0,0.0,0.0,0.0,0.0,0.0,0.0,0.0,0.0,0.0,0,149,0,0.0,0.0,0.0,0.0,0.0,0.0,0.0,0.0,0.0,0.0,0.0,0.0
2026_1_DarrinHall_RB,2026_DarrinHall_RB,DarrinHall_RB,2026,1,2026-09-13,Darrin Hall,RB,PIT,ATL,16,0.0,0.0,0.0,0.0,0.0,0.0,0.0,0.0,0.0,0.0,0.0,0.0,0.0,0.0,0.0,0,167,0,0.0,0.0,0.0,0.0,0.0,0.0,0.0,0.0,0.0,0.0,0.0,0.0
2026_1_LachlanPitts_TE,2026_LachlanPitts_TE,LachlanPitts_TE,2026,1,2026-09-13,Lachlan Pitts,TE,CHI,@CAR,24,0.0,0.0,0.0,0.0,0.0,0.0,0.0,0.0,0.0,0.0,0.0,0.0,0.0,0.0,0.0,0,150,0,0.0,0.0,0.0,0.0,0.0,0.0,0.0,0.0,0.0,0.0,0.0,0.0
2026_1_MarShawnLloyd_RB,2026_MarShawnLloyd_RB,MarShawnLloyd_RB,2026,1,2026-09-13,MarShawn Lloyd,RB,GB,@MIN,15,0.0,0.0,0.0,0.0,0.0,0.0,0.0,0.0,0.0,0.0,0.0,0.0,0.0,0.0,0.0,0,168,0,0.0,0.0,0.0,0.0,0.0,0.0,0.0,0.0,0.0,0.0,0.0,0.0
2026_1_RileyLeonard_QB,2026_RileyLeonard_QB,RileyLeonard_QB,2026,1,2026-09-13,Riley Leonard,QB,IND,BAL,21,0.0,0.0,0.0,0.0,0.0,0.0,0.0,0.0,0.0,0.0,0.0,0.0,0.0,0.0,0.0,0,78,0,0.0,0.0,0.0,0.0,0.0,0.0,0.0,0.0,0.0,0.0,0.0,0.0
2026_1_AustinHooper_TE,2026_AustinHooper_TE,AustinHooper_TE,2026,1,2026-09-13,Austin Hooper,TE,ATL,@PIT,26,0.0,0.0,0.0,0.0,0.0,0.0,0.0,0.0,0.0,0.0,0.0,0.0,0.0,0.0,0.0,0,151,0,0.0,0.0,0.0,0.0,0.0,0.0,0.0,0.0,0.0,0.0,0.0,0.0
2026_1_EastonStick_QB,2026_EastonStick_QB,EastonStick_QB,2026,1,2026-09-13,Easton Stick,QB,IND,BAL,21,0.0,0.0,0.0,0.0,0.0,0.0,0.0,0.0,0.0,0.0,0.0,0.0,0.0,0.0,0.0,0,79,0,0.0,0.0,0.0,0.0,0.0,0.0,0.0,0.0,0.0,0.0,0.0,0.0
2026_1_MichaelCarter_RB,2026_MichaelCarter_RB,MichaelCarter_RB,2026,1,2026-09-13,Michael Carter,RB,TEN,NYJ,32,0.0,0.0,0.0,0.0,0.0,0.0,0.0,0.0,0.0,0.0,0.0,0.0,0.0,0.0,0.0,0,169,0,0.0,0.0,0.0,0.0,0.0,0.0,0.0,0.0,0.0,0.0,0.0,0.0
2026_1_JaydenHiggins_WR,2026_JaydenHiggins_WR,JaydenHiggins_WR,2026,1,2026-09-13,Jayden Higgins,WR,HOU,BUF,13,0.0,0.0,0.0,0.0,0.0,0.0,0.0,0.0,0.0,0.0,0.0,0.0,0.0,0.0,0.0,0,336,0,0.0,0.0,0.0,0.0,0.0,0.0,0.0,0.0,0.0,0.0,0.0,0.0
2026_1_DerrickDeese_TE,2026_DerrickDeese_TE,DerrickDeese_TE,2026,1,2026-09-13,Derrick Deese,TE,DET,NO,15,0.0,0.0,0.0,0.0,0.0,0.0,0.0,0.0,0.0,0.0,0.0,0.0,0.0,0.0,0.0,0,152,0,0.0,0.0,0.0,0.0,0.0,0.0,0.0,0.0,0.0,0.0,0.0,0.0
2026_1_MaxKlare_TE,2026_MaxKlare_TE,MaxKlare_TE,2026,1,2026-09-13,Max Klare,TE,LAR,SF,22,0.0,0.0,0.0,0.0,0.0,0.0,0.0,0.0,0.0,0.0,0.0,0.0,0.0,0.0,0.0,0,153,0,0.0,0.0,0.0,0.0,0.0,0.0,0.0,0.0,0.0,0.0,0.0,0.0
2026_1_TJVasher_WR,2026_TJVasher_WR,TJVasher_WR,2026,1,2026-09-13,TJ Vasher,WR,DAL,@NYG,23,0.0,0.0,0.0,0.0,0.0,0.0,0.0,0.0,0.0,0.0,0.0,0.0,0.0,0.0,0.0,0,337,0,0.0,0.0,0.0,0.0,0.0,0.0,0.0,0.0,0.0,0.0,0.0,0.0
2026_1_NateNoel_RB,2026_NateNoel_RB,NateNoel_RB,2026,1,2026-09-13,Nate Noel,RB,IND,BAL,17,0.0,0.0,0.0,0.0,0.0,0.0,0.0,0.0,0.0,0.0,0.0,0.0,0.0,0.0,0.0,0,170,0,0.0,0.0,0.0,0.0,0.0,0.0,0.0,0.0,0.0,0.0,0.0,0.0
2026_1_StoneSmartt_TE,2026_StoneSmartt_TE,StoneSmartt_TE,2026,1,2026-09-13,Stone Smartt,TE,PHI,WAS,30,0.0,0.0,0.0,0.0,0.0,0.0,0.0,0.0,0.0,0.0,0.0,0.0,0.0,0.0,0.0,0,154,0,0.0,0.0,0.0,0.0,0.0,0.0,0.0,0.0,0.0,0.0,0.0,0.0
2026_1_MylesGaskin_RB,2026_MylesGaskin_RB,MylesGaskin_RB,2026,1,2026-09-13,Myles Gaskin,RB,SEA,NE,2,0.0,0.0,0.0,0.0,0.0,0.0,0.0,0.0,0.0,0.0,0.0,0.0,0.0,0.0,0.0,0,171,0,0.0,0.0,0.0,0.0,0.0,0.0,0.0,0.0,0.0,0.0,0.0,0.0
2026_1_JacobCowing_WR,2026_JacobCowing_WR,JacobCowing_WR,2026,1,2026-09-13,Jacob Cowing,WR,SF,@LAR,24,0.0,0.0,0.0,0.0,0.0,0.0,0.0,0.0,0.0,0.0,0.0,0.0,0.0,0.0,0.0,0,338,0,0.0,0.0,0.0,0.0,0.0,0.0,0.0,0.0,0.0,0.0,0.0,0.0
2026_1_PaytonThorne_QB,2026_PaytonThorne_QB,PaytonThorne_QB,2026,1,2026-09-13,Payton Thorne,QB,CIN,TB,29,0.0,0.0,0.0,0.0,0.0,0.0,0.0,0.0,0.0,0.0,0.0,0.0,0.0,0.0,0.0,0,80,0,0.0,0.0,0.0,0.0,0.0,0.0,0.0,0.0,0.0,0.0,0.0,0.0
2026_1_EvanHull_RB,2026_EvanHull_RB,EvanHull_RB,2026,1,2026-09-13,Evan Hull,RB,ARI,@LAC,8,0.0,0.0,0.0,0.0,0.0,0.0,0.0,0.0,0.0,0.0,0.0,0.0,0.0,0.0,0.0,0,172,0,0.0,0.0,0.0,0.0,0.0,0.0,0.0,0.0,0.0,0.0,0.0,0.0
2026_1_NateStanley_QB,2026_NateStanley_QB,NateStanley_QB,2026,1,2026-09-13,Nate Stanley,QB,MIN,GB,10,0.0,0.0,0.0,0.0,0.0,0.0,0.0,0.0,0.0,0.0,0.0,0.0,0.0,0.0,0.0,0,81,0,0.0,0.0,0.0,0.0,0.0,0.0,0.0,0.0,0.0,0.0,0.0,0.0
2026_1_MikeWhite_QB,2026_MikeWhite_QB,MikeWhite_QB,2026,1,2026-09-13,Mike White,QB,CAR,CHI,26,0.0,0.0,0.0,0.0,0.0,0.0,0.0,0.0,0.0,0.0,0.0,0.0,0.0,0.0,0.0,0,82,0,0.0,0.0,0.0,0.0,0.0,0.0,0.0,0.0,0.0,0.0,0.0,0.0
2026_1_CourtlandSutton_WR,2026_CourtlandSutton_WR,CourtlandSutton_WR,2026,1,2026-09-13,Courtland Sutton,WR,DEN,@KC,6,0.0,0.0,0.0,0.0,0.0,0.0,0.0,0.0,0.0,0.0,0.0,0.0,0.0,0.0,0.0,0,339,0,0.0,0.0,0.0,0.0,0.0,0.0,0.0,0.0,0.0,0.0,0.0,0.0
2026_1_JalenMcCleskey_WR,2026_JalenMcCleskey_WR,JalenMcCleskey_WR,2026,1,2026-09-13,Jalen McCleskey,WR,NO,@DET,30,0.0,0.0,0.0,0.0,0.0,0.0,0.0,0.0,0.0,0.0,0.0,0.0,0.0,0.0,0.0,0,340,0,0.0,0.0,0.0,0.0,0.0,0.0,0.0,0.0,0.0,0.0,0.0,0.0
2026_1_ShermariJones_RB,2026_ShermariJones_RB,ShermariJones_RB,2026,1,2026-09-13,Shermari Jones,RB,CIN,TB,12,0.0,0.0,0.0,0.0,0.0,0.0,0.0,0.0,0.0,0.0,0.0,0.0,0.0,0.0,0.0,0,173,0,0.0,0.0,0.0,0.0,0.0,0.0,0.0,0.0,0.0,0.0,0.0,0.0
2026_1_RaylenSharpe_WR,2026_RaylenSharpe_WR,RaylenSharpe_WR,2026,1,2026-09-13,Raylen Sharpe,WR,IND,BAL,25,0.0,0.0,0.0,0.0,0.0,0.0,0.0,0.0,0.0,0.0,0.0,0.0,0.0,0.0,0.0,0,341,0,0.0,0.0,0.0,0.0,0.0,0.0,0.0,0.0,0.0,0.0,0.0,0.0
2026_1_DenericPrince_RB,2026_DenericPrince_RB,DenericPrince_RB,2026,1,2026-09-13,Deneric Prince,RB,NE,@SEA,4,0.0,0.0,0.0,0.0,0.0,0.0,0.0,0.0,0.0,0.0,0.0,0.0,0.0,0.0,0.0,0,174,0,0.0,0.0,0.0,0.0,0.0,0.0,0.0,0.0,0.0,0.0,0.0,0.0
2026_1_MichaelBandy_WR,2026_MichaelBandy_WR,MichaelBandy_WR,2026,1,2026-09-13,Michael Bandy,WR,DEN,@KC,6,0.0,0.0,0.0,0.0,0.0,0.0,0.0,0.0,0.0,0.0,0.0,0.0,0.0,0.0,0.0,0,342,0,0.0,0.0,0.0,0.0,0.0,0.0,0.0,0.0,0.0,0.0,0.0,0.0
2026_1_AthanKaliakmanis_QB,2026_AthanKaliakmanis_QB,AthanKaliakmanis_QB,2026,1,2026-09-13,Athan Kaliakmanis,QB,WAS,@PHI,11,0.0,0.0,0.0,0.0,0.0,0.0,0.0,0.0,0.0,0.0,0.0,0.0,0.0,0.0,0.0,0,83,0,0.0,0.0,0.0,0.0,0.0,0.0,0.0,0.0,0.0,0.0,0.0,0.0
2026_1_IzaiahGathings_TE,2026_IzaiahGathings_TE,IzaiahGathings_TE,2026,1,2026-09-13,Izaiah Gathings,TE,KC,DEN,18,0.0,0.0,0.0,0.0,0.0,0.0,0.0,0.0,0.0,0.0,0.0,0.0,0.0,0.0,0.0,0,155,0,0.0,0.0,0.0,0.0,0.0,0.0,0.0,0.0,0.0,0.0,0.0,0.0
2026_1_TyreekHill_WR,2026_TyreekHill_WR,TyreekHill_WR,2026,1,2026-09-13,Tyreek Hill,WR,MIA,@LV,20,0.0,0.0,0.0,0.0,0.0,0.0,0.0,0.0,0.0,0.0,0.0,0.0,0.0,0.0,0.0,0,343,0,0.0,0.0,0.0,0.0,0.0,0.0,0.0,0.0,0.0,0.0,0.0,0.0
2026_1_MichaelGallup_WR,2026_MichaelGallup_WR,MichaelGallup_WR,2026,1,2026-09-13,Michael Gallup,WR,WAS,@PHI,8,0.0,0.0,0.0,0.0,0.0,0.0,0.0,0.0,0.0,0.0,0.0,0.0,0.0,0.0,0.0,0,344,0,0.0,0.0,0.0,0.0,0.0,0.0,0.0,0.0,0.0,0.0,0.0,0.0
2026_1_HarrisonWallace_WR,2026_HarrisonWallace_WR,HarrisonWallace_WR,2026,1,2026-09-13,Harrison Wallace,WR,ARI,@LAC,3,0.0,0.0,0.0,0.0,0.0,0.0,0.0,0.0,0.0,0.0,0.0,0.0,0.0,0.0,0.0,0,345,0,0.0,0.0,0.0,0.0,0.0,0.0,0.0,0.0,0.0,0.0,0.0,0.0
2026_1_MarkeseStepp_RB,2026_MarkeseStepp_RB,MarkeseStepp_RB,2026,1,2026-09-13,Markese Stepp,RB,NYJ,@TEN,13,0.0,0.0,0.0,0.0,0.0,0.0,0.0,0.0,0.0,0.0,0.0,0.0,0.0,0.0,0.0,0,175,0,0.0,0.0,0.0,0.0,0.0,0.0,0.0,0.0,0.0,0.0,0.0,0.0
2026_1_JackEndries_TE,2026_JackEndries_TE,JackEndries_TE,2026,1,2026-09-13,Jack Endries,TE,CIN,TB,27,0.0,0.0,0.0,0.0,0.0,0.0,0.0,0.0,0.0,0.0,0.0,0.0,0.0,0.0,0.0,0,156,0,0.0,0.0,0.0,0.0,0.0,0.0,0.0,0.0,0.0,0.0,0.0,0.0
2026_1_NeilPau'u_WR,2026_NeilPau'u_WR,NeilPau'u_WR,2026,1,2026-09-13,Neil Pau'u,WR,BUF,@HOU,7,0.0,0.0,0.0,0.0,0.0,0.0,0.0,0.0,0.0,0.0,0.0,0.0,0.0,0.0,0.0,0,346,0,0.0,0.0,0.0,0.0,0.0,0.0,0.0,0.0,0.0,0.0,0.0,0.0
2026_1_CurtisHodges_TE,2026_CurtisHodges_TE,CurtisHodges_TE,2026,1,2026-09-13,Curtis Hodges,TE,CAR,CHI,11,0.0,0.0,0.0,0.0,0.0,0.0,0.0,0.0,0.0,0.0,0.0,0.0,0.0,0.0,0.0,0,157,0,0.0,0.0,0.0,0.0,0.0,0.0,0.0,0.0,0.0,0.0,0.0,0.0
2026_1_TiyonEvans_RB,2026_TiyonEvans_RB,TiyonEvans_RB,2026,1,2026-09-13,Tiyon Evans,RB,CAR,CHI,19,0.0,0.0,0.0,0.0,0.0,0.0,0.0,0.0,0.0,0.0,0.0,0.0,0.0,0.0,0.0,0,176,0,0.0,0.0,0.0,0.0,0.0,0.0,0.0,0.0,0.0,0.0,0.0,0.0
2026_1_JustinLockhart_WR,2026_JustinLockhart_WR,JustinLockhart_WR,2026,1,2026-09-13,Justin Lockhart,WR,KC,DEN,2,0.0,0.0,0.0,0.0,0.0,0.0,0.0,0.0,0.0,0.0,0.0,0.0,0.0,0.0,0.0,0,347,0,0.0,0.0,0.0,0.0,0.0,0.0,0.0,0.0,0.0,0.0,0.0,0.0
2026_1_JustinHerbert_QB,2026_JustinHerbert_QB,JustinHerbert_QB,2026,1,2026-09-13,Justin Herbert,QB,LAC,ARI,17,0.0,0.0,0.0,0.0,0.0,0.0,0.0,0.0,0.0,0.0,0.0,0.0,0.0,0.0,0.0,0,84,0,0.0,0.0,0.0,0.0,0.0,0.0,0.0,0.0,0.0,0.0,0.0,0.0
2026_1_JamaalWilliams_RB,2026_JamaalWilliams_RB,JamaalWilliams_RB,2026,1,2026-09-13,Jamaal Williams,RB,NO,@DET,7,0.0,0.0,0.0,0.0,0.0,0.0,0.0,0.0,0.0,0.0,0.0,0.0,0.0,0.0,0.0,0,177,0,0.0,0.0,0.0,0.0,0.0,0.0,0.0,0.0,0.0,0.0,0.0,0.0
2026_1_ChadKanoff_QB,2026_ChadKanoff_QB,ChadKanoff_QB,2026,1,2026-09-13,Chad Kanoff,QB,TB,@CIN,27,0.0,0.0,0.0,0.0,0.0,0.0,0.0,0.0,0.0,0.0,0.0,0.0,0.0,0.0,0.0,0,85,0,0.0,0.0,0.0,0.0,0.0,0.0,0.0,0.0,0.0,0.0,0.0,0.0
2026_1_KendreMiller_RB,2026_KendreMiller_RB,KendreMiller_RB,2026,1,2026-09-13,Kendre Miller,RB,NO,@DET,7,0.0,0.0,0.0,0.0,0.0,0.0,0.0,0.0,0.0,0.0,0.0,0.0,0.0,0.0,0.0,0,178,0,0.0,0.0,0.0,0.0,0.0,0.0,0.0,0.0,0.0,0.0,0.0,0.0
2026_1_EthanGarbers_QB,2026_EthanGarbers_QB,EthanGarbers_QB,2026,1,2026-09-13,Ethan Garbers,QB,CAR,CHI,26,0.0,0.0,0.0,0.0,0.0,0.0,0.0,0.0,0.0,0.0,0.0,0.0,0.0,0.0,0.0,0,86,0,0.0,0.0,0.0,0.0,0.0,0.0,0.0,0.0,0.0,0.0,0.0,0.0
2026_1_JalenMcMillan_WR,2026_JalenMcMillan_WR,JalenMcMillan_WR,2026,1,2026-09-13,Jalen McMillan,WR,TB,@CIN,9,0.0,0.0,0.0,0.0,0.0,0.0,0.0,0.0,0.0,0.0,0.0,0.0,0.0,0.0,0.0,0,348,0,0.0,0.0,0.0,0.0,0.0,0.0,0.0,0.0,0.0,0.0,0.0,0.0
2026_1_ArianSmith_WR,2026_ArianSmith_WR,ArianSmith_WR,2026,1,2026-09-13,Arian Smith,WR,NYJ,@TEN,29,0.0,0.0,0.0,0.0,0.0,0.0,0.0,0.0,0.0,0.0,0.0,0.0,0.0,0.0,0.0,0,349,0,0.0,0.0,0.0,0.0,0.0,0.0,0.0,0.0,0.0,0.0,0.0,0.0
2026_1_SamJames_WR,2026_SamJames_WR,SamJames_WR,2026,1,2026-09-13,Sam James,WR,LAR,SF,16,0.0,0.0,0.0,0.0,0.0,0.0,0.0,0.0,0.0,0.0,0.0,0.0,0.0,0.0,0.0,0,350,0,0.0,0.0,0.0,0.0,0.0,0.0,0.0,0.0,0.0,0.0,0.0,0.0
2026_1_KekoaCrawford_WR,2026_KekoaCrawford_WR,KekoaCrawford_WR,2026,1,2026-09-13,Kekoa Crawford,WR,KC,DEN,2,0.0,0.0,0.0,0.0,0.0,0.0,0.0,0.0,0.0,0.0,0.0,0.0,0.0,0.0,0.0,0,351,0,0.0,0.0,0.0,0.0,0.0,0.0,0.0,0.0,0.0,0.0,0.0,0.0
2026_1_JaheimBell_TE,2026_JaheimBell_TE,JaheimBell_TE,2026,1,2026-09-13,Jaheim Bell,TE,PIT,ATL,5,0.0,0.0,0.0,0.0,0.0,0.0,0.0,0.0,0.0,0.0,0.0,0.0,0.0,0.0,0.0,0,158,0,0.0,0.0,0.0,0.0,0.0,0.0,0.0,0.0,0.0,0.0,0.0,0.0
2026_1_JaseMcClellan_RB,2026_JaseMcClellan_RB,JaseMcClellan_RB,2026,1,2026-09-13,Jase McClellan,RB,TB,@CIN,31,0.0,0.0,0.0,0.0,0.0,0.0,0.0,0.0,0.0,0.0,0.0,0.0,0.0,0.0,0.0,0,179,0,0.0,0.0,0.0,0.0,0.0,0.0,0.0,0.0,0.0,0.0,0.0,0.0
2026_1_StevieScott_RB,2026_StevieScott_RB,StevieScott_RB,2026,1,2026-09-13,Stevie Scott,RB,ARI,@LAC,8,0.0,0.0,0.0,0.0,0.0,0.0,0.0,0.0,0.0,0.0,0.0,0.0,0.0,0.0,0.0,0,180,0,0.0,0.0,0.0,0.0,0.0,0.0,0.0,0.0,0.0,0.0,0.0,0.0
2026_1_BJBaylor_RB,2026_BJBaylor_RB,BJBaylor_RB,2026,1,2026-09-13,BJ Baylor,RB,ATL,@PIT,9,0.0,0.0,0.0,0.0,0.0,0.0,0.0,0.0,0.0,0.0,0.0,0.0,0.0,0.0,0.0,0,181,0,0.0,0.0,0.0,0.0,0.0,0.0,0.0,0.0,0.0,0.0,0.0,0.0
2026_1_TerryMcLaurin_WR,2026_TerryMcLaurin_WR,TerryMcLaurin_WR,2026,1,2026-09-13,Terry McLaurin,WR,WAS,@PHI,8,0.0,0.0,0.0,0.0,0.0,0.0,0.0,0.0,0.0,0.0,0.0,0.0,0.0,0.0,0.0,0,352,0,0.0,0.0,0.0,0.0,0.0,0.0,0.0,0.0,0.0,0.0,0.0,0.0
2026_1_HassanHall_RB,2026_HassanHall_RB,HassanHall_RB,2026,1,2026-09-13,Hassan Hall,RB,ARI,@LAC,8,0.0,0.0,0.0,0.0,0.0,0.0,0.0,0.0,0.0,0.0,0.0,0.0,0.0,0.0,0.0,0,182,0,0.0,0.0,0.0,0.0,0.0,0.0,0.0,0.0,0.0,0.0,0.0,0.0
2026_1_MarquezValdes-Scantling_WR,2026_MarquezValdes-Scantling_WR,MarquezValdes-Scantling_WR,2026,1,2026-09-13,Marquez Valdes-Scantling,WR,DAL,@NYG,23,0.0,0.0,0.0,0.0,0.0,0.0,0.0,0.0,0.0,0.0,0.0,0.0,0.0,0.0,0.0,0,353,0,0.0,0.0,0.0,0.0,0.0,0.0,0.0,0.0,0.0,0.0,0.0,0.0
2026_1_JMichaelSturdivant_WR,2026_JMichaelSturdivant_WR,JMichaelSturdivant_WR,2026,1,2026-09-13,J Michael Sturdivant,WR,GB,@MIN,1,0.0,0.0,0.0,0.0,0.0,0.0,0.0,0.0,0.0,0.0,0.0,0.0,0.0,0.0,0.0,0,354,0,0.0,0.0,0.0,0.0,0.0,0.0,0.0,0.0,0.0,0.0,0.0,0.0
2026_1_JoshWilliams_RB,2026_JoshWilliams_RB,JoshWilliams_RB,2026,1,2026-09-13,Josh Williams,RB,TB,@CIN,31,0.0,0.0,0.0,0.0,0.0,0.0,0.0,0.0,0.0,0.0,0.0,0.0,0.0,0.0,0.0,0,183,0,0.0,0.0,0.0,0.0,0.0,0.0,0.0,0.0,0.0,0.0,0.0,0.0
2026_1_SyBarnett_WR,2026_SyBarnett_WR,SyBarnett_WR,2026,1,2026-09-13,Sy Barnett,WR,NO,@DET,30,0.0,0.0,0.0,0.0,0.0,0.0,0.0,0.0,0.0,0.0,0.0,0.0,0.0,0.0,0.0,0,355,0,0.0,0.0,0.0,0.0,0.0,0.0,0.0,0.0,0.0,0.0,0.0,0.0
2026_1_GoldenTate_WR,2026_GoldenTate_WR,GoldenTate_WR,2026,1,2026-09-13,Golden Tate,WR,TEN,NYJ,19,0.0,0.0,0.0,0.0,0.0,0.0,0.0,0.0,0.0,0.0,0.0,0.0,0.0,0.0,0.0,0,356,0,0.0,0.0,0.0,0.0,0.0,0.0,0.0,0.0,0.0,0.0,0.0,0.0
2026_1_DeAndreTorrey_RB,2026_DeAndreTorrey_RB,DeAndreTorrey_RB,2026,1,2026-09-13,DeAndre Torrey,RB,PHI,WAS,29,0.0,0.0,0.0,0.0,0.0,0.0,0.0,0.0,0.0,0.0,0.0,0.0,0.0,0.0,0.0,0,184,0,0.0,0.0,0.0,0.0,0.0,0.0,0.0,0.0,0.0,0.0,0.0,0.0
2026_1_JeshaunJones_WR,2026_JeshaunJones_WR,JeshaunJones_WR,2026,1,2026-09-13,Jeshaun Jones,WR,MIN,GB,21,0.0,0.0,0.0,0.0,0.0,0.0,0.0,0.0,0.0,0.0,0.0,0.0,0.0,0.0,0.0,0,357,0,0.0,0.0,0.0,0.0,0.0,0.0,0.0,0.0,0.0,0.0,0.0,0.0
2026_1_DrakeDabney_TE,2026_DrakeDabney_TE,DrakeDabney_TE,2026,1,2026-09-13,Drake Dabney,TE,GB,@MIN,4,0.0,0.0,0.0,0.0,0.0,0.0,0.0,0.0,0.0,0.0,0.0,0.0,0.0,0.0,0.0,0,159,0,0.0,0.0,0.0,0.0,0.0,0.0,0.0,0.0,0.0,0.0,0.0,0.0
2026_1_JeffCaldwell_WR,2026_JeffCaldwell_WR,JeffCaldwell_WR,2026,1,2026-09-13,Jeff Caldwell,WR,KC,DEN,2,0.0,0.0,0.0,0.0,0.0,0.0,0.0,0.0,0.0,0.0,0.0,0.0,0.0,0.0,0.0,0,358,0,0.0,0.0,0.0,0.0,0.0,0.0,0.0,0.0,0.0,0.0,0.0,0.0
2026_1_PeterLeBlanc_WR,2026_PeterLeBlanc_WR,PeterLeBlanc_WR,2026,1,2026-09-13,Peter LeBlanc,WR,CHI,@CAR,12,0.0,0.0,0.0,0.0,0.0,0.0,0.0,0.0,0.0,0.0,0.0,0.0,0.0,0.0,0.0,0,359,0,0.0,0.0,0.0,0.0,0.0,0.0,0.0,0.0,0.0,0.0,0.0,0.0
2026_1_KyreseRowan_WR,2026_KyreseRowan_WR,KyreseRowan_WR,2026,1,2026-09-13,Kyrese Rowan,WR,DEN,@KC,6,0.0,0.0,0.0,0.0,0.0,0.0,0.0,0.0,0.0,0.0,0.0,0.0,0.0,0.0,0.0,0,360,0,0.0,0.0,0.0,0.0,0.0,0.0,0.0,0.0,0.0,0.0,0.0,0.0
2026_1_TyjonLindsey_WR,2026_TyjonLindsey_WR,TyjonLindsey_WR,2026,1,2026-09-13,Tyjon Lindsey,WR,SEA,NE,11,0.0,0.0,0.0,0.0,0.0,0.0,0.0,0.0,0.0,0.0,0.0,0.0,0.0,0.0,0.0,0,361,0,0.0,0.0,0.0,0.0,0.0,0.0,0.0,0.0,0.0,0.0,0.0,0.0
2026_1_DallasGoedert_TE,2026_DallasGoedert_TE,DallasGoedert_TE,2026,1,2026-09-13,Dallas Goedert,TE,PHI,WAS,30,0.0,0.0,0.0,0.0,0.0,0.0,0.0,0.0,0.0,0.0,0.0,0.0,0.0,0.0,0.0,0,160,0,0.0,0.0,0.0,0.0,0.0,0.0,0.0,0.0,0.0,0.0,0.0,0.0
2026_1_ThayerThomas_WR,2026_ThayerThomas_WR,ThayerThomas_WR,2026,1,2026-09-13,Thayer Thomas,WR,DEN,@KC,6,0.0,0.0,0.0,0.0,0.0,0.0,0.0,0.0,0.0,0.0,0.0,0.0,0.0,0.0,0.0,0,362,0,0.0,0.0,0.0,0.0,0.0,0.0,0.0,0.0,0.0,0.0,0.0,0.0
2026_1_RobertBurns_RB,2026_RobertBurns_RB,RobertBurns_RB,2026,1,2026-09-13,Robert Burns,RB,ATL,@PIT,9,0.0,0.0,0.0,0.0,0.0,0.0,0.0,0.0,0.0,0.0,0.0,0.0,0.0,0.0,0.0,0,185,0,0.0,0.0,0.0,0.0,0.0,0.0,0.0,0.0,0.0,0.0,0.0,0.0
2026_1_JacobSirmon_QB,2026_JacobSirmon_QB,JacobSirmon_QB,2026,1,2026-09-13,Jacob Sirmon,QB,CLE,@JAC,19,0.0,0.0,0.0,0.0,0.0,0.0,0.0,0.0,0.0,0.0,0.0,0.0,0.0,0.0,0.0,0,87,0,0.0,0.0,0.0,0.0,0.0,0.0,0.0,0.0,0.0,0.0,0.0,0.0
2026_1_KJHamler_WR,2026_KJHamler_WR,KJHamler_WR,2026,1,2026-09-13,KJ Hamler,WR,BUF,@HOU,7,0.0,0.0,0.0,0.0,0.0,0.0,0.0,0.0,0.0,0.0,0.0,0.0,0.0,0.0,0.0,0,363,0,0.0,0.0,0.0,0.0,0.0,0.0,0.0,0.0,0.0,0.0,0.0,0.0
2026_1_EliWolf_TE,2026_EliWolf_TE,EliWolf_TE,2026,1,2026-09-13,Eli Wolf,TE,WAS,@PHI,1,0.0,0.0,0.0,0.0,0.0,0.0,0.0,0.0,0.0,0.0,0.0,0.0,0.0,0.0,0.0,0,161,0,0.0,0.0,0.0,0.0,0.0,0.0,0.0,0.0,0.0,0.0,0.0,0.0
2026_1_SeanMcKeon_TE,2026_SeanMcKeon_TE,SeanMcKeon_TE,2026,1,2026-09-13,Sean McKeon,TE,IND,BAL,8,0.0,0.0,0.0,0.0,0.0,0.0,0.0,0.0,0.0,0.0,0.0,0.0,0.0,0.0,0.0,0,162,0,0.0,0.0,0.0,0.0,0.0,0.0,0.0,0.0,0.0,0.0,0.0,0.0
2026_1_ChaseLitton_QB,2026_ChaseLitton_QB,ChaseLitton_QB,2026,1,2026-09-13,Chase Litton,QB,JAC,CLE,4,0.0,0.0,0.0,0.0,0.0,0.0,0.0,0.0,0.0,0.0,0.0,0.0,0.0,0.0,0.0,0,88,0,0.0,0.0,0.0,0.0,0.0,0.0,0.0,0.0,0.0,0.0,0.0,0.0
2026_1_MichaelPittman_WR,2026_MichaelPittman_WR,MichaelPittman_WR,2026,1,2026-09-13,Michael Pittman,WR,PIT,ATL,22,0.0,0.0,0.0,0.0,0.0,0.0,0.0,0.0,0.0,0.0,0.0,0.0,0.0,0.0,0.0,0,364,0,0.0,0.0,0.0,0.0,0.0,0.0,0.0,0.0,0.0,0.0,0.0,0.0
2026_1_KalijaLipscomb_WR,2026_KalijaLipscomb_WR,KalijaLipscomb_WR,2026,1,2026-09-13,Kalija Lipscomb,WR,TEN,NYJ,19,0.0,0.0,0.0,0.0,0.0,0.0,0.0,0.0,0.0,0.0,0.0,0.0,0.0,0.0,0.0,0,365,0,0.0,0.0,0.0,0.0,0.0,0.0,0.0,0.0,0.0,0.0,0.0,0.0
2026_1_TylerHoosman_RB,2026_TylerHoosman_RB,TylerHoosman_RB,2026,1,2026-09-13,Tyler Hoosman,RB,LAC,ARI,30,0.0,0.0,0.0,0.0,0.0,0.0,0.0,0.0,0.0,0.0,0.0,0.0,0.0,0.0,0.0,0,186,0,0.0,0.0,0.0,0.0,0.0,0.0,0.0,0.0,0.0,0.0,0.0,0.0
2026_1_EJSmith_RB,2026_EJSmith_RB,EJSmith_RB,2026,1,2026-09-13,EJ Smith,RB,KC,DEN,3,0.0,0.0,0.0,0.0,0.0,0.0,0.0,0.0,0.0,0.0,0.0,0.0,0.0,0.0,0.0,0,187,0,0.0,0.0,0.0,0.0,0.0,0.0,0.0,0.0,0.0,0.0,0.0,0.0
2026_1_JonnuSmith_TE,2026_JonnuSmith_TE,JonnuSmith_TE,2026,1,2026-09-13,Jonnu Smith,TE,PIT,ATL,5,0.0,0.0,0.0,0.0,0.0,0.0,0.0,0.0,0.0,0.0,0.0,0.0,0.0,0.0,0.0,0,163,0,0.0,0.0,0.0,0.0,0.0,0.0,0.0,0.0,0.0,0.0,0.0,0.0
2026_1_JamesonGeers_TE,2026_JamesonGeers_TE,JamesonGeers_TE,2026,1,2026-09-13,Jameson Geers,TE,ARI,@LAC,9,0.0,0.0,0.0,0.0,0.0,0.0,0.0,0.0,0.0,0.0,0.0,0.0,0.0,0.0,0.0,0,164,0,0.0,0.0,0.0,0.0,0.0,0.0,0.0,0.0,0.0,0.0,0.0,0.0
2026_1_GabeDavis_WR,2026_GabeDavis_WR,GabeDavis_WR,2026,1,2026-09-13,Gabe Davis,WR,BUF,@HOU,7,0.0,0.0,0.0,0.0,0.0,0.0,0.0,0.0,0.0,0.0,0.0,0.0,0.0,0.0,0.0,0,366,0,0.0,0.0,0.0,0.0,0.0,0.0,0.0,0.0,0.0,0.0,0.0,0.0
2026_1_CashJones_RB,2026_CashJones_RB,CashJones_RB,2026,1,2026-09-13,Cash Jones,RB,ATL,@PIT,9,0.0,0.0,0.0,0.0,0.0,0.0,0.0,0.0,0.0,0.0,0.0,0.0,0.0,0.0,0.0,0,188,0,0.0,0.0,0.0,0.0,0.0,0.0,0.0,0.0,0.0,0.0,0.0,0.0
2026_1_OrondeGadsden_TE,2026_OrondeGadsden_TE,OrondeGadsden_TE,2026,1,2026-09-13,Oronde Gadsden,TE,LAC,ARI,31,0.0,0.0,0.0,0.0,0.0,0.0,0.0,0.0,0.0,0.0,0.0,0.0,0.0,0.0,0.0,0,165,0,0.0,0.0,0.0,0.0,0.0,0.0,0.0,0.0,0.0,0.0,0.0,0.0
2026_1_RayDavis_RB,2026_RayDavis_RB,RayDavis_RB,2026,1,2026-09-13,Ray Davis,RB,BUF,@HOU,5,0.0,0.0,0.0,0.0,0.0,0.0,0.0,0.0,0.0,0.0,0.0,0.0,0.0,0.0,0.0,0,189,0,0.0,0.0,0.0,0.0,0.0,0.0,0.0,0.0,0.0,0.0,0.0,0.0
2026_1_MarkRedman_TE,2026_MarkRedman_TE,MarkRedman_TE,2026,1,2026-09-13,Mark Redman,TE,LAR,SF,22,0.0,0.0,0.0,0.0,0.0,0.0,0.0,0.0,0.0,0.0,0.0,0.0,0.0,0.0,0.0,0,166,0,0.0,0.0,0.0,0.0,0.0,0.0,0.0,0.0,0.0,0.0,0.0,0.0
2026_1_TravisToivonen_WR,2026_TravisToivonen_WR,TravisToivonen_WR,2026,1,2026-09-13,Travis Toivonen,WR,MIN,GB,21,0.0,0.0,0.0,0.0,0.0,0.0,0.0,0.0,0.0,0.0,0.0,0.0,0.0,0.0,0.0,0,367,0,0.0,0.0,0.0,0.0,0.0,0.0,0.0,0.0,0.0,0.0,0.0,0.0
2026_1_XavierTurner_RB,2026_XavierTurner_RB,XavierTurner_RB,2026,1,2026-09-13,Xavier Turner,RB,SEA,NE,2,0.0,0.0,0.0,0.0,0.0,0.0,0.0,0.0,0.0,0.0,0.0,0.0,0.0,0.0,0.0,0,190,0,0.0,0.0,0.0,0.0,0.0,0.0,0.0,0.0,0.0,0.0,0.0,0.0
2026_1_DavidMontgomery_RB,2026_DavidMontgomery_RB,DavidMontgomery_RB,2026,1,2026-09-13,David Montgomery,RB,HOU,BUF,25,0.0,0.0,0.0,0.0,0.0,0.0,0.0,0.0,0.0,0.0,0.0,0.0,0.0,0.0,0.0,0,191,0,0.0,0.0,0.0,0.0,0.0,0.0,0.0,0.0,0.0,0.0,0.0,0.0
2026_1_DeshaunFenwick_RB,2026_DeshaunFenwick_RB,DeshaunFenwick_RB,2026,1,2026-09-13,Deshaun Fenwick,RB,GB,@MIN,15,0.0,0.0,0.0,0.0,0.0,0.0,0.0,0.0,0.0,0.0,0.0,0.0,0.0,0.0,0.0,0,192,0,0.0,0.0,0.0,0.0,0.0,0.0,0.0,0.0,0.0,0.0,0.0,0.0
2026_1_AlizeMack_TE,2026_AlizeMack_TE,AlizeMack_TE,2026,1,2026-09-13,Alize Mack,TE,TEN,NYJ,28,0.0,0.0,0.0,0.0,0.0,0.0,0.0,0.0,0.0,0.0,0.0,0.0,0.0,0.0,0.0,0,167,0,0.0,0.0,0.0,0.0,0.0,0.0,0.0,0.0,0.0,0.0,0.0,0.0
2026_1_DaltonSchoen_WR,2026_DaltonSchoen_WR,DaltonSchoen_WR,2026,1,2026-09-13,Dalton Schoen,WR,KC,DEN,2,0.0,0.0,0.0,0.0,0.0,0.0,0.0,0.0,0.0,0.0,0.0,0.0,0.0,0.0,0.0,0,368,0,0.0,0.0,0.0,0.0,0.0,0.0,0.0,0.0,0.0,0.0,0.0,0.0
2026_1_GabrielBenyard_WR,2026_GabrielBenyard_WR,GabrielBenyard_WR,2026,1,2026-09-13,Gabriel Benyard,WR,CAR,CHI,31,0.0,0.0,0.0,0.0,0.0,0.0,0.0,0.0,0.0,0.0,0.0,0.0,0.0,0.0,0.0,0,369,0,0.0,0.0,0.0,0.0,0.0,0.0,0.0,0.0,0.0,0.0,0.0,0.0
2026_1_MarkGronowski_QB,2026_MarkGronowski_QB,MarkGronowski_QB,2026,1,2026-09-13,Mark Gronowski,QB,MIA,@LV,14,0.0,0.0,0.0,0.0,0.0,0.0,0.0,0.0,0.0,0.0,0.0,0.0,0.0,0.0,0.0,0,89,0,0.0,0.0,0.0,0.0,0.0,0.0,0.0,0.0,0.0,0.0,0.0,0.0
2026_1_MitchVanVooren_TE,2026_MitchVanVooren_TE,MitchVanVooren_TE,2026,1,2026-09-13,Mitch Van Vooren,TE,NE,@SEA,20,0.0,0.0,0.0,0.0,0.0,0.0,0.0,0.0,0.0,0.0,0.0,0.0,0.0,0.0,0.0,0,168,0,0.0,0.0,0.0,0.0,0.0,0.0,0.0,0.0,0.0,0.0,0.0,0.0
2026_1_LukeMcCaffrey_WR,2026_LukeMcCaffrey_WR,LukeMcCaffrey_WR,2026,1,2026-09-13,Luke McCaffrey,WR,WAS,@PHI,8,0.0,0.0,0.0,0.0,0.0,0.0,0.0,0.0,0.0,0.0,0.0,0.0,0.0,0.0,0.0,0,370,0,0.0,0.0,0.0,0.0,0.0,0.0,0.0,0.0,0.0,0.0,0.0,0.0
2026_1_DamonBankston_RB,2026_DamonBankston_RB,DamonBankston_RB,2026,1,2026-09-13,Damon Bankston,RB,NYG,DAL,27,0.0,0.0,0.0,0.0,0.0,0.0,0.0,0.0,0.0,0.0,0.0,0.0,0.0,0.0,0.0,0,193,0,0.0,0.0,0.0,0.0,0.0,0.0,0.0,0.0,0.0,0.0,0.0,0.0
2026_1_KoleWilson_WR,2026_KoleWilson_WR,KoleWilson_WR,2026,1,2026-09-13,Kole Wilson,WR,CLE,@JAC,15,0.0,0.0,0.0,0.0,0.0,0.0,0.0,0.0,0.0,0.0,0.0,0.0,0.0,0.0,0.0,0,371,0,0.0,0.0,0.0,0.0,0.0,0.0,0.0,0.0,0.0,0.0,0.0,0.0
2026_1_DameonPierce_RB,2026_DameonPierce_RB,DameonPierce_RB,2026,1,2026-09-13,Dameon Pierce,RB,PHI,WAS,29,0.0,0.0,0.0,0.0,0.0,0.0,0.0,0.0,0.0,0.0,0.0,0.0,0.0,0.0,0.0,0,194,0,0.0,0.0,0.0,0.0,0.0,0.0,0.0,0.0,0.0,0.0,0.0,0.0
2026_1_KalifJackson_TE,2026_KalifJackson_TE,KalifJackson_TE,2026,1,2026-09-13,Kalif Jackson,TE,MIA,@LV,3,0.0,0.0,0.0,0.0,0.0,0.0,0.0,0.0,0.0,0.0,0.0,0.0,0.0,0.0,0.0,0,169,0,0.0,0.0,0.0,0.0,0.0,0.0,0.0,0.0,0.0,0.0,0.0,0.0
2026_1_JordanTa'amu-Perifanos_QB,2026_JordanTa'amu-Perifanos_QB,JordanTa'amu-Perifanos_QB,2026,1,2026-09-13,Jordan Ta'amu-Perifanos,QB,MIN,GB,10,0.0,0.0,0.0,0.0,0.0,0.0,0.0,0.0,0.0,0.0,0.0,0.0,0.0,0.0,0.0,0,90,0,0.0,0.0,0.0,0.0,0.0,0.0,0.0,0.0,0.0,0.0,0.0,0.0
2026_1_MalachiCorley_WR,2026_MalachiCorley_WR,MalachiCorley_WR,2026,1,2026-09-13,Malachi Corley,WR,CLE,@JAC,15,0.0,0.0,0.0,0.0,0.0,0.0,0.0,0.0,0.0,0.0,0.0,0.0,0.0,0.0,0.0,0,372,0,0.0,0.0,0.0,0.0,0.0,0.0,0.0,0.0,0.0,0.0,0.0,0.0
2026_1_MaxDuggan_QB,2026_MaxDuggan_QB,MaxDuggan_QB,2026,1,2026-09-13,Max Duggan,QB,LAC,ARI,17,0.0,0.0,0.0,0.0,0.0,0.0,0.0,0.0,0.0,0.0,0.0,0.0,0.0,0.0,0.0,0,91,0,0.0,0.0,0.0,0.0,0.0,0.0,0.0,0.0,0.0,0.0,0.0,0.0
2026_1_RileySharp_TE,2026_RileySharp_TE,RileySharp_TE,2026,1,2026-09-13,Riley Sharp,TE,BAL,@IND,25,0.0,0.0,0.0,0.0,0.0,0.0,0.0,0.0,0.0,0.0,0.0,0.0,0.0,0.0,0.0,0,170,0,0.0,0.0,0.0,0.0,0.0,0.0,0.0,0.0,0.0,0.0,0.0,0.0
2026_1_XavierWeaver_WR,2026_XavierWeaver_WR,XavierWeaver_WR,2026,1,2026-09-13,Xavier Weaver,WR,ARI,@LAC,3,0.0,0.0,0.0,0.0,0.0,0.0,0.0,0.0,0.0,0.0,0.0,0.0,0.0,0.0,0.0,0,373,0,0.0,0.0,0.0,0.0,0.0,0.0,0.0,0.0,0.0,0.0,0.0,0.0
2026_1_WillGrier_QB,2026_WillGrier_QB,WillGrier_QB,2026,1,2026-09-13,Will Grier,QB,CAR,CHI,26,0.0,0.0,0.0,0.0,0.0,0.0,0.0,0.0,0.0,0.0,0.0,0.0,0.0,0.0,0.0,0,92,0,0.0,0.0,0.0,0.0,0.0,0.0,0.0,0.0,0.0,0.0,0.0,0.0
2026_1_JasonBean_QB,2026_JasonBean_QB,JasonBean_QB,2026,1,2026-09-13,Jason Bean,QB,IND,BAL,21,0.0,0.0,0.0,0.0,0.0,0.0,0.0,0.0,0.0,0.0,0.0,0.0,0.0,0.0,0.0,0,93,0,0.0,0.0,0.0,0.0,0.0,0.0,0.0,0.0,0.0,0.0,0.0,0.0
2026_1_KeAndreLambert-Smith_WR,2026_KeAndreLambert-Smith_WR,KeAndreLambert-Smith_WR,2026,1,2026-09-13,KeAndre Lambert-Smith,WR,LAC,ARI,17,0.0,0.0,0.0,0.0,0.0,0.0,0.0,0.0,0.0,0.0,0.0,0.0,0.0,0.0,0.0,0,374,0,0.0,0.0,0.0,0.0,0.0,0.0,0.0,0.0,0.0,0.0,0.0,0.0
2026_1_JordanMatthews_WR,2026_JordanMatthews_WR,JordanMatthews_WR,2026,1,2026-09-13,Jordan Matthews,WR,CAR,CHI,31,0.0,0.0,0.0,0.0,0.0,0.0,0.0,0.0,0.0,0.0,0.0,0.0,0.0,0.0,0.0,0,375,0,0.0,0.0,0.0,0.0,0.0,0.0,0.0,0.0,0.0,0.0,0.0,0.0
2026_1_JakeDolegala_QB,2026_JakeDolegala_QB,JakeDolegala_QB,2026,1,2026-09-13,Jake Dolegala,QB,MIA,@LV,14,0.0,0.0,0.0,0.0,0.0,0.0,0.0,0.0,0.0,0.0,0.0,0.0,0.0,0.0,0.0,0,94,0,0.0,0.0,0.0,0.0,0.0,0.0,0.0,0.0,0.0,0.0,0.0,0.0
2026_1_CoreyKiner_RB,2026_CoreyKiner_RB,CoreyKiner_RB,2026,1,2026-09-13,Corey Kiner,RB,ARI,@LAC,8,0.0,0.0,0.0,0.0,0.0,0.0,0.0,0.0,0.0,0.0,0.0,0.0,0.0,0.0,0.0,0,195,0,0.0,0.0,0.0,0.0,0.0,0.0,0.0,0.0,0.0,0.0,0.0,0.0
2026_1_TheoJohnson_TE,2026_TheoJohnson_TE,TheoJohnson_TE,2026,1,2026-09-13,Theo Johnson,TE,NYG,DAL,13,0.0,0.0,0.0,0.0,0.0,0.0,0.0,0.0,0.0,0.0,0.0,0.0,0.0,0.0,0.0,0,171,0,0.0,0.0,0.0,0.0,0.0,0.0,0.0,0.0,0.0,0.0,0.0,0.0
2026_1_ChaseEdmonds_RB,2026_ChaseEdmonds_RB,ChaseEdmonds_RB,2026,1,2026-09-13,Chase Edmonds,RB,WAS,@PHI,26,0.0,0.0,0.0,0.0,0.0,0.0,0.0,0.0,0.0,0.0,0.0,0.0,0.0,0.0,0.0,0,196,0,0.0,0.0,0.0,0.0,0.0,0.0,0.0,0.0,0.0,0.0,0.0,0.0
2026_1_PeteGuerriero_RB,2026_PeteGuerriero_RB,PeteGuerriero_RB,2026,1,2026-09-13,Pete Guerriero,RB,PIT,ATL,16,0.0,0.0,0.0,0.0,0.0,0.0,0.0,0.0,0.0,0.0,0.0,0.0,0.0,0.0,0.0,0,197,0,0.0,0.0,0.0,0.0,0.0,0.0,0.0,0.0,0.0,0.0,0.0,0.0
2026_1_RyanAplin_QB,2026_RyanAplin_QB,RyanAplin_QB,2026,1,2026-09-13,Ryan Aplin,QB,FA,BYE,33,0.0,0.0,0.0,0.0,0.0,0.0,0.0,0.0,0.0,0.0,0.0,0.0,0.0,0.0,0.0,0,95,0,0.0,0.0,0.0,0.0,0.0,0.0,0.0,0.0,0.0,0.0,0.0,0.0
2026_1_DariusClark_RB,2026_DariusClark_RB,DariusClark_RB,2026,1,2026-09-13,Darius Clark,RB,CAR,CHI,19,0.0,0.0,0.0,0.0,0.0,0.0,0.0,0.0,0.0,0.0,0.0,0.0,0.0,0.0,0.0,0,198,0,0.0,0.0,0.0,0.0,0.0,0.0,0.0,0.0,0.0,0.0,0.0,0.0
2026_1_ChamonMetayer_TE,2026_ChamonMetayer_TE,ChamonMetayer_TE,2026,1,2026-09-13,Chamon Metayer,TE,CAR,CHI,11,0.0,0.0,0.0,0.0,0.0,0.0,0.0,0.0,0.0,0.0,0.0,0.0,0.0,0.0,0.0,0,172,0,0.0,0.0,0.0,0.0,0.0,0.0,0.0,0.0,0.0,0.0,0.0,0.0
2026_1_ChrisMoore_WR,2026_ChrisMoore_WR,ChrisMoore_WR,2026,1,2026-09-13,Chris Moore,WR,BAL,@IND,27,0.0,0.0,0.0,0.0,0.0,0.0,0.0,0.0,0.0,0.0,0.0,0.0,0.0,0.0,0.0,0,376,0,0.0,0.0,0.0,0.0,0.0,0.0,0.0,0.0,0.0,0.0,0.0,0.0
2026_1_HaydenLarge_TE,2026_HaydenLarge_TE,HaydenLarge_TE,2026,1,2026-09-13,Hayden Large,TE,CHI,@CAR,24,0.0,0.0,0.0,0.0,0.0,0.0,0.0,0.0,0.0,0.0,0.0,0.0,0.0,0.0,0.0,0,173,0,0.0,0.0,0.0,0.0,0.0,0.0,0.0,0.0,0.0,0.0,0.0,0.0
2026_1_ShedeurSanders_QB,2026_ShedeurSanders_QB,ShedeurSanders_QB,2026,1,2026-09-13,Shedeur Sanders,QB,CLE,@JAC,19,0.0,0.0,0.0,0.0,0.0,0.0,0.0,0.0,0.0,0.0,0.0,0.0,0.0,0.0,0.0,0,96,0,0.0,0.0,0.0,0.0,0.0,0.0,0.0,0.0,0.0,0.0,0.0,0.0
2026_1_BillyBrown_TE,2026_BillyBrown_TE,BillyBrown_TE,2026,1,2026-09-13,Billy Brown,TE,IND,BAL,8,0.0,0.0,0.0,0.0,0.0,0.0,0.0,0.0,0.0,0.0,0.0,0.0,0.0,0.0,0.0,0,174,0,0.0,0.0,0.0,0.0,0.0,0.0,0.0,0.0,0.0,0.0,0.0,0.0
2026_1_DanielSobkowicz_WR,2026_DanielSobkowicz_WR,DanielSobkowicz_WR,2026,1,2026-09-13,Daniel Sobkowicz,WR,HOU,BUF,13,0.0,0.0,0.0,0.0,0.0,0.0,0.0,0.0,0.0,0.0,0.0,0.0,0.0,0.0,0.0,0,377,0,0.0,0.0,0.0,0.0,0.0,0.0,0.0,0.0,0.0,0.0,0.0,0.0
2026_1_RickyWhite_WR,2026_RickyWhite_WR,RickyWhite_WR,2026,1,2026-09-13,Ricky White,WR,SEA,NE,11,0.0,0.0,0.0,0.0,0.0,0.0,0.0,0.0,0.0,0.0,0.0,0.0,0.0,0.0,0.0,0,378,0,0.0,0.0,0.0,0.0,0.0,0.0,0.0,0.0,0.0,0.0,0.0,0.0
2026_1_CameronDorner_WR,2026_CameronDorner_WR,CameronDorner_WR,2026,1,2026-09-13,Cameron Dorner,WR,NE,@SEA,4,0.0,0.0,0.0,0.0,0.0,0.0,0.0,0.0,0.0,0.0,0.0,0.0,0.0,0.0,0.0,0,379,0,0.0,0.0,0.0,0.0,0.0,0.0,0.0,0.0,0.0,0.0,0.0,0.0
2026_1_ErikKrommenhoek_TE,2026_ErikKrommenhoek_TE,ErikKrommenhoek_TE,2026,1,2026-09-13,Erik Krommenhoek,TE,LAC,ARI,31,0.0,0.0,0.0,0.0,0.0,0.0,0.0,0.0,0.0,0.0,0.0,0.0,0.0,0.0,0.0,0,175,0,0.0,0.0,0.0,0.0,0.0,0.0,0.0,0.0,0.0,0.0,0.0,0.0
2026_1_TyPezza_TE,2026_TyPezza_TE,TyPezza_TE,2026,1,2026-09-13,Ty Pezza,TE,BAL,@IND,25,0.0,0.0,0.0,0.0,0.0,0.0,0.0,0.0,0.0,0.0,0.0,0.0,0.0,0.0,0.0,0,176,0,0.0,0.0,0.0,0.0,0.0,0.0,0.0,0.0,0.0,0.0,0.0,0.0
2026_1_TyrodTaylor_QB,2026_TyrodTaylor_QB,TyrodTaylor_QB,2026,1,2026-09-13,Tyrod Taylor,QB,GB,@MIN,1,0.0,0.0,0.0,0.0,0.0,0.0,0.0,0.0,0.0,0.0,0.0,0.0,0.0,0.0,0.0,0,97,0,0.0,0.0,0.0,0.0,0.0,0.0,0.0,0.0,0.0,0.0,0.0,0.0
2026_1_ChrisColeman_WR,2026_ChrisColeman_WR,ChrisColeman_WR,2026,1,2026-09-13,Chris Coleman,WR,MIA,@LV,20,0.0,0.0,0.0,0.0,0.0,0.0,0.0,0.0,0.0,0.0,0.0,0.0,0.0,0.0,0.0,0,380,0,0.0,0.0,0.0,0.0,0.0,0.0,0.0,0.0,0.0,0.0,0.0,0.0
2026_1_KericWheatfall_WR,2026_KericWheatfall_WR,KericWheatfall_WR,2026,1,2026-09-13,Keric Wheatfall,WR,PHI,WAS,28,0.0,0.0,0.0,0.0,0.0,0.0,0.0,0.0,0.0,0.0,0.0,0.0,0.0,0.0,0.0,0,381,0,0.0,0.0,0.0,0.0,0.0,0.0,0.0,0.0,0.0,0.0,0.0,0.0
2026_1_TylerGoodson_RB,2026_TylerGoodson_RB,TylerGoodson_RB,2026,1,2026-09-13,Tyler Goodson,RB,ATL,@PIT,9,0.0,0.0,0.0,0.0,0.0,0.0,0.0,0.0,0.0,0.0,0.0,0.0,0.0,0.0,0.0,0,199,0,0.0,0.0,0.0,0.0,0.0,0.0,0.0,0.0,0.0,0.0,0.0,0.0
2026_1_TylerScott_WR,2026_TylerScott_WR,TylerScott_WR,2026,1,2026-09-13,Tyler Scott,WR,LAR,SF,16,0.0,0.0,0.0,0.0,0.0,0.0,0.0,0.0,0.0,0.0,0.0,0.0,0.0,0.0,0.0,0,382,0,0.0,0.0,0.0,0.0,0.0,0.0,0.0,0.0,0.0,0.0,0.0,0.0
2026_1_TreNixon_WR,2026_TreNixon_WR,TreNixon_WR,2026,1,2026-09-13,Tre Nixon,WR,NE,@SEA,4,0.0,0.0,0.0,0.0,0.0,0.0,0.0,0.0,0.0,0.0,0.0,0.0,0.0,0.0,0.0,0,383,0,0.0,0.0,0.0,0.0,0.0,0.0,0.0,0.0,0.0,0.0,0.0,0.0
2026_1_GriffinNeal_QB,2026_GriffinNeal_QB,GriffinNeal_QB,2026,1,2026-09-13,Griffin Neal,QB,NO,@DET,22,0.0,0.0,0.0,0.0,0.0,0.0,0.0,0.0,0.0,0.0,0.0,0.0,0.0,0.0,0.0,0,98,0,0.0,0.0,0.0,0.0,0.0,0.0,0.0,0.0,0.0,0.0,0.0,0.0
2026_1_ChristianMcCaffrey_RB,2026_ChristianMcCaffrey_RB,ChristianMcCaffrey_RB,2026,1,2026-09-13,Christian McCaffrey,RB,SF,@LAR,10,0.0,0.0,0.0,0.0,0.0,0.0,0.0,0.0,0.0,0.0,0.0,0.0,0.0,0.0,0.0,0,200,0,0.0,0.0,0.0,0.0,0.0,0.0,0.0,0.0,0.0,0.0,0.0,0.0
2026_1_RonnieBrown_RB,2026_RonnieBrown_RB,RonnieBrown_RB,2026,1,2026-09-13,Ronnie Brown,RB,TB,@CIN,31,0.0,0.0,0.0,0.0,0.0,0.0,0.0,0.0,0.0,0.0,0.0,0.0,0.0,0.0,0.0,0,201,0,0.0,0.0,0.0,0.0,0.0,0.0,0.0,0.0,0.0,0.0,0.0,0.0
2026_1_DonavenMcCulley_WR,2026_DonavenMcCulley_WR,DonavenMcCulley_WR,2026,1,2026-09-13,Donaven McCulley,WR,MIA,@LV,20,0.0,0.0,0.0,0.0,0.0,0.0,0.0,0.0,0.0,0.0,0.0,0.0,0.0,0.0,0.0,0,384,0,0.0,0.0,0.0,0.0,0.0,0.0,0.0,0.0,0.0,0.0,0.0,0.0
2026_1_KevinKassis_WR,2026_KevinKassis_WR,KevinKassis_WR,2026,1,2026-09-13,Kevin Kassis,WR,SEA,NE,11,0.0,0.0,0.0,0.0,0.0,0.0,0.0,0.0,0.0,0.0,0.0,0.0,0.0,0.0,0.0,0,385,0,0.0,0.0,0.0,0.0,0.0,0.0,0.0,0.0,0.0,0.0,0.0,0.0
2026_1_CJConrad_TE,2026_CJConrad_TE,CJConrad_TE,2026,1,2026-09-13,CJ Conrad,TE,NYG,DAL,13,0.0,0.0,0.0,0.0,0.0,0.0,0.0,0.0,0.0,0.0,0.0,0.0,0.0,0.0,0.0,0,177,0,0.0,0.0,0.0,0.0,0.0,0.0,0.0,0.0,0.0,0.0,0.0,0.0
2026_1_TimPatrick_WR,2026_TimPatrick_WR,TimPatrick_WR,2026,1,2026-09-13,Tim Patrick,WR,NYJ,@TEN,29,0.0,0.0,0.0,0.0,0.0,0.0,0.0,0.0,0.0,0.0,0.0,0.0,0.0,0.0,0.0,0,386,0,0.0,0.0,0.0,0.0,0.0,0.0,0.0,0.0,0.0,0.0,0.0,0.0
2026_1_TreStewart_RB,2026_TreStewart_RB,TreStewart_RB,2026,1,2026-09-13,Tre Stewart,RB,ARI,@LAC,8,0.0,0.0,0.0,0.0,0.0,0.0,0.0,0.0,0.0,0.0,0.0,0.0,0.0,0.0,0.0,0,202,0,0.0,0.0,0.0,0.0,0.0,0.0,0.0,0.0,0.0,0.0,0.0,0.0
2026_1_NickEasley_WR,2026_NickEasley_WR,NickEasley_WR,2026,1,2026-09-13,Nick Easley,WR,BUF,@HOU,7,0.0,0.0,0.0,0.0,0.0,0.0,0.0,0.0,0.0,0.0,0.0,0.0,0.0,0.0,0.0,0,387,0,0.0,0.0,0.0,0.0,0.0,0.0,0.0,0.0,0.0,0.0,0.0,0.0
2026_1_JacobBreeland_TE,2026_JacobBreeland_TE,JacobBreeland_TE,2026,1,2026-09-13,Jacob Breeland,TE,BAL,@IND,25,0.0,0.0,0.0,0.0,0.0,0.0,0.0,0.0,0.0,0.0,0.0,0.0,0.0,0.0,0.0,0,178,0,0.0,0.0,0.0,0.0,0.0,0.0,0.0,0.0,0.0,0.0,0.0,0.0
2026_1_KehindeOginni_TE,2026_KehindeOginni_TE,KehindeOginni_TE,2026,1,2026-09-13,Kehinde Oginni,TE,ATL,@PIT,26,0.0,0.0,0.0,0.0,0.0,0.0,0.0,0.0,0.0,0.0,0.0,0.0,0.0,0.0,0.0,0,179,0,0.0,0.0,0.0,0.0,0.0,0.0,0.0,0.0,0.0,0.0,0.0,0.0
2026_1_BehrenMorton_QB,2026_BehrenMorton_QB,BehrenMorton_QB,2026,1,2026-09-13,Behren Morton,QB,NE,@SEA,8,0.0,0.0,0.0,0.0,0.0,0.0,0.0,0.0,0.0,0.0,0.0,0.0,0.0,0.0,0.0,0,99,0,0.0,0.0,0.0,0.0,0.0,0.0,0.0,0.0,0.0,0.0,0.0,0.0
2026_1_ChaseHarrell_TE,2026_ChaseHarrell_TE,ChaseHarrell_TE,2026,1,2026-09-13,Chase Harrell,TE,SF,@LAR,14,0.0,0.0,0.0,0.0,0.0,0.0,0.0,0.0,0.0,0.0,0.0,0.0,0.0,0.0,0.0,0,180,0,0.0,0.0,0.0,0.0,0.0,0.0,0.0,0.0,0.0,0.0,0.0,0.0
2026_1_CJBeathard_QB,2026_CJBeathard_QB,CJBeathard_QB,2026,1,2026-09-13,CJ Beathard,QB,DET,NO,6,0.0,0.0,0.0,0.0,0.0,0.0,0.0,0.0,0.0,0.0,0.0,0.0,0.0,0.0,0.0,0,100,0,0.0,0.0,0.0,0.0,0.0,0.0,0.0,0.0,0.0,0.0,0.0,0.0
2026_1_DylanLaube_RB,2026_DylanLaube_RB,DylanLaube_RB,2026,1,2026-09-13,Dylan Laube,RB,LV,MIA,24,0.0,0.0,0.0,0.0,0.0,0.0,0.0,0.0,0.0,0.0,0.0,0.0,0.0,0.0,0.0,0,203,0,0.0,0.0,0.0,0.0,0.0,0.0,0.0,0.0,0.0,0.0,0.0,0.0
2026_1_DetrichClark_WR,2026_DetrichClark_WR,DetrichClark_WR,2026,1,2026-09-13,Detrich Clark,WR,ATL,@PIT,26,0.0,0.0,0.0,0.0,0.0,0.0,0.0,0.0,0.0,0.0,0.0,0.0,0.0,0.0,0.0,0,388,0,0.0,0.0,0.0,0.0,0.0,0.0,0.0,0.0,0.0,0.0,0.0,0.0
2026_1_TannerMordecai_QB,2026_TannerMordecai_QB,TannerMordecai_QB,2026,1,2026-09-13,Tanner Mordecai,QB,SF,@LAR,15,0.0,0.0,0.0,0.0,0.0,0.0,0.0,0.0,0.0,0.0,0.0,0.0,0.0,0.0,0.0,0,101,0,0.0,0.0,0.0,0.0,0.0,0.0,0.0,0.0,0.0,0.0,0.0,0.0
2026_1_BlakeProehl_WR,2026_BlakeProehl_WR,BlakeProehl_WR,2026,1,2026-09-13,Blake Proehl,WR,MIN,GB,21,0.0,0.0,0.0,0.0,0.0,0.0,0.0,0.0,0.0,0.0,0.0,0.0,0.0,0.0,0.0,0,389,0,0.0,0.0,0.0,0.0,0.0,0.0,0.0,0.0,0.0,0.0,0.0,0.0
2026_1_ZachDavidson_TE,2026_ZachDavidson_TE,ZachDavidson_TE,2026,1,2026-09-13,Zach Davidson,TE,NYG,DAL,13,0.0,0.0,0.0,0.0,0.0,0.0,0.0,0.0,0.0,0.0,0.0,0.0,0.0,0.0,0.0,0,181,0,0.0,0.0,0.0,0.0,0.0,0.0,0.0,0.0,0.0,0.0,0.0,0.0
2026_1_TrevorSiemian_QB,2026_TrevorSiemian_QB,TrevorSiemian_QB,2026,1,2026-09-13,Trevor Siemian,QB,ATL,@PIT,24,0.0,0.0,0.0,0.0,0.0,0.0,0.0,0.0,0.0,0.0,0.0,0.0,0.0,0.0,0.0,0,102,0,0.0,0.0,0.0,0.0,0.0,0.0,0.0,0.0,0.0,0.0,0.0,0.0
2026_1_JakeBurt_TE,2026_JakeBurt_TE,JakeBurt_TE,2026,1,2026-09-13,Jake Burt,TE,NE,@SEA,20,0.0,0.0,0.0,0.0,0.0,0.0,0.0,0.0,0.0,0.0,0.0,0.0,0.0,0.0,0.0,0,182,0,0.0,0.0,0.0,0.0,0.0,0.0,0.0,0.0,0.0,0.0,0.0,0.0
2026_1_ColstonLoveland_TE,2026_ColstonLoveland_TE,ColstonLoveland_TE,2026,1,2026-09-13,Colston Loveland,TE,CHI,@CAR,24,0.0,0.0,0.0,0.0,0.0,0.0,0.0,0.0,0.0,0.0,0.0,0.0,0.0,0.0,0.0,0,183,0,0.0,0.0,0.0,0.0,0.0,0.0,0.0,0.0,0.0,0.0,0.0,0.0
2026_1_BenPatterson_WR,2026_BenPatterson_WR,BenPatterson_WR,2026,1,2026-09-13,Ben Patterson,WR,JAC,CLE,5,0.0,0.0,0.0,0.0,0.0,0.0,0.0,0.0,0.0,0.0,0.0,0.0,0.0,0.0,0.0,0,390,0,0.0,0.0,0.0,0.0,0.0,0.0,0.0,0.0,0.0,0.0,0.0,0.0
2026_1_JamesButler_RB,2026_JamesButler_RB,JamesButler_RB,2026,1,2026-09-13,James Butler,RB,LV,MIA,24,0.0,0.0,0.0,0.0,0.0,0.0,0.0,0.0,0.0,0.0,0.0,0.0,0.0,0.0,0.0,0,204,0,0.0,0.0,0.0,0.0,0.0,0.0,0.0,0.0,0.0,0.0,0.0,0.0
2026_1_DaltonKeene_TE,2026_DaltonKeene_TE,DaltonKeene_TE,2026,1,2026-09-13,Dalton Keene,TE,HOU,BUF,2,0.0,0.0,0.0,0.0,0.0,0.0,0.0,0.0,0.0,0.0,0.0,0.0,0.0,0.0,0.0,0,184,0,0.0,0.0,0.0,0.0,0.0,0.0,0.0,0.0,0.0,0.0,0.0,0.0
2026_1_MalikBenson_WR,2026_MalikBenson_WR,MalikBenson_WR,2026,1,2026-09-13,Malik Benson,WR,LV,MIA,14,0.0,0.0,0.0,0.0,0.0,0.0,0.0,0.0,0.0,0.0,0.0,0.0,0.0,0.0,0.0,0,391,0,0.0,0.0,0.0,0.0,0.0,0.0,0.0,0.0,0.0,0.0,0.0,0.0
2026_1_JuwanGreen_WR,2026_JuwanGreen_WR,JuwanGreen_WR,2026,1,2026-09-13,Juwan Green,WR,KC,DEN,2,0.0,0.0,0.0,0.0,0.0,0.0,0.0,0.0,0.0,0.0,0.0,0.0,0.0,0.0,0.0,0,392,0,0.0,0.0,0.0,0.0,0.0,0.0,0.0,0.0,0.0,0.0,0.0,0.0
2026_1_TylerSnead_WR,2026_TylerSnead_WR,TylerSnead_WR,2026,1,2026-09-13,Tyler Snead,WR,PIT,ATL,22,0.0,0.0,0.0,0.0,0.0,0.0,0.0,0.0,0.0,0.0,0.0,0.0,0.0,0.0,0.0,0,393,0,0.0,0.0,0.0,0.0,0.0,0.0,0.0,0.0,0.0,0.0,0.0,0.0
2026_1_MilesBoykin_WR,2026_MilesBoykin_WR,MilesBoykin_WR,2026,1,2026-09-13,Miles Boykin,WR,CHI,@CAR,12,0.0,0.0,0.0,0.0,0.0,0.0,0.0,0.0,0.0,0.0,0.0,0.0,0.0,0.0,0.0,0,394,0,0.0,0.0,0.0,0.0,0.0,0.0,0.0,0.0,0.0,0.0,0.0,0.0
2026_1_ElijhahBadger_WR,2026_ElijhahBadger_WR,ElijhahBadger_WR,2026,1,2026-09-13,Elijhah Badger,WR,KC,DEN,2,0.0,0.0,0.0,0.0,0.0,0.0,0.0,0.0,0.0,0.0,0.0,0.0,0.0,0.0,0.0,0,395,0,0.0,0.0,0.0,0.0,0.0,0.0,0.0,0.0,0.0,0.0,0.0,0.0
2026_1_KJCostello_QB,2026_KJCostello_QB,KJCostello_QB,2026,1,2026-09-13,KJ Costello,QB,NO,@DET,22,0.0,0.0,0.0,0.0,0.0,0.0,0.0,0.0,0.0,0.0,0.0,0.0,0.0,0.0,0.0,0,103,0,0.0,0.0,0.0,0.0,0.0,0.0,0.0,0.0,0.0,0.0,0.0,0.0
2026_1_MichaelTrigg_TE,2026_MichaelTrigg_TE,MichaelTrigg_TE,2026,1,2026-09-13,Michael Trigg,TE,DAL,@NYG,10,0.0,0.0,0.0,0.0,0.0,0.0,0.0,0.0,0.0,0.0,0.0,0.0,0.0,0.0,0.0,0,185,0,0.0,0.0,0.0,0.0,0.0,0.0,0.0,0.0,0.0,0.0,0.0,0.0
2026_1_AndrewBeck_RB,2026_AndrewBeck_RB,AndrewBeck_RB,2026,1,2026-09-13,Andrew Beck,RB,NYJ,@TEN,13,0.0,0.0,0.0,0.0,0.0,0.0,0.0,0.0,0.0,0.0,0.0,0.0,0.0,0.0,0.0,0,205,0,0.0,0.0,0.0,0.0,0.0,0.0,0.0,0.0,0.0,0.0,0.0,0.0
2026_1_ArmaniRogers_TE,2026_ArmaniRogers_TE,ArmaniRogers_TE,2026,1,2026-09-13,Armani Rogers,TE,BUF,@HOU,7,0.0,0.0,0.0,0.0,0.0,0.0,0.0,0.0,0.0,0.0,0.0,0.0,0.0,0.0,0.0,0,186,0,0.0,0.0,0.0,0.0,0.0,0.0,0.0,0.0,0.0,0.0,0.0,0.0
2026_1_MasterTeague_RB,2026_MasterTeague_RB,MasterTeague_RB,2026,1,2026-09-13,Master Teague,RB,PIT,ATL,16,0.0,0.0,0.0,0.0,0.0,0.0,0.0,0.0,0.0,0.0,0.0,0.0,0.0,0.0,0.0,0,206,0,0.0,0.0,0.0,0.0,0.0,0.0,0.0,0.0,0.0,0.0,0.0,0.0
2026_1_MikeWeber_RB,2026_MikeWeber_RB,MikeWeber_RB,2026,1,2026-09-13,Mike Weber,RB,NYG,DAL,27,0.0,0.0,0.0,0.0,0.0,0.0,0.0,0.0,0.0,0.0,0.0,0.0,0.0,0.0,0.0,0,207,0,0.0,0.0,0.0,0.0,0.0,0.0,0.0,0.0,0.0,0.0,0.0,0.0
2026_1_BrianRobinson_RB,2026_BrianRobinson_RB,BrianRobinson_RB,2026,1,2026-09-13,Brian Robinson,RB,ATL,@PIT,9,0.0,0.0,0.0,0.0,0.0,0.0,0.0,0.0,0.0,0.0,0.0,0.0,0.0,0.0,0.0,0,208,0,0.0,0.0,0.0,0.0,0.0,0.0,0.0,0.0,0.0,0.0,0.0,0.0
2026_1_RashodBateman_WR,2026_RashodBateman_WR,RashodBateman_WR,2026,1,2026-09-13,Rashod Bateman,WR,BAL,@IND,27,0.0,0.0,0.0,0.0,0.0,0.0,0.0,0.0,0.0,0.0,0.0,0.0,0.0,0.0,0.0,0,396,0,0.0,0.0,0.0,0.0,0.0,0.0,0.0,0.0,0.0,0.0,0.0,0.0
2026_1_ChaseCurtis_TE,2026_ChaseCurtis_TE,ChaseCurtis_TE,2026,1,2026-09-13,Chase Curtis,TE,NYJ,@TEN,21,0.0,0.0,0.0,0.0,0.0,0.0,0.0,0.0,0.0,0.0,0.0,0.0,0.0,0.0,0.0,0,187,0,0.0,0.0,0.0,0.0,0.0,0.0,0.0,0.0,0.0,0.0,0.0,0.0
2026_1_JohnPaddock_QB,2026_JohnPaddock_QB,JohnPaddock_QB,2026,1,2026-09-13,John Paddock,QB,ATL,@PIT,24,0.0,0.0,0.0,0.0,0.0,0.0,0.0,0.0,0.0,0.0,0.0,0.0,0.0,0.0,0.0,0,104,0,0.0,0.0,0.0,0.0,0.0,0.0,0.0,0.0,0.0,0.0,0.0,0.0
2026_1_JacksonMeeks_WR,2026_JacksonMeeks_WR,JacksonMeeks_WR,2026,1,2026-09-13,Jackson Meeks,WR,DET,NO,10,0.0,0.0,0.0,0.0,0.0,0.0,0.0,0.0,0.0,0.0,0.0,0.0,0.0,0.0,0.0,0,397,0,0.0,0.0,0.0,0.0,0.0,0.0,0.0,0.0,0.0,0.0,0.0,0.0
2026_1_ColbySuits_QB,2026_ColbySuits_QB,ColbySuits_QB,2026,1,2026-09-13,Colby Suits,QB,NYJ,@TEN,28,0.0,0.0,0.0,0.0,0.0,0.0,0.0,0.0,0.0,0.0,0.0,0.0,0.0,0.0,0.0,0,105,0,0.0,0.0,0.0,0.0,0.0,0.0,0.0,0.0,0.0,0.0,0.0,0.0
2026_1_ReggieDavis_WR,2026_ReggieDavis_WR,ReggieDavis_WR,2026,1,2026-09-13,Reggie Davis,WR,DAL,@NYG,23,0.0,0.0,0.0,0.0,0.0,0.0,0.0,0.0,0.0,0.0,0.0,0.0,0.0,0.0,0.0,0,398,0,0.0,0.0,0.0,0.0,0.0,0.0,0.0,0.0,0.0,0.0,0.0,0.0
2026_1_BoboBeathard_WR,2026_BoboBeathard_WR,BoboBeathard_WR,2026,1,2026-09-13,Bobo Beathard,WR,ARI,@LAC,3,0.0,0.0,0.0,0.0,0.0,0.0,0.0,0.0,0.0,0.0,0.0,0.0,0.0,0.0,0.0,0,399,0,0.0,0.0,0.0,0.0,0.0,0.0,0.0,0.0,0.0,0.0,0.0,0.0
2026_1_DamienAlford_WR,2026_DamienAlford_WR,DamienAlford_WR,2026,1,2026-09-13,Damien Alford,WR,NO,@DET,30,0.0,0.0,0.0,0.0,0.0,0.0,0.0,0.0,0.0,0.0,0.0,0.0,0.0,0.0,0.0,0,400,0,0.0,0.0,0.0,0.0,0.0,0.0,0.0,0.0,0.0,0.0,0.0,0.0
2026_1_JohnnyPascuzzi_TE,2026_JohnnyPascuzzi_TE,JohnnyPascuzzi_TE,2026,1,2026-09-13,Johnny Pascuzzi,TE,LAC,ARI,31,0.0,0.0,0.0,0.0,0.0,0.0,0.0,0.0,0.0,0.0,0.0,0.0,0.0,0.0,0.0,0,188,0,0.0,0.0,0.0,0.0,0.0,0.0,0.0,0.0,0.0,0.0,0.0,0.0
2026_1_TrentPennix_RB,2026_TrentPennix_RB,TrentPennix_RB,2026,1,2026-09-13,Trent Pennix,RB,IND,BAL,17,0.0,0.0,0.0,0.0,0.0,0.0,0.0,0.0,0.0,0.0,0.0,0.0,0.0,0.0,0.0,0,209,0,0.0,0.0,0.0,0.0,0.0,0.0,0.0,0.0,0.0,0.0,0.0,0.0
2026_1_ArthurWilliams_WR,2026_ArthurWilliams_WR,ArthurWilliams_WR,2026,1,2026-09-13,Arthur Williams,WR,NYJ,@TEN,29,0.0,0.0,0.0,0.0,0.0,0.0,0.0,0.0,0.0,0.0,0.0,0.0,0.0,0.0,0.0,0,401,0,0.0,0.0,0.0,0.0,0.0,0.0,0.0,0.0,0.0,0.0,0.0,0.0
2026_1_EJHorton_WR,2026_EJHorton_WR,EJHorton_WR,2026,1,2026-09-13,EJ Horton,WR,IND,BAL,25,0.0,0.0,0.0,0.0,0.0,0.0,0.0,0.0,0.0,0.0,0.0,0.0,0.0,0.0,0.0,0,402,0,0.0,0.0,0.0,0.0,0.0,0.0,0.0,0.0,0.0,0.0,0.0,0.0
2026_1_DJHerman_RB,2026_DJHerman_RB,DJHerman_RB,2026,1,2026-09-13,DJ Herman,RB,MIA,@LV,21,0.0,0.0,0.0,0.0,0.0,0.0,0.0,0.0,0.0,0.0,0.0,0.0,0.0,0.0,0.0,0,210,0,0.0,0.0,0.0,0.0,0.0,0.0,0.0,0.0,0.0,0.0,0.0,0.0
2026_1_RussellWilson_QB,2026_RussellWilson_QB,RussellWilson_QB,2026,1,2026-09-13,Russell Wilson,QB,NYG,DAL,32,0.0,0.0,0.0,0.0,0.0,0.0,0.0,0.0,0.0,0.0,0.0,0.0,0.0,0.0,0.0,0,106,0,0.0,0.0,0.0,0.0,0.0,0.0,0.0,0.0,0.0,0.0,0.0,0.0
2026_1_KaVontaeTurpin_WR,2026_KaVontaeTurpin_WR,KaVontaeTurpin_WR,2026,1,2026-09-13,KaVontae Turpin,WR,DAL,@NYG,23,0.0,0.0,0.0,0.0,0.0,0.0,0.0,0.0,0.0,0.0,0.0,0.0,0.0,0.0,0.0,0,403,0,0.0,0.0,0.0,0.0,0.0,0.0,0.0,0.0,0.0,0.0,0.0,0.0
2026_1_NickVannett_TE,2026_NickVannett_TE,NickVannett_TE,2026,1,2026-09-13,Nick Vannett,TE,SEA,NE,17,0.0,0.0,0.0,0.0,0.0,0.0,0.0,0.0,0.0,0.0,0.0,0.0,0.0,0.0,0.0,0,189,0,0.0,0.0,0.0,0.0,0.0,0.0,0.0,0.0,0.0,0.0,0.0,0.0
2026_1_HoltonAhlers_QB,2026_HoltonAhlers_QB,HoltonAhlers_QB,2026,1,2026-09-13,Holton Ahlers,QB,SEA,NE,5,0.0,0.0,0.0,0.0,0.0,0.0,0.0,0.0,0.0,0.0,0.0,0.0,0.0,0.0,0.0,0,107,0,0.0,0.0,0.0,0.0,0.0,0.0,0.0,0.0,0.0,0.0,0.0,0.0
2026_1_AidanO'Connell_QB,2026_AidanO'Connell_QB,AidanO'Connell_QB,2026,1,2026-09-13,Aidan O'Connell,QB,LV,MIA,23,0.0,0.0,0.0,0.0,0.0,0.0,0.0,0.0,0.0,0.0,0.0,0.0,0.0,0.0,0.0,0,108,0,0.0,0.0,0.0,0.0,0.0,0.0,0.0,0.0,0.0,0.0,0.0,0.0
2026_1_GregBell_RB,2026_GregBell_RB,GregBell_RB,2026,1,2026-09-13,Greg Bell,RB,PIT,ATL,16,0.0,0.0,0.0,0.0,0.0,0.0,0.0,0.0,0.0,0.0,0.0,0.0,0.0,0.0,0.0,0,211,0,0.0,0.0,0.0,0.0,0.0,0.0,0.0,0.0,0.0,0.0,0.0,0.0
2026_1_JordanEllis_RB,2026_JordanEllis_RB,JordanEllis_RB,2026,1,2026-09-13,Jordan Ellis,RB,CIN,TB,12,0.0,0.0,0.0,0.0,0.0,0.0,0.0,0.0,0.0,0.0,0.0,0.0,0.0,0.0,0.0,0,212,0,0.0,0.0,0.0,0.0,0.0,0.0,0.0,0.0,0.0,0.0,0.0,0.0
2026_1_BlakeWhiteheart_TE,2026_BlakeWhiteheart_TE,BlakeWhiteheart_TE,2026,1,2026-09-13,Blake Whiteheart,TE,CLE,@JAC,23,0.0,0.0,0.0,0.0,0.0,0.0,0.0,0.0,0.0,0.0,0.0,0.0,0.0,0.0,0.0,0,190,0,0.0,0.0,0.0,0.0,0.0,0.0,0.0,0.0,0.0,0.0,0.0,0.0
2026_1_KenyonSadiq_TE,2026_KenyonSadiq_TE,KenyonSadiq_TE,2026,1,2026-09-13,Kenyon Sadiq,TE,NYJ,@TEN,21,0.0,0.0,0.0,0.0,0.0,0.0,0.0,0.0,0.0,0.0,0.0,0.0,0.0,0.0,0.0,0,191,0,0.0,0.0,0.0,0.0,0.0,0.0,0.0,0.0,0.0,0.0,0.0,0.0
2026_1_MasonStokke_RB,2026_MasonStokke_RB,MasonStokke_RB,2026,1,2026-09-13,Mason Stokke,RB,CAR,CHI,19,0.0,0.0,0.0,0.0,0.0,0.0,0.0,0.0,0.0,0.0,0.0,0.0,0.0,0.0,0.0,0,213,0,0.0,0.0,0.0,0.0,0.0,0.0,0.0,0.0,0.0,0.0,0.0,0.0
2026_1_ErickAll_TE,2026_ErickAll_TE,ErickAll_TE,2026,1,2026-09-13,Erick All,TE,CIN,TB,27,0.0,0.0,0.0,0.0,0.0,0.0,0.0,0.0,0.0,0.0,0.0,0.0,0.0,0.0,0.0,0,192,0,0.0,0.0,0.0,0.0,0.0,0.0,0.0,0.0,0.0,0.0,0.0,0.0
2026_1_CJVerdell_RB,2026_CJVerdell_RB,CJVerdell_RB,2026,1,2026-09-13,CJ Verdell,RB,IND,BAL,17,0.0,0.0,0.0,0.0,0.0,0.0,0.0,0.0,0.0,0.0,0.0,0.0,0.0,0.0,0.0,0,214,0,0.0,0.0,0.0,0.0,0.0,0.0,0.0,0.0,0.0,0.0,0.0,0.0
2026_1_EmanuelWilson_RB,2026_EmanuelWilson_RB,EmanuelWilson_RB,2026,1,2026-09-13,Emanuel Wilson,RB,SEA,NE,2,0.0,0.0,0.0,0.0,0.0,0.0,0.0,0.0,0.0,0.0,0.0,0.0,0.0,0.0,0.0,0,215,0,0.0,0.0,0.0,0.0,0.0,0.0,0.0,0.0,0.0,0.0,0.0,0.0
2026_1_ShawnPoindexter_WR,2026_ShawnPoindexter_WR,ShawnPoindexter_WR,2026,1,2026-09-13,Shawn Poindexter,WR,SF,@LAR,24,0.0,0.0,0.0,0.0,0.0,0.0,0.0,0.0,0.0,0.0,0.0,0.0,0.0,0.0,0.0,0,404,0,0.0,0.0,0.0,0.0,0.0,0.0,0.0,0.0,0.0,0.0,0.0,0.0
2026_1_CamrenMcDonald_TE,2026_CamrenMcDonald_TE,CamrenMcDonald_TE,2026,1,2026-09-13,Camren McDonald,TE,LAR,SF,22,0.0,0.0,0.0,0.0,0.0,0.0,0.0,0.0,0.0,0.0,0.0,0.0,0.0,0.0,0.0,0,193,0,0.0,0.0,0.0,0.0,0.0,0.0,0.0,0.0,0.0,0.0,0.0,0.0
2026_1_CodyFajardo_QB,2026_CodyFajardo_QB,CodyFajardo_QB,2026,1,2026-09-13,Cody Fajardo,QB,LV,MIA,23,0.0,0.0,0.0,0.0,0.0,0.0,0.0,0.0,0.0,0.0,0.0,0.0,0.0,0.0,0.0,0,109,0,0.0,0.0,0.0,0.0,0.0,0.0,0.0,0.0,0.0,0.0,0.0,0.0
2026_1_NathanielPeat_RB,2026_NathanielPeat_RB,NathanielPeat_RB,2026,1,2026-09-13,Nathaniel Peat,RB,DAL,@NYG,28,0.0,0.0,0.0,0.0,0.0,0.0,0.0,0.0,0.0,0.0,0.0,0.0,0.0,0.0,0.0,0,216,0,0.0,0.0,0.0,0.0,0.0,0.0,0.0,0.0,0.0,0.0,0.0,0.0
2026_1_ScottMiller_WR,2026_ScottMiller_WR,ScottMiller_WR,2026,1,2026-09-13,Scott Miller,WR,CHI,@CAR,12,0.0,0.0,0.0,0.0,0.0,0.0,0.0,0.0,0.0,0.0,0.0,0.0,0.0,0.0,0.0,0,405,0,0.0,0.0,0.0,0.0,0.0,0.0,0.0,0.0,0.0,0.0,0.0,0.0
2026_1_TrabisWard_RB,2026_TrabisWard_RB,TrabisWard_RB,2026,1,2026-09-13,Trabis Ward,RB,FA,BYE,33,0.0,0.0,0.0,0.0,0.0,0.0,0.0,0.0,0.0,0.0,0.0,0.0,0.0,0.0,0.0,0,217,0,0.0,0.0,0.0,0.0,0.0,0.0,0.0,0.0,0.0,0.0,0.0,0.0
2026_1_LucasScott_RB,2026_LucasScott_RB,LucasScott_RB,2026,1,2026-09-13,Lucas Scott,RB,BAL,@IND,11,0.0,0.0,0.0,0.0,0.0,0.0,0.0,0.0,0.0,0.0,0.0,0.0,0.0,0.0,0.0,0,218,0,0.0,0.0,0.0,0.0,0.0,0.0,0.0,0.0,0.0,0.0,0.0,0.0
2026_1_JeffWilson_RB,2026_JeffWilson_RB,JeffWilson_RB,2026,1,2026-09-13,Jeff Wilson,RB,MIA,@LV,21,0.0,0.0,0.0,0.0,0.0,0.0,0.0,0.0,0.0,0.0,0.0,0.0,0.0,0.0,0.0,0,219,0,0.0,0.0,0.0,0.0,0.0,0.0,0.0,0.0,0.0,0.0,0.0,0.0
2026_1_NoahFant_TE,2026_NoahFant_TE,NoahFant_TE,2026,1,2026-09-13,Noah Fant,TE,NO,@DET,19,0.0,0.0,0.0,0.0,0.0,0.0,0.0,0.0,0.0,0.0,0.0,0.0,0.0,0.0,0.0,0,194,0,0.0,0.0,0.0,0.0,0.0,0.0,0.0,0.0,0.0,0.0,0.0,0.0
2026_1_FrankGore_RB,2026_FrankGore_RB,FrankGore_RB,2026,1,2026-09-13,Frank Gore,RB,BUF,@HOU,5,0.0,0.0,0.0,0.0,0.0,0.0,0.0,0.0,0.0,0.0,0.0,0.0,0.0,0.0,0.0,0,220,0,0.0,0.0,0.0,0.0,0.0,0.0,0.0,0.0,0.0,0.0,0.0,0.0
2026_1_TankDell_WR,2026_TankDell_WR,TankDell_WR,2026,1,2026-09-13,Tank Dell,WR,HOU,BUF,13,0.0,0.0,0.0,0.0,0.0,0.0,0.0,0.0,0.0,0.0,0.0,0.0,0.0,0.0,0.0,0,406,0,0.0,0.0,0.0,0.0,0.0,0.0,0.0,0.0,0.0,0.0,0.0,0.0
2026_1_Ra'ShaunHenry_WR,2026_Ra'ShaunHenry_WR,Ra'ShaunHenry_WR,2026,1,2026-09-13,Ra'Shaun Henry,WR,SEA,NE,11,0.0,0.0,0.0,0.0,0.0,0.0,0.0,0.0,0.0,0.0,0.0,0.0,0.0,0.0,0.0,0,407,0,0.0,0.0,0.0,0.0,0.0,0.0,0.0,0.0,0.0,0.0,0.0,0.0
2026_1_JoeMixon_RB,2026_JoeMixon_RB,JoeMixon_RB,2026,1,2026-09-13,Joe Mixon,RB,HOU,BUF,25,0.0,0.0,0.0,0.0,0.0,0.0,0.0,0.0,0.0,0.0,0.0,0.0,0.0,0.0,0.0,0,221,0,0.0,0.0,0.0,0.0,0.0,0.0,0.0,0.0,0.0,0.0,0.0,0.0
2026_1_PatrickGurd_TE,2026_PatrickGurd_TE,PatrickGurd_TE,2026,1,2026-09-13,Patrick Gurd,TE,LV,MIA,29,0.0,0.0,0.0,0.0,0.0,0.0,0.0,0.0,0.0,0.0,0.0,0.0,0.0,0.0,0.0,0,195,0,0.0,0.0,0.0,0.0,0.0,0.0,0.0,0.0,0.0,0.0,0.0,0.0
2026_1_JoshCameron_WR,2026_JoshCameron_WR,JoshCameron_WR,2026,1,2026-09-13,Josh Cameron,WR,JAC,CLE,5,0.0,0.0,0.0,0.0,0.0,0.0,0.0,0.0,0.0,0.0,0.0,0.0,0.0,0.0,0.0,0,408,0,0.0,0.0,0.0,0.0,0.0,0.0,0.0,0.0,0.0,0.0,0.0,0.0
2026_1_DeuceVaughn_RB,2026_DeuceVaughn_RB,DeuceVaughn_RB,2026,1,2026-09-13,Deuce Vaughn,RB,DEN,@KC,6,0.0,0.0,0.0,0.0,0.0,0.0,0.0,0.0,0.0,0.0,0.0,0.0,0.0,0.0,0.0,0,222,0,0.0,0.0,0.0,0.0,0.0,0.0,0.0,0.0,0.0,0.0,0.0,0.0
2026_1_XavierHutchinson_WR,2026_XavierHutchinson_WR,XavierHutchinson_WR,2026,1,2026-09-13,Xavier Hutchinson,WR,HOU,BUF,13,0.0,0.0,0.0,0.0,0.0,0.0,0.0,0.0,0.0,0.0,0.0,0.0,0.0,0.0,0.0,0,409,0,0.0,0.0,0.0,0.0,0.0,0.0,0.0,0.0,0.0,0.0,0.0,0.0
2026_1_HaydenHatten_WR,2026_HaydenHatten_WR,HaydenHatten_WR,2026,1,2026-09-13,Hayden Hatten,WR,SEA,NE,11,0.0,0.0,0.0,0.0,0.0,0.0,0.0,0.0,0.0,0.0,0.0,0.0,0.0,0.0,0.0,0,410,0,0.0,0.0,0.0,0.0,0.0,0.0,0.0,0.0,0.0,0.0,0.0,0.0
2026_1_JalenHurts_QB,2026_JalenHurts_QB,JalenHurts_QB,2026,1,2026-09-13,Jalen Hurts,QB,PHI,WAS,30,0.0,0.0,0.0,0.0,0.0,0.0,0.0,0.0,0.0,0.0,0.0,0.0,0.0,0.0,0.0,0,110,0,0.0,0.0,0.0,0.0,0.0,0.0,0.0,0.0,0.0,0.0,0.0,0.0
2026_1_JakeRoh_TE,2026_JakeRoh_TE,JakeRoh_TE,2026,1,2026-09-13,Jake Roh,TE,ATL,@PIT,26,0.0,0.0,0.0,0.0,0.0,0.0,0.0,0.0,0.0,0.0,0.0,0.0,0.0,0.0,0.0,0,196,0,0.0,0.0,0.0,0.0,0.0,0.0,0.0,0.0,0.0,0.0,0.0,0.0
2026_1_MattCorral_QB,2026_MattCorral_QB,MattCorral_QB,2026,1,2026-09-13,Matt Corral,QB,MIN,GB,10,0.0,0.0,0.0,0.0,0.0,0.0,0.0,0.0,0.0,0.0,0.0,0.0,0.0,0.0,0.0,0,111,0,0.0,0.0,0.0,0.0,0.0,0.0,0.0,0.0,0.0,0.0,0.0,0.0
2026_1_NickWestbrook-Ikhine_WR,2026_NickWestbrook-Ikhine_WR,NickWestbrook-Ikhine_WR,2026,1,2026-09-13,Nick Westbrook-Ikhine,WR,IND,BAL,25,0.0,0.0,0.0,0.0,0.0,0.0,0.0,0.0,0.0,0.0,0.0,0.0,0.0,0.0,0.0,0,411,0,0.0,0.0,0.0,0.0,0.0,0.0,0.0,0.0,0.0,0.0,0.0,0.0
2026_1_TannerMcLachlan_TE,2026_TannerMcLachlan_TE,TannerMcLachlan_TE,2026,1,2026-09-13,Tanner McLachlan,TE,SF,@LAR,14,0.0,0.0,0.0,0.0,0.0,0.0,0.0,0.0,0.0,0.0,0.0,0.0,0.0,0.0,0.0,0,197,0,0.0,0.0,0.0,0.0,0.0,0.0,0.0,0.0,0.0,0.0,0.0,0.0
2026_1_EJWilliams_WR,2026_EJWilliams_WR,EJWilliams_WR,2026,1,2026-09-13,EJ Williams,WR,LV,MIA,14,0.0,0.0,0.0,0.0,0.0,0.0,0.0,0.0,0.0,0.0,0.0,0.0,0.0,0.0,0.0,0,412,0,0.0,0.0,0.0,0.0,0.0,0.0,0.0,0.0,0.0,0.0,0.0,0.0
2026_1_JoshHarper_WR,2026_JoshHarper_WR,JoshHarper_WR,2026,1,2026-09-13,Josh Harper,WR,LV,MIA,14,0.0,0.0,0.0,0.0,0.0,0.0,0.0,0.0,0.0,0.0,0.0,0.0,0.0,0.0,0.0,0,413,0,0.0,0.0,0.0,0.0,0.0,0.0,0.0,0.0,0.0,0.0,0.0,0.0
2026_1_MalikKnowles_WR,2026_MalikKnowles_WR,MalikKnowles_WR,2026,1,2026-09-13,Malik Knowles,WR,SF,@LAR,24,0.0,0.0,0.0,0.0,0.0,0.0,0.0,0.0,0.0,0.0,0.0,0.0,0.0,0.0,0.0,0,414,0,0.0,0.0,0.0,0.0,0.0,0.0,0.0,0.0,0.0,0.0,0.0,0.0
2026_1_KellyAkharaiyi_WR,2026_KellyAkharaiyi_WR,KellyAkharaiyi_WR,2026,1,2026-09-13,Kelly Akharaiyi,WR,ARI,@LAC,3,0.0,0.0,0.0,0.0,0.0,0.0,0.0,0.0,0.0,0.0,0.0,0.0,0.0,0.0,0.0,0,415,0,0.0,0.0,0.0,0.0,0.0,0.0,0.0,0.0,0.0,0.0,0.0,0.0
2026_1_JalenJackson_RB,2026_JalenJackson_RB,JalenJackson_RB,2026,1,2026-09-13,Jalen Jackson,RB,JAC,CLE,14,0.0,0.0,0.0,0.0,0.0,0.0,0.0,0.0,0.0,0.0,0.0,0.0,0.0,0.0,0.0,0,223,0,0.0,0.0,0.0,0.0,0.0,0.0,0.0,0.0,0.0,0.0,0.0,0.0
2026_1_MoochieDixon_WR,2026_MoochieDixon_WR,MoochieDixon_WR,2026,1,2026-09-13,Moochie Dixon,WR,NO,@DET,30,0.0,0.0,0.0,0.0,0.0,0.0,0.0,0.0,0.0,0.0,0.0,0.0,0.0,0.0,0.0,0,416,0,0.0,0.0,0.0,0.0,0.0,0.0,0.0,0.0,0.0,0.0,0.0,0.0
2026_1_BJEmmons_RB,2026_BJEmmons_RB,BJEmmons_RB,2026,1,2026-09-13,BJ Emmons,RB,HOU,BUF,25,0.0,0.0,0.0,0.0,0.0,0.0,0.0,0.0,0.0,0.0,0.0,0.0,0.0,0.0,0.0,0,224,0,0.0,0.0,0.0,0.0,0.0,0.0,0.0,0.0,0.0,0.0,0.0,0.0
2026_1_JavonMcKinley_WR,2026_JavonMcKinley_WR,JavonMcKinley_WR,2026,1,2026-09-13,Javon McKinley,WR,PIT,ATL,22,0.0,0.0,0.0,0.0,0.0,0.0,0.0,0.0,0.0,0.0,0.0,0.0,0.0,0.0,0.0,0,417,0,0.0,0.0,0.0,0.0,0.0,0.0,0.0,0.0,0.0,0.0,0.0,0.0
2026_1_GeeScott_TE,2026_GeeScott_TE,GeeScott_TE,2026,1,2026-09-13,Gee Scott,TE,NYJ,@TEN,21,0.0,0.0,0.0,0.0,0.0,0.0,0.0,0.0,0.0,0.0,0.0,0.0,0.0,0.0,0.0,0,198,0,0.0,0.0,0.0,0.0,0.0,0.0,0.0,0.0,0.0,0.0,0.0,0.0
2026_1_CooperKupp_WR,2026_CooperKupp_WR,CooperKupp_WR,2026,1,2026-09-13,Cooper Kupp,WR,SEA,NE,11,0.0,0.0,0.0,0.0,0.0,0.0,0.0,0.0,0.0,0.0,0.0,0.0,0.0,0.0,0.0,0,418,0,0.0,0.0,0.0,0.0,0.0,0.0,0.0,0.0,0.0,0.0,0.0,0.0
2026_1_GarrettNussmeier_QB,2026_GarrettNussmeier_QB,GarrettNussmeier_QB,2026,1,2026-09-13,Garrett Nussmeier,QB,KC,DEN,13,0.0,0.0,0.0,0.0,0.0,0.0,0.0,0.0,0.0,0.0,0.0,0.0,0.0,0.0,0.0,0,112,0,0.0,0.0,0.0,0.0,0.0,0.0,0.0,0.0,0.0,0.0,0.0,0.0
2026_1_TylerKahmann_WR,2026_TylerKahmann_WR,TylerKahmann_WR,2026,1,2026-09-13,Tyler Kahmann,WR,IND,BAL,25,0.0,0.0,0.0,0.0,0.0,0.0,0.0,0.0,0.0,0.0,0.0,0.0,0.0,0.0,0.0,0,419,0,0.0,0.0,0.0,0.0,0.0,0.0,0.0,0.0,0.0,0.0,0.0,0.0
2026_1_DaRonBrown_WR,2026_DaRonBrown_WR,DaRonBrown_WR,2026,1,2026-09-13,DaRon Brown,WR,FA,BYE,33,0.0,0.0,0.0,0.0,0.0,0.0,0.0,0.0,0.0,0.0,0.0,0.0,0.0,0.0,0.0,0,420,0,0.0,0.0,0.0,0.0,0.0,0.0,0.0,0.0,0.0,0.0,0.0,0.0
2026_1_GregDesrosiers_RB,2026_GregDesrosiers_RB,GregDesrosiers_RB,2026,1,2026-09-13,Greg Desrosiers,RB,LAC,ARI,30,0.0,0.0,0.0,0.0,0.0,0.0,0.0,0.0,0.0,0.0,0.0,0.0,0.0,0.0,0.0,0,225,0,0.0,0.0,0.0,0.0,0.0,0.0,0.0,0.0,0.0,0.0,0.0,0.0
2026_1_JalenWalthall_WR,2026_JalenWalthall_WR,JalenWalthall_WR,2026,1,2026-09-13,Jalen Walthall,WR,NYJ,@TEN,29,0.0,0.0,0.0,0.0,0.0,0.0,0.0,0.0,0.0,0.0,0.0,0.0,0.0,0.0,0.0,0,421,0,0.0,0.0,0.0,0.0,0.0,0.0,0.0,0.0,0.0,0.0,0.0,0.0
2026_1_DiegoPavia_QB,2026_DiegoPavia_QB,DiegoPavia_QB,2026,1,2026-09-13,Diego Pavia,QB,BAL,@IND,20,0.0,0.0,0.0,0.0,0.0,0.0,0.0,0.0,0.0,0.0,0.0,0.0,0.0,0.0,0.0,0,113,0,0.0,0.0,0.0,0.0,0.0,0.0,0.0,0.0,0.0,0.0,0.0,0.0
2026_1_DallenBentley_TE,2026_DallenBentley_TE,DallenBentley_TE,2026,1,2026-09-13,Dallen Bentley,TE,DEN,@KC,6,0.0,0.0,0.0,0.0,0.0,0.0,0.0,0.0,0.0,0.0,0.0,0.0,0.0,0.0,0.0,0,199,0,0.0,0.0,0.0,0.0,0.0,0.0,0.0,0.0,0.0,0.0,0.0,0.0
2026_1_DeeJayDallas_RB,2026_DeeJayDallas_RB,DeeJayDallas_RB,2026,1,2026-09-13,DeeJay Dallas,RB,JAC,CLE,14,0.0,0.0,0.0,0.0,0.0,0.0,0.0,0.0,0.0,0.0,0.0,0.0,0.0,0.0,0.0,0,226,0,0.0,0.0,0.0,0.0,0.0,0.0,0.0,0.0,0.0,0.0,0.0,0.0
2026_1_JakobieKeeney-James_WR,2026_JakobieKeeney-James_WR,JakobieKeeney-James_WR,2026,1,2026-09-13,Jakobie Keeney-James,WR,PIT,ATL,22,0.0,0.0,0.0,0.0,0.0,0.0,0.0,0.0,0.0,0.0,0.0,0.0,0.0,0.0,0.0,0,422,0,0.0,0.0,0.0,0.0,0.0,0.0,0.0,0.0,0.0,0.0,0.0,0.0
2026_1_ClaytonTune_QB,2026_ClaytonTune_QB,ClaytonTune_QB,2026,1,2026-09-13,Clayton Tune,QB,GB,@MIN,1,0.0,0.0,0.0,0.0,0.0,0.0,0.0,0.0,0.0,0.0,0.0,0.0,0.0,0.0,0.0,0,114,0,0.0,0.0,0.0,0.0,0.0,0.0,0.0,0.0,0.0,0.0,0.0,0.0
2026_1_DrewPlitt_QB,2026_DrewPlitt_QB,DrewPlitt_QB,2026,1,2026-09-13,Drew Plitt,QB,CIN,TB,29,0.0,0.0,0.0,0.0,0.0,0.0,0.0,0.0,0.0,0.0,0.0,0.0,0.0,0.0,0.0,0,115,0,0.0,0.0,0.0,0.0,0.0,0.0,0.0,0.0,0.0,0.0,0.0,0.0
2026_1_KeneNwangwu_RB,2026_KeneNwangwu_RB,KeneNwangwu_RB,2026,1,2026-09-13,Kene Nwangwu,RB,NYJ,@TEN,13,0.0,0.0,0.0,0.0,0.0,0.0,0.0,0.0,0.0,0.0,0.0,0.0,0.0,0.0,0.0,0,227,0,0.0,0.0,0.0,0.0,0.0,0.0,0.0,0.0,0.0,0.0,0.0,0.0
2026_1_MatthewStafford_QB,2026_MatthewStafford_QB,MatthewStafford_QB,2026,1,2026-09-13,Matthew Stafford,QB,LAR,SF,16,0.0,0.0,0.0,0.0,0.0,0.0,0.0,0.0,0.0,0.0,0.0,0.0,0.0,0.0,0.0,0,116,0,0.0,0.0,0.0,0.0,0.0,0.0,0.0,0.0,0.0,0.0,0.0,0.0
2026_1_JohnStephens_TE,2026_JohnStephens_TE,JohnStephens_TE,2026,1,2026-09-13,John Stephens,TE,DAL,@NYG,10,0.0,0.0,0.0,0.0,0.0,0.0,0.0,0.0,0.0,0.0,0.0,0.0,0.0,0.0,0.0,0,200,0,0.0,0.0,0.0,0.0,0.0,0.0,0.0,0.0,0.0,0.0,0.0,0.0
2026_1_KJOsborn_WR,2026_KJOsborn_WR,KJOsborn_WR,2026,1,2026-09-13,KJ Osborn,WR,TEN,NYJ,19,0.0,0.0,0.0,0.0,0.0,0.0,0.0,0.0,0.0,0.0,0.0,0.0,0.0,0.0,0.0,0,423,0,0.0,0.0,0.0,0.0,0.0,0.0,0.0,0.0,0.0,0.0,0.0,0.0
2026_1_AveryWilliams_RB,2026_AveryWilliams_RB,AveryWilliams_RB,2026,1,2026-09-13,Avery Williams,RB,NYJ,@TEN,13,0.0,0.0,0.0,0.0,0.0,0.0,0.0,0.0,0.0,0.0,0.0,0.0,0.0,0.0,0.0,0,228,0,0.0,0.0,0.0,0.0,0.0,0.0,0.0,0.0,0.0,0.0,0.0,0.0
2026_1_DavisCheek_QB,2026_DavisCheek_QB,DavisCheek_QB,2026,1,2026-09-13,Davis Cheek,QB,CAR,CHI,26,0.0,0.0,0.0,0.0,0.0,0.0,0.0,0.0,0.0,0.0,0.0,0.0,0.0,0.0,0.0,0,117,0,0.0,0.0,0.0,0.0,0.0,0.0,0.0,0.0,0.0,0.0,0.0,0.0
2026_1_CaullinLacy_WR,2026_CaullinLacy_WR,CaullinLacy_WR,2026,1,2026-09-13,Caullin Lacy,WR,NYJ,@TEN,29,0.0,0.0,0.0,0.0,0.0,0.0,0.0,0.0,0.0,0.0,0.0,0.0,0.0,0.0,0.0,0,424,0,0.0,0.0,0.0,0.0,0.0,0.0,0.0,0.0,0.0,0.0,0.0,0.0
2026_1_ShaneZylstra_TE,2026_ShaneZylstra_TE,ShaneZylstra_TE,2026,1,2026-09-13,Shane Zylstra,TE,BUF,@HOU,7,0.0,0.0,0.0,0.0,0.0,0.0,0.0,0.0,0.0,0.0,0.0,0.0,0.0,0.0,0.0,0,201,0,0.0,0.0,0.0,0.0,0.0,0.0,0.0,0.0,0.0,0.0,0.0,0.0
2026_1_PayneDurham_TE,2026_PayneDurham_TE,PayneDurham_TE,2026,1,2026-09-13,Payne Durham,TE,TB,@CIN,32,0.0,0.0,0.0,0.0,0.0,0.0,0.0,0.0,0.0,0.0,0.0,0.0,0.0,0.0,0.0,0,202,0,0.0,0.0,0.0,0.0,0.0,0.0,0.0,0.0,0.0,0.0,0.0,0.0
2026_1_KeilahnHarris_WR,2026_KeilahnHarris_WR,KeilahnHarris_WR,2026,1,2026-09-13,Keilahn Harris,WR,PIT,ATL,22,0.0,0.0,0.0,0.0,0.0,0.0,0.0,0.0,0.0,0.0,0.0,0.0,0.0,0.0,0.0,0,425,0,0.0,0.0,0.0,0.0,0.0,0.0,0.0,0.0,0.0,0.0,0.0,0.0
2026_1_LoganWoodside_QB,2026_LoganWoodside_QB,LoganWoodside_QB,2026,1,2026-09-13,Logan Woodside,QB,ARI,@LAC,3,0.0,0.0,0.0,0.0,0.0,0.0,0.0,0.0,0.0,0.0,0.0,0.0,0.0,0.0,0.0,0,118,0,0.0,0.0,0.0,0.0,0.0,0.0,0.0,0.0,0.0,0.0,0.0,0.0
2026_1_FeltonDavis_WR,2026_FeltonDavis_WR,FeltonDavis_WR,2026,1,2026-09-13,Felton Davis,WR,KC,DEN,2,0.0,0.0,0.0,0.0,0.0,0.0,0.0,0.0,0.0,0.0,0.0,0.0,0.0,0.0,0.0,0,426,0,0.0,0.0,0.0,0.0,0.0,0.0,0.0,0.0,0.0,0.0,0.0,0.0
2026_1_ParkerWashington_WR,2026_ParkerWashington_WR,ParkerWashington_WR,2026,1,2026-09-13,Parker Washington,WR,JAC,CLE,5,0.0,0.0,0.0,0.0,0.0,0.0,0.0,0.0,0.0,0.0,0.0,0.0,0.0,0.0,0.0,0,427,0,0.0,0.0,0.0,0.0,0.0,0.0,0.0,0.0,0.0,0.0,0.0,0.0
2026_1_MarshallLang_TE,2026_MarshallLang_TE,MarshallLang_TE,2026,1,2026-09-13,Marshall Lang,TE,MIN,GB,12,0.0,0.0,0.0,0.0,0.0,0.0,0.0,0.0,0.0,0.0,0.0,0.0,0.0,0.0,0.0,0,203,0,0.0,0.0,0.0,0.0,0.0,0.0,0.0,0.0,0.0,0.0,0.0,0.0
2026_1_JoshuaCephus_WR,2026_JoshuaCephus_WR,JoshuaCephus_WR,2026,1,2026-09-13,Joshua Cephus,WR,JAC,CLE,5,0.0,0.0,0.0,0.0,0.0,0.0,0.0,0.0,0.0,0.0,0.0,0.0,0.0,0.0,0.0,0,428,0,0.0,0.0,0.0,0.0,0.0,0.0,0.0,0.0,0.0,0.0,0.0,0.0
2026_1_XavierWhite_WR,2026_XavierWhite_WR,XavierWhite_WR,2026,1,2026-09-13,Xavier White,WR,IND,BAL,25,0.0,0.0,0.0,0.0,0.0,0.0,0.0,0.0,0.0,0.0,0.0,0.0,0.0,0.0,0.0,0,429,0,0.0,0.0,0.0,0.0,0.0,0.0,0.0,0.0,0.0,0.0,0.0,0.0
2026_1_BradyCook_QB,2026_BradyCook_QB,BradyCook_QB,2026,1,2026-09-13,Brady Cook,QB,NYJ,@TEN,28,0.0,0.0,0.0,0.0,0.0,0.0,0.0,0.0,0.0,0.0,0.0,0.0,0.0,0.0,0.0,0,119,0,0.0,0.0,0.0,0.0,0.0,0.0,0.0,0.0,0.0,0.0,0.0,0.0
2026_1_RachaadWhite_RB,2026_RachaadWhite_RB,RachaadWhite_RB,2026,1,2026-09-13,Rachaad White,RB,WAS,@PHI,26,0.0,0.0,0.0,0.0,0.0,0.0,0.0,0.0,0.0,0.0,0.0,0.0,0.0,0.0,0.0,0,229,0,0.0,0.0,0.0,0.0,0.0,0.0,0.0,0.0,0.0,0.0,0.0,0.0
2026_1_KaytronAllen_RB,2026_KaytronAllen_RB,KaytronAllen_RB,2026,1,2026-09-13,Kaytron Allen,RB,WAS,@PHI,26,0.0,0.0,0.0,0.0,0.0,0.0,0.0,0.0,0.0,0.0,0.0,0.0,0.0,0.0,0.0,0,230,0,0.0,0.0,0.0,0.0,0.0,0.0,0.0,0.0,0.0,0.0,0.0,0.0
2026_1_JacoryCroskey-Merritt_RB,2026_JacoryCroskey-Merritt_RB,JacoryCroskey-Merritt_RB,2026,1,2026-09-13,Jacory Croskey-Merritt,RB,WAS,@PHI,26,0.0,0.0,0.0,0.0,0.0,0.0,0.0,0.0,0.0,0.0,0.0,0.0,0.0,0.0,0.0,0,231,0,0.0,0.0,0.0,0.0,0.0,0.0,0.0,0.0,0.0,0.0,0.0,0.0
2026_1_JacardiaWright_RB,2026_JacardiaWright_RB,JacardiaWright_RB,2026,1,2026-09-13,Jacardia Wright,RB,SEA,NE,2,0.0,0.0,0.0,0.0,0.0,0.0,0.0,0.0,0.0,0.0,0.0,0.0,0.0,0.0,0.0,0,232,0,0.0,0.0,0.0,0.0,0.0,0.0,0.0,0.0,0.0,0.0,0.0,0.0
2026_1_AJRose_RB,2026_AJRose_RB,AJRose_RB,2026,1,2026-09-13,AJ Rose,RB,LAR,SF,22,0.0,0.0,0.0,0.0,0.0,0.0,0.0,0.0,0.0,0.0,0.0,0.0,0.0,0.0,0.0,0,233,0,0.0,0.0,0.0,0.0,0.0,0.0,0.0,0.0,0.0,0.0,0.0,0.0
2026_1_CortrelleSimpson_WR,2026_CortrelleSimpson_WR,CortrelleSimpson_WR,2026,1,2026-09-13,Cortrelle Simpson,WR,TB,@CIN,9,0.0,0.0,0.0,0.0,0.0,0.0,0.0,0.0,0.0,0.0,0.0,0.0,0.0,0.0,0.0,0,430,0,0.0,0.0,0.0,0.0,0.0,0.0,0.0,0.0,0.0,0.0,0.0,0.0
2026_1_SamBrown_WR,2026_SamBrown_WR,SamBrown_WR,2026,1,2026-09-13,Sam Brown,WR,GB,@MIN,1,0.0,0.0,0.0,0.0,0.0,0.0,0.0,0.0,0.0,0.0,0.0,0.0,0.0,0.0,0.0,0,431,0,0.0,0.0,0.0,0.0,0.0,0.0,0.0,0.0,0.0,0.0,0.0,0.0
2026_1_GusEdwards_RB,2026_GusEdwards_RB,GusEdwards_RB,2026,1,2026-09-13,Gus Edwards,RB,LAC,ARI,30,0.0,0.0,0.0,0.0,0.0,0.0,0.0,0.0,0.0,0.0,0.0,0.0,0.0,0.0,0.0,0,234,0,0.0,0.0,0.0,0.0,0.0,0.0,0.0,0.0,0.0,0.0,0.0,0.0
2026_1_ATPerry_WR,2026_ATPerry_WR,ATPerry_WR,2026,1,2026-09-13,AT Perry,WR,PIT,ATL,22,0.0,0.0,0.0,0.0,0.0,0.0,0.0,0.0,0.0,0.0,0.0,0.0,0.0,0.0,0.0,0,432,0,0.0,0.0,0.0,0.0,0.0,0.0,0.0,0.0,0.0,0.0,0.0,0.0
2026_1_SpencerRattler_QB,2026_SpencerRattler_QB,SpencerRattler_QB,2026,1,2026-09-13,Spencer Rattler,QB,NO,@DET,22,0.0,0.0,0.0,0.0,0.0,0.0,0.0,0.0,0.0,0.0,0.0,0.0,0.0,0.0,0.0,0,120,0,0.0,0.0,0.0,0.0,0.0,0.0,0.0,0.0,0.0,0.0,0.0,0.0
2026_1_NoahGindorff_TE,2026_NoahGindorff_TE,NoahGindorff_TE,2026,1,2026-09-13,Noah Gindorff,TE,PIT,ATL,5,0.0,0.0,0.0,0.0,0.0,0.0,0.0,0.0,0.0,0.0,0.0,0.0,0.0,0.0,0.0,0,204,0,0.0,0.0,0.0,0.0,0.0,0.0,0.0,0.0,0.0,0.0,0.0,0.0
2026_1_JamalHaynes_RB,2026_JamalHaynes_RB,JamalHaynes_RB,2026,1,2026-09-13,Jamal Haynes,RB,CIN,TB,12,0.0,0.0,0.0,0.0,0.0,0.0,0.0,0.0,0.0,0.0,0.0,0.0,0.0,0.0,0.0,0,235,0,0.0,0.0,0.0,0.0,0.0,0.0,0.0,0.0,0.0,0.0,0.0,0.0
2026_1_Tre'McKitty_TE,2026_Tre'McKitty_TE,Tre'McKitty_TE,2026,1,2026-09-13,Tre' McKitty,TE,HOU,BUF,2,0.0,0.0,0.0,0.0,0.0,0.0,0.0,0.0,0.0,0.0,0.0,0.0,0.0,0.0,0.0,0,205,0,0.0,0.0,0.0,0.0,0.0,0.0,0.0,0.0,0.0,0.0,0.0,0.0
2026_1_CoreyTaylor_RB,2026_CoreyTaylor_RB,CoreyTaylor_RB,2026,1,2026-09-13,Corey Taylor,RB,CLE,@JAC,1,0.0,0.0,0.0,0.0,0.0,0.0,0.0,0.0,0.0,0.0,0.0,0.0,0.0,0.0,0.0,0,236,0,0.0,0.0,0.0,0.0,0.0,0.0,0.0,0.0,0.0,0.0,0.0,0.0
2026_1_JakeBriningstool_TE,2026_JakeBriningstool_TE,JakeBriningstool_TE,2026,1,2026-09-13,Jake Briningstool,TE,KC,DEN,18,0.0,0.0,0.0,0.0,0.0,0.0,0.0,0.0,0.0,0.0,0.0,0.0,0.0,0.0,0.0,0,206,0,0.0,0.0,0.0,0.0,0.0,0.0,0.0,0.0,0.0,0.0,0.0,0.0
2026_1_EliRaridon_TE,2026_EliRaridon_TE,EliRaridon_TE,2026,1,2026-09-13,Eli Raridon,TE,NE,@SEA,20,0.0,0.0,0.0,0.0,0.0,0.0,0.0,0.0,0.0,0.0,0.0,0.0,0.0,0.0,0.0,0,207,0,0.0,0.0,0.0,0.0,0.0,0.0,0.0,0.0,0.0,0.0,0.0,0.0
2026_1_SaquonBarkley_RB,2026_SaquonBarkley_RB,SaquonBarkley_RB,2026,1,2026-09-13,Saquon Barkley,RB,PHI,WAS,29,0.0,0.0,0.0,0.0,0.0,0.0,0.0,0.0,0.0,0.0,0.0,0.0,0.0,0.0,0.0,0,237,0,0.0,0.0,0.0,0.0,0.0,0.0,0.0,0.0,0.0,0.0,0.0,0.0
2026_1_DevanteDavis_WR,2026_DevanteDavis_WR,DevanteDavis_WR,2026,1,2026-09-13,Devante Davis,WR,PHI,WAS,28,0.0,0.0,0.0,0.0,0.0,0.0,0.0,0.0,0.0,0.0,0.0,0.0,0.0,0.0,0.0,0,433,0,0.0,0.0,0.0,0.0,0.0,0.0,0.0,0.0,0.0,0.0,0.0,0.0
2026_1_TyFryfogle_WR,2026_TyFryfogle_WR,TyFryfogle_WR,2026,1,2026-09-13,Ty Fryfogle,WR,KC,DEN,2,0.0,0.0,0.0,0.0,0.0,0.0,0.0,0.0,0.0,0.0,0.0,0.0,0.0,0.0,0.0,0,434,0,0.0,0.0,0.0,0.0,0.0,0.0,0.0,0.0,0.0,0.0,0.0,0.0
2026_1_JakobiMeyers_WR,2026_JakobiMeyers_WR,JakobiMeyers_WR,2026,1,2026-09-13,Jakobi Meyers,WR,JAC,CLE,5,0.0,0.0,0.0,0.0,0.0,0.0,0.0,0.0,0.0,0.0,0.0,0.0,0.0,0.0,0.0,0,435,0,0.0,0.0,0.0,0.0,0.0,0.0,0.0,0.0,0.0,0.0,0.0,0.0
2026_1_JoshVann_WR,2026_JoshVann_WR,JoshVann_WR,2026,1,2026-09-13,Josh Vann,WR,CAR,CHI,31,0.0,0.0,0.0,0.0,0.0,0.0,0.0,0.0,0.0,0.0,0.0,0.0,0.0,0.0,0.0,0,436,0,0.0,0.0,0.0,0.0,0.0,0.0,0.0,0.0,0.0,0.0,0.0,0.0
2026_1_JordanByrd_RB,2026_JordanByrd_RB,JordanByrd_RB,2026,1,2026-09-13,Jordan Byrd,RB,PIT,ATL,16,0.0,0.0,0.0,0.0,0.0,0.0,0.0,0.0,0.0,0.0,0.0,0.0,0.0,0.0,0.0,0,238,0,0.0,0.0,0.0,0.0,0.0,0.0,0.0,0.0,0.0,0.0,0.0,0.0
2026_1_JoeyAguilar_QB,2026_JoeyAguilar_QB,JoeyAguilar_QB,2026,1,2026-09-13,Joey Aguilar,QB,JAC,CLE,4,0.0,0.0,0.0,0.0,0.0,0.0,0.0,0.0,0.0,0.0,0.0,0.0,0.0,0.0,0.0,0,121,0,0.0,0.0,0.0,0.0,0.0,0.0,0.0,0.0,0.0,0.0,0.0,0.0
2026_1_AntoineGreen_WR,2026_AntoineGreen_WR,AntoineGreen_WR,2026,1,2026-09-13,Antoine Green,WR,DET,NO,10,0.0,0.0,0.0,0.0,0.0,0.0,0.0,0.0,0.0,0.0,0.0,0.0,0.0,0.0,0.0,0,437,0,0.0,0.0,0.0,0.0,0.0,0.0,0.0,0.0,0.0,0.0,0.0,0.0
2026_1_JaredSmart_WR,2026_JaredSmart_WR,JaredSmart_WR,2026,1,2026-09-13,Jared Smart,WR,ARI,@LAC,3,0.0,0.0,0.0,0.0,0.0,0.0,0.0,0.0,0.0,0.0,0.0,0.0,0.0,0.0,0.0,0,438,0,0.0,0.0,0.0,0.0,0.0,0.0,0.0,0.0,0.0,0.0,0.0,0.0
2026_1_NickDeGennaro_WR,2026_NickDeGennaro_WR,NickDeGennaro_WR,2026,1,2026-09-13,Nick DeGennaro,WR,NE,@SEA,4,0.0,0.0,0.0,0.0,0.0,0.0,0.0,0.0,0.0,0.0,0.0,0.0,0.0,0.0,0.0,0,439,0,0.0,0.0,0.0,0.0,0.0,0.0,0.0,0.0,0.0,0.0,0.0,0.0
2026_1_JawonChisholm_RB,2026_JawonChisholm_RB,JawonChisholm_RB,2026,1,2026-09-13,Jawon Chisholm,RB,PIT,ATL,16,0.0,0.0,0.0,0.0,0.0,0.0,0.0,0.0,0.0,0.0,0.0,0.0,0.0,0.0,0.0,0,239,0,0.0,0.0,0.0,0.0,0.0,0.0,0.0,0.0,0.0,0.0,0.0,0.0
2026_1_ColeBurgess_WR,2026_ColeBurgess_WR,ColeBurgess_WR,2026,1,2026-09-13,Cole Burgess,WR,PIT,ATL,22,0.0,0.0,0.0,0.0,0.0,0.0,0.0,0.0,0.0,0.0,0.0,0.0,0.0,0.0,0.0,0,440,0,0.0,0.0,0.0,0.0,0.0,0.0,0.0,0.0,0.0,0.0,0.0,0.0
2026_1_AveryDavis_WR,2026_AveryDavis_WR,AveryDavis_WR,2026,1,2026-09-13,Avery Davis,WR,DET,NO,10,0.0,0.0,0.0,0.0,0.0,0.0,0.0,0.0,0.0,0.0,0.0,0.0,0.0,0.0,0.0,0,441,0,0.0,0.0,0.0,0.0,0.0,0.0,0.0,0.0,0.0,0.0,0.0,0.0
2026_1_DanielJones_QB,2026_DanielJones_QB,DanielJones_QB,2026,1,2026-09-13,Daniel Jones,QB,IND,BAL,21,0.0,0.0,0.0,0.0,0.0,0.0,0.0,0.0,0.0,0.0,0.0,0.0,0.0,0.0,0.0,0,122,0,0.0,0.0,0.0,0.0,0.0,0.0,0.0,0.0,0.0,0.0,0.0,0.0
2026_1_JohnWolford_QB,2026_JohnWolford_QB,JohnWolford_QB,2026,1,2026-09-13,John Wolford,QB,MIN,GB,10,0.0,0.0,0.0,0.0,0.0,0.0,0.0,0.0,0.0,0.0,0.0,0.0,0.0,0.0,0.0,0,123,0,0.0,0.0,0.0,0.0,0.0,0.0,0.0,0.0,0.0,0.0,0.0,0.0
2026_1_SeanRyan_WR,2026_SeanRyan_WR,SeanRyan_WR,2026,1,2026-09-13,Sean Ryan,WR,BAL,@IND,27,0.0,0.0,0.0,0.0,0.0,0.0,0.0,0.0,0.0,0.0,0.0,0.0,0.0,0.0,0.0,0,442,0,0.0,0.0,0.0,0.0,0.0,0.0,0.0,0.0,0.0,0.0,0.0,0.0
2026_1_BrockPurdy_QB,2026_BrockPurdy_QB,BrockPurdy_QB,2026,1,2026-09-13,Brock Purdy,QB,SF,@LAR,15,0.0,0.0,0.0,0.0,0.0,0.0,0.0,0.0,0.0,0.0,0.0,0.0,0.0,0.0,0.0,0,124,0,0.0,0.0,0.0,0.0,0.0,0.0,0.0,0.0,0.0,0.0,0.0,0.0
2026_1_JeremiahWebb_WR,2026_JeremiahWebb_WR,JeremiahWebb_WR,2026,1,2026-09-13,Jeremiah Webb,WR,NE,@SEA,4,0.0,0.0,0.0,0.0,0.0,0.0,0.0,0.0,0.0,0.0,0.0,0.0,0.0,0.0,0.0,0,443,0,0.0,0.0,0.0,0.0,0.0,0.0,0.0,0.0,0.0,0.0,0.0,0.0
2026_1_SkylerBell_WR,2026_SkylerBell_WR,SkylerBell_WR,2026,1,2026-09-13,Skyler Bell,WR,BUF,@HOU,7,0.0,0.0,0.0,0.0,0.0,0.0,0.0,0.0,0.0,0.0,0.0,0.0,0.0,0.0,0.0,0,444,0,0.0,0.0,0.0,0.0,0.0,0.0,0.0,0.0,0.0,0.0,0.0,0.0
2026_1_ElijahMitchell_RB,2026_ElijahMitchell_RB,ElijahMitchell_RB,2026,1,2026-09-13,Elijah Mitchell,RB,PHI,WAS,29,0.0,0.0,0.0,0.0,0.0,0.0,0.0,0.0,0.0,0.0,0.0,0.0,0.0,0.0,0.0,0,240,0,0.0,0.0,0.0,0.0,0.0,0.0,0.0,0.0,0.0,0.0,0.0,0.0
2026_1_DylanLeonard_TE,2026_DylanLeonard_TE,DylanLeonard_TE,2026,1,2026-09-13,Dylan Leonard,TE,DEN,@KC,6,0.0,0.0,0.0,0.0,0.0,0.0,0.0,0.0,0.0,0.0,0.0,0.0,0.0,0.0,0.0,0,208,0,0.0,0.0,0.0,0.0,0.0,0.0,0.0,0.0,0.0,0.0,0.0,0.0
2026_1_RobbieChosen_WR,2026_RobbieChosen_WR,RobbieChosen_WR,2026,1,2026-09-13,Robbie Chosen,WR,WAS,@PHI,8,0.0,0.0,0.0,0.0,0.0,0.0,0.0,0.0,0.0,0.0,0.0,0.0,0.0,0.0,0.0,0,445,0,0.0,0.0,0.0,0.0,0.0,0.0,0.0,0.0,0.0,0.0,0.0,0.0
2026_1_CraigReynolds_RB,2026_CraigReynolds_RB,CraigReynolds_RB,2026,1,2026-09-13,Craig Reynolds,RB,NE,@SEA,4,0.0,0.0,0.0,0.0,0.0,0.0,0.0,0.0,0.0,0.0,0.0,0.0,0.0,0.0,0.0,0,241,0,0.0,0.0,0.0,0.0,0.0,0.0,0.0,0.0,0.0,0.0,0.0,0.0
2026_1_BrycePierre_TE,2026_BrycePierre_TE,BrycePierre_TE,2026,1,2026-09-13,Bryce Pierre,TE,CAR,CHI,11,0.0,0.0,0.0,0.0,0.0,0.0,0.0,0.0,0.0,0.0,0.0,0.0,0.0,0.0,0.0,0,209,0,0.0,0.0,0.0,0.0,0.0,0.0,0.0,0.0,0.0,0.0,0.0,0.0
2026_1_DylanSampson_RB,2026_DylanSampson_RB,DylanSampson_RB,2026,1,2026-09-13,Dylan Sampson,RB,CLE,@JAC,1,0.0,0.0,0.0,0.0,0.0,0.0,0.0,0.0,0.0,0.0,0.0,0.0,0.0,0.0,0.0,0,242,0,0.0,0.0,0.0,0.0,0.0,0.0,0.0,0.0,0.0,0.0,0.0,0.0
2026_1_AndreMiller_WR,2026_AndreMiller_WR,AndreMiller_WR,2026,1,2026-09-13,Andre Miller,WR,GB,@MIN,1,0.0,0.0,0.0,0.0,0.0,0.0,0.0,0.0,0.0,0.0,0.0,0.0,0.0,0.0,0.0,0,446,0,0.0,0.0,0.0,0.0,0.0,0.0,0.0,0.0,0.0,0.0,0.0,0.0
2026_1_JCCopeland_RB,2026_JCCopeland_RB,JCCopeland_RB,2026,1,2026-09-13,JC Copeland,RB,NYJ,@TEN,13,0.0,0.0,0.0,0.0,0.0,0.0,0.0,0.0,0.0,0.0,0.0,0.0,0.0,0.0,0.0,0,243,0,0.0,0.0,0.0,0.0,0.0,0.0,0.0,0.0,0.0,0.0,0.0,0.0
2026_1_KevinColeman_WR,2026_KevinColeman_WR,KevinColeman_WR,2026,1,2026-09-13,Kevin Coleman,WR,MIA,@LV,20,0.0,0.0,0.0,0.0,0.0,0.0,0.0,0.0,0.0,0.0,0.0,0.0,0.0,0.0,0.0,0,447,0,0.0,0.0,0.0,0.0,0.0,0.0,0.0,0.0,0.0,0.0,0.0,0.0
2026_1_RonaldAwatt_RB,2026_RonaldAwatt_RB,RonaldAwatt_RB,2026,1,2026-09-13,Ronald Awatt,RB,SF,@LAR,10,0.0,0.0,0.0,0.0,0.0,0.0,0.0,0.0,0.0,0.0,0.0,0.0,0.0,0.0,0.0,0,244,0,0.0,0.0,0.0,0.0,0.0,0.0,0.0,0.0,0.0,0.0,0.0,0.0
2026_1_GrantDuBose_WR,2026_GrantDuBose_WR,GrantDuBose_WR,2026,1,2026-09-13,Grant DuBose,WR,BUF,@HOU,7,0.0,0.0,0.0,0.0,0.0,0.0,0.0,0.0,0.0,0.0,0.0,0.0,0.0,0.0,0.0,0,448,0,0.0,0.0,0.0,0.0,0.0,0.0,0.0,0.0,0.0,0.0,0.0,0.0
2026_1_OmarCooper_WR,2026_OmarCooper_WR,OmarCooper_WR,2026,1,2026-09-13,Omar Cooper,WR,NYJ,@TEN,29,0.0,0.0,0.0,0.0,0.0,0.0,0.0,0.0,0.0,0.0,0.0,0.0,0.0,0.0,0.0,0,449,0,0.0,0.0,0.0,0.0,0.0,0.0,0.0,0.0,0.0,0.0,0.0,0.0
2026_1_KaiLocksley_WR,2026_KaiLocksley_WR,KaiLocksley_WR,2026,1,2026-09-13,Kai Locksley,WR,MIA,@LV,20,0.0,0.0,0.0,0.0,0.0,0.0,0.0,0.0,0.0,0.0,0.0,0.0,0.0,0.0,0.0,0,450,0,0.0,0.0,0.0,0.0,0.0,0.0,0.0,0.0,0.0,0.0,0.0,0.0
2026_1_CalebScott_WR,2026_CalebScott_WR,CalebScott_WR,2026,1,2026-09-13,Caleb Scott,WR,LV,MIA,14,0.0,0.0,0.0,0.0,0.0,0.0,0.0,0.0,0.0,0.0,0.0,0.0,0.0,0.0,0.0,0,451,0,0.0,0.0,0.0,0.0,0.0,0.0,0.0,0.0,0.0,0.0,0.0,0.0
2026_1_JeretSmith_WR,2026_JeretSmith_WR,JeretSmith_WR,2026,1,2026-09-13,Jeret Smith,WR,KC,DEN,2,0.0,0.0,0.0,0.0,0.0,0.0,0.0,0.0,0.0,0.0,0.0,0.0,0.0,0.0,0.0,0,452,0,0.0,0.0,0.0,0.0,0.0,0.0,0.0,0.0,0.0,0.0,0.0,0.0
2026_1_CollinKlein_QB,2026_CollinKlein_QB,CollinKlein_QB,2026,1,2026-09-13,Collin Klein,QB,FA,BYE,33,0.0,0.0,0.0,0.0,0.0,0.0,0.0,0.0,0.0,0.0,0.0,0.0,0.0,0.0,0.0,0,125,0,0.0,0.0,0.0,0.0,0.0,0.0,0.0,0.0,0.0,0.0,0.0,0.0
2026_1_TylerJohnson_WR,2026_TylerJohnson_WR,TylerJohnson_WR,2026,1,2026-09-13,Tyler Johnson,WR,DAL,@NYG,23,0.0,0.0,0.0,0.0,0.0,0.0,0.0,0.0,0.0,0.0,0.0,0.0,0.0,0.0,0.0,0,453,0,0.0,0.0,0.0,0.0,0.0,0.0,0.0,0.0,0.0,0.0,0.0,0.0
2026_1_GeorgeAston_RB,2026_GeorgeAston_RB,GeorgeAston_RB,2026,1,2026-09-13,George Aston,RB,NYG,DAL,27,0.0,0.0,0.0,0.0,0.0,0.0,0.0,0.0,0.0,0.0,0.0,0.0,0.0,0.0,0.0,0,245,0,0.0,0.0,0.0,0.0,0.0,0.0,0.0,0.0,0.0,0.0,0.0,0.0
2026_1_MiltonWright_WR,2026_MiltonWright_WR,MiltonWright_WR,2026,1,2026-09-13,Milton Wright,WR,LAC,ARI,17,0.0,0.0,0.0,0.0,0.0,0.0,0.0,0.0,0.0,0.0,0.0,0.0,0.0,0.0,0.0,0,454,0,0.0,0.0,0.0,0.0,0.0,0.0,0.0,0.0,0.0,0.0,0.0,0.0
2026_1_OntariaWilson_WR,2026_OntariaWilson_WR,OntariaWilson_WR,2026,1,2026-09-13,Ontaria Wilson,WR,NYJ,@TEN,29,0.0,0.0,0.0,0.0,0.0,0.0,0.0,0.0,0.0,0.0,0.0,0.0,0.0,0.0,0.0,0,455,0,0.0,0.0,0.0,0.0,0.0,0.0,0.0,0.0,0.0,0.0,0.0,0.0
2026_1_Nay'QuanWright_RB,2026_Nay'QuanWright_RB,Nay'QuanWright_RB,2026,1,2026-09-13,Nay'Quan Wright,RB,IND,BAL,17,0.0,0.0,0.0,0.0,0.0,0.0,0.0,0.0,0.0,0.0,0.0,0.0,0.0,0.0,0.0,0,246,0,0.0,0.0,0.0,0.0,0.0,0.0,0.0,0.0,0.0,0.0,0.0,0.0
2026_1_CarsenRyan_TE,2026_CarsenRyan_TE,CarsenRyan_TE,2026,1,2026-09-13,Carsen Ryan,TE,CLE,@JAC,23,0.0,0.0,0.0,0.0,0.0,0.0,0.0,0.0,0.0,0.0,0.0,0.0,0.0,0.0,0.0,0,210,0,0.0,0.0,0.0,0.0,0.0,0.0,0.0,0.0,0.0,0.0,0.0,0.0
2026_1_BraydenLenius_TE,2026_BraydenLenius_TE,BraydenLenius_TE,2026,1,2026-09-13,Brayden Lenius,TE,ATL,@PIT,26,0.0,0.0,0.0,0.0,0.0,0.0,0.0,0.0,0.0,0.0,0.0,0.0,0.0,0.0,0.0,0,211,0,0.0,0.0,0.0,0.0,0.0,0.0,0.0,0.0,0.0,0.0,0.0,0.0
2026_1_MylesMontgomery_RB,2026_MylesMontgomery_RB,MylesMontgomery_RB,2026,1,2026-09-13,Myles Montgomery,RB,NE,@SEA,4,0.0,0.0,0.0,0.0,0.0,0.0,0.0,0.0,0.0,0.0,0.0,0.0,0.0,0.0,0.0,0,247,0,0.0,0.0,0.0,0.0,0.0,0.0,0.0,0.0,0.0,0.0,0.0,0.0
2026_1_DimitriStanley_WR,2026_DimitriStanley_WR,DimitriStanley_WR,2026,1,2026-09-13,Dimitri Stanley,WR,GB,@MIN,1,0.0,0.0,0.0,0.0,0.0,0.0,0.0,0.0,0.0,0.0,0.0,0.0,0.0,0.0,0.0,0,456,0,0.0,0.0,0.0,0.0,0.0,0.0,0.0,0.0,0.0,0.0,0.0,0.0
2026_1_NateSudfeld_QB,2026_NateSudfeld_QB,NateSudfeld_QB,2026,1,2026-09-13,Nate Sudfeld,QB,SF,@LAR,15,0.0,0.0,0.0,0.0,0.0,0.0,0.0,0.0,0.0,0.0,0.0,0.0,0.0,0.0,0.0,0,126,0,0.0,0.0,0.0,0.0,0.0,0.0,0.0,0.0,0.0,0.0,0.0,0.0
2026_1_CaseyWashington_WR,2026_CaseyWashington_WR,CaseyWashington_WR,2026,1,2026-09-13,Casey Washington,WR,CAR,CHI,31,0.0,0.0,0.0,0.0,0.0,0.0,0.0,0.0,0.0,0.0,0.0,0.0,0.0,0.0,0.0,0,457,0,0.0,0.0,0.0,0.0,0.0,0.0,0.0,0.0,0.0,0.0,0.0,0.0
2026_1_BrycePerkins_QB,2026_BrycePerkins_QB,BrycePerkins_QB,2026,1,2026-09-13,Bryce Perkins,QB,CAR,CHI,26,0.0,0.0,0.0,0.0,0.0,0.0,0.0,0.0,0.0,0.0,0.0,0.0,0.0,0.0,0.0,0,127,0,0.0,0.0,0.0,0.0,0.0,0.0,0.0,0.0,0.0,0.0,0.0,0.0
2026_1_KyleSheets_WR,2026_KyleSheets_WR,KyleSheets_WR,2026,1,2026-09-13,Kyle Sheets,WR,KC,DEN,2,0.0,0.0,0.0,0.0,0.0,0.0,0.0,0.0,0.0,0.0,0.0,0.0,0.0,0.0,0.0,0,458,0,0.0,0.0,0.0,0.0,0.0,0.0,0.0,0.0,0.0,0.0,0.0,0.0
2026_1_JonathanWard_RB,2026_JonathanWard_RB,JonathanWard_RB,2026,1,2026-09-13,Jonathan Ward,RB,BAL,@IND,11,0.0,0.0,0.0,0.0,0.0,0.0,0.0,0.0,0.0,0.0,0.0,0.0,0.0,0.0,0.0,0,248,0,0.0,0.0,0.0,0.0,0.0,0.0,0.0,0.0,0.0,0.0,0.0,0.0
2026_1_DJRogers_TE,2026_DJRogers_TE,DJRogers_TE,2026,1,2026-09-13,DJ Rogers,TE,DAL,@NYG,10,0.0,0.0,0.0,0.0,0.0,0.0,0.0,0.0,0.0,0.0,0.0,0.0,0.0,0.0,0.0,0,212,0,0.0,0.0,0.0,0.0,0.0,0.0,0.0,0.0,0.0,0.0,0.0,0.0
2026_1_DavidDurden_WR,2026_DavidDurden_WR,DavidDurden_WR,2026,1,2026-09-13,David Durden,WR,DAL,@NYG,23,0.0,0.0,0.0,0.0,0.0,0.0,0.0,0.0,0.0,0.0,0.0,0.0,0.0,0.0,0.0,0,459,0,0.0,0.0,0.0,0.0,0.0,0.0,0.0,0.0,0.0,0.0,0.0,0.0
2026_1_BryceOliver_WR,2026_BryceOliver_WR,BryceOliver_WR,2026,1,2026-09-13,Bryce Oliver,WR,TEN,NYJ,19,0.0,0.0,0.0,0.0,0.0,0.0,0.0,0.0,0.0,0.0,0.0,0.0,0.0,0.0,0.0,0,460,0,0.0,0.0,0.0,0.0,0.0,0.0,0.0,0.0,0.0,0.0,0.0,0.0
2026_1_KyleDixon_WR,2026_KyleDixon_WR,KyleDixon_WR,2026,1,2026-09-13,Kyle Dixon,WR,NE,@SEA,4,0.0,0.0,0.0,0.0,0.0,0.0,0.0,0.0,0.0,0.0,0.0,0.0,0.0,0.0,0.0,0,461,0,0.0,0.0,0.0,0.0,0.0,0.0,0.0,0.0,0.0,0.0,0.0,0.0
2026_1_MattLauter_TE,2026_MattLauter_TE,MattLauter_TE,2026,1,2026-09-13,Matt Lauter,TE,TEN,NYJ,28,0.0,0.0,0.0,0.0,0.0,0.0,0.0,0.0,0.0,0.0,0.0,0.0,0.0,0.0,0.0,0,213,0,0.0,0.0,0.0,0.0,0.0,0.0,0.0,0.0,0.0,0.0,0.0,0.0
2026_1_LeQuintAllen_RB,2026_LeQuintAllen_RB,LeQuintAllen_RB,2026,1,2026-09-13,LeQuint Allen,RB,JAC,CLE,14,0.0,0.0,0.0,0.0,0.0,0.0,0.0,0.0,0.0,0.0,0.0,0.0,0.0,0.0,0.0,0,249,0,0.0,0.0,0.0,0.0,0.0,0.0,0.0,0.0,0.0,0.0,0.0,0.0
2026_1_TyJohnson_RB,2026_TyJohnson_RB,TyJohnson_RB,2026,1,2026-09-13,Ty Johnson,RB,BUF,@HOU,5,0.0,0.0,0.0,0.0,0.0,0.0,0.0,0.0,0.0,0.0,0.0,0.0,0.0,0.0,0.0,0,250,0,0.0,0.0,0.0,0.0,0.0,0.0,0.0,0.0,0.0,0.0,0.0,0.0
2026_1_OmariEvans_WR,2026_OmariEvans_WR,OmariEvans_WR,2026,1,2026-09-13,Omari Evans,WR,KC,DEN,2,0.0,0.0,0.0,0.0,0.0,0.0,0.0,0.0,0.0,0.0,0.0,0.0,0.0,0.0,0.0,0,462,0,0.0,0.0,0.0,0.0,0.0,0.0,0.0,0.0,0.0,0.0,0.0,0.0
2026_1_DevinGray_WR,2026_DevinGray_WR,DevinGray_WR,2026,1,2026-09-13,Devin Gray,WR,KC,DEN,2,0.0,0.0,0.0,0.0,0.0,0.0,0.0,0.0,0.0,0.0,0.0,0.0,0.0,0.0,0.0,0,463,0,0.0,0.0,0.0,0.0,0.0,0.0,0.0,0.0,0.0,0.0,0.0,0.0
2026_1_ChimereDike_WR,2026_ChimereDike_WR,ChimereDike_WR,2026,1,2026-09-13,Chimere Dike,WR,TEN,NYJ,19,0.0,0.0,0.0,0.0,0.0,0.0,0.0,0.0,0.0,0.0,0.0,0.0,0.0,0.0,0.0,0,464,0,0.0,0.0,0.0,0.0,0.0,0.0,0.0,0.0,0.0,0.0,0.0,0.0
2026_1_HalPresley_WR,2026_HalPresley_WR,HalPresley_WR,2026,1,2026-09-13,Hal Presley,WR,TEN,NYJ,19,0.0,0.0,0.0,0.0,0.0,0.0,0.0,0.0,0.0,0.0,0.0,0.0,0.0,0.0,0.0,0,465,0,0.0,0.0,0.0,0.0,0.0,0.0,0.0,0.0,0.0,0.0,0.0,0.0
2026_1_RakimJarrett_WR,2026_RakimJarrett_WR,RakimJarrett_WR,2026,1,2026-09-13,Rakim Jarrett,WR,PIT,ATL,22,0.0,0.0,0.0,0.0,0.0,0.0,0.0,0.0,0.0,0.0,0.0,0.0,0.0,0.0,0.0,0,466,0,0.0,0.0,0.0,0.0,0.0,0.0,0.0,0.0,0.0,0.0,0.0,0.0
2026_1_MontrellJohnson_RB,2026_MontrellJohnson_RB,MontrellJohnson_RB,2026,1,2026-09-13,Montrell Johnson,RB,CAR,CHI,19,0.0,0.0,0.0,0.0,0.0,0.0,0.0,0.0,0.0,0.0,0.0,0.0,0.0,0.0,0.0,0,251,0,0.0,0.0,0.0,0.0,0.0,0.0,0.0,0.0,0.0,0.0,0.0,0.0
2026_1_LaVanceTaylor_RB,2026_LaVanceTaylor_RB,LaVanceTaylor_RB,2026,1,2026-09-13,LaVance Taylor,RB,KC,DEN,3,0.0,0.0,0.0,0.0,0.0,0.0,0.0,0.0,0.0,0.0,0.0,0.0,0.0,0.0,0.0,0,252,0,0.0,0.0,0.0,0.0,0.0,0.0,0.0,0.0,0.0,0.0,0.0,0.0
2026_1_TankBigsby_RB,2026_TankBigsby_RB,TankBigsby_RB,2026,1,2026-09-13,Tank Bigsby,RB,PHI,WAS,29,0.0,0.0,0.0,0.0,0.0,0.0,0.0,0.0,0.0,0.0,0.0,0.0,0.0,0.0,0.0,0,253,0,0.0,0.0,0.0,0.0,0.0,0.0,0.0,0.0,0.0,0.0,0.0,0.0
2026_1_DamionJeanpiere_WR,2026_DamionJeanpiere_WR,DamionJeanpiere_WR,2026,1,2026-09-13,Damion Jeanpiere,WR,CAR,CHI,31,0.0,0.0,0.0,0.0,0.0,0.0,0.0,0.0,0.0,0.0,0.0,0.0,0.0,0.0,0.0,0,467,0,0.0,0.0,0.0,0.0,0.0,0.0,0.0,0.0,0.0,0.0,0.0,0.0
2026_1_JamesMitchell_TE,2026_JamesMitchell_TE,JamesMitchell_TE,2026,1,2026-09-13,James Mitchell,TE,CAR,CHI,11,0.0,0.0,0.0,0.0,0.0,0.0,0.0,0.0,0.0,0.0,0.0,0.0,0.0,0.0,0.0,0,214,0,0.0,0.0,0.0,0.0,0.0,0.0,0.0,0.0,0.0,0.0,0.0,0.0
2026_1_GageLarvadain_WR,2026_GageLarvadain_WR,GageLarvadain_WR,2026,1,2026-09-13,Gage Larvadain,WR,CLE,@JAC,15,0.0,0.0,0.0,0.0,0.0,0.0,0.0,0.0,0.0,0.0,0.0,0.0,0.0,0.0,0.0,0,468,0,0.0,0.0,0.0,0.0,0.0,0.0,0.0,0.0,0.0,0.0,0.0,0.0
2026_1_DariusLassiter_WR,2026_DariusLassiter_WR,DariusLassiter_WR,2026,1,2026-09-13,Darius Lassiter,WR,JAC,CLE,5,0.0,0.0,0.0,0.0,0.0,0.0,0.0,0.0,0.0,0.0,0.0,0.0,0.0,0.0,0.0,0,469,0,0.0,0.0,0.0,0.0,0.0,0.0,0.0,0.0,0.0,0.0,0.0,0.0
2026_1_JordanWatkins_WR,2026_JordanWatkins_WR,JordanWatkins_WR,2026,1,2026-09-13,Jordan Watkins,WR,SF,@LAR,24,0.0,0.0,0.0,0.0,0.0,0.0,0.0,0.0,0.0,0.0,0.0,0.0,0.0,0.0,0.0,0,470,0,0.0,0.0,0.0,0.0,0.0,0.0,0.0,0.0,0.0,0.0,0.0,0.0
2026_1_ClaytonThorson_QB,2026_ClaytonThorson_QB,ClaytonThorson_QB,2026,1,2026-09-13,Clayton Thorson,QB,NYG,DAL,32,0.0,0.0,0.0,0.0,0.0,0.0,0.0,0.0,0.0,0.0,0.0,0.0,0.0,0.0,0.0,0,128,0,0.0,0.0,0.0,0.0,0.0,0.0,0.0,0.0,0.0,0.0,0.0,0.0
2026_1_KareemHunt_RB,2026_KareemHunt_RB,KareemHunt_RB,2026,1,2026-09-13,Kareem Hunt,RB,KC,DEN,3,0.0,0.0,0.0,0.0,0.0,0.0,0.0,0.0,0.0,0.0,0.0,0.0,0.0,0.0,0.0,0,254,0,0.0,0.0,0.0,0.0,0.0,0.0,0.0,0.0,0.0,0.0,0.0,0.0
2026_1_JacolbyGeorge_WR,2026_JacolbyGeorge_WR,JacolbyGeorge_WR,2026,1,2026-09-13,Jacolby George,WR,CAR,CHI,31,0.0,0.0,0.0,0.0,0.0,0.0,0.0,0.0,0.0,0.0,0.0,0.0,0.0,0.0,0.0,0,471,0,0.0,0.0,0.0,0.0,0.0,0.0,0.0,0.0,0.0,0.0,0.0,0.0
2026_1_KearisJackson_WR,2026_KearisJackson_WR,KearisJackson_WR,2026,1,2026-09-13,Kearis Jackson,WR,HOU,BUF,13,0.0,0.0,0.0,0.0,0.0,0.0,0.0,0.0,0.0,0.0,0.0,0.0,0.0,0.0,0.0,0,472,0,0.0,0.0,0.0,0.0,0.0,0.0,0.0,0.0,0.0,0.0,0.0,0.0
2026_1_Tre'ShaunHarrison_WR,2026_Tre'ShaunHarrison_WR,Tre'ShaunHarrison_WR,2026,1,2026-09-13,Tre'Shaun Harrison,WR,TEN,NYJ,19,0.0,0.0,0.0,0.0,0.0,0.0,0.0,0.0,0.0,0.0,0.0,0.0,0.0,0.0,0.0,0,473,0,0.0,0.0,0.0,0.0,0.0,0.0,0.0,0.0,0.0,0.0,0.0,0.0
2026_1_CalvinRidley_WR,2026_CalvinRidley_WR,CalvinRidley_WR,2026,1,2026-09-13,Calvin Ridley,WR,TEN,NYJ,19,0.0,0.0,0.0,0.0,0.0,0.0,0.0,0.0,0.0,0.0,0.0,0.0,0.0,0.0,0.0,0,474,0,0.0,0.0,0.0,0.0,0.0,0.0,0.0,0.0,0.0,0.0,0.0,0.0
2026_1_ChrisCollier_RB,2026_ChrisCollier_RB,ChrisCollier_RB,2026,1,2026-09-13,Chris Collier,RB,LV,MIA,24,0.0,0.0,0.0,0.0,0.0,0.0,0.0,0.0,0.0,0.0,0.0,0.0,0.0,0.0,0.0,0,255,0,0.0,0.0,0.0,0.0,0.0,0.0,0.0,0.0,0.0,0.0,0.0,0.0
2026_1_TrayveonWilliams_RB,2026_TrayveonWilliams_RB,TrayveonWilliams_RB,2026,1,2026-09-13,Trayveon Williams,RB,DET,NO,20,0.0,0.0,0.0,0.0,0.0,0.0,0.0,0.0,0.0,0.0,0.0,0.0,0.0,0.0,0.0,0,256,0,0.0,0.0,0.0,0.0,0.0,0.0,0.0,0.0,0.0,0.0,0.0,0.0
2026_1_LewisBond_WR,2026_LewisBond_WR,LewisBond_WR,2026,1,2026-09-13,Lewis Bond,WR,HOU,BUF,13,0.0,0.0,0.0,0.0,0.0,0.0,0.0,0.0,0.0,0.0,0.0,0.0,0.0,0.0,0.0,0,475,0,0.0,0.0,0.0,0.0,0.0,0.0,0.0,0.0,0.0,0.0,0.0,0.0
2026_1_JJTaylor_RB,2026_JJTaylor_RB,JJTaylor_RB,2026,1,2026-09-13,JJ Taylor,RB,HOU,BUF,25,0.0,0.0,0.0,0.0,0.0,0.0,0.0,0.0,0.0,0.0,0.0,0.0,0.0,0.0,0.0,0,257,0,0.0,0.0,0.0,0.0,0.0,0.0,0.0,0.0,0.0,0.0,0.0,0.0
2026_1_MasonFairchild_TE,2026_MasonFairchild_TE,MasonFairchild_TE,2026,1,2026-09-13,Mason Fairchild,TE,NO,@DET,19,0.0,0.0,0.0,0.0,0.0,0.0,0.0,0.0,0.0,0.0,0.0,0.0,0.0,0.0,0.0,0,215,0,0.0,0.0,0.0,0.0,0.0,0.0,0.0,0.0,0.0,0.0,0.0,0.0
2026_1_XazavianValladay_RB,2026_XazavianValladay_RB,XazavianValladay_RB,2026,1,2026-09-13,Xazavian Valladay,RB,MIN,GB,18,0.0,0.0,0.0,0.0,0.0,0.0,0.0,0.0,0.0,0.0,0.0,0.0,0.0,0.0,0.0,0,258,0,0.0,0.0,0.0,0.0,0.0,0.0,0.0,0.0,0.0,0.0,0.0,0.0
2026_1_DTSheffield_WR,2026_DTSheffield_WR,DTSheffield_WR,2026,1,2026-09-13,DT Sheffield,WR,NYJ,@TEN,29,0.0,0.0,0.0,0.0,0.0,0.0,0.0,0.0,0.0,0.0,0.0,0.0,0.0,0.0,0.0,0,476,0,0.0,0.0,0.0,0.0,0.0,0.0,0.0,0.0,0.0,0.0,0.0,0.0
2026_1_CamSkattebo_RB,2026_CamSkattebo_RB,CamSkattebo_RB,2026,1,2026-09-13,Cam Skattebo,RB,NYG,DAL,27,0.0,0.0,0.0,0.0,0.0,0.0,0.0,0.0,0.0,0.0,0.0,0.0,0.0,0.0,0.0,0,259,0,0.0,0.0,0.0,0.0,0.0,0.0,0.0,0.0,0.0,0.0,0.0,0.0
2026_1_CJUzomah_TE,2026_CJUzomah_TE,CJUzomah_TE,2026,1,2026-09-13,CJ Uzomah,TE,PHI,WAS,30,0.0,0.0,0.0,0.0,0.0,0.0,0.0,0.0,0.0,0.0,0.0,0.0,0.0,0.0,0.0,0,216,0,0.0,0.0,0.0,0.0,0.0,0.0,0.0,0.0,0.0,0.0,0.0,0.0
2026_1_JusticeHill_RB,2026_JusticeHill_RB,JusticeHill_RB,2026,1,2026-09-13,Justice Hill,RB,BAL,@IND,11,0.0,0.0,0.0,0.0,0.0,0.0,0.0,0.0,0.0,0.0,0.0,0.0,0.0,0.0,0.0,0,260,0,0.0,0.0,0.0,0.0,0.0,0.0,0.0,0.0,0.0,0.0,0.0,0.0
2026_1_FosterMoreau_TE,2026_FosterMoreau_TE,FosterMoreau_TE,2026,1,2026-09-13,Foster Moreau,TE,HOU,BUF,2,0.0,0.0,0.0,0.0,0.0,0.0,0.0,0.0,0.0,0.0,0.0,0.0,0.0,0.0,0.0,0,217,0,0.0,0.0,0.0,0.0,0.0,0.0,0.0,0.0,0.0,0.0,0.0,0.0
2026_1_RobbieOuzts_RB,2026_RobbieOuzts_RB,RobbieOuzts_RB,2026,1,2026-09-13,Robbie Ouzts,RB,SEA,NE,2,0.0,0.0,0.0,0.0,0.0,0.0,0.0,0.0,0.0,0.0,0.0,0.0,0.0,0.0,0.0,0,261,0,0.0,0.0,0.0,0.0,0.0,0.0,0.0,0.0,0.0,0.0,0.0,0.0
2026_1_JohnMetchie_WR,2026_JohnMetchie_WR,JohnMetchie_WR,2026,1,2026-09-13,John Metchie,WR,CAR,CHI,31,0.0,0.0,0.0,0.0,0.0,0.0,0.0,0.0,0.0,0.0,0.0,0.0,0.0,0.0,0.0,0,477,0,0.0,0.0,0.0,0.0,0.0,0.0,0.0,0.0,0.0,0.0,0.0,0.0
2026_1_KirkCousins_QB,2026_KirkCousins_QB,KirkCousins_QB,2026,1,2026-09-13,Kirk Cousins,QB,LV,MIA,23,0.0,0.0,0.0,0.0,0.0,0.0,0.0,0.0,0.0,0.0,0.0,0.0,0.0,0.0,0.0,0,129,0,0.0,0.0,0.0,0.0,0.0,0.0,0.0,0.0,0.0,0.0,0.0,0.0
2026_1_AnthonyRichardson_QB,2026_AnthonyRichardson_QB,AnthonyRichardson_QB,2026,1,2026-09-13,Anthony Richardson,QB,IND,BAL,21,0.0,0.0,0.0,0.0,0.0,0.0,0.0,0.0,0.0,0.0,0.0,0.0,0.0,0.0,0.0,0,130,0,0.0,0.0,0.0,0.0,0.0,0.0,0.0,0.0,0.0,0.0,0.0,0.0
2026_1_TedHurst_WR,2026_TedHurst_WR,TedHurst_WR,2026,1,2026-09-13,Ted Hurst,WR,TB,@CIN,9,0.0,0.0,0.0,0.0,0.0,0.0,0.0,0.0,0.0,0.0,0.0,0.0,0.0,0.0,0.0,0,478,0,0.0,0.0,0.0,0.0,0.0,0.0,0.0,0.0,0.0,0.0,0.0,0.0
2026_1_DrewBiber_TE,2026_DrewBiber_TE,DrewBiber_TE,2026,1,2026-09-13,Drew Biber,TE,GB,@MIN,4,0.0,0.0,0.0,0.0,0.0,0.0,0.0,0.0,0.0,0.0,0.0,0.0,0.0,0.0,0.0,0,218,0,0.0,0.0,0.0,0.0,0.0,0.0,0.0,0.0,0.0,0.0,0.0,0.0
2026_1_JosephNgata_WR,2026_JosephNgata_WR,JosephNgata_WR,2026,1,2026-09-13,Joseph Ngata,WR,PHI,WAS,28,0.0,0.0,0.0,0.0,0.0,0.0,0.0,0.0,0.0,0.0,0.0,0.0,0.0,0.0,0.0,0,479,0,0.0,0.0,0.0,0.0,0.0,0.0,0.0,0.0,0.0,0.0,0.0,0.0
2026_1_DeVonteDedmon_WR,2026_DeVonteDedmon_WR,DeVonteDedmon_WR,2026,1,2026-09-13,DeVonte Dedmon,WR,MIA,@LV,20,0.0,0.0,0.0,0.0,0.0,0.0,0.0,0.0,0.0,0.0,0.0,0.0,0.0,0.0,0.0,0,480,0,0.0,0.0,0.0,0.0,0.0,0.0,0.0,0.0,0.0,0.0,0.0,0.0
2026_1_MylesPrice_WR,2026_MylesPrice_WR,MylesPrice_WR,2026,1,2026-09-13,Myles Price,WR,MIN,GB,21,0.0,0.0,0.0,0.0,0.0,0.0,0.0,0.0,0.0,0.0,0.0,0.0,0.0,0.0,0.0,0,481,0,0.0,0.0,0.0,0.0,0.0,0.0,0.0,0.0,0.0,0.0,0.0,0.0
2026_1_KrisLeach_TE,2026_KrisLeach_TE,KrisLeach_TE,2026,1,2026-09-13,Kris Leach,TE,DEN,@KC,6,0.0,0.0,0.0,0.0,0.0,0.0,0.0,0.0,0.0,0.0,0.0,0.0,0.0,0.0,0.0,0,219,0,0.0,0.0,0.0,0.0,0.0,0.0,0.0,0.0,0.0,0.0,0.0,0.0
2026_1_AdamChoice_RB,2026_AdamChoice_RB,AdamChoice_RB,2026,1,2026-09-13,Adam Choice,RB,SEA,NE,2,0.0,0.0,0.0,0.0,0.0,0.0,0.0,0.0,0.0,0.0,0.0,0.0,0.0,0.0,0.0,0,262,0,0.0,0.0,0.0,0.0,0.0,0.0,0.0,0.0,0.0,0.0,0.0,0.0
2026_1_KyleSloter_QB,2026_KyleSloter_QB,KyleSloter_QB,2026,1,2026-09-13,Kyle Sloter,QB,JAC,CLE,4,0.0,0.0,0.0,0.0,0.0,0.0,0.0,0.0,0.0,0.0,0.0,0.0,0.0,0.0,0.0,0,131,0,0.0,0.0,0.0,0.0,0.0,0.0,0.0,0.0,0.0,0.0,0.0,0.0
2026_1_Key'ShawnSmith_WR,2026_Key'ShawnSmith_WR,Key'ShawnSmith_WR,2026,1,2026-09-13,Key'Shawn Smith,WR,KC,DEN,2,0.0,0.0,0.0,0.0,0.0,0.0,0.0,0.0,0.0,0.0,0.0,0.0,0.0,0.0,0.0,0,482,0,0.0,0.0,0.0,0.0,0.0,0.0,0.0,0.0,0.0,0.0,0.0,0.0
2026_1_MaxBorghi_RB,2026_MaxBorghi_RB,MaxBorghi_RB,2026,1,2026-09-13,Max Borghi,RB,PIT,ATL,16,0.0,0.0,0.0,0.0,0.0,0.0,0.0,0.0,0.0,0.0,0.0,0.0,0.0,0.0,0.0,0,263,0,0.0,0.0,0.0,0.0,0.0,0.0,0.0,0.0,0.0,0.0,0.0,0.0
2026_1_PeytonHendershot_TE,2026_PeytonHendershot_TE,PeytonHendershot_TE,2026,1,2026-09-13,Peyton Hendershot,TE,KC,DEN,18,0.0,0.0,0.0,0.0,0.0,0.0,0.0,0.0,0.0,0.0,0.0,0.0,0.0,0.0,0.0,0,220,0,0.0,0.0,0.0,0.0,0.0,0.0,0.0,0.0,0.0,0.0,0.0,0.0
2026_1_JalenSample_WR,2026_JalenSample_WR,JalenSample_WR,2026,1,2026-09-13,Jalen Sample,WR,WAS,@PHI,8,0.0,0.0,0.0,0.0,0.0,0.0,0.0,0.0,0.0,0.0,0.0,0.0,0.0,0.0,0.0,0,483,0,0.0,0.0,0.0,0.0,0.0,0.0,0.0,0.0,0.0,0.0,0.0,0.0
2026_1_TetairoaMcMillan_WR,2026_TetairoaMcMillan_WR,TetairoaMcMillan_WR,2026,1,2026-09-13,Tetairoa McMillan,WR,CAR,CHI,31,0.0,0.0,0.0,0.0,0.0,0.0,0.0,0.0,0.0,0.0,0.0,0.0,0.0,0.0,0.0,0,484,0,0.0,0.0,0.0,0.0,0.0,0.0,0.0,0.0,0.0,0.0,0.0,0.0
2026_1_HaynesKing_QB,2026_HaynesKing_QB,HaynesKing_QB,2026,1,2026-09-13,Haynes King,QB,CAR,CHI,26,0.0,0.0,0.0,0.0,0.0,0.0,0.0,0.0,0.0,0.0,0.0,0.0,0.0,0.0,0.0,0,132,0,0.0,0.0,0.0,0.0,0.0,0.0,0.0,0.0,0.0,0.0,0.0,0.0
2026_1_SamHowell_QB,2026_SamHowell_QB,SamHowell_QB,2026,1,2026-09-13,Sam Howell,QB,DAL,@NYG,25,0.0,0.0,0.0,0.0,0.0,0.0,0.0,0.0,0.0,0.0,0.0,0.0,0.0,0.0,0.0,0,133,0,0.0,0.0,0.0,0.0,0.0,0.0,0.0,0.0,0.0,0.0,0.0,0.0
2026_1_KendrickLaw_WR,2026_KendrickLaw_WR,KendrickLaw_WR,2026,1,2026-09-13,Kendrick Law,WR,DET,NO,10,0.0,0.0,0.0,0.0,0.0,0.0,0.0,0.0,0.0,0.0,0.0,0.0,0.0,0.0,0.0,0,485,0,0.0,0.0,0.0,0.0,0.0,0.0,0.0,0.0,0.0,0.0,0.0,0.0
2026_1_JoshJarboe_WR,2026_JoshJarboe_WR,JoshJarboe_WR,2026,1,2026-09-13,Josh Jarboe,WR,FA,BYE,33,0.0,0.0,0.0,0.0,0.0,0.0,0.0,0.0,0.0,0.0,0.0,0.0,0.0,0.0,0.0,0,486,0,0.0,0.0,0.0,0.0,0.0,0.0,0.0,0.0,0.0,0.0,0.0,0.0
2026_1_CooperRush_QB,2026_CooperRush_QB,CooperRush_QB,2026,1,2026-09-13,Cooper Rush,QB,ATL,@PIT,24,0.0,0.0,0.0,0.0,0.0,0.0,0.0,0.0,0.0,0.0,0.0,0.0,0.0,0.0,0.0,0,134,0,0.0,0.0,0.0,0.0,0.0,0.0,0.0,0.0,0.0,0.0,0.0,0.0
2026_1_MonarayBaldwin_WR,2026_MonarayBaldwin_WR,MonarayBaldwin_WR,2026,1,2026-09-13,Monaray Baldwin,WR,MIA,@LV,20,0.0,0.0,0.0,0.0,0.0,0.0,0.0,0.0,0.0,0.0,0.0,0.0,0.0,0.0,0.0,0,487,0,0.0,0.0,0.0,0.0,0.0,0.0,0.0,0.0,0.0,0.0,0.0,0.0
2026_1_StanleyMorgan_WR,2026_StanleyMorgan_WR,StanleyMorgan_WR,2026,1,2026-09-13,Stanley Morgan,WR,TEN,NYJ,19,0.0,0.0,0.0,0.0,0.0,0.0,0.0,0.0,0.0,0.0,0.0,0.0,0.0,0.0,0.0,0,488,0,0.0,0.0,0.0,0.0,0.0,0.0,0.0,0.0,0.0,0.0,0.0,0.0
2026_1_TitusSwen_RB,2026_TitusSwen_RB,TitusSwen_RB,2026,1,2026-09-13,Titus Swen,RB,IND,BAL,17,0.0,0.0,0.0,0.0,0.0,0.0,0.0,0.0,0.0,0.0,0.0,0.0,0.0,0.0,0.0,0,264,0,0.0,0.0,0.0,0.0,0.0,0.0,0.0,0.0,0.0,0.0,0.0,0.0
2026_1_AustinRamesh_RB,2026_AustinRamesh_RB,AustinRamesh_RB,2026,1,2026-09-13,Austin Ramesh,RB,ARI,@LAC,8,0.0,0.0,0.0,0.0,0.0,0.0,0.0,0.0,0.0,0.0,0.0,0.0,0.0,0.0,0.0,0,265,0,0.0,0.0,0.0,0.0,0.0,0.0,0.0,0.0,0.0,0.0,0.0,0.0
2026_1_TrevonGrimes_WR,2026_TrevonGrimes_WR,TrevonGrimes_WR,2026,1,2026-09-13,Trevon Grimes,WR,PHI,WAS,28,0.0,0.0,0.0,0.0,0.0,0.0,0.0,0.0,0.0,0.0,0.0,0.0,0.0,0.0,0.0,0,489,0,0.0,0.0,0.0,0.0,0.0,0.0,0.0,0.0,0.0,0.0,0.0,0.0
2026_1_PatrickMurtagh_TE,2026_PatrickMurtagh_TE,PatrickMurtagh_TE,2026,1,2026-09-13,Patrick Murtagh,TE,DEN,@KC,6,0.0,0.0,0.0,0.0,0.0,0.0,0.0,0.0,0.0,0.0,0.0,0.0,0.0,0.0,0.0,0,221,0,0.0,0.0,0.0,0.0,0.0,0.0,0.0,0.0,0.0,0.0,0.0,0.0
2026_1_NicoCollins_WR,2026_NicoCollins_WR,NicoCollins_WR,2026,1,2026-09-13,Nico Collins,WR,HOU,BUF,13,0.0,0.0,0.0,0.0,0.0,0.0,0.0,0.0,0.0,0.0,0.0,0.0,0.0,0.0,0.0,0,490,0,0.0,0.0,0.0,0.0,0.0,0.0,0.0,0.0,0.0,0.0,0.0,0.0
2026_1_JahmyrGibbs_RB,2026_JahmyrGibbs_RB,JahmyrGibbs_RB,2026,1,2026-09-13,Jahmyr Gibbs,RB,DET,NO,20,0.0,0.0,0.0,0.0,0.0,0.0,0.0,0.0,0.0,0.0,0.0,0.0,0.0,0.0,0.0,0,266,0,0.0,0.0,0.0,0.0,0.0,0.0,0.0,0.0,0.0,0.0,0.0,0.0
2026_1_DerekCarr_QB,2026_DerekCarr_QB,DerekCarr_QB,2026,1,2026-09-13,Derek Carr,QB,NO,@DET,22,0.0,0.0,0.0,0.0,0.0,0.0,0.0,0.0,0.0,0.0,0.0,0.0,0.0,0.0,0.0,0,135,0,0.0,0.0,0.0,0.0,0.0,0.0,0.0,0.0,0.0,0.0,0.0,0.0
2026_1_ChrisHilton_WR,2026_ChrisHilton_WR,ChrisHilton_WR,2026,1,2026-09-13,Chris Hilton,WR,GB,@MIN,1,0.0,0.0,0.0,0.0,0.0,0.0,0.0,0.0,0.0,0.0,0.0,0.0,0.0,0.0,0.0,0,491,0,0.0,0.0,0.0,0.0,0.0,0.0,0.0,0.0,0.0,0.0,0.0,0.0
2026_1_RyanFlournoy_WR,2026_RyanFlournoy_WR,RyanFlournoy_WR,2026,1,2026-09-13,Ryan Flournoy,WR,DAL,@NYG,23,0.0,0.0,0.0,0.0,0.0,0.0,0.0,0.0,0.0,0.0,0.0,0.0,0.0,0.0,0.0,0,492,0,0.0,0.0,0.0,0.0,0.0,0.0,0.0,0.0,0.0,0.0,0.0,0.0
2026_1_TerryWright_WR,2026_TerryWright_WR,TerryWright_WR,2026,1,2026-09-13,Terry Wright,WR,MIA,@LV,20,0.0,0.0,0.0,0.0,0.0,0.0,0.0,0.0,0.0,0.0,0.0,0.0,0.0,0.0,0.0,0,493,0,0.0,0.0,0.0,0.0,0.0,0.0,0.0,0.0,0.0,0.0,0.0,0.0
2026_1_DontayvionWicks_WR,2026_DontayvionWicks_WR,DontayvionWicks_WR,2026,1,2026-09-13,Dontayvion Wicks,WR,PHI,WAS,28,0.0,0.0,0.0,0.0,0.0,0.0,0.0,0.0,0.0,0.0,0.0,0.0,0.0,0.0,0.0,0,494,0,0.0,0.0,0.0,0.0,0.0,0.0,0.0,0.0,0.0,0.0,0.0,0.0
2026_1_AlecPierce_WR,2026_AlecPierce_WR,AlecPierce_WR,2026,1,2026-09-13,Alec Pierce,WR,IND,BAL,25,0.0,0.0,0.0,0.0,0.0,0.0,0.0,0.0,0.0,0.0,0.0,0.0,0.0,0.0,0.0,0,495,0,0.0,0.0,0.0,0.0,0.0,0.0,0.0,0.0,0.0,0.0,0.0,0.0
2026_1_DeshaunWatson_QB,2026_DeshaunWatson_QB,DeshaunWatson_QB,2026,1,2026-09-13,Deshaun Watson,QB,CLE,@JAC,19,0.0,0.0,0.0,0.0,0.0,0.0,0.0,0.0,0.0,0.0,0.0,0.0,0.0,0.0,0.0,0,136,0,0.0,0.0,0.0,0.0,0.0,0.0,0.0,0.0,0.0,0.0,0.0,0.0
2026_1_DrewAnderson_QB,2026_DrewAnderson_QB,DrewAnderson_QB,2026,1,2026-09-13,Drew Anderson,QB,ARI,@LAC,3,0.0,0.0,0.0,0.0,0.0,0.0,0.0,0.0,0.0,0.0,0.0,0.0,0.0,0.0,0.0,0,137,0,0.0,0.0,0.0,0.0,0.0,0.0,0.0,0.0,0.0,0.0,0.0,0.0
2026_1_JoshuaSimon_TE,2026_JoshuaSimon_TE,JoshuaSimon_TE,2026,1,2026-09-13,Joshua Simon,TE,ATL,@PIT,26,0.0,0.0,0.0,0.0,0.0,0.0,0.0,0.0,0.0,0.0,0.0,0.0,0.0,0.0,0.0,0,222,0,0.0,0.0,0.0,0.0,0.0,0.0,0.0,0.0,0.0,0.0,0.0,0.0
2026_1_JeffDriskel_QB,2026_JeffDriskel_QB,JeffDriskel_QB,2026,1,2026-09-13,Jeff Driskel,QB,WAS,@PHI,11,0.0,0.0,0.0,0.0,0.0,0.0,0.0,0.0,0.0,0.0,0.0,0.0,0.0,0.0,0.0,0,138,0,0.0,0.0,0.0,0.0,0.0,0.0,0.0,0.0,0.0,0.0,0.0,0.0
2026_1_IanWheeler_RB,2026_IanWheeler_RB,IanWheeler_RB,2026,1,2026-09-13,Ian Wheeler,RB,BUF,@HOU,5,0.0,0.0,0.0,0.0,0.0,0.0,0.0,0.0,0.0,0.0,0.0,0.0,0.0,0.0,0.0,0,267,0,0.0,0.0,0.0,0.0,0.0,0.0,0.0,0.0,0.0,0.0,0.0,0.0
2026_1_JonathanMingo_WR,2026_JonathanMingo_WR,JonathanMingo_WR,2026,1,2026-09-13,Jonathan Mingo,WR,DAL,@NYG,23,0.0,0.0,0.0,0.0,0.0,0.0,0.0,0.0,0.0,0.0,0.0,0.0,0.0,0.0,0.0,0,496,0,0.0,0.0,0.0,0.0,0.0,0.0,0.0,0.0,0.0,0.0,0.0,0.0
2026_1_KennethHarper_RB,2026_KennethHarper_RB,KennethHarper_RB,2026,1,2026-09-13,Kenneth Harper,RB,NYG,DAL,27,0.0,0.0,0.0,0.0,0.0,0.0,0.0,0.0,0.0,0.0,0.0,0.0,0.0,0.0,0.0,0,268,0,0.0,0.0,0.0,0.0,0.0,0.0,0.0,0.0,0.0,0.0,0.0,0.0
2026_1_JoeRoyer_TE,2026_JoeRoyer_TE,JoeRoyer_TE,2026,1,2026-09-13,Joe Royer,TE,CLE,@JAC,23,0.0,0.0,0.0,0.0,0.0,0.0,0.0,0.0,0.0,0.0,0.0,0.0,0.0,0.0,0.0,0,223,0,0.0,0.0,0.0,0.0,0.0,0.0,0.0,0.0,0.0,0.0,0.0,0.0
2026_1_TommyDeVito_QB,2026_TommyDeVito_QB,TommyDeVito_QB,2026,1,2026-09-13,Tommy DeVito,QB,NE,@SEA,8,0.0,0.0,0.0,0.0,0.0,0.0,0.0,0.0,0.0,0.0,0.0,0.0,0.0,0.0,0.0,0,139,0,0.0,0.0,0.0,0.0,0.0,0.0,0.0,0.0,0.0,0.0,0.0,0.0
2026_1_EllisMerriweather_RB,2026_EllisMerriweather_RB,EllisMerriweather_RB,2026,1,2026-09-13,Ellis Merriweather,RB,GB,@MIN,15,0.0,0.0,0.0,0.0,0.0,0.0,0.0,0.0,0.0,0.0,0.0,0.0,0.0,0.0,0.0,0,269,0,0.0,0.0,0.0,0.0,0.0,0.0,0.0,0.0,0.0,0.0,0.0,0.0
2026_1_JoshKattus_TE,2026_JoshKattus_TE,JoshKattus_TE,2026,1,2026-09-13,Josh Kattus,TE,CIN,TB,27,0.0,0.0,0.0,0.0,0.0,0.0,0.0,0.0,0.0,0.0,0.0,0.0,0.0,0.0,0.0,0,224,0,0.0,0.0,0.0,0.0,0.0,0.0,0.0,0.0,0.0,0.0,0.0,0.0
2026_1_SimiFehoko_WR,2026_SimiFehoko_WR,SimiFehoko_WR,2026,1,2026-09-13,Simi Fehoko,WR,ARI,@LAC,3,0.0,0.0,0.0,0.0,0.0,0.0,0.0,0.0,0.0,0.0,0.0,0.0,0.0,0.0,0.0,0,497,0,0.0,0.0,0.0,0.0,0.0,0.0,0.0,0.0,0.0,0.0,0.0,0.0
2026_1_JahmalBanks_WR,2026_JahmalBanks_WR,JahmalBanks_WR,2026,1,2026-09-13,Jahmal Banks,WR,BAL,@IND,27,0.0,0.0,0.0,0.0,0.0,0.0,0.0,0.0,0.0,0.0,0.0,0.0,0.0,0.0,0.0,0,498,0,0.0,0.0,0.0,0.0,0.0,0.0,0.0,0.0,0.0,0.0,0.0,0.0
2026_1_CyrusHolder_WR,2026_CyrusHolder_WR,CyrusHolder_WR,2026,1,2026-09-13,Cyrus Holder,WR,CHI,@CAR,12,0.0,0.0,0.0,0.0,0.0,0.0,0.0,0.0,0.0,0.0,0.0,0.0,0.0,0.0,0.0,0,499,0,0.0,0.0,0.0,0.0,0.0,0.0,0.0,0.0,0.0,0.0,0.0,0.0
2026_1_MattJohnson_QB,2026_MattJohnson_QB,MattJohnson_QB,2026,1,2026-09-13,Matt Johnson,QB,CIN,TB,29,0.0,0.0,0.0,0.0,0.0,0.0,0.0,0.0,0.0,0.0,0.0,0.0,0.0,0.0,0.0,0,140,0,0.0,0.0,0.0,0.0,0.0,0.0,0.0,0.0,0.0,0.0,0.0,0.0
2026_1_JaivonHeiligh_WR,2026_JaivonHeiligh_WR,JaivonHeiligh_WR,2026,1,2026-09-13,Jaivon Heiligh,WR,CIN,TB,18,0.0,0.0,0.0,0.0,0.0,0.0,0.0,0.0,0.0,0.0,0.0,0.0,0.0,0.0,0.0,0,500,0,0.0,0.0,0.0,0.0,0.0,0.0,0.0,0.0,0.0,0.0,0.0,0.0
2026_1_RasheeRice_WR,2026_RasheeRice_WR,RasheeRice_WR,2026,1,2026-09-13,Rashee Rice,WR,KC,DEN,2,0.0,0.0,0.0,0.0,0.0,0.0,0.0,0.0,0.0,0.0,0.0,0.0,0.0,0.0,0.0,0,501,0,0.0,0.0,0.0,0.0,0.0,0.0,0.0,0.0,0.0,0.0,0.0,0.0
2026_1_JeremyMcNichols_RB,2026_JeremyMcNichols_RB,JeremyMcNichols_RB,2026,1,2026-09-13,Jeremy McNichols,RB,WAS,@PHI,26,0.0,0.0,0.0,0.0,0.0,0.0,0.0,0.0,0.0,0.0,0.0,0.0,0.0,0.0,0.0,0,270,0,0.0,0.0,0.0,0.0,0.0,0.0,0.0,0.0,0.0,0.0,0.0,0.0
2026_1_DeVonteChristopher_WR,2026_DeVonteChristopher_WR,DeVonteChristopher_WR,2026,1,2026-09-13,DeVonte Christopher,WR,FA,BYE,33,0.0,0.0,0.0,0.0,0.0,0.0,0.0,0.0,0.0,0.0,0.0,0.0,0.0,0.0,0.0,0,502,0,0.0,0.0,0.0,0.0,0.0,0.0,0.0,0.0,0.0,0.0,0.0,0.0
2026_1_SandroPlatzgummer_RB,2026_SandroPlatzgummer_RB,SandroPlatzgummer_RB,2026,1,2026-09-13,Sandro Platzgummer,RB,NYG,DAL,27,0.0,0.0,0.0,0.0,0.0,0.0,0.0,0.0,0.0,0.0,0.0,0.0,0.0,0.0,0.0,0,271,0,0.0,0.0,0.0,0.0,0.0,0.0,0.0,0.0,0.0,0.0,0.0,0.0
2026_1_MasonRudolph_QB,2026_MasonRudolph_QB,MasonRudolph_QB,2026,1,2026-09-13,Mason Rudolph,QB,PIT,ATL,18,0.0,0.0,0.0,0.0,0.0,0.0,0.0,0.0,0.0,0.0,0.0,0.0,0.0,0.0,0.0,0,141,0,0.0,0.0,0.0,0.0,0.0,0.0,0.0,0.0,0.0,0.0,0.0,0.0
2026_1_DominiqueDafney_TE,2026_DominiqueDafney_TE,DominiqueDafney_TE,2026,1,2026-09-13,Dominique Dafney,TE,CAR,CHI,11,0.0,0.0,0.0,0.0,0.0,0.0,0.0,0.0,0.0,0.0,0.0,0.0,0.0,0.0,0.0,0,225,0,0.0,0.0,0.0,0.0,0.0,0.0,0.0,0.0,0.0,0.0,0.0,0.0
2026_1_MacJones_QB,2026_MacJones_QB,MacJones_QB,2026,1,2026-09-13,Mac Jones,QB,SF,@LAR,15,0.0,0.0,0.0,0.0,0.0,0.0,0.0,0.0,0.0,0.0,0.0,0.0,0.0,0.0,0.0,0,142,0,0.0,0.0,0.0,0.0,0.0,0.0,0.0,0.0,0.0,0.0,0.0,0.0
2026_1_QuartneyDavis_WR,2026_QuartneyDavis_WR,QuartneyDavis_WR,2026,1,2026-09-13,Quartney Davis,WR,IND,BAL,25,0.0,0.0,0.0,0.0,0.0,0.0,0.0,0.0,0.0,0.0,0.0,0.0,0.0,0.0,0.0,0,503,0,0.0,0.0,0.0,0.0,0.0,0.0,0.0,0.0,0.0,0.0,0.0,0.0
2026_1_NoahCain_RB,2026_NoahCain_RB,NoahCain_RB,2026,1,2026-09-13,Noah Cain,RB,CIN,TB,12,0.0,0.0,0.0,0.0,0.0,0.0,0.0,0.0,0.0,0.0,0.0,0.0,0.0,0.0,0.0,0,272,0,0.0,0.0,0.0,0.0,0.0,0.0,0.0,0.0,0.0,0.0,0.0,0.0
2026_1_TyrenMontgomery_WR,2026_TyrenMontgomery_WR,TyrenMontgomery_WR,2026,1,2026-09-13,Tyren Montgomery,WR,TEN,NYJ,19,0.0,0.0,0.0,0.0,0.0,0.0,0.0,0.0,0.0,0.0,0.0,0.0,0.0,0.0,0.0,0,504,0,0.0,0.0,0.0,0.0,0.0,0.0,0.0,0.0,0.0,0.0,0.0,0.0
2026_1_TroyHairston_RB,2026_TroyHairston_RB,TroyHairston_RB,2026,1,2026-09-13,Troy Hairston,RB,CLE,@JAC,1,0.0,0.0,0.0,0.0,0.0,0.0,0.0,0.0,0.0,0.0,0.0,0.0,0.0,0.0,0.0,0,273,0,0.0,0.0,0.0,0.0,0.0,0.0,0.0,0.0,0.0,0.0,0.0,0.0
2026_1_BaylorCupp_TE,2026_BaylorCupp_TE,BaylorCupp_TE,2026,1,2026-09-13,Baylor Cupp,TE,ARI,@LAC,9,0.0,0.0,0.0,0.0,0.0,0.0,0.0,0.0,0.0,0.0,0.0,0.0,0.0,0.0,0.0,0,226,0,0.0,0.0,0.0,0.0,0.0,0.0,0.0,0.0,0.0,0.0,0.0,0.0
2026_1_JohnHall_WR,2026_JohnHall_WR,JohnHall_WR,2026,1,2026-09-13,John Hall,WR,SEA,NE,11,0.0,0.0,0.0,0.0,0.0,0.0,0.0,0.0,0.0,0.0,0.0,0.0,0.0,0.0,0.0,0,505,0,0.0,0.0,0.0,0.0,0.0,0.0,0.0,0.0,0.0,0.0,0.0,0.0
2026_1_TylerConklin_TE,2026_TylerConklin_TE,TylerConklin_TE,2026,1,2026-09-13,Tyler Conklin,TE,DET,NO,15,0.0,0.0,0.0,0.0,0.0,0.0,0.0,0.0,0.0,0.0,0.0,0.0,0.0,0.0,0.0,0,227,0,0.0,0.0,0.0,0.0,0.0,0.0,0.0,0.0,0.0,0.0,0.0,0.0
2026_1_DareOgunbowale_RB,2026_DareOgunbowale_RB,DareOgunbowale_RB,2026,1,2026-09-13,Dare Ogunbowale,RB,LV,MIA,24,0.0,0.0,0.0,0.0,0.0,0.0,0.0,0.0,0.0,0.0,0.0,0.0,0.0,0.0,0.0,0,274,0,0.0,0.0,0.0,0.0,0.0,0.0,0.0,0.0,0.0,0.0,0.0,0.0
2026_1_MakaiPolk_WR,2026_MakaiPolk_WR,MakaiPolk_WR,2026,1,2026-09-13,Makai Polk,WR,ATL,@PIT,26,0.0,0.0,0.0,0.0,0.0,0.0,0.0,0.0,0.0,0.0,0.0,0.0,0.0,0.0,0.0,0,506,0,0.0,0.0,0.0,0.0,0.0,0.0,0.0,0.0,0.0,0.0,0.0,0.0
2026_1_CamWard_QB,2026_CamWard_QB,CamWard_QB,2026,1,2026-09-13,Cam Ward,QB,TEN,NYJ,31,0.0,0.0,0.0,0.0,0.0,0.0,0.0,0.0,0.0,0.0,0.0,0.0,0.0,0.0,0.0,0,143,0,0.0,0.0,0.0,0.0,0.0,0.0,0.0,0.0,0.0,0.0,0.0,0.0
2026_1_SethHenigan_QB,2026_SethHenigan_QB,SethHenigan_QB,2026,1,2026-09-13,Seth Henigan,QB,IND,BAL,21,0.0,0.0,0.0,0.0,0.0,0.0,0.0,0.0,0.0,0.0,0.0,0.0,0.0,0.0,0.0,0,144,0,0.0,0.0,0.0,0.0,0.0,0.0,0.0,0.0,0.0,0.0,0.0,0.0
2026_1_ZachOjile_RB,2026_ZachOjile_RB,ZachOjile_RB,2026,1,2026-09-13,Zach Ojile,RB,MIN,GB,18,0.0,0.0,0.0,0.0,0.0,0.0,0.0,0.0,0.0,0.0,0.0,0.0,0.0,0.0,0.0,0,275,0,0.0,0.0,0.0,0.0,0.0,0.0,0.0,0.0,0.0,0.0,0.0,0.0
2026_1_ManassehBailey_WR,2026_ManassehBailey_WR,ManassehBailey_WR,2026,1,2026-09-13,Manasseh Bailey,WR,NYJ,@TEN,29,0.0,0.0,0.0,0.0,0.0,0.0,0.0,0.0,0.0,0.0,0.0,0.0,0.0,0.0,0.0,0,507,0,0.0,0.0,0.0,0.0,0.0,0.0,0.0,0.0,0.0,0.0,0.0,0.0
2026_1_JonathanDuhart_WR,2026_JonathanDuhart_WR,JonathanDuhart_WR,2026,1,2026-09-13,Jonathan Duhart,WR,DET,NO,10,0.0,0.0,0.0,0.0,0.0,0.0,0.0,0.0,0.0,0.0,0.0,0.0,0.0,0.0,0.0,0,508,0,0.0,0.0,0.0,0.0,0.0,0.0,0.0,0.0,0.0,0.0,0.0,0.0
2026_1_AnthonyMiller_WR,2026_AnthonyMiller_WR,AnthonyMiller_WR,2026,1,2026-09-13,Anthony Miller,WR,BAL,@IND,27,0.0,0.0,0.0,0.0,0.0,0.0,0.0,0.0,0.0,0.0,0.0,0.0,0.0,0.0,0.0,0,509,0,0.0,0.0,0.0,0.0,0.0,0.0,0.0,0.0,0.0,0.0,0.0,0.0
2026_1_TamorrionTerry_WR,2026_TamorrionTerry_WR,TamorrionTerry_WR,2026,1,2026-09-13,Tamorrion Terry,WR,SEA,NE,11,0.0,0.0,0.0,0.0,0.0,0.0,0.0,0.0,0.0,0.0,0.0,0.0,0.0,0.0,0.0,0,510,0,0.0,0.0,0.0,0.0,0.0,0.0,0.0,0.0,0.0,0.0,0.0,0.0
2026_1_TannerMcKee_QB,2026_TannerMcKee_QB,TannerMcKee_QB,2026,1,2026-09-13,Tanner McKee,QB,PHI,WAS,30,0.0,0.0,0.0,0.0,0.0,0.0,0.0,0.0,0.0,0.0,0.0,0.0,0.0,0.0,0.0,0,145,0,0.0,0.0,0.0,0.0,0.0,0.0,0.0,0.0,0.0,0.0,0.0,0.0
2026_1_TJPledger_RB,2026_TJPledger_RB,TJPledger_RB,2026,1,2026-09-13,TJ Pledger,RB,ARI,@LAC,8,0.0,0.0,0.0,0.0,0.0,0.0,0.0,0.0,0.0,0.0,0.0,0.0,0.0,0.0,0.0,0,276,0,0.0,0.0,0.0,0.0,0.0,0.0,0.0,0.0,0.0,0.0,0.0,0.0
2026_1_CameronLatu_TE,2026_CameronLatu_TE,CameronLatu_TE,2026,1,2026-09-13,Cameron Latu,TE,PHI,WAS,30,0.0,0.0,0.0,0.0,0.0,0.0,0.0,0.0,0.0,0.0,0.0,0.0,0.0,0.0,0.0,0,228,0,0.0,0.0,0.0,0.0,0.0,0.0,0.0,0.0,0.0,0.0,0.0,0.0
2026_1_OliverMartin_WR,2026_OliverMartin_WR,OliverMartin_WR,2026,1,2026-09-13,Oliver Martin,WR,JAC,CLE,5,0.0,0.0,0.0,0.0,0.0,0.0,0.0,0.0,0.0,0.0,0.0,0.0,0.0,0.0,0.0,0,511,0,0.0,0.0,0.0,0.0,0.0,0.0,0.0,0.0,0.0,0.0,0.0,0.0
2026_1_ZackKuntz_TE,2026_ZackKuntz_TE,ZackKuntz_TE,2026,1,2026-09-13,Zack Kuntz,TE,DAL,@NYG,10,0.0,0.0,0.0,0.0,0.0,0.0,0.0,0.0,0.0,0.0,0.0,0.0,0.0,0.0,0.0,0,229,0,0.0,0.0,0.0,0.0,0.0,0.0,0.0,0.0,0.0,0.0,0.0,0.0
2026_1_BraxtonWestfield_WR,2026_BraxtonWestfield_WR,BraxtonWestfield_WR,2026,1,2026-09-13,Braxton Westfield,WR,IND,BAL,25,0.0,0.0,0.0,0.0,0.0,0.0,0.0,0.0,0.0,0.0,0.0,0.0,0.0,0.0,0.0,0,512,0,0.0,0.0,0.0,0.0,0.0,0.0,0.0,0.0,0.0,0.0,0.0,0.0
2026_1_MannyWilkins_QB,2026_MannyWilkins_QB,MannyWilkins_QB,2026,1,2026-09-13,Manny Wilkins,QB,GB,@MIN,1,0.0,0.0,0.0,0.0,0.0,0.0,0.0,0.0,0.0,0.0,0.0,0.0,0.0,0.0,0.0,0,146,0,0.0,0.0,0.0,0.0,0.0,0.0,0.0,0.0,0.0,0.0,0.0,0.0
2026_1_CedricTillman_WR,2026_CedricTillman_WR,CedricTillman_WR,2026,1,2026-09-13,Cedric Tillman,WR,CLE,@JAC,15,0.0,0.0,0.0,0.0,0.0,0.0,0.0,0.0,0.0,0.0,0.0,0.0,0.0,0.0,0.0,0,513,0,0.0,0.0,0.0,0.0,0.0,0.0,0.0,0.0,0.0,0.0,0.0,0.0
2026_1_RalphWebb_RB,2026_RalphWebb_RB,RalphWebb_RB,2026,1,2026-09-13,Ralph Webb,RB,PIT,ATL,16,0.0,0.0,0.0,0.0,0.0,0.0,0.0,0.0,0.0,0.0,0.0,0.0,0.0,0.0,0.0,0,277,0,0.0,0.0,0.0,0.0,0.0,0.0,0.0,0.0,0.0,0.0,0.0,0.0
2026_1_JacobClark_QB,2026_JacobClark_QB,JacobClark_QB,2026,1,2026-09-13,Jacob Clark,QB,LV,MIA,23,0.0,0.0,0.0,0.0,0.0,0.0,0.0,0.0,0.0,0.0,0.0,0.0,0.0,0.0,0.0,0,147,0,0.0,0.0,0.0,0.0,0.0,0.0,0.0,0.0,0.0,0.0,0.0,0.0
2026_1_DeionBurks_WR,2026_DeionBurks_WR,DeionBurks_WR,2026,1,2026-09-13,Deion Burks,WR,IND,BAL,25,0.0,0.0,0.0,0.0,0.0,0.0,0.0,0.0,0.0,0.0,0.0,0.0,0.0,0.0,0.0,0,514,0,0.0,0.0,0.0,0.0,0.0,0.0,0.0,0.0,0.0,0.0,0.0,0.0
2026_1_KennyYeboah_TE,2026_KennyYeboah_TE,KennyYeboah_TE,2026,1,2026-09-13,Kenny Yeboah,TE,ARI,@LAC,9,0.0,0.0,0.0,0.0,0.0,0.0,0.0,0.0,0.0,0.0,0.0,0.0,0.0,0.0,0.0,0,230,0,0.0,0.0,0.0,0.0,0.0,0.0,0.0,0.0,0.0,0.0,0.0,0.0
2026_1_KylePhilips_WR,2026_KylePhilips_WR,KylePhilips_WR,2026,1,2026-09-13,Kyle Philips,WR,LV,MIA,14,0.0,0.0,0.0,0.0,0.0,0.0,0.0,0.0,0.0,0.0,0.0,0.0,0.0,0.0,0.0,0,515,0,0.0,0.0,0.0,0.0,0.0,0.0,0.0,0.0,0.0,0.0,0.0,0.0
2026_1_KyleMcCord_QB,2026_KyleMcCord_QB,KyleMcCord_QB,2026,1,2026-09-13,Kyle McCord,QB,GB,@MIN,1,0.0,0.0,0.0,0.0,0.0,0.0,0.0,0.0,0.0,0.0,0.0,0.0,0.0,0.0,0.0,0,148,0,0.0,0.0,0.0,0.0,0.0,0.0,0.0,0.0,0.0,0.0,0.0,0.0
2026_1_WillDissly_TE,2026_WillDissly_TE,WillDissly_TE,2026,1,2026-09-13,Will Dissly,TE,LAC,ARI,31,0.0,0.0,0.0,0.0,0.0,0.0,0.0,0.0,0.0,0.0,0.0,0.0,0.0,0.0,0.0,0,231,0,0.0,0.0,0.0,0.0,0.0,0.0,0.0,0.0,0.0,0.0,0.0,0.0
2026_1_EdLee_WR,2026_EdLee_WR,EdLee_WR,2026,1,2026-09-13,Ed Lee,WR,NE,@SEA,4,0.0,0.0,0.0,0.0,0.0,0.0,0.0,0.0,0.0,0.0,0.0,0.0,0.0,0.0,0.0,0,516,0,0.0,0.0,0.0,0.0,0.0,0.0,0.0,0.0,0.0,0.0,0.0,0.0
2026_1_ShaneWatts_RB,2026_ShaneWatts_RB,ShaneWatts_RB,2026,1,2026-09-13,Shane Watts,RB,NE,@SEA,4,0.0,0.0,0.0,0.0,0.0,0.0,0.0,0.0,0.0,0.0,0.0,0.0,0.0,0.0,0.0,0,278,0,0.0,0.0,0.0,0.0,0.0,0.0,0.0,0.0,0.0,0.0,0.0,0.0
2026_1_KennethGainwell_RB,2026_KennethGainwell_RB,KennethGainwell_RB,2026,1,2026-09-13,Kenneth Gainwell,RB,TB,@CIN,31,0.0,0.0,0.0,0.0,0.0,0.0,0.0,0.0,0.0,0.0,0.0,0.0,0.0,0.0,0.0,0,279,0,0.0,0.0,0.0,0.0,0.0,0.0,0.0,0.0,0.0,0.0,0.0,0.0
2026_1_Ja'QuindenJackson_RB,2026_Ja'QuindenJackson_RB,Ja'QuindenJackson_RB,2026,1,2026-09-13,Ja'Quinden Jackson,RB,PHI,WAS,29,0.0,0.0,0.0,0.0,0.0,0.0,0.0,0.0,0.0,0.0,0.0,0.0,0.0,0.0,0.0,0,280,0,0.0,0.0,0.0,0.0,0.0,0.0,0.0,0.0,0.0,0.0,0.0,0.0
2026_1_KhalilDinkins_TE,2026_KhalilDinkins_TE,KhalilDinkins_TE,2026,1,2026-09-13,Khalil Dinkins,TE,SF,@LAR,14,0.0,0.0,0.0,0.0,0.0,0.0,0.0,0.0,0.0,0.0,0.0,0.0,0.0,0.0,0.0,0,232,0,0.0,0.0,0.0,0.0,0.0,0.0,0.0,0.0,0.0,0.0,0.0,0.0
2026_1_WillPauling_WR,2026_WillPauling_WR,WillPauling_WR,2026,1,2026-09-13,Will Pauling,WR,SF,@LAR,24,0.0,0.0,0.0,0.0,0.0,0.0,0.0,0.0,0.0,0.0,0.0,0.0,0.0,0.0,0.0,0,517,0,0.0,0.0,0.0,0.0,0.0,0.0,0.0,0.0,0.0,0.0,0.0,0.0
2026_1_NoahBrown_WR,2026_NoahBrown_WR,NoahBrown_WR,2026,1,2026-09-13,Noah Brown,WR,WAS,@PHI,8,0.0,0.0,0.0,0.0,0.0,0.0,0.0,0.0,0.0,0.0,0.0,0.0,0.0,0.0,0.0,0,518,0,0.0,0.0,0.0,0.0,0.0,0.0,0.0,0.0,0.0,0.0,0.0,0.0
2026_1_PatFreiermuth_TE,2026_PatFreiermuth_TE,PatFreiermuth_TE,2026,1,2026-09-13,Pat Freiermuth,TE,PIT,ATL,5,0.0,0.0,0.0,0.0,0.0,0.0,0.0,0.0,0.0,0.0,0.0,0.0,0.0,0.0,0.0,0,233,0,0.0,0.0,0.0,0.0,0.0,0.0,0.0,0.0,0.0,0.0,0.0,0.0
2026_1_JermarJefferson_RB,2026_JermarJefferson_RB,JermarJefferson_RB,2026,1,2026-09-13,Jermar Jefferson,RB,MIN,GB,18,0.0,0.0,0.0,0.0,0.0,0.0,0.0,0.0,0.0,0.0,0.0,0.0,0.0,0.0,0.0,0,281,0,0.0,0.0,0.0,0.0,0.0,0.0,0.0,0.0,0.0,0.0,0.0,0.0
2026_1_KelekiLatu_TE,2026_KelekiLatu_TE,KelekiLatu_TE,2026,1,2026-09-13,Keleki Latu,TE,BUF,@HOU,7,0.0,0.0,0.0,0.0,0.0,0.0,0.0,0.0,0.0,0.0,0.0,0.0,0.0,0.0,0.0,0,234,0,0.0,0.0,0.0,0.0,0.0,0.0,0.0,0.0,0.0,0.0,0.0,0.0
2026_1_CodyChrest_WR,2026_CodyChrest_WR,CodyChrest_WR,2026,1,2026-09-13,Cody Chrest,WR,GB,@MIN,1,0.0,0.0,0.0,0.0,0.0,0.0,0.0,0.0,0.0,0.0,0.0,0.0,0.0,0.0,0.0,0,519,0,0.0,0.0,0.0,0.0,0.0,0.0,0.0,0.0,0.0,0.0,0.0,0.0
2026_1_DamienMartinez_RB,2026_DamienMartinez_RB,DamienMartinez_RB,2026,1,2026-09-13,Damien Martinez,RB,GB,@MIN,15,0.0,0.0,0.0,0.0,0.0,0.0,0.0,0.0,0.0,0.0,0.0,0.0,0.0,0.0,0.0,0,282,0,0.0,0.0,0.0,0.0,0.0,0.0,0.0,0.0,0.0,0.0,0.0,0.0
2026_1_AdonaiMitchell_WR,2026_AdonaiMitchell_WR,AdonaiMitchell_WR,2026,1,2026-09-13,Adonai Mitchell,WR,NYJ,@TEN,29,0.0,0.0,0.0,0.0,0.0,0.0,0.0,0.0,0.0,0.0,0.0,0.0,0.0,0.0,0.0,0,520,0,0.0,0.0,0.0,0.0,0.0,0.0,0.0,0.0,0.0,0.0,0.0,0.0
2026_1_IsaiahWilliams_WR,2026_IsaiahWilliams_WR,IsaiahWilliams_WR,2026,1,2026-09-13,Isaiah Williams,WR,NYJ,@TEN,29,0.0,0.0,0.0,0.0,0.0,0.0,0.0,0.0,0.0,0.0,0.0,0.0,0.0,0.0,0.0,0,521,0,0.0,0.0,0.0,0.0,0.0,0.0,0.0,0.0,0.0,0.0,0.0,0.0
2026_1_TannerMorgan_QB,2026_TannerMorgan_QB,TannerMorgan_QB,2026,1,2026-09-13,Tanner Morgan,QB,MIN,GB,10,0.0,0.0,0.0,0.0,0.0,0.0,0.0,0.0,0.0,0.0,0.0,0.0,0.0,0.0,0.0,0,149,0,0.0,0.0,0.0,0.0,0.0,0.0,0.0,0.0,0.0,0.0,0.0,0.0
2026_1_BrenenThompson_WR,2026_BrenenThompson_WR,BrenenThompson_WR,2026,1,2026-09-13,Brenen Thompson,WR,LAC,ARI,17,0.0,0.0,0.0,0.0,0.0,0.0,0.0,0.0,0.0,0.0,0.0,0.0,0.0,0.0,0.0,0,522,0,0.0,0.0,0.0,0.0,0.0,0.0,0.0,0.0,0.0,0.0,0.0,0.0
2026_1_ThaddeusMoss_TE,2026_ThaddeusMoss_TE,ThaddeusMoss_TE,2026,1,2026-09-13,Thaddeus Moss,TE,CIN,TB,27,0.0,0.0,0.0,0.0,0.0,0.0,0.0,0.0,0.0,0.0,0.0,0.0,0.0,0.0,0.0,0,235,0,0.0,0.0,0.0,0.0,0.0,0.0,0.0,0.0,0.0,0.0,0.0,0.0
2026_1_ThomasIves_WR,2026_ThomasIves_WR,ThomasIves_WR,2026,1,2026-09-13,Thomas Ives,WR,CHI,@CAR,12,0.0,0.0,0.0,0.0,0.0,0.0,0.0,0.0,0.0,0.0,0.0,0.0,0.0,0.0,0.0,0,523,0,0.0,0.0,0.0,0.0,0.0,0.0,0.0,0.0,0.0,0.0,0.0,0.0
2026_1_NoahGray_TE,2026_NoahGray_TE,NoahGray_TE,2026,1,2026-09-13,Noah Gray,TE,KC,DEN,18,0.0,0.0,0.0,0.0,0.0,0.0,0.0,0.0,0.0,0.0,0.0,0.0,0.0,0.0,0.0,0,236,0,0.0,0.0,0.0,0.0,0.0,0.0,0.0,0.0,0.0,0.0,0.0,0.0
2026_1_TreylonBurks_WR,2026_TreylonBurks_WR,TreylonBurks_WR,2026,1,2026-09-13,Treylon Burks,WR,WAS,@PHI,8,0.0,0.0,0.0,0.0,0.0,0.0,0.0,0.0,0.0,0.0,0.0,0.0,0.0,0.0,0.0,0,524,0,0.0,0.0,0.0,0.0,0.0,0.0,0.0,0.0,0.0,0.0,0.0,0.0
2026_1_Wan'DaleRobinson_WR,2026_Wan'DaleRobinson_WR,Wan'DaleRobinson_WR,2026,1,2026-09-13,Wan'Dale Robinson,WR,TEN,NYJ,19,0.0,0.0,0.0,0.0,0.0,0.0,0.0,0.0,0.0,0.0,0.0,0.0,0.0,0.0,0.0,0,525,0,0.0,0.0,0.0,0.0,0.0,0.0,0.0,0.0,0.0,0.0,0.0,0.0
2026_1_CourtneyJackson_WR,2026_CourtneyJackson_WR,CourtneyJackson_WR,2026,1,2026-09-13,Courtney Jackson,WR,TEN,NYJ,19,0.0,0.0,0.0,0.0,0.0,0.0,0.0,0.0,0.0,0.0,0.0,0.0,0.0,0.0,0.0,0,526,0,0.0,0.0,0.0,0.0,0.0,0.0,0.0,0.0,0.0,0.0,0.0,0.0
2026_1_PatConroy_TE,2026_PatConroy_TE,PatConroy_TE,2026,1,2026-09-13,Pat Conroy,TE,LV,MIA,29,0.0,0.0,0.0,0.0,0.0,0.0,0.0,0.0,0.0,0.0,0.0,0.0,0.0,0.0,0.0,0,237,0,0.0,0.0,0.0,0.0,0.0,0.0,0.0,0.0,0.0,0.0,0.0,0.0
2026_1_BrunoLabelle_TE,2026_BrunoLabelle_TE,BrunoLabelle_TE,2026,1,2026-09-13,Bruno Labelle,TE,ARI,@LAC,9,0.0,0.0,0.0,0.0,0.0,0.0,0.0,0.0,0.0,0.0,0.0,0.0,0.0,0.0,0.0,0,238,0,0.0,0.0,0.0,0.0,0.0,0.0,0.0,0.0,0.0,0.0,0.0,0.0
2026_1_ChrisBlair_WR,2026_ChrisBlair_WR,ChrisBlair_WR,2026,1,2026-09-13,Chris Blair,WR,ATL,@PIT,26,0.0,0.0,0.0,0.0,0.0,0.0,0.0,0.0,0.0,0.0,0.0,0.0,0.0,0.0,0.0,0,527,0,0.0,0.0,0.0,0.0,0.0,0.0,0.0,0.0,0.0,0.0,0.0,0.0
2026_1_MichaelWiley_RB,2026_MichaelWiley_RB,MichaelWiley_RB,2026,1,2026-09-13,Michael Wiley,RB,TB,@CIN,31,0.0,0.0,0.0,0.0,0.0,0.0,0.0,0.0,0.0,0.0,0.0,0.0,0.0,0.0,0.0,0,283,0,0.0,0.0,0.0,0.0,0.0,0.0,0.0,0.0,0.0,0.0,0.0,0.0
2026_1_JoshLove_QB,2026_JoshLove_QB,JoshLove_QB,2026,1,2026-09-13,Josh Love,QB,CAR,CHI,26,0.0,0.0,0.0,0.0,0.0,0.0,0.0,0.0,0.0,0.0,0.0,0.0,0.0,0.0,0.0,0,150,0,0.0,0.0,0.0,0.0,0.0,0.0,0.0,0.0,0.0,0.0,0.0,0.0
2026_1_LaJohntayWester_WR,2026_LaJohntayWester_WR,LaJohntayWester_WR,2026,1,2026-09-13,LaJohntay Wester,WR,BAL,@IND,27,0.0,0.0,0.0,0.0,0.0,0.0,0.0,0.0,0.0,0.0,0.0,0.0,0.0,0.0,0.0,0,528,0,0.0,0.0,0.0,0.0,0.0,0.0,0.0,0.0,0.0,0.0,0.0,0.0
2026_1_DarryntonEvans_RB,2026_DarryntonEvans_RB,DarryntonEvans_RB,2026,1,2026-09-13,Darrynton Evans,RB,BUF,@HOU,5,0.0,0.0,0.0,0.0,0.0,0.0,0.0,0.0,0.0,0.0,0.0,0.0,0.0,0.0,0.0,0,284,0,0.0,0.0,0.0,0.0,0.0,0.0,0.0,0.0,0.0,0.0,0.0,0.0
2026_1_DyamiBrown_WR,2026_DyamiBrown_WR,DyamiBrown_WR,2026,1,2026-09-13,Dyami Brown,WR,WAS,@PHI,8,0.0,0.0,0.0,0.0,0.0,0.0,0.0,0.0,0.0,0.0,0.0,0.0,0.0,0.0,0.0,0,529,0,0.0,0.0,0.0,0.0,0.0,0.0,0.0,0.0,0.0,0.0,0.0,0.0
2026_1_JaredWayne_WR,2026_JaredWayne_WR,JaredWayne_WR,2026,1,2026-09-13,Jared Wayne,WR,HOU,BUF,13,0.0,0.0,0.0,0.0,0.0,0.0,0.0,0.0,0.0,0.0,0.0,0.0,0.0,0.0,0.0,0,530,0,0.0,0.0,0.0,0.0,0.0,0.0,0.0,0.0,0.0,0.0,0.0,0.0
2026_1_AllenRobinson_WR,2026_AllenRobinson_WR,AllenRobinson_WR,2026,1,2026-09-13,Allen Robinson,WR,DET,NO,10,0.0,0.0,0.0,0.0,0.0,0.0,0.0,0.0,0.0,0.0,0.0,0.0,0.0,0.0,0.0,0,531,0,0.0,0.0,0.0,0.0,0.0,0.0,0.0,0.0,0.0,0.0,0.0,0.0
2026_1_TannerHudson_TE,2026_TannerHudson_TE,TannerHudson_TE,2026,1,2026-09-13,Tanner Hudson,TE,CIN,TB,27,0.0,0.0,0.0,0.0,0.0,0.0,0.0,0.0,0.0,0.0,0.0,0.0,0.0,0.0,0.0,0,239,0,0.0,0.0,0.0,0.0,0.0,0.0,0.0,0.0,0.0,0.0,0.0,0.0
2026_1_SamRoush_TE,2026_SamRoush_TE,SamRoush_TE,2026,1,2026-09-13,Sam Roush,TE,CHI,@CAR,24,0.0,0.0,0.0,0.0,0.0,0.0,0.0,0.0,0.0,0.0,0.0,0.0,0.0,0.0,0.0,0,240,0,0.0,0.0,0.0,0.0,0.0,0.0,0.0,0.0,0.0,0.0,0.0,0.0
2026_1_CalvinAustin_WR,2026_CalvinAustin_WR,CalvinAustin_WR,2026,1,2026-09-13,Calvin Austin,WR,NYG,DAL,32,0.0,0.0,0.0,0.0,0.0,0.0,0.0,0.0,0.0,0.0,0.0,0.0,0.0,0.0,0.0,0,532,0,0.0,0.0,0.0,0.0,0.0,0.0,0.0,0.0,0.0,0.0,0.0,0.0
2026_1_AnthonyRatliff-Williams_WR,2026_AnthonyRatliff-Williams_WR,AnthonyRatliff-Williams_WR,2026,1,2026-09-13,Anthony Ratliff-Williams,WR,SEA,NE,11,0.0,0.0,0.0,0.0,0.0,0.0,0.0,0.0,0.0,0.0,0.0,0.0,0.0,0.0,0.0,0,533,0,0.0,0.0,0.0,0.0,0.0,0.0,0.0,0.0,0.0,0.0,0.0,0.0
2026_1_WayneTaulapapa_RB,2026_WayneTaulapapa_RB,WayneTaulapapa_RB,2026,1,2026-09-13,Wayne Taulapapa,RB,SEA,NE,2,0.0,0.0,0.0,0.0,0.0,0.0,0.0,0.0,0.0,0.0,0.0,0.0,0.0,0.0,0.0,0,285,0,0.0,0.0,0.0,0.0,0.0,0.0,0.0,0.0,0.0,0.0,0.0,0.0
2026_1_PhillipBrooks_WR,2026_PhillipBrooks_WR,PhillipBrooks_WR,2026,1,2026-09-13,Phillip Brooks,WR,KC,DEN,2,0.0,0.0,0.0,0.0,0.0,0.0,0.0,0.0,0.0,0.0,0.0,0.0,0.0,0.0,0.0,0,534,0,0.0,0.0,0.0,0.0,0.0,0.0,0.0,0.0,0.0,0.0,0.0,0.0
2026_1_KedonSlovis_QB,2026_KedonSlovis_QB,KedonSlovis_QB,2026,1,2026-09-13,Kedon Slovis,QB,ARI,@LAC,3,0.0,0.0,0.0,0.0,0.0,0.0,0.0,0.0,0.0,0.0,0.0,0.0,0.0,0.0,0.0,0,151,0,0.0,0.0,0.0,0.0,0.0,0.0,0.0,0.0,0.0,0.0,0.0,0.0
2026_1_TylerHigbee_TE,2026_TylerHigbee_TE,TylerHigbee_TE,2026,1,2026-09-13,Tyler Higbee,TE,LAR,SF,22,0.0,0.0,0.0,0.0,0.0,0.0,0.0,0.0,0.0,0.0,0.0,0.0,0.0,0.0,0.0,0,241,0,0.0,0.0,0.0,0.0,0.0,0.0,0.0,0.0,0.0,0.0,0.0,0.0
2026_1_RakeemBoyd_RB,2026_RakeemBoyd_RB,RakeemBoyd_RB,2026,1,2026-09-13,Rakeem Boyd,RB,DET,NO,20,0.0,0.0,0.0,0.0,0.0,0.0,0.0,0.0,0.0,0.0,0.0,0.0,0.0,0.0,0.0,0,286,0,0.0,0.0,0.0,0.0,0.0,0.0,0.0,0.0,0.0,0.0,0.0,0.0
2026_1_RaheemBlackshear_RB,2026_RaheemBlackshear_RB,RaheemBlackshear_RB,2026,1,2026-09-13,Raheem Blackshear,RB,DET,NO,20,0.0,0.0,0.0,0.0,0.0,0.0,0.0,0.0,0.0,0.0,0.0,0.0,0.0,0.0,0.0,0,287,0,0.0,0.0,0.0,0.0,0.0,0.0,0.0,0.0,0.0,0.0,0.0,0.0
2026_1_JaredWiley_TE,2026_JaredWiley_TE,JaredWiley_TE,2026,1,2026-09-13,Jared Wiley,TE,KC,DEN,18,0.0,0.0,0.0,0.0,0.0,0.0,0.0,0.0,0.0,0.0,0.0,0.0,0.0,0.0,0.0,0,242,0,0.0,0.0,0.0,0.0,0.0,0.0,0.0,0.0,0.0,0.0,0.0,0.0
2026_1_MichaelYoung_WR,2026_MichaelYoung_WR,MichaelYoung_WR,2026,1,2026-09-13,Michael Young,WR,HOU,BUF,13,0.0,0.0,0.0,0.0,0.0,0.0,0.0,0.0,0.0,0.0,0.0,0.0,0.0,0.0,0.0,0,535,0,0.0,0.0,0.0,0.0,0.0,0.0,0.0,0.0,0.0,0.0,0.0,0.0
2026_1_JerandBradley_WR,2026_JerandBradley_WR,JerandBradley_WR,2026,1,2026-09-13,Jerand Bradley,WR,LAC,ARI,17,0.0,0.0,0.0,0.0,0.0,0.0,0.0,0.0,0.0,0.0,0.0,0.0,0.0,0.0,0.0,0,536,0,0.0,0.0,0.0,0.0,0.0,0.0,0.0,0.0,0.0,0.0,0.0,0.0
2026_1_JerjuanNewton_WR,2026_JerjuanNewton_WR,JerjuanNewton_WR,2026,1,2026-09-13,Jerjuan Newton,WR,DEN,@KC,6,0.0,0.0,0.0,0.0,0.0,0.0,0.0,0.0,0.0,0.0,0.0,0.0,0.0,0.0,0.0,0,537,0,0.0,0.0,0.0,0.0,0.0,0.0,0.0,0.0,0.0,0.0,0.0,0.0
2026_1_AaronDykes_RB,2026_AaronDykes_RB,AaronDykes_RB,2026,1,2026-09-13,Aaron Dykes,RB,MIN,GB,18,0.0,0.0,0.0,0.0,0.0,0.0,0.0,0.0,0.0,0.0,0.0,0.0,0.0,0.0,0.0,0,288,0,0.0,0.0,0.0,0.0,0.0,0.0,0.0,0.0,0.0,0.0,0.0,0.0
2026_1_HunterRenfrow_WR,2026_HunterRenfrow_WR,HunterRenfrow_WR,2026,1,2026-09-13,Hunter Renfrow,WR,CAR,CHI,31,0.0,0.0,0.0,0.0,0.0,0.0,0.0,0.0,0.0,0.0,0.0,0.0,0.0,0.0,0.0,0,538,0,0.0,0.0,0.0,0.0,0.0,0.0,0.0,0.0,0.0,0.0,0.0,0.0
2026_1_KylenGranson_TE,2026_KylenGranson_TE,KylenGranson_TE,2026,1,2026-09-13,Kylen Granson,TE,TEN,NYJ,28,0.0,0.0,0.0,0.0,0.0,0.0,0.0,0.0,0.0,0.0,0.0,0.0,0.0,0.0,0.0,0,243,0,0.0,0.0,0.0,0.0,0.0,0.0,0.0,0.0,0.0,0.0,0.0,0.0
2026_1_DevinNeal_RB,2026_DevinNeal_RB,DevinNeal_RB,2026,1,2026-09-13,Devin Neal,RB,NO,@DET,7,0.0,0.0,0.0,0.0,0.0,0.0,0.0,0.0,0.0,0.0,0.0,0.0,0.0,0.0,0.0,0,289,0,0.0,0.0,0.0,0.0,0.0,0.0,0.0,0.0,0.0,0.0,0.0,0.0
2026_1_CaryAngeline_TE,2026_CaryAngeline_TE,CaryAngeline_TE,2026,1,2026-09-13,Cary Angeline,TE,PHI,WAS,30,0.0,0.0,0.0,0.0,0.0,0.0,0.0,0.0,0.0,0.0,0.0,0.0,0.0,0.0,0.0,0,244,0,0.0,0.0,0.0,0.0,0.0,0.0,0.0,0.0,0.0,0.0,0.0,0.0
2026_1_ZachD'Orazio_WR,2026_ZachD'Orazio_WR,ZachD'Orazio_WR,2026,1,2026-09-13,Zach D'Orazio,WR,NE,@SEA,4,0.0,0.0,0.0,0.0,0.0,0.0,0.0,0.0,0.0,0.0,0.0,0.0,0.0,0.0,0.0,0,539,0,0.0,0.0,0.0,0.0,0.0,0.0,0.0,0.0,0.0,0.0,0.0,0.0
2026_1_TreyLance_QB,2026_TreyLance_QB,TreyLance_QB,2026,1,2026-09-13,Trey Lance,QB,LAC,ARI,17,0.0,0.0,0.0,0.0,0.0,0.0,0.0,0.0,0.0,0.0,0.0,0.0,0.0,0.0,0.0,0,152,0,0.0,0.0,0.0,0.0,0.0,0.0,0.0,0.0,0.0,0.0,0.0,0.0
2026_1_JakePhillips_TE,2026_JakePhillips_TE,JakePhillips_TE,2026,1,2026-09-13,Jake Phillips,TE,PIT,ATL,5,0.0,0.0,0.0,0.0,0.0,0.0,0.0,0.0,0.0,0.0,0.0,0.0,0.0,0.0,0.0,0,245,0,0.0,0.0,0.0,0.0,0.0,0.0,0.0,0.0,0.0,0.0,0.0,0.0
2026_1_BJCatalon_RB,2026_BJCatalon_RB,BJCatalon_RB,2026,1,2026-09-13,BJ Catalon,RB,FA,BYE,33,0.0,0.0,0.0,0.0,0.0,0.0,0.0,0.0,0.0,0.0,0.0,0.0,0.0,0.0,0.0,0,290,0,0.0,0.0,0.0,0.0,0.0,0.0,0.0,0.0,0.0,0.0,0.0,0.0
2026_1_KevinMarks_RB,2026_KevinMarks_RB,KevinMarks_RB,2026,1,2026-09-13,Kevin Marks,RB,LAC,ARI,30,0.0,0.0,0.0,0.0,0.0,0.0,0.0,0.0,0.0,0.0,0.0,0.0,0.0,0.0,0.0,0,291,0,0.0,0.0,0.0,0.0,0.0,0.0,0.0,0.0,0.0,0.0,0.0,0.0
2026_1_JuniorBergen_WR,2026_JuniorBergen_WR,JuniorBergen_WR,2026,1,2026-09-13,Junior Bergen,WR,SF,@LAR,24,0.0,0.0,0.0,0.0,0.0,0.0,0.0,0.0,0.0,0.0,0.0,0.0,0.0,0.0,0.0,0,540,0,0.0,0.0,0.0,0.0,0.0,0.0,0.0,0.0,0.0,0.0,0.0,0.0
2026_1_ShaeWyatt_WR,2026_ShaeWyatt_WR,ShaeWyatt_WR,2026,1,2026-09-13,Shae Wyatt,WR,SF,@LAR,24,0.0,0.0,0.0,0.0,0.0,0.0,0.0,0.0,0.0,0.0,0.0,0.0,0.0,0.0,0.0,0,541,0,0.0,0.0,0.0,0.0,0.0,0.0,0.0,0.0,0.0,0.0,0.0,0.0
2026_1_JustinJohnson_TE,2026_JustinJohnson_TE,JustinJohnson_TE,2026,1,2026-09-13,Justin Johnson,TE,ARI,@LAC,9,0.0,0.0,0.0,0.0,0.0,0.0,0.0,0.0,0.0,0.0,0.0,0.0,0.0,0.0,0.0,0,246,0,0.0,0.0,0.0,0.0,0.0,0.0,0.0,0.0,0.0,0.0,0.0,0.0
2026_1_DavidNjoku_TE,2026_DavidNjoku_TE,DavidNjoku_TE,2026,1,2026-09-13,David Njoku,TE,LAC,ARI,31,0.0,0.0,0.0,0.0,0.0,0.0,0.0,0.0,0.0,0.0,0.0,0.0,0.0,0.0,0.0,0,247,0,0.0,0.0,0.0,0.0,0.0,0.0,0.0,0.0,0.0,0.0,0.0,0.0
2026_1_MakaiLemon_WR,2026_MakaiLemon_WR,MakaiLemon_WR,2026,1,2026-09-13,Makai Lemon,WR,PHI,WAS,28,0.0,0.0,0.0,0.0,0.0,0.0,0.0,0.0,0.0,0.0,0.0,0.0,0.0,0.0,0.0,0,542,0,0.0,0.0,0.0,0.0,0.0,0.0,0.0,0.0,0.0,0.0,0.0,0.0
2026_1_TavonnSalter_WR,2026_TavonnSalter_WR,TavonnSalter_WR,2026,1,2026-09-13,Tavonn Salter,WR,ATL,@PIT,26,0.0,0.0,0.0,0.0,0.0,0.0,0.0,0.0,0.0,0.0,0.0,0.0,0.0,0.0,0.0,0,543,0,0.0,0.0,0.0,0.0,0.0,0.0,0.0,0.0,0.0,0.0,0.0,0.0
2026_1_DJMoore_WR,2026_DJMoore_WR,DJMoore_WR,2026,1,2026-09-13,DJ Moore,WR,BUF,@HOU,7,0.0,0.0,0.0,0.0,0.0,0.0,0.0,0.0,0.0,0.0,0.0,0.0,0.0,0.0,0.0,0,544,0,0.0,0.0,0.0,0.0,0.0,0.0,0.0,0.0,0.0,0.0,0.0,0.0
2026_1_KendrickBourne_WR,2026_KendrickBourne_WR,KendrickBourne_WR,2026,1,2026-09-13,Kendrick Bourne,WR,ARI,@LAC,3,0.0,0.0,0.0,0.0,0.0,0.0,0.0,0.0,0.0,0.0,0.0,0.0,0.0,0.0,0.0,0,545,0,0.0,0.0,0.0,0.0,0.0,0.0,0.0,0.0,0.0,0.0,0.0,0.0
2026_1_Ja'KobiLane_WR,2026_Ja'KobiLane_WR,Ja'KobiLane_WR,2026,1,2026-09-13,Ja'Kobi Lane,WR,BAL,@IND,27,0.0,0.0,0.0,0.0,0.0,0.0,0.0,0.0,0.0,0.0,0.0,0.0,0.0,0.0,0.0,0,546,0,0.0,0.0,0.0,0.0,0.0,0.0,0.0,0.0,0.0,0.0,0.0,0.0
2026_1_ChristianKirk_WR,2026_ChristianKirk_WR,ChristianKirk_WR,2026,1,2026-09-13,Christian Kirk,WR,SF,@LAR,24,0.0,0.0,0.0,0.0,0.0,0.0,0.0,0.0,0.0,0.0,0.0,0.0,0.0,0.0,0.0,0,547,0,0.0,0.0,0.0,0.0,0.0,0.0,0.0,0.0,0.0,0.0,0.0,0.0
2026_1_KameronBrown_WR,2026_KameronBrown_WR,KameronBrown_WR,2026,1,2026-09-13,Kameron Brown,WR,TB,@CIN,9,0.0,0.0,0.0,0.0,0.0,0.0,0.0,0.0,0.0,0.0,0.0,0.0,0.0,0.0,0.0,0,548,0,0.0,0.0,0.0,0.0,0.0,0.0,0.0,0.0,0.0,0.0,0.0,0.0
2026_1_SeanTucker_RB,2026_SeanTucker_RB,SeanTucker_RB,2026,1,2026-09-13,Sean Tucker,RB,TB,@CIN,31,0.0,0.0,0.0,0.0,0.0,0.0,0.0,0.0,0.0,0.0,0.0,0.0,0.0,0.0,0.0,0,292,0,0.0,0.0,0.0,0.0,0.0,0.0,0.0,0.0,0.0,0.0,0.0,0.0
2026_1_CamAkers_RB,2026_CamAkers_RB,CamAkers_RB,2026,1,2026-09-13,Cam Akers,RB,SEA,NE,2,0.0,0.0,0.0,0.0,0.0,0.0,0.0,0.0,0.0,0.0,0.0,0.0,0.0,0.0,0.0,0,293,0,0.0,0.0,0.0,0.0,0.0,0.0,0.0,0.0,0.0,0.0,0.0,0.0
2026_1_NikkoRemigio_WR,2026_NikkoRemigio_WR,NikkoRemigio_WR,2026,1,2026-09-13,Nikko Remigio,WR,KC,DEN,2,0.0,0.0,0.0,0.0,0.0,0.0,0.0,0.0,0.0,0.0,0.0,0.0,0.0,0.0,0.0,0,549,0,0.0,0.0,0.0,0.0,0.0,0.0,0.0,0.0,0.0,0.0,0.0,0.0
2026_1_JerrethSterns_WR,2026_JerrethSterns_WR,JerrethSterns_WR,2026,1,2026-09-13,Jerreth Sterns,WR,LAR,SF,16,0.0,0.0,0.0,0.0,0.0,0.0,0.0,0.0,0.0,0.0,0.0,0.0,0.0,0.0,0.0,0,550,0,0.0,0.0,0.0,0.0,0.0,0.0,0.0,0.0,0.0,0.0,0.0,0.0
2026_1_LujuanWinningham_WR,2026_LujuanWinningham_WR,LujuanWinningham_WR,2026,1,2026-09-13,Lujuan Winningham,WR,JAC,CLE,5,0.0,0.0,0.0,0.0,0.0,0.0,0.0,0.0,0.0,0.0,0.0,0.0,0.0,0.0,0.0,0,551,0,0.0,0.0,0.0,0.0,0.0,0.0,0.0,0.0,0.0,0.0,0.0,0.0
2026_1_JakeHausmann_TE,2026_JakeHausmann_TE,JakeHausmann_TE,2026,1,2026-09-13,Jake Hausmann,TE,WAS,@PHI,1,0.0,0.0,0.0,0.0,0.0,0.0,0.0,0.0,0.0,0.0,0.0,0.0,0.0,0.0,0.0,0,248,0,0.0,0.0,0.0,0.0,0.0,0.0,0.0,0.0,0.0,0.0,0.0,0.0
2026_1_DiontaeJohnson_WR,2026_DiontaeJohnson_WR,DiontaeJohnson_WR,2026,1,2026-09-13,Diontae Johnson,WR,CLE,@JAC,15,0.0,0.0,0.0,0.0,0.0,0.0,0.0,0.0,0.0,0.0,0.0,0.0,0.0,0.0,0.0,0,552,0,0.0,0.0,0.0,0.0,0.0,0.0,0.0,0.0,0.0,0.0,0.0,0.0
2026_1_MarkVital_TE,2026_MarkVital_TE,MarkVital_TE,2026,1,2026-09-13,Mark Vital,TE,KC,DEN,18,0.0,0.0,0.0,0.0,0.0,0.0,0.0,0.0,0.0,0.0,0.0,0.0,0.0,0.0,0.0,0,249,0,0.0,0.0,0.0,0.0,0.0,0.0,0.0,0.0,0.0,0.0,0.0,0.0
2026_1_AustinReed_QB,2026_AustinReed_QB,AustinReed_QB,2026,1,2026-09-13,Austin Reed,QB,BAL,@IND,20,0.0,0.0,0.0,0.0,0.0,0.0,0.0,0.0,0.0,0.0,0.0,0.0,0.0,0.0,0.0,0,153,0,0.0,0.0,0.0,0.0,0.0,0.0,0.0,0.0,0.0,0.0,0.0,0.0
2026_1_EliStowers_TE,2026_EliStowers_TE,EliStowers_TE,2026,1,2026-09-13,Eli Stowers,TE,PHI,WAS,30,0.0,0.0,0.0,0.0,0.0,0.0,0.0,0.0,0.0,0.0,0.0,0.0,0.0,0.0,0.0,0,250,0,0.0,0.0,0.0,0.0,0.0,0.0,0.0,0.0,0.0,0.0,0.0,0.0
2026_1_BryantMitchell_WR,2026_BryantMitchell_WR,BryantMitchell_WR,2026,1,2026-09-13,Bryant Mitchell,WR,TB,@CIN,9,0.0,0.0,0.0,0.0,0.0,0.0,0.0,0.0,0.0,0.0,0.0,0.0,0.0,0.0,0.0,0,553,0,0.0,0.0,0.0,0.0,0.0,0.0,0.0,0.0,0.0,0.0,0.0,0.0
2026_1_JoseBarbon_WR,2026_JoseBarbon_WR,JoseBarbon_WR,2026,1,2026-09-13,Jose Barbon,WR,DAL,@NYG,23,0.0,0.0,0.0,0.0,0.0,0.0,0.0,0.0,0.0,0.0,0.0,0.0,0.0,0.0,0.0,0,554,0,0.0,0.0,0.0,0.0,0.0,0.0,0.0,0.0,0.0,0.0,0.0,0.0
2026_1_DedrickMills_RB,2026_DedrickMills_RB,DedrickMills_RB,2026,1,2026-09-13,Dedrick Mills,RB,DET,NO,20,0.0,0.0,0.0,0.0,0.0,0.0,0.0,0.0,0.0,0.0,0.0,0.0,0.0,0.0,0.0,0,294,0,0.0,0.0,0.0,0.0,0.0,0.0,0.0,0.0,0.0,0.0,0.0,0.0
2026_1_EasopWinston_WR,2026_EasopWinston_WR,EasopWinston_WR,2026,1,2026-09-13,Easop Winston,WR,NYJ,@TEN,29,0.0,0.0,0.0,0.0,0.0,0.0,0.0,0.0,0.0,0.0,0.0,0.0,0.0,0.0,0.0,0,555,0,0.0,0.0,0.0,0.0,0.0,0.0,0.0,0.0,0.0,0.0,0.0,0.0
2026_1_WhopPhilyor_WR,2026_WhopPhilyor_WR,WhopPhilyor_WR,2026,1,2026-09-13,Whop Philyor,WR,MIN,GB,21,0.0,0.0,0.0,0.0,0.0,0.0,0.0,0.0,0.0,0.0,0.0,0.0,0.0,0.0,0.0,0,556,0,0.0,0.0,0.0,0.0,0.0,0.0,0.0,0.0,0.0,0.0,0.0,0.0
2026_1_JoelHonigford_TE,2026_JoelHonigford_TE,JoelHonigford_TE,2026,1,2026-09-13,Joel Honigford,TE,ARI,@LAC,9,0.0,0.0,0.0,0.0,0.0,0.0,0.0,0.0,0.0,0.0,0.0,0.0,0.0,0.0,0.0,0,251,0,0.0,0.0,0.0,0.0,0.0,0.0,0.0,0.0,0.0,0.0,0.0,0.0
2026_1_JalinConyers_TE,2026_JalinConyers_TE,JalinConyers_TE,2026,1,2026-09-13,Jalin Conyers,TE,MIA,@LV,3,0.0,0.0,0.0,0.0,0.0,0.0,0.0,0.0,0.0,0.0,0.0,0.0,0.0,0.0,0.0,0,252,0,0.0,0.0,0.0,0.0,0.0,0.0,0.0,0.0,0.0,0.0,0.0,0.0
2026_1_CaseKeenum_QB,2026_CaseKeenum_QB,CaseKeenum_QB,2026,1,2026-09-13,Case Keenum,QB,CHI,@CAR,7,0.0,0.0,0.0,0.0,0.0,0.0,0.0,0.0,0.0,0.0,0.0,0.0,0.0,0.0,0.0,0,154,0,0.0,0.0,0.0,0.0,0.0,0.0,0.0,0.0,0.0,0.0,0.0,0.0
2026_1_MalickMeiga_WR,2026_MalickMeiga_WR,MalickMeiga_WR,2026,1,2026-09-13,Malick Meiga,WR,CAR,CHI,31,0.0,0.0,0.0,0.0,0.0,0.0,0.0,0.0,0.0,0.0,0.0,0.0,0.0,0.0,0.0,0,557,0,0.0,0.0,0.0,0.0,0.0,0.0,0.0,0.0,0.0,0.0,0.0,0.0
2026_1_DueceWatts_WR,2026_DueceWatts_WR,DueceWatts_WR,2026,1,2026-09-13,Duece Watts,WR,PIT,ATL,22,0.0,0.0,0.0,0.0,0.0,0.0,0.0,0.0,0.0,0.0,0.0,0.0,0.0,0.0,0.0,0,558,0,0.0,0.0,0.0,0.0,0.0,0.0,0.0,0.0,0.0,0.0,0.0,0.0
2026_1_TyrellShavers_WR,2026_TyrellShavers_WR,TyrellShavers_WR,2026,1,2026-09-13,Tyrell Shavers,WR,BUF,@HOU,7,0.0,0.0,0.0,0.0,0.0,0.0,0.0,0.0,0.0,0.0,0.0,0.0,0.0,0.0,0.0,0,559,0,0.0,0.0,0.0,0.0,0.0,0.0,0.0,0.0,0.0,0.0,0.0,0.0
2026_1_ThomasHennigan_WR,2026_ThomasHennigan_WR,ThomasHennigan_WR,2026,1,2026-09-13,Thomas Hennigan,WR,MIN,GB,21,0.0,0.0,0.0,0.0,0.0,0.0,0.0,0.0,0.0,0.0,0.0,0.0,0.0,0.0,0.0,0,560,0,0.0,0.0,0.0,0.0,0.0,0.0,0.0,0.0,0.0,0.0,0.0,0.0
2026_1_OllieGordon_RB,2026_OllieGordon_RB,OllieGordon_RB,2026,1,2026-09-13,Ollie Gordon,RB,MIA,@LV,21,0.0,0.0,0.0,0.0,0.0,0.0,0.0,0.0,0.0,0.0,0.0,0.0,0.0,0.0,0.0,0,295,0,0.0,0.0,0.0,0.0,0.0,0.0,0.0,0.0,0.0,0.0,0.0,0.0
2026_1_TerraceMarshall_WR,2026_TerraceMarshall_WR,TerraceMarshall_WR,2026,1,2026-09-13,Terrace Marshall,WR,MIA,@LV,20,0.0,0.0,0.0,0.0,0.0,0.0,0.0,0.0,0.0,0.0,0.0,0.0,0.0,0.0,0.0,0,561,0,0.0,0.0,0.0,0.0,0.0,0.0,0.0,0.0,0.0,0.0,0.0,0.0
2026_1_JoshBabicz_TE,2026_JoshBabicz_TE,JoshBabicz_TE,2026,1,2026-09-13,Josh Babicz,TE,GB,@MIN,4,0.0,0.0,0.0,0.0,0.0,0.0,0.0,0.0,0.0,0.0,0.0,0.0,0.0,0.0,0.0,0,253,0,0.0,0.0,0.0,0.0,0.0,0.0,0.0,0.0,0.0,0.0,0.0,0.0
2026_1_TaysomHill_TE,2026_TaysomHill_TE,TaysomHill_TE,2026,1,2026-09-13,Taysom Hill,TE,NO,@DET,19,0.0,0.0,0.0,0.0,0.0,0.0,0.0,0.0,0.0,0.0,0.0,0.0,0.0,0.0,0.0,0,254,0,0.0,0.0,0.0,0.0,0.0,0.0,0.0,0.0,0.0,0.0,0.0,0.0
2026_1_OmarionHampton_RB,2026_OmarionHampton_RB,OmarionHampton_RB,2026,1,2026-09-13,Omarion Hampton,RB,LAC,ARI,30,0.0,0.0,0.0,0.0,0.0,0.0,0.0,0.0,0.0,0.0,0.0,0.0,0.0,0.0,0.0,0,296,0,0.0,0.0,0.0,0.0,0.0,0.0,0.0,0.0,0.0,0.0,0.0,0.0
2026_1_KennyFletcher_TE,2026_KennyFletcher_TE,KennyFletcher_TE,2026,1,2026-09-13,Kenny Fletcher,TE,TB,@CIN,32,0.0,0.0,0.0,0.0,0.0,0.0,0.0,0.0,0.0,0.0,0.0,0.0,0.0,0.0,0.0,0,255,0,0.0,0.0,0.0,0.0,0.0,0.0,0.0,0.0,0.0,0.0,0.0,0.0
2026_1_MiltonWilliams_WR,2026_MiltonWilliams_WR,MiltonWilliams_WR,2026,1,2026-09-13,Milton Williams,WR,LV,MIA,14,0.0,0.0,0.0,0.0,0.0,0.0,0.0,0.0,0.0,0.0,0.0,0.0,0.0,0.0,0.0,0,562,0,0.0,0.0,0.0,0.0,0.0,0.0,0.0,0.0,0.0,0.0,0.0,0.0
2026_1_JJLaap_WR,2026_JJLaap_WR,JJLaap_WR,2026,1,2026-09-13,JJ Laap,WR,LAR,SF,16,0.0,0.0,0.0,0.0,0.0,0.0,0.0,0.0,0.0,0.0,0.0,0.0,0.0,0.0,0.0,0,563,0,0.0,0.0,0.0,0.0,0.0,0.0,0.0,0.0,0.0,0.0,0.0,0.0
2026_1_JeremiahHall_TE,2026_JeremiahHall_TE,JeremiahHall_TE,2026,1,2026-09-13,Jeremiah Hall,TE,NYG,DAL,13,0.0,0.0,0.0,0.0,0.0,0.0,0.0,0.0,0.0,0.0,0.0,0.0,0.0,0.0,0.0,0,256,0,0.0,0.0,0.0,0.0,0.0,0.0,0.0,0.0,0.0,0.0,0.0,0.0
2026_1_GriffinHebert_TE,2026_GriffinHebert_TE,GriffinHebert_TE,2026,1,2026-09-13,Griffin Hebert,TE,PHI,WAS,30,0.0,0.0,0.0,0.0,0.0,0.0,0.0,0.0,0.0,0.0,0.0,0.0,0.0,0.0,0.0,0,257,0,0.0,0.0,0.0,0.0,0.0,0.0,0.0,0.0,0.0,0.0,0.0,0.0
2026_1_KristianWilkerson_WR,2026_KristianWilkerson_WR,KristianWilkerson_WR,2026,1,2026-09-13,Kristian Wilkerson,WR,ATL,@PIT,26,0.0,0.0,0.0,0.0,0.0,0.0,0.0,0.0,0.0,0.0,0.0,0.0,0.0,0.0,0.0,0,564,0,0.0,0.0,0.0,0.0,0.0,0.0,0.0,0.0,0.0,0.0,0.0,0.0
2026_1_MarioWilliams_WR,2026_MarioWilliams_WR,MarioWilliams_WR,2026,1,2026-09-13,Mario Williams,WR,LAR,SF,16,0.0,0.0,0.0,0.0,0.0,0.0,0.0,0.0,0.0,0.0,0.0,0.0,0.0,0.0,0.0,0,565,0,0.0,0.0,0.0,0.0,0.0,0.0,0.0,0.0,0.0,0.0,0.0,0.0
2026_1_KyronHudson_WR,2026_KyronHudson_WR,KyronHudson_WR,2026,1,2026-09-13,Kyron Hudson,WR,CHI,@CAR,12,0.0,0.0,0.0,0.0,0.0,0.0,0.0,0.0,0.0,0.0,0.0,0.0,0.0,0.0,0.0,0,566,0,0.0,0.0,0.0,0.0,0.0,0.0,0.0,0.0,0.0,0.0,0.0,0.0
2026_1_DenzelBoston_WR,2026_DenzelBoston_WR,DenzelBoston_WR,2026,1,2026-09-13,Denzel Boston,WR,CLE,@JAC,15,0.0,0.0,0.0,0.0,0.0,0.0,0.0,0.0,0.0,0.0,0.0,0.0,0.0,0.0,0.0,0,567,0,0.0,0.0,0.0,0.0,0.0,0.0,0.0,0.0,0.0,0.0,0.0,0.0
2026_1_HassanHaskins_RB,2026_HassanHaskins_RB,HassanHaskins_RB,2026,1,2026-09-13,Hassan Haskins,RB,NE,@SEA,4,0.0,0.0,0.0,0.0,0.0,0.0,0.0,0.0,0.0,0.0,0.0,0.0,0.0,0.0,0.0,0,297,0,0.0,0.0,0.0,0.0,0.0,0.0,0.0,0.0,0.0,0.0,0.0,0.0
2026_1_MaxBrosmer_QB,2026_MaxBrosmer_QB,MaxBrosmer_QB,2026,1,2026-09-13,Max Brosmer,QB,MIN,GB,10,0.0,0.0,0.0,0.0,0.0,0.0,0.0,0.0,0.0,0.0,0.0,0.0,0.0,0.0,0.0,0,155,0,0.0,0.0,0.0,0.0,0.0,0.0,0.0,0.0,0.0,0.0,0.0,0.0
2026_1_JackCoan_QB,2026_JackCoan_QB,JackCoan_QB,2026,1,2026-09-13,Jack Coan,QB,IND,BAL,21,0.0,0.0,0.0,0.0,0.0,0.0,0.0,0.0,0.0,0.0,0.0,0.0,0.0,0.0,0.0,0,156,0,0.0,0.0,0.0,0.0,0.0,0.0,0.0,0.0,0.0,0.0,0.0,0.0
2026_1_SalCannella_TE,2026_SalCannella_TE,SalCannella_TE,2026,1,2026-09-13,Sal Cannella,TE,CLE,@JAC,23,0.0,0.0,0.0,0.0,0.0,0.0,0.0,0.0,0.0,0.0,0.0,0.0,0.0,0.0,0.0,0,258,0,0.0,0.0,0.0,0.0,0.0,0.0,0.0,0.0,0.0,0.0,0.0,0.0
2026_1_KameronJohnson_WR,2026_KameronJohnson_WR,KameronJohnson_WR,2026,1,2026-09-13,Kameron Johnson,WR,TB,@CIN,9,0.0,0.0,0.0,0.0,0.0,0.0,0.0,0.0,0.0,0.0,0.0,0.0,0.0,0.0,0.0,0,568,0,0.0,0.0,0.0,0.0,0.0,0.0,0.0,0.0,0.0,0.0,0.0,0.0
2026_1_BrennanPresley_WR,2026_BrennanPresley_WR,BrennanPresley_WR,2026,1,2026-09-13,Brennan Presley,WR,LAR,SF,16,0.0,0.0,0.0,0.0,0.0,0.0,0.0,0.0,0.0,0.0,0.0,0.0,0.0,0.0,0.0,0,569,0,0.0,0.0,0.0,0.0,0.0,0.0,0.0,0.0,0.0,0.0,0.0,0.0
2026_1_ElijahHiggins_TE,2026_ElijahHiggins_TE,ElijahHiggins_TE,2026,1,2026-09-13,Elijah Higgins,TE,ARI,@LAC,9,0.0,0.0,0.0,0.0,0.0,0.0,0.0,0.0,0.0,0.0,0.0,0.0,0.0,0.0,0.0,0,259,0,0.0,0.0,0.0,0.0,0.0,0.0,0.0,0.0,0.0,0.0,0.0,0.0
2026_1_DominicRichardson_RB,2026_DominicRichardson_RB,DominicRichardson_RB,2026,1,2026-09-13,Dominic Richardson,RB,TEN,NYJ,32,0.0,0.0,0.0,0.0,0.0,0.0,0.0,0.0,0.0,0.0,0.0,0.0,0.0,0.0,0.0,0,298,0,0.0,0.0,0.0,0.0,0.0,0.0,0.0,0.0,0.0,0.0,0.0,0.0
2026_1_MikahHolder_WR,2026_MikahHolder_WR,MikahHolder_WR,2026,1,2026-09-13,Mikah Holder,WR,WAS,@PHI,8,0.0,0.0,0.0,0.0,0.0,0.0,0.0,0.0,0.0,0.0,0.0,0.0,0.0,0.0,0.0,0,570,0,0.0,0.0,0.0,0.0,0.0,0.0,0.0,0.0,0.0,0.0,0.0,0.0
2026_1_DevonWilliams_WR,2026_DevonWilliams_WR,DevonWilliams_WR,2026,1,2026-09-13,Devon Williams,WR,BAL,@IND,27,0.0,0.0,0.0,0.0,0.0,0.0,0.0,0.0,0.0,0.0,0.0,0.0,0.0,0.0,0.0,0,571,0,0.0,0.0,0.0,0.0,0.0,0.0,0.0,0.0,0.0,0.0,0.0,0.0
2026_1_DeonteHarty_WR,2026_DeonteHarty_WR,DeonteHarty_WR,2026,1,2026-09-13,Deonte Harty,WR,BAL,@IND,27,0.0,0.0,0.0,0.0,0.0,0.0,0.0,0.0,0.0,0.0,0.0,0.0,0.0,0.0,0.0,0,572,0,0.0,0.0,0.0,0.0,0.0,0.0,0.0,0.0,0.0,0.0,0.0,0.0
2026_1_ThomasGordon_TE,2026_ThomasGordon_TE,ThomasGordon_TE,2026,1,2026-09-13,Thomas Gordon,TE,DET,NO,15,0.0,0.0,0.0,0.0,0.0,0.0,0.0,0.0,0.0,0.0,0.0,0.0,0.0,0.0,0.0,0,260,0,0.0,0.0,0.0,0.0,0.0,0.0,0.0,0.0,0.0,0.0,0.0,0.0
2026_1_ChipTrayanum_RB,2026_ChipTrayanum_RB,ChipTrayanum_RB,2026,1,2026-09-13,Chip Trayanum,RB,NYJ,@TEN,13,0.0,0.0,0.0,0.0,0.0,0.0,0.0,0.0,0.0,0.0,0.0,0.0,0.0,0.0,0.0,0,299,0,0.0,0.0,0.0,0.0,0.0,0.0,0.0,0.0,0.0,0.0,0.0,0.0
2026_1_DavidWallis_WR,2026_DavidWallis_WR,DavidWallis_WR,2026,1,2026-09-13,David Wallis,WR,NE,@SEA,4,0.0,0.0,0.0,0.0,0.0,0.0,0.0,0.0,0.0,0.0,0.0,0.0,0.0,0.0,0.0,0,573,0,0.0,0.0,0.0,0.0,0.0,0.0,0.0,0.0,0.0,0.0,0.0,0.0
2026_1_AnthonySmith_WR,2026_AnthonySmith_WR,AnthonySmith_WR,2026,1,2026-09-13,Anthony Smith,WR,DAL,@NYG,23,0.0,0.0,0.0,0.0,0.0,0.0,0.0,0.0,0.0,0.0,0.0,0.0,0.0,0.0,0.0,0,574,0,0.0,0.0,0.0,0.0,0.0,0.0,0.0,0.0,0.0,0.0,0.0,0.0
2026_1_BenSkowronek_WR,2026_BenSkowronek_WR,BenSkowronek_WR,2026,1,2026-09-13,Ben Skowronek,WR,PIT,ATL,22,0.0,0.0,0.0,0.0,0.0,0.0,0.0,0.0,0.0,0.0,0.0,0.0,0.0,0.0,0.0,0,575,0,0.0,0.0,0.0,0.0,0.0,0.0,0.0,0.0,0.0,0.0,0.0,0.0
2026_1_KenzelDoe_WR,2026_KenzelDoe_WR,KenzelDoe_WR,2026,1,2026-09-13,Kenzel Doe,WR,PIT,ATL,22,0.0,0.0,0.0,0.0,0.0,0.0,0.0,0.0,0.0,0.0,0.0,0.0,0.0,0.0,0.0,0,576,0,0.0,0.0,0.0,0.0,0.0,0.0,0.0,0.0,0.0,0.0,0.0,0.0
2026_1_KyleShurmur_QB,2026_KyleShurmur_QB,KyleShurmur_QB,2026,1,2026-09-13,Kyle Shurmur,QB,WAS,@PHI,11,0.0,0.0,0.0,0.0,0.0,0.0,0.0,0.0,0.0,0.0,0.0,0.0,0.0,0.0,0.0,0,157,0,0.0,0.0,0.0,0.0,0.0,0.0,0.0,0.0,0.0,0.0,0.0,0.0
2026_1_DevaughnVele_WR,2026_DevaughnVele_WR,DevaughnVele_WR,2026,1,2026-09-13,Devaughn Vele,WR,NO,@DET,30,0.0,0.0,0.0,0.0,0.0,0.0,0.0,0.0,0.0,0.0,0.0,0.0,0.0,0.0,0.0,0,577,0,0.0,0.0,0.0,0.0,0.0,0.0,0.0,0.0,0.0,0.0,0.0,0.0
2026_1_EmmanuelButler_WR,2026_EmmanuelButler_WR,EmmanuelButler_WR,2026,1,2026-09-13,Emmanuel Butler,WR,NO,@DET,30,0.0,0.0,0.0,0.0,0.0,0.0,0.0,0.0,0.0,0.0,0.0,0.0,0.0,0.0,0.0,0,578,0,0.0,0.0,0.0,0.0,0.0,0.0,0.0,0.0,0.0,0.0,0.0,0.0
2026_1_EmariDemercado_RB,2026_EmariDemercado_RB,EmariDemercado_RB,2026,1,2026-09-13,Emari Demercado,RB,KC,DEN,3,0.0,0.0,0.0,0.0,0.0,0.0,0.0,0.0,0.0,0.0,0.0,0.0,0.0,0.0,0.0,0,300,0,0.0,0.0,0.0,0.0,0.0,0.0,0.0,0.0,0.0,0.0,0.0,0.0
2026_1_JonathanAdams_WR,2026_JonathanAdams_WR,JonathanAdams_WR,2026,1,2026-09-13,Jonathan Adams,WR,DET,NO,10,0.0,0.0,0.0,0.0,0.0,0.0,0.0,0.0,0.0,0.0,0.0,0.0,0.0,0.0,0.0,0,579,0,0.0,0.0,0.0,0.0,0.0,0.0,0.0,0.0,0.0,0.0,0.0,0.0
2026_1_KolbeKatsis_WR,2026_KolbeKatsis_WR,KolbeKatsis_WR,2026,1,2026-09-13,Kolbe Katsis,WR,DEN,@KC,6,0.0,0.0,0.0,0.0,0.0,0.0,0.0,0.0,0.0,0.0,0.0,0.0,0.0,0.0,0.0,0,580,0,0.0,0.0,0.0,0.0,0.0,0.0,0.0,0.0,0.0,0.0,0.0,0.0
2026_1_MarcusRiley_WR,2026_MarcusRiley_WR,MarcusRiley_WR,2026,1,2026-09-13,Marcus Riley,WR,NYJ,@TEN,29,0.0,0.0,0.0,0.0,0.0,0.0,0.0,0.0,0.0,0.0,0.0,0.0,0.0,0.0,0.0,0,581,0,0.0,0.0,0.0,0.0,0.0,0.0,0.0,0.0,0.0,0.0,0.0,0.0
2026_1_SethGreen_TE,2026_SethGreen_TE,SethGreen_TE,2026,1,2026-09-13,Seth Green,TE,NO,@DET,19,0.0,0.0,0.0,0.0,0.0,0.0,0.0,0.0,0.0,0.0,0.0,0.0,0.0,0.0,0.0,0,261,0,0.0,0.0,0.0,0.0,0.0,0.0,0.0,0.0,0.0,0.0,0.0,0.0
2026_1_JohnnyWilson_WR,2026_JohnnyWilson_WR,JohnnyWilson_WR,2026,1,2026-09-13,Johnny Wilson,WR,PHI,WAS,28,0.0,0.0,0.0,0.0,0.0,0.0,0.0,0.0,0.0,0.0,0.0,0.0,0.0,0.0,0.0,0,582,0,0.0,0.0,0.0,0.0,0.0,0.0,0.0,0.0,0.0,0.0,0.0,0.0
2026_1_LukeAltmyer_QB,2026_LukeAltmyer_QB,LukeAltmyer_QB,2026,1,2026-09-13,Luke Altmyer,QB,DET,NO,6,0.0,0.0,0.0,0.0,0.0,0.0,0.0,0.0,0.0,0.0,0.0,0.0,0.0,0.0,0.0,0,158,0,0.0,0.0,0.0,0.0,0.0,0.0,0.0,0.0,0.0,0.0,0.0,0.0
2026_1_SavionWilliams_WR,2026_SavionWilliams_WR,SavionWilliams_WR,2026,1,2026-09-13,Savion Williams,WR,GB,@MIN,1,0.0,0.0,0.0,0.0,0.0,0.0,0.0,0.0,0.0,0.0,0.0,0.0,0.0,0.0,0.0,0,583,0,0.0,0.0,0.0,0.0,0.0,0.0,0.0,0.0,0.0,0.0,0.0,0.0
2026_1_JohnMitchell_WR,2026_JohnMitchell_WR,JohnMitchell_WR,2026,1,2026-09-13,John Mitchell,WR,SEA,NE,11,0.0,0.0,0.0,0.0,0.0,0.0,0.0,0.0,0.0,0.0,0.0,0.0,0.0,0.0,0.0,0,584,0,0.0,0.0,0.0,0.0,0.0,0.0,0.0,0.0,0.0,0.0,0.0,0.0
2026_1_JalenMilroe_QB,2026_JalenMilroe_QB,JalenMilroe_QB,2026,1,2026-09-13,Jalen Milroe,QB,SEA,NE,5,0.0,0.0,0.0,0.0,0.0,0.0,0.0,0.0,0.0,0.0,0.0,0.0,0.0,0.0,0.0,0,159,0,0.0,0.0,0.0,0.0,0.0,0.0,0.0,0.0,0.0,0.0,0.0,0.0
2026_1_MichaelEzeike_TE,2026_MichaelEzeike_TE,MichaelEzeike_TE,2026,1,2026-09-13,Michael Ezeike,TE,SEA,NE,17,0.0,0.0,0.0,0.0,0.0,0.0,0.0,0.0,0.0,0.0,0.0,0.0,0.0,0.0,0.0,0,262,0,0.0,0.0,0.0,0.0,0.0,0.0,0.0,0.0,0.0,0.0,0.0,0.0
2026_1_KoKieft_TE,2026_KoKieft_TE,KoKieft_TE,2026,1,2026-09-13,Ko Kieft,TE,TB,@CIN,32,0.0,0.0,0.0,0.0,0.0,0.0,0.0,0.0,0.0,0.0,0.0,0.0,0.0,0.0,0.0,0,263,0,0.0,0.0,0.0,0.0,0.0,0.0,0.0,0.0,0.0,0.0,0.0,0.0
2026_1_DesmondRidder_QB,2026_DesmondRidder_QB,DesmondRidder_QB,2026,1,2026-09-13,Desmond Ridder,QB,GB,@MIN,1,0.0,0.0,0.0,0.0,0.0,0.0,0.0,0.0,0.0,0.0,0.0,0.0,0.0,0.0,0.0,0,160,0,0.0,0.0,0.0,0.0,0.0,0.0,0.0,0.0,0.0,0.0,0.0,0.0
2026_1_JustinTukes_TE,2026_JustinTukes_TE,JustinTukes_TE,2026,1,2026-09-13,Justin Tukes,TE,PHI,WAS,30,0.0,0.0,0.0,0.0,0.0,0.0,0.0,0.0,0.0,0.0,0.0,0.0,0.0,0.0,0.0,0,264,0,0.0,0.0,0.0,0.0,0.0,0.0,0.0,0.0,0.0,0.0,0.0,0.0
2026_1_ThomasFidone_TE,2026_ThomasFidone_TE,ThomasFidone_TE,2026,1,2026-09-13,Thomas Fidone,TE,NYG,DAL,13,0.0,0.0,0.0,0.0,0.0,0.0,0.0,0.0,0.0,0.0,0.0,0.0,0.0,0.0,0.0,0,265,0,0.0,0.0,0.0,0.0,0.0,0.0,0.0,0.0,0.0,0.0,0.0,0.0
2026_1_ElijahMoore_WR,2026_ElijahMoore_WR,ElijahMoore_WR,2026,1,2026-09-13,Elijah Moore,WR,PHI,WAS,28,0.0,0.0,0.0,0.0,0.0,0.0,0.0,0.0,0.0,0.0,0.0,0.0,0.0,0.0,0.0,0,585,0,0.0,0.0,0.0,0.0,0.0,0.0,0.0,0.0,0.0,0.0,0.0,0.0
2026_1_JermaineTerry_TE,2026_JermaineTerry_TE,JermaineTerry_TE,2026,1,2026-09-13,Jermaine Terry,TE,NYG,DAL,13,0.0,0.0,0.0,0.0,0.0,0.0,0.0,0.0,0.0,0.0,0.0,0.0,0.0,0.0,0.0,0,266,0,0.0,0.0,0.0,0.0,0.0,0.0,0.0,0.0,0.0,0.0,0.0,0.0
2026_1_DavonteAllen_WR,2026_DavonteAllen_WR,DavonteAllen_WR,2026,1,2026-09-13,Davonte Allen,WR,BUF,@HOU,7,0.0,0.0,0.0,0.0,0.0,0.0,0.0,0.0,0.0,0.0,0.0,0.0,0.0,0.0,0.0,0,586,0,0.0,0.0,0.0,0.0,0.0,0.0,0.0,0.0,0.0,0.0,0.0,0.0
2026_1_MichaelJohnson_WR,2026_MichaelJohnson_WR,MichaelJohnson_WR,2026,1,2026-09-13,Michael Johnson,WR,PHI,WAS,28,0.0,0.0,0.0,0.0,0.0,0.0,0.0,0.0,0.0,0.0,0.0,0.0,0.0,0.0,0.0,0,587,0,0.0,0.0,0.0,0.0,0.0,0.0,0.0,0.0,0.0,0.0,0.0,0.0
2026_1_CalvinTyler_RB,2026_CalvinTyler_RB,CalvinTyler_RB,2026,1,2026-09-13,Calvin Tyler,RB,CIN,TB,12,0.0,0.0,0.0,0.0,0.0,0.0,0.0,0.0,0.0,0.0,0.0,0.0,0.0,0.0,0.0,0,301,0,0.0,0.0,0.0,0.0,0.0,0.0,0.0,0.0,0.0,0.0,0.0,0.0
2026_1_JoshAllen_QB,2026_JoshAllen_QB,JoshAllen_QB,2026,1,2026-09-13,Josh Allen,QB,BUF,@HOU,2,0.0,0.0,0.0,0.0,0.0,0.0,0.0,0.0,0.0,0.0,0.0,0.0,0.0,0.0,0.0,0,161,0,0.0,0.0,0.0,0.0,0.0,0.0,0.0,0.0,0.0,0.0,0.0,0.0
2026_1_ElicAyomanor_WR,2026_ElicAyomanor_WR,ElicAyomanor_WR,2026,1,2026-09-13,Elic Ayomanor,WR,TEN,NYJ,19,0.0,0.0,0.0,0.0,0.0,0.0,0.0,0.0,0.0,0.0,0.0,0.0,0.0,0.0,0.0,0,588,0,0.0,0.0,0.0,0.0,0.0,0.0,0.0,0.0,0.0,0.0,0.0,0.0
2026_1_TejhaunPalmer_WR,2026_TejhaunPalmer_WR,TejhaunPalmer_WR,2026,1,2026-09-13,Tejhaun Palmer,WR,NE,@SEA,4,0.0,0.0,0.0,0.0,0.0,0.0,0.0,0.0,0.0,0.0,0.0,0.0,0.0,0.0,0.0,0,589,0,0.0,0.0,0.0,0.0,0.0,0.0,0.0,0.0,0.0,0.0,0.0,0.0
2026_1_KeenanAllen_WR,2026_KeenanAllen_WR,KeenanAllen_WR,2026,1,2026-09-13,Keenan Allen,WR,LAC,ARI,17,0.0,0.0,0.0,0.0,0.0,0.0,0.0,0.0,0.0,0.0,0.0,0.0,0.0,0.0,0.0,0,590,0,0.0,0.0,0.0,0.0,0.0,0.0,0.0,0.0,0.0,0.0,0.0,0.0
2026_1_SamWiglusz_WR,2026_SamWiglusz_WR,SamWiglusz_WR,2026,1,2026-09-13,Sam Wiglusz,WR,LAR,SF,16,0.0,0.0,0.0,0.0,0.0,0.0,0.0,0.0,0.0,0.0,0.0,0.0,0.0,0.0,0.0,0,591,0,0.0,0.0,0.0,0.0,0.0,0.0,0.0,0.0,0.0,0.0,0.0,0.0
2026_1_JohnFitzPatrick_TE,2026_JohnFitzPatrick_TE,JohnFitzPatrick_TE,2026,1,2026-09-13,John FitzPatrick,TE,GB,@MIN,4,0.0,0.0,0.0,0.0,0.0,0.0,0.0,0.0,0.0,0.0,0.0,0.0,0.0,0.0,0.0,0,267,0,0.0,0.0,0.0,0.0,0.0,0.0,0.0,0.0,0.0,0.0,0.0,0.0
2026_1_DavidMartin-Robinson_TE,2026_DavidMartin-Robinson_TE,DavidMartin-Robinson_TE,2026,1,2026-09-13,David Martin-Robinson,TE,TEN,NYJ,28,0.0,0.0,0.0,0.0,0.0,0.0,0.0,0.0,0.0,0.0,0.0,0.0,0.0,0.0,0.0,0,268,0,0.0,0.0,0.0,0.0,0.0,0.0,0.0,0.0,0.0,0.0,0.0,0.0
2026_1_TJSheffield_WR,2026_TJSheffield_WR,TJSheffield_WR,2026,1,2026-09-13,TJ Sheffield,WR,TEN,NYJ,19,0.0,0.0,0.0,0.0,0.0,0.0,0.0,0.0,0.0,0.0,0.0,0.0,0.0,0.0,0.0,0,592,0,0.0,0.0,0.0,0.0,0.0,0.0,0.0,0.0,0.0,0.0,0.0,0.0
2026_1_ShaneBuechele_QB,2026_ShaneBuechele_QB,ShaneBuechele_QB,2026,1,2026-09-13,Shane Buechele,QB,BUF,@HOU,2,0.0,0.0,0.0,0.0,0.0,0.0,0.0,0.0,0.0,0.0,0.0,0.0,0.0,0.0,0.0,0,162,0,0.0,0.0,0.0,0.0,0.0,0.0,0.0,0.0,0.0,0.0,0.0,0.0
2026_1_DrewSample_TE,2026_DrewSample_TE,DrewSample_TE,2026,1,2026-09-13,Drew Sample,TE,CIN,TB,27,0.0,0.0,0.0,0.0,0.0,0.0,0.0,0.0,0.0,0.0,0.0,0.0,0.0,0.0,0.0,0,269,0,0.0,0.0,0.0,0.0,0.0,0.0,0.0,0.0,0.0,0.0,0.0,0.0
2026_1_JaylenJones_WR,2026_JaylenJones_WR,JaylenJones_WR,2026,1,2026-09-13,Jaylen Jones,WR,LAC,ARI,17,0.0,0.0,0.0,0.0,0.0,0.0,0.0,0.0,0.0,0.0,0.0,0.0,0.0,0.0,0.0,0,593,0,0.0,0.0,0.0,0.0,0.0,0.0,0.0,0.0,0.0,0.0,0.0,0.0
2026_1_RyanBecker_TE,2026_RyanBecker_TE,RyanBecker_TE,2026,1,2026-09-13,Ryan Becker,TE,ATL,@PIT,26,0.0,0.0,0.0,0.0,0.0,0.0,0.0,0.0,0.0,0.0,0.0,0.0,0.0,0.0,0.0,0,270,0,0.0,0.0,0.0,0.0,0.0,0.0,0.0,0.0,0.0,0.0,0.0,0.0
2026_1_OmariKelly_WR,2026_OmariKelly_WR,OmariKelly_WR,2026,1,2026-09-13,Omari Kelly,WR,CHI,@CAR,12,0.0,0.0,0.0,0.0,0.0,0.0,0.0,0.0,0.0,0.0,0.0,0.0,0.0,0.0,0.0,0,594,0,0.0,0.0,0.0,0.0,0.0,0.0,0.0,0.0,0.0,0.0,0.0,0.0
2026_1_EquanimeousStBrown_WR,2026_EquanimeousStBrown_WR,EquanimeousStBrown_WR,2026,1,2026-09-13,Equanimeous St Brown,WR,SF,@LAR,24,0.0,0.0,0.0,0.0,0.0,0.0,0.0,0.0,0.0,0.0,0.0,0.0,0.0,0.0,0.0,0,595,0,0.0,0.0,0.0,0.0,0.0,0.0,0.0,0.0,0.0,0.0,0.0,0.0
2026_1_GaryBrightwell_RB,2026_GaryBrightwell_RB,GaryBrightwell_RB,2026,1,2026-09-13,Gary Brightwell,RB,CIN,TB,12,0.0,0.0,0.0,0.0,0.0,0.0,0.0,0.0,0.0,0.0,0.0,0.0,0.0,0.0,0.0,0,302,0,0.0,0.0,0.0,0.0,0.0,0.0,0.0,0.0,0.0,0.0,0.0,0.0
2026_1_QuentinSkinner_WR,2026_QuentinSkinner_WR,QuentinSkinner_WR,2026,1,2026-09-13,Quentin Skinner,WR,BUF,@HOU,7,0.0,0.0,0.0,0.0,0.0,0.0,0.0,0.0,0.0,0.0,0.0,0.0,0.0,0.0,0.0,0,596,0,0.0,0.0,0.0,0.0,0.0,0.0,0.0,0.0,0.0,0.0,0.0,0.0
2026_1_BrelanChancellor_WR,2026_BrelanChancellor_WR,BrelanChancellor_WR,2026,1,2026-09-13,Brelan Chancellor,WR,PIT,ATL,22,0.0,0.0,0.0,0.0,0.0,0.0,0.0,0.0,0.0,0.0,0.0,0.0,0.0,0.0,0.0,0,597,0,0.0,0.0,0.0,0.0,0.0,0.0,0.0,0.0,0.0,0.0,0.0,0.0
2026_1_MarcedesLewis_TE,2026_MarcedesLewis_TE,MarcedesLewis_TE,2026,1,2026-09-13,Marcedes Lewis,TE,DEN,@KC,6,0.0,0.0,0.0,0.0,0.0,0.0,0.0,0.0,0.0,0.0,0.0,0.0,0.0,0.0,0.0,0,271,0,0.0,0.0,0.0,0.0,0.0,0.0,0.0,0.0,0.0,0.0,0.0,0.0
2026_1_BrockWright_TE,2026_BrockWright_TE,BrockWright_TE,2026,1,2026-09-13,Brock Wright,TE,DET,NO,15,0.0,0.0,0.0,0.0,0.0,0.0,0.0,0.0,0.0,0.0,0.0,0.0,0.0,0.0,0.0,0,272,0,0.0,0.0,0.0,0.0,0.0,0.0,0.0,0.0,0.0,0.0,0.0,0.0
2026_1_AustinFort_TE,2026_AustinFort_TE,AustinFort_TE,2026,1,2026-09-13,Austin Fort,TE,TEN,NYJ,28,0.0,0.0,0.0,0.0,0.0,0.0,0.0,0.0,0.0,0.0,0.0,0.0,0.0,0.0,0.0,0,273,0,0.0,0.0,0.0,0.0,0.0,0.0,0.0,0.0,0.0,0.0,0.0,0.0
2026_1_DakPrescott_QB,2026_DakPrescott_QB,DakPrescott_QB,2026,1,2026-09-13,Dak Prescott,QB,DAL,@NYG,25,0.0,0.0,0.0,0.0,0.0,0.0,0.0,0.0,0.0,0.0,0.0,0.0,0.0,0.0,0.0,0,163,0,0.0,0.0,0.0,0.0,0.0,0.0,0.0,0.0,0.0,0.0,0.0,0.0
2026_1_JacobHarris_TE,2026_JacobHarris_TE,JacobHarris_TE,2026,1,2026-09-13,Jacob Harris,TE,TB,@CIN,32,0.0,0.0,0.0,0.0,0.0,0.0,0.0,0.0,0.0,0.0,0.0,0.0,0.0,0.0,0.0,0,274,0,0.0,0.0,0.0,0.0,0.0,0.0,0.0,0.0,0.0,0.0,0.0,0.0
2026_1_JeremyGallon_WR,2026_JeremyGallon_WR,JeremyGallon_WR,2026,1,2026-09-13,Jeremy Gallon,WR,LV,MIA,14,0.0,0.0,0.0,0.0,0.0,0.0,0.0,0.0,0.0,0.0,0.0,0.0,0.0,0.0,0.0,0,598,0,0.0,0.0,0.0,0.0,0.0,0.0,0.0,0.0,0.0,0.0,0.0,0.0
2026_1_KhadarelHodge_WR,2026_KhadarelHodge_WR,KhadarelHodge_WR,2026,1,2026-09-13,Khadarel Hodge,WR,SF,@LAR,24,0.0,0.0,0.0,0.0,0.0,0.0,0.0,0.0,0.0,0.0,0.0,0.0,0.0,0.0,0.0,0,599,0,0.0,0.0,0.0,0.0,0.0,0.0,0.0,0.0,0.0,0.0,0.0,0.0
2026_1_AustinAune_QB,2026_AustinAune_QB,AustinAune_QB,2026,1,2026-09-13,Austin Aune,QB,ATL,@PIT,24,0.0,0.0,0.0,0.0,0.0,0.0,0.0,0.0,0.0,0.0,0.0,0.0,0.0,0.0,0.0,0,164,0,0.0,0.0,0.0,0.0,0.0,0.0,0.0,0.0,0.0,0.0,0.0,0.0
2026_1_TaysirMack_WR,2026_TaysirMack_WR,TaysirMack_WR,2026,1,2026-09-13,Taysir Mack,WR,SF,@LAR,24,0.0,0.0,0.0,0.0,0.0,0.0,0.0,0.0,0.0,0.0,0.0,0.0,0.0,0.0,0.0,0,600,0,0.0,0.0,0.0,0.0,0.0,0.0,0.0,0.0,0.0,0.0,0.0,0.0
2026_1_KendallMilton_RB,2026_KendallMilton_RB,KendallMilton_RB,2026,1,2026-09-13,Kendall Milton,RB,CIN,TB,12,0.0,0.0,0.0,0.0,0.0,0.0,0.0,0.0,0.0,0.0,0.0,0.0,0.0,0.0,0.0,0,303,0,0.0,0.0,0.0,0.0,0.0,0.0,0.0,0.0,0.0,0.0,0.0,0.0
2026_1_JacobCopeland_WR,2026_JacobCopeland_WR,JacobCopeland_WR,2026,1,2026-09-13,Jacob Copeland,WR,PIT,ATL,22,0.0,0.0,0.0,0.0,0.0,0.0,0.0,0.0,0.0,0.0,0.0,0.0,0.0,0.0,0.0,0,601,0,0.0,0.0,0.0,0.0,0.0,0.0,0.0,0.0,0.0,0.0,0.0,0.0
2026_1_SageSurratt_WR,2026_SageSurratt_WR,SageSurratt_WR,2026,1,2026-09-13,Sage Surratt,WR,ARI,@LAC,3,0.0,0.0,0.0,0.0,0.0,0.0,0.0,0.0,0.0,0.0,0.0,0.0,0.0,0.0,0.0,0,602,0,0.0,0.0,0.0,0.0,0.0,0.0,0.0,0.0,0.0,0.0,0.0,0.0
2026_1_RobertTonyan_TE,2026_RobertTonyan_TE,RobertTonyan_TE,2026,1,2026-09-13,Robert Tonyan,TE,PIT,ATL,5,0.0,0.0,0.0,0.0,0.0,0.0,0.0,0.0,0.0,0.0,0.0,0.0,0.0,0.0,0.0,0,275,0,0.0,0.0,0.0,0.0,0.0,0.0,0.0,0.0,0.0,0.0,0.0,0.0
2026_1_ChristopherEzeala_RB,2026_ChristopherEzeala_RB,ChristopherEzeala_RB,2026,1,2026-09-13,Christopher Ezeala,RB,BAL,@IND,11,0.0,0.0,0.0,0.0,0.0,0.0,0.0,0.0,0.0,0.0,0.0,0.0,0.0,0.0,0.0,0,304,0,0.0,0.0,0.0,0.0,0.0,0.0,0.0,0.0,0.0,0.0,0.0,0.0
2026_1_DerrickHenry_RB,2026_DerrickHenry_RB,DerrickHenry_RB,2026,1,2026-09-13,Derrick Henry,RB,BAL,@IND,11,0.0,0.0,0.0,0.0,0.0,0.0,0.0,0.0,0.0,0.0,0.0,0.0,0.0,0.0,0.0,0,305,0,0.0,0.0,0.0,0.0,0.0,0.0,0.0,0.0,0.0,0.0,0.0,0.0
2026_1_BrileyMoore-McKinney_TE,2026_BrileyMoore-McKinney_TE,BrileyMoore-McKinney_TE,2026,1,2026-09-13,Briley Moore-McKinney,TE,TEN,NYJ,28,0.0,0.0,0.0,0.0,0.0,0.0,0.0,0.0,0.0,0.0,0.0,0.0,0.0,0.0,0.0,0,276,0,0.0,0.0,0.0,0.0,0.0,0.0,0.0,0.0,0.0,0.0,0.0,0.0
2026_1_MarcusYarns_RB,2026_MarcusYarns_RB,MarcusYarns_RB,2026,1,2026-09-13,Marcus Yarns,RB,NO,@DET,7,0.0,0.0,0.0,0.0,0.0,0.0,0.0,0.0,0.0,0.0,0.0,0.0,0.0,0.0,0.0,0,306,0,0.0,0.0,0.0,0.0,0.0,0.0,0.0,0.0,0.0,0.0,0.0,0.0
2026_1_DannyEtling_QB,2026_DannyEtling_QB,DannyEtling_QB,2026,1,2026-09-13,Danny Etling,QB,GB,@MIN,1,0.0,0.0,0.0,0.0,0.0,0.0,0.0,0.0,0.0,0.0,0.0,0.0,0.0,0.0,0.0,0,165,0,0.0,0.0,0.0,0.0,0.0,0.0,0.0,0.0,0.0,0.0,0.0,0.0
2026_1_JustinMarshall_WR,2026_JustinMarshall_WR,JustinMarshall_WR,2026,1,2026-09-13,Justin Marshall,WR,SEA,NE,11,0.0,0.0,0.0,0.0,0.0,0.0,0.0,0.0,0.0,0.0,0.0,0.0,0.0,0.0,0.0,0,603,0,0.0,0.0,0.0,0.0,0.0,0.0,0.0,0.0,0.0,0.0,0.0,0.0
2026_1_BrevinJordan_TE,2026_BrevinJordan_TE,BrevinJordan_TE,2026,1,2026-09-13,Brevin Jordan,TE,HOU,BUF,2,0.0,0.0,0.0,0.0,0.0,0.0,0.0,0.0,0.0,0.0,0.0,0.0,0.0,0.0,0.0,0,277,0,0.0,0.0,0.0,0.0,0.0,0.0,0.0,0.0,0.0,0.0,0.0,0.0
2026_1_JaQuaeJackson_WR,2026_JaQuaeJackson_WR,JaQuaeJackson_WR,2026,1,2026-09-13,JaQuae Jackson,WR,LAC,ARI,17,0.0,0.0,0.0,0.0,0.0,0.0,0.0,0.0,0.0,0.0,0.0,0.0,0.0,0.0,0.0,0,604,0,0.0,0.0,0.0,0.0,0.0,0.0,0.0,0.0,0.0,0.0,0.0,0.0
2026_1_JaxonSmith-Njigba_WR,2026_JaxonSmith-Njigba_WR,JaxonSmith-Njigba_WR,2026,1,2026-09-13,Jaxon Smith-Njigba,WR,SEA,NE,11,0.0,0.0,0.0,0.0,0.0,0.0,0.0,0.0,0.0,0.0,0.0,0.0,0.0,0.0,0.0,0,605,0,0.0,0.0,0.0,0.0,0.0,0.0,0.0,0.0,0.0,0.0,0.0,0.0
2026_1_DanChisena_WR,2026_DanChisena_WR,DanChisena_WR,2026,1,2026-09-13,Dan Chisena,WR,CAR,CHI,31,0.0,0.0,0.0,0.0,0.0,0.0,0.0,0.0,0.0,0.0,0.0,0.0,0.0,0.0,0.0,0,606,0,0.0,0.0,0.0,0.0,0.0,0.0,0.0,0.0,0.0,0.0,0.0,0.0
2026_1_Le'VeonMoss_RB,2026_Le'VeonMoss_RB,Le'VeonMoss_RB,2026,1,2026-09-13,Le'Veon Moss,RB,MIA,@LV,21,0.0,0.0,0.0,0.0,0.0,0.0,0.0,0.0,0.0,0.0,0.0,0.0,0.0,0.0,0.0,0,307,0,0.0,0.0,0.0,0.0,0.0,0.0,0.0,0.0,0.0,0.0,0.0,0.0
2026_1_MarkAndrews_TE,2026_MarkAndrews_TE,MarkAndrews_TE,2026,1,2026-09-13,Mark Andrews,TE,BAL,@IND,25,0.0,0.0,0.0,0.0,0.0,0.0,0.0,0.0,0.0,0.0,0.0,0.0,0.0,0.0,0.0,0,278,0,0.0,0.0,0.0,0.0,0.0,0.0,0.0,0.0,0.0,0.0,0.0,0.0
2026_1_LukeFloriea_WR,2026_LukeFloriea_WR,LukeFloriea_WR,2026,1,2026-09-13,Luke Floriea,WR,CLE,@JAC,15,0.0,0.0,0.0,0.0,0.0,0.0,0.0,0.0,0.0,0.0,0.0,0.0,0.0,0.0,0.0,0,607,0,0.0,0.0,0.0,0.0,0.0,0.0,0.0,0.0,0.0,0.0,0.0,0.0
2026_1_NickChubb_RB,2026_NickChubb_RB,NickChubb_RB,2026,1,2026-09-13,Nick Chubb,RB,HOU,BUF,25,0.0,0.0,0.0,0.0,0.0,0.0,0.0,0.0,0.0,0.0,0.0,0.0,0.0,0.0,0.0,0,308,0,0.0,0.0,0.0,0.0,0.0,0.0,0.0,0.0,0.0,0.0,0.0,0.0
2026_1_PhillipDorsett_WR,2026_PhillipDorsett_WR,PhillipDorsett_WR,2026,1,2026-09-13,Phillip Dorsett,WR,LV,MIA,14,0.0,0.0,0.0,0.0,0.0,0.0,0.0,0.0,0.0,0.0,0.0,0.0,0.0,0.0,0.0,0,608,0,0.0,0.0,0.0,0.0,0.0,0.0,0.0,0.0,0.0,0.0,0.0,0.0
2026_1_Da'QuanFelton_WR,2026_Da'QuanFelton_WR,Da'QuanFelton_WR,2026,1,2026-09-13,Da'Quan Felton,WR,NYJ,@TEN,29,0.0,0.0,0.0,0.0,0.0,0.0,0.0,0.0,0.0,0.0,0.0,0.0,0.0,0.0,0.0,0,609,0,0.0,0.0,0.0,0.0,0.0,0.0,0.0,0.0,0.0,0.0,0.0,0.0
2026_1_RicoDowdle_RB,2026_RicoDowdle_RB,RicoDowdle_RB,2026,1,2026-09-13,Rico Dowdle,RB,PIT,ATL,16,0.0,0.0,0.0,0.0,0.0,0.0,0.0,0.0,0.0,0.0,0.0,0.0,0.0,0.0,0.0,0,309,0,0.0,0.0,0.0,0.0,0.0,0.0,0.0,0.0,0.0,0.0,0.0,0.0
2026_1_JadenShirden_RB,2026_JadenShirden_RB,JadenShirden_RB,2026,1,2026-09-13,Jaden Shirden,RB,CAR,CHI,19,0.0,0.0,0.0,0.0,0.0,0.0,0.0,0.0,0.0,0.0,0.0,0.0,0.0,0.0,0.0,0,310,0,0.0,0.0,0.0,0.0,0.0,0.0,0.0,0.0,0.0,0.0,0.0,0.0
2026_1_DrewBelcher_TE,2026_DrewBelcher_TE,DrewBelcher_TE,2026,1,2026-09-13,Drew Belcher,TE,WAS,@PHI,1,0.0,0.0,0.0,0.0,0.0,0.0,0.0,0.0,0.0,0.0,0.0,0.0,0.0,0.0,0.0,0,279,0,0.0,0.0,0.0,0.0,0.0,0.0,0.0,0.0,0.0,0.0,0.0,0.0
2026_1_ElijahYoung_RB,2026_ElijahYoung_RB,ElijahYoung_RB,2026,1,2026-09-13,Elijah Young,RB,BUF,@HOU,5,0.0,0.0,0.0,0.0,0.0,0.0,0.0,0.0,0.0,0.0,0.0,0.0,0.0,0.0,0.0,0,311,0,0.0,0.0,0.0,0.0,0.0,0.0,0.0,0.0,0.0,0.0,0.0,0.0
2026_1_DontaeMcMillan_RB,2026_DontaeMcMillan_RB,DontaeMcMillan_RB,2026,1,2026-09-13,Dontae McMillan,RB,BAL,@IND,11,0.0,0.0,0.0,0.0,0.0,0.0,0.0,0.0,0.0,0.0,0.0,0.0,0.0,0.0,0.0,0,312,0,0.0,0.0,0.0,0.0,0.0,0.0,0.0,0.0,0.0,0.0,0.0,0.0
2026_1_TerranceCobb_RB,2026_TerranceCobb_RB,TerranceCobb_RB,2026,1,2026-09-13,Terrance Cobb,RB,LV,MIA,24,0.0,0.0,0.0,0.0,0.0,0.0,0.0,0.0,0.0,0.0,0.0,0.0,0.0,0.0,0.0,0,313,0,0.0,0.0,0.0,0.0,0.0,0.0,0.0,0.0,0.0,0.0,0.0,0.0
2026_1_BrashardSmith_RB,2026_BrashardSmith_RB,BrashardSmith_RB,2026,1,2026-09-13,Brashard Smith,RB,KC,DEN,3,0.0,0.0,0.0,0.0,0.0,0.0,0.0,0.0,0.0,0.0,0.0,0.0,0.0,0.0,0.0,0,314,0,0.0,0.0,0.0,0.0,0.0,0.0,0.0,0.0,0.0,0.0,0.0,0.0
2026_1_JohnCopenhaver_TE,2026_JohnCopenhaver_TE,JohnCopenhaver_TE,2026,1,2026-09-13,John Copenhaver,TE,JAC,CLE,16,0.0,0.0,0.0,0.0,0.0,0.0,0.0,0.0,0.0,0.0,0.0,0.0,0.0,0.0,0.0,0,280,0,0.0,0.0,0.0,0.0,0.0,0.0,0.0,0.0,0.0,0.0,0.0,0.0
2026_1_MattLanders_WR,2026_MattLanders_WR,MattLanders_WR,2026,1,2026-09-13,Matt Landers,WR,TEN,NYJ,19,0.0,0.0,0.0,0.0,0.0,0.0,0.0,0.0,0.0,0.0,0.0,0.0,0.0,0.0,0.0,0,610,0,0.0,0.0,0.0,0.0,0.0,0.0,0.0,0.0,0.0,0.0,0.0,0.0
2026_1_QuintezCephus_WR,2026_QuintezCephus_WR,QuintezCephus_WR,2026,1,2026-09-13,Quintez Cephus,WR,BUF,@HOU,7,0.0,0.0,0.0,0.0,0.0,0.0,0.0,0.0,0.0,0.0,0.0,0.0,0.0,0.0,0.0,0,611,0,0.0,0.0,0.0,0.0,0.0,0.0,0.0,0.0,0.0,0.0,0.0,0.0
2026_1_LouisHansen_TE,2026_LouisHansen_TE,LouisHansen_TE,2026,1,2026-09-13,Louis Hansen,TE,HOU,BUF,2,0.0,0.0,0.0,0.0,0.0,0.0,0.0,0.0,0.0,0.0,0.0,0.0,0.0,0.0,0.0,0,281,0,0.0,0.0,0.0,0.0,0.0,0.0,0.0,0.0,0.0,0.0,0.0,0.0
2026_1_KevinShaa_WR,2026_KevinShaa_WR,KevinShaa_WR,2026,1,2026-09-13,Kevin Shaa,WR,CHI,@CAR,12,0.0,0.0,0.0,0.0,0.0,0.0,0.0,0.0,0.0,0.0,0.0,0.0,0.0,0.0,0.0,0,612,0,0.0,0.0,0.0,0.0,0.0,0.0,0.0,0.0,0.0,0.0,0.0,0.0
2026_1_BryceYoung_QB,2026_BryceYoung_QB,BryceYoung_QB,2026,1,2026-09-13,Bryce Young,QB,CAR,CHI,26,0.0,0.0,0.0,0.0,0.0,0.0,0.0,0.0,0.0,0.0,0.0,0.0,0.0,0.0,0.0,0,166,0,0.0,0.0,0.0,0.0,0.0,0.0,0.0,0.0,0.0,0.0,0.0,0.0
2026_1_HamzeEl-Zayat_WR,2026_HamzeEl-Zayat_WR,HamzeEl-Zayat_WR,2026,1,2026-09-13,Hamze El-Zayat,WR,NYJ,@TEN,29,0.0,0.0,0.0,0.0,0.0,0.0,0.0,0.0,0.0,0.0,0.0,0.0,0.0,0.0,0.0,0,613,0,0.0,0.0,0.0,0.0,0.0,0.0,0.0,0.0,0.0,0.0,0.0,0.0
2026_1_TyroneTracy_RB,2026_TyroneTracy_RB,TyroneTracy_RB,2026,1,2026-09-13,Tyrone Tracy,RB,NYG,DAL,27,0.0,0.0,0.0,0.0,0.0,0.0,0.0,0.0,0.0,0.0,0.0,0.0,0.0,0.0,0.0,0,315,0,0.0,0.0,0.0,0.0,0.0,0.0,0.0,0.0,0.0,0.0,0.0,0.0
2026_1_MichaelBurton_RB,2026_MichaelBurton_RB,MichaelBurton_RB,2026,1,2026-09-13,Michael Burton,RB,CLE,@JAC,1,0.0,0.0,0.0,0.0,0.0,0.0,0.0,0.0,0.0,0.0,0.0,0.0,0.0,0.0,0.0,0,316,0,0.0,0.0,0.0,0.0,0.0,0.0,0.0,0.0,0.0,0.0,0.0,0.0
2026_1_BrockLampe_RB,2026_BrockLampe_RB,BrockLampe_RB,2026,1,2026-09-13,Brock Lampe,RB,SEA,NE,2,0.0,0.0,0.0,0.0,0.0,0.0,0.0,0.0,0.0,0.0,0.0,0.0,0.0,0.0,0.0,0,317,0,0.0,0.0,0.0,0.0,0.0,0.0,0.0,0.0,0.0,0.0,0.0,0.0
2026_1_KendricPryor_WR,2026_KendricPryor_WR,KendricPryor_WR,2026,1,2026-09-13,Kendric Pryor,WR,CIN,TB,18,0.0,0.0,0.0,0.0,0.0,0.0,0.0,0.0,0.0,0.0,0.0,0.0,0.0,0.0,0.0,0,614,0,0.0,0.0,0.0,0.0,0.0,0.0,0.0,0.0,0.0,0.0,0.0,0.0
2026_1_DresserWinn_QB,2026_DresserWinn_QB,DresserWinn_QB,2026,1,2026-09-13,Dresser Winn,QB,LAR,SF,16,0.0,0.0,0.0,0.0,0.0,0.0,0.0,0.0,0.0,0.0,0.0,0.0,0.0,0.0,0.0,0,167,0,0.0,0.0,0.0,0.0,0.0,0.0,0.0,0.0,0.0,0.0,0.0,0.0
2026_1_CoreyRucker_WR,2026_CoreyRucker_WR,CoreyRucker_WR,2026,1,2026-09-13,Corey Rucker,WR,LV,MIA,14,0.0,0.0,0.0,0.0,0.0,0.0,0.0,0.0,0.0,0.0,0.0,0.0,0.0,0.0,0.0,0,615,0,0.0,0.0,0.0,0.0,0.0,0.0,0.0,0.0,0.0,0.0,0.0,0.0
2026_1_JohnnyLumpkin_TE,2026_JohnnyLumpkin_TE,JohnnyLumpkin_TE,2026,1,2026-09-13,Johnny Lumpkin,TE,GB,@MIN,4,0.0,0.0,0.0,0.0,0.0,0.0,0.0,0.0,0.0,0.0,0.0,0.0,0.0,0.0,0.0,0,282,0,0.0,0.0,0.0,0.0,0.0,0.0,0.0,0.0,0.0,0.0,0.0,0.0
2026_1_KalelMullings_RB,2026_KalelMullings_RB,KalelMullings_RB,2026,1,2026-09-13,Kalel Mullings,RB,TEN,NYJ,32,0.0,0.0,0.0,0.0,0.0,0.0,0.0,0.0,0.0,0.0,0.0,0.0,0.0,0.0,0.0,0,318,0,0.0,0.0,0.0,0.0,0.0,0.0,0.0,0.0,0.0,0.0,0.0,0.0
2026_1_AhmaniMarshall_RB,2026_AhmaniMarshall_RB,AhmaniMarshall_RB,2026,1,2026-09-13,Ahmani Marshall,RB,CLE,@JAC,1,0.0,0.0,0.0,0.0,0.0,0.0,0.0,0.0,0.0,0.0,0.0,0.0,0.0,0.0,0.0,0,319,0,0.0,0.0,0.0,0.0,0.0,0.0,0.0,0.0,0.0,0.0,0.0,0.0
2026_1_MalikFlowers_WR,2026_MalikFlowers_WR,MalikFlowers_WR,2026,1,2026-09-13,Malik Flowers,WR,LV,MIA,14,0.0,0.0,0.0,0.0,0.0,0.0,0.0,0.0,0.0,0.0,0.0,0.0,0.0,0.0,0.0,0,616,0,0.0,0.0,0.0,0.0,0.0,0.0,0.0,0.0,0.0,0.0,0.0,0.0
2026_1_JaredGoff_QB,2026_JaredGoff_QB,JaredGoff_QB,2026,1,2026-09-13,Jared Goff,QB,DET,NO,6,0.0,0.0,0.0,0.0,0.0,0.0,0.0,0.0,0.0,0.0,0.0,0.0,0.0,0.0,0.0,0,168,0,0.0,0.0,0.0,0.0,0.0,0.0,0.0,0.0,0.0,0.0,0.0,0.0
2026_1_DanteMiller_RB,2026_DanteMiller_RB,DanteMiller_RB,2026,1,2026-09-13,Dante Miller,RB,NYG,DAL,27,0.0,0.0,0.0,0.0,0.0,0.0,0.0,0.0,0.0,0.0,0.0,0.0,0.0,0.0,0.0,0,320,0,0.0,0.0,0.0,0.0,0.0,0.0,0.0,0.0,0.0,0.0,0.0,0.0
2026_1_BrandinCooks_WR,2026_BrandinCooks_WR,BrandinCooks_WR,2026,1,2026-09-13,Brandin Cooks,WR,BUF,@HOU,7,0.0,0.0,0.0,0.0,0.0,0.0,0.0,0.0,0.0,0.0,0.0,0.0,0.0,0.0,0.0,0,617,0,0.0,0.0,0.0,0.0,0.0,0.0,0.0,0.0,0.0,0.0,0.0,0.0
2026_1_DominicLovett_WR,2026_DominicLovett_WR,DominicLovett_WR,2026,1,2026-09-13,Dominic Lovett,WR,DET,NO,10,0.0,0.0,0.0,0.0,0.0,0.0,0.0,0.0,0.0,0.0,0.0,0.0,0.0,0.0,0.0,0,618,0,0.0,0.0,0.0,0.0,0.0,0.0,0.0,0.0,0.0,0.0,0.0,0.0
2026_1_AnthonyTorres_TE,2026_AnthonyTorres_TE,AnthonyTorres_TE,2026,1,2026-09-13,Anthony Torres,TE,LAR,SF,22,0.0,0.0,0.0,0.0,0.0,0.0,0.0,0.0,0.0,0.0,0.0,0.0,0.0,0.0,0.0,0,283,0,0.0,0.0,0.0,0.0,0.0,0.0,0.0,0.0,0.0,0.0,0.0,0.0
2026_1_SincereMcCormick_RB,2026_SincereMcCormick_RB,SincereMcCormick_RB,2026,1,2026-09-13,Sincere McCormick,RB,SF,@LAR,10,0.0,0.0,0.0,0.0,0.0,0.0,0.0,0.0,0.0,0.0,0.0,0.0,0.0,0.0,0.0,0,321,0,0.0,0.0,0.0,0.0,0.0,0.0,0.0,0.0,0.0,0.0,0.0,0.0
2026_1_GarrettWalston_TE,2026_GarrettWalston_TE,GarrettWalston_TE,2026,1,2026-09-13,Garrett Walston,TE,SF,@LAR,14,0.0,0.0,0.0,0.0,0.0,0.0,0.0,0.0,0.0,0.0,0.0,0.0,0.0,0.0,0.0,0,284,0,0.0,0.0,0.0,0.0,0.0,0.0,0.0,0.0,0.0,0.0,0.0,0.0
2026_1_BrandonSmith_WR,2026_BrandonSmith_WR,BrandonSmith_WR,2026,1,2026-09-13,Brandon Smith,WR,PIT,ATL,22,0.0,0.0,0.0,0.0,0.0,0.0,0.0,0.0,0.0,0.0,0.0,0.0,0.0,0.0,0.0,0,619,0,0.0,0.0,0.0,0.0,0.0,0.0,0.0,0.0,0.0,0.0,0.0,0.0
2026_1_EliWilson_RB,2026_EliWilson_RB,EliWilson_RB,2026,1,2026-09-13,Eli Wilson,RB,CLE,@JAC,1,0.0,0.0,0.0,0.0,0.0,0.0,0.0,0.0,0.0,0.0,0.0,0.0,0.0,0.0,0.0,0,322,0,0.0,0.0,0.0,0.0,0.0,0.0,0.0,0.0,0.0,0.0,0.0,0.0
2026_1_HarveyBinford_WR,2026_HarveyBinford_WR,HarveyBinford_WR,2026,1,2026-09-13,Harvey Binford,WR,IND,BAL,25,0.0,0.0,0.0,0.0,0.0,0.0,0.0,0.0,0.0,0.0,0.0,0.0,0.0,0.0,0.0,0,620,0,0.0,0.0,0.0,0.0,0.0,0.0,0.0,0.0,0.0,0.0,0.0,0.0
2026_1_TrayvonRudolph_WR,2026_TrayvonRudolph_WR,TrayvonRudolph_WR,2026,1,2026-09-13,Trayvon Rudolph,WR,MIN,GB,21,0.0,0.0,0.0,0.0,0.0,0.0,0.0,0.0,0.0,0.0,0.0,0.0,0.0,0.0,0.0,0,621,0,0.0,0.0,0.0,0.0,0.0,0.0,0.0,0.0,0.0,0.0,0.0,0.0
2026_1_ErikEzukanma_WR,2026_ErikEzukanma_WR,ErikEzukanma_WR,2026,1,2026-09-13,Erik Ezukanma,WR,PHI,WAS,28,0.0,0.0,0.0,0.0,0.0,0.0,0.0,0.0,0.0,0.0,0.0,0.0,0.0,0.0,0.0,0,622,0,0.0,0.0,0.0,0.0,0.0,0.0,0.0,0.0,0.0,0.0,0.0,0.0
2026_1_DerrickJohnson_WR,2026_DerrickJohnson_WR,DerrickJohnson_WR,2026,1,2026-09-13,Derrick Johnson,WR,NYG,DAL,32,0.0,0.0,0.0,0.0,0.0,0.0,0.0,0.0,0.0,0.0,0.0,0.0,0.0,0.0,0.0,0,623,0,0.0,0.0,0.0,0.0,0.0,0.0,0.0,0.0,0.0,0.0,0.0,0.0
2026_1_ShawnBowman_TE,2026_ShawnBowman_TE,ShawnBowman_TE,2026,1,2026-09-13,Shawn Bowman,TE,ARI,@LAC,9,0.0,0.0,0.0,0.0,0.0,0.0,0.0,0.0,0.0,0.0,0.0,0.0,0.0,0.0,0.0,0,285,0,0.0,0.0,0.0,0.0,0.0,0.0,0.0,0.0,0.0,0.0,0.0,0.0
2026_1_NikolaKalinic_TE,2026_NikolaKalinic_TE,NikolaKalinic_TE,2026,1,2026-09-13,Nikola Kalinic,TE,CHI,@CAR,24,0.0,0.0,0.0,0.0,0.0,0.0,0.0,0.0,0.0,0.0,0.0,0.0,0.0,0.0,0.0,0,286,0,0.0,0.0,0.0,0.0,0.0,0.0,0.0,0.0,0.0,0.0,0.0,0.0
2026_1_JoshuaDobbs_QB,2026_JoshuaDobbs_QB,JoshuaDobbs_QB,2026,1,2026-09-13,Joshua Dobbs,QB,DET,NO,6,0.0,0.0,0.0,0.0,0.0,0.0,0.0,0.0,0.0,0.0,0.0,0.0,0.0,0.0,0.0,0,169,0,0.0,0.0,0.0,0.0,0.0,0.0,0.0,0.0,0.0,0.0,0.0,0.0
2026_1_ConnorWedington_WR,2026_ConnorWedington_WR,ConnorWedington_WR,2026,1,2026-09-13,Connor Wedington,WR,SEA,NE,11,0.0,0.0,0.0,0.0,0.0,0.0,0.0,0.0,0.0,0.0,0.0,0.0,0.0,0.0,0.0,0,624,0,0.0,0.0,0.0,0.0,0.0,0.0,0.0,0.0,0.0,0.0,0.0,0.0
2026_1_BraydonJohnson_WR,2026_BraydonJohnson_WR,BraydonJohnson_WR,2026,1,2026-09-13,Braydon Johnson,WR,BUF,@HOU,7,0.0,0.0,0.0,0.0,0.0,0.0,0.0,0.0,0.0,0.0,0.0,0.0,0.0,0.0,0.0,0,625,0,0.0,0.0,0.0,0.0,0.0,0.0,0.0,0.0,0.0,0.0,0.0,0.0
2026_1_MalikCunningham_WR,2026_MalikCunningham_WR,MalikCunningham_WR,2026,1,2026-09-13,Malik Cunningham,WR,DET,NO,10,0.0,0.0,0.0,0.0,0.0,0.0,0.0,0.0,0.0,0.0,0.0,0.0,0.0,0.0,0.0,0,626,0,0.0,0.0,0.0,0.0,0.0,0.0,0.0,0.0,0.0,0.0,0.0,0.0
2026_1_JaaronHayek_WR,2026_JaaronHayek_WR,JaaronHayek_WR,2026,1,2026-09-13,Jaaron Hayek,WR,KC,DEN,2,0.0,0.0,0.0,0.0,0.0,0.0,0.0,0.0,0.0,0.0,0.0,0.0,0.0,0.0,0.0,0,627,0,0.0,0.0,0.0,0.0,0.0,0.0,0.0,0.0,0.0,0.0,0.0,0.0
2026_1_ParrisCampbell_WR,2026_ParrisCampbell_WR,ParrisCampbell_WR,2026,1,2026-09-13,Parris Campbell,WR,DAL,@NYG,23,0.0,0.0,0.0,0.0,0.0,0.0,0.0,0.0,0.0,0.0,0.0,0.0,0.0,0.0,0.0,0,628,0,0.0,0.0,0.0,0.0,0.0,0.0,0.0,0.0,0.0,0.0,0.0,0.0
2026_1_GavinHardison_QB,2026_GavinHardison_QB,GavinHardison_QB,2026,1,2026-09-13,Gavin Hardison,QB,MIA,@LV,14,0.0,0.0,0.0,0.0,0.0,0.0,0.0,0.0,0.0,0.0,0.0,0.0,0.0,0.0,0.0,0,170,0,0.0,0.0,0.0,0.0,0.0,0.0,0.0,0.0,0.0,0.0,0.0,0.0
2026_1_CedrickWilson_WR,2026_CedrickWilson_WR,CedrickWilson_WR,2026,1,2026-09-13,Cedrick Wilson,WR,DET,NO,10,0.0,0.0,0.0,0.0,0.0,0.0,0.0,0.0,0.0,0.0,0.0,0.0,0.0,0.0,0.0,0,629,0,0.0,0.0,0.0,0.0,0.0,0.0,0.0,0.0,0.0,0.0,0.0,0.0
2026_1_KhalanLaborn_RB,2026_KhalanLaborn_RB,KhalanLaborn_RB,2026,1,2026-09-13,Khalan Laborn,RB,SF,@LAR,10,0.0,0.0,0.0,0.0,0.0,0.0,0.0,0.0,0.0,0.0,0.0,0.0,0.0,0.0,0.0,0,323,0,0.0,0.0,0.0,0.0,0.0,0.0,0.0,0.0,0.0,0.0,0.0,0.0
2026_1_DalynWilliams_QB,2026_DalynWilliams_QB,DalynWilliams_QB,2026,1,2026-09-13,Dalyn Williams,QB,CHI,@CAR,7,0.0,0.0,0.0,0.0,0.0,0.0,0.0,0.0,0.0,0.0,0.0,0.0,0.0,0.0,0.0,0,171,0,0.0,0.0,0.0,0.0,0.0,0.0,0.0,0.0,0.0,0.0,0.0,0.0
2026_1_LewNichols_RB,2026_LewNichols_RB,LewNichols_RB,2026,1,2026-09-13,Lew Nichols,RB,PIT,ATL,16,0.0,0.0,0.0,0.0,0.0,0.0,0.0,0.0,0.0,0.0,0.0,0.0,0.0,0.0,0.0,0,324,0,0.0,0.0,0.0,0.0,0.0,0.0,0.0,0.0,0.0,0.0,0.0,0.0
2026_1_JeffForeman_WR,2026_JeffForeman_WR,JeffForeman_WR,2026,1,2026-09-13,Jeff Foreman,WR,LV,MIA,14,0.0,0.0,0.0,0.0,0.0,0.0,0.0,0.0,0.0,0.0,0.0,0.0,0.0,0.0,0.0,0,630,0,0.0,0.0,0.0,0.0,0.0,0.0,0.0,0.0,0.0,0.0,0.0,0.0
2026_1_TommyMellott_WR,2026_TommyMellott_WR,TommyMellott_WR,2026,1,2026-09-13,Tommy Mellott,WR,NO,@DET,30,0.0,0.0,0.0,0.0,0.0,0.0,0.0,0.0,0.0,0.0,0.0,0.0,0.0,0.0,0.0,0,631,0,0.0,0.0,0.0,0.0,0.0,0.0,0.0,0.0,0.0,0.0,0.0,0.0
2026_1_GarettMaag_WR,2026_GarettMaag_WR,GarettMaag_WR,2026,1,2026-09-13,Garett Maag,WR,MIN,GB,21,0.0,0.0,0.0,0.0,0.0,0.0,0.0,0.0,0.0,0.0,0.0,0.0,0.0,0.0,0.0,0,632,0,0.0,0.0,0.0,0.0,0.0,0.0,0.0,0.0,0.0,0.0,0.0,0.0
2026_1_BrentonStrange_TE,2026_BrentonStrange_TE,BrentonStrange_TE,2026,1,2026-09-13,Brenton Strange,TE,JAC,CLE,16,0.0,0.0,0.0,0.0,0.0,0.0,0.0,0.0,0.0,0.0,0.0,0.0,0.0,0.0,0.0,0,287,0,0.0,0.0,0.0,0.0,0.0,0.0,0.0,0.0,0.0,0.0,0.0,0.0
2026_1_KobeLewis_RB,2026_KobeLewis_RB,KobeLewis_RB,2026,1,2026-09-13,Kobe Lewis,RB,SEA,NE,2,0.0,0.0,0.0,0.0,0.0,0.0,0.0,0.0,0.0,0.0,0.0,0.0,0.0,0.0,0.0,0,325,0,0.0,0.0,0.0,0.0,0.0,0.0,0.0,0.0,0.0,0.0,0.0,0.0
2026_1_ReggieBrown_WR,2026_ReggieBrown_WR,ReggieBrown_WR,2026,1,2026-09-13,Reggie Brown,WR,KC,DEN,2,0.0,0.0,0.0,0.0,0.0,0.0,0.0,0.0,0.0,0.0,0.0,0.0,0.0,0.0,0.0,0,633,0,0.0,0.0,0.0,0.0,0.0,0.0,0.0,0.0,0.0,0.0,0.0,0.0
2026_1_JacksonHawes_TE,2026_JacksonHawes_TE,JacksonHawes_TE,2026,1,2026-09-13,Jackson Hawes,TE,BUF,@HOU,7,0.0,0.0,0.0,0.0,0.0,0.0,0.0,0.0,0.0,0.0,0.0,0.0,0.0,0.0,0.0,0,288,0,0.0,0.0,0.0,0.0,0.0,0.0,0.0,0.0,0.0,0.0,0.0,0.0
2026_1_ColePayton_QB,2026_ColePayton_QB,ColePayton_QB,2026,1,2026-09-13,Cole Payton,QB,PHI,WAS,30,0.0,0.0,0.0,0.0,0.0,0.0,0.0,0.0,0.0,0.0,0.0,0.0,0.0,0.0,0.0,0,172,0,0.0,0.0,0.0,0.0,0.0,0.0,0.0,0.0,0.0,0.0,0.0,0.0
2026_1_JoshOliver_TE,2026_JoshOliver_TE,JoshOliver_TE,2026,1,2026-09-13,Josh Oliver,TE,MIN,GB,12,0.0,0.0,0.0,0.0,0.0,0.0,0.0,0.0,0.0,0.0,0.0,0.0,0.0,0.0,0.0,0,289,0,0.0,0.0,0.0,0.0,0.0,0.0,0.0,0.0,0.0,0.0,0.0,0.0
2026_1_JoshKelly_WR,2026_JoshKelly_WR,JoshKelly_WR,2026,1,2026-09-13,Josh Kelly,WR,HOU,BUF,13,0.0,0.0,0.0,0.0,0.0,0.0,0.0,0.0,0.0,0.0,0.0,0.0,0.0,0.0,0.0,0,634,0,0.0,0.0,0.0,0.0,0.0,0.0,0.0,0.0,0.0,0.0,0.0,0.0
2026_1_TaloloLimu-Jones_WR,2026_TaloloLimu-Jones_WR,TaloloLimu-Jones_WR,2026,1,2026-09-13,Talolo Limu-Jones,WR,CAR,CHI,31,0.0,0.0,0.0,0.0,0.0,0.0,0.0,0.0,0.0,0.0,0.0,0.0,0.0,0.0,0.0,0,635,0,0.0,0.0,0.0,0.0,0.0,0.0,0.0,0.0,0.0,0.0,0.0,0.0
2026_1_GardnerMinshew_QB,2026_GardnerMinshew_QB,GardnerMinshew_QB,2026,1,2026-09-13,Gardner Minshew,QB,ARI,@LAC,3,0.0,0.0,0.0,0.0,0.0,0.0,0.0,0.0,0.0,0.0,0.0,0.0,0.0,0.0,0.0,0,173,0,0.0,0.0,0.0,0.0,0.0,0.0,0.0,0.0,0.0,0.0,0.0,0.0
2026_1_KyronDrones_QB,2026_KyronDrones_QB,KyronDrones_QB,2026,1,2026-09-13,Kyron Drones,QB,GB,@MIN,1,0.0,0.0,0.0,0.0,0.0,0.0,0.0,0.0,0.0,0.0,0.0,0.0,0.0,0.0,0.0,0,174,0,0.0,0.0,0.0,0.0,0.0,0.0,0.0,0.0,0.0,0.0,0.0,0.0
2026_1_JonathanTaylor_RB,2026_JonathanTaylor_RB,JonathanTaylor_RB,2026,1,2026-09-13,Jonathan Taylor,RB,IND,BAL,17,0.0,0.0,0.0,0.0,0.0,0.0,0.0,0.0,0.0,0.0,0.0,0.0,0.0,0.0,0.0,0,326,0,0.0,0.0,0.0,0.0,0.0,0.0,0.0,0.0,0.0,0.0,0.0,0.0
2026_1_MaxTomczak_WR,2026_MaxTomczak_WR,MaxTomczak_WR,2026,1,2026-09-13,Max Tomczak,WR,BUF,@HOU,7,0.0,0.0,0.0,0.0,0.0,0.0,0.0,0.0,0.0,0.0,0.0,0.0,0.0,0.0,0.0,0,636,0,0.0,0.0,0.0,0.0,0.0,0.0,0.0,0.0,0.0,0.0,0.0,0.0
2026_1_KeshunnAbram_WR,2026_KeshunnAbram_WR,KeshunnAbram_WR,2026,1,2026-09-13,Keshunn Abram,WR,NYJ,@TEN,29,0.0,0.0,0.0,0.0,0.0,0.0,0.0,0.0,0.0,0.0,0.0,0.0,0.0,0.0,0.0,0,637,0,0.0,0.0,0.0,0.0,0.0,0.0,0.0,0.0,0.0,0.0,0.0,0.0
2026_1_TylerAdams_WR,2026_TylerAdams_WR,TylerAdams_WR,2026,1,2026-09-13,Tyler Adams,WR,IND,BAL,25,0.0,0.0,0.0,0.0,0.0,0.0,0.0,0.0,0.0,0.0,0.0,0.0,0.0,0.0,0.0,0,638,0,0.0,0.0,0.0,0.0,0.0,0.0,0.0,0.0,0.0,0.0,0.0,0.0
2026_1_IrvSmith_TE,2026_IrvSmith_TE,IrvSmith_TE,2026,1,2026-09-13,Irv Smith,TE,HOU,BUF,2,0.0,0.0,0.0,0.0,0.0,0.0,0.0,0.0,0.0,0.0,0.0,0.0,0.0,0.0,0.0,0,290,0,0.0,0.0,0.0,0.0,0.0,0.0,0.0,0.0,0.0,0.0,0.0,0.0
2026_1_LawranceToafili_RB,2026_LawranceToafili_RB,LawranceToafili_RB,2026,1,2026-09-13,Lawrance Toafili,RB,NYJ,@TEN,13,0.0,0.0,0.0,0.0,0.0,0.0,0.0,0.0,0.0,0.0,0.0,0.0,0.0,0.0,0.0,0,327,0,0.0,0.0,0.0,0.0,0.0,0.0,0.0,0.0,0.0,0.0,0.0,0.0
2026_1_RomanHemby_RB,2026_RomanHemby_RB,RomanHemby_RB,2026,1,2026-09-13,Roman Hemby,RB,LV,MIA,24,0.0,0.0,0.0,0.0,0.0,0.0,0.0,0.0,0.0,0.0,0.0,0.0,0.0,0.0,0.0,0,328,0,0.0,0.0,0.0,0.0,0.0,0.0,0.0,0.0,0.0,0.0,0.0,0.0
2026_1_DajeJohnson_WR,2026_DajeJohnson_WR,DajeJohnson_WR,2026,1,2026-09-13,Daje Johnson,WR,ATL,@PIT,26,0.0,0.0,0.0,0.0,0.0,0.0,0.0,0.0,0.0,0.0,0.0,0.0,0.0,0.0,0.0,0,639,0,0.0,0.0,0.0,0.0,0.0,0.0,0.0,0.0,0.0,0.0,0.0,0.0
2026_1_ScottyWashington_TE,2026_ScottyWashington_TE,ScottyWashington_TE,2026,1,2026-09-13,Scotty Washington,TE,BAL,@IND,25,0.0,0.0,0.0,0.0,0.0,0.0,0.0,0.0,0.0,0.0,0.0,0.0,0.0,0.0,0.0,0,291,0,0.0,0.0,0.0,0.0,0.0,0.0,0.0,0.0,0.0,0.0,0.0,0.0
2026_1_JarrettStidham_QB,2026_JarrettStidham_QB,JarrettStidham_QB,2026,1,2026-09-13,Jarrett Stidham,QB,DEN,@KC,12,0.0,0.0,0.0,0.0,0.0,0.0,0.0,0.0,0.0,0.0,0.0,0.0,0.0,0.0,0.0,0,175,0,0.0,0.0,0.0,0.0,0.0,0.0,0.0,0.0,0.0,0.0,0.0,0.0
2026_1_JamesCook_RB,2026_JamesCook_RB,JamesCook_RB,2026,1,2026-09-13,James Cook,RB,BUF,@HOU,5,0.0,0.0,0.0,0.0,0.0,0.0,0.0,0.0,0.0,0.0,0.0,0.0,0.0,0.0,0.0,0,329,0,0.0,0.0,0.0,0.0,0.0,0.0,0.0,0.0,0.0,0.0,0.0,0.0
2026_1_JalonCalhoun_WR,2026_JalonCalhoun_WR,JalonCalhoun_WR,2026,1,2026-09-13,Jalon Calhoun,WR,DET,NO,10,0.0,0.0,0.0,0.0,0.0,0.0,0.0,0.0,0.0,0.0,0.0,0.0,0.0,0.0,0.0,0,640,0,0.0,0.0,0.0,0.0,0.0,0.0,0.0,0.0,0.0,0.0,0.0,0.0
2026_1_CoreyCrooms_WR,2026_CoreyCrooms_WR,CoreyCrooms_WR,2026,1,2026-09-13,Corey Crooms,WR,DAL,@NYG,23,0.0,0.0,0.0,0.0,0.0,0.0,0.0,0.0,0.0,0.0,0.0,0.0,0.0,0.0,0.0,0,641,0,0.0,0.0,0.0,0.0,0.0,0.0,0.0,0.0,0.0,0.0,0.0,0.0
2026_1_MicahBernard_RB,2026_MicahBernard_RB,MicahBernard_RB,2026,1,2026-09-13,Micah Bernard,RB,NE,@SEA,4,0.0,0.0,0.0,0.0,0.0,0.0,0.0,0.0,0.0,0.0,0.0,0.0,0.0,0.0,0.0,0,330,0,0.0,0.0,0.0,0.0,0.0,0.0,0.0,0.0,0.0,0.0,0.0,0.0
2026_1_JaylinLane_WR,2026_JaylinLane_WR,JaylinLane_WR,2026,1,2026-09-13,Jaylin Lane,WR,WAS,@PHI,8,0.0,0.0,0.0,0.0,0.0,0.0,0.0,0.0,0.0,0.0,0.0,0.0,0.0,0.0,0.0,0,642,0,0.0,0.0,0.0,0.0,0.0,0.0,0.0,0.0,0.0,0.0,0.0,0.0
2026_1_AlexGray_TE,2026_AlexGray_TE,AlexGray_TE,2026,1,2026-09-13,Alex Gray,TE,ATL,@PIT,26,0.0,0.0,0.0,0.0,0.0,0.0,0.0,0.0,0.0,0.0,0.0,0.0,0.0,0.0,0.0,0,292,0,0.0,0.0,0.0,0.0,0.0,0.0,0.0,0.0,0.0,0.0,0.0,0.0
2026_1_KadenWetjen_WR,2026_KadenWetjen_WR,KadenWetjen_WR,2026,1,2026-09-13,Kaden Wetjen,WR,PIT,ATL,22,0.0,0.0,0.0,0.0,0.0,0.0,0.0,0.0,0.0,0.0,0.0,0.0,0.0,0.0,0.0,0,643,0,0.0,0.0,0.0,0.0,0.0,0.0,0.0,0.0,0.0,0.0,0.0,0.0
2026_1_DevonRamsay_RB,2026_DevonRamsay_RB,DevonRamsay_RB,2026,1,2026-09-13,Devon Ramsay,RB,FA,BYE,33,0.0,0.0,0.0,0.0,0.0,0.0,0.0,0.0,0.0,0.0,0.0,0.0,0.0,0.0,0.0,0,331,0,0.0,0.0,0.0,0.0,0.0,0.0,0.0,0.0,0.0,0.0,0.0,0.0
2026_1_CamGrandy_TE,2026_CamGrandy_TE,CamGrandy_TE,2026,1,2026-09-13,Cam Grandy,TE,CIN,TB,27,0.0,0.0,0.0,0.0,0.0,0.0,0.0,0.0,0.0,0.0,0.0,0.0,0.0,0.0,0.0,0,293,0,0.0,0.0,0.0,0.0,0.0,0.0,0.0,0.0,0.0,0.0,0.0,0.0
2026_1_ColeFotheringham_TE,2026_ColeFotheringham_TE,ColeFotheringham_TE,2026,1,2026-09-13,Cole Fotheringham,TE,NE,@SEA,20,0.0,0.0,0.0,0.0,0.0,0.0,0.0,0.0,0.0,0.0,0.0,0.0,0.0,0.0,0.0,0,294,0,0.0,0.0,0.0,0.0,0.0,0.0,0.0,0.0,0.0,0.0,0.0,0.0
2026_1_LawrenceKeys_WR,2026_LawrenceKeys_WR,LawrenceKeys_WR,2026,1,2026-09-13,Lawrence Keys,WR,DET,NO,10,0.0,0.0,0.0,0.0,0.0,0.0,0.0,0.0,0.0,0.0,0.0,0.0,0.0,0.0,0.0,0,644,0,0.0,0.0,0.0,0.0,0.0,0.0,0.0,0.0,0.0,0.0,0.0,0.0
2026_1_JalenVirgil_WR,2026_JalenVirgil_WR,JalenVirgil_WR,2026,1,2026-09-13,Jalen Virgil,WR,BUF,@HOU,7,0.0,0.0,0.0,0.0,0.0,0.0,0.0,0.0,0.0,0.0,0.0,0.0,0.0,0.0,0.0,0,645,0,0.0,0.0,0.0,0.0,0.0,0.0,0.0,0.0,0.0,0.0,0.0,0.0
2026_1_BugHoward_WR,2026_BugHoward_WR,BugHoward_WR,2026,1,2026-09-13,Bug Howard,WR,TB,@CIN,9,0.0,0.0,0.0,0.0,0.0,0.0,0.0,0.0,0.0,0.0,0.0,0.0,0.0,0.0,0.0,0,646,0,0.0,0.0,0.0,0.0,0.0,0.0,0.0,0.0,0.0,0.0,0.0,0.0
2026_1_PierreStrong_RB,2026_PierreStrong_RB,PierreStrong_RB,2026,1,2026-09-13,Pierre Strong,RB,GB,@MIN,15,0.0,0.0,0.0,0.0,0.0,0.0,0.0,0.0,0.0,0.0,0.0,0.0,0.0,0.0,0.0,0,332,0,0.0,0.0,0.0,0.0,0.0,0.0,0.0,0.0,0.0,0.0,0.0,0.0
2026_1_JJHowland_TE,2026_JJHowland_TE,JJHowland_TE,2026,1,2026-09-13,JJ Howland,TE,TB,@CIN,32,0.0,0.0,0.0,0.0,0.0,0.0,0.0,0.0,0.0,0.0,0.0,0.0,0.0,0.0,0.0,0,295,0,0.0,0.0,0.0,0.0,0.0,0.0,0.0,0.0,0.0,0.0,0.0,0.0
2026_1_CamSutton_TE,2026_CamSutton_TE,CamSutton_TE,2026,1,2026-09-13,Cam Sutton,TE,SEA,NE,17,0.0,0.0,0.0,0.0,0.0,0.0,0.0,0.0,0.0,0.0,0.0,0.0,0.0,0.0,0.0,0,296,0,0.0,0.0,0.0,0.0,0.0,0.0,0.0,0.0,0.0,0.0,0.0,0.0
2026_1_ColeKelley_QB,2026_ColeKelley_QB,ColeKelley_QB,2026,1,2026-09-13,Cole Kelley,QB,WAS,@PHI,11,0.0,0.0,0.0,0.0,0.0,0.0,0.0,0.0,0.0,0.0,0.0,0.0,0.0,0.0,0.0,0,176,0,0.0,0.0,0.0,0.0,0.0,0.0,0.0,0.0,0.0,0.0,0.0,0.0
2026_1_BrendenRice_WR,2026_BrendenRice_WR,BrendenRice_WR,2026,1,2026-09-13,Brenden Rice,WR,GB,@MIN,1,0.0,0.0,0.0,0.0,0.0,0.0,0.0,0.0,0.0,0.0,0.0,0.0,0.0,0.0,0.0,0,647,0,0.0,0.0,0.0,0.0,0.0,0.0,0.0,0.0,0.0,0.0,0.0,0.0
2026_1_DariusHagans_RB,2026_DariusHagans_RB,DariusHagans_RB,2026,1,2026-09-13,Darius Hagans,RB,PIT,ATL,16,0.0,0.0,0.0,0.0,0.0,0.0,0.0,0.0,0.0,0.0,0.0,0.0,0.0,0.0,0.0,0,333,0,0.0,0.0,0.0,0.0,0.0,0.0,0.0,0.0,0.0,0.0,0.0,0.0
2026_1_DesmondReid_RB,2026_DesmondReid_RB,DesmondReid_RB,2026,1,2026-09-13,Desmond Reid,RB,BUF,@HOU,5,0.0,0.0,0.0,0.0,0.0,0.0,0.0,0.0,0.0,0.0,0.0,0.0,0.0,0.0,0.0,0,334,0,0.0,0.0,0.0,0.0,0.0,0.0,0.0,0.0,0.0,0.0,0.0,0.0
2026_1_CarlTucker_TE,2026_CarlTucker_TE,CarlTucker_TE,2026,1,2026-09-13,Carl Tucker,TE,MIA,@LV,3,0.0,0.0,0.0,0.0,0.0,0.0,0.0,0.0,0.0,0.0,0.0,0.0,0.0,0.0,0.0,0,297,0,0.0,0.0,0.0,0.0,0.0,0.0,0.0,0.0,0.0,0.0,0.0,0.0
2026_1_HaroldFannin_TE,2026_HaroldFannin_TE,HaroldFannin_TE,2026,1,2026-09-13,Harold Fannin,TE,CLE,@JAC,23,0.0,0.0,0.0,0.0,0.0,0.0,0.0,0.0,0.0,0.0,0.0,0.0,0.0,0.0,0.0,0,298,0,0.0,0.0,0.0,0.0,0.0,0.0,0.0,0.0,0.0,0.0,0.0,0.0
2026_1_JahanDotson_WR,2026_JahanDotson_WR,JahanDotson_WR,2026,1,2026-09-13,Jahan Dotson,WR,ATL,@PIT,26,0.0,0.0,0.0,0.0,0.0,0.0,0.0,0.0,0.0,0.0,0.0,0.0,0.0,0.0,0.0,0,648,0,0.0,0.0,0.0,0.0,0.0,0.0,0.0,0.0,0.0,0.0,0.0,0.0
2026_1_MoritzBoehringer_TE,2026_MoritzBoehringer_TE,MoritzBoehringer_TE,2026,1,2026-09-13,Moritz Boehringer,TE,CIN,TB,27,0.0,0.0,0.0,0.0,0.0,0.0,0.0,0.0,0.0,0.0,0.0,0.0,0.0,0.0,0.0,0,299,0,0.0,0.0,0.0,0.0,0.0,0.0,0.0,0.0,0.0,0.0,0.0,0.0
2026_1_AlexBachman_WR,2026_AlexBachman_WR,AlexBachman_WR,2026,1,2026-09-13,Alex Bachman,WR,LV,MIA,14,0.0,0.0,0.0,0.0,0.0,0.0,0.0,0.0,0.0,0.0,0.0,0.0,0.0,0.0,0.0,0,649,0,0.0,0.0,0.0,0.0,0.0,0.0,0.0,0.0,0.0,0.0,0.0,0.0
2026_1_ColemanOwen_WR,2026_ColemanOwen_WR,ColemanOwen_WR,2026,1,2026-09-13,Coleman Owen,WR,IND,BAL,25,0.0,0.0,0.0,0.0,0.0,0.0,0.0,0.0,0.0,0.0,0.0,0.0,0.0,0.0,0.0,0,650,0,0.0,0.0,0.0,0.0,0.0,0.0,0.0,0.0,0.0,0.0,0.0,0.0
2026_1_LucasKrull_TE,2026_LucasKrull_TE,LucasKrull_TE,2026,1,2026-09-13,Lucas Krull,TE,DEN,@KC,6,0.0,0.0,0.0,0.0,0.0,0.0,0.0,0.0,0.0,0.0,0.0,0.0,0.0,0.0,0.0,0,300,0,0.0,0.0,0.0,0.0,0.0,0.0,0.0,0.0,0.0,0.0,0.0,0.0
2026_1_AnthonyHankerson_RB,2026_AnthonyHankerson_RB,AnthonyHankerson_RB,2026,1,2026-09-13,Anthony Hankerson,RB,MIA,@LV,21,0.0,0.0,0.0,0.0,0.0,0.0,0.0,0.0,0.0,0.0,0.0,0.0,0.0,0.0,0.0,0,335,0,0.0,0.0,0.0,0.0,0.0,0.0,0.0,0.0,0.0,0.0,0.0,0.0
2026_1_JoaquinDavis_WR,2026_JoaquinDavis_WR,JoaquinDavis_WR,2026,1,2026-09-13,Joaquin Davis,WR,PIT,ATL,22,0.0,0.0,0.0,0.0,0.0,0.0,0.0,0.0,0.0,0.0,0.0,0.0,0.0,0.0,0.0,0,651,0,0.0,0.0,0.0,0.0,0.0,0.0,0.0,0.0,0.0,0.0,0.0,0.0
2026_1_AnthonySchwartz_WR,2026_AnthonySchwartz_WR,AnthonySchwartz_WR,2026,1,2026-09-13,Anthony Schwartz,WR,MIA,@LV,20,0.0,0.0,0.0,0.0,0.0,0.0,0.0,0.0,0.0,0.0,0.0,0.0,0.0,0.0,0.0,0,652,0,0.0,0.0,0.0,0.0,0.0,0.0,0.0,0.0,0.0,0.0,0.0,0.0
2026_1_BryanThompson_WR,2026_BryanThompson_WR,BryanThompson_WR,2026,1,2026-09-13,Bryan Thompson,WR,BUF,@HOU,7,0.0,0.0,0.0,0.0,0.0,0.0,0.0,0.0,0.0,0.0,0.0,0.0,0.0,0.0,0.0,0,653,0,0.0,0.0,0.0,0.0,0.0,0.0,0.0,0.0,0.0,0.0,0.0,0.0
2026_1_KoleTaylor_TE,2026_KoleTaylor_TE,KoleTaylor_TE,2026,1,2026-09-13,Kole Taylor,TE,CIN,TB,27,0.0,0.0,0.0,0.0,0.0,0.0,0.0,0.0,0.0,0.0,0.0,0.0,0.0,0.0,0.0,0,301,0,0.0,0.0,0.0,0.0,0.0,0.0,0.0,0.0,0.0,0.0,0.0,0.0
2026_1_TerrillDavis_WR,2026_TerrillDavis_WR,TerrillDavis_WR,2026,1,2026-09-13,Terrill Davis,WR,MIN,GB,21,0.0,0.0,0.0,0.0,0.0,0.0,0.0,0.0,0.0,0.0,0.0,0.0,0.0,0.0,0.0,0,654,0,0.0,0.0,0.0,0.0,0.0,0.0,0.0,0.0,0.0,0.0,0.0,0.0
2026_1_CaseCookus_QB,2026_CaseCookus_QB,CaseCookus_QB,2026,1,2026-09-13,Case Cookus,QB,LAR,SF,16,0.0,0.0,0.0,0.0,0.0,0.0,0.0,0.0,0.0,0.0,0.0,0.0,0.0,0.0,0.0,0,177,0,0.0,0.0,0.0,0.0,0.0,0.0,0.0,0.0,0.0,0.0,0.0,0.0
2026_1_GeorgeHolani_RB,2026_GeorgeHolani_RB,GeorgeHolani_RB,2026,1,2026-09-13,George Holani,RB,SEA,NE,2,0.0,0.0,0.0,0.0,0.0,0.0,0.0,0.0,0.0,0.0,0.0,0.0,0.0,0.0,0.0,0,336,0,0.0,0.0,0.0,0.0,0.0,0.0,0.0,0.0,0.0,0.0,0.0,0.0
2026_1_ShaquanDavis_WR,2026_ShaquanDavis_WR,ShaquanDavis_WR,2026,1,2026-09-13,Shaquan Davis,WR,PIT,ATL,22,0.0,0.0,0.0,0.0,0.0,0.0,0.0,0.0,0.0,0.0,0.0,0.0,0.0,0.0,0.0,0,655,0,0.0,0.0,0.0,0.0,0.0,0.0,0.0,0.0,0.0,0.0,0.0,0.0
2026_1_JaredScott_TE,2026_JaredScott_TE,JaredScott_TE,2026,1,2026-09-13,Jared Scott,TE,IND,BAL,8,0.0,0.0,0.0,0.0,0.0,0.0,0.0,0.0,0.0,0.0,0.0,0.0,0.0,0.0,0.0,0,302,0,0.0,0.0,0.0,0.0,0.0,0.0,0.0,0.0,0.0,0.0,0.0,0.0
2026_1_EmekaEmezie_WR,2026_EmekaEmezie_WR,EmekaEmezie_WR,2026,1,2026-09-13,Emeka Emezie,WR,ATL,@PIT,26,0.0,0.0,0.0,0.0,0.0,0.0,0.0,0.0,0.0,0.0,0.0,0.0,0.0,0.0,0.0,0,656,0,0.0,0.0,0.0,0.0,0.0,0.0,0.0,0.0,0.0,0.0,0.0,0.0
2026_1_ChevanCordeiro_QB,2026_ChevanCordeiro_QB,ChevanCordeiro_QB,2026,1,2026-09-13,Chevan Cordeiro,QB,SEA,NE,5,0.0,0.0,0.0,0.0,0.0,0.0,0.0,0.0,0.0,0.0,0.0,0.0,0.0,0.0,0.0,0,178,0,0.0,0.0,0.0,0.0,0.0,0.0,0.0,0.0,0.0,0.0,0.0,0.0
2026_1_CodySchrader_RB,2026_CodySchrader_RB,CodySchrader_RB,2026,1,2026-09-13,Cody Schrader,RB,DEN,@KC,6,0.0,0.0,0.0,0.0,0.0,0.0,0.0,0.0,0.0,0.0,0.0,0.0,0.0,0.0,0.0,0,337,0,0.0,0.0,0.0,0.0,0.0,0.0,0.0,0.0,0.0,0.0,0.0,0.0
2026_1_BrianThomas_WR,2026_BrianThomas_WR,BrianThomas_WR,2026,1,2026-09-13,Brian Thomas,WR,JAC,CLE,5,0.0,0.0,0.0,0.0,0.0,0.0,0.0,0.0,0.0,0.0,0.0,0.0,0.0,0.0,0.0,0,657,0,0.0,0.0,0.0,0.0,0.0,0.0,0.0,0.0,0.0,0.0,0.0,0.0
2026_1_TuaTagovailoa_QB,2026_TuaTagovailoa_QB,TuaTagovailoa_QB,2026,1,2026-09-13,Tua Tagovailoa,QB,ATL,@PIT,24,0.0,0.0,0.0,0.0,0.0,0.0,0.0,0.0,0.0,0.0,0.0,0.0,0.0,0.0,0.0,0,179,0,0.0,0.0,0.0,0.0,0.0,0.0,0.0,0.0,0.0,0.0,0.0,0.0
2026_1_SteveIshmael_WR,2026_SteveIshmael_WR,SteveIshmael_WR,2026,1,2026-09-13,Steve Ishmael,WR,IND,BAL,25,0.0,0.0,0.0,0.0,0.0,0.0,0.0,0.0,0.0,0.0,0.0,0.0,0.0,0.0,0.0,0,658,0,0.0,0.0,0.0,0.0,0.0,0.0,0.0,0.0,0.0,0.0,0.0,0.0
2026_1_Je'QuanBurton_WR,2026_Je'QuanBurton_WR,Je'QuanBurton_WR,2026,1,2026-09-13,Je'Quan Burton,WR,MIA,@LV,20,0.0,0.0,0.0,0.0,0.0,0.0,0.0,0.0,0.0,0.0,0.0,0.0,0.0,0.0,0.0,0,659,0,0.0,0.0,0.0,0.0,0.0,0.0,0.0,0.0,0.0,0.0,0.0,0.0
2026_1_BraydenWillis_TE,2026_BraydenWillis_TE,BraydenWillis_TE,2026,1,2026-09-13,Brayden Willis,TE,SF,@LAR,14,0.0,0.0,0.0,0.0,0.0,0.0,0.0,0.0,0.0,0.0,0.0,0.0,0.0,0.0,0.0,0,303,0,0.0,0.0,0.0,0.0,0.0,0.0,0.0,0.0,0.0,0.0,0.0,0.0
2026_1_WarrenJackson_WR,2026_WarrenJackson_WR,WarrenJackson_WR,2026,1,2026-09-13,Warren Jackson,WR,LAR,SF,16,0.0,0.0,0.0,0.0,0.0,0.0,0.0,0.0,0.0,0.0,0.0,0.0,0.0,0.0,0.0,0,660,0,0.0,0.0,0.0,0.0,0.0,0.0,0.0,0.0,0.0,0.0,0.0,0.0
2026_1_JalinHyatt_WR,2026_JalinHyatt_WR,JalinHyatt_WR,2026,1,2026-09-13,Jalin Hyatt,WR,NYG,DAL,32,0.0,0.0,0.0,0.0,0.0,0.0,0.0,0.0,0.0,0.0,0.0,0.0,0.0,0.0,0.0,0,661,0,0.0,0.0,0.0,0.0,0.0,0.0,0.0,0.0,0.0,0.0,0.0,0.0
2026_1_KelvinMcKnight_WR,2026_KelvinMcKnight_WR,KelvinMcKnight_WR,2026,1,2026-09-13,Kelvin McKnight,WR,DEN,@KC,6,0.0,0.0,0.0,0.0,0.0,0.0,0.0,0.0,0.0,0.0,0.0,0.0,0.0,0.0,0.0,0,662,0,0.0,0.0,0.0,0.0,0.0,0.0,0.0,0.0,0.0,0.0,0.0,0.0
2026_1_TerranceFerguson_TE,2026_TerranceFerguson_TE,TerranceFerguson_TE,2026,1,2026-09-13,Terrance Ferguson,TE,LAR,SF,22,0.0,0.0,0.0,0.0,0.0,0.0,0.0,0.0,0.0,0.0,0.0,0.0,0.0,0.0,0.0,0,304,0,0.0,0.0,0.0,0.0,0.0,0.0,0.0,0.0,0.0,0.0,0.0,0.0
2026_1_HaydenHurst_TE,2026_HaydenHurst_TE,HaydenHurst_TE,2026,1,2026-09-13,Hayden Hurst,TE,LAC,ARI,31,0.0,0.0,0.0,0.0,0.0,0.0,0.0,0.0,0.0,0.0,0.0,0.0,0.0,0.0,0.0,0,305,0,0.0,0.0,0.0,0.0,0.0,0.0,0.0,0.0,0.0,0.0,0.0,0.0
2026_1_NickWilliams_WR,2026_NickWilliams_WR,NickWilliams_WR,2026,1,2026-09-13,Nick Williams,WR,DEN,@KC,6,0.0,0.0,0.0,0.0,0.0,0.0,0.0,0.0,0.0,0.0,0.0,0.0,0.0,0.0,0.0,0,663,0,0.0,0.0,0.0,0.0,0.0,0.0,0.0,0.0,0.0,0.0,0.0,0.0
2026_1_PatrickHerbert_TE,2026_PatrickHerbert_TE,PatrickHerbert_TE,2026,1,2026-09-13,Patrick Herbert,TE,JAC,CLE,16,0.0,0.0,0.0,0.0,0.0,0.0,0.0,0.0,0.0,0.0,0.0,0.0,0.0,0.0,0.0,0,306,0,0.0,0.0,0.0,0.0,0.0,0.0,0.0,0.0,0.0,0.0,0.0,0.0
2026_1_CharlesScarff_TE,2026_CharlesScarff_TE,CharlesScarff_TE,2026,1,2026-09-13,Charles Scarff,TE,BAL,@IND,25,0.0,0.0,0.0,0.0,0.0,0.0,0.0,0.0,0.0,0.0,0.0,0.0,0.0,0.0,0.0,0,307,0,0.0,0.0,0.0,0.0,0.0,0.0,0.0,0.0,0.0,0.0,0.0,0.0
2026_1_TaiFelton_WR,2026_TaiFelton_WR,TaiFelton_WR,2026,1,2026-09-13,Tai Felton,WR,MIN,GB,21,0.0,0.0,0.0,0.0,0.0,0.0,0.0,0.0,0.0,0.0,0.0,0.0,0.0,0.0,0.0,0,664,0,0.0,0.0,0.0,0.0,0.0,0.0,0.0,0.0,0.0,0.0,0.0,0.0
2026_1_TylerBoyd_WR,2026_TylerBoyd_WR,TylerBoyd_WR,2026,1,2026-09-13,Tyler Boyd,WR,TEN,NYJ,19,0.0,0.0,0.0,0.0,0.0,0.0,0.0,0.0,0.0,0.0,0.0,0.0,0.0,0.0,0.0,0,665,0,0.0,0.0,0.0,0.0,0.0,0.0,0.0,0.0,0.0,0.0,0.0,0.0
2026_1_JackSorenson_WR,2026_JackSorenson_WR,JackSorenson_WR,2026,1,2026-09-13,Jack Sorenson,WR,CIN,TB,18,0.0,0.0,0.0,0.0,0.0,0.0,0.0,0.0,0.0,0.0,0.0,0.0,0.0,0.0,0.0,0,666,0,0.0,0.0,0.0,0.0,0.0,0.0,0.0,0.0,0.0,0.0,0.0,0.0
2026_1_RickyPerson_RB,2026_RickyPerson_RB,RickyPerson_RB,2026,1,2026-09-13,Ricky Person,RB,SEA,NE,2,0.0,0.0,0.0,0.0,0.0,0.0,0.0,0.0,0.0,0.0,0.0,0.0,0.0,0.0,0.0,0,338,0,0.0,0.0,0.0,0.0,0.0,0.0,0.0,0.0,0.0,0.0,0.0,0.0
2026_1_D'ErnestJohnson_RB,2026_D'ErnestJohnson_RB,D'ErnestJohnson_RB,2026,1,2026-09-13,D'Ernest Johnson,RB,NE,@SEA,4,0.0,0.0,0.0,0.0,0.0,0.0,0.0,0.0,0.0,0.0,0.0,0.0,0.0,0.0,0.0,0,339,0,0.0,0.0,0.0,0.0,0.0,0.0,0.0,0.0,0.0,0.0,0.0,0.0
2026_1_NicoEvans_RB,2026_NicoEvans_RB,NicoEvans_RB,2026,1,2026-09-13,Nico Evans,RB,PHI,WAS,29,0.0,0.0,0.0,0.0,0.0,0.0,0.0,0.0,0.0,0.0,0.0,0.0,0.0,0.0,0.0,0,340,0,0.0,0.0,0.0,0.0,0.0,0.0,0.0,0.0,0.0,0.0,0.0,0.0
2026_1_GunnarHelm_TE,2026_GunnarHelm_TE,GunnarHelm_TE,2026,1,2026-09-13,Gunnar Helm,TE,TEN,NYJ,28,0.0,0.0,0.0,0.0,0.0,0.0,0.0,0.0,0.0,0.0,0.0,0.0,0.0,0.0,0.0,0,308,0,0.0,0.0,0.0,0.0,0.0,0.0,0.0,0.0,0.0,0.0,0.0,0.0
2026_1_MarcusGreen_WR,2026_MarcusGreen_WR,MarcusGreen_WR,2026,1,2026-09-13,Marcus Green,WR,PHI,WAS,28,0.0,0.0,0.0,0.0,0.0,0.0,0.0,0.0,0.0,0.0,0.0,0.0,0.0,0.0,0.0,0,667,0,0.0,0.0,0.0,0.0,0.0,0.0,0.0,0.0,0.0,0.0,0.0,0.0
2026_1_IsaiahHodgins_WR,2026_IsaiahHodgins_WR,IsaiahHodgins_WR,2026,1,2026-09-13,Isaiah Hodgins,WR,NYG,DAL,32,0.0,0.0,0.0,0.0,0.0,0.0,0.0,0.0,0.0,0.0,0.0,0.0,0.0,0.0,0.0,0,668,0,0.0,0.0,0.0,0.0,0.0,0.0,0.0,0.0,0.0,0.0,0.0,0.0
2026_1_BraylonSanders_WR,2026_BraylonSanders_WR,BraylonSanders_WR,2026,1,2026-09-13,Braylon Sanders,WR,WAS,@PHI,8,0.0,0.0,0.0,0.0,0.0,0.0,0.0,0.0,0.0,0.0,0.0,0.0,0.0,0.0,0.0,0,669,0,0.0,0.0,0.0,0.0,0.0,0.0,0.0,0.0,0.0,0.0,0.0,0.0
2026_1_NickNash_WR,2026_NickNash_WR,NickNash_WR,2026,1,2026-09-13,Nick Nash,WR,WAS,@PHI,8,0.0,0.0,0.0,0.0,0.0,0.0,0.0,0.0,0.0,0.0,0.0,0.0,0.0,0.0,0.0,0,670,0,0.0,0.0,0.0,0.0,0.0,0.0,0.0,0.0,0.0,0.0,0.0,0.0
2026_1_DeanConnors_RB,2026_DeanConnors_RB,DeanConnors_RB,2026,1,2026-09-13,Dean Connors,RB,LAR,SF,22,0.0,0.0,0.0,0.0,0.0,0.0,0.0,0.0,0.0,0.0,0.0,0.0,0.0,0.0,0.0,0,341,0,0.0,0.0,0.0,0.0,0.0,0.0,0.0,0.0,0.0,0.0,0.0,0.0
2026_1_AllenLazard_WR,2026_AllenLazard_WR,AllenLazard_WR,2026,1,2026-09-13,Allen Lazard,WR,NYJ,@TEN,29,0.0,0.0,0.0,0.0,0.0,0.0,0.0,0.0,0.0,0.0,0.0,0.0,0.0,0.0,0.0,0,671,0,0.0,0.0,0.0,0.0,0.0,0.0,0.0,0.0,0.0,0.0,0.0,0.0
2026_1_DylanParham_TE,2026_DylanParham_TE,DylanParham_TE,2026,1,2026-09-13,Dylan Parham,TE,DEN,@KC,6,0.0,0.0,0.0,0.0,0.0,0.0,0.0,0.0,0.0,0.0,0.0,0.0,0.0,0.0,0.0,0,309,0,0.0,0.0,0.0,0.0,0.0,0.0,0.0,0.0,0.0,0.0,0.0,0.0
2026_1_IsaiahLikely_TE,2026_IsaiahLikely_TE,IsaiahLikely_TE,2026,1,2026-09-13,Isaiah Likely,TE,NYG,DAL,13,0.0,0.0,0.0,0.0,0.0,0.0,0.0,0.0,0.0,0.0,0.0,0.0,0.0,0.0,0.0,0,310,0,0.0,0.0,0.0,0.0,0.0,0.0,0.0,0.0,0.0,0.0,0.0,0.0
2026_1_ChrisGodwin_WR,2026_ChrisGodwin_WR,ChrisGodwin_WR,2026,1,2026-09-13,Chris Godwin,WR,TB,@CIN,9,0.0,0.0,0.0,0.0,0.0,0.0,0.0,0.0,0.0,0.0,0.0,0.0,0.0,0.0,0.0,0,672,0,0.0,0.0,0.0,0.0,0.0,0.0,0.0,0.0,0.0,0.0,0.0,0.0
2026_1_CJDonaldson_RB,2026_CJDonaldson_RB,CJDonaldson_RB,2026,1,2026-09-13,CJ Donaldson,RB,NO,@DET,7,0.0,0.0,0.0,0.0,0.0,0.0,0.0,0.0,0.0,0.0,0.0,0.0,0.0,0.0,0.0,0,342,0,0.0,0.0,0.0,0.0,0.0,0.0,0.0,0.0,0.0,0.0,0.0,0.0
2026_1_KyeRobichaux_RB,2026_KyeRobichaux_RB,KyeRobichaux_RB,2026,1,2026-09-13,Kye Robichaux,RB,DET,NO,20,0.0,0.0,0.0,0.0,0.0,0.0,0.0,0.0,0.0,0.0,0.0,0.0,0.0,0.0,0.0,0,343,0,0.0,0.0,0.0,0.0,0.0,0.0,0.0,0.0,0.0,0.0,0.0,0.0
2026_1_WillieJohnson_WR,2026_WillieJohnson_WR,WillieJohnson_WR,2026,1,2026-09-13,Willie Johnson,WR,JAC,CLE,5,0.0,0.0,0.0,0.0,0.0,0.0,0.0,0.0,0.0,0.0,0.0,0.0,0.0,0.0,0.0,0,673,0,0.0,0.0,0.0,0.0,0.0,0.0,0.0,0.0,0.0,0.0,0.0,0.0
2026_1_JackVelling_TE,2026_JackVelling_TE,JackVelling_TE,2026,1,2026-09-13,Jack Velling,TE,ATL,@PIT,26,0.0,0.0,0.0,0.0,0.0,0.0,0.0,0.0,0.0,0.0,0.0,0.0,0.0,0.0,0.0,0,311,0,0.0,0.0,0.0,0.0,0.0,0.0,0.0,0.0,0.0,0.0,0.0,0.0
2026_1_MichaelWortham_WR,2026_MichaelWortham_WR,MichaelWortham_WR,2026,1,2026-09-13,Michael Wortham,WR,JAC,CLE,5,0.0,0.0,0.0,0.0,0.0,0.0,0.0,0.0,0.0,0.0,0.0,0.0,0.0,0.0,0.0,0,674,0,0.0,0.0,0.0,0.0,0.0,0.0,0.0,0.0,0.0,0.0,0.0,0.0
2026_1_JalenWhite_RB,2026_JalenWhite_RB,JalenWhite_RB,2026,1,2026-09-13,Jalen White,RB,GB,@MIN,15,0.0,0.0,0.0,0.0,0.0,0.0,0.0,0.0,0.0,0.0,0.0,0.0,0.0,0.0,0.0,0,344,0,0.0,0.0,0.0,0.0,0.0,0.0,0.0,0.0,0.0,0.0,0.0,0.0
2026_1_KentrelBullock_RB,2026_KentrelBullock_RB,KentrelBullock_RB,2026,1,2026-09-13,Kentrel Bullock,RB,CIN,TB,12,0.0,0.0,0.0,0.0,0.0,0.0,0.0,0.0,0.0,0.0,0.0,0.0,0.0,0.0,0.0,0,345,0,0.0,0.0,0.0,0.0,0.0,0.0,0.0,0.0,0.0,0.0,0.0,0.0
2026_1_JustinShorter_TE,2026_JustinShorter_TE,JustinShorter_TE,2026,1,2026-09-13,Justin Shorter,TE,LV,MIA,29,0.0,0.0,0.0,0.0,0.0,0.0,0.0,0.0,0.0,0.0,0.0,0.0,0.0,0.0,0.0,0,312,0,0.0,0.0,0.0,0.0,0.0,0.0,0.0,0.0,0.0,0.0,0.0,0.0
2026_1_LukeLachey_TE,2026_LukeLachey_TE,LukeLachey_TE,2026,1,2026-09-13,Luke Lachey,TE,GB,@MIN,4,0.0,0.0,0.0,0.0,0.0,0.0,0.0,0.0,0.0,0.0,0.0,0.0,0.0,0.0,0.0,0,313,0,0.0,0.0,0.0,0.0,0.0,0.0,0.0,0.0,0.0,0.0,0.0,0.0
2026_1_GarrettWilson_WR,2026_GarrettWilson_WR,GarrettWilson_WR,2026,1,2026-09-13,Garrett Wilson,WR,NYJ,@TEN,29,0.0,0.0,0.0,0.0,0.0,0.0,0.0,0.0,0.0,0.0,0.0,0.0,0.0,0.0,0.0,0,675,0,0.0,0.0,0.0,0.0,0.0,0.0,0.0,0.0,0.0,0.0,0.0,0.0
2026_1_ReeceHorn_WR,2026_ReeceHorn_WR,ReeceHorn_WR,2026,1,2026-09-13,Reece Horn,WR,CIN,TB,18,0.0,0.0,0.0,0.0,0.0,0.0,0.0,0.0,0.0,0.0,0.0,0.0,0.0,0.0,0.0,0,676,0,0.0,0.0,0.0,0.0,0.0,0.0,0.0,0.0,0.0,0.0,0.0,0.0
2026_1_ChristianSims_TE,2026_ChristianSims_TE,ChristianSims_TE,2026,1,2026-09-13,Christian Sims,TE,LAR,SF,22,0.0,0.0,0.0,0.0,0.0,0.0,0.0,0.0,0.0,0.0,0.0,0.0,0.0,0.0,0.0,0,314,0,0.0,0.0,0.0,0.0,0.0,0.0,0.0,0.0,0.0,0.0,0.0,0.0
2026_1_JaylenWright_RB,2026_JaylenWright_RB,JaylenWright_RB,2026,1,2026-09-13,Jaylen Wright,RB,MIA,@LV,21,0.0,0.0,0.0,0.0,0.0,0.0,0.0,0.0,0.0,0.0,0.0,0.0,0.0,0.0,0.0,0,346,0,0.0,0.0,0.0,0.0,0.0,0.0,0.0,0.0,0.0,0.0,0.0,0.0
2026_1_KhalilTate_WR,2026_KhalilTate_WR,KhalilTate_WR,2026,1,2026-09-13,Khalil Tate,WR,PHI,WAS,28,0.0,0.0,0.0,0.0,0.0,0.0,0.0,0.0,0.0,0.0,0.0,0.0,0.0,0.0,0.0,0,677,0,0.0,0.0,0.0,0.0,0.0,0.0,0.0,0.0,0.0,0.0,0.0,0.0
2026_1_CeeDeeLamb_WR,2026_CeeDeeLamb_WR,CeeDeeLamb_WR,2026,1,2026-09-13,CeeDee Lamb,WR,DAL,@NYG,23,0.0,0.0,0.0,0.0,0.0,0.0,0.0,0.0,0.0,0.0,0.0,0.0,0.0,0.0,0.0,0,678,0,0.0,0.0,0.0,0.0,0.0,0.0,0.0,0.0,0.0,0.0,0.0,0.0
2026_1_J'MariTaylor_RB,2026_J'MariTaylor_RB,J'MariTaylor_RB,2026,1,2026-09-13,J'Mari Taylor,RB,JAC,CLE,14,0.0,0.0,0.0,0.0,0.0,0.0,0.0,0.0,0.0,0.0,0.0,0.0,0.0,0.0,0.0,0,347,0,0.0,0.0,0.0,0.0,0.0,0.0,0.0,0.0,0.0,0.0,0.0,0.0
2026_1_AndrewPeasley_QB,2026_AndrewPeasley_QB,AndrewPeasley_QB,2026,1,2026-09-13,Andrew Peasley,QB,NYJ,@TEN,28,0.0,0.0,0.0,0.0,0.0,0.0,0.0,0.0,0.0,0.0,0.0,0.0,0.0,0.0,0.0,0,180,0,0.0,0.0,0.0,0.0,0.0,0.0,0.0,0.0,0.0,0.0,0.0,0.0
2026_1_WesleyGrimes_WR,2026_WesleyGrimes_WR,WesleyGrimes_WR,2026,1,2026-09-13,Wesley Grimes,WR,SF,@LAR,24,0.0,0.0,0.0,0.0,0.0,0.0,0.0,0.0,0.0,0.0,0.0,0.0,0.0,0.0,0.0,0,679,0,0.0,0.0,0.0,0.0,0.0,0.0,0.0,0.0,0.0,0.0,0.0,0.0
2026_1_KeithTowbridge_TE,2026_KeithTowbridge_TE,KeithTowbridge_TE,2026,1,2026-09-13,Keith Towbridge,TE,WAS,@PHI,1,0.0,0.0,0.0,0.0,0.0,0.0,0.0,0.0,0.0,0.0,0.0,0.0,0.0,0.0,0.0,0,315,0,0.0,0.0,0.0,0.0,0.0,0.0,0.0,0.0,0.0,0.0,0.0,0.0
2026_1_FernandoMendoza_QB,2026_FernandoMendoza_QB,FernandoMendoza_QB,2026,1,2026-09-13,Fernando Mendoza,QB,LV,MIA,23,0.0,0.0,0.0,0.0,0.0,0.0,0.0,0.0,0.0,0.0,0.0,0.0,0.0,0.0,0.0,0,181,0,0.0,0.0,0.0,0.0,0.0,0.0,0.0,0.0,0.0,0.0,0.0,0.0
2026_1_ShemarBridges_WR,2026_ShemarBridges_WR,ShemarBridges_WR,2026,1,2026-09-13,Shemar Bridges,WR,BAL,@IND,27,0.0,0.0,0.0,0.0,0.0,0.0,0.0,0.0,0.0,0.0,0.0,0.0,0.0,0.0,0.0,0,680,0,0.0,0.0,0.0,0.0,0.0,0.0,0.0,0.0,0.0,0.0,0.0,0.0
2026_1_SahmirHagans_WR,2026_SahmirHagans_WR,SahmirHagans_WR,2026,1,2026-09-13,Sahmir Hagans,WR,IND,BAL,25,0.0,0.0,0.0,0.0,0.0,0.0,0.0,0.0,0.0,0.0,0.0,0.0,0.0,0.0,0.0,0,681,0,0.0,0.0,0.0,0.0,0.0,0.0,0.0,0.0,0.0,0.0,0.0,0.0
2026_1_CadeMcDonald_WR,2026_CadeMcDonald_WR,CadeMcDonald_WR,2026,1,2026-09-13,Cade McDonald,WR,CLE,@JAC,15,0.0,0.0,0.0,0.0,0.0,0.0,0.0,0.0,0.0,0.0,0.0,0.0,0.0,0.0,0.0,0,682,0,0.0,0.0,0.0,0.0,0.0,0.0,0.0,0.0,0.0,0.0,0.0,0.0
2026_1_JalenHurd_WR,2026_JalenHurd_WR,JalenHurd_WR,2026,1,2026-09-13,Jalen Hurd,WR,NE,@SEA,4,0.0,0.0,0.0,0.0,0.0,0.0,0.0,0.0,0.0,0.0,0.0,0.0,0.0,0.0,0.0,0,683,0,0.0,0.0,0.0,0.0,0.0,0.0,0.0,0.0,0.0,0.0,0.0,0.0
2026_1_MikeGesicki_TE,2026_MikeGesicki_TE,MikeGesicki_TE,2026,1,2026-09-13,Mike Gesicki,TE,CIN,TB,27,0.0,0.0,0.0,0.0,0.0,0.0,0.0,0.0,0.0,0.0,0.0,0.0,0.0,0.0,0.0,0,316,0,0.0,0.0,0.0,0.0,0.0,0.0,0.0,0.0,0.0,0.0,0.0,0.0
2026_1_TreyPalmer_WR,2026_TreyPalmer_WR,TreyPalmer_WR,2026,1,2026-09-13,Trey Palmer,WR,NO,@DET,30,0.0,0.0,0.0,0.0,0.0,0.0,0.0,0.0,0.0,0.0,0.0,0.0,0.0,0.0,0.0,0,684,0,0.0,0.0,0.0,0.0,0.0,0.0,0.0,0.0,0.0,0.0,0.0,0.0
2026_1_ManteMorrow_WR,2026_ManteMorrow_WR,ManteMorrow_WR,2026,1,2026-09-13,Mante Morrow,WR,LAC,ARI,17,0.0,0.0,0.0,0.0,0.0,0.0,0.0,0.0,0.0,0.0,0.0,0.0,0.0,0.0,0.0,0,685,0,0.0,0.0,0.0,0.0,0.0,0.0,0.0,0.0,0.0,0.0,0.0,0.0
2026_1_LeviLewis_QB,2026_LeviLewis_QB,LeviLewis_QB,2026,1,2026-09-13,Levi Lewis,QB,SEA,NE,5,0.0,0.0,0.0,0.0,0.0,0.0,0.0,0.0,0.0,0.0,0.0,0.0,0.0,0.0,0.0,0,182,0,0.0,0.0,0.0,0.0,0.0,0.0,0.0,0.0,0.0,0.0,0.0,0.0
2026_1_IsaiahSearight_TE,2026_IsaiahSearight_TE,IsaiahSearight_TE,2026,1,2026-09-13,Isaiah Searight,TE,NYG,DAL,13,0.0,0.0,0.0,0.0,0.0,0.0,0.0,0.0,0.0,0.0,0.0,0.0,0.0,0.0,0.0,0,317,0,0.0,0.0,0.0,0.0,0.0,0.0,0.0,0.0,0.0,0.0,0.0,0.0
2026_1_BraelonAllen_RB,2026_BraelonAllen_RB,BraelonAllen_RB,2026,1,2026-09-13,Braelon Allen,RB,NYJ,@TEN,13,0.0,0.0,0.0,0.0,0.0,0.0,0.0,0.0,0.0,0.0,0.0,0.0,0.0,0.0,0.0,0,348,0,0.0,0.0,0.0,0.0,0.0,0.0,0.0,0.0,0.0,0.0,0.0,0.0
2026_1_DaxMilne_WR,2026_DaxMilne_WR,DaxMilne_WR,2026,1,2026-09-13,Dax Milne,WR,CAR,CHI,31,0.0,0.0,0.0,0.0,0.0,0.0,0.0,0.0,0.0,0.0,0.0,0.0,0.0,0.0,0.0,0,686,0,0.0,0.0,0.0,0.0,0.0,0.0,0.0,0.0,0.0,0.0,0.0,0.0
2026_1_JordanBly_WR,2026_JordanBly_WR,JordanBly_WR,2026,1,2026-09-13,Jordan Bly,WR,NYG,DAL,32,0.0,0.0,0.0,0.0,0.0,0.0,0.0,0.0,0.0,0.0,0.0,0.0,0.0,0.0,0.0,0,687,0,0.0,0.0,0.0,0.0,0.0,0.0,0.0,0.0,0.0,0.0,0.0,0.0
2026_1_JimmyHoliday_WR,2026_JimmyHoliday_WR,JimmyHoliday_WR,2026,1,2026-09-13,Jimmy Holiday,WR,KC,DEN,2,0.0,0.0,0.0,0.0,0.0,0.0,0.0,0.0,0.0,0.0,0.0,0.0,0.0,0.0,0.0,0,688,0,0.0,0.0,0.0,0.0,0.0,0.0,0.0,0.0,0.0,0.0,0.0,0.0
2026_1_NolanHenderson_QB,2026_NolanHenderson_QB,NolanHenderson_QB,2026,1,2026-09-13,Nolan Henderson,QB,BAL,@IND,20,0.0,0.0,0.0,0.0,0.0,0.0,0.0,0.0,0.0,0.0,0.0,0.0,0.0,0.0,0.0,0,183,0,0.0,0.0,0.0,0.0,0.0,0.0,0.0,0.0,0.0,0.0,0.0,0.0
2026_1_MichaelJacobson_TE,2026_MichaelJacobson_TE,MichaelJacobson_TE,2026,1,2026-09-13,Michael Jacobson,TE,NO,@DET,19,0.0,0.0,0.0,0.0,0.0,0.0,0.0,0.0,0.0,0.0,0.0,0.0,0.0,0.0,0.0,0,318,0,0.0,0.0,0.0,0.0,0.0,0.0,0.0,0.0,0.0,0.0,0.0,0.0
2026_1_BenJohnson_TE,2026_BenJohnson_TE,BenJohnson_TE,2026,1,2026-09-13,Ben Johnson,TE,LAC,ARI,31,0.0,0.0,0.0,0.0,0.0,0.0,0.0,0.0,0.0,0.0,0.0,0.0,0.0,0.0,0.0,0,319,0,0.0,0.0,0.0,0.0,0.0,0.0,0.0,0.0,0.0,0.0,0.0,0.0
2026_1_TarikBlack_WR,2026_TarikBlack_WR,TarikBlack_WR,2026,1,2026-09-13,Tarik Black,WR,DET,NO,10,0.0,0.0,0.0,0.0,0.0,0.0,0.0,0.0,0.0,0.0,0.0,0.0,0.0,0.0,0.0,0,689,0,0.0,0.0,0.0,0.0,0.0,0.0,0.0,0.0,0.0,0.0,0.0,0.0
2026_1_DeonJackson_RB,2026_DeonJackson_RB,DeonJackson_RB,2026,1,2026-09-13,Deon Jackson,RB,DET,NO,20,0.0,0.0,0.0,0.0,0.0,0.0,0.0,0.0,0.0,0.0,0.0,0.0,0.0,0.0,0.0,0,349,0,0.0,0.0,0.0,0.0,0.0,0.0,0.0,0.0,0.0,0.0,0.0,0.0
2026_1_KyleTrask_QB,2026_KyleTrask_QB,KyleTrask_QB,2026,1,2026-09-13,Kyle Trask,QB,CAR,CHI,26,0.0,0.0,0.0,0.0,0.0,0.0,0.0,0.0,0.0,0.0,0.0,0.0,0.0,0.0,0.0,0,184,0,0.0,0.0,0.0,0.0,0.0,0.0,0.0,0.0,0.0,0.0,0.0,0.0
2026_1_BenSims_TE,2026_BenSims_TE,BenSims_TE,2026,1,2026-09-13,Ben Sims,TE,MIA,@LV,3,0.0,0.0,0.0,0.0,0.0,0.0,0.0,0.0,0.0,0.0,0.0,0.0,0.0,0.0,0.0,0,320,0,0.0,0.0,0.0,0.0,0.0,0.0,0.0,0.0,0.0,0.0,0.0,0.0
2026_1_Ja'seemReed_WR,2026_Ja'seemReed_WR,Ja'seemReed_WR,2026,1,2026-09-13,Ja'seem Reed,WR,CAR,CHI,31,0.0,0.0,0.0,0.0,0.0,0.0,0.0,0.0,0.0,0.0,0.0,0.0,0.0,0.0,0.0,0,690,0,0.0,0.0,0.0,0.0,0.0,0.0,0.0,0.0,0.0,0.0,0.0,0.0
2026_1_DariusAnderson_RB,2026_DariusAnderson_RB,DariusAnderson_RB,2026,1,2026-09-13,Darius Anderson,RB,HOU,BUF,25,0.0,0.0,0.0,0.0,0.0,0.0,0.0,0.0,0.0,0.0,0.0,0.0,0.0,0.0,0.0,0,350,0,0.0,0.0,0.0,0.0,0.0,0.0,0.0,0.0,0.0,0.0,0.0,0.0
2026_1_MalachiFields_WR,2026_MalachiFields_WR,MalachiFields_WR,2026,1,2026-09-13,Malachi Fields,WR,NYG,DAL,32,0.0,0.0,0.0,0.0,0.0,0.0,0.0,0.0,0.0,0.0,0.0,0.0,0.0,0.0,0.0,0,691,0,0.0,0.0,0.0,0.0,0.0,0.0,0.0,0.0,0.0,0.0,0.0,0.0
2026_1_JackPlummer_QB,2026_JackPlummer_QB,JackPlummer_QB,2026,1,2026-09-13,Jack Plummer,QB,CAR,CHI,26,0.0,0.0,0.0,0.0,0.0,0.0,0.0,0.0,0.0,0.0,0.0,0.0,0.0,0.0,0.0,0,185,0,0.0,0.0,0.0,0.0,0.0,0.0,0.0,0.0,0.0,0.0,0.0,0.0
2026_1_TySimpson_QB,2026_TySimpson_QB,TySimpson_QB,2026,1,2026-09-13,Ty Simpson,QB,LAR,SF,16,0.0,0.0,0.0,0.0,0.0,0.0,0.0,0.0,0.0,0.0,0.0,0.0,0.0,0.0,0.0,0,186,0,0.0,0.0,0.0,0.0,0.0,0.0,0.0,0.0,0.0,0.0,0.0,0.0
2026_1_DillonJohnson_RB,2026_DillonJohnson_RB,DillonJohnson_RB,2026,1,2026-09-13,Dillon Johnson,RB,CAR,CHI,19,0.0,0.0,0.0,0.0,0.0,0.0,0.0,0.0,0.0,0.0,0.0,0.0,0.0,0.0,0.0,0,351,0,0.0,0.0,0.0,0.0,0.0,0.0,0.0,0.0,0.0,0.0,0.0,0.0
2026_1_TayeBarber_WR,2026_TayeBarber_WR,TayeBarber_WR,2026,1,2026-09-13,Taye Barber,WR,TB,@CIN,9,0.0,0.0,0.0,0.0,0.0,0.0,0.0,0.0,0.0,0.0,0.0,0.0,0.0,0.0,0.0,0,692,0,0.0,0.0,0.0,0.0,0.0,0.0,0.0,0.0,0.0,0.0,0.0,0.0
2026_1_PharaohBrown_TE,2026_PharaohBrown_TE,PharaohBrown_TE,2026,1,2026-09-13,Pharaoh Brown,TE,IND,BAL,8,0.0,0.0,0.0,0.0,0.0,0.0,0.0,0.0,0.0,0.0,0.0,0.0,0.0,0.0,0.0,0,321,0,0.0,0.0,0.0,0.0,0.0,0.0,0.0,0.0,0.0,0.0,0.0,0.0
2026_1_KyreDuplessis_WR,2026_KyreDuplessis_WR,KyreDuplessis_WR,2026,1,2026-09-13,Kyre Duplessis,WR,DEN,@KC,6,0.0,0.0,0.0,0.0,0.0,0.0,0.0,0.0,0.0,0.0,0.0,0.0,0.0,0.0,0.0,0,693,0,0.0,0.0,0.0,0.0,0.0,0.0,0.0,0.0,0.0,0.0,0.0,0.0
2026_1_AronCruickshank_WR,2026_AronCruickshank_WR,AronCruickshank_WR,2026,1,2026-09-13,Aron Cruickshank,WR,PIT,ATL,22,0.0,0.0,0.0,0.0,0.0,0.0,0.0,0.0,0.0,0.0,0.0,0.0,0.0,0.0,0.0,0,694,0,0.0,0.0,0.0,0.0,0.0,0.0,0.0,0.0,0.0,0.0,0.0,0.0
2026_1_TrevonBradford_WR,2026_TrevonBradford_WR,TrevonBradford_WR,2026,1,2026-09-13,Trevon Bradford,WR,LAC,ARI,17,0.0,0.0,0.0,0.0,0.0,0.0,0.0,0.0,0.0,0.0,0.0,0.0,0.0,0.0,0.0,0,695,0,0.0,0.0,0.0,0.0,0.0,0.0,0.0,0.0,0.0,0.0,0.0,0.0
2026_1_SamHartman_QB,2026_SamHartman_QB,SamHartman_QB,2026,1,2026-09-13,Sam Hartman,QB,WAS,@PHI,11,0.0,0.0,0.0,0.0,0.0,0.0,0.0,0.0,0.0,0.0,0.0,0.0,0.0,0.0,0.0,0,187,0,0.0,0.0,0.0,0.0,0.0,0.0,0.0,0.0,0.0,0.0,0.0,0.0
2026_1_SladeBolden_WR,2026_SladeBolden_WR,SladeBolden_WR,2026,1,2026-09-13,Slade Bolden,WR,ATL,@PIT,26,0.0,0.0,0.0,0.0,0.0,0.0,0.0,0.0,0.0,0.0,0.0,0.0,0.0,0.0,0.0,0,696,0,0.0,0.0,0.0,0.0,0.0,0.0,0.0,0.0,0.0,0.0,0.0,0.0
2026_1_RockyLombardi_QB,2026_RockyLombardi_QB,RockyLombardi_QB,2026,1,2026-09-13,Rocky Lombardi,QB,CIN,TB,29,0.0,0.0,0.0,0.0,0.0,0.0,0.0,0.0,0.0,0.0,0.0,0.0,0.0,0.0,0.0,0,188,0,0.0,0.0,0.0,0.0,0.0,0.0,0.0,0.0,0.0,0.0,0.0,0.0
2026_1_TylerShough_QB,2026_TylerShough_QB,TylerShough_QB,2026,1,2026-09-13,Tyler Shough,QB,NO,@DET,22,0.0,0.0,0.0,0.0,0.0,0.0,0.0,0.0,0.0,0.0,0.0,0.0,0.0,0.0,0.0,0,189,0,0.0,0.0,0.0,0.0,0.0,0.0,0.0,0.0,0.0,0.0,0.0,0.0
2026_1_VelusJones_RB,2026_VelusJones_RB,VelusJones_RB,2026,1,2026-09-13,Velus Jones,RB,SEA,NE,2,0.0,0.0,0.0,0.0,0.0,0.0,0.0,0.0,0.0,0.0,0.0,0.0,0.0,0.0,0.0,0,352,0,0.0,0.0,0.0,0.0,0.0,0.0,0.0,0.0,0.0,0.0,0.0,0.0
2026_1_EJPerry_QB,2026_EJPerry_QB,EJPerry_QB,2026,1,2026-09-13,EJ Perry,QB,JAC,CLE,4,0.0,0.0,0.0,0.0,0.0,0.0,0.0,0.0,0.0,0.0,0.0,0.0,0.0,0.0,0.0,0,190,0,0.0,0.0,0.0,0.0,0.0,0.0,0.0,0.0,0.0,0.0,0.0,0.0
2026_1_MikeRigerman_TE,2026_MikeRigerman_TE,MikeRigerman_TE,2026,1,2026-09-13,Mike Rigerman,TE,BAL,@IND,25,0.0,0.0,0.0,0.0,0.0,0.0,0.0,0.0,0.0,0.0,0.0,0.0,0.0,0.0,0.0,0,322,0,0.0,0.0,0.0,0.0,0.0,0.0,0.0,0.0,0.0,0.0,0.0,0.0
2026_1_OscarDelp_TE,2026_OscarDelp_TE,OscarDelp_TE,2026,1,2026-09-13,Oscar Delp,TE,NO,@DET,19,0.0,0.0,0.0,0.0,0.0,0.0,0.0,0.0,0.0,0.0,0.0,0.0,0.0,0.0,0.0,0,323,0,0.0,0.0,0.0,0.0,0.0,0.0,0.0,0.0,0.0,0.0,0.0,0.0
2026_1_AaronAnderson_WR,2026_AaronAnderson_WR,AaronAnderson_WR,2026,1,2026-09-13,Aaron Anderson,WR,CLE,@JAC,15,0.0,0.0,0.0,0.0,0.0,0.0,0.0,0.0,0.0,0.0,0.0,0.0,0.0,0.0,0.0,0,697,0,0.0,0.0,0.0,0.0,0.0,0.0,0.0,0.0,0.0,0.0,0.0,0.0
2026_1_ColinGranger_TE,2026_ColinGranger_TE,ColinGranger_TE,2026,1,2026-09-13,Colin Granger,TE,CAR,CHI,11,0.0,0.0,0.0,0.0,0.0,0.0,0.0,0.0,0.0,0.0,0.0,0.0,0.0,0.0,0.0,0,324,0,0.0,0.0,0.0,0.0,0.0,0.0,0.0,0.0,0.0,0.0,0.0,0.0
2026_1_NickMullens_QB,2026_NickMullens_QB,NickMullens_QB,2026,1,2026-09-13,Nick Mullens,QB,JAC,CLE,4,0.0,0.0,0.0,0.0,0.0,0.0,0.0,0.0,0.0,0.0,0.0,0.0,0.0,0.0,0.0,0,191,0,0.0,0.0,0.0,0.0,0.0,0.0,0.0,0.0,0.0,0.0,0.0,0.0
2026_1_DeShonWilliams_TE,2026_DeShonWilliams_TE,DeShonWilliams_TE,2026,1,2026-09-13,DeShon Williams,TE,SEA,NE,17,0.0,0.0,0.0,0.0,0.0,0.0,0.0,0.0,0.0,0.0,0.0,0.0,0.0,0.0,0.0,0,325,0,0.0,0.0,0.0,0.0,0.0,0.0,0.0,0.0,0.0,0.0,0.0,0.0
2026_1_JohnJiles_WR,2026_JohnJiles_WR,JohnJiles_WR,2026,1,2026-09-13,John Jiles,WR,NE,@SEA,4,0.0,0.0,0.0,0.0,0.0,0.0,0.0,0.0,0.0,0.0,0.0,0.0,0.0,0.0,0.0,0,698,0,0.0,0.0,0.0,0.0,0.0,0.0,0.0,0.0,0.0,0.0,0.0,0.0
2026_1_NickGuggemos_TE,2026_NickGuggemos_TE,NickGuggemos_TE,2026,1,2026-09-13,Nick Guggemos,TE,BUF,@HOU,7,0.0,0.0,0.0,0.0,0.0,0.0,0.0,0.0,0.0,0.0,0.0,0.0,0.0,0.0,0.0,0,326,0,0.0,0.0,0.0,0.0,0.0,0.0,0.0,0.0,0.0,0.0,0.0,0.0
2026_1_KelvinHarmon_WR,2026_KelvinHarmon_WR,KelvinHarmon_WR,2026,1,2026-09-13,Kelvin Harmon,WR,DAL,@NYG,23,0.0,0.0,0.0,0.0,0.0,0.0,0.0,0.0,0.0,0.0,0.0,0.0,0.0,0.0,0.0,0,699,0,0.0,0.0,0.0,0.0,0.0,0.0,0.0,0.0,0.0,0.0,0.0,0.0
2026_1_RyanMcDaniel_WR,2026_RyanMcDaniel_WR,RyanMcDaniel_WR,2026,1,2026-09-13,Ryan McDaniel,WR,JAC,CLE,5,0.0,0.0,0.0,0.0,0.0,0.0,0.0,0.0,0.0,0.0,0.0,0.0,0.0,0.0,0.0,0,700,0,0.0,0.0,0.0,0.0,0.0,0.0,0.0,0.0,0.0,0.0,0.0,0.0
2026_1_JaMycalHasty_RB,2026_JaMycalHasty_RB,JaMycalHasty_RB,2026,1,2026-09-13,JaMycal Hasty,RB,NE,@SEA,4,0.0,0.0,0.0,0.0,0.0,0.0,0.0,0.0,0.0,0.0,0.0,0.0,0.0,0.0,0.0,0,353,0,0.0,0.0,0.0,0.0,0.0,0.0,0.0,0.0,0.0,0.0,0.0,0.0
2026_1_MoAlie-Cox_TE,2026_MoAlie-Cox_TE,MoAlie-Cox_TE,2026,1,2026-09-13,Mo Alie-Cox,TE,IND,BAL,8,0.0,0.0,0.0,0.0,0.0,0.0,0.0,0.0,0.0,0.0,0.0,0.0,0.0,0.0,0.0,0,327,0,0.0,0.0,0.0,0.0,0.0,0.0,0.0,0.0,0.0,0.0,0.0,0.0
2026_1_LamarJackson_QB,2026_LamarJackson_QB,LamarJackson_QB,2026,1,2026-09-13,Lamar Jackson,QB,BAL,@IND,20,0.0,0.0,0.0,0.0,0.0,0.0,0.0,0.0,0.0,0.0,0.0,0.0,0.0,0.0,0.0,0,192,0,0.0,0.0,0.0,0.0,0.0,0.0,0.0,0.0,0.0,0.0,0.0,0.0
2026_1_DurhamSmythe_TE,2026_DurhamSmythe_TE,DurhamSmythe_TE,2026,1,2026-09-13,Durham Smythe,TE,BAL,@IND,25,0.0,0.0,0.0,0.0,0.0,0.0,0.0,0.0,0.0,0.0,0.0,0.0,0.0,0.0,0.0,0,328,0,0.0,0.0,0.0,0.0,0.0,0.0,0.0,0.0,0.0,0.0,0.0,0.0
2026_1_GrahamAdomitis_TE,2026_GrahamAdomitis_TE,GrahamAdomitis_TE,2026,1,2026-09-13,Graham Adomitis,TE,IND,BAL,8,0.0,0.0,0.0,0.0,0.0,0.0,0.0,0.0,0.0,0.0,0.0,0.0,0.0,0.0,0.0,0,329,0,0.0,0.0,0.0,0.0,0.0,0.0,0.0,0.0,0.0,0.0,0.0,0.0
2026_1_HendonHooker_QB,2026_HendonHooker_QB,HendonHooker_QB,2026,1,2026-09-13,Hendon Hooker,QB,TEN,NYJ,31,0.0,0.0,0.0,0.0,0.0,0.0,0.0,0.0,0.0,0.0,0.0,0.0,0.0,0.0,0.0,0,193,0,0.0,0.0,0.0,0.0,0.0,0.0,0.0,0.0,0.0,0.0,0.0,0.0
2026_1_HeinrichHaarberg_TE,2026_HeinrichHaarberg_TE,HeinrichHaarberg_TE,2026,1,2026-09-13,Heinrich Haarberg,TE,CAR,CHI,11,0.0,0.0,0.0,0.0,0.0,0.0,0.0,0.0,0.0,0.0,0.0,0.0,0.0,0.0,0.0,0,330,0,0.0,0.0,0.0,0.0,0.0,0.0,0.0,0.0,0.0,0.0,0.0,0.0
2026_1_SamScott_RB,2026_SamScott_RB,SamScott_RB,2026,1,2026-09-13,Sam Scott,RB,NYJ,@TEN,13,0.0,0.0,0.0,0.0,0.0,0.0,0.0,0.0,0.0,0.0,0.0,0.0,0.0,0.0,0.0,0,354,0,0.0,0.0,0.0,0.0,0.0,0.0,0.0,0.0,0.0,0.0,0.0,0.0
2026_1_TommyTremble_TE,2026_TommyTremble_TE,TommyTremble_TE,2026,1,2026-09-13,Tommy Tremble,TE,CAR,CHI,11,0.0,0.0,0.0,0.0,0.0,0.0,0.0,0.0,0.0,0.0,0.0,0.0,0.0,0.0,0.0,0,331,0,0.0,0.0,0.0,0.0,0.0,0.0,0.0,0.0,0.0,0.0,0.0,0.0
2026_1_TylerHuntley_QB,2026_TylerHuntley_QB,TylerHuntley_QB,2026,1,2026-09-13,Tyler Huntley,QB,BAL,@IND,20,0.0,0.0,0.0,0.0,0.0,0.0,0.0,0.0,0.0,0.0,0.0,0.0,0.0,0.0,0.0,0,194,0,0.0,0.0,0.0,0.0,0.0,0.0,0.0,0.0,0.0,0.0,0.0,0.0
2026_1_QuintinMorris_TE,2026_QuintinMorris_TE,QuintinMorris_TE,2026,1,2026-09-13,Quintin Morris,TE,JAC,CLE,16,0.0,0.0,0.0,0.0,0.0,0.0,0.0,0.0,0.0,0.0,0.0,0.0,0.0,0.0,0.0,0,332,0,0.0,0.0,0.0,0.0,0.0,0.0,0.0,0.0,0.0,0.0,0.0,0.0
2026_1_DrakeLondon_WR,2026_DrakeLondon_WR,DrakeLondon_WR,2026,1,2026-09-13,Drake London,WR,ATL,@PIT,26,0.0,0.0,0.0,0.0,0.0,0.0,0.0,0.0,0.0,0.0,0.0,0.0,0.0,0.0,0.0,0,701,0,0.0,0.0,0.0,0.0,0.0,0.0,0.0,0.0,0.0,0.0,0.0,0.0
2026_1_MikeEvans_WR,2026_MikeEvans_WR,MikeEvans_WR,2026,1,2026-09-13,Mike Evans,WR,SF,@LAR,24,0.0,0.0,0.0,0.0,0.0,0.0,0.0,0.0,0.0,0.0,0.0,0.0,0.0,0.0,0.0,0,702,0,0.0,0.0,0.0,0.0,0.0,0.0,0.0,0.0,0.0,0.0,0.0,0.0
2026_1_ZavierScott_RB,2026_ZavierScott_RB,ZavierScott_RB,2026,1,2026-09-13,Zavier Scott,RB,MIN,GB,18,0.0,0.0,0.0,0.0,0.0,0.0,0.0,0.0,0.0,0.0,0.0,0.0,0.0,0.0,0.0,0,355,0,0.0,0.0,0.0,0.0,0.0,0.0,0.0,0.0,0.0,0.0,0.0,0.0
2026_1_DeAndreThompkins_WR,2026_DeAndreThompkins_WR,DeAndreThompkins_WR,2026,1,2026-09-13,DeAndre Thompkins,WR,GB,@MIN,1,0.0,0.0,0.0,0.0,0.0,0.0,0.0,0.0,0.0,0.0,0.0,0.0,0.0,0.0,0.0,0,703,0,0.0,0.0,0.0,0.0,0.0,0.0,0.0,0.0,0.0,0.0,0.0,0.0
2026_1_JohnRhysPlumlee_WR,2026_JohnRhysPlumlee_WR,JohnRhysPlumlee_WR,2026,1,2026-09-13,John Rhys Plumlee,WR,PIT,ATL,22,0.0,0.0,0.0,0.0,0.0,0.0,0.0,0.0,0.0,0.0,0.0,0.0,0.0,0.0,0.0,0,704,0,0.0,0.0,0.0,0.0,0.0,0.0,0.0,0.0,0.0,0.0,0.0,0.0
2026_1_JahdaeWalker_WR,2026_JahdaeWalker_WR,JahdaeWalker_WR,2026,1,2026-09-13,Jahdae Walker,WR,CHI,@CAR,12,0.0,0.0,0.0,0.0,0.0,0.0,0.0,0.0,0.0,0.0,0.0,0.0,0.0,0.0,0.0,0,705,0,0.0,0.0,0.0,0.0,0.0,0.0,0.0,0.0,0.0,0.0,0.0,0.0
2026_1_SamEhlinger_QB,2026_SamEhlinger_QB,SamEhlinger_QB,2026,1,2026-09-13,Sam Ehlinger,QB,DEN,@KC,12,0.0,0.0,0.0,0.0,0.0,0.0,0.0,0.0,0.0,0.0,0.0,0.0,0.0,0.0,0.0,0,195,0,0.0,0.0,0.0,0.0,0.0,0.0,0.0,0.0,0.0,0.0,0.0,0.0
2026_1_MessiahSwinson_TE,2026_MessiahSwinson_TE,MessiahSwinson_TE,2026,1,2026-09-13,Messiah Swinson,TE,GB,@MIN,4,0.0,0.0,0.0,0.0,0.0,0.0,0.0,0.0,0.0,0.0,0.0,0.0,0.0,0.0,0.0,0,333,0,0.0,0.0,0.0,0.0,0.0,0.0,0.0,0.0,0.0,0.0,0.0,0.0
2026_1_HankBeatty_WR,2026_HankBeatty_WR,HankBeatty_WR,2026,1,2026-09-13,Hank Beatty,WR,TEN,NYJ,19,0.0,0.0,0.0,0.0,0.0,0.0,0.0,0.0,0.0,0.0,0.0,0.0,0.0,0.0,0.0,0,706,0,0.0,0.0,0.0,0.0,0.0,0.0,0.0,0.0,0.0,0.0,0.0,0.0
2026_1_KellyBryant_QB,2026_KellyBryant_QB,KellyBryant_QB,2026,1,2026-09-13,Kelly Bryant,QB,FA,BYE,33,0.0,0.0,0.0,0.0,0.0,0.0,0.0,0.0,0.0,0.0,0.0,0.0,0.0,0.0,0.0,0,196,0,0.0,0.0,0.0,0.0,0.0,0.0,0.0,0.0,0.0,0.0,0.0,0.0
2026_1_ChrisOladokun_QB,2026_ChrisOladokun_QB,ChrisOladokun_QB,2026,1,2026-09-13,Chris Oladokun,QB,KC,DEN,13,0.0,0.0,0.0,0.0,0.0,0.0,0.0,0.0,0.0,0.0,0.0,0.0,0.0,0.0,0.0,0,197,0,0.0,0.0,0.0,0.0,0.0,0.0,0.0,0.0,0.0,0.0,0.0,0.0
2026_1_MarquezCallaway_WR,2026_MarquezCallaway_WR,MarquezCallaway_WR,2026,1,2026-09-13,Marquez Callaway,WR,LV,MIA,14,0.0,0.0,0.0,0.0,0.0,0.0,0.0,0.0,0.0,0.0,0.0,0.0,0.0,0.0,0.0,0,707,0,0.0,0.0,0.0,0.0,0.0,0.0,0.0,0.0,0.0,0.0,0.0,0.0
2026_1_DevenThompkins_WR,2026_DevenThompkins_WR,DevenThompkins_WR,2026,1,2026-09-13,Deven Thompkins,WR,LV,MIA,14,0.0,0.0,0.0,0.0,0.0,0.0,0.0,0.0,0.0,0.0,0.0,0.0,0.0,0.0,0.0,0,708,0,0.0,0.0,0.0,0.0,0.0,0.0,0.0,0.0,0.0,0.0,0.0,0.0
2026_1_ColeMcDonald_QB,2026_ColeMcDonald_QB,ColeMcDonald_QB,2026,1,2026-09-13,Cole McDonald,QB,ARI,@LAC,3,0.0,0.0,0.0,0.0,0.0,0.0,0.0,0.0,0.0,0.0,0.0,0.0,0.0,0.0,0.0,0,198,0,0.0,0.0,0.0,0.0,0.0,0.0,0.0,0.0,0.0,0.0,0.0,0.0
2026_1_BenSinnott_TE,2026_BenSinnott_TE,BenSinnott_TE,2026,1,2026-09-13,Ben Sinnott,TE,WAS,@PHI,1,0.0,0.0,0.0,0.0,0.0,0.0,0.0,0.0,0.0,0.0,0.0,0.0,0.0,0.0,0.0,0,334,0,0.0,0.0,0.0,0.0,0.0,0.0,0.0,0.0,0.0,0.0,0.0,0.0
2026_1_DavonBooth_RB,2026_DavonBooth_RB,DavonBooth_RB,2026,1,2026-09-13,Davon Booth,RB,CLE,@JAC,1,0.0,0.0,0.0,0.0,0.0,0.0,0.0,0.0,0.0,0.0,0.0,0.0,0.0,0.0,0.0,0,356,0,0.0,0.0,0.0,0.0,0.0,0.0,0.0,0.0,0.0,0.0,0.0,0.0
2026_1_Ke'ShawnWilliams_WR,2026_Ke'ShawnWilliams_WR,Ke'ShawnWilliams_WR,2026,1,2026-09-13,Ke'Shawn Williams,WR,CIN,TB,18,0.0,0.0,0.0,0.0,0.0,0.0,0.0,0.0,0.0,0.0,0.0,0.0,0.0,0.0,0.0,0,709,0,0.0,0.0,0.0,0.0,0.0,0.0,0.0,0.0,0.0,0.0,0.0,0.0
2026_1_DeAngeloHardy_WR,2026_DeAngeloHardy_WR,DeAngeloHardy_WR,2026,1,2026-09-13,DeAngelo Hardy,WR,BAL,@IND,27,0.0,0.0,0.0,0.0,0.0,0.0,0.0,0.0,0.0,0.0,0.0,0.0,0.0,0.0,0.0,0,710,0,0.0,0.0,0.0,0.0,0.0,0.0,0.0,0.0,0.0,0.0,0.0,0.0
2026_1_HenryLitwin_WR,2026_HenryLitwin_WR,HenryLitwin_WR,2026,1,2026-09-13,Henry Litwin,WR,CHI,@CAR,12,0.0,0.0,0.0,0.0,0.0,0.0,0.0,0.0,0.0,0.0,0.0,0.0,0.0,0.0,0.0,0,711,0,0.0,0.0,0.0,0.0,0.0,0.0,0.0,0.0,0.0,0.0,0.0,0.0
2026_1_Ja'TavionSanders_TE,2026_Ja'TavionSanders_TE,Ja'TavionSanders_TE,2026,1,2026-09-13,Ja'Tavion Sanders,TE,CAR,CHI,11,0.0,0.0,0.0,0.0,0.0,0.0,0.0,0.0,0.0,0.0,0.0,0.0,0.0,0.0,0.0,0,335,0,0.0,0.0,0.0,0.0,0.0,0.0,0.0,0.0,0.0,0.0,0.0,0.0
2026_1_TylerLockett_WR,2026_TylerLockett_WR,TylerLockett_WR,2026,1,2026-09-13,Tyler Lockett,WR,LV,MIA,14,0.0,0.0,0.0,0.0,0.0,0.0,0.0,0.0,0.0,0.0,0.0,0.0,0.0,0.0,0.0,0,712,0,0.0,0.0,0.0,0.0,0.0,0.0,0.0,0.0,0.0,0.0,0.0,0.0
2026_1_BrandonJohnson_RB,2026_BrandonJohnson_RB,BrandonJohnson_RB,2026,1,2026-09-13,Brandon Johnson,RB,PIT,ATL,16,0.0,0.0,0.0,0.0,0.0,0.0,0.0,0.0,0.0,0.0,0.0,0.0,0.0,0.0,0.0,0,357,0,0.0,0.0,0.0,0.0,0.0,0.0,0.0,0.0,0.0,0.0,0.0,0.0
2026_1_GeraldEverett_TE,2026_GeraldEverett_TE,GeraldEverett_TE,2026,1,2026-09-13,Gerald Everett,TE,CHI,@CAR,24,0.0,0.0,0.0,0.0,0.0,0.0,0.0,0.0,0.0,0.0,0.0,0.0,0.0,0.0,0.0,0,336,0,0.0,0.0,0.0,0.0,0.0,0.0,0.0,0.0,0.0,0.0,0.0,0.0
2026_1_TrentTaylor_WR,2026_TrentTaylor_WR,TrentTaylor_WR,2026,1,2026-09-13,Trent Taylor,WR,SF,@LAR,24,0.0,0.0,0.0,0.0,0.0,0.0,0.0,0.0,0.0,0.0,0.0,0.0,0.0,0.0,0.0,0,713,0,0.0,0.0,0.0,0.0,0.0,0.0,0.0,0.0,0.0,0.0,0.0,0.0
2026_1_CornellPowell_WR,2026_CornellPowell_WR,CornellPowell_WR,2026,1,2026-09-13,Cornell Powell,WR,PIT,ATL,22,0.0,0.0,0.0,0.0,0.0,0.0,0.0,0.0,0.0,0.0,0.0,0.0,0.0,0.0,0.0,0,714,0,0.0,0.0,0.0,0.0,0.0,0.0,0.0,0.0,0.0,0.0,0.0,0.0
2026_1_TaylorGrimes_WR,2026_TaylorGrimes_WR,TaylorGrimes_WR,2026,1,2026-09-13,Taylor Grimes,WR,DEN,@KC,6,0.0,0.0,0.0,0.0,0.0,0.0,0.0,0.0,0.0,0.0,0.0,0.0,0.0,0.0,0.0,0,715,0,0.0,0.0,0.0,0.0,0.0,0.0,0.0,0.0,0.0,0.0,0.0,0.0
2026_1_KennyPickett_QB,2026_KennyPickett_QB,KennyPickett_QB,2026,1,2026-09-13,Kenny Pickett,QB,CAR,CHI,26,0.0,0.0,0.0,0.0,0.0,0.0,0.0,0.0,0.0,0.0,0.0,0.0,0.0,0.0,0.0,0,199,0,0.0,0.0,0.0,0.0,0.0,0.0,0.0,0.0,0.0,0.0,0.0,0.0
2026_1_ToryHorton_WR,2026_ToryHorton_WR,ToryHorton_WR,2026,1,2026-09-13,Tory Horton,WR,SEA,NE,11,0.0,0.0,0.0,0.0,0.0,0.0,0.0,0.0,0.0,0.0,0.0,0.0,0.0,0.0,0.0,0,716,0,0.0,0.0,0.0,0.0,0.0,0.0,0.0,0.0,0.0,0.0,0.0,0.0
2026_1_KyrenWilliams_RB,2026_KyrenWilliams_RB,KyrenWilliams_RB,2026,1,2026-09-13,Kyren Williams,RB,LAR,SF,22,0.0,0.0,0.0,0.0,0.0,0.0,0.0,0.0,0.0,0.0,0.0,0.0,0.0,0.0,0.0,0,358,0,0.0,0.0,0.0,0.0,0.0,0.0,0.0,0.0,0.0,0.0,0.0,0.0
2026_1_MaximilianMang_TE,2026_MaximilianMang_TE,MaximilianMang_TE,2026,1,2026-09-13,Maximilian Mang,TE,NYG,DAL,13,0.0,0.0,0.0,0.0,0.0,0.0,0.0,0.0,0.0,0.0,0.0,0.0,0.0,0.0,0.0,0,337,0,0.0,0.0,0.0,0.0,0.0,0.0,0.0,0.0,0.0,0.0,0.0,0.0
2026_1_DavidBell_WR,2026_DavidBell_WR,DavidBell_WR,2026,1,2026-09-13,David Bell,WR,CLE,@JAC,15,0.0,0.0,0.0,0.0,0.0,0.0,0.0,0.0,0.0,0.0,0.0,0.0,0.0,0.0,0.0,0,717,0,0.0,0.0,0.0,0.0,0.0,0.0,0.0,0.0,0.0,0.0,0.0,0.0
2026_1_MarcusSanders_WR,2026_MarcusSanders_WR,MarcusSanders_WR,2026,1,2026-09-13,Marcus Sanders,WR,MIN,GB,21,0.0,0.0,0.0,0.0,0.0,0.0,0.0,0.0,0.0,0.0,0.0,0.0,0.0,0.0,0.0,0,718,0,0.0,0.0,0.0,0.0,0.0,0.0,0.0,0.0,0.0,0.0,0.0,0.0
2026_1_JakeBrowning_QB,2026_JakeBrowning_QB,JakeBrowning_QB,2026,1,2026-09-13,Jake Browning,QB,TB,@CIN,27,0.0,0.0,0.0,0.0,0.0,0.0,0.0,0.0,0.0,0.0,0.0,0.0,0.0,0.0,0.0,0,200,0,0.0,0.0,0.0,0.0,0.0,0.0,0.0,0.0,0.0,0.0,0.0,0.0
2026_1_StevenMontez_QB,2026_StevenMontez_QB,StevenMontez_QB,2026,1,2026-09-13,Steven Montez,QB,DET,NO,6,0.0,0.0,0.0,0.0,0.0,0.0,0.0,0.0,0.0,0.0,0.0,0.0,0.0,0.0,0.0,0,201,0,0.0,0.0,0.0,0.0,0.0,0.0,0.0,0.0,0.0,0.0,0.0,0.0
2026_1_JaydenDaniels_QB,2026_JaydenDaniels_QB,JaydenDaniels_QB,2026,1,2026-09-13,Jayden Daniels,QB,WAS,@PHI,11,0.0,0.0,0.0,0.0,0.0,0.0,0.0,0.0,0.0,0.0,0.0,0.0,0.0,0.0,0.0,0,202,0,0.0,0.0,0.0,0.0,0.0,0.0,0.0,0.0,0.0,0.0,0.0,0.0
2026_1_ReggieRoberson_WR,2026_ReggieRoberson_WR,ReggieRoberson_WR,2026,1,2026-09-13,Reggie Roberson,WR,TEN,NYJ,19,0.0,0.0,0.0,0.0,0.0,0.0,0.0,0.0,0.0,0.0,0.0,0.0,0.0,0.0,0.0,0,719,0,0.0,0.0,0.0,0.0,0.0,0.0,0.0,0.0,0.0,0.0,0.0,0.0
2026_1_Dai'JeanDixon_WR,2026_Dai'JeanDixon_WR,Dai'JeanDixon_WR,2026,1,2026-09-13,Dai'Jean Dixon,WR,NO,@DET,30,0.0,0.0,0.0,0.0,0.0,0.0,0.0,0.0,0.0,0.0,0.0,0.0,0.0,0.0,0.0,0,720,0,0.0,0.0,0.0,0.0,0.0,0.0,0.0,0.0,0.0,0.0,0.0,0.0
2026_1_KeaontayIngram_RB,2026_KeaontayIngram_RB,KeaontayIngram_RB,2026,1,2026-09-13,Keaontay Ingram,RB,KC,DEN,3,0.0,0.0,0.0,0.0,0.0,0.0,0.0,0.0,0.0,0.0,0.0,0.0,0.0,0.0,0.0,0,359,0,0.0,0.0,0.0,0.0,0.0,0.0,0.0,0.0,0.0,0.0,0.0,0.0
2026_1_MacDalena_WR,2026_MacDalena_WR,MacDalena_WR,2026,1,2026-09-13,Mac Dalena,WR,BUF,@HOU,7,0.0,0.0,0.0,0.0,0.0,0.0,0.0,0.0,0.0,0.0,0.0,0.0,0.0,0.0,0.0,0,721,0,0.0,0.0,0.0,0.0,0.0,0.0,0.0,0.0,0.0,0.0,0.0,0.0
2026_1_CarsonSteele_RB,2026_CarsonSteele_RB,CarsonSteele_RB,2026,1,2026-09-13,Carson Steele,RB,PHI,WAS,29,0.0,0.0,0.0,0.0,0.0,0.0,0.0,0.0,0.0,0.0,0.0,0.0,0.0,0.0,0.0,0,360,0,0.0,0.0,0.0,0.0,0.0,0.0,0.0,0.0,0.0,0.0,0.0,0.0
2026_1_TajMcGowan_RB,2026_TajMcGowan_RB,TajMcGowan_RB,2026,1,2026-09-13,Taj McGowan,RB,JAC,CLE,14,0.0,0.0,0.0,0.0,0.0,0.0,0.0,0.0,0.0,0.0,0.0,0.0,0.0,0.0,0.0,0,361,0,0.0,0.0,0.0,0.0,0.0,0.0,0.0,0.0,0.0,0.0,0.0,0.0
2026_1_CharlieKolar_TE,2026_CharlieKolar_TE,CharlieKolar_TE,2026,1,2026-09-13,Charlie Kolar,TE,LAC,ARI,31,0.0,0.0,0.0,0.0,0.0,0.0,0.0,0.0,0.0,0.0,0.0,0.0,0.0,0.0,0.0,0,338,0,0.0,0.0,0.0,0.0,0.0,0.0,0.0,0.0,0.0,0.0,0.0,0.0
2026_1_JamoiMayes_WR,2026_JamoiMayes_WR,JamoiMayes_WR,2026,1,2026-09-13,Jamoi Mayes,WR,CIN,TB,18,0.0,0.0,0.0,0.0,0.0,0.0,0.0,0.0,0.0,0.0,0.0,0.0,0.0,0.0,0.0,0,722,0,0.0,0.0,0.0,0.0,0.0,0.0,0.0,0.0,0.0,0.0,0.0,0.0
2026_1_ValentineHolmes_RB,2026_ValentineHolmes_RB,ValentineHolmes_RB,2026,1,2026-09-13,Valentine Holmes,RB,NYJ,@TEN,13,0.0,0.0,0.0,0.0,0.0,0.0,0.0,0.0,0.0,0.0,0.0,0.0,0.0,0.0,0.0,0,362,0,0.0,0.0,0.0,0.0,0.0,0.0,0.0,0.0,0.0,0.0,0.0,0.0
2026_1_MichaelWilson_WR,2026_MichaelWilson_WR,MichaelWilson_WR,2026,1,2026-09-13,Michael Wilson,WR,ARI,@LAC,3,0.0,0.0,0.0,0.0,0.0,0.0,0.0,0.0,0.0,0.0,0.0,0.0,0.0,0.0,0.0,0,723,0,0.0,0.0,0.0,0.0,0.0,0.0,0.0,0.0,0.0,0.0,0.0,0.0
2026_1_HunterHenry_TE,2026_HunterHenry_TE,HunterHenry_TE,2026,1,2026-09-13,Hunter Henry,TE,NE,@SEA,20,0.0,0.0,0.0,0.0,0.0,0.0,0.0,0.0,0.0,0.0,0.0,0.0,0.0,0.0,0.0,0,339,0,0.0,0.0,0.0,0.0,0.0,0.0,0.0,0.0,0.0,0.0,0.0,0.0
2026_1_JakeTonges_TE,2026_JakeTonges_TE,JakeTonges_TE,2026,1,2026-09-13,Jake Tonges,TE,SF,@LAR,14,0.0,0.0,0.0,0.0,0.0,0.0,0.0,0.0,0.0,0.0,0.0,0.0,0.0,0.0,0.0,0,340,0,0.0,0.0,0.0,0.0,0.0,0.0,0.0,0.0,0.0,0.0,0.0,0.0
2026_1_TonyPollard_RB,2026_TonyPollard_RB,TonyPollard_RB,2026,1,2026-09-13,Tony Pollard,RB,TEN,NYJ,32,0.0,0.0,0.0,0.0,0.0,0.0,0.0,0.0,0.0,0.0,0.0,0.0,0.0,0.0,0.0,0,363,0,0.0,0.0,0.0,0.0,0.0,0.0,0.0,0.0,0.0,0.0,0.0,0.0
2026_1_TravisDye_RB,2026_TravisDye_RB,TravisDye_RB,2026,1,2026-09-13,Travis Dye,RB,NYJ,@TEN,13,0.0,0.0,0.0,0.0,0.0,0.0,0.0,0.0,0.0,0.0,0.0,0.0,0.0,0.0,0.0,0,364,0,0.0,0.0,0.0,0.0,0.0,0.0,0.0,0.0,0.0,0.0,0.0,0.0
2026_1_TipReiman_TE,2026_TipReiman_TE,TipReiman_TE,2026,1,2026-09-13,Tip Reiman,TE,ARI,@LAC,9,0.0,0.0,0.0,0.0,0.0,0.0,0.0,0.0,0.0,0.0,0.0,0.0,0.0,0.0,0.0,0,341,0,0.0,0.0,0.0,0.0,0.0,0.0,0.0,0.0,0.0,0.0,0.0,0.0
2026_1_AustinTrammell_WR,2026_AustinTrammell_WR,AustinTrammell_WR,2026,1,2026-09-13,Austin Trammell,WR,JAC,CLE,5,0.0,0.0,0.0,0.0,0.0,0.0,0.0,0.0,0.0,0.0,0.0,0.0,0.0,0.0,0.0,0,724,0,0.0,0.0,0.0,0.0,0.0,0.0,0.0,0.0,0.0,0.0,0.0,0.0
2026_1_MathewSexton_WR,2026_MathewSexton_WR,MathewSexton_WR,2026,1,2026-09-13,Mathew Sexton,WR,MIA,@LV,20,0.0,0.0,0.0,0.0,0.0,0.0,0.0,0.0,0.0,0.0,0.0,0.0,0.0,0.0,0.0,0,725,0,0.0,0.0,0.0,0.0,0.0,0.0,0.0,0.0,0.0,0.0,0.0,0.0
2026_1_BrysonNesbit_TE,2026_BrysonNesbit_TE,BrysonNesbit_TE,2026,1,2026-09-13,Bryson Nesbit,TE,MIN,GB,12,0.0,0.0,0.0,0.0,0.0,0.0,0.0,0.0,0.0,0.0,0.0,0.0,0.0,0.0,0.0,0,342,0,0.0,0.0,0.0,0.0,0.0,0.0,0.0,0.0,0.0,0.0,0.0,0.0
2026_1_BryceFord-Wheaton_WR,2026_BryceFord-Wheaton_WR,BryceFord-Wheaton_WR,2026,1,2026-09-13,Bryce Ford-Wheaton,WR,NYG,DAL,32,0.0,0.0,0.0,0.0,0.0,0.0,0.0,0.0,0.0,0.0,0.0,0.0,0.0,0.0,0.0,0,726,0,0.0,0.0,0.0,0.0,0.0,0.0,0.0,0.0,0.0,0.0,0.0,0.0
2026_1_LincolnPare_RB,2026_LincolnPare_RB,LincolnPare_RB,2026,1,2026-09-13,Lincoln Pare,RB,IND,BAL,17,0.0,0.0,0.0,0.0,0.0,0.0,0.0,0.0,0.0,0.0,0.0,0.0,0.0,0.0,0.0,0,365,0,0.0,0.0,0.0,0.0,0.0,0.0,0.0,0.0,0.0,0.0,0.0,0.0
2026_1_GenoSmith_QB,2026_GenoSmith_QB,GenoSmith_QB,2026,1,2026-09-13,Geno Smith,QB,NYJ,@TEN,28,0.0,0.0,0.0,0.0,0.0,0.0,0.0,0.0,0.0,0.0,0.0,0.0,0.0,0.0,0.0,0,203,0,0.0,0.0,0.0,0.0,0.0,0.0,0.0,0.0,0.0,0.0,0.0,0.0
2026_1_DeVontaSmith_WR,2026_DeVontaSmith_WR,DeVontaSmith_WR,2026,1,2026-09-13,DeVonta Smith,WR,PHI,WAS,28,0.0,0.0,0.0,0.0,0.0,0.0,0.0,0.0,0.0,0.0,0.0,0.0,0.0,0.0,0.0,0,727,0,0.0,0.0,0.0,0.0,0.0,0.0,0.0,0.0,0.0,0.0,0.0,0.0
2026_1_TaimiTutogi_RB,2026_TaimiTutogi_RB,TaimiTutogi_RB,2026,1,2026-09-13,Taimi Tutogi,RB,FA,BYE,33,0.0,0.0,0.0,0.0,0.0,0.0,0.0,0.0,0.0,0.0,0.0,0.0,0.0,0.0,0.0,0,366,0,0.0,0.0,0.0,0.0,0.0,0.0,0.0,0.0,0.0,0.0,0.0,0.0
2026_1_TimBoyle_QB,2026_TimBoyle_QB,TimBoyle_QB,2026,1,2026-09-13,Tim Boyle,QB,TEN,NYJ,31,0.0,0.0,0.0,0.0,0.0,0.0,0.0,0.0,0.0,0.0,0.0,0.0,0.0,0.0,0.0,0,204,0,0.0,0.0,0.0,0.0,0.0,0.0,0.0,0.0,0.0,0.0,0.0,0.0
2026_1_KhalilMcClain_WR,2026_KhalilMcClain_WR,KhalilMcClain_WR,2026,1,2026-09-13,Khalil McClain,WR,MIA,@LV,20,0.0,0.0,0.0,0.0,0.0,0.0,0.0,0.0,0.0,0.0,0.0,0.0,0.0,0.0,0.0,0,728,0,0.0,0.0,0.0,0.0,0.0,0.0,0.0,0.0,0.0,0.0,0.0,0.0
2026_1_RossDwelley_TE,2026_RossDwelley_TE,RossDwelley_TE,2026,1,2026-09-13,Ross Dwelley,TE,CAR,CHI,11,0.0,0.0,0.0,0.0,0.0,0.0,0.0,0.0,0.0,0.0,0.0,0.0,0.0,0.0,0.0,0,343,0,0.0,0.0,0.0,0.0,0.0,0.0,0.0,0.0,0.0,0.0,0.0,0.0
2026_1_JeremiyahLove_RB,2026_JeremiyahLove_RB,JeremiyahLove_RB,2026,1,2026-09-13,Jeremiyah Love,RB,ARI,@LAC,8,0.0,0.0,0.0,0.0,0.0,0.0,0.0,0.0,0.0,0.0,0.0,0.0,0.0,0.0,0.0,0,367,0,0.0,0.0,0.0,0.0,0.0,0.0,0.0,0.0,0.0,0.0,0.0,0.0
2026_1_TreTucker_WR,2026_TreTucker_WR,TreTucker_WR,2026,1,2026-09-13,Tre Tucker,WR,LV,MIA,14,0.0,0.0,0.0,0.0,0.0,0.0,0.0,0.0,0.0,0.0,0.0,0.0,0.0,0.0,0.0,0,729,0,0.0,0.0,0.0,0.0,0.0,0.0,0.0,0.0,0.0,0.0,0.0,0.0
2026_1_CarterBradley_QB,2026_CarterBradley_QB,CarterBradley_QB,2026,1,2026-09-13,Carter Bradley,QB,JAC,CLE,4,0.0,0.0,0.0,0.0,0.0,0.0,0.0,0.0,0.0,0.0,0.0,0.0,0.0,0.0,0.0,0,205,0,0.0,0.0,0.0,0.0,0.0,0.0,0.0,0.0,0.0,0.0,0.0,0.0
2026_1_JoshJohnson_WR,2026_JoshJohnson_WR,JoshJohnson_WR,2026,1,2026-09-13,Josh Johnson,WR,DET,NO,10,0.0,0.0,0.0,0.0,0.0,0.0,0.0,0.0,0.0,0.0,0.0,0.0,0.0,0.0,0.0,0,730,0,0.0,0.0,0.0,0.0,0.0,0.0,0.0,0.0,0.0,0.0,0.0,0.0
2026_1_BryceLance_WR,2026_BryceLance_WR,BryceLance_WR,2026,1,2026-09-13,Bryce Lance,WR,NO,@DET,30,0.0,0.0,0.0,0.0,0.0,0.0,0.0,0.0,0.0,0.0,0.0,0.0,0.0,0.0,0.0,0,731,0,0.0,0.0,0.0,0.0,0.0,0.0,0.0,0.0,0.0,0.0,0.0,0.0
2026_1_Ja'MoriMaclin_WR,2026_Ja'MoriMaclin_WR,Ja'MoriMaclin_WR,2026,1,2026-09-13,Ja'Mori Maclin,WR,BUF,@HOU,7,0.0,0.0,0.0,0.0,0.0,0.0,0.0,0.0,0.0,0.0,0.0,0.0,0.0,0.0,0.0,0,732,0,0.0,0.0,0.0,0.0,0.0,0.0,0.0,0.0,0.0,0.0,0.0,0.0
2026_1_EliPancol_WR,2026_EliPancol_WR,EliPancol_WR,2026,1,2026-09-13,Eli Pancol,WR,IND,BAL,25,0.0,0.0,0.0,0.0,0.0,0.0,0.0,0.0,0.0,0.0,0.0,0.0,0.0,0.0,0.0,0,733,0,0.0,0.0,0.0,0.0,0.0,0.0,0.0,0.0,0.0,0.0,0.0,0.0
2026_1_CJMarable_RB,2026_CJMarable_RB,CJMarable_RB,2026,1,2026-09-13,CJ Marable,RB,NE,@SEA,4,0.0,0.0,0.0,0.0,0.0,0.0,0.0,0.0,0.0,0.0,0.0,0.0,0.0,0.0,0.0,0,368,0,0.0,0.0,0.0,0.0,0.0,0.0,0.0,0.0,0.0,0.0,0.0,0.0
2026_1_DonteSylencieux_WR,2026_DonteSylencieux_WR,DonteSylencieux_WR,2026,1,2026-09-13,Donte Sylencieux,WR,BAL,@IND,27,0.0,0.0,0.0,0.0,0.0,0.0,0.0,0.0,0.0,0.0,0.0,0.0,0.0,0.0,0.0,0,734,0,0.0,0.0,0.0,0.0,0.0,0.0,0.0,0.0,0.0,0.0,0.0,0.0
2026_1_JustinFields_QB,2026_JustinFields_QB,JustinFields_QB,2026,1,2026-09-13,Justin Fields,QB,KC,DEN,13,0.0,0.0,0.0,0.0,0.0,0.0,0.0,0.0,0.0,0.0,0.0,0.0,0.0,0.0,0.0,0,206,0,0.0,0.0,0.0,0.0,0.0,0.0,0.0,0.0,0.0,0.0,0.0,0.0
2026_1_LideatrickGriffin_WR,2026_LideatrickGriffin_WR,LideatrickGriffin_WR,2026,1,2026-09-13,Lideatrick Griffin,WR,GB,@MIN,1,0.0,0.0,0.0,0.0,0.0,0.0,0.0,0.0,0.0,0.0,0.0,0.0,0.0,0.0,0.0,0,735,0,0.0,0.0,0.0,0.0,0.0,0.0,0.0,0.0,0.0,0.0,0.0,0.0
2026_1_BrettGabbert_QB,2026_BrettGabbert_QB,BrettGabbert_QB,2026,1,2026-09-13,Brett Gabbert,QB,MIA,@LV,14,0.0,0.0,0.0,0.0,0.0,0.0,0.0,0.0,0.0,0.0,0.0,0.0,0.0,0.0,0.0,0,207,0,0.0,0.0,0.0,0.0,0.0,0.0,0.0,0.0,0.0,0.0,0.0,0.0
2026_1_JadonHaselwood_WR,2026_JadonHaselwood_WR,JadonHaselwood_WR,2026,1,2026-09-13,Jadon Haselwood,WR,PHI,WAS,28,0.0,0.0,0.0,0.0,0.0,0.0,0.0,0.0,0.0,0.0,0.0,0.0,0.0,0.0,0.0,0,736,0,0.0,0.0,0.0,0.0,0.0,0.0,0.0,0.0,0.0,0.0,0.0,0.0
2026_1_BeauxCollins_WR,2026_BeauxCollins_WR,BeauxCollins_WR,2026,1,2026-09-13,Beaux Collins,WR,NYG,DAL,32,0.0,0.0,0.0,0.0,0.0,0.0,0.0,0.0,0.0,0.0,0.0,0.0,0.0,0.0,0.0,0,737,0,0.0,0.0,0.0,0.0,0.0,0.0,0.0,0.0,0.0,0.0,0.0,0.0
2026_1_MichaelBriscoe_WR,2026_MichaelBriscoe_WR,MichaelBriscoe_WR,2026,1,2026-09-13,Michael Briscoe,WR,MIN,GB,21,0.0,0.0,0.0,0.0,0.0,0.0,0.0,0.0,0.0,0.0,0.0,0.0,0.0,0.0,0.0,0,738,0,0.0,0.0,0.0,0.0,0.0,0.0,0.0,0.0,0.0,0.0,0.0,0.0
2026_1_CarlosWashington_RB,2026_CarlosWashington_RB,CarlosWashington_RB,2026,1,2026-09-13,Carlos Washington,RB,MIA,@LV,21,0.0,0.0,0.0,0.0,0.0,0.0,0.0,0.0,0.0,0.0,0.0,0.0,0.0,0.0,0.0,0,369,0,0.0,0.0,0.0,0.0,0.0,0.0,0.0,0.0,0.0,0.0,0.0,0.0
2026_1_EJJenkins_TE,2026_EJJenkins_TE,EJJenkins_TE,2026,1,2026-09-13,EJ Jenkins,TE,PHI,WAS,30,0.0,0.0,0.0,0.0,0.0,0.0,0.0,0.0,0.0,0.0,0.0,0.0,0.0,0.0,0.0,0,344,0,0.0,0.0,0.0,0.0,0.0,0.0,0.0,0.0,0.0,0.0,0.0,0.0
2026_1_ChristianWade_RB,2026_ChristianWade_RB,ChristianWade_RB,2026,1,2026-09-13,Christian Wade,RB,BUF,@HOU,5,0.0,0.0,0.0,0.0,0.0,0.0,0.0,0.0,0.0,0.0,0.0,0.0,0.0,0.0,0.0,0,370,0,0.0,0.0,0.0,0.0,0.0,0.0,0.0,0.0,0.0,0.0,0.0,0.0
2026_1_ShedrickJackson_WR,2026_ShedrickJackson_WR,ShedrickJackson_WR,2026,1,2026-09-13,Shedrick Jackson,WR,LV,MIA,14,0.0,0.0,0.0,0.0,0.0,0.0,0.0,0.0,0.0,0.0,0.0,0.0,0.0,0.0,0.0,0,739,0,0.0,0.0,0.0,0.0,0.0,0.0,0.0,0.0,0.0,0.0,0.0,0.0
2026_1_KaranHigdon_RB,2026_KaranHigdon_RB,KaranHigdon_RB,2026,1,2026-09-13,Karan Higdon,RB,HOU,BUF,25,0.0,0.0,0.0,0.0,0.0,0.0,0.0,0.0,0.0,0.0,0.0,0.0,0.0,0.0,0.0,0,371,0,0.0,0.0,0.0,0.0,0.0,0.0,0.0,0.0,0.0,0.0,0.0,0.0
2026_1_JadakisBonds_WR,2026_JadakisBonds_WR,JadakisBonds_WR,2026,1,2026-09-13,Jadakis Bonds,WR,GB,@MIN,1,0.0,0.0,0.0,0.0,0.0,0.0,0.0,0.0,0.0,0.0,0.0,0.0,0.0,0.0,0.0,0,740,0,0.0,0.0,0.0,0.0,0.0,0.0,0.0,0.0,0.0,0.0,0.0,0.0
2026_1_ZayFlowers_WR,2026_ZayFlowers_WR,ZayFlowers_WR,2026,1,2026-09-13,Zay Flowers,WR,BAL,@IND,27,0.0,0.0,0.0,0.0,0.0,0.0,0.0,0.0,0.0,0.0,0.0,0.0,0.0,0.0,0.0,0,741,0,0.0,0.0,0.0,0.0,0.0,0.0,0.0,0.0,0.0,0.0,0.0,0.0
2026_1_JalenMorton_QB,2026_JalenMorton_QB,JalenMorton_QB,2026,1,2026-09-13,Jalen Morton,QB,IND,BAL,21,0.0,0.0,0.0,0.0,0.0,0.0,0.0,0.0,0.0,0.0,0.0,0.0,0.0,0.0,0.0,0,208,0,0.0,0.0,0.0,0.0,0.0,0.0,0.0,0.0,0.0,0.0,0.0,0.0
2026_1_De'ZhaunStribling_WR,2026_De'ZhaunStribling_WR,De'ZhaunStribling_WR,2026,1,2026-09-13,De'Zhaun Stribling,WR,SF,@LAR,24,0.0,0.0,0.0,0.0,0.0,0.0,0.0,0.0,0.0,0.0,0.0,0.0,0.0,0.0,0.0,0,742,0,0.0,0.0,0.0,0.0,0.0,0.0,0.0,0.0,0.0,0.0,0.0,0.0
2026_1_GarrettGroshek_RB,2026_GarrettGroshek_RB,GarrettGroshek_RB,2026,1,2026-09-13,Garrett Groshek,RB,MIN,GB,18,0.0,0.0,0.0,0.0,0.0,0.0,0.0,0.0,0.0,0.0,0.0,0.0,0.0,0.0,0.0,0,372,0,0.0,0.0,0.0,0.0,0.0,0.0,0.0,0.0,0.0,0.0,0.0,0.0
2026_1_RushawnBaker_RB,2026_RushawnBaker_RB,RushawnBaker_RB,2026,1,2026-09-13,Rushawn Baker,RB,NE,@SEA,4,0.0,0.0,0.0,0.0,0.0,0.0,0.0,0.0,0.0,0.0,0.0,0.0,0.0,0.0,0.0,0,373,0,0.0,0.0,0.0,0.0,0.0,0.0,0.0,0.0,0.0,0.0,0.0,0.0
2026_1_KeatonMitchell_RB,2026_KeatonMitchell_RB,KeatonMitchell_RB,2026,1,2026-09-13,Keaton Mitchell,RB,LAC,ARI,30,0.0,0.0,0.0,0.0,0.0,0.0,0.0,0.0,0.0,0.0,0.0,0.0,0.0,0.0,0.0,0,374,0,0.0,0.0,0.0,0.0,0.0,0.0,0.0,0.0,0.0,0.0,0.0,0.0
2026_1_ThomasGreaney_TE,2026_ThomasGreaney_TE,ThomasGreaney_TE,2026,1,2026-09-13,Thomas Greaney,TE,CLE,@JAC,23,0.0,0.0,0.0,0.0,0.0,0.0,0.0,0.0,0.0,0.0,0.0,0.0,0.0,0.0,0.0,0,345,0,0.0,0.0,0.0,0.0,0.0,0.0,0.0,0.0,0.0,0.0,0.0,0.0
2026_1_MataeoDurant_RB,2026_MataeoDurant_RB,MataeoDurant_RB,2026,1,2026-09-13,Mataeo Durant,RB,PIT,ATL,16,0.0,0.0,0.0,0.0,0.0,0.0,0.0,0.0,0.0,0.0,0.0,0.0,0.0,0.0,0.0,0,375,0,0.0,0.0,0.0,0.0,0.0,0.0,0.0,0.0,0.0,0.0,0.0,0.0
2026_1_KaireeRobinson_RB,2026_KaireeRobinson_RB,KaireeRobinson_RB,2026,1,2026-09-13,Kairee Robinson,RB,SEA,NE,2,0.0,0.0,0.0,0.0,0.0,0.0,0.0,0.0,0.0,0.0,0.0,0.0,0.0,0.0,0.0,0,376,0,0.0,0.0,0.0,0.0,0.0,0.0,0.0,0.0,0.0,0.0,0.0,0.0
2026_1_ColeKmet_TE,2026_ColeKmet_TE,ColeKmet_TE,2026,1,2026-09-13,Cole Kmet,TE,CHI,@CAR,24,0.0,0.0,0.0,0.0,0.0,0.0,0.0,0.0,0.0,0.0,0.0,0.0,0.0,0.0,0.0,0,346,0,0.0,0.0,0.0,0.0,0.0,0.0,0.0,0.0,0.0,0.0,0.0,0.0
2026_1_DevonGarrison_TE,2026_DevonGarrison_TE,DevonGarrison_TE,2026,1,2026-09-13,Devon Garrison,TE,SEA,NE,17,0.0,0.0,0.0,0.0,0.0,0.0,0.0,0.0,0.0,0.0,0.0,0.0,0.0,0.0,0.0,0,347,0,0.0,0.0,0.0,0.0,0.0,0.0,0.0,0.0,0.0,0.0,0.0,0.0
2026_1_HunterDekkers_QB,2026_HunterDekkers_QB,HunterDekkers_QB,2026,1,2026-09-13,Hunter Dekkers,QB,NO,@DET,22,0.0,0.0,0.0,0.0,0.0,0.0,0.0,0.0,0.0,0.0,0.0,0.0,0.0,0.0,0.0,0,209,0,0.0,0.0,0.0,0.0,0.0,0.0,0.0,0.0,0.0,0.0,0.0,0.0
2026_1_TorianoClinton_RB,2026_TorianoClinton_RB,TorianoClinton_RB,2026,1,2026-09-13,Toriano Clinton,RB,IND,BAL,17,0.0,0.0,0.0,0.0,0.0,0.0,0.0,0.0,0.0,0.0,0.0,0.0,0.0,0.0,0.0,0,377,0,0.0,0.0,0.0,0.0,0.0,0.0,0.0,0.0,0.0,0.0,0.0,0.0
2026_1_TreyMcBride_TE,2026_TreyMcBride_TE,TreyMcBride_TE,2026,1,2026-09-13,Trey McBride,TE,ARI,@LAC,9,0.0,0.0,0.0,0.0,0.0,0.0,0.0,0.0,0.0,0.0,0.0,0.0,0.0,0.0,0.0,0,348,0,0.0,0.0,0.0,0.0,0.0,0.0,0.0,0.0,0.0,0.0,0.0,0.0
2026_1_KonataMumpfield_WR,2026_KonataMumpfield_WR,KonataMumpfield_WR,2026,1,2026-09-13,Konata Mumpfield,WR,LAR,SF,16,0.0,0.0,0.0,0.0,0.0,0.0,0.0,0.0,0.0,0.0,0.0,0.0,0.0,0.0,0.0,0,743,0,0.0,0.0,0.0,0.0,0.0,0.0,0.0,0.0,0.0,0.0,0.0,0.0
2026_1_AaronBailey_WR,2026_AaronBailey_WR,AaronBailey_WR,2026,1,2026-09-13,Aaron Bailey,WR,BAL,@IND,27,0.0,0.0,0.0,0.0,0.0,0.0,0.0,0.0,0.0,0.0,0.0,0.0,0.0,0.0,0.0,0,744,0,0.0,0.0,0.0,0.0,0.0,0.0,0.0,0.0,0.0,0.0,0.0,0.0
2026_1_TylerMabry_TE,2026_TylerMabry_TE,TylerMabry_TE,2026,1,2026-09-13,Tyler Mabry,TE,CAR,CHI,11,0.0,0.0,0.0,0.0,0.0,0.0,0.0,0.0,0.0,0.0,0.0,0.0,0.0,0.0,0.0,0,349,0,0.0,0.0,0.0,0.0,0.0,0.0,0.0,0.0,0.0,0.0,0.0,0.0
2026_1_TyrionDavis-Price_RB,2026_TyrionDavis-Price_RB,TyrionDavis-Price_RB,2026,1,2026-09-13,Tyrion Davis-Price,RB,GB,@MIN,15,0.0,0.0,0.0,0.0,0.0,0.0,0.0,0.0,0.0,0.0,0.0,0.0,0.0,0.0,0.0,0,378,0,0.0,0.0,0.0,0.0,0.0,0.0,0.0,0.0,0.0,0.0,0.0,0.0
2026_1_TutuAtwell_WR,2026_TutuAtwell_WR,TutuAtwell_WR,2026,1,2026-09-13,Tutu Atwell,WR,MIA,@LV,20,0.0,0.0,0.0,0.0,0.0,0.0,0.0,0.0,0.0,0.0,0.0,0.0,0.0,0.0,0.0,0,745,0,0.0,0.0,0.0,0.0,0.0,0.0,0.0,0.0,0.0,0.0,0.0,0.0
2026_1_MalikHenry_WR,2026_MalikHenry_WR,MalikHenry_WR,2026,1,2026-09-13,Malik Henry,WR,NO,@DET,30,0.0,0.0,0.0,0.0,0.0,0.0,0.0,0.0,0.0,0.0,0.0,0.0,0.0,0.0,0.0,0,746,0,0.0,0.0,0.0,0.0,0.0,0.0,0.0,0.0,0.0,0.0,0.0,0.0
2026_1_JeromeKapp_WR,2026_JeromeKapp_WR,JeromeKapp_WR,2026,1,2026-09-13,Jerome Kapp,WR,NYJ,@TEN,29,0.0,0.0,0.0,0.0,0.0,0.0,0.0,0.0,0.0,0.0,0.0,0.0,0.0,0.0,0.0,0,747,0,0.0,0.0,0.0,0.0,0.0,0.0,0.0,0.0,0.0,0.0,0.0,0.0
2026_1_LuckyJackson_WR,2026_LuckyJackson_WR,LuckyJackson_WR,2026,1,2026-09-13,Lucky Jackson,WR,DET,NO,10,0.0,0.0,0.0,0.0,0.0,0.0,0.0,0.0,0.0,0.0,0.0,0.0,0.0,0.0,0.0,0,748,0,0.0,0.0,0.0,0.0,0.0,0.0,0.0,0.0,0.0,0.0,0.0,0.0
2026_1_DarnellMooney_WR,2026_DarnellMooney_WR,DarnellMooney_WR,2026,1,2026-09-13,Darnell Mooney,WR,NYG,DAL,32,0.0,0.0,0.0,0.0,0.0,0.0,0.0,0.0,0.0,0.0,0.0,0.0,0.0,0.0,0.0,0,749,0,0.0,0.0,0.0,0.0,0.0,0.0,0.0,0.0,0.0,0.0,0.0,0.0
2026_1_TJHarden_RB,2026_TJHarden_RB,TJHarden_RB,2026,1,2026-09-13,TJ Harden,RB,SEA,NE,2,0.0,0.0,0.0,0.0,0.0,0.0,0.0,0.0,0.0,0.0,0.0,0.0,0.0,0.0,0.0,0,379,0,0.0,0.0,0.0,0.0,0.0,0.0,0.0,0.0,0.0,0.0,0.0,0.0
2026_1_NsimbaWebster_WR,2026_NsimbaWebster_WR,NsimbaWebster_WR,2026,1,2026-09-13,Nsimba Webster,WR,CHI,@CAR,12,0.0,0.0,0.0,0.0,0.0,0.0,0.0,0.0,0.0,0.0,0.0,0.0,0.0,0.0,0.0,0,750,0,0.0,0.0,0.0,0.0,0.0,0.0,0.0,0.0,0.0,0.0,0.0,0.0
2026_1_BrianLewerke_QB,2026_BrianLewerke_QB,BrianLewerke_QB,2026,1,2026-09-13,Brian Lewerke,QB,NYG,DAL,32,0.0,0.0,0.0,0.0,0.0,0.0,0.0,0.0,0.0,0.0,0.0,0.0,0.0,0.0,0.0,0,210,0,0.0,0.0,0.0,0.0,0.0,0.0,0.0,0.0,0.0,0.0,0.0,0.0
2026_1_TravisVokolek_TE,2026_TravisVokolek_TE,TravisVokolek_TE,2026,1,2026-09-13,Travis Vokolek,TE,ARI,@LAC,9,0.0,0.0,0.0,0.0,0.0,0.0,0.0,0.0,0.0,0.0,0.0,0.0,0.0,0.0,0.0,0,350,0,0.0,0.0,0.0,0.0,0.0,0.0,0.0,0.0,0.0,0.0,0.0,0.0
2026_1_BradyBoyd_WR,2026_BradyBoyd_WR,BradyBoyd_WR,2026,1,2026-09-13,Brady Boyd,WR,JAC,CLE,5,0.0,0.0,0.0,0.0,0.0,0.0,0.0,0.0,0.0,0.0,0.0,0.0,0.0,0.0,0.0,0,751,0,0.0,0.0,0.0,0.0,0.0,0.0,0.0,0.0,0.0,0.0,0.0,0.0
2026_1_AJHenning_WR,2026_AJHenning_WR,AJHenning_WR,2026,1,2026-09-13,AJ Henning,WR,MIA,@LV,20,0.0,0.0,0.0,0.0,0.0,0.0,0.0,0.0,0.0,0.0,0.0,0.0,0.0,0.0,0.0,0,752,0,0.0,0.0,0.0,0.0,0.0,0.0,0.0,0.0,0.0,0.0,0.0,0.0
2026_1_RickyPearsall_WR,2026_RickyPearsall_WR,RickyPearsall_WR,2026,1,2026-09-13,Ricky Pearsall,WR,SF,@LAR,24,0.0,0.0,0.0,0.0,0.0,0.0,0.0,0.0,0.0,0.0,0.0,0.0,0.0,0.0,0.0,0,753,0,0.0,0.0,0.0,0.0,0.0,0.0,0.0,0.0,0.0,0.0,0.0,0.0
2026_1_AmariCooper_WR,2026_AmariCooper_WR,AmariCooper_WR,2026,1,2026-09-13,Amari Cooper,WR,LV,MIA,14,0.0,0.0,0.0,0.0,0.0,0.0,0.0,0.0,0.0,0.0,0.0,0.0,0.0,0.0,0.0,0,754,0,0.0,0.0,0.0,0.0,0.0,0.0,0.0,0.0,0.0,0.0,0.0,0.0
2026_1_HunterThedford_TE,2026_HunterThedford_TE,HunterThedford_TE,2026,1,2026-09-13,Hunter Thedford,TE,CLE,@JAC,23,0.0,0.0,0.0,0.0,0.0,0.0,0.0,0.0,0.0,0.0,0.0,0.0,0.0,0.0,0.0,0,351,0,0.0,0.0,0.0,0.0,0.0,0.0,0.0,0.0,0.0,0.0,0.0,0.0
2026_1_JoeBurrow_QB,2026_JoeBurrow_QB,JoeBurrow_QB,2026,1,2026-09-13,Joe Burrow,QB,CIN,TB,29,0.0,0.0,0.0,0.0,0.0,0.0,0.0,0.0,0.0,0.0,0.0,0.0,0.0,0.0,0.0,0,211,0,0.0,0.0,0.0,0.0,0.0,0.0,0.0,0.0,0.0,0.0,0.0,0.0
2026_1_BoNix_QB,2026_BoNix_QB,BoNix_QB,2026,1,2026-09-13,Bo Nix,QB,DEN,@KC,12,0.0,0.0,0.0,0.0,0.0,0.0,0.0,0.0,0.0,0.0,0.0,0.0,0.0,0.0,0.0,0,212,0,0.0,0.0,0.0,0.0,0.0,0.0,0.0,0.0,0.0,0.0,0.0,0.0
2026_1_EmaniBailey_RB,2026_EmaniBailey_RB,EmaniBailey_RB,2026,1,2026-09-13,Emani Bailey,RB,CAR,CHI,19,0.0,0.0,0.0,0.0,0.0,0.0,0.0,0.0,0.0,0.0,0.0,0.0,0.0,0.0,0.0,0,380,0,0.0,0.0,0.0,0.0,0.0,0.0,0.0,0.0,0.0,0.0,0.0,0.0
2026_1_LincolnVictor_WR,2026_LincolnVictor_WR,LincolnVictor_WR,2026,1,2026-09-13,Lincoln Victor,WR,DEN,@KC,6,0.0,0.0,0.0,0.0,0.0,0.0,0.0,0.0,0.0,0.0,0.0,0.0,0.0,0.0,0.0,0,755,0,0.0,0.0,0.0,0.0,0.0,0.0,0.0,0.0,0.0,0.0,0.0,0.0
2026_1_AlexanderMattison_RB,2026_AlexanderMattison_RB,AlexanderMattison_RB,2026,1,2026-09-13,Alexander Mattison,RB,MIA,@LV,21,0.0,0.0,0.0,0.0,0.0,0.0,0.0,0.0,0.0,0.0,0.0,0.0,0.0,0.0,0.0,0,381,0,0.0,0.0,0.0,0.0,0.0,0.0,0.0,0.0,0.0,0.0,0.0,0.0
2026_1_JustinJoly_TE,2026_JustinJoly_TE,JustinJoly_TE,2026,1,2026-09-13,Justin Joly,TE,DEN,@KC,6,0.0,0.0,0.0,0.0,0.0,0.0,0.0,0.0,0.0,0.0,0.0,0.0,0.0,0.0,0.0,0,352,0,0.0,0.0,0.0,0.0,0.0,0.0,0.0,0.0,0.0,0.0,0.0,0.0
2026_1_TroyFranklin_WR,2026_TroyFranklin_WR,TroyFranklin_WR,2026,1,2026-09-13,Troy Franklin,WR,DEN,@KC,6,0.0,0.0,0.0,0.0,0.0,0.0,0.0,0.0,0.0,0.0,0.0,0.0,0.0,0.0,0.0,0,756,0,0.0,0.0,0.0,0.0,0.0,0.0,0.0,0.0,0.0,0.0,0.0,0.0
2026_1_VanJefferson_WR,2026_VanJefferson_WR,VanJefferson_WR,2026,1,2026-09-13,Van Jefferson,WR,WAS,@PHI,8,0.0,0.0,0.0,0.0,0.0,0.0,0.0,0.0,0.0,0.0,0.0,0.0,0.0,0.0,0.0,0,757,0,0.0,0.0,0.0,0.0,0.0,0.0,0.0,0.0,0.0,0.0,0.0,0.0
2026_1_RJHarvey_RB,2026_RJHarvey_RB,RJHarvey_RB,2026,1,2026-09-13,RJ Harvey,RB,DEN,@KC,6,0.0,0.0,0.0,0.0,0.0,0.0,0.0,0.0,0.0,0.0,0.0,0.0,0.0,0.0,0.0,0,382,0,0.0,0.0,0.0,0.0,0.0,0.0,0.0,0.0,0.0,0.0,0.0,0.0
2026_1_CordarrellePatterson_RB,2026_CordarrellePatterson_RB,CordarrellePatterson_RB,2026,1,2026-09-13,Cordarrelle Patterson,RB,PIT,ATL,16,0.0,0.0,0.0,0.0,0.0,0.0,0.0,0.0,0.0,0.0,0.0,0.0,0.0,0.0,0.0,0,383,0,0.0,0.0,0.0,0.0,0.0,0.0,0.0,0.0,0.0,0.0,0.0,0.0
2026_1_LaviskaShenault_WR,2026_LaviskaShenault_WR,LaviskaShenault_WR,2026,1,2026-09-13,Laviska Shenault,WR,BUF,@HOU,7,0.0,0.0,0.0,0.0,0.0,0.0,0.0,0.0,0.0,0.0,0.0,0.0,0.0,0.0,0.0,0,758,0,0.0,0.0,0.0,0.0,0.0,0.0,0.0,0.0,0.0,0.0,0.0,0.0
2026_1_BrysonGreen_WR,2026_BrysonGreen_WR,BrysonGreen_WR,2026,1,2026-09-13,Bryson Green,WR,ARI,@LAC,3,0.0,0.0,0.0,0.0,0.0,0.0,0.0,0.0,0.0,0.0,0.0,0.0,0.0,0.0,0.0,0,759,0,0.0,0.0,0.0,0.0,0.0,0.0,0.0,0.0,0.0,0.0,0.0,0.0
2026_1_SamPinckney_WR,2026_SamPinckney_WR,SamPinckney_WR,2026,1,2026-09-13,Sam Pinckney,WR,CAR,CHI,31,0.0,0.0,0.0,0.0,0.0,0.0,0.0,0.0,0.0,0.0,0.0,0.0,0.0,0.0,0.0,0,760,0,0.0,0.0,0.0,0.0,0.0,0.0,0.0,0.0,0.0,0.0,0.0,0.0
2026_1_MarcusSimms_WR,2026_MarcusSimms_WR,MarcusSimms_WR,2026,1,2026-09-13,Marcus Simms,WR,SEA,NE,11,0.0,0.0,0.0,0.0,0.0,0.0,0.0,0.0,0.0,0.0,0.0,0.0,0.0,0.0,0.0,0,761,0,0.0,0.0,0.0,0.0,0.0,0.0,0.0,0.0,0.0,0.0,0.0,0.0
2026_1_ZakhariFranklin_WR,2026_ZakhariFranklin_WR,ZakhariFranklin_WR,2026,1,2026-09-13,Zakhari Franklin,WR,LV,MIA,14,0.0,0.0,0.0,0.0,0.0,0.0,0.0,0.0,0.0,0.0,0.0,0.0,0.0,0.0,0.0,0,762,0,0.0,0.0,0.0,0.0,0.0,0.0,0.0,0.0,0.0,0.0,0.0,0.0
2026_1_BrevynSpann-Ford_TE,2026_BrevynSpann-Ford_TE,BrevynSpann-Ford_TE,2026,1,2026-09-13,Brevyn Spann-Ford,TE,DAL,@NYG,10,0.0,0.0,0.0,0.0,0.0,0.0,0.0,0.0,0.0,0.0,0.0,0.0,0.0,0.0,0.0,0,353,0,0.0,0.0,0.0,0.0,0.0,0.0,0.0,0.0,0.0,0.0,0.0,0.0
2026_1_ClintRatkovich_RB,2026_ClintRatkovich_RB,ClintRatkovich_RB,2026,1,2026-09-13,Clint Ratkovich,RB,ATL,@PIT,9,0.0,0.0,0.0,0.0,0.0,0.0,0.0,0.0,0.0,0.0,0.0,0.0,0.0,0.0,0.0,0,384,0,0.0,0.0,0.0,0.0,0.0,0.0,0.0,0.0,0.0,0.0,0.0,0.0
2026_1_LukeGrimm_WR,2026_LukeGrimm_WR,LukeGrimm_WR,2026,1,2026-09-13,Luke Grimm,WR,LAC,ARI,17,0.0,0.0,0.0,0.0,0.0,0.0,0.0,0.0,0.0,0.0,0.0,0.0,0.0,0.0,0.0,0,763,0,0.0,0.0,0.0,0.0,0.0,0.0,0.0,0.0,0.0,0.0,0.0,0.0
2026_1_RiverCracraft_WR,2026_RiverCracraft_WR,RiverCracraft_WR,2026,1,2026-09-13,River Cracraft,WR,WAS,@PHI,8,0.0,0.0,0.0,0.0,0.0,0.0,0.0,0.0,0.0,0.0,0.0,0.0,0.0,0.0,0.0,0,764,0,0.0,0.0,0.0,0.0,0.0,0.0,0.0,0.0,0.0,0.0,0.0,0.0
2026_1_JalenMoreno-Cropper_WR,2026_JalenMoreno-Cropper_WR,JalenMoreno-Cropper_WR,2026,1,2026-09-13,Jalen Moreno-Cropper,WR,NO,@DET,30,0.0,0.0,0.0,0.0,0.0,0.0,0.0,0.0,0.0,0.0,0.0,0.0,0.0,0.0,0.0,0,765,0,0.0,0.0,0.0,0.0,0.0,0.0,0.0,0.0,0.0,0.0,0.0,0.0
2026_1_GeorgePickens_WR,2026_GeorgePickens_WR,GeorgePickens_WR,2026,1,2026-09-13,George Pickens,WR,DAL,@NYG,23,0.0,0.0,0.0,0.0,0.0,0.0,0.0,0.0,0.0,0.0,0.0,0.0,0.0,0.0,0.0,0,766,0,0.0,0.0,0.0,0.0,0.0,0.0,0.0,0.0,0.0,0.0,0.0,0.0
2026_1_DemarioRichard_RB,2026_DemarioRichard_RB,DemarioRichard_RB,2026,1,2026-09-13,Demario Richard,RB,ATL,@PIT,9,0.0,0.0,0.0,0.0,0.0,0.0,0.0,0.0,0.0,0.0,0.0,0.0,0.0,0.0,0.0,0,385,0,0.0,0.0,0.0,0.0,0.0,0.0,0.0,0.0,0.0,0.0,0.0,0.0
2026_1_XavierGipson_WR,2026_XavierGipson_WR,XavierGipson_WR,2026,1,2026-09-13,Xavier Gipson,WR,NYG,DAL,32,0.0,0.0,0.0,0.0,0.0,0.0,0.0,0.0,0.0,0.0,0.0,0.0,0.0,0.0,0.0,0,767,0,0.0,0.0,0.0,0.0,0.0,0.0,0.0,0.0,0.0,0.0,0.0,0.0
2026_1_DeontezAlexander_WR,2026_DeontezAlexander_WR,DeontezAlexander_WR,2026,1,2026-09-13,Deontez Alexander,WR,SEA,NE,11,0.0,0.0,0.0,0.0,0.0,0.0,0.0,0.0,0.0,0.0,0.0,0.0,0.0,0.0,0.0,0,768,0,0.0,0.0,0.0,0.0,0.0,0.0,0.0,0.0,0.0,0.0,0.0,0.0
2026_1_JaylenJohnson_WR,2026_JaylenJohnson_WR,JaylenJohnson_WR,2026,1,2026-09-13,Jaylen Johnson,WR,LAC,ARI,17,0.0,0.0,0.0,0.0,0.0,0.0,0.0,0.0,0.0,0.0,0.0,0.0,0.0,0.0,0.0,0,769,0,0.0,0.0,0.0,0.0,0.0,0.0,0.0,0.0,0.0,0.0,0.0,0.0
2026_1_SamsonNacua_WR,2026_SamsonNacua_WR,SamsonNacua_WR,2026,1,2026-09-13,Samson Nacua,WR,NO,@DET,30,0.0,0.0,0.0,0.0,0.0,0.0,0.0,0.0,0.0,0.0,0.0,0.0,0.0,0.0,0.0,0,770,0,0.0,0.0,0.0,0.0,0.0,0.0,0.0,0.0,0.0,0.0,0.0,0.0
2026_1_MichaelPratt_QB,2026_MichaelPratt_QB,MichaelPratt_QB,2026,1,2026-09-13,Michael Pratt,QB,TB,@CIN,27,0.0,0.0,0.0,0.0,0.0,0.0,0.0,0.0,0.0,0.0,0.0,0.0,0.0,0.0,0.0,0,213,0,0.0,0.0,0.0,0.0,0.0,0.0,0.0,0.0,0.0,0.0,0.0,0.0
2026_1_JaylinNoel_WR,2026_JaylinNoel_WR,JaylinNoel_WR,2026,1,2026-09-13,Jaylin Noel,WR,HOU,BUF,13,0.0,0.0,0.0,0.0,0.0,0.0,0.0,0.0,0.0,0.0,0.0,0.0,0.0,0.0,0.0,0,771,0,0.0,0.0,0.0,0.0,0.0,0.0,0.0,0.0,0.0,0.0,0.0,0.0
2026_1_NolanGivan_TE,2026_NolanGivan_TE,NolanGivan_TE,2026,1,2026-09-13,Nolan Givan,TE,DET,NO,15,0.0,0.0,0.0,0.0,0.0,0.0,0.0,0.0,0.0,0.0,0.0,0.0,0.0,0.0,0.0,0,354,0,0.0,0.0,0.0,0.0,0.0,0.0,0.0,0.0,0.0,0.0,0.0,0.0
2026_1_TrevonClark_WR,2026_TrevonClark_WR,TrevonClark_WR,2026,1,2026-09-13,Trevon Clark,WR,BAL,@IND,27,0.0,0.0,0.0,0.0,0.0,0.0,0.0,0.0,0.0,0.0,0.0,0.0,0.0,0.0,0.0,0,772,0,0.0,0.0,0.0,0.0,0.0,0.0,0.0,0.0,0.0,0.0,0.0,0.0
2026_1_JadonJanke_WR,2026_JadonJanke_WR,JadonJanke_WR,2026,1,2026-09-13,Jadon Janke,WR,GB,@MIN,1,0.0,0.0,0.0,0.0,0.0,0.0,0.0,0.0,0.0,0.0,0.0,0.0,0.0,0.0,0.0,0,773,0,0.0,0.0,0.0,0.0,0.0,0.0,0.0,0.0,0.0,0.0,0.0,0.0
2026_1_D'EriqKing_QB,2026_D'EriqKing_QB,D'EriqKing_QB,2026,1,2026-09-13,D'Eriq King,QB,CAR,CHI,26,0.0,0.0,0.0,0.0,0.0,0.0,0.0,0.0,0.0,0.0,0.0,0.0,0.0,0.0,0.0,0,214,0,0.0,0.0,0.0,0.0,0.0,0.0,0.0,0.0,0.0,0.0,0.0,0.0
2026_1_JordanMims_RB,2026_JordanMims_RB,JordanMims_RB,2026,1,2026-09-13,Jordan Mims,RB,MIN,GB,18,0.0,0.0,0.0,0.0,0.0,0.0,0.0,0.0,0.0,0.0,0.0,0.0,0.0,0.0,0.0,0,386,0,0.0,0.0,0.0,0.0,0.0,0.0,0.0,0.0,0.0,0.0,0.0,0.0
2026_1_AustinStogner_TE,2026_AustinStogner_TE,AustinStogner_TE,2026,1,2026-09-13,Austin Stogner,TE,ATL,@PIT,26,0.0,0.0,0.0,0.0,0.0,0.0,0.0,0.0,0.0,0.0,0.0,0.0,0.0,0.0,0.0,0,355,0,0.0,0.0,0.0,0.0,0.0,0.0,0.0,0.0,0.0,0.0,0.0,0.0
2026_1_ArtavisScott_WR,2026_ArtavisScott_WR,ArtavisScott_WR,2026,1,2026-09-13,Artavis Scott,WR,HOU,BUF,13,0.0,0.0,0.0,0.0,0.0,0.0,0.0,0.0,0.0,0.0,0.0,0.0,0.0,0.0,0.0,0,774,0,0.0,0.0,0.0,0.0,0.0,0.0,0.0,0.0,0.0,0.0,0.0,0.0
2026_1_LandonLenoir_WR,2026_LandonLenoir_WR,LandonLenoir_WR,2026,1,2026-09-13,Landon Lenoir,WR,CHI,@CAR,12,0.0,0.0,0.0,0.0,0.0,0.0,0.0,0.0,0.0,0.0,0.0,0.0,0.0,0.0,0.0,0,775,0,0.0,0.0,0.0,0.0,0.0,0.0,0.0,0.0,0.0,0.0,0.0,0.0
2026_1_TaylorElgersma_QB,2026_TaylorElgersma_QB,TaylorElgersma_QB,2026,1,2026-09-13,Taylor Elgersma,QB,GB,@MIN,1,0.0,0.0,0.0,0.0,0.0,0.0,0.0,0.0,0.0,0.0,0.0,0.0,0.0,0.0,0.0,0,215,0,0.0,0.0,0.0,0.0,0.0,0.0,0.0,0.0,0.0,0.0,0.0,0.0
2026_1_EricGray_RB,2026_EricGray_RB,EricGray_RB,2026,1,2026-09-13,Eric Gray,RB,NYG,DAL,27,0.0,0.0,0.0,0.0,0.0,0.0,0.0,0.0,0.0,0.0,0.0,0.0,0.0,0.0,0.0,0,387,0,0.0,0.0,0.0,0.0,0.0,0.0,0.0,0.0,0.0,0.0,0.0,0.0
2026_1_JashaunCorbin_RB,2026_JashaunCorbin_RB,JashaunCorbin_RB,2026,1,2026-09-13,Jashaun Corbin,RB,DAL,@NYG,28,0.0,0.0,0.0,0.0,0.0,0.0,0.0,0.0,0.0,0.0,0.0,0.0,0.0,0.0,0.0,0,388,0,0.0,0.0,0.0,0.0,0.0,0.0,0.0,0.0,0.0,0.0,0.0,0.0
2026_1_MasonTaylor_TE,2026_MasonTaylor_TE,MasonTaylor_TE,2026,1,2026-09-13,Mason Taylor,TE,NYJ,@TEN,21,0.0,0.0,0.0,0.0,0.0,0.0,0.0,0.0,0.0,0.0,0.0,0.0,0.0,0.0,0.0,0,356,0,0.0,0.0,0.0,0.0,0.0,0.0,0.0,0.0,0.0,0.0,0.0,0.0
2026_1_NickEubanks_TE,2026_NickEubanks_TE,NickEubanks_TE,2026,1,2026-09-13,Nick Eubanks,TE,IND,BAL,8,0.0,0.0,0.0,0.0,0.0,0.0,0.0,0.0,0.0,0.0,0.0,0.0,0.0,0.0,0.0,0,357,0,0.0,0.0,0.0,0.0,0.0,0.0,0.0,0.0,0.0,0.0,0.0,0.0
2026_1_JordanHudson_WR,2026_JordanHudson_WR,JordanHudson_WR,2026,1,2026-09-13,Jordan Hudson,WR,DAL,@NYG,23,0.0,0.0,0.0,0.0,0.0,0.0,0.0,0.0,0.0,0.0,0.0,0.0,0.0,0.0,0.0,0,776,0,0.0,0.0,0.0,0.0,0.0,0.0,0.0,0.0,0.0,0.0,0.0,0.0
2026_1_NickSharga_RB,2026_NickSharga_RB,NickSharga_RB,2026,1,2026-09-13,Nick Sharga,RB,LV,MIA,24,0.0,0.0,0.0,0.0,0.0,0.0,0.0,0.0,0.0,0.0,0.0,0.0,0.0,0.0,0.0,0,389,0,0.0,0.0,0.0,0.0,0.0,0.0,0.0,0.0,0.0,0.0,0.0,0.0
2026_1_KobePrentice_WR,2026_KobePrentice_WR,KobePrentice_WR,2026,1,2026-09-13,Kobe Prentice,WR,NE,@SEA,4,0.0,0.0,0.0,0.0,0.0,0.0,0.0,0.0,0.0,0.0,0.0,0.0,0.0,0.0,0.0,0,777,0,0.0,0.0,0.0,0.0,0.0,0.0,0.0,0.0,0.0,0.0,0.0,0.0
2026_1_DarekeYoung_WR,2026_DarekeYoung_WR,DarekeYoung_WR,2026,1,2026-09-13,Dareke Young,WR,LV,MIA,14,0.0,0.0,0.0,0.0,0.0,0.0,0.0,0.0,0.0,0.0,0.0,0.0,0.0,0.0,0.0,0,778,0,0.0,0.0,0.0,0.0,0.0,0.0,0.0,0.0,0.0,0.0,0.0,0.0
2026_1_IsiSofele_RB,2026_IsiSofele_RB,IsiSofele_RB,2026,1,2026-09-13,Isi Sofele,RB,FA,BYE,33,0.0,0.0,0.0,0.0,0.0,0.0,0.0,0.0,0.0,0.0,0.0,0.0,0.0,0.0,0.0,0,390,0,0.0,0.0,0.0,0.0,0.0,0.0,0.0,0.0,0.0,0.0,0.0,0.0
2026_1_TeddyBridgewater_QB,2026_TeddyBridgewater_QB,TeddyBridgewater_QB,2026,1,2026-09-13,Teddy Bridgewater,QB,DET,NO,6,0.0,0.0,0.0,0.0,0.0,0.0,0.0,0.0,0.0,0.0,0.0,0.0,0.0,0.0,0.0,0,216,0,0.0,0.0,0.0,0.0,0.0,0.0,0.0,0.0,0.0,0.0,0.0,0.0
2026_1_NateBoerkircher_TE,2026_NateBoerkircher_TE,NateBoerkircher_TE,2026,1,2026-09-13,Nate Boerkircher,TE,JAC,CLE,16,0.0,0.0,0.0,0.0,0.0,0.0,0.0,0.0,0.0,0.0,0.0,0.0,0.0,0.0,0.0,0,358,0,0.0,0.0,0.0,0.0,0.0,0.0,0.0,0.0,0.0,0.0,0.0,0.0
2026_1_JawharJordan_RB,2026_JawharJordan_RB,JawharJordan_RB,2026,1,2026-09-13,Jawhar Jordan,RB,HOU,BUF,25,0.0,0.0,0.0,0.0,0.0,0.0,0.0,0.0,0.0,0.0,0.0,0.0,0.0,0.0,0.0,0,391,0,0.0,0.0,0.0,0.0,0.0,0.0,0.0,0.0,0.0,0.0,0.0,0.0
2026_1_SavonScarver_WR,2026_SavonScarver_WR,SavonScarver_WR,2026,1,2026-09-13,Savon Scarver,WR,CHI,@CAR,12,0.0,0.0,0.0,0.0,0.0,0.0,0.0,0.0,0.0,0.0,0.0,0.0,0.0,0.0,0.0,0,779,0,0.0,0.0,0.0,0.0,0.0,0.0,0.0,0.0,0.0,0.0,0.0,0.0
2026_1_KylePitts_TE,2026_KylePitts_TE,KylePitts_TE,2026,1,2026-09-13,Kyle Pitts,TE,ATL,@PIT,26,0.0,0.0,0.0,0.0,0.0,0.0,0.0,0.0,0.0,0.0,0.0,0.0,0.0,0.0,0.0,0,359,0,0.0,0.0,0.0,0.0,0.0,0.0,0.0,0.0,0.0,0.0,0.0,0.0
2026_1_ThyrickPitts_WR,2026_ThyrickPitts_WR,ThyrickPitts_WR,2026,1,2026-09-13,Thyrick Pitts,WR,GB,@MIN,1,0.0,0.0,0.0,0.0,0.0,0.0,0.0,0.0,0.0,0.0,0.0,0.0,0.0,0.0,0.0,0,780,0,0.0,0.0,0.0,0.0,0.0,0.0,0.0,0.0,0.0,0.0,0.0,0.0
2026_1_MyColePruitt_TE,2026_MyColePruitt_TE,MyColePruitt_TE,2026,1,2026-09-13,MyCole Pruitt,TE,PIT,ATL,5,0.0,0.0,0.0,0.0,0.0,0.0,0.0,0.0,0.0,0.0,0.0,0.0,0.0,0.0,0.0,0,360,0,0.0,0.0,0.0,0.0,0.0,0.0,0.0,0.0,0.0,0.0,0.0,0.0
2026_1_NoahThomas_WR,2026_NoahThomas_WR,NoahThomas_WR,2026,1,2026-09-13,Noah Thomas,WR,CIN,TB,18,0.0,0.0,0.0,0.0,0.0,0.0,0.0,0.0,0.0,0.0,0.0,0.0,0.0,0.0,0.0,0,781,0,0.0,0.0,0.0,0.0,0.0,0.0,0.0,0.0,0.0,0.0,0.0,0.0
2026_1_NickFitzgerald_QB,2026_NickFitzgerald_QB,NickFitzgerald_QB,2026,1,2026-09-13,Nick Fitzgerald,QB,TB,@CIN,27,0.0,0.0,0.0,0.0,0.0,0.0,0.0,0.0,0.0,0.0,0.0,0.0,0.0,0.0,0.0,0,217,0,0.0,0.0,0.0,0.0,0.0,0.0,0.0,0.0,0.0,0.0,0.0,0.0
2026_1_QuinnEwers_QB,2026_QuinnEwers_QB,QuinnEwers_QB,2026,1,2026-09-13,Quinn Ewers,QB,MIA,@LV,14,0.0,0.0,0.0,0.0,0.0,0.0,0.0,0.0,0.0,0.0,0.0,0.0,0.0,0.0,0.0,0,218,0,0.0,0.0,0.0,0.0,0.0,0.0,0.0,0.0,0.0,0.0,0.0,0.0
2026_1_JarquezHunter_RB,2026_JarquezHunter_RB,JarquezHunter_RB,2026,1,2026-09-13,Jarquez Hunter,RB,LAR,SF,22,0.0,0.0,0.0,0.0,0.0,0.0,0.0,0.0,0.0,0.0,0.0,0.0,0.0,0.0,0.0,0,392,0,0.0,0.0,0.0,0.0,0.0,0.0,0.0,0.0,0.0,0.0,0.0,0.0
2026_1_JoshReynolds_WR,2026_JoshReynolds_WR,JoshReynolds_WR,2026,1,2026-09-13,Josh Reynolds,WR,NYJ,@TEN,29,0.0,0.0,0.0,0.0,0.0,0.0,0.0,0.0,0.0,0.0,0.0,0.0,0.0,0.0,0.0,0,782,0,0.0,0.0,0.0,0.0,0.0,0.0,0.0,0.0,0.0,0.0,0.0,0.0
2026_1_XavierGuillory_WR,2026_XavierGuillory_WR,XavierGuillory_WR,2026,1,2026-09-13,Xavier Guillory,WR,BAL,@IND,27,0.0,0.0,0.0,0.0,0.0,0.0,0.0,0.0,0.0,0.0,0.0,0.0,0.0,0.0,0.0,0,783,0,0.0,0.0,0.0,0.0,0.0,0.0,0.0,0.0,0.0,0.0,0.0,0.0
2026_1_JamesBlackman_QB,2026_JamesBlackman_QB,JamesBlackman_QB,2026,1,2026-09-13,James Blackman,QB,MIA,@LV,14,0.0,0.0,0.0,0.0,0.0,0.0,0.0,0.0,0.0,0.0,0.0,0.0,0.0,0.0,0.0,0,219,0,0.0,0.0,0.0,0.0,0.0,0.0,0.0,0.0,0.0,0.0,0.0,0.0
2026_1_JermaineBurton_WR,2026_JermaineBurton_WR,JermaineBurton_WR,2026,1,2026-09-13,Jermaine Burton,WR,CIN,TB,18,0.0,0.0,0.0,0.0,0.0,0.0,0.0,0.0,0.0,0.0,0.0,0.0,0.0,0.0,0.0,0,784,0,0.0,0.0,0.0,0.0,0.0,0.0,0.0,0.0,0.0,0.0,0.0,0.0
2026_1_WillKacmarek_TE,2026_WillKacmarek_TE,WillKacmarek_TE,2026,1,2026-09-13,Will Kacmarek,TE,MIA,@LV,3,0.0,0.0,0.0,0.0,0.0,0.0,0.0,0.0,0.0,0.0,0.0,0.0,0.0,0.0,0.0,0,361,0,0.0,0.0,0.0,0.0,0.0,0.0,0.0,0.0,0.0,0.0,0.0,0.0
2026_1_JoelWilson_TE,2026_JoelWilson_TE,JoelWilson_TE,2026,1,2026-09-13,Joel Wilson,TE,TEN,NYJ,28,0.0,0.0,0.0,0.0,0.0,0.0,0.0,0.0,0.0,0.0,0.0,0.0,0.0,0.0,0.0,0,362,0,0.0,0.0,0.0,0.0,0.0,0.0,0.0,0.0,0.0,0.0,0.0,0.0
2026_1_GerridDoaks_RB,2026_GerridDoaks_RB,GerridDoaks_RB,2026,1,2026-09-13,Gerrid Doaks,RB,HOU,BUF,25,0.0,0.0,0.0,0.0,0.0,0.0,0.0,0.0,0.0,0.0,0.0,0.0,0.0,0.0,0.0,0,393,0,0.0,0.0,0.0,0.0,0.0,0.0,0.0,0.0,0.0,0.0,0.0,0.0
2026_1_KodyCase_WR,2026_KodyCase_WR,KodyCase_WR,2026,1,2026-09-13,Kody Case,WR,IND,BAL,25,0.0,0.0,0.0,0.0,0.0,0.0,0.0,0.0,0.0,0.0,0.0,0.0,0.0,0.0,0.0,0,785,0,0.0,0.0,0.0,0.0,0.0,0.0,0.0,0.0,0.0,0.0,0.0,0.0
2026_1_EvanEngram_TE,2026_EvanEngram_TE,EvanEngram_TE,2026,1,2026-09-13,Evan Engram,TE,DEN,@KC,6,0.0,0.0,0.0,0.0,0.0,0.0,0.0,0.0,0.0,0.0,0.0,0.0,0.0,0.0,0.0,0,363,0,0.0,0.0,0.0,0.0,0.0,0.0,0.0,0.0,0.0,0.0,0.0,0.0
2026_1_JohnHurst_WR,2026_JohnHurst_WR,JohnHurst_WR,2026,1,2026-09-13,John Hurst,WR,IND,BAL,25,0.0,0.0,0.0,0.0,0.0,0.0,0.0,0.0,0.0,0.0,0.0,0.0,0.0,0.0,0.0,0,786,0,0.0,0.0,0.0,0.0,0.0,0.0,0.0,0.0,0.0,0.0,0.0,0.0
2026_1_JordanWaters_RB,2026_JordanWaters_RB,JordanWaters_RB,2026,1,2026-09-13,Jordan Waters,RB,LAR,SF,22,0.0,0.0,0.0,0.0,0.0,0.0,0.0,0.0,0.0,0.0,0.0,0.0,0.0,0.0,0.0,0,394,0,0.0,0.0,0.0,0.0,0.0,0.0,0.0,0.0,0.0,0.0,0.0,0.0
2026_1_ReggieWhite_WR,2026_ReggieWhite_WR,ReggieWhite_WR,2026,1,2026-09-13,Reggie White,WR,NYG,DAL,32,0.0,0.0,0.0,0.0,0.0,0.0,0.0,0.0,0.0,0.0,0.0,0.0,0.0,0.0,0.0,0,787,0,0.0,0.0,0.0,0.0,0.0,0.0,0.0,0.0,0.0,0.0,0.0,0.0
2026_1_MontorieFoster_WR,2026_MontorieFoster_WR,MontorieFoster_WR,2026,1,2026-09-13,Montorie Foster,WR,SEA,NE,11,0.0,0.0,0.0,0.0,0.0,0.0,0.0,0.0,0.0,0.0,0.0,0.0,0.0,0.0,0.0,0,788,0,0.0,0.0,0.0,0.0,0.0,0.0,0.0,0.0,0.0,0.0,0.0,0.0
2026_1_IsiahPacheco_RB,2026_IsiahPacheco_RB,IsiahPacheco_RB,2026,1,2026-09-13,Isiah Pacheco,RB,DET,NO,20,0.0,0.0,0.0,0.0,0.0,0.0,0.0,0.0,0.0,0.0,0.0,0.0,0.0,0.0,0.0,0,395,0,0.0,0.0,0.0,0.0,0.0,0.0,0.0,0.0,0.0,0.0,0.0,0.0
2026_1_BritainCovey_WR,2026_BritainCovey_WR,BritainCovey_WR,2026,1,2026-09-13,Britain Covey,WR,PHI,WAS,28,0.0,0.0,0.0,0.0,0.0,0.0,0.0,0.0,0.0,0.0,0.0,0.0,0.0,0.0,0.0,0,789,0,0.0,0.0,0.0,0.0,0.0,0.0,0.0,0.0,0.0,0.0,0.0,0.0
2026_1_AmeerAbdullah_RB,2026_AmeerAbdullah_RB,AmeerAbdullah_RB,2026,1,2026-09-13,Ameer Abdullah,RB,JAC,CLE,14,0.0,0.0,0.0,0.0,0.0,0.0,0.0,0.0,0.0,0.0,0.0,0.0,0.0,0.0,0.0,0,396,0,0.0,0.0,0.0,0.0,0.0,0.0,0.0,0.0,0.0,0.0,0.0,0.0
2026_1_QuinshonJudkins_RB,2026_QuinshonJudkins_RB,QuinshonJudkins_RB,2026,1,2026-09-13,Quinshon Judkins,RB,CLE,@JAC,1,0.0,0.0,0.0,0.0,0.0,0.0,0.0,0.0,0.0,0.0,0.0,0.0,0.0,0.0,0.0,0,397,0,0.0,0.0,0.0,0.0,0.0,0.0,0.0,0.0,0.0,0.0,0.0,0.0
2026_1_TreMosley_WR,2026_TreMosley_WR,TreMosley_WR,2026,1,2026-09-13,Tre Mosley,WR,CIN,TB,18,0.0,0.0,0.0,0.0,0.0,0.0,0.0,0.0,0.0,0.0,0.0,0.0,0.0,0.0,0.0,0,790,0,0.0,0.0,0.0,0.0,0.0,0.0,0.0,0.0,0.0,0.0,0.0,0.0
2026_1_SamoriToure_WR,2026_SamoriToure_WR,SamoriToure_WR,2026,1,2026-09-13,Samori Toure,WR,PHI,WAS,28,0.0,0.0,0.0,0.0,0.0,0.0,0.0,0.0,0.0,0.0,0.0,0.0,0.0,0.0,0.0,0,791,0,0.0,0.0,0.0,0.0,0.0,0.0,0.0,0.0,0.0,0.0,0.0,0.0
2026_1_AmbaEtta-Tawo_WR,2026_AmbaEtta-Tawo_WR,AmbaEtta-Tawo_WR,2026,1,2026-09-13,Amba Etta-Tawo,WR,HOU,BUF,13,0.0,0.0,0.0,0.0,0.0,0.0,0.0,0.0,0.0,0.0,0.0,0.0,0.0,0.0,0.0,0,792,0,0.0,0.0,0.0,0.0,0.0,0.0,0.0,0.0,0.0,0.0,0.0,0.0
2026_1_HunterLong_TE,2026_HunterLong_TE,HunterLong_TE,2026,1,2026-09-13,Hunter Long,TE,JAC,CLE,16,0.0,0.0,0.0,0.0,0.0,0.0,0.0,0.0,0.0,0.0,0.0,0.0,0.0,0.0,0.0,0,364,0,0.0,0.0,0.0,0.0,0.0,0.0,0.0,0.0,0.0,0.0,0.0,0.0
2026_1_JavonBaker_WR,2026_JavonBaker_WR,JavonBaker_WR,2026,1,2026-09-13,Javon Baker,WR,SF,@LAR,24,0.0,0.0,0.0,0.0,0.0,0.0,0.0,0.0,0.0,0.0,0.0,0.0,0.0,0.0,0.0,0,793,0,0.0,0.0,0.0,0.0,0.0,0.0,0.0,0.0,0.0,0.0,0.0,0.0
2026_1_NealJohnson_TE,2026_NealJohnson_TE,NealJohnson_TE,2026,1,2026-09-13,Neal Johnson,TE,NYJ,@TEN,21,0.0,0.0,0.0,0.0,0.0,0.0,0.0,0.0,0.0,0.0,0.0,0.0,0.0,0.0,0.0,0,365,0,0.0,0.0,0.0,0.0,0.0,0.0,0.0,0.0,0.0,0.0,0.0,0.0
2026_1_MauriceAlexander_WR,2026_MauriceAlexander_WR,MauriceAlexander_WR,2026,1,2026-09-13,Maurice Alexander,WR,CHI,@CAR,12,0.0,0.0,0.0,0.0,0.0,0.0,0.0,0.0,0.0,0.0,0.0,0.0,0.0,0.0,0.0,0,794,0,0.0,0.0,0.0,0.0,0.0,0.0,0.0,0.0,0.0,0.0,0.0,0.0
2026_1_JordanAddison_WR,2026_JordanAddison_WR,JordanAddison_WR,2026,1,2026-09-13,Jordan Addison,WR,MIN,GB,21,0.0,0.0,0.0,0.0,0.0,0.0,0.0,0.0,0.0,0.0,0.0,0.0,0.0,0.0,0.0,0,795,0,0.0,0.0,0.0,0.0,0.0,0.0,0.0,0.0,0.0,0.0,0.0,0.0
2026_1_CadeBrewer_TE,2026_CadeBrewer_TE,CadeBrewer_TE,2026,1,2026-09-13,Cade Brewer,TE,SEA,NE,17,0.0,0.0,0.0,0.0,0.0,0.0,0.0,0.0,0.0,0.0,0.0,0.0,0.0,0.0,0.0,0,366,0,0.0,0.0,0.0,0.0,0.0,0.0,0.0,0.0,0.0,0.0,0.0,0.0
2026_1_GeoffSwaim_TE,2026_GeoffSwaim_TE,GeoffSwaim_TE,2026,1,2026-09-13,Geoff Swaim,TE,CLE,@JAC,23,0.0,0.0,0.0,0.0,0.0,0.0,0.0,0.0,0.0,0.0,0.0,0.0,0.0,0.0,0.0,0,367,0,0.0,0.0,0.0,0.0,0.0,0.0,0.0,0.0,0.0,0.0,0.0,0.0
2026_1_ShunDerrickPowell_RB,2026_ShunDerrickPowell_RB,ShunDerrickPowell_RB,2026,1,2026-09-13,ShunDerrick Powell,RB,KC,DEN,3,0.0,0.0,0.0,0.0,0.0,0.0,0.0,0.0,0.0,0.0,0.0,0.0,0.0,0.0,0.0,0,398,0,0.0,0.0,0.0,0.0,0.0,0.0,0.0,0.0,0.0,0.0,0.0,0.0
2026_1_JosephManjack_WR,2026_JosephManjack_WR,JosephManjack_WR,2026,1,2026-09-13,Joseph Manjack,WR,DEN,@KC,6,0.0,0.0,0.0,0.0,0.0,0.0,0.0,0.0,0.0,0.0,0.0,0.0,0.0,0.0,0.0,0,796,0,0.0,0.0,0.0,0.0,0.0,0.0,0.0,0.0,0.0,0.0,0.0,0.0
2026_1_TyreikMcAllister_RB,2026_TyreikMcAllister_RB,TyreikMcAllister_RB,2026,1,2026-09-13,Tyreik McAllister,RB,LV,MIA,24,0.0,0.0,0.0,0.0,0.0,0.0,0.0,0.0,0.0,0.0,0.0,0.0,0.0,0.0,0.0,0,399,0,0.0,0.0,0.0,0.0,0.0,0.0,0.0,0.0,0.0,0.0,0.0,0.0
2026_1_TyshaunJames_WR,2026_TyshaunJames_WR,TyshaunJames_WR,2026,1,2026-09-13,Tyshaun James,WR,ATL,@PIT,26,0.0,0.0,0.0,0.0,0.0,0.0,0.0,0.0,0.0,0.0,0.0,0.0,0.0,0.0,0.0,0,797,0,0.0,0.0,0.0,0.0,0.0,0.0,0.0,0.0,0.0,0.0,0.0,0.0
2026_1_MilesKitselman_TE,2026_MilesKitselman_TE,MilesKitselman_TE,2026,1,2026-09-13,Miles Kitselman,TE,DET,NO,15,0.0,0.0,0.0,0.0,0.0,0.0,0.0,0.0,0.0,0.0,0.0,0.0,0.0,0.0,0.0,0,368,0,0.0,0.0,0.0,0.0,0.0,0.0,0.0,0.0,0.0,0.0,0.0,0.0
2026_1_JasonBrownlee_WR,2026_JasonBrownlee_WR,JasonBrownlee_WR,2026,1,2026-09-13,Jason Brownlee,WR,KC,DEN,2,0.0,0.0,0.0,0.0,0.0,0.0,0.0,0.0,0.0,0.0,0.0,0.0,0.0,0.0,0.0,0,798,0,0.0,0.0,0.0,0.0,0.0,0.0,0.0,0.0,0.0,0.0,0.0,0.0
2026_1_LandonParker_WR,2026_LandonParker_WR,LandonParker_WR,2026,1,2026-09-13,Landon Parker,WR,IND,BAL,25,0.0,0.0,0.0,0.0,0.0,0.0,0.0,0.0,0.0,0.0,0.0,0.0,0.0,0.0,0.0,0,799,0,0.0,0.0,0.0,0.0,0.0,0.0,0.0,0.0,0.0,0.0,0.0,0.0
2026_1_GunnarOakes_TE,2026_GunnarOakes_TE,GunnarOakes_TE,2026,1,2026-09-13,Gunnar Oakes,TE,DET,NO,15,0.0,0.0,0.0,0.0,0.0,0.0,0.0,0.0,0.0,0.0,0.0,0.0,0.0,0.0,0.0,0,369,0,0.0,0.0,0.0,0.0,0.0,0.0,0.0,0.0,0.0,0.0,0.0,0.0
2026_1_DerrickDillon_WR,2026_DerrickDillon_WR,DerrickDillon_WR,2026,1,2026-09-13,Derrick Dillon,WR,CLE,@JAC,15,0.0,0.0,0.0,0.0,0.0,0.0,0.0,0.0,0.0,0.0,0.0,0.0,0.0,0.0,0.0,0,800,0,0.0,0.0,0.0,0.0,0.0,0.0,0.0,0.0,0.0,0.0,0.0,0.0
2026_1_HakeemButler_TE,2026_HakeemButler_TE,HakeemButler_TE,2026,1,2026-09-13,Hakeem Butler,TE,DEN,@KC,6,0.0,0.0,0.0,0.0,0.0,0.0,0.0,0.0,0.0,0.0,0.0,0.0,0.0,0.0,0.0,0,370,0,0.0,0.0,0.0,0.0,0.0,0.0,0.0,0.0,0.0,0.0,0.0,0.0
2026_1_MarcusMajor_RB,2026_MarcusMajor_RB,MarcusMajor_RB,2026,1,2026-09-13,Marcus Major,RB,BAL,@IND,11,0.0,0.0,0.0,0.0,0.0,0.0,0.0,0.0,0.0,0.0,0.0,0.0,0.0,0.0,0.0,0,400,0,0.0,0.0,0.0,0.0,0.0,0.0,0.0,0.0,0.0,0.0,0.0,0.0
2026_1_AJRichardson_WR,2026_AJRichardson_WR,AJRichardson_WR,2026,1,2026-09-13,AJ Richardson,WR,ARI,@LAC,3,0.0,0.0,0.0,0.0,0.0,0.0,0.0,0.0,0.0,0.0,0.0,0.0,0.0,0.0,0.0,0,801,0,0.0,0.0,0.0,0.0,0.0,0.0,0.0,0.0,0.0,0.0,0.0,0.0
2026_1_ReggieGilliam_RB,2026_ReggieGilliam_RB,ReggieGilliam_RB,2026,1,2026-09-13,Reggie Gilliam,RB,NE,@SEA,4,0.0,0.0,0.0,0.0,0.0,0.0,0.0,0.0,0.0,0.0,0.0,0.0,0.0,0.0,0.0,0,401,0,0.0,0.0,0.0,0.0,0.0,0.0,0.0,0.0,0.0,0.0,0.0,0.0
2026_1_TJRahming_WR,2026_TJRahming_WR,TJRahming_WR,2026,1,2026-09-13,TJ Rahming,WR,MIA,@LV,20,0.0,0.0,0.0,0.0,0.0,0.0,0.0,0.0,0.0,0.0,0.0,0.0,0.0,0.0,0.0,0,802,0,0.0,0.0,0.0,0.0,0.0,0.0,0.0,0.0,0.0,0.0,0.0,0.0
2026_1_LeonardTaylor_TE,2026_LeonardTaylor_TE,LeonardTaylor_TE,2026,1,2026-09-13,Leonard Taylor,TE,JAC,CLE,16,0.0,0.0,0.0,0.0,0.0,0.0,0.0,0.0,0.0,0.0,0.0,0.0,0.0,0.0,0.0,0,371,0,0.0,0.0,0.0,0.0,0.0,0.0,0.0,0.0,0.0,0.0,0.0,0.0
2026_1_EthanConner_TE,2026_EthanConner_TE,EthanConner_TE,2026,1,2026-09-13,Ethan Conner,TE,JAC,CLE,16,0.0,0.0,0.0,0.0,0.0,0.0,0.0,0.0,0.0,0.0,0.0,0.0,0.0,0.0,0.0,0,372,0,0.0,0.0,0.0,0.0,0.0,0.0,0.0,0.0,0.0,0.0,0.0,0.0
2026_1_AnthonyGordon_QB,2026_AnthonyGordon_QB,AnthonyGordon_QB,2026,1,2026-09-13,Anthony Gordon,QB,KC,DEN,13,0.0,0.0,0.0,0.0,0.0,0.0,0.0,0.0,0.0,0.0,0.0,0.0,0.0,0.0,0.0,0,220,0,0.0,0.0,0.0,0.0,0.0,0.0,0.0,0.0,0.0,0.0,0.0,0.0
2026_1_AndyIsabella_WR,2026_AndyIsabella_WR,AndyIsabella_WR,2026,1,2026-09-13,Andy Isabella,WR,SF,@LAR,24,0.0,0.0,0.0,0.0,0.0,0.0,0.0,0.0,0.0,0.0,0.0,0.0,0.0,0.0,0.0,0,803,0,0.0,0.0,0.0,0.0,0.0,0.0,0.0,0.0,0.0,0.0,0.0,0.0
2026_1_RoschonJohnson_RB,2026_RoschonJohnson_RB,RoschonJohnson_RB,2026,1,2026-09-13,Roschon Johnson,RB,CHI,@CAR,23,0.0,0.0,0.0,0.0,0.0,0.0,0.0,0.0,0.0,0.0,0.0,0.0,0.0,0.0,0.0,0,402,0,0.0,0.0,0.0,0.0,0.0,0.0,0.0,0.0,0.0,0.0,0.0,0.0
2026_1_StefonDiggs_WR,2026_StefonDiggs_WR,StefonDiggs_WR,2026,1,2026-09-13,Stefon Diggs,WR,WAS,@PHI,8,0.0,0.0,0.0,0.0,0.0,0.0,0.0,0.0,0.0,0.0,0.0,0.0,0.0,0.0,0.0,0,804,0,0.0,0.0,0.0,0.0,0.0,0.0,0.0,0.0,0.0,0.0,0.0,0.0
2026_1_JayRome_TE,2026_JayRome_TE,JayRome_TE,2026,1,2026-09-13,Jay Rome,TE,PIT,ATL,5,0.0,0.0,0.0,0.0,0.0,0.0,0.0,0.0,0.0,0.0,0.0,0.0,0.0,0.0,0.0,0,373,0,0.0,0.0,0.0,0.0,0.0,0.0,0.0,0.0,0.0,0.0,0.0,0.0
2026_1_DemarioDouglas_WR,2026_DemarioDouglas_WR,DemarioDouglas_WR,2026,1,2026-09-13,Demario Douglas,WR,NE,@SEA,4,0.0,0.0,0.0,0.0,0.0,0.0,0.0,0.0,0.0,0.0,0.0,0.0,0.0,0.0,0.0,0,805,0,0.0,0.0,0.0,0.0,0.0,0.0,0.0,0.0,0.0,0.0,0.0,0.0
2026_1_KimaniVidal_RB,2026_KimaniVidal_RB,KimaniVidal_RB,2026,1,2026-09-13,Kimani Vidal,RB,LAC,ARI,30,0.0,0.0,0.0,0.0,0.0,0.0,0.0,0.0,0.0,0.0,0.0,0.0,0.0,0.0,0.0,0,403,0,0.0,0.0,0.0,0.0,0.0,0.0,0.0,0.0,0.0,0.0,0.0,0.0
2026_1_JakeFromm_QB,2026_JakeFromm_QB,JakeFromm_QB,2026,1,2026-09-13,Jake Fromm,QB,DET,NO,6,0.0,0.0,0.0,0.0,0.0,0.0,0.0,0.0,0.0,0.0,0.0,0.0,0.0,0.0,0.0,0,221,0,0.0,0.0,0.0,0.0,0.0,0.0,0.0,0.0,0.0,0.0,0.0,0.0
2026_1_JazzFerguson_WR,2026_JazzFerguson_WR,JazzFerguson_WR,2026,1,2026-09-13,Jazz Ferguson,WR,SEA,NE,11,0.0,0.0,0.0,0.0,0.0,0.0,0.0,0.0,0.0,0.0,0.0,0.0,0.0,0.0,0.0,0,806,0,0.0,0.0,0.0,0.0,0.0,0.0,0.0,0.0,0.0,0.0,0.0,0.0
2026_1_JequezEzzard_WR,2026_JequezEzzard_WR,JequezEzzard_WR,2026,1,2026-09-13,Jequez Ezzard,WR,WAS,@PHI,8,0.0,0.0,0.0,0.0,0.0,0.0,0.0,0.0,0.0,0.0,0.0,0.0,0.0,0.0,0.0,0,807,0,0.0,0.0,0.0,0.0,0.0,0.0,0.0,0.0,0.0,0.0,0.0,0.0
2026_1_TylerDavis_TE,2026_TylerDavis_TE,TylerDavis_TE,2026,1,2026-09-13,Tyler Davis,TE,NE,@SEA,20,0.0,0.0,0.0,0.0,0.0,0.0,0.0,0.0,0.0,0.0,0.0,0.0,0.0,0.0,0.0,0,374,0,0.0,0.0,0.0,0.0,0.0,0.0,0.0,0.0,0.0,0.0,0.0,0.0
2026_1_RaheemMostert_RB,2026_RaheemMostert_RB,RaheemMostert_RB,2026,1,2026-09-13,Raheem Mostert,RB,LV,MIA,24,0.0,0.0,0.0,0.0,0.0,0.0,0.0,0.0,0.0,0.0,0.0,0.0,0.0,0.0,0.0,0,404,0,0.0,0.0,0.0,0.0,0.0,0.0,0.0,0.0,0.0,0.0,0.0,0.0
2026_1_CadeStover_TE,2026_CadeStover_TE,CadeStover_TE,2026,1,2026-09-13,Cade Stover,TE,HOU,BUF,2,0.0,0.0,0.0,0.0,0.0,0.0,0.0,0.0,0.0,0.0,0.0,0.0,0.0,0.0,0.0,0,375,0,0.0,0.0,0.0,0.0,0.0,0.0,0.0,0.0,0.0,0.0,0.0,0.0
2026_1_BauerSharp_TE,2026_BauerSharp_TE,BauerSharp_TE,2026,1,2026-09-13,Bauer Sharp,TE,TB,@CIN,32,0.0,0.0,0.0,0.0,0.0,0.0,0.0,0.0,0.0,0.0,0.0,0.0,0.0,0.0,0.0,0,376,0,0.0,0.0,0.0,0.0,0.0,0.0,0.0,0.0,0.0,0.0,0.0,0.0
2026_1_SalvonAhmed_RB,2026_SalvonAhmed_RB,SalvonAhmed_RB,2026,1,2026-09-13,Salvon Ahmed,RB,CHI,@CAR,23,0.0,0.0,0.0,0.0,0.0,0.0,0.0,0.0,0.0,0.0,0.0,0.0,0.0,0.0,0.0,0,405,0,0.0,0.0,0.0,0.0,0.0,0.0,0.0,0.0,0.0,0.0,0.0,0.0
2026_1_DrewLock_QB,2026_DrewLock_QB,DrewLock_QB,2026,1,2026-09-13,Drew Lock,QB,SEA,NE,5,0.0,0.0,0.0,0.0,0.0,0.0,0.0,0.0,0.0,0.0,0.0,0.0,0.0,0.0,0.0,0,222,0,0.0,0.0,0.0,0.0,0.0,0.0,0.0,0.0,0.0,0.0,0.0,0.0
2026_1_DaytonWade_WR,2026_DaytonWade_WR,DaytonWade_WR,2026,1,2026-09-13,Dayton Wade,WR,BAL,@IND,27,0.0,0.0,0.0,0.0,0.0,0.0,0.0,0.0,0.0,0.0,0.0,0.0,0.0,0.0,0.0,0,808,0,0.0,0.0,0.0,0.0,0.0,0.0,0.0,0.0,0.0,0.0,0.0,0.0
2026_1_KennyMcIntosh_RB,2026_KennyMcIntosh_RB,KennyMcIntosh_RB,2026,1,2026-09-13,Kenny McIntosh,RB,SEA,NE,2,0.0,0.0,0.0,0.0,0.0,0.0,0.0,0.0,0.0,0.0,0.0,0.0,0.0,0.0,0.0,0,406,0,0.0,0.0,0.0,0.0,0.0,0.0,0.0,0.0,0.0,0.0,0.0,0.0
2026_1_JaVontaPayton_WR,2026_JaVontaPayton_WR,JaVontaPayton_WR,2026,1,2026-09-13,JaVonta Payton,WR,ARI,@LAC,3,0.0,0.0,0.0,0.0,0.0,0.0,0.0,0.0,0.0,0.0,0.0,0.0,0.0,0.0,0.0,0,809,0,0.0,0.0,0.0,0.0,0.0,0.0,0.0,0.0,0.0,0.0,0.0,0.0
2026_1_BrockBowers_TE,2026_BrockBowers_TE,BrockBowers_TE,2026,1,2026-09-13,Brock Bowers,TE,LV,MIA,29,0.0,0.0,0.0,0.0,0.0,0.0,0.0,0.0,0.0,0.0,0.0,0.0,0.0,0.0,0.0,0,377,0,0.0,0.0,0.0,0.0,0.0,0.0,0.0,0.0,0.0,0.0,0.0,0.0
2026_1_CamdenBrown_WR,2026_CamdenBrown_WR,CamdenBrown_WR,2026,1,2026-09-13,Camden Brown,WR,DAL,@NYG,23,0.0,0.0,0.0,0.0,0.0,0.0,0.0,0.0,0.0,0.0,0.0,0.0,0.0,0.0,0.0,0,810,0,0.0,0.0,0.0,0.0,0.0,0.0,0.0,0.0,0.0,0.0,0.0,0.0
2026_1_IsaacGuerendo_RB,2026_IsaacGuerendo_RB,IsaacGuerendo_RB,2026,1,2026-09-13,Isaac Guerendo,RB,SF,@LAR,10,0.0,0.0,0.0,0.0,0.0,0.0,0.0,0.0,0.0,0.0,0.0,0.0,0.0,0.0,0.0,0,407,0,0.0,0.0,0.0,0.0,0.0,0.0,0.0,0.0,0.0,0.0,0.0,0.0
2026_1_AlexWesley_WR,2026_AlexWesley_WR,AlexWesley_WR,2026,1,2026-09-13,Alex Wesley,WR,CHI,@CAR,12,0.0,0.0,0.0,0.0,0.0,0.0,0.0,0.0,0.0,0.0,0.0,0.0,0.0,0.0,0.0,0,811,0,0.0,0.0,0.0,0.0,0.0,0.0,0.0,0.0,0.0,0.0,0.0,0.0
2026_1_XavierWorthy_WR,2026_XavierWorthy_WR,XavierWorthy_WR,2026,1,2026-09-13,Xavier Worthy,WR,KC,DEN,2,0.0,0.0,0.0,0.0,0.0,0.0,0.0,0.0,0.0,0.0,0.0,0.0,0.0,0.0,0.0,0,812,0,0.0,0.0,0.0,0.0,0.0,0.0,0.0,0.0,0.0,0.0,0.0,0.0
2026_1_ZachariahBranch_WR,2026_ZachariahBranch_WR,ZachariahBranch_WR,2026,1,2026-09-13,Zachariah Branch,WR,ATL,@PIT,26,0.0,0.0,0.0,0.0,0.0,0.0,0.0,0.0,0.0,0.0,0.0,0.0,0.0,0.0,0.0,0,813,0,0.0,0.0,0.0,0.0,0.0,0.0,0.0,0.0,0.0,0.0,0.0,0.0
2026_1_KadeWarner_WR,2026_KadeWarner_WR,KadeWarner_WR,2026,1,2026-09-13,Kade Warner,WR,TB,@CIN,9,0.0,0.0,0.0,0.0,0.0,0.0,0.0,0.0,0.0,0.0,0.0,0.0,0.0,0.0,0.0,0,814,0,0.0,0.0,0.0,0.0,0.0,0.0,0.0,0.0,0.0,0.0,0.0,0.0
2026_1_GiovanniRicci_TE,2026_GiovanniRicci_TE,GiovanniRicci_TE,2026,1,2026-09-13,Giovanni Ricci,TE,DET,NO,15,0.0,0.0,0.0,0.0,0.0,0.0,0.0,0.0,0.0,0.0,0.0,0.0,0.0,0.0,0.0,0,378,0,0.0,0.0,0.0,0.0,0.0,0.0,0.0,0.0,0.0,0.0,0.0,0.0
2026_1_TreHarbison_RB,2026_TreHarbison_RB,TreHarbison_RB,2026,1,2026-09-13,Tre Harbison,RB,CLE,@JAC,1,0.0,0.0,0.0,0.0,0.0,0.0,0.0,0.0,0.0,0.0,0.0,0.0,0.0,0.0,0.0,0,408,0,0.0,0.0,0.0,0.0,0.0,0.0,0.0,0.0,0.0,0.0,0.0,0.0
2026_1_JaleelMcLaughlin_RB,2026_JaleelMcLaughlin_RB,JaleelMcLaughlin_RB,2026,1,2026-09-13,Jaleel McLaughlin,RB,DEN,@KC,6,0.0,0.0,0.0,0.0,0.0,0.0,0.0,0.0,0.0,0.0,0.0,0.0,0.0,0.0,0.0,0,409,0,0.0,0.0,0.0,0.0,0.0,0.0,0.0,0.0,0.0,0.0,0.0,0.0
2026_1_JordanMoore_WR,2026_JordanMoore_WR,JordanMoore_WR,2026,1,2026-09-13,Jordan Moore,WR,CIN,TB,18,0.0,0.0,0.0,0.0,0.0,0.0,0.0,0.0,0.0,0.0,0.0,0.0,0.0,0.0,0.0,0,815,0,0.0,0.0,0.0,0.0,0.0,0.0,0.0,0.0,0.0,0.0,0.0,0.0
2026_1_KetronJackson_WR,2026_KetronJackson_WR,KetronJackson_WR,2026,1,2026-09-13,Ketron Jackson,WR,LV,MIA,14,0.0,0.0,0.0,0.0,0.0,0.0,0.0,0.0,0.0,0.0,0.0,0.0,0.0,0.0,0.0,0,816,0,0.0,0.0,0.0,0.0,0.0,0.0,0.0,0.0,0.0,0.0,0.0,0.0
2026_1_MarcusSantos-Silva_TE,2026_MarcusSantos-Silva_TE,MarcusSantos-Silva_TE,2026,1,2026-09-13,Marcus Santos-Silva,TE,CLE,@JAC,23,0.0,0.0,0.0,0.0,0.0,0.0,0.0,0.0,0.0,0.0,0.0,0.0,0.0,0.0,0.0,0,379,0,0.0,0.0,0.0,0.0,0.0,0.0,0.0,0.0,0.0,0.0,0.0,0.0
2026_1_AnthonyFirkser_TE,2026_AnthonyFirkser_TE,AnthonyFirkser_TE,2026,1,2026-09-13,Anthony Firkser,TE,DET,NO,15,0.0,0.0,0.0,0.0,0.0,0.0,0.0,0.0,0.0,0.0,0.0,0.0,0.0,0.0,0.0,0,380,0,0.0,0.0,0.0,0.0,0.0,0.0,0.0,0.0,0.0,0.0,0.0,0.0
2026_1_AjouAjou_WR,2026_AjouAjou_WR,AjouAjou_WR,2026,1,2026-09-13,Ajou Ajou,WR,IND,BAL,25,0.0,0.0,0.0,0.0,0.0,0.0,0.0,0.0,0.0,0.0,0.0,0.0,0.0,0.0,0.0,0,817,0,0.0,0.0,0.0,0.0,0.0,0.0,0.0,0.0,0.0,0.0,0.0,0.0
2026_1_AustinProehl_WR,2026_AustinProehl_WR,AustinProehl_WR,2026,1,2026-09-13,Austin Proehl,WR,NYG,DAL,32,0.0,0.0,0.0,0.0,0.0,0.0,0.0,0.0,0.0,0.0,0.0,0.0,0.0,0.0,0.0,0,818,0,0.0,0.0,0.0,0.0,0.0,0.0,0.0,0.0,0.0,0.0,0.0,0.0
2026_1_De'MornayPierson-El_WR,2026_De'MornayPierson-El_WR,De'MornayPierson-El_WR,2026,1,2026-09-13,De'Mornay Pierson-El,WR,DEN,@KC,6,0.0,0.0,0.0,0.0,0.0,0.0,0.0,0.0,0.0,0.0,0.0,0.0,0.0,0.0,0.0,0,819,0,0.0,0.0,0.0,0.0,0.0,0.0,0.0,0.0,0.0,0.0,0.0,0.0
2026_1_TylerHarrell_WR,2026_TylerHarrell_WR,TylerHarrell_WR,2026,1,2026-09-13,Tyler Harrell,WR,NYJ,@TEN,29,0.0,0.0,0.0,0.0,0.0,0.0,0.0,0.0,0.0,0.0,0.0,0.0,0.0,0.0,0.0,0,820,0,0.0,0.0,0.0,0.0,0.0,0.0,0.0,0.0,0.0,0.0,0.0,0.0
2026_1_AdamRandall_RB,2026_AdamRandall_RB,AdamRandall_RB,2026,1,2026-09-13,Adam Randall,RB,BAL,@IND,11,0.0,0.0,0.0,0.0,0.0,0.0,0.0,0.0,0.0,0.0,0.0,0.0,0.0,0.0,0.0,0,410,0,0.0,0.0,0.0,0.0,0.0,0.0,0.0,0.0,0.0,0.0,0.0,0.0
2026_1_BraxtonBerrios_WR,2026_BraxtonBerrios_WR,BraxtonBerrios_WR,2026,1,2026-09-13,Braxton Berrios,WR,NYG,DAL,32,0.0,0.0,0.0,0.0,0.0,0.0,0.0,0.0,0.0,0.0,0.0,0.0,0.0,0.0,0.0,0,821,0,0.0,0.0,0.0,0.0,0.0,0.0,0.0,0.0,0.0,0.0,0.0,0.0
2026_1_JoshPitsenberger_RB,2026_JoshPitsenberger_RB,JoshPitsenberger_RB,2026,1,2026-09-13,Josh Pitsenberger,RB,HOU,BUF,25,0.0,0.0,0.0,0.0,0.0,0.0,0.0,0.0,0.0,0.0,0.0,0.0,0.0,0.0,0.0,0,411,0,0.0,0.0,0.0,0.0,0.0,0.0,0.0,0.0,0.0,0.0,0.0,0.0
2026_1_JuwannWinfree_WR,2026_JuwannWinfree_WR,JuwannWinfree_WR,2026,1,2026-09-13,Juwann Winfree,WR,HOU,BUF,13,0.0,0.0,0.0,0.0,0.0,0.0,0.0,0.0,0.0,0.0,0.0,0.0,0.0,0.0,0.0,0,822,0,0.0,0.0,0.0,0.0,0.0,0.0,0.0,0.0,0.0,0.0,0.0,0.0
2026_1_DrakeStoops_WR,2026_DrakeStoops_WR,DrakeStoops_WR,2026,1,2026-09-13,Drake Stoops,WR,LAR,SF,16,0.0,0.0,0.0,0.0,0.0,0.0,0.0,0.0,0.0,0.0,0.0,0.0,0.0,0.0,0.0,0,823,0,0.0,0.0,0.0,0.0,0.0,0.0,0.0,0.0,0.0,0.0,0.0,0.0
2026_1_DeonCain_WR,2026_DeonCain_WR,DeonCain_WR,2026,1,2026-09-13,Deon Cain,WR,BUF,@HOU,7,0.0,0.0,0.0,0.0,0.0,0.0,0.0,0.0,0.0,0.0,0.0,0.0,0.0,0.0,0.0,0,824,0,0.0,0.0,0.0,0.0,0.0,0.0,0.0,0.0,0.0,0.0,0.0,0.0
2026_1_JensonStoshak_WR,2026_JensonStoshak_WR,JensonStoshak_WR,2026,1,2026-09-13,Jenson Stoshak,WR,CAR,CHI,31,0.0,0.0,0.0,0.0,0.0,0.0,0.0,0.0,0.0,0.0,0.0,0.0,0.0,0.0,0.0,0,825,0,0.0,0.0,0.0,0.0,0.0,0.0,0.0,0.0,0.0,0.0,0.0,0.0
2026_1_IsaiahWooden_WR,2026_IsaiahWooden_WR,IsaiahWooden_WR,2026,1,2026-09-13,Isaiah Wooden,WR,CLE,@JAC,15,0.0,0.0,0.0,0.0,0.0,0.0,0.0,0.0,0.0,0.0,0.0,0.0,0.0,0.0,0.0,0,826,0,0.0,0.0,0.0,0.0,0.0,0.0,0.0,0.0,0.0,0.0,0.0,0.0
2026_1_TreHarris_WR,2026_TreHarris_WR,TreHarris_WR,2026,1,2026-09-13,Tre Harris,WR,LAC,ARI,17,0.0,0.0,0.0,0.0,0.0,0.0,0.0,0.0,0.0,0.0,0.0,0.0,0.0,0.0,0.0,0,827,0,0.0,0.0,0.0,0.0,0.0,0.0,0.0,0.0,0.0,0.0,0.0,0.0
2026_1_TemuchinHodges_TE,2026_TemuchinHodges_TE,TemuchinHodges_TE,2026,1,2026-09-13,Temuchin Hodges,TE,PIT,ATL,5,0.0,0.0,0.0,0.0,0.0,0.0,0.0,0.0,0.0,0.0,0.0,0.0,0.0,0.0,0.0,0,381,0,0.0,0.0,0.0,0.0,0.0,0.0,0.0,0.0,0.0,0.0,0.0,0.0
2026_1_KyleWilliams_WR,2026_KyleWilliams_WR,KyleWilliams_WR,2026,1,2026-09-13,Kyle Williams,WR,NE,@SEA,4,0.0,0.0,0.0,0.0,0.0,0.0,0.0,0.0,0.0,0.0,0.0,0.0,0.0,0.0,0.0,0,828,0,0.0,0.0,0.0,0.0,0.0,0.0,0.0,0.0,0.0,0.0,0.0,0.0
2026_1_GeorgeKittle_TE,2026_GeorgeKittle_TE,GeorgeKittle_TE,2026,1,2026-09-13,George Kittle,TE,SF,@LAR,14,0.0,0.0,0.0,0.0,0.0,0.0,0.0,0.0,0.0,0.0,0.0,0.0,0.0,0.0,0.0,0,382,0,0.0,0.0,0.0,0.0,0.0,0.0,0.0,0.0,0.0,0.0,0.0,0.0
2026_1_BakerMayfield_QB,2026_BakerMayfield_QB,BakerMayfield_QB,2026,1,2026-09-13,Baker Mayfield,QB,TB,@CIN,27,0.0,0.0,0.0,0.0,0.0,0.0,0.0,0.0,0.0,0.0,0.0,0.0,0.0,0.0,0.0,0,223,0,0.0,0.0,0.0,0.0,0.0,0.0,0.0,0.0,0.0,0.0,0.0,0.0
2026_1_ConnorBazelak_QB,2026_ConnorBazelak_QB,ConnorBazelak_QB,2026,1,2026-09-13,Connor Bazelak,QB,TB,@CIN,27,0.0,0.0,0.0,0.0,0.0,0.0,0.0,0.0,0.0,0.0,0.0,0.0,0.0,0.0,0.0,0,224,0,0.0,0.0,0.0,0.0,0.0,0.0,0.0,0.0,0.0,0.0,0.0,0.0
2026_1_JamesProche_WR,2026_JamesProche_WR,JamesProche_WR,2026,1,2026-09-13,James Proche,WR,TEN,NYJ,19,0.0,0.0,0.0,0.0,0.0,0.0,0.0,0.0,0.0,0.0,0.0,0.0,0.0,0.0,0.0,0,829,0,0.0,0.0,0.0,0.0,0.0,0.0,0.0,0.0,0.0,0.0,0.0,0.0
2026_1_DeanPatterson_WR,2026_DeanPatterson_WR,DeanPatterson_WR,2026,1,2026-09-13,Dean Patterson,WR,TB,@CIN,9,0.0,0.0,0.0,0.0,0.0,0.0,0.0,0.0,0.0,0.0,0.0,0.0,0.0,0.0,0.0,0,830,0,0.0,0.0,0.0,0.0,0.0,0.0,0.0,0.0,0.0,0.0,0.0,0.0
2026_1_TylerVaughns_WR,2026_TylerVaughns_WR,TylerVaughns_WR,2026,1,2026-09-13,Tyler Vaughns,WR,PIT,ATL,22,0.0,0.0,0.0,0.0,0.0,0.0,0.0,0.0,0.0,0.0,0.0,0.0,0.0,0.0,0.0,0,831,0,0.0,0.0,0.0,0.0,0.0,0.0,0.0,0.0,0.0,0.0,0.0,0.0
2026_1_AnthonyJohnson_WR,2026_AnthonyJohnson_WR,AnthonyJohnson_WR,2026,1,2026-09-13,Anthony Johnson,WR,PIT,ATL,22,0.0,0.0,0.0,0.0,0.0,0.0,0.0,0.0,0.0,0.0,0.0,0.0,0.0,0.0,0.0,0,832,0,0.0,0.0,0.0,0.0,0.0,0.0,0.0,0.0,0.0,0.0,0.0,0.0
2026_1_DJTurner_WR,2026_DJTurner_WR,DJTurner_WR,2026,1,2026-09-13,DJ Turner,WR,HOU,BUF,13,0.0,0.0,0.0,0.0,0.0,0.0,0.0,0.0,0.0,0.0,0.0,0.0,0.0,0.0,0.0,0,833,0,0.0,0.0,0.0,0.0,0.0,0.0,0.0,0.0,0.0,0.0,0.0,0.0
2026_1_ZaireMitchell-Paden_TE,2026_ZaireMitchell-Paden_TE,ZaireMitchell-Paden_TE,2026,1,2026-09-13,Zaire Mitchell-Paden,TE,NO,@DET,19,0.0,0.0,0.0,0.0,0.0,0.0,0.0,0.0,0.0,0.0,0.0,0.0,0.0,0.0,0.0,0,383,0,0.0,0.0,0.0,0.0,0.0,0.0,0.0,0.0,0.0,0.0,0.0,0.0
2026_1_KadenDavis_WR,2026_KadenDavis_WR,KadenDavis_WR,2026,1,2026-09-13,Kaden Davis,WR,CHI,@CAR,12,0.0,0.0,0.0,0.0,0.0,0.0,0.0,0.0,0.0,0.0,0.0,0.0,0.0,0.0,0.0,0,834,0,0.0,0.0,0.0,0.0,0.0,0.0,0.0,0.0,0.0,0.0,0.0,0.0
2026_1_CJJohnson_WR,2026_CJJohnson_WR,CJJohnson_WR,2026,1,2026-09-13,CJ Johnson,WR,SEA,NE,11,0.0,0.0,0.0,0.0,0.0,0.0,0.0,0.0,0.0,0.0,0.0,0.0,0.0,0.0,0.0,0,835,0,0.0,0.0,0.0,0.0,0.0,0.0,0.0,0.0,0.0,0.0,0.0,0.0
2026_1_DrakeMaye_QB,2026_DrakeMaye_QB,DrakeMaye_QB,2026,1,2026-09-13,Drake Maye,QB,NE,@SEA,8,0.0,0.0,0.0,0.0,0.0,0.0,0.0,0.0,0.0,0.0,0.0,0.0,0.0,0.0,0.0,0,225,0,0.0,0.0,0.0,0.0,0.0,0.0,0.0,0.0,0.0,0.0,0.0,0.0
2026_1_RyanWilliams_QB,2026_RyanWilliams_QB,RyanWilliams_QB,2026,1,2026-09-13,Ryan Williams,QB,GB,@MIN,1,0.0,0.0,0.0,0.0,0.0,0.0,0.0,0.0,0.0,0.0,0.0,0.0,0.0,0.0,0.0,0,226,0,0.0,0.0,0.0,0.0,0.0,0.0,0.0,0.0,0.0,0.0,0.0,0.0
2026_1_CamJohnson_WR,2026_CamJohnson_WR,CamJohnson_WR,2026,1,2026-09-13,Cam Johnson,WR,CAR,CHI,31,0.0,0.0,0.0,0.0,0.0,0.0,0.0,0.0,0.0,0.0,0.0,0.0,0.0,0.0,0.0,0,836,0,0.0,0.0,0.0,0.0,0.0,0.0,0.0,0.0,0.0,0.0,0.0,0.0
2026_1_TreyKnox_TE,2026_TreyKnox_TE,TreyKnox_TE,2026,1,2026-09-13,Trey Knox,TE,MIN,GB,12,0.0,0.0,0.0,0.0,0.0,0.0,0.0,0.0,0.0,0.0,0.0,0.0,0.0,0.0,0.0,0,384,0,0.0,0.0,0.0,0.0,0.0,0.0,0.0,0.0,0.0,0.0,0.0,0.0
2026_1_JimmyGaroppolo_QB,2026_JimmyGaroppolo_QB,JimmyGaroppolo_QB,2026,1,2026-09-13,Jimmy Garoppolo,QB,LAR,SF,16,0.0,0.0,0.0,0.0,0.0,0.0,0.0,0.0,0.0,0.0,0.0,0.0,0.0,0.0,0.0,0,227,0,0.0,0.0,0.0,0.0,0.0,0.0,0.0,0.0,0.0,0.0,0.0,0.0
2026_1_Geor'quariusSpivey_TE,2026_Geor'quariusSpivey_TE,Geor'quariusSpivey_TE,2026,1,2026-09-13,Geor'quarius Spivey,TE,KC,DEN,18,0.0,0.0,0.0,0.0,0.0,0.0,0.0,0.0,0.0,0.0,0.0,0.0,0.0,0.0,0.0,0,385,0,0.0,0.0,0.0,0.0,0.0,0.0,0.0,0.0,0.0,0.0,0.0,0.0
2026_1_PhilLutz_WR,2026_PhilLutz_WR,PhilLutz_WR,2026,1,2026-09-13,Phil Lutz,WR,NE,@SEA,4,0.0,0.0,0.0,0.0,0.0,0.0,0.0,0.0,0.0,0.0,0.0,0.0,0.0,0.0,0.0,0,837,0,0.0,0.0,0.0,0.0,0.0,0.0,0.0,0.0,0.0,0.0,0.0,0.0
2026_1_XavierSmith_WR,2026_XavierSmith_WR,XavierSmith_WR,2026,1,2026-09-13,Xavier Smith,WR,LAR,SF,16,0.0,0.0,0.0,0.0,0.0,0.0,0.0,0.0,0.0,0.0,0.0,0.0,0.0,0.0,0.0,0,838,0,0.0,0.0,0.0,0.0,0.0,0.0,0.0,0.0,0.0,0.0,0.0,0.0
2026_1_MitchellEvans_TE,2026_MitchellEvans_TE,MitchellEvans_TE,2026,1,2026-09-13,Mitchell Evans,TE,CAR,CHI,11,0.0,0.0,0.0,0.0,0.0,0.0,0.0,0.0,0.0,0.0,0.0,0.0,0.0,0.0,0.0,0,386,0,0.0,0.0,0.0,0.0,0.0,0.0,0.0,0.0,0.0,0.0,0.0,0.0
2026_1_DennisHouston_WR,2026_DennisHouston_WR,DennisHouston_WR,2026,1,2026-09-13,Dennis Houston,WR,TB,@CIN,9,0.0,0.0,0.0,0.0,0.0,0.0,0.0,0.0,0.0,0.0,0.0,0.0,0.0,0.0,0.0,0,839,0,0.0,0.0,0.0,0.0,0.0,0.0,0.0,0.0,0.0,0.0,0.0,0.0
2026_1_RonnieRivers_RB,2026_RonnieRivers_RB,RonnieRivers_RB,2026,1,2026-09-13,Ronnie Rivers,RB,LAR,SF,22,0.0,0.0,0.0,0.0,0.0,0.0,0.0,0.0,0.0,0.0,0.0,0.0,0.0,0.0,0.0,0,412,0,0.0,0.0,0.0,0.0,0.0,0.0,0.0,0.0,0.0,0.0,0.0,0.0
2026_1_JakeHaener_QB,2026_JakeHaener_QB,JakeHaener_QB,2026,1,2026-09-13,Jake Haener,QB,KC,DEN,13,0.0,0.0,0.0,0.0,0.0,0.0,0.0,0.0,0.0,0.0,0.0,0.0,0.0,0.0,0.0,0,228,0,0.0,0.0,0.0,0.0,0.0,0.0,0.0,0.0,0.0,0.0,0.0,0.0
2026_1_KayshonBoutte_WR,2026_KayshonBoutte_WR,KayshonBoutte_WR,2026,1,2026-09-13,Kayshon Boutte,WR,NE,@SEA,4,0.0,0.0,0.0,0.0,0.0,0.0,0.0,0.0,0.0,0.0,0.0,0.0,0.0,0.0,0.0,0,840,0,0.0,0.0,0.0,0.0,0.0,0.0,0.0,0.0,0.0,0.0,0.0,0.0
2026_1_WillMallory_TE,2026_WillMallory_TE,WillMallory_TE,2026,1,2026-09-13,Will Mallory,TE,IND,BAL,8,0.0,0.0,0.0,0.0,0.0,0.0,0.0,0.0,0.0,0.0,0.0,0.0,0.0,0.0,0.0,0,387,0,0.0,0.0,0.0,0.0,0.0,0.0,0.0,0.0,0.0,0.0,0.0,0.0
2026_1_StephenGosnell_WR,2026_StephenGosnell_WR,StephenGosnell_WR,2026,1,2026-09-13,Stephen Gosnell,WR,BUF,@HOU,7,0.0,0.0,0.0,0.0,0.0,0.0,0.0,0.0,0.0,0.0,0.0,0.0,0.0,0.0,0.0,0,841,0,0.0,0.0,0.0,0.0,0.0,0.0,0.0,0.0,0.0,0.0,0.0,0.0
2026_1_GrantFinley_RB,2026_GrantFinley_RB,GrantFinley_RB,2026,1,2026-09-13,Grant Finley,RB,NYG,DAL,27,0.0,0.0,0.0,0.0,0.0,0.0,0.0,0.0,0.0,0.0,0.0,0.0,0.0,0.0,0.0,0,413,0,0.0,0.0,0.0,0.0,0.0,0.0,0.0,0.0,0.0,0.0,0.0,0.0
2026_1_JuliusChestnut_RB,2026_JuliusChestnut_RB,JuliusChestnut_RB,2026,1,2026-09-13,Julius Chestnut,RB,TEN,NYJ,32,0.0,0.0,0.0,0.0,0.0,0.0,0.0,0.0,0.0,0.0,0.0,0.0,0.0,0.0,0.0,0,414,0,0.0,0.0,0.0,0.0,0.0,0.0,0.0,0.0,0.0,0.0,0.0,0.0
2026_1_OdellBeckham_WR,2026_OdellBeckham_WR,OdellBeckham_WR,2026,1,2026-09-13,Odell Beckham,WR,NYG,DAL,32,0.0,0.0,0.0,0.0,0.0,0.0,0.0,0.0,0.0,0.0,0.0,0.0,0.0,0.0,0.0,0,842,0,0.0,0.0,0.0,0.0,0.0,0.0,0.0,0.0,0.0,0.0,0.0,0.0
2026_1_DanielCrawford_TE,2026_DanielCrawford_TE,DanielCrawford_TE,2026,1,2026-09-13,Daniel Crawford,TE,GB,@MIN,4,0.0,0.0,0.0,0.0,0.0,0.0,0.0,0.0,0.0,0.0,0.0,0.0,0.0,0.0,0.0,0,388,0,0.0,0.0,0.0,0.0,0.0,0.0,0.0,0.0,0.0,0.0,0.0,0.0
2026_1_SoneNtoh_RB,2026_SoneNtoh_RB,SoneNtoh_RB,2026,1,2026-09-13,Sone Ntoh,RB,BAL,@IND,11,0.0,0.0,0.0,0.0,0.0,0.0,0.0,0.0,0.0,0.0,0.0,0.0,0.0,0.0,0.0,0,415,0,0.0,0.0,0.0,0.0,0.0,0.0,0.0,0.0,0.0,0.0,0.0,0.0
2026_1_BenBeise_TE,2026_BenBeise_TE,BenBeise_TE,2026,1,2026-09-13,Ben Beise,TE,TB,@CIN,32,0.0,0.0,0.0,0.0,0.0,0.0,0.0,0.0,0.0,0.0,0.0,0.0,0.0,0.0,0.0,0,389,0,0.0,0.0,0.0,0.0,0.0,0.0,0.0,0.0,0.0,0.0,0.0,0.0
2026_1_JarveonHoward_RB,2026_JarveonHoward_RB,JarveonHoward_RB,2026,1,2026-09-13,Jarveon Howard,RB,BUF,@HOU,5,0.0,0.0,0.0,0.0,0.0,0.0,0.0,0.0,0.0,0.0,0.0,0.0,0.0,0.0,0.0,0,416,0,0.0,0.0,0.0,0.0,0.0,0.0,0.0,0.0,0.0,0.0,0.0,0.0
2026_1_JakobJohnson_RB,2026_JakobJohnson_RB,JakobJohnson_RB,2026,1,2026-09-13,Jakob Johnson,RB,HOU,BUF,25,0.0,0.0,0.0,0.0,0.0,0.0,0.0,0.0,0.0,0.0,0.0,0.0,0.0,0.0,0.0,0,417,0,0.0,0.0,0.0,0.0,0.0,0.0,0.0,0.0,0.0,0.0,0.0,0.0
2026_1_KevinAustin_WR,2026_KevinAustin_WR,KevinAustin_WR,2026,1,2026-09-13,Kevin Austin,WR,NO,@DET,30,0.0,0.0,0.0,0.0,0.0,0.0,0.0,0.0,0.0,0.0,0.0,0.0,0.0,0.0,0.0,0,843,0,0.0,0.0,0.0,0.0,0.0,0.0,0.0,0.0,0.0,0.0,0.0,0.0
2026_1_KyleAllen_QB,2026_KyleAllen_QB,KyleAllen_QB,2026,1,2026-09-13,Kyle Allen,QB,BUF,@HOU,2,0.0,0.0,0.0,0.0,0.0,0.0,0.0,0.0,0.0,0.0,0.0,0.0,0.0,0.0,0.0,0,229,0,0.0,0.0,0.0,0.0,0.0,0.0,0.0,0.0,0.0,0.0,0.0,0.0
2026_1_TreyvhonSaunders_WR,2026_TreyvhonSaunders_WR,TreyvhonSaunders_WR,2026,1,2026-09-13,Treyvhon Saunders,WR,HOU,BUF,13,0.0,0.0,0.0,0.0,0.0,0.0,0.0,0.0,0.0,0.0,0.0,0.0,0.0,0.0,0.0,0,844,0,0.0,0.0,0.0,0.0,0.0,0.0,0.0,0.0,0.0,0.0,0.0,0.0
2026_1_BrandenMack_WR,2026_BrandenMack_WR,BrandenMack_WR,2026,1,2026-09-13,Branden Mack,WR,DEN,@KC,6,0.0,0.0,0.0,0.0,0.0,0.0,0.0,0.0,0.0,0.0,0.0,0.0,0.0,0.0,0.0,0,845,0,0.0,0.0,0.0,0.0,0.0,0.0,0.0,0.0,0.0,0.0,0.0,0.0
2026_1_JulianHicks_WR,2026_JulianHicks_WR,JulianHicks_WR,2026,1,2026-09-13,Julian Hicks,WR,GB,@MIN,1,0.0,0.0,0.0,0.0,0.0,0.0,0.0,0.0,0.0,0.0,0.0,0.0,0.0,0.0,0.0,0,846,0,0.0,0.0,0.0,0.0,0.0,0.0,0.0,0.0,0.0,0.0,0.0,0.0
2026_1_LouisRees-Zammit_RB,2026_LouisRees-Zammit_RB,LouisRees-Zammit_RB,2026,1,2026-09-13,Louis Rees-Zammit,RB,JAC,CLE,14,0.0,0.0,0.0,0.0,0.0,0.0,0.0,0.0,0.0,0.0,0.0,0.0,0.0,0.0,0.0,0,418,0,0.0,0.0,0.0,0.0,0.0,0.0,0.0,0.0,0.0,0.0,0.0,0.0
2026_1_MarcusRosemy-Jacksaint_WR,2026_MarcusRosemy-Jacksaint_WR,MarcusRosemy-Jacksaint_WR,2026,1,2026-09-13,Marcus Rosemy-Jacksaint,WR,PHI,WAS,28,0.0,0.0,0.0,0.0,0.0,0.0,0.0,0.0,0.0,0.0,0.0,0.0,0.0,0.0,0.0,0,847,0,0.0,0.0,0.0,0.0,0.0,0.0,0.0,0.0,0.0,0.0,0.0,0.0
2026_1_JustinJefferson_WR,2026_JustinJefferson_WR,JustinJefferson_WR,2026,1,2026-09-13,Justin Jefferson,WR,MIN,GB,21,0.0,0.0,0.0,0.0,0.0,0.0,0.0,0.0,0.0,0.0,0.0,0.0,0.0,0.0,0.0,0,848,0,0.0,0.0,0.0,0.0,0.0,0.0,0.0,0.0,0.0,0.0,0.0,0.0
2026_1_NateCarter_RB,2026_NateCarter_RB,NateCarter_RB,2026,1,2026-09-13,Nate Carter,RB,ATL,@PIT,9,0.0,0.0,0.0,0.0,0.0,0.0,0.0,0.0,0.0,0.0,0.0,0.0,0.0,0.0,0.0,0,419,0,0.0,0.0,0.0,0.0,0.0,0.0,0.0,0.0,0.0,0.0,0.0,0.0
2026_1_SamSchnee_RB,2026_SamSchnee_RB,SamSchnee_RB,2026,1,2026-09-13,Sam Schnee,RB,TEN,NYJ,32,0.0,0.0,0.0,0.0,0.0,0.0,0.0,0.0,0.0,0.0,0.0,0.0,0.0,0.0,0.0,0,420,0,0.0,0.0,0.0,0.0,0.0,0.0,0.0,0.0,0.0,0.0,0.0,0.0
2026_1_ZachHorton_TE,2026_ZachHorton_TE,ZachHorton_TE,2026,1,2026-09-13,Zach Horton,TE,DET,NO,15,0.0,0.0,0.0,0.0,0.0,0.0,0.0,0.0,0.0,0.0,0.0,0.0,0.0,0.0,0.0,0,390,0,0.0,0.0,0.0,0.0,0.0,0.0,0.0,0.0,0.0,0.0,0.0,0.0
2026_1_SkyyMoore_WR,2026_SkyyMoore_WR,SkyyMoore_WR,2026,1,2026-09-13,Skyy Moore,WR,GB,@MIN,1,0.0,0.0,0.0,0.0,0.0,0.0,0.0,0.0,0.0,0.0,0.0,0.0,0.0,0.0,0.0,0,849,0,0.0,0.0,0.0,0.0,0.0,0.0,0.0,0.0,0.0,0.0,0.0,0.0
2026_1_DantePettis_WR,2026_DantePettis_WR,DantePettis_WR,2026,1,2026-09-13,Dante Pettis,WR,BUF,@HOU,7,0.0,0.0,0.0,0.0,0.0,0.0,0.0,0.0,0.0,0.0,0.0,0.0,0.0,0.0,0.0,0,850,0,0.0,0.0,0.0,0.0,0.0,0.0,0.0,0.0,0.0,0.0,0.0,0.0
2026_1_AshtonJeanty_RB,2026_AshtonJeanty_RB,AshtonJeanty_RB,2026,1,2026-09-13,Ashton Jeanty,RB,LV,MIA,24,0.0,0.0,0.0,0.0,0.0,0.0,0.0,0.0,0.0,0.0,0.0,0.0,0.0,0.0,0.0,0,421,0,0.0,0.0,0.0,0.0,0.0,0.0,0.0,0.0,0.0,0.0,0.0,0.0
2026_1_KadenPrather_WR,2026_KadenPrather_WR,KadenPrather_WR,2026,1,2026-09-13,Kaden Prather,WR,GB,@MIN,1,0.0,0.0,0.0,0.0,0.0,0.0,0.0,0.0,0.0,0.0,0.0,0.0,0.0,0.0,0.0,0,851,0,0.0,0.0,0.0,0.0,0.0,0.0,0.0,0.0,0.0,0.0,0.0,0.0
2026_1_JackWestover_TE,2026_JackWestover_TE,JackWestover_TE,2026,1,2026-09-13,Jack Westover,TE,NE,@SEA,20,0.0,0.0,0.0,0.0,0.0,0.0,0.0,0.0,0.0,0.0,0.0,0.0,0.0,0.0,0.0,0,391,0,0.0,0.0,0.0,0.0,0.0,0.0,0.0,0.0,0.0,0.0,0.0,0.0
2026_1_JordanWilliams-Lambert_WR,2026_JordanWilliams-Lambert_WR,JordanWilliams-Lambert_WR,2026,1,2026-09-13,Jordan Williams-Lambert,WR,CHI,@CAR,12,0.0,0.0,0.0,0.0,0.0,0.0,0.0,0.0,0.0,0.0,0.0,0.0,0.0,0.0,0.0,0,852,0,0.0,0.0,0.0,0.0,0.0,0.0,0.0,0.0,0.0,0.0,0.0,0.0
2026_1_GavinHolmes_WR,2026_GavinHolmes_WR,GavinHolmes_WR,2026,1,2026-09-13,Gavin Holmes,WR,TEN,NYJ,19,0.0,0.0,0.0,0.0,0.0,0.0,0.0,0.0,0.0,0.0,0.0,0.0,0.0,0.0,0.0,0,853,0,0.0,0.0,0.0,0.0,0.0,0.0,0.0,0.0,0.0,0.0,0.0,0.0
2026_1_MicahSimon_WR,2026_MicahSimon_WR,MicahSimon_WR,2026,1,2026-09-13,Micah Simon,WR,CAR,CHI,31,0.0,0.0,0.0,0.0,0.0,0.0,0.0,0.0,0.0,0.0,0.0,0.0,0.0,0.0,0.0,0,854,0,0.0,0.0,0.0,0.0,0.0,0.0,0.0,0.0,0.0,0.0,0.0,0.0
2026_1_CodyHardy_TE,2026_CodyHardy_TE,CodyHardy_TE,2026,1,2026-09-13,Cody Hardy,TE,NO,@DET,19,0.0,0.0,0.0,0.0,0.0,0.0,0.0,0.0,0.0,0.0,0.0,0.0,0.0,0.0,0.0,0,392,0,0.0,0.0,0.0,0.0,0.0,0.0,0.0,0.0,0.0,0.0,0.0,0.0
2026_1_CharlesHolland_WR,2026_CharlesHolland_WR,CharlesHolland_WR,2026,1,2026-09-13,Charles Holland,WR,CIN,TB,18,0.0,0.0,0.0,0.0,0.0,0.0,0.0,0.0,0.0,0.0,0.0,0.0,0.0,0.0,0.0,0,855,0,0.0,0.0,0.0,0.0,0.0,0.0,0.0,0.0,0.0,0.0,0.0,0.0
2026_1_DareceRoberson_WR,2026_DareceRoberson_WR,DareceRoberson_WR,2026,1,2026-09-13,Darece Roberson,WR,SEA,NE,11,0.0,0.0,0.0,0.0,0.0,0.0,0.0,0.0,0.0,0.0,0.0,0.0,0.0,0.0,0.0,0,856,0,0.0,0.0,0.0,0.0,0.0,0.0,0.0,0.0,0.0,0.0,0.0,0.0
2026_1_CortezBraham_WR,2026_CortezBraham_WR,CortezBraham_WR,2026,1,2026-09-13,Cortez Braham,WR,BAL,@IND,27,0.0,0.0,0.0,0.0,0.0,0.0,0.0,0.0,0.0,0.0,0.0,0.0,0.0,0.0,0.0,0,857,0,0.0,0.0,0.0,0.0,0.0,0.0,0.0,0.0,0.0,0.0,0.0,0.0
2026_1_RomeoDoubs_WR,2026_RomeoDoubs_WR,RomeoDoubs_WR,2026,1,2026-09-13,Romeo Doubs,WR,NE,@SEA,4,0.0,0.0,0.0,0.0,0.0,0.0,0.0,0.0,0.0,0.0,0.0,0.0,0.0,0.0,0.0,0,858,0,0.0,0.0,0.0,0.0,0.0,0.0,0.0,0.0,0.0,0.0,0.0,0.0
2026_1_EricSaubert_TE,2026_EricSaubert_TE,EricSaubert_TE,2026,1,2026-09-13,Eric Saubert,TE,SEA,NE,17,0.0,0.0,0.0,0.0,0.0,0.0,0.0,0.0,0.0,0.0,0.0,0.0,0.0,0.0,0.0,0,393,0,0.0,0.0,0.0,0.0,0.0,0.0,0.0,0.0,0.0,0.0,0.0,0.0
2026_1_BenYurosek_TE,2026_BenYurosek_TE,BenYurosek_TE,2026,1,2026-09-13,Ben Yurosek,TE,MIN,GB,12,0.0,0.0,0.0,0.0,0.0,0.0,0.0,0.0,0.0,0.0,0.0,0.0,0.0,0.0,0.0,0,394,0,0.0,0.0,0.0,0.0,0.0,0.0,0.0,0.0,0.0,0.0,0.0,0.0
2026_1_CJDaniels_WR,2026_CJDaniels_WR,CJDaniels_WR,2026,1,2026-09-13,CJ Daniels,WR,LAR,SF,16,0.0,0.0,0.0,0.0,0.0,0.0,0.0,0.0,0.0,0.0,0.0,0.0,0.0,0.0,0.0,0,859,0,0.0,0.0,0.0,0.0,0.0,0.0,0.0,0.0,0.0,0.0,0.0,0.0
2026_1_RJMaryland_TE,2026_RJMaryland_TE,RJMaryland_TE,2026,1,2026-09-13,RJ Maryland,TE,GB,@MIN,4,0.0,0.0,0.0,0.0,0.0,0.0,0.0,0.0,0.0,0.0,0.0,0.0,0.0,0.0,0.0,0,395,0,0.0,0.0,0.0,0.0,0.0,0.0,0.0,0.0,0.0,0.0,0.0,0.0
2026_1_AaronShampklin_RB,2026_AaronShampklin_RB,AaronShampklin_RB,2026,1,2026-09-13,Aaron Shampklin,RB,MIA,@LV,21,0.0,0.0,0.0,0.0,0.0,0.0,0.0,0.0,0.0,0.0,0.0,0.0,0.0,0.0,0.0,0,422,0,0.0,0.0,0.0,0.0,0.0,0.0,0.0,0.0,0.0,0.0,0.0,0.0
2026_1_JackColletto_RB,2026_JackColletto_RB,JackColletto_RB,2026,1,2026-09-13,Jack Colletto,RB,PIT,ATL,16,0.0,0.0,0.0,0.0,0.0,0.0,0.0,0.0,0.0,0.0,0.0,0.0,0.0,0.0,0.0,0,423,0,0.0,0.0,0.0,0.0,0.0,0.0,0.0,0.0,0.0,0.0,0.0,0.0
2026_1_DJThomas-Jones_TE,2026_DJThomas-Jones_TE,DJThomas-Jones_TE,2026,1,2026-09-13,DJ Thomas-Jones,TE,PIT,ATL,5,0.0,0.0,0.0,0.0,0.0,0.0,0.0,0.0,0.0,0.0,0.0,0.0,0.0,0.0,0.0,0,396,0,0.0,0.0,0.0,0.0,0.0,0.0,0.0,0.0,0.0,0.0,0.0,0.0
2026_1_RoyceFreeman_RB,2026_RoyceFreeman_RB,RoyceFreeman_RB,2026,1,2026-09-13,Royce Freeman,RB,LAC,ARI,30,0.0,0.0,0.0,0.0,0.0,0.0,0.0,0.0,0.0,0.0,0.0,0.0,0.0,0.0,0.0,0,424,0,0.0,0.0,0.0,0.0,0.0,0.0,0.0,0.0,0.0,0.0,0.0,0.0
2026_1_ChristianScotland-Williamson_TE,2026_ChristianScotland-Williamson_TE,ChristianScotland-Williamson_TE,2026,1,2026-09-13,Christian Scotland-Williamson,TE,PIT,ATL,5,0.0,0.0,0.0,0.0,0.0,0.0,0.0,0.0,0.0,0.0,0.0,0.0,0.0,0.0,0.0,0,397,0,0.0,0.0,0.0,0.0,0.0,0.0,0.0,0.0,0.0,0.0,0.0,0.0
2026_1_GavinBartholomew_TE,2026_GavinBartholomew_TE,GavinBartholomew_TE,2026,1,2026-09-13,Gavin Bartholomew,TE,MIN,GB,12,0.0,0.0,0.0,0.0,0.0,0.0,0.0,0.0,0.0,0.0,0.0,0.0,0.0,0.0,0.0,0,398,0,0.0,0.0,0.0,0.0,0.0,0.0,0.0,0.0,0.0,0.0,0.0,0.0
2026_1_JaylenWaddle_WR,2026_JaylenWaddle_WR,JaylenWaddle_WR,2026,1,2026-09-13,Jaylen Waddle,WR,DEN,@KC,6,0.0,0.0,0.0,0.0,0.0,0.0,0.0,0.0,0.0,0.0,0.0,0.0,0.0,0.0,0.0,0,860,0,0.0,0.0,0.0,0.0,0.0,0.0,0.0,0.0,0.0,0.0,0.0,0.0
2026_1_Panthers_DST,2026_Panthers_DST,Panthers_DST,2026,1,2026-09-13,Panthers,DST,CAR,CHI,7,,,,,,,,,,,,,,,,0,1,0,,,,,,,,,0.0,,,
2026_1_Browns_DST,2026_Browns_DST,Browns_DST,2026,1,2026-09-13,Browns,DST,CLE,@JAC,14,,,,,,,,,,,,,,,,0,2,0,,,,,,,,,0.0,,,
2026_1_JoshDowns_WR,2026_JoshDowns_WR,JoshDowns_WR,2026,1,2026-09-13,Josh Downs,WR,IND,BAL,25,0.0,0.0,0.0,0.0,0.0,0.0,0.0,0.0,0.0,0.0,0.0,0.0,0.0,0.0,0.0,0,861,0,0.0,0.0,0.0,0.0,0.0,0.0,0.0,0.0,0.0,0.0,0.0,0.0
2026_1_WillShipley_RB,2026_WillShipley_RB,WillShipley_RB,2026,1,2026-09-13,Will Shipley,RB,PHI,WAS,29,0.0,0.0,0.0,0.0,0.0,0.0,0.0,0.0,0.0,0.0,0.0,0.0,0.0,0.0,0.0,0,425,0,0.0,0.0,0.0,0.0,0.0,0.0,0.0,0.0,0.0,0.0,0.0,0.0
2026_1_TaMerikWilliams_RB,2026_TaMerikWilliams_RB,TaMerikWilliams_RB,2026,1,2026-09-13,TaMerik Williams,RB,SEA,NE,2,0.0,0.0,0.0,0.0,0.0,0.0,0.0,0.0,0.0,0.0,0.0,0.0,0.0,0.0,0.0,0,426,0,0.0,0.0,0.0,0.0,0.0,0.0,0.0,0.0,0.0,0.0,0.0,0.0
2026_1_MattSokol_TE,2026_MattSokol_TE,MattSokol_TE,2026,1,2026-09-13,Matt Sokol,TE,PIT,ATL,5,0.0,0.0,0.0,0.0,0.0,0.0,0.0,0.0,0.0,0.0,0.0,0.0,0.0,0.0,0.0,0,399,0,0.0,0.0,0.0,0.0,0.0,0.0,0.0,0.0,0.0,0.0,0.0,0.0
2026_1_KeilanRobinson_RB,2026_KeilanRobinson_RB,KeilanRobinson_RB,2026,1,2026-09-13,Keilan Robinson,RB,NYJ,@TEN,13,0.0,0.0,0.0,0.0,0.0,0.0,0.0,0.0,0.0,0.0,0.0,0.0,0.0,0.0,0.0,0,427,0,0.0,0.0,0.0,0.0,0.0,0.0,0.0,0.0,0.0,0.0,0.0,0.0
2026_1_ColtonDowell_WR,2026_ColtonDowell_WR,ColtonDowell_WR,2026,1,2026-09-13,Colton Dowell,WR,PIT,ATL,22,0.0,0.0,0.0,0.0,0.0,0.0,0.0,0.0,0.0,0.0,0.0,0.0,0.0,0.0,0.0,0,862,0,0.0,0.0,0.0,0.0,0.0,0.0,0.0,0.0,0.0,0.0,0.0,0.0
2026_1_RileyNowakowski_TE,2026_RileyNowakowski_TE,RileyNowakowski_TE,2026,1,2026-09-13,Riley Nowakowski,TE,PIT,ATL,5,0.0,0.0,0.0,0.0,0.0,0.0,0.0,0.0,0.0,0.0,0.0,0.0,0.0,0.0,0.0,0,400,0,0.0,0.0,0.0,0.0,0.0,0.0,0.0,0.0,0.0,0.0,0.0,0.0
2026_1_ScottOrndoff_TE,2026_ScottOrndoff_TE,ScottOrndoff_TE,2026,1,2026-09-13,Scott Orndoff,TE,PHI,WAS,30,0.0,0.0,0.0,0.0,0.0,0.0,0.0,0.0,0.0,0.0,0.0,0.0,0.0,0.0,0.0,0,401,0,0.0,0.0,0.0,0.0,0.0,0.0,0.0,0.0,0.0,0.0,0.0,0.0
2026_1_ReidSinnett_QB,2026_ReidSinnett_QB,ReidSinnett_QB,2026,1,2026-09-13,Reid Sinnett,QB,CIN,TB,29,0.0,0.0,0.0,0.0,0.0,0.0,0.0,0.0,0.0,0.0,0.0,0.0,0.0,0.0,0.0,0,230,0,0.0,0.0,0.0,0.0,0.0,0.0,0.0,0.0,0.0,0.0,0.0,0.0
2026_1_QuentinJohnston_WR,2026_QuentinJohnston_WR,QuentinJohnston_WR,2026,1,2026-09-13,Quentin Johnston,WR,LAC,ARI,17,0.0,0.0,0.0,0.0,0.0,0.0,0.0,0.0,0.0,0.0,0.0,0.0,0.0,0.0,0.0,0,863,0,0.0,0.0,0.0,0.0,0.0,0.0,0.0,0.0,0.0,0.0,0.0,0.0
2026_1_DevinRoss_WR,2026_DevinRoss_WR,DevinRoss_WR,2026,1,2026-09-13,Devin Ross,WR,LV,MIA,14,0.0,0.0,0.0,0.0,0.0,0.0,0.0,0.0,0.0,0.0,0.0,0.0,0.0,0.0,0.0,0,864,0,0.0,0.0,0.0,0.0,0.0,0.0,0.0,0.0,0.0,0.0,0.0,0.0
2026_1_DavonGrayson_WR,2026_DavonGrayson_WR,DavonGrayson_WR,2026,1,2026-09-13,Davon Grayson,WR,KC,DEN,2,0.0,0.0,0.0,0.0,0.0,0.0,0.0,0.0,0.0,0.0,0.0,0.0,0.0,0.0,0.0,0,865,0,0.0,0.0,0.0,0.0,0.0,0.0,0.0,0.0,0.0,0.0,0.0,0.0
2026_1_KeonColeman_WR,2026_KeonColeman_WR,KeonColeman_WR,2026,1,2026-09-13,Keon Coleman,WR,BUF,@HOU,7,0.0,0.0,0.0,0.0,0.0,0.0,0.0,0.0,0.0,0.0,0.0,0.0,0.0,0.0,0.0,0,866,0,0.0,0.0,0.0,0.0,0.0,0.0,0.0,0.0,0.0,0.0,0.0,0.0
2026_1_JonathonBrooks_RB,2026_JonathonBrooks_RB,JonathonBrooks_RB,2026,1,2026-09-13,Jonathon Brooks,RB,CAR,CHI,19,0.0,0.0,0.0,0.0,0.0,0.0,0.0,0.0,0.0,0.0,0.0,0.0,0.0,0.0,0.0,0,428,0,0.0,0.0,0.0,0.0,0.0,0.0,0.0,0.0,0.0,0.0,0.0,0.0
2026_1_MalikNabers_WR,2026_MalikNabers_WR,MalikNabers_WR,2026,1,2026-09-13,Malik Nabers,WR,NYG,DAL,32,0.0,0.0,0.0,0.0,0.0,0.0,0.0,0.0,0.0,0.0,0.0,0.0,0.0,0.0,0.0,0,867,0,0.0,0.0,0.0,0.0,0.0,0.0,0.0,0.0,0.0,0.0,0.0,0.0
2026_1_TeriqueOwens_WR,2026_TeriqueOwens_WR,TeriqueOwens_WR,2026,1,2026-09-13,Terique Owens,WR,SF,@LAR,24,0.0,0.0,0.0,0.0,0.0,0.0,0.0,0.0,0.0,0.0,0.0,0.0,0.0,0.0,0.0,0,868,0,0.0,0.0,0.0,0.0,0.0,0.0,0.0,0.0,0.0,0.0,0.0,0.0
2026_1_DonovanEdwards_RB,2026_DonovanEdwards_RB,DonovanEdwards_RB,2026,1,2026-09-13,Donovan Edwards,RB,MIA,@LV,21,0.0,0.0,0.0,0.0,0.0,0.0,0.0,0.0,0.0,0.0,0.0,0.0,0.0,0.0,0.0,0,429,0,0.0,0.0,0.0,0.0,0.0,0.0,0.0,0.0,0.0,0.0,0.0,0.0
2026_1_GraysonGunter_TE,2026_GraysonGunter_TE,GraysonGunter_TE,2026,1,2026-09-13,Grayson Gunter,TE,JAC,CLE,16,0.0,0.0,0.0,0.0,0.0,0.0,0.0,0.0,0.0,0.0,0.0,0.0,0.0,0.0,0.0,0,402,0,0.0,0.0,0.0,0.0,0.0,0.0,0.0,0.0,0.0,0.0,0.0,0.0
2026_1_TyquanThornton_WR,2026_TyquanThornton_WR,TyquanThornton_WR,2026,1,2026-09-13,Tyquan Thornton,WR,KC,DEN,2,0.0,0.0,0.0,0.0,0.0,0.0,0.0,0.0,0.0,0.0,0.0,0.0,0.0,0.0,0.0,0,869,0,0.0,0.0,0.0,0.0,0.0,0.0,0.0,0.0,0.0,0.0,0.0,0.0
2026_1_LeddieBrown_RB,2026_LeddieBrown_RB,LeddieBrown_RB,2026,1,2026-09-13,Leddie Brown,RB,LAC,ARI,30,0.0,0.0,0.0,0.0,0.0,0.0,0.0,0.0,0.0,0.0,0.0,0.0,0.0,0.0,0.0,0,430,0,0.0,0.0,0.0,0.0,0.0,0.0,0.0,0.0,0.0,0.0,0.0,0.0
2026_1_JackStrand_QB,2026_JackStrand_QB,JackStrand_QB,2026,1,2026-09-13,Jack Strand,QB,ATL,@PIT,24,0.0,0.0,0.0,0.0,0.0,0.0,0.0,0.0,0.0,0.0,0.0,0.0,0.0,0.0,0.0,0,231,0,0.0,0.0,0.0,0.0,0.0,0.0,0.0,0.0,0.0,0.0,0.0,0.0
2026_1_GunnerOlszewski_WR,2026_GunnerOlszewski_WR,GunnerOlszewski_WR,2026,1,2026-09-13,Gunner Olszewski,WR,NYG,DAL,32,0.0,0.0,0.0,0.0,0.0,0.0,0.0,0.0,0.0,0.0,0.0,0.0,0.0,0.0,0.0,0,870,0,0.0,0.0,0.0,0.0,0.0,0.0,0.0,0.0,0.0,0.0,0.0,0.0
2026_1_StevenSims_WR,2026_StevenSims_WR,StevenSims_WR,2026,1,2026-09-13,Steven Sims,WR,ARI,@LAC,3,0.0,0.0,0.0,0.0,0.0,0.0,0.0,0.0,0.0,0.0,0.0,0.0,0.0,0.0,0.0,0,871,0,0.0,0.0,0.0,0.0,0.0,0.0,0.0,0.0,0.0,0.0,0.0,0.0
2026_1_NickKallerup_TE,2026_NickKallerup_TE,NickKallerup_TE,2026,1,2026-09-13,Nick Kallerup,TE,SEA,NE,17,0.0,0.0,0.0,0.0,0.0,0.0,0.0,0.0,0.0,0.0,0.0,0.0,0.0,0.0,0.0,0,403,0,0.0,0.0,0.0,0.0,0.0,0.0,0.0,0.0,0.0,0.0,0.0,0.0
2026_1_LanceMcCutcheon_WR,2026_LanceMcCutcheon_WR,LanceMcCutcheon_WR,2026,1,2026-09-13,Lance McCutcheon,WR,TEN,NYJ,19,0.0,0.0,0.0,0.0,0.0,0.0,0.0,0.0,0.0,0.0,0.0,0.0,0.0,0.0,0.0,0,872,0,0.0,0.0,0.0,0.0,0.0,0.0,0.0,0.0,0.0,0.0,0.0,0.0
2026_1_JaxsonDart_QB,2026_JaxsonDart_QB,JaxsonDart_QB,2026,1,2026-09-13,Jaxson Dart,QB,NYG,DAL,32,0.0,0.0,0.0,0.0,0.0,0.0,0.0,0.0,0.0,0.0,0.0,0.0,0.0,0.0,0.0,0,232,0,0.0,0.0,0.0,0.0,0.0,0.0,0.0,0.0,0.0,0.0,0.0,0.0
2026_1_Lions_DST,2026_Lions_DST,Lions_DST,2026,1,2026-09-13,Lions,DST,DET,NO,24,,,,,,,,,,,,,,,,0,3,0,,,,,,,,,0.0,,,
2026_1_ChaseCota_WR,2026_ChaseCota_WR,ChaseCota_WR,2026,1,2026-09-13,Chase Cota,WR,CLE,@JAC,15,0.0,0.0,0.0,0.0,0.0,0.0,0.0,0.0,0.0,0.0,0.0,0.0,0.0,0.0,0.0,0,873,0,0.0,0.0,0.0,0.0,0.0,0.0,0.0,0.0,0.0,0.0,0.0,0.0
2026_1_Raiders_DST,2026_Raiders_DST,Raiders_DST,2026,1,2026-09-13,Raiders,DST,LV,MIA,23,,,,,,,,,,,,,,,,0,4,0,,,,,,,,,0.0,,,
2026_1_Bengals_DST,2026_Bengals_DST,Bengals_DST,2026,1,2026-09-13,Bengals,DST,CIN,TB,15,,,,,,,,,,,,,,,,0,5,0,,,,,,,,,0.0,,,
2026_1_Dolphins_DST,2026_Dolphins_DST,Dolphins_DST,2026,1,2026-09-13,Dolphins,DST,MIA,@LV,31,,,,,,,,,,,,,,,,0,6,0,,,,,,,,,0.0,,,
2026_1_Giants_DST,2026_Giants_DST,Giants_DST,2026,1,2026-09-13,Giants,DST,NYG,DAL,8,,,,,,,,,,,,,,,,0,7,0,,,,,,,,,0.0,,,
2026_1_Broncos_DST,2026_Broncos_DST,Broncos_DST,2026,1,2026-09-13,Broncos,DST,DEN,@KC,13,,,,,,,,,,,,,,,,0,8,0,,,,,,,,,0.0,,,
2026_1_Chargers_DST,2026_Chargers_DST,Chargers_DST,2026,1,2026-09-13,Chargers,DST,LAC,ARI,27,,,,,,,,,,,,,,,,0,9,0,,,,,,,,,0.0,,,
2026_1_Vikings_DST,2026_Vikings_DST,Vikings_DST,2026,1,2026-09-13,Vikings,DST,MIN,GB,1,,,,,,,,,,,,,,,,0,10,0,,,,,,,,,0.0,,,
2026_1_Rams_DST,2026_Rams_DST,Rams_DST,2026,1,2026-09-13,Rams,DST,LAR,SF,19,,,,,,,,,,,,,,,,0,11,0,,,,,,,,,0.0,,,
2026_1_Seahawks_DST,2026_Seahawks_DST,Seahawks_DST,2026,1,2026-09-13,Seahawks,DST,SEA,NE,17,,,,,,,,,,,,,,,,0,12,0,,,,,,,,,0.0,,,
2026_1_Falcons_DST,2026_Falcons_DST,Falcons_DST,2026,1,2026-09-13,Falcons,DST,ATL,@PIT,11,,,,,,,,,,,,,,,,0,13,0,,,,,,,,,0.0,,,
2026_1_Chiefs_DST,2026_Chiefs_DST,Chiefs_DST,2026,1,2026-09-13,Chiefs,DST,KC,DEN,5,,,,,,,,,,,,,,,,0,14,0,,,,,,,,,0.0,,,
2026_1_Jaguars_DST,2026_Jaguars_DST,Jaguars_DST,2026,1,2026-09-13,Jaguars,DST,JAC,CLE,30,,,,,,,,,,,,,,,,0,15,0,,,,,,,,,0.0,,,
2026_1_Cardinals_DST,2026_Cardinals_DST,Cardinals_DST,2026,1,2026-09-13,Cardinals,DST,ARI,@LAC,28,,,,,,,,,,,,,,,,0,16,0,,,,,,,,,0.0,,,
2026_1_Cowboys_DST,2026_Cowboys_DST,Cowboys_DST,2026,1,2026-09-13,Cowboys,DST,DAL,@NYG,21,,,,,,,,,,,,,,,,0,17,0,,,,,,,,,0.0,,,
2026_1_Jets_DST,2026_Jets_DST,Jets_DST,2026,1,2026-09-13,Jets,DST,NYJ,@TEN,25,,,,,,,,,,,,,,,,0,18,0,,,,,,,,,0.0,,,
2026_1_Commanders_DST,2026_Commanders_DST,Commanders_DST,2026,1,2026-09-13,Commanders,DST,WAS,@PHI,4,,,,,,,,,,,,,,,,0,19,0,,,,,,,,,0.0,,,
2026_1_DariusCooper_WR,2026_DariusCooper_WR,DariusCooper_WR,2026,1,2026-09-13,Darius Cooper,WR,PHI,WAS,28,0.0,0.0,0.0,0.0,0.0,0.0,0.0,0.0,0.0,0.0,0.0,0.0,0.0,0.0,0.0,0,874,0,0.0,0.0,0.0,0.0,0.0,0.0,0.0,0.0,0.0,0.0,0.0,0.0
2026_1_49ers_DST,2026_49ers_DST,49ers_DST,2026,1,2026-09-13,49ers,DST,SF,@LAR,2,,,,,,,,,,,,,,,,0,20,0,,,,,,,,,0.0,,,
2026_1_Saints_DST,2026_Saints_DST,Saints_DST,2026,1,2026-09-13,Saints,DST,NO,@DET,3,,,,,,,,,,,,,,,,0,21,0,,,,,,,,,0.0,,,
2026_1_Buccaneers_DST,2026_Buccaneers_DST,Buccaneers_DST,2026,1,2026-09-13,Buccaneers,DST,TB,@CIN,26,,,,,,,,,,,,,,,,0,22,0,,,,,,,,,0.0,,,
2026_1_Texans_DST,2026_Texans_DST,Texans_DST,2026,1,2026-09-13,Texans,DST,HOU,BUF,9,,,,,,,,,,,,,,,,0,23,0,,,,,,,,,0.0,,,
2026_1_Packers_DST,2026_Packers_DST,Packers_DST,2026,1,2026-09-13,Packers,DST,GB,@MIN,32,,,,,,,,,,,,,,,,0,24,0,,,,,,,,,0.0,,,
2026_1_Eagles_DST,2026_Eagles_DST,Eagles_DST,2026,1,2026-09-13,Eagles,DST,PHI,WAS,20,,,,,,,,,,,,,,,,0,25,0,,,,,,,,,0.0,,,
2026_1_Ravens_DST,2026_Ravens_DST,Ravens_DST,2026,1,2026-09-13,Ravens,DST,BAL,@IND,10,,,,,,,,,,,,,,,,0,26,0,,,,,,,,,0.0,,,
2026_1_Patriots_DST,2026_Patriots_DST,Patriots_DST,2026,1,2026-09-13,Patriots,DST,NE,@SEA,6,,,,,,,,,,,,,,,,0,27,0,,,,,,,,,0.0,,,
2026_1_Colts_DST,2026_Colts_DST,Colts_DST,2026,1,2026-09-13,Colts,DST,IND,BAL,16,,,,,,,,,,,,,,,,0,28,0,,,,,,,,,0.0,,,
2026_1_Bills_DST,2026_Bills_DST,Bills_DST,2026,1,2026-09-13,Bills,DST,BUF,@HOU,12,,,,,,,,,,,,,,,,0,29,0,,,,,,,,,0.0,,,
2026_1_Steelers_DST,2026_Steelers_DST,Steelers_DST,2026,1,2026-09-13,Steelers,DST,PIT,ATL,18,,,,,,,,,,,,,,,,0,30,0,,,,,,,,,0.0,,,
2026_1_Titans_DST,2026_Titans_DST,Titans_DST,2026,1,2026-09-13,Titans,DST,TEN,NYJ,29,,,,,,,,,,,,,,,,0,31,0,,,,,,,,,0.0,,,
2026_1_Bears_DST,2026_Bears_DST,Bears_DST,2026,1,2026-09-13,Bears,DST,CHI,@CAR,22,,,,,,,,,,,,,,,,0,32,0,,,,,,,,,0.0,,,
